0,1,2,1,1,1,2276
3,2,4,1,0,1
5,4,6,1,0,1
7,6,8,1,0,1
9,8,10,1,0,1
11,12,13,1,1,1
14,15,16,1,1,1
17,18,19,1,1,1
20,19,21,1,0,1
22,21,23,1,0,1
24,23,25,1,0,1
26,25,27,1,0,1
28,29,30,1,1,1
31,30,32,1,0,1
33,32,34,1,0,1
35,34,36,1,0,1
37,36,38,1,0,1
39,40,41,1,1,1
42,41,43,1,0,1
44,43,45,1,0,1
46,45,47,1,0,1
48,47,49,1,0,1
50,49,51,1,0,1
52,51,53,1,0,1
54,55,56,1,1,1
57,56,58,1,0,1
59,58,60,1,0,1
61,60,62,1,0,1
63,64,65,1,1,1
66,65,67,1,0,1
68,67,69,1,0,1
70,69,71,1,0,1
72,73,74,1,1,1
75,74,76,1,0,1
77,78,79,1,1,1
80,79,81,1,0,1
82,81,83,1,0,1
84,83,85,1,0,1
86,87,88,1,1,1
89,88,90,1,0,1
91,90,92,1,0,1
93,94,95,1,1,1
96,95,97,1,0,1
98,97,99,1,0,1
100,101,102,1,1,1
103,104,105,1,1,1
106,107,108,1,1,1
109,108,110,1,0,1
111,110,112,1,0,1
113,112,114,1,0,1
115,116,117,1,1,1
118,119,120,1,1,1
121,122,123,1,1,1
124,125,126,1,1,1
127,128,129,1,1,1
130,131,132,1,1,1
133,132,134,1,0,1
135,136,137,1,1,1
138,139,140,1,1,1
141,142,143,1,1,1
144,145,146,1,1,1
147,146,148,1,0,1
149,148,150,1,0,1
151,150,152,1,0,1
153,154,155,1,1,1
156,157,158,1,1,1
159,158,160,1,0,1
161,160,162,1,0,1
163,162,164,1,0,1
165,166,167,1,1,1
168,167,169,1,0,1
170,171,172,1,1,1
173,174,175,1,1,1
176,177,178,1,1,1
179,178,180,1,0,1
181,180,182,1,0,1
183,184,185,1,1,1
186,187,188,1,1,1
189,188,190,1,0,1
191,192,193,1,1,1
194,193,195,1,0,1
196,195,197,1,0,1
198,197,199,1,0,1
196,198,200,0,0,1
10,201,202,0,1,1
13,202,203,0,0,1
204,203,205,1,0,1
27,16,206,0,0,1
38,206,207,0,0,1
53,207,208,0,0,1
62,208,209,0,0,1
210,209,211,1,0,1
76,71,212,0,0,1
213,212,214,1,0,1
85,214,215,0,0,1
216,215,217,1,0,1
92,218,219,0,1,1
99,219,220,0,0,1
102,220,221,0,0,1
117,114,222,0,0,1
120,222,223,0,0,1
123,224,225,0,1,1
126,225,226,0,0,1
129,226,227,0,0,1
134,228,229,0,1,1
143,140,230,0,0,1
152,230,231,0,0,1
164,155,232,0,0,1
233,232,234,1,0,1
235,234,236,1,0,1
169,236,237,0,0,1
172,238,239,0,1,1
175,239,240,0,0,1
241,240,242,1,0,1
190,243,244,0,1,1
245,244,246,1,0,1
205,200,247,0,0,1
211,247,248,0,0,1
217,248,249,0,0,1
250,249,251,1,0,1
223,252,253,0,1,1
227,253,254,0,0,1
231,137,255,0,0,1
256,255,257,1,0,1
237,149,258,0,0,1
242,259,260,0,1,1
246,261,262,0,1,1
199,262,263,0,0,1
251,264,265,0,1,1
221,265,266,0,0,1
267,266,268,1,0,1
254,269,270,0,1,1
229,270,271,0,0,1
257,271,272,0,0,1
256,272,273,0,0,1
258,151,274,0,0,1
260,274,275,0,0,1
182,275,276,0,0,1
263,277,278,0,1,1
264,278,279,0,0,1
273,105,280,0,0,1
276,280,281,0,0,1
282,281,283,1,0,1
279,185,284,0,0,1
268,284,283,0,0,0
285,286,287,1,1,1,1750
288,287,289,1,0,1
290,291,292,1,1,1
293,294,295,1,1,1
296,295,297,1,0,1
298,297,299,1,0,1
300,299,301,1,0,1
302,301,303,1,0,1
304,303,305,1,0,1
306,307,308,1,1,1
309,310,311,1,1,1
312,311,313,1,0,1
314,313,315,1,0,1
316,315,317,1,0,1
318,317,319,1,0,1
320,319,321,1,0,1
322,323,324,1,1,1
289,324,325,0,0,1
292,325,326,0,0,1
305,326,327,0,0,1
321,308,328,0,0,1
329,328,330,1,0,1
331,330,327,1,0,0
332,333,334,1,1,1,982
335,336,337,1,1,1
338,339,340,1,1,1
341,342,343,1,1,1
344,343,345,1,0,1
346,345,347,1,0,1
348,349,350,1,1,1
351,350,352,1,0,1
353,352,354,1,0,1
355,354,356,1,0,1
357,356,358,1,0,1
359,360,361,1,1,1
362,363,364,1,1,1
365,366,367,1,1,1
368,367,369,1,0,1
370,369,371,1,0,1
372,373,374,1,1,1
375,376,377,1,1,1
378,377,379,1,0,1
380,381,382,1,1,1
383,384,385,1,1,1
386,385,387,1,0,1
388,387,389,1,0,1
390,389,391,1,0,1
392,391,393,1,0,1
394,395,396,1,1,1
397,396,398,1,0,1
399,400,401,1,1,1
402,403,404,1,1,1
405,406,407,1,1,1
408,407,409,1,0,1
410,411,412,1,1,1
413,414,415,1,1,1
416,415,417,1,0,1
418,419,420,1,1,1
421,422,423,1,1,1
424,423,425,1,0,1
426,427,428,1,1,1
429,428,430,1,0,1
431,432,433,1,1,1
434,435,436,1,1,1
437,438,439,1,1,1
440,439,441,1,0,1
442,441,443,1,0,1
444,445,446,1,1,1
447,446,448,1,0,1
449,448,450,1,0,1
451,450,452,1,0,1
453,452,454,1,0,1
455,456,457,1,1,1
458,457,459,1,0,1
460,461,462,1,1,1
463,462,464,1,0,1
465,466,467,1,1,1
468,467,469,1,0,1
470,469,471,1,0,1
472,471,473,1,0,1
474,473,475,1,0,1
476,475,477,1,0,1
478,477,479,1,0,1
480,479,481,1,0,1
482,483,484,1,1,1
485,486,487,1,1,1
488,487,489,1,0,1
490,489,491,1,0,1
492,491,493,1,0,1
347,340,494,0,0,1
358,495,496,0,1,1
371,364,497,0,0,1
374,497,498,0,0,1
499,498,500,1,0,1
382,379,501,0,0,1
393,501,502,0,0,1
503,502,504,1,0,1
398,504,505,0,0,1
401,505,506,0,0,1
409,404,507,0,0,1
417,412,508,0,0,1
509,508,510,1,0,1
425,420,511,0,0,1
443,436,512,0,0,1
454,512,513,0,0,1
459,513,514,0,0,1
464,514,515,0,0,1
516,515,517,1,0,1
481,517,518,0,0,1
493,484,519,0,0,1
494,337,520,0,0,1
500,521,522,0,1,1
511,510,523,0,0,1
519,518,524,0,0,1
334,524,525,0,0,1
526,525,527,1,0,1
522,361,528,0,0,1
506,528,529,0,0,1
507,529,530,0,0,1
523,530,531,0,0,1
527,433,532,0,0,1
520,532,533,0,0,1
531,496,534,0,0,1
430,534,533,0,0,0
535,536,537,1,1,1,2661
538,539,540,1,1,1,2774
541,542,543,1,1,1
544,545,546,1,1,1
547,546,548,1,0,1
549,548,550,1,0,1
551,550,552,1,0,1
553,552,554,1,0,1
555,556,557,1,1,1
558,557,559,1,0,1
560,559,561,1,0,1
562,561,563,1,0,1
564,563,565,1,0,1
566,565,567,1,0,1
568,567,569,1,0,1
570,571,572,1,1,1
573,572,574,1,0,1
575,574,576,1,0,1
577,578,579,1,1,1
580,579,581,1,0,1
582,583,584,1,1,1
585,584,586,1,0,1
587,588,589,1,1,1
590,589,591,1,0,1
592,591,593,1,0,1
594,595,596,1,1,1
597,596,598,1,0,1
599,598,600,1,0,1
601,602,603,1,1,1
604,603,605,1,0,1
606,607,608,1,1,1
609,608,610,1,0,1
611,610,612,1,0,1
613,612,614,1,0,1
615,614,616,1,0,1
617,618,619,1,1,1
620,621,622,1,1,1
623,624,625,1,1,1
626,627,628,1,1,1
629,628,630,1,0,1
631,630,632,1,0,1
633,634,635,1,1,1
636,637,638,1,1,1
639,638,640,1,0,1
641,642,643,1,1,1
644,643,645,1,0,1
646,647,648,1,1,1
649,650,651,1,1,1
646,650,652,0,0,1
653,652,654,1,0,1
655,654,656,1,0,1
540,656,657,0,0,1
543,657,658,0,0,1
554,659,660,0,1,1
569,660,661,0,0,1
576,661,662,0,0,1
663,662,664,1,0,1
581,664,665,0,0,1
593,586,666,0,0,1
600,666,667,0,0,1
605,667,668,0,0,1
616,668,669,0,0,1
622,619,670,0,0,1
625,670,671,0,0,1
672,671,673,1,0,1
632,674,675,0,1,1
635,675,676,0,0,1
640,676,677,0,0,1
678,677,679,1,0,1
680,679,681,1,0,1
645,681,682,0,0,1
648,683,684,0,1,1
651,684,685,0,0,1
658,649,686,0,0,1
687,686,688,1,0,1
689,688,690,1,0,1
665,690,691,0,0,1
673,669,692,0,0,1
682,692,693,0,0,1
685,693,691,0,0,0
694,695,696,1,1,1,2788
697,698,699,1,1,1
700,701,702,1,1,1
703,704,705,1,1,1
706,705,707,1,0,1
708,709,710,1,1,1
711,710,712,1,0,1
713,714,715,1,1,1
716,717,718,1,1,1
719,720,721,1,1,1
722,723,724,1,1,1
725,724,726,1,0,1
727,726,728,1,0,1
729,728,730,1,0,1
731,730,732,1,0,1
733,734,735,1,1,1
736,737,738,1,1,1
739,738,740,1,0,1
741,740,742,1,0,1
743,742,744,1,0,1
745,746,747,1,1,1
748,749,750,1,1,1
751,750,752,1,0,1
113,752,753,0,0,1
754,753,755,1,0,1
756,755,757,1,0,1
66,68,758,0,0,1
759,758,760,1,0,1
761,760,762,1,0,1
763,764,765,1,1,1
766,767,768,1,1,1
769,768,770,1,0,1
771,770,772,1,0,1
773,772,774,1,0,1
57,774,775,0,0,1
776,775,777,1,0,1
778,777,779,1,0,1
780,779,781,1,0,1
782,783,784,1,1,1
40,785,786,0,1,1
37,786,787,0,0,1
35,787,788,0,0,1
789,788,790,1,0,1
791,790,792,1,0,1
793,792,794,1,0,1
795,794,796,1,0,1
797,796,798,1,0,1
799,798,800,1,0,1
801,800,802,1,0,1
696,802,803,0,0,1
707,702,804,0,0,1
732,721,805,0,0,1
747,744,806,0,0,1
762,807,808,0,1,1
765,808,809,0,0,1
803,784,810,0,0,1
699,810,811,0,0,1
805,718,812,0,0,1
735,812,813,0,0,1
809,757,814,0,0,1
811,815,816,0,1,1
813,817,818,0,1,1
816,781,819,0,0,1
804,819,820,0,0,1
712,820,821,0,0,1
715,821,822,0,0,1
818,823,824,0,1,1
806,824,825,0,0,1
814,825,822,0,0,0
826,827,828,1,1,1,2789
829,830,831,1,1,1
736,832,833,0,1,1
733,737,834,0,0,1
731,734,835,0,0,1
729,835,836,0,0,1
727,836,837,0,0,1
725,837,838,0,0,1
839,722,840,1,0,1
841,840,842,1,0,1
828,842,843,0,0,1
831,843,844,0,0,1
833,844,845,0,0,1
834,845,838,0,0,0
846,847,848,1,1,1,2263
849,848,850,1,0,1
851,852,853,1,1,1
854,855,856,1,1,1
857,858,859,1,1,1
860,859,861,1,0,1
862,863,864,1,1,1
865,866,867,1,1,1
868,867,869,1,0,1
870,871,872,1,1,1
873,874,875,1,1,1
876,875,877,1,0,1
878,874,879,1,0,1
870,879,880,0,0,1
881,871,882,1,0,1
868,882,883,0,0,1
865,883,884,0,0,1
885,884,886,1,0,1
887,886,888,1,0,1
889,890,891,1,1,1
892,891,893,1,0,1
894,895,896,1,1,1
897,898,899,1,1,1
900,901,902,1,1,1
903,902,904,1,0,1
905,904,906,1,0,1
907,906,908,1,0,1
909,910,911,1,1,1
912,911,913,1,0,1
914,915,916,1,1,1
917,918,919,1,1,1
920,919,921,1,0,1
922,921,923,1,0,1
924,923,925,1,0,1
926,925,927,1,0,1
928,929,930,1,1,1
931,930,932,1,0,1
933,934,935,1,1,1
936,935,937,1,0,1
938,937,939,1,0,1
940,939,941,1,0,1
942,941,943,1,0,1
944,943,945,1,0,1
946,945,947,1,0,1
948,947,949,1,0,1
950,949,951,1,0,1
952,951,953,1,0,1
954,955,956,1,1,1
957,956,958,1,0,1
959,960,961,1,1,1
962,963,964,1,1,1
965,966,967,1,1,1
968,967,969,1,0,1
970,969,971,1,0,1
972,971,973,1,0,1
974,975,976,1,1,1
977,976,978,1,0,1
979,980,981,1,1,1
982,981,983,1,0,1
984,985,986,1,1,1
987,986,988,1,0,1
989,988,990,1,0,1
991,990,992,1,0,1
993,994,995,1,1,1
996,995,997,1,0,1
998,997,999,1,0,1
1000,999,1001,1,0,1
1002,1001,1003,1,0,1
1004,1005,1006,1,1,1
1007,1006,1008,1,0,1
1009,1008,1010,1,0,1
1011,1012,1013,1,1,1
1014,1015,1016,1,1,1
1017,1018,1019,1,1,1
1020,1019,1021,1,0,1
1022,1021,1023,1,0,1
1024,1023,1025,1,0,1
1026,1027,1028,1,1,1
1029,1028,1030,1,0,1
1031,1030,1032,1,0,1
1033,1032,1034,1,0,1
1035,1034,1036,1,0,1
1037,1036,1038,1,0,1
1039,1038,1040,1,0,1
1041,1040,1042,1,0,1
1043,1044,1045,1,1,1
1046,1045,1047,1,0,1
1048,1047,1049,1,0,1
1050,1051,1052,1,1,1
1053,1054,1055,1,1,1
1056,1055,1057,1,0,1
1058,1059,1060,1,1,1
1061,1062,1063,1,1,1
1064,1065,1066,1,1,1
1067,1068,1069,1,1,1
1070,1071,1072,1,1,1
1073,1072,1074,1,0,1
1075,1074,1076,1,0,1
1077,1078,1079,1,1,1
1080,1079,1081,1,0,1
1082,1081,1083,1,0,1
1084,1085,1086,1,1,1
1087,1086,1088,1,0,1
1089,1088,1090,1,0,1
1091,1090,1092,1,0,1
1093,1094,1095,1,1,1
1096,1095,1097,1,0,1
1098,1099,1100,1,1,1
1101,1102,1103,1,1,1
1104,1103,1105,1,0,1
1106,1107,1108,1,1,1
1109,1110,1111,1,1,1
1112,1113,1114,1,1,1
1115,1116,1117,1,1,1
1118,1117,1119,1,0,1
1120,1119,1121,1,0,1
1122,1121,1123,1,0,1
1124,1123,1125,1,0,1
1126,1127,1128,1,1,1
1129,1128,1130,1,0,1
1131,1130,1132,1,0,1
1133,1134,1135,1,1,1
1136,1135,1137,1,0,1
1138,1139,1140,1,1,1
1141,1140,1142,1,0,1
1143,1142,1144,1,0,1
1145,1144,1146,1,0,1
1147,1146,1148,1,0,1
1149,1150,1151,1,1,1
1152,1151,1153,1,0,1
1154,1153,1155,1,0,1
1156,1155,1157,1,0,1
1158,1157,1159,1,0,1
1160,1159,1161,1,0,1
1162,1163,1164,1,1,1
1165,1164,1166,1,0,1
1167,1168,1169,1,1,1
1170,1169,1171,1,0,1
1172,1171,1173,1,0,1
1174,1173,1175,1,0,1
1176,1175,1177,1,0,1
1178,1179,1180,1,1,1
1181,1182,1183,1,1,1
1184,1185,1186,1,1,1
1187,1186,1188,1,0,1
1184,1187,1189,0,0,1
1190,1189,1191,1,0,1
1192,1193,1194,1,1,1
1195,1194,1196,1,0,1
1197,1196,1198,1,0,1
1199,1200,1201,1,1,1
1202,1201,1203,1,0,1
1204,1205,1206,1,1,1
1207,1208,1209,1,1,1
1210,1209,1211,1,0,1
1212,1211,1213,1,0,1
1214,1215,1216,1,1,1
1217,1216,1218,1,0,1
1219,1218,1220,1,0,1
1221,1220,1222,1,0,1
1223,1224,1225,1,1,1
1226,1225,1227,1,0,1
1228,1227,1229,1,0,1
1230,1231,1232,1,1,1
1233,1234,1235,1,1,1
1236,1237,1238,1,1,1
1239,1238,1240,1,0,1
1241,1240,1242,1,0,1
1243,1244,1245,1,1,1
1246,1245,1247,1,0,1
1248,1247,1249,1,0,1
1250,1251,1252,1,1,1
1253,1252,1254,1,0,1
1255,1254,1256,1,0,1
1257,1256,1258,1,0,1
1259,1258,1260,1,0,1
1261,1260,1262,1,0,1
1263,1262,1264,1,0,1
1265,1266,1267,1,1,1
1268,1267,1269,1,0,1
1270,1271,1272,1,1,1
1273,1272,1274,1,0,1
1275,1270,1276,1,0,1
1277,1276,1278,1,0,1
1279,1280,1281,1,1,1
1282,1281,1283,1,0,1
1284,1283,1285,1,0,1
1286,1285,1287,1,0,1
1288,1287,1289,1,0,1
1290,1289,1291,1,0,1
590,1292,1293,0,1,1
1294,1293,1295,1,0,1
1296,1295,1297,1,0,1
1298,1297,1299,1,0,1
588,1300,1301,0,1,1
1302,585,1303,1,0,1
577,1304,1305,0,1,1
1306,1307,1308,1,1,1
1309,1310,1311,1,1,1
1312,1313,1314,1,1,1
562,1315,1316,0,1,1
1317,1316,1318,1,0,1
1319,1320,1321,1,1,1
1322,1321,1323,1,0,1
1324,1323,1325,1,0,1
1326,1325,1327,1,0,1
1328,1329,1330,1,1,1
1331,1330,1332,1,0,1
1331,1333,1334,0,1,1
1335,1326,1336,1,0,1
1337,1336,1338,1,0,1
1339,1338,1340,1,0,1
1341,1340,1342,1,0,1
1343,1342,1344,1,0,1
1345,1344,1346,1,0,1
1347,1346,1348,1,0,1
1349,1348,1350,1,0,1
1351,1352,1353,1,1,1
1354,1353,1355,1,0,1
1356,1355,1357,1,0,1
1358,1357,1359,1,0,1
1360,1359,1361,1,0,1
1362,1363,1364,1,1,1
1365,1366,1367,1,1,1
1368,1367,1369,1,0,1
1370,1369,1371,1,0,1
1372,1371,1373,1,0,1
1374,1375,1376,1,1,1
1377,1376,1378,1,0,1
1379,1378,1380,1,0,1
1381,1380,1382,1,0,1
1383,1384,1385,1,1,1
1386,1385,1387,1,0,1
1388,1387,1389,1,0,1
1390,1389,1391,1,0,1
1392,1393,1394,1,1,1
1395,1396,1397,1,1,1
1398,1397,1399,1,0,1
1400,1399,1401,1,0,1
1402,1403,1404,1,1,1
1405,1404,1406,1,0,1
1407,1406,1408,1,0,1
850,1408,1409,0,0,1
853,1409,1410,0,0,1
1411,1410,1412,1,0,1
864,861,1413,0,0,1
869,1413,1414,0,0,1
881,1414,1415,0,0,1
872,1415,1416,0,0,1
878,1416,1417,0,0,1
880,873,1418,0,0,1
888,1418,1419,0,0,1
896,893,1420,0,0,1
899,1421,1422,0,1,1
1423,1422,1424,1,0,1
908,1424,1425,0,0,1
932,1426,1427,0,1,1
953,1427,1428,0,0,1
958,1428,1429,0,0,1
961,1429,1430,0,0,1
1431,1430,1432,1,0,1
964,1433,1434,0,1,1
973,1435,1436,0,1,1
978,1436,1437,0,0,1
983,1437,1438,0,0,1
992,1438,1439,0,0,1
1010,1003,1440,0,0,1
1025,1016,1441,0,0,1
1049,1042,1442,0,0,1
1052,1442,1443,0,0,1
1444,1443,1445,1,0,1
1057,1445,1446,0,0,1
1060,1446,1447,0,0,1
1069,1448,1449,0,1,1
1076,1449,1450,0,0,1
1083,1450,1451,0,0,1
1092,1451,1452,0,0,1
1097,1452,1453,0,0,1
1100,1453,1454,0,0,1
1455,1454,1456,1,0,1
1108,1105,1457,0,0,1
1111,1457,1458,0,0,1
1125,1459,1460,0,1,1
1132,1460,1461,0,0,1
1137,1461,1462,0,0,1
1148,1462,1463,0,0,1
1464,1463,1465,1,0,1
1161,1466,1467,0,1,1
1166,1467,1468,0,0,1
1177,1469,1470,0,1,1
1180,1470,1471,0,0,1
1198,1191,1472,0,0,1
1203,1472,1473,0,0,1
1206,1473,1474,0,0,1
1213,1474,1475,0,0,1
1476,1475,1477,1,0,1
1222,1478,1479,0,1,1
1229,1480,1481,0,1,1
1242,1235,1482,0,0,1
1249,1482,1483,0,0,1
1264,1483,1484,0,0,1
1485,1484,1486,1,0,1
1274,1269,1487,0,0,1
1291,1278,1488,0,0,1
1299,1488,1489,0,0,1
1301,1489,1490,0,0,1
1303,1490,1491,0,0,1
1305,1491,1492,0,0,1
1493,1492,1494,1,0,1
1308,1494,1495,0,0,1
1311,1495,1496,0,0,1
1318,1314,1497,0,0,1
1327,1498,1499,0,1,1
1332,1499,1500,0,0,1
1333,1500,1501,0,0,1
1350,1329,1502,0,0,1
1361,1502,1503,0,0,1
1373,1364,1504,0,0,1
1382,1504,1505,0,0,1
1391,1505,1506,0,0,1
1394,1506,1507,0,0,1
1401,1507,1508,0,0,1
1417,1509,1510,0,1,1
1425,1511,1512,0,1,1
1432,927,1513,0,0,1
1439,1434,1514,0,0,1
1440,1514,1515,0,0,1
1441,1013,1516,0,0,1
1447,1516,1517,0,0,1
1468,1465,1518,0,0,1
1471,1518,1519,0,0,1
1520,1519,1521,1,0,1
1479,1477,1522,0,0,1
1486,1232,1523,0,0,1
1496,1273,1524,0,0,1
1497,1524,1525,0,0,1
1501,1525,1526,0,0,1
1334,1526,1527,0,0,1
1328,1527,1528,0,0,1
1503,1528,1529,0,0,1
1508,1529,1530,0,0,1
1510,1531,1532,0,1,1
1513,916,1533,0,0,1
1515,1534,1535,0,1,1
1517,1536,1537,0,1,1
1523,1481,1538,0,0,1
1487,1538,1539,0,0,1
1533,913,1540,0,0,1
1535,1540,1541,0,0,1
1537,1541,1542,0,0,1
1539,1522,1543,0,0,1
1530,1543,1544,0,0,1
1412,1544,1545,0,0,1
1542,1512,1546,0,0,1
1063,1546,1547,0,0,1
1545,1188,1548,0,0,1
1547,1420,1549,0,0,1
1548,1183,1550,0,0,1
1549,1419,1551,0,0,1
1066,1551,1552,0,0,1
1550,1521,1553,0,0,1
856,1553,1554,0,0,1
1552,876,1555,0,0,1
1456,1555,1556,0,0,1
1458,1556,1557,0,0,1
1554,1114,1558,0,0,1
1532,1558,1559,0,0,1
877,1559,1557,0,0,0
1560,1561,1562,1,1,1,3030
1563,1564,1565,1,1,1
1566,1565,1567,1,0,1
1568,1567,1569,1,0,1
1570,1571,1572,1,1,1
1573,1574,1575,1,1,1
1576,1575,1577,1,0,1
1578,1577,1579,1,0,1
1580,1581,1582,1,1,1
1583,1582,1584,1,0,1
1585,1584,1586,1,0,1
1587,1588,1589,1,1,1
1590,1591,1592,1,1,1
1593,1592,1594,1,0,1
1595,1596,1597,1,1,1
615,1597,1598,0,0,1
1599,1598,1600,1,0,1
1601,1600,1602,1,0,1
1603,1602,1604,1,0,1
1562,1604,1605,0,0,1
1569,1606,1607,0,1,1
1608,1607,1609,1,0,1
1572,1609,1610,0,0,1
1589,1586,1611,0,0,1
1594,1611,1612,0,0,1
1610,1613,1614,0,1,1
1612,1579,1615,0,0,1
1616,1615,1617,1,0,1
1605,1617,1614,0,0,0
1618,1619,1620,1,1,1,198
1621,1620,1622,1,0,1
1623,1622,1624,1,0,1
1625,1626,1627,1,1,1
1628,1627,1629,1,0,1
1630,1629,1631,1,0,1
1632,1631,1633,1,0,1
1634,1633,1635,1,0,1
1636,1637,1638,1,1,1
1639,1638,1640,1,0,1
1641,1640,1642,1,0,1
1643,1642,1644,1,0,1
1645,1644,1646,1,0,1
1647,1648,1649,1,1,1
1650,1651,1652,1,1,1
1653,1654,1655,1,1,1
1656,1655,1657,1,0,1
1658,1657,1659,1,0,1
1660,1659,1661,1,0,1
1662,1661,1663,1,0,1
1664,1663,1665,1,0,1
1666,1665,1667,1,0,1
1668,1667,1669,1,0,1
1670,1669,1671,1,0,1
1672,1671,1673,1,0,1
1674,1673,1675,1,0,1
1676,1677,1678,1,1,1
1679,1680,1681,1,1,1
1682,1683,1684,1,1,1
1685,1686,1687,1,1,1
1688,1689,1690,1,1,1
1691,1690,1692,1,0,1
1693,1694,1695,1,1,1
1696,1697,1698,1,1,1
1699,1700,1701,1,1,1
1702,1701,1703,1,0,1
1704,1703,1705,1,0,1
1706,1705,1707,1,0,1
1708,1707,1709,1,0,1
1710,1709,1711,1,0,1
1712,1711,1713,1,0,1
1714,1713,1715,1,0,1
1716,1715,1717,1,0,1
1718,1717,1719,1,0,1
1720,1721,1722,1,1,1
1624,1723,1724,0,1,1
1725,1724,1726,1,0,1
1635,1726,1727,0,0,1
1728,1727,1729,1,0,1
1646,1729,1730,0,0,1
1681,1678,1731,0,0,1
1687,1684,1732,0,0,1
1719,1698,1733,0,0,1
1722,1733,1734,0,0,1
1731,1675,1735,0,0,1
1736,1735,1737,1,0,1
1732,1737,1738,0,0,1
1739,1738,1740,1,0,1
1734,1741,1742,0,1,1
1730,1742,1743,0,0,1
1740,1652,1744,0,0,1
1743,1695,1745,0,0,1
1744,1649,1746,0,0,1
1692,1746,1745,0,0,0
1747,1748,1749,1,1,1,2149
1750,1749,1751,1,0,1
1752,1751,1753,1,0,1
1754,1755,1756,1,1,1,2789
1757,1756,1758,1,0,1
1759,1758,1760,1,0,1
1761,1760,1762,1,0,1
1763,1764,1765,1,1,1
1766,1765,1767,1,0,1
1768,1769,1770,1,1,1
1771,1772,1773,1,1,1
1774,1775,1776,1,1,1
1777,1778,1779,1,1,1
1780,1779,1781,1,0,1
1782,1781,1783,1,0,1
1784,1783,1785,1,0,1
1786,1785,1787,1,0,1
1788,1789,1790,1,1,1
1791,1790,1792,1,0,1
1793,1794,1795,1,1,1
1796,1795,1797,1,0,1
1798,1797,1799,1,0,1
1800,1799,1801,1,0,1
1802,1801,1803,1,0,1
1804,1803,1805,1,0,1
1806,1805,1807,1,0,1
1808,1807,1809,1,0,1
1810,1809,1811,1,0,1
1812,1813,1814,1,1,1
1815,1816,1817,1,1,1
1818,1817,1819,1,0,1
1820,1819,1821,1,0,1
1822,1821,1823,1,0,1
1824,1823,1825,1,0,1
1826,1825,1827,1,0,1
1828,1827,1829,1,0,1
1830,1829,1831,1,0,1
1832,1831,1833,1,0,1
1834,1833,1835,1,0,1
1836,1837,1838,1,1,1
1839,1840,1841,1,1,1
1842,1841,1843,1,0,1
1844,1845,1846,1,1,1
1847,1848,1849,1,1,1
1850,1851,1852,1,1,1
1853,1854,1855,1,1,1
1856,1857,1858,1,1,1
1859,1860,1861,1,1,1
1862,1861,1863,1,0,1
1864,1865,1866,1,1,1
1867,1868,1869,1,1,1
1870,1869,1871,1,0,1
1872,1871,1873,1,0,1
1874,1875,1876,1,1,1
1877,1878,1879,1,1,1
1880,1881,1882,1,1,1
1883,1884,1885,1,1,1
1886,1885,1887,1,0,1
1888,1887,1889,1,0,1
1890,1889,1891,1,0,1
1892,1891,1893,1,0,1
1894,1893,1895,1,0,1
1896,1895,1897,1,0,1
1898,1897,1899,1,0,1
1900,1899,1901,1,0,1
1902,1901,1903,1,0,1
1904,1903,1905,1,0,1
1906,1905,1907,1,0,1
1908,1907,1909,1,0,1
1910,1911,1912,1,1,1
1913,1914,1915,1,1,1
1916,1917,1918,1,1,1
1919,1918,1920,1,0,1
1921,1920,1922,1,0,1
1923,1924,1925,1,1,1
1926,1925,1927,1,0,1
1928,1927,1929,1,0,1
1930,1929,1931,1,0,1
1932,1933,1934,1,1,1
1935,1936,1937,1,1,1
1938,1937,1939,1,0,1
1940,1941,1942,1,1,1
1943,1944,1945,1,1,1
1946,1947,1948,1,1,1
1949,1950,1951,1,1,1
1952,1951,1953,1,0,1
1954,1953,1955,1,0,1
1956,1957,1958,1,1,1
1959,1960,1961,1,1,1
1962,1963,1964,1,1,1
1965,1964,1966,1,0,1
1967,1966,1968,1,0,1
1969,1968,1970,1,0,1
1971,1970,1972,1,0,1
1973,1972,1974,1,0,1
1975,1976,1977,1,1,1
1978,1979,1980,1,1,1
1981,1980,1982,1,0,1
1983,1984,1985,1,1,1
1986,1987,1988,1,1,1
1989,1990,1991,1,1,1
1762,1991,1992,0,0,1
1767,1992,1993,0,0,1
1773,1770,1994,0,0,1
1776,1994,1995,0,0,1
1787,1996,1997,0,1,1
1792,1997,1998,0,0,1
1811,1999,2000,0,1,1
2001,2000,2002,1,0,1
1835,2003,2004,0,1,1
1838,2004,2005,0,0,1
2006,2005,2007,1,0,1
1843,2007,2008,0,0,1
1846,2008,2009,0,0,1
1863,1858,2010,0,0,1
1873,1866,2011,0,0,1
1879,1876,2012,0,0,1
2013,2012,2014,1,0,1
1909,2015,2016,0,1,1
1912,2016,2017,0,0,1
2018,2017,2019,1,0,1
1922,1915,2020,0,0,1
1931,2021,2022,0,1,1
1934,2022,2023,0,0,1
1939,2023,2024,0,0,1
1942,2024,2025,0,0,1
1948,1945,2026,0,0,1
2027,2026,2028,1,0,1
1955,2028,2029,0,0,1
1958,2029,2030,0,0,1
1961,2030,2031,0,0,1
1974,2032,2033,0,1,1
1982,1977,2034,0,0,1
1985,2034,2035,0,0,1
1988,2035,2036,0,0,1
2037,2036,2038,1,0,1
1993,2038,2039,0,0,1
1995,2040,2041,0,1,1
1998,2042,2043,0,1,1
2002,2043,2044,0,0,1
2009,1814,2045,0,0,1
2046,2045,2047,1,0,1
2010,1855,2048,0,0,1
2011,2049,2050,0,1,1
2019,1882,2051,0,0,1
2025,2020,2052,0,0,1
2031,2052,2053,0,0,1
2033,2053,2054,0,0,1
2055,2054,2056,1,0,1
2041,2039,2057,0,0,1
2044,2057,2058,0,0,1
2047,2058,2059,0,0,1
1849,2059,2060,0,0,1
1852,2060,2061,0,0,1
2048,2061,2062,0,0,1
2050,2062,2063,0,0,1
2064,2063,2065,1,0,1
2014,2065,2066,0,0,1
2051,2067,2068,0,1,1
2056,2068,2066,0,0,0
1944,2069,2070,0,1,1,2277
1940,2070,2071,0,0,1
2072,2071,2073,1,0,1
2074,2073,2075,1,0,1
2076,2075,2077,1,0,1
2078,2077,2079,1,0,1
2080,2079,2081,1,0,1
2082,2083,2084,1,1,1,2262
2085,2086,2087,1,1,1
2088,2089,2090,1,1,1
2091,2090,2092,1,0,1
2093,2092,2094,1,0,1
2095,2094,2096,1,0,1
2097,2098,2099,1,1,1
2100,2099,2101,1,0,1
2102,2103,2104,1,1,1
2105,2104,2106,1,0,1
2107,2106,2108,1,0,1
2109,2108,2110,1,0,1
2111,2110,2112,1,0,1
2113,2112,2114,1,0,1
1351,2115,2116,0,1,1
1349,1352,2117,0,0,1
2118,2117,2119,1,0,1
2120,2119,2121,1,0,1
2087,2084,2122,0,0,1
2096,2122,2123,0,0,1
2101,2123,2124,0,0,1
2114,2124,2125,0,0,1
2116,2125,2121,0,0,0
2126,2127,2128,1,1,1,214
2129,2128,2130,1,0,1
2131,2132,2133,1,1,1
2134,2133,2135,1,0,1
2136,2135,2137,1,0,1
2138,2137,2139,1,0,1
2140,2139,2141,1,0,1
2142,2141,2143,1,0,1
2144,2145,2146,1,1,1
2147,2148,2149,1,1,1
2150,2149,2151,1,0,1
2152,2151,2153,1,0,1
2154,2155,2156,1,1,1
2157,2156,2158,1,0,1
2159,2158,2160,1,0,1
2161,2162,2163,1,1,1
2164,2163,2165,1,0,1
2166,2167,2168,1,1,1
2169,2168,2170,1,0,1
2171,2170,2172,1,0,1
2173,2174,2175,1,1,1
2176,2177,2178,1,1,1
2179,2180,2181,1,1,1
2182,2183,2184,1,1,1
2185,2184,2186,1,0,1
2187,2186,2188,1,0,1
2189,2190,2191,1,1,1
2192,2191,2193,1,0,1
2194,2193,2195,1,0,1
2196,2197,2198,1,1,1
2199,2200,2201,1,1,1
2202,2203,2204,1,1,1
2205,2204,2206,1,0,1
2130,2206,2207,0,0,1
2143,2207,2208,0,0,1
2160,2153,2209,0,0,1
2165,2209,2210,0,0,1
2175,2172,2211,0,0,1
2178,2211,2212,0,0,1
2181,2212,2213,0,0,1
2195,2188,2214,0,0,1
2198,2214,2215,0,0,1
2208,2201,2216,0,0,1
2146,2216,2217,0,0,1
2210,2217,2218,0,0,1
2215,2213,2219,0,0,1
2220,2219,2218,1,0,0
2221,2222,2223,1,1,1,710
2224,2223,2225,1,0,1
2226,2225,2227,1,0,1
2228,2227,2229,1,0,1
2230,2231,2232,1,1,1
2233,2234,2235,1,1,1
2236,2237,2238,1,1,1
2239,2240,2241,1,1,1
2242,2241,2243,1,0,1
2244,2243,2245,1,0,1
2246,2245,2247,1,0,1
2248,2247,2249,1,0,1
2250,2251,2252,1,1,1
2253,2252,2254,1,0,1
2255,2256,2257,1,1,1
2258,2257,2259,1,0,1
2260,2261,2262,1,1,1
2263,2264,2265,1,1,1
1653,2265,2266,0,0,1
1654,2266,2267,0,0,1
1650,2267,2268,0,0,1
1647,1651,2269,0,0,1
1645,1648,2270,0,0,1
1643,2270,2271,0,0,1
1641,2271,2272,0,0,1
1639,2272,2273,0,0,1
2274,2273,2275,1,0,1
2276,2275,2277,1,0,1
2278,2277,2279,1,0,1
2280,2279,2281,1,0,1
2282,2283,2284,1,1,1
2285,2284,2286,1,0,1
2287,2286,2288,1,0,1
2289,2288,2290,1,0,1
2291,2290,2292,1,0,1
2229,2293,2294,0,1,1
2295,2294,2296,1,0,1
2232,2296,2297,0,0,1
2235,2297,2298,0,0,1
2299,2298,2300,1,0,1
2249,2238,2301,0,0,1
2254,2302,2303,0,1,1
2268,2262,2304,0,0,1
2269,2304,2305,0,0,1
2281,2305,2306,0,0,1
2300,2292,2307,0,0,1
2301,2307,2308,0,0,1
2303,2308,2309,0,0,1
2259,2309,2306,0,0,0
1877,2013,2310,0,0,1,10981
2311,2310,2312,1,0,1
2313,2312,2314,1,0,1
2315,2314,2316,1,0,1
1881,2316,2067,0,0,0
1791,1999,2317,0,0,1,10981
1788,2317,2318,0,0,1
2319,2318,1794,1,0,0
1919,1921,2320,0,0,1,2790
2321,2320,2322,1,0,1
2323,2322,2324,1,0,1
2325,2326,2327,1,1,1
2328,2329,2330,1,1,1
2331,2330,2332,1,0,1
2333,2332,2334,1,0,1
2335,2334,2336,1,0,1
2337,2336,2338,1,0,1
2339,2340,2341,1,1,1
2342,2343,2344,1,1,1
2345,2344,2346,1,0,1
2347,2346,2348,1,0,1
2349,2348,2350,1,0,1
2351,2350,2352,1,0,1
2353,2352,2354,1,0,1
2355,2356,2357,1,1,1
1930,2357,2358,0,0,1
1926,1928,2359,0,0,1
2021,1924,2360,0,0,1
2324,2360,2361,0,0,1
2327,2361,2362,0,0,1
2354,2341,2363,0,0,1
2358,2363,2364,0,0,1
2359,2364,2365,0,0,1
2362,1923,2366,0,0,1
2338,2366,2365,0,0,0
2367,2368,2369,1,1,1,10982
2370,2369,2371,1,0,1
2372,2371,2373,1,0,1
1800,2374,2375,0,1,1
2376,2375,2377,1,0,1
2378,2377,2379,1,0,1
2380,2379,2381,1,0,1
2382,2381,2383,1,0,1
2384,2383,2385,1,0,1
1818,2385,2386,0,0,1
2387,2386,2373,1,0,0
2388,2389,2390,1,1,1,983
2391,2390,2392,1,0,1
2393,2392,2394,1,0,1
2395,2396,2397,1,1,1
2398,2397,2399,1,0,1
2400,2399,2401,1,0,1
2402,2401,2403,1,0,1
2404,2405,2406,1,1,1
2407,2406,2408,1,0,1
2409,2408,2410,1,0,1
2411,2410,2412,1,0,1
2413,2412,2414,1,0,1
2415,2414,2416,1,0,1
2417,2418,2419,1,1,1
2420,2419,2421,1,0,1
2422,2423,2424,1,1,1
2394,2425,2426,0,1,1
2416,2403,2427,0,0,1
2421,2427,2428,0,0,1
2424,2428,2426,0,0,0
2429,2430,2431,1,1,1,2262
2432,2433,2434,1,1,1
2435,2434,2436,1,0,1
2437,2438,2439,1,1,1
1402,2439,2440,0,0,1
1403,2440,2441,0,0,1
1400,2441,2442,0,0,1
1398,2442,2443,0,0,1
1395,2443,2444,0,0,1
1392,1396,2445,0,0,1
1390,1393,2446,0,0,1
1388,2446,2447,0,0,1
1386,2447,2448,0,0,1
1381,1384,2449,0,0,1
2450,1379,2451,1,0,1
2452,2453,2454,1,1,1
2455,2454,2456,1,0,1
2457,2456,2458,1,0,1
2459,2458,2460,1,0,1
2461,2460,2462,1,0,1
2463,2462,2464,1,0,1
2465,2466,2467,1,1,1
2468,2469,2470,1,1,1
2471,2470,2472,1,0,1
2473,2474,2475,1,1,1
2476,2475,2477,1,0,1
2478,2477,2479,1,0,1
2480,2481,2482,1,1,1
2431,2482,2483,0,0,1
2436,2483,2484,0,0,1
2444,2485,2486,0,1,1
2445,2486,2487,0,0,1
2448,2487,2488,0,0,1
1383,2488,2489,0,0,1
2449,2489,2490,0,0,1
2451,2490,2491,0,0,1
2464,2491,2492,0,0,1
2467,2492,2493,0,0,1
2472,2493,2494,0,0,1
2479,2494,2484,0,0,0
2495,2496,2497,1,1,1,10454
2498,2497,2499,1,0,1
2500,2499,2501,1,0,1
2502,2503,2504,1,1,1
2505,2506,2507,1,1,1
2508,2509,2510,1,1,1
2511,2512,2513,1,1,1
2514,2515,2516,1,1,1
2517,2516,2518,1,0,1
2519,2518,2520,1,0,1
2521,2522,2523,1,1,1
2524,2525,2526,1,1,1
2527,2528,2529,1,1,1
2530,2529,2531,1,0,1
2532,2533,2534,1,1,1
2535,2534,2536,1,0,1
2537,2536,2538,1,0,1
2539,2538,2540,1,0,1
2541,2540,2542,1,0,1
2543,2544,2545,1,1,1
2546,2545,2547,1,0,1
2548,2547,2549,1,0,1
2550,2549,2551,1,0,1
2552,2551,2553,1,0,1
2554,2553,2555,1,0,1
2556,2555,2557,1,0,1
2558,2557,2559,1,0,1
2560,2559,2561,1,0,1
2562,2563,2564,1,1,1
2565,2566,2567,1,1,1
2501,2568,2569,0,1,1
2504,2569,2570,0,0,1
2507,2570,2571,0,0,1
2520,2513,2572,0,0,1
2573,2572,2574,1,0,1
2526,2523,2575,0,0,1
2542,2576,2577,0,1,1
2578,2577,2579,1,0,1
2561,2580,2581,0,1,1
2564,2581,2582,0,0,1
2567,2582,2583,0,0,1
2571,2583,2584,0,0,1
2585,2584,2586,1,0,1
2574,2510,2587,0,0,1
2575,2587,2588,0,0,1
2579,2531,2589,0,0,1
2590,2589,2591,1,0,1
2586,2591,2588,0,0,0
2592,2593,2594,1,1,1,10856
2595,2596,2597,1,1,1
2598,2599,2600,1,1,1
2601,2600,2602,1,0,1
2603,2604,2605,1,1,1
2606,2605,2607,1,0,1
2608,2609,2610,1,1,1
2611,2612,2613,1,1,1
2614,2613,2615,1,0,1
2616,2615,2617,1,0,1
2618,2617,2619,1,0,1
2620,2619,2621,1,0,1
2622,2621,2623,1,0,1
2624,2623,2625,1,0,1
2626,2625,2627,1,0,1
2628,2627,2629,1,0,1
2630,2626,2631,1,0,1
2632,2631,2633,1,0,1
2634,2633,2635,1,0,1
2636,2635,2637,1,0,1
2638,2637,2639,1,0,1
2640,2639,2641,1,0,1
2642,2641,2643,1,0,1
2644,2643,2645,1,0,1
2646,2645,2647,1,0,1
2648,2647,2649,1,0,1
2594,2649,2650,0,0,1
2651,2650,2652,1,0,1
2602,2597,2653,0,0,1
2607,2653,2654,0,0,1
2610,2654,2655,0,0,1
2656,2655,2657,1,0,1
2629,2658,2659,0,1,1
2628,2659,2660,0,0,1
2652,2660,2657,0,0,0
2606,2661,2662,1,1,1,43104
2609,2662,2663,1,0,1
2664,2663,2665,1,0,1
2666,2665,2667,1,0,1
2614,2667,2668,1,0,1
2669,2668,2670,1,0,1
2671,2670,2672,1,0,1
2673,2672,2674,1,0,1
2675,2674,2676,1,0,1
2677,2676,2678,1,0,1
2679,2678,2680,1,0,1
2681,2680,2682,1,0,1
2683,2682,2684,1,0,1
2685,2684,2686,1,0,1
2687,2688,2689,1,1,1,214
2690,2691,2692,1,1,1
2693,2694,2695,1,1,1
2696,2697,2698,1,1,1
2699,2700,2701,1,1,1
2702,2701,2703,1,0,1
2704,2703,2705,1,0,1
2706,2707,2708,1,1,1
2709,2710,2711,1,1,1
2712,2713,2714,1,1,1
2715,2714,2716,1,0,1
2717,2716,2718,1,0,1
2719,2718,2720,1,0,1
2721,2720,2722,1,0,1
2723,2724,2725,1,1,1
2726,2725,2727,1,0,1
2728,2727,2729,1,0,1
2730,2729,2731,1,0,1
2732,2731,2733,1,0,1
2734,2733,2735,1,0,1
2736,2737,2738,1,1,1
2739,2738,2740,1,0,1
2741,2740,2742,1,0,1
2743,2744,2745,1,1,1
2746,2745,2747,1,0,1
1660,2748,2749,1,1,1
1662,2749,2750,1,0,1
2751,2750,2752,1,0,1
2753,2752,2754,1,0,1
2755,2754,2756,1,0,1
2757,2756,2758,1,0,1
2759,2760,2761,1,1,1
2762,2761,2763,1,0,1
2764,2763,2765,1,0,1
2766,2767,2768,1,1,1
2769,2768,2770,1,0,1
2771,2770,2772,1,0,1
2773,2772,2774,1,0,1
2775,2774,2776,1,0,1
2777,2776,2778,1,0,1
2779,2778,2780,1,0,1
2781,2782,2783,1,1,1
2784,2783,2785,1,0,1
2786,2785,2787,1,0,1
2788,2787,2789,1,0,1
2790,2789,2791,1,0,1
2792,2791,2793,1,0,1
2794,2795,2796,1,1,1
2797,2796,2798,1,0,1
2799,2800,2801,1,1,1
2802,2803,2804,1,1,1
2805,2804,2806,1,0,1
2807,2806,2808,1,0,1
2809,2808,2810,1,0,1
2811,2810,2812,1,0,1
2813,2812,2814,1,0,1
2815,2814,2816,1,0,1
2817,2816,2818,1,0,1
2819,2818,2820,1,0,1
2821,2822,2823,1,1,1
2824,2823,2825,1,0,1
2826,2825,2827,1,0,1
2828,2827,2829,1,0,1
2830,2829,2831,1,0,1
2832,2831,2833,1,0,1
2834,2833,2835,1,0,1
2836,2835,2837,1,0,1
2838,2837,2839,1,0,1
2840,2839,2841,1,0,1
2842,2841,2843,1,0,1
2844,2843,2845,1,0,1
2846,2845,2847,1,0,1
2848,2849,2850,1,1,1
2851,2852,2853,1,1,1
2854,2851,2855,1,0,1
2689,2856,2857,0,1,1
2692,2857,2858,0,0,1
2695,2858,2859,0,0,1
2708,2705,2860,0,0,1
2711,2861,2862,0,1,1
2722,2863,2864,0,1,1
2747,2742,2865,0,0,1
2866,2865,2867,1,0,1
2758,2867,2868,0,0,1
2765,2868,2869,0,0,1
2798,2793,2870,0,0,1
2820,2871,2872,0,1,1
2847,2873,2874,0,1,1
2850,2874,2875,0,0,1
2853,2875,2876,0,0,1
2855,2876,2877,0,0,1
2859,2877,2878,0,0,1
2860,2879,2880,0,1,1
2862,2880,2881,0,0,1
2864,2881,2882,0,0,1
2869,2735,2883,0,0,1
2780,2883,2884,0,0,1
2885,2884,2886,1,0,1
2870,2886,2887,0,0,1
2888,2887,2889,1,0,1
2872,2801,2890,0,0,1
2882,2698,2891,0,0,1
2889,2891,2892,0,0,1
2893,2892,2894,1,0,1
2890,2895,2896,0,1,1
2878,2896,2894,0,0,0
2897,2898,2899,1,1,1,2247
2900,2899,2901,1,0,1
2902,2903,2904,1,1,1
2905,2904,2906,1,0,1
2907,2906,2908,1,0,1
2909,2910,2911,1,1,1
2912,2911,2913,1,0,1
2914,2915,2916,1,1,1
2917,2916,2918,1,0,1
2912,2915,2919,0,0,1
2920,2919,2921,1,0,1
2922,2921,2923,1,0,1
2924,2923,2925,1,0,1
2926,2925,2927,1,0,1
2928,2927,2929,1,0,1
2930,2929,2931,1,0,1
2932,2931,2933,1,0,1
2934,2933,2935,1,0,1
2936,2935,2937,1,0,1
2938,2937,2939,1,0,1
2940,2941,2942,1,1,1
2943,2942,2944,1,0,1
2945,2944,2946,1,0,1
2947,2948,2949,1,1,1
2950,2949,2951,1,0,1
2952,2951,2953,1,0,1
2954,2953,2955,1,0,1
2956,2955,2957,1,0,1
2958,2957,2959,1,0,1
2960,2961,2962,1,1,1
2963,2962,2964,1,0,1
2965,2966,2967,1,1,1
2968,2969,2970,1,1,1
2971,2972,2973,1,1,1
2974,2973,2975,1,0,1
2976,2975,2977,1,0,1
2978,2977,2979,1,0,1
2980,2979,2981,1,0,1
2982,2981,2983,1,0,1
2984,2985,2986,1,1,1
2987,2986,2988,1,0,1
2989,2990,2991,1,1,1
2992,2993,2994,1,1,1
2995,2994,2996,1,0,1
2997,2998,2999,1,1,1
3000,3001,3002,1,1,1
3003,3002,3004,1,0,1
3005,3004,3006,1,0,1
3007,3006,3008,1,0,1
3009,3008,3010,1,0,1
3011,3012,3013,1,1,1
3014,3015,3016,1,1,1
3017,3018,3019,1,1,1
3020,3019,3021,1,0,1
3022,3021,3023,1,0,1
3024,3025,3026,1,1,1
3027,3028,3029,1,1,1
3030,3029,3031,1,0,1
3032,3031,3033,1,0,1
3034,3033,3035,1,0,1
3036,3037,3038,1,1,1
3039,3038,3040,1,0,1
3041,3040,3042,1,0,1
3043,3044,3045,1,1,1
3046,3045,3047,1,0,1
3048,3047,3049,1,0,1
3050,3051,3052,1,1,1
3053,3054,3055,1,1,1
3056,3057,3058,1,1,1
3059,3060,3061,1,1,1
2908,2901,3062,0,0,1
2918,2913,3063,0,0,1
2939,2914,3064,0,0,1
2964,3065,3066,0,1,1
2967,3066,3067,0,0,1
2970,3067,3068,0,0,1
2983,3068,3069,0,0,1
2988,3069,3070,0,0,1
2991,3071,3072,0,1,1
2996,3072,3073,0,0,1
3010,2999,3074,0,0,1
3013,3074,3075,0,0,1
3023,3016,3076,0,0,1
3026,3076,3077,0,0,1
3078,3077,3079,1,0,1
3035,3080,3081,0,1,1
3049,3042,3082,0,0,1
3061,3058,3083,0,0,1
3062,3084,3085,0,1,1
3063,3086,3087,0,1,1
3064,2917,3088,0,0,1
2946,3088,3089,0,0,1
2959,3089,3090,0,0,1
3070,3090,3091,0,0,1
3075,3073,3092,0,0,1
3079,3093,3094,0,1,1
3082,3095,3096,0,1,1
3052,3096,3097,0,0,1
3087,3085,3098,0,0,1
3091,3098,3099,0,0,1
3092,3099,3100,0,0,1
3094,3100,3101,0,0,1
3097,3102,3103,0,1,1
3104,3103,3105,1,0,1
3101,3083,3106,0,0,1
3105,3081,3107,0,0,1
3055,3107,3106,0,0,0
3108,3109,3110,1,1,1,2760
3111,3110,3112,1,0,1
3113,3114,3115,1,1,1
3116,3115,3117,1,0,1
3118,3117,3119,1,0,1
3120,3119,3121,1,0,1
3122,3121,3123,1,0,1
3124,3123,3112,1,0,0
3125,3126,3127,1,1,1,214
3128,3129,3130,1,1,1
3131,3130,3132,1,0,1
3133,3132,3134,1,0,1
3135,3134,3136,1,0,1
3137,3138,3139,1,1,1
3140,3141,3142,1,1,1
3143,3142,3144,1,0,1
3145,3144,3146,1,0,1
3147,3146,3148,1,0,1
3149,3148,3150,1,0,1
3151,3150,3152,1,0,1
3153,3152,3154,1,0,1
3155,3154,3156,1,0,1
3157,3156,3158,1,0,1
3159,3158,3160,1,0,1
3161,3160,3162,1,0,1
3163,3162,3164,1,0,1
3165,3166,3167,1,1,1
3168,3169,3170,1,1,1
3171,3170,3172,1,0,1
3173,3172,3174,1,0,1
3175,3176,3177,1,1,1
3178,3179,3180,1,1,1
3181,3180,3182,1,0,1
3183,3182,3184,1,0,1
3185,3186,3187,1,1,1
3188,3187,3189,1,0,1
3190,3189,3191,1,0,1
3192,3191,3193,1,0,1
3194,3195,3196,1,1,1
3197,3198,3199,1,1,1
3200,3199,3201,1,0,1
3202,3201,3203,1,0,1
3204,3205,3206,1,1,1
3207,3206,3208,1,0,1
3209,3208,3210,1,0,1
3211,3210,3212,1,0,1
3213,3212,3214,1,0,1
3215,3214,3216,1,0,1
3217,3216,3218,1,0,1
3219,3220,3221,1,1,1
3222,3221,3223,1,0,1
3224,3225,3226,1,1,1
3227,3226,3228,1,0,1
3229,3228,3230,1,0,1
3231,3232,3233,1,1,1
3234,3233,3235,1,0,1
3236,3235,3237,1,0,1
3238,3239,3240,1,1,1
3241,3240,3242,1,0,1
3243,3244,3245,1,1,1
3246,3247,3248,1,1,1
3249,3250,3251,1,1,1
3252,3253,3254,1,1,1
3255,3254,3256,1,0,1
3257,3256,3258,1,0,1
3259,3260,3261,1,1,1
3262,3261,3263,1,0,1
3264,3265,3266,1,1,1
3267,3266,3268,1,0,1
3269,3268,3270,1,0,1
3271,3270,3272,1,0,1
3273,3272,3274,1,0,1
3275,3274,3276,1,0,1
3277,3276,3278,1,0,1
3127,3278,3279,0,0,1
3280,3279,3281,1,0,1
3136,3281,3282,0,0,1
3164,3139,3283,0,0,1
3174,3284,3285,0,1,1
3177,3285,3286,0,0,1
3184,3286,3287,0,0,1
3288,3287,3289,1,0,1
3193,3289,3290,0,0,1
3291,3290,3292,1,0,1
3196,3293,3294,0,1,1
3218,3295,3296,0,1,1
3223,3296,3297,0,0,1
3237,3230,3298,0,0,1
3242,3299,3300,0,1,1
3245,3300,3301,0,0,1
3258,3302,3303,0,1,1
3282,3263,3304,0,0,1
3283,3304,3305,0,0,1
3292,3167,3306,0,0,1
3294,3306,3307,0,0,1
3308,3307,3309,1,0,1
3298,3297,3310,0,0,1
3301,3310,3311,0,0,1
3248,3311,3312,0,0,1
3309,3305,3313,0,0,1
3314,3313,3315,1,0,1
3312,3203,3316,0,0,1
3251,3316,3317,0,0,1
3303,3317,3315,0,0,0
3318,2712,3319,1,0,1,213
3320,3319,3321,1,0,1
3322,3321,3323,1,0,1
3324,3323,3325,1,0,1
3326,3327,3328,1,1,1
3329,3330,3331,1,1,1
3332,3331,3333,1,0,1
2702,3334,3335,0,1,1
3336,2699,3337,1,0,1
3338,3337,3339,1,0,1
3340,3341,3342,1,1,1
3343,3344,3345,1,1,1
3346,3345,3347,1,0,1
2688,3348,3349,0,1,1
2856,3349,3350,0,0,1
2854,3350,3351,0,0,1
3352,3351,3353,1,0,1
3354,3353,3355,1,0,1
3356,3355,3357,1,0,1
3358,3357,3359,1,0,1
3360,3359,3361,1,0,1
3362,3361,3363,1,0,1
3364,3363,3365,1,0,1
3366,3365,3367,1,0,1
3368,3367,3369,1,0,1
3370,3371,3372,1,1,1
3373,3372,3374,1,0,1
3375,3376,3377,1,1,1
3378,3379,3380,1,1,1
3381,3380,3382,1,0,1
3383,3382,3384,1,0,1
3385,3384,3386,1,0,1
3387,3388,3389,1,1,1
3390,3389,3391,1,0,1
3392,3391,3393,1,0,1
3394,3393,3395,1,0,1
3396,3395,3397,1,0,1
3325,3397,3398,0,0,1
3399,3398,3400,1,0,1
3328,3400,3401,0,0,1
3333,3401,3402,0,0,1
3335,3403,3404,0,1,1
3339,3404,3405,0,0,1
3342,3405,3406,0,0,1
3369,3407,3408,0,1,1
3374,3408,3409,0,0,1
3402,3386,3410,0,0,1
3406,3410,3411,0,0,1
3409,3347,3412,0,0,1
3377,3412,3411,0,0,0
3413,3414,3415,1,1,1,2774
3416,3415,3417,1,0,1
3418,3419,3420,1,1,1,214
3421,3422,3423,1,1,1
3424,3423,3425,1,0,1
3426,3425,3427,1,0,1
3428,3427,3429,1,0,1
3430,3429,3431,1,0,1
3432,3433,3434,1,1,1
3435,3434,3436,1,0,1
3437,3438,3439,1,1,1
3440,3439,3441,1,0,1
3442,3441,3443,1,0,1
3444,3443,3445,1,0,1
3446,3447,3448,1,1,1
3449,3450,3451,1,1,1
3452,3451,3453,1,0,1
3454,3455,3456,1,1,1
3457,3458,3459,1,1,1
3460,3459,3461,1,0,1
3462,3461,3463,1,0,1
3464,3465,3466,1,1,1
3467,3466,3468,1,0,1
3469,3468,3470,1,0,1
3471,3472,3473,1,1,1
3474,3475,3476,1,1,1
3477,3478,3479,1,1,1
3480,3479,3481,1,0,1
3482,3481,3483,1,0,1
3484,3483,3485,1,0,1
3486,3485,3487,1,0,1
3488,3487,3489,1,0,1
3490,3489,3491,1,0,1
3492,3493,3494,1,1,1
3495,3494,3496,1,0,1
3497,3496,3498,1,0,1
3499,3498,3500,1,0,1
3431,3501,3502,0,1,1
3436,3502,3503,0,0,1
3445,3503,3504,0,0,1
3448,3504,3505,0,0,1
3453,3506,3507,0,1,1
3456,3508,3509,0,1,1
3463,3509,3510,0,0,1
3511,3510,3512,1,0,1
3470,3513,3514,0,1,1
3476,3473,3515,0,0,1
3491,3516,3517,0,1,1
3500,3518,3519,0,1,1
3420,3519,3520,0,0,1
3505,3520,3521,0,0,1
3507,3521,3522,0,0,1
3512,3522,3523,0,0,1
3514,3523,3524,0,0,1
3515,3524,3517,0,0,0
3525,3526,3527,1,1,1,2262
3528,3527,3529,1,0,1
3530,3531,3532,1,1,1
3533,3532,3534,1,0,1
3535,3534,3536,1,0,1
3537,3536,3538,1,0,1
3539,3538,3540,1,0,1
3541,3540,3542,1,0,1
3543,3542,3544,1,0,1
3545,3544,3546,1,0,1
3547,3546,3548,1,0,1
3549,3548,3550,1,0,1
3551,3552,3553,1,1,1
3554,3555,3556,1,1,1
3557,3558,3559,1,1,1
3560,3561,3562,1,1,1
3563,3562,3564,1,0,1
3565,3564,3566,1,0,1
3567,3566,3568,1,0,1
3569,3570,3571,1,1,1
3572,3573,3574,1,1,1
3575,3574,3576,1,0,1
3577,3576,3578,1,0,1
3579,3580,3581,1,1,1
3582,3581,3583,1,0,1
3584,3585,3586,1,1,1
3587,3588,3589,1,1,1
3590,3591,3592,1,1,1
3593,3594,3595,1,1,1
3596,3597,3598,1,1,1
3599,3600,3601,1,1,1
3602,3601,3603,1,0,1
3604,3603,3605,1,0,1
3606,3605,3607,1,0,1
3608,3607,3609,1,0,1
3610,3609,3611,1,0,1
3612,3611,3613,1,0,1
3614,3615,3616,1,1,1
3617,3616,3618,1,0,1
3619,3618,3620,1,0,1
3621,3620,3622,1,0,1
3623,3622,3624,1,0,1
3625,3624,3626,1,0,1
3627,3626,3628,1,0,1
3629,3628,3630,1,0,1
3631,3630,3632,1,0,1
3633,3634,3635,1,1,1
3636,3637,3638,1,1,1
3639,3638,3640,1,0,1
3641,3640,3642,1,0,1
3643,3642,3644,1,0,1
3645,3646,3647,1,1,1
3648,3649,3650,1,1,1
3651,3650,3652,1,0,1
3653,3654,3655,1,1,1
3656,3657,3658,1,1,1
3659,3660,3661,1,1,1
3662,3663,3664,1,1,1
3665,3664,3666,1,0,1
3667,3668,3669,1,1,1
3670,3669,3671,1,0,1
3672,3673,3674,1,1,1
3675,3674,3676,1,0,1
3677,3678,3679,1,1,1
3680,3681,3682,1,1,1
3529,3682,3683,0,0,1
3553,3550,3684,0,0,1
3685,3684,3686,1,0,1
3556,3686,3687,0,0,1
3559,3687,3688,0,0,1
3568,3688,3689,0,0,1
3690,3689,3691,1,0,1
3578,3692,3693,0,1,1
3583,3693,3694,0,0,1
3586,3694,3695,0,0,1
3589,3695,3696,0,0,1
3592,3696,3697,0,0,1
3698,3697,3699,1,0,1
3700,3699,3701,1,0,1
3598,3595,3702,0,0,1
3613,3703,3704,0,1,1
3632,3705,3706,0,1,1
3644,3635,3707,0,0,1
3647,3707,3708,0,0,1
3655,3652,3709,0,0,1
3658,3709,3710,0,0,1
3661,3710,3711,0,0,1
3666,3711,3712,0,0,1
3671,3712,3713,0,0,1
3683,3679,3714,0,0,1
3691,3714,3715,0,0,1
3701,3571,3716,0,0,1
3702,3716,3717,0,0,1
3704,3718,3719,0,1,1
3706,3720,3721,0,1,1
3708,3721,3722,0,0,1
3713,3722,3723,0,0,1
3715,3676,3724,0,0,1
3717,3724,3725,0,0,1
3719,3725,3723,0,0,0
3726,3727,3728,1,1,1,212
3729,3728,3730,1,0,1
3731,3730,3732,1,0,1
3733,3732,3734,1,0,1
3735,3734,3736,1,0,1
3737,3736,3738,1,0,1
3739,3738,3740,1,0,1
3741,3742,3743,1,1,1
3744,3743,3745,1,0,1
3746,3745,3747,1,0,1
3748,3749,3750,1,1,1
3751,3752,3753,1,1,1
3754,3753,3755,1,0,1
3756,3755,3757,1,0,1
3758,3757,3759,1,0,1
3760,3759,3761,1,0,1
3762,3761,3763,1,0,1
3764,3763,3765,1,0,1
3766,3767,3768,1,1,1
3769,3770,3771,1,1,1
3772,3773,3774,1,1,1
3775,3774,3776,1,0,1
3777,3776,3778,1,0,1
3779,3780,3781,1,1,1
3782,3783,3784,1,1,1
3785,3784,3786,1,0,1
3787,3788,3789,1,1,1
3740,3789,3790,0,0,1
3765,3750,3791,0,0,1
3778,3771,3792,0,0,1
3786,3781,3793,0,0,1
3790,3793,3794,0,0,1
3795,3794,3796,1,0,1
3747,3796,3797,0,0,1
3791,3797,3798,0,0,1
3768,3798,3792,0,0,0
3799,3800,3801,1,1,1,2775
3802,3803,3804,1,1,1
3805,3804,3806,1,0,1
3807,3806,3808,1,0,1
3809,3808,3810,1,0,1
3811,3812,3813,1,1,1
3814,3815,3816,1,1,1
3817,3818,3819,1,1,1
3820,3819,3821,1,0,1
3822,3823,3824,1,1,1
3825,3824,3826,1,0,1
3827,3826,3828,1,0,1
3829,3828,3830,1,0,1
3831,3830,3832,1,0,1
3833,3832,3834,1,0,1
3835,3834,3836,1,0,1
3837,3836,3838,1,0,1
3839,3838,3840,1,0,1
3841,3842,3843,1,1,1
3844,3845,3846,1,1,1
3847,3848,3849,1,1,1
3850,3851,3852,1,1,1
3853,3854,3855,1,1,1
3856,3857,3858,1,1,1
3859,3860,3861,1,1,1
3862,3861,3863,1,0,1
3864,3863,3865,1,0,1
3866,3865,3867,1,0,1
3868,3867,3869,1,0,1
3870,3871,3872,1,1,1
3873,3872,3874,1,0,1
3875,3876,3877,1,1,1
3878,3879,3880,1,1,1
3881,3880,3882,1,0,1
3883,3882,3884,1,0,1
3885,3886,3887,1,1,1
3888,3889,3890,1,1,1
3891,3890,3892,1,0,1
3893,3892,3894,1,0,1
3895,3896,3897,1,1,1
3898,3899,3900,1,1,1
3901,3900,3902,1,0,1
3903,3902,3904,1,0,1
3905,3904,3906,1,0,1
3907,3908,3909,1,1,1
3910,3911,3912,1,1,1
3913,3914,3915,1,1,1
3916,3917,3918,1,1,1
3919,3920,3921,1,1,1
3922,3923,3924,1,1,1
3925,3924,3926,1,0,1
3927,3928,3929,1,1,1
3930,3929,3931,1,0,1
3932,3931,3933,1,0,1
3934,3935,3936,1,1,1
3937,3938,3939,1,1,1
3940,3939,3941,1,0,1
3942,3941,3943,1,0,1
3944,3943,3945,1,0,1
3946,3947,3948,1,1,1
3949,3950,3951,1,1,1
3952,3951,3953,1,0,1
3954,3953,3955,1,0,1
3956,3955,3957,1,0,1
3958,3957,3959,1,0,1
3960,3959,3961,1,0,1
3962,3961,3963,1,0,1
3964,3965,3966,1,1,1
3967,3966,3968,1,0,1
3969,3968,3970,1,0,1
3971,3970,3972,1,0,1
3973,3972,3974,1,0,1
3975,3976,3977,1,1,1
3978,3979,3980,1,1,1
3981,3980,3982,1,0,1
3983,3982,3984,1,0,1
3985,3986,3987,1,1,1
3988,3989,3990,1,1,1
3991,3990,3992,1,0,1
3993,3994,3995,1,1,1
3996,3997,3998,1,1,1
3999,3998,4000,1,0,1
4001,4000,4002,1,0,1
4003,4002,4004,1,0,1
4005,4006,4007,1,1,1
4008,4009,4010,1,1,1
4011,4010,4012,1,0,1
4013,4012,4014,1,0,1
4015,4014,4016,1,0,1
4017,4018,4019,1,1,1
4020,4021,4022,1,1,1
4023,4024,4025,1,1,1
4026,4027,4028,1,1,1
4029,4030,4031,1,1,1
4032,4031,4033,1,0,1
4034,4033,4035,1,0,1
4036,4037,4038,1,1,1
4039,4040,4041,1,1,1
4042,4043,4044,1,1,1
4045,4044,4046,1,0,1
4047,4048,4049,1,1,1
4050,4049,4051,1,0,1
4052,4051,4053,1,0,1
4054,4053,4055,1,0,1
4056,4055,4057,1,0,1
4058,4057,4059,1,0,1
4060,4059,4061,1,0,1
4062,4063,4064,1,1,1
4065,4064,4066,1,0,1
4067,4066,4068,1,0,1
4069,4070,4071,1,1,1
4072,4071,4073,1,0,1
4074,4075,4076,1,1,1
4077,4078,4079,1,1,1
3801,4080,4081,0,1,1
3810,4081,4082,0,0,1
3813,4082,4083,0,0,1
3816,4083,4084,0,0,1
3821,4084,4085,0,0,1
4086,4085,4087,1,0,1
3840,4088,4089,0,1,1
3843,4089,4090,0,0,1
3849,3846,4091,0,0,1
3852,4091,4092,0,0,1
3855,4092,4093,0,0,1
3858,4093,4094,0,0,1
3869,4094,4095,0,0,1
3874,4095,4096,0,0,1
4097,4096,4098,1,0,1
3884,3877,4099,0,0,1
3894,4100,4101,0,1,1
3906,3897,4102,0,0,1
3915,3912,4103,0,0,1
3921,3918,4104,0,0,1
3933,3926,4105,0,0,1
3945,3936,4106,0,0,1
3948,4106,4107,0,0,1
3963,4107,4108,0,0,1
3974,4108,4109,0,0,1
3984,4110,4111,0,1,1
3992,3987,4112,0,0,1
3995,4112,4113,0,0,1
4004,4113,4114,0,0,1
4115,4114,4116,1,0,1
4007,4116,4117,0,0,1
4022,4019,4118,0,0,1
4119,4118,4120,1,0,1
4025,4120,4121,0,0,1
4028,4121,4122,0,0,1
4035,4122,4123,0,0,1
4041,4038,4124,0,0,1
4125,4124,4126,1,0,1
4046,4127,4128,0,1,1
4129,4128,4130,1,0,1
4061,4130,4131,0,0,1
4068,4131,4132,0,0,1
4073,4132,4133,0,0,1
4076,4133,4134,0,0,1
4087,4135,4136,0,1,1
4090,4136,4137,0,0,1
4138,4137,4139,1,0,1
4098,4139,4140,0,0,1
4099,4140,4141,0,0,1
4101,3887,4142,0,0,1
4102,4142,4143,0,0,1
4103,3909,4144,0,0,1
4104,4145,4146,0,1,1
4109,4105,4147,0,0,1
3977,4147,4148,0,0,1
4111,4148,4149,0,0,1
4117,4150,4151,0,1,1
4123,4152,4153,0,1,1
4126,4153,4154,0,0,1
4155,4154,4156,1,0,1
4141,4079,4157,0,0,1
4143,4157,4158,0,0,1
4144,4158,4159,0,0,1
4149,4160,4161,0,1,1
4151,4161,4162,0,0,1
4016,4162,4163,0,0,1
4156,4163,4164,0,0,1
4159,4134,4165,0,0,1
4146,4165,4164,0,0,0
4166,4167,4168,1,1,1,2775
4169,4168,4170,1,0,1
4171,4172,4173,1,1,1
4174,4175,4176,1,1,1
4177,4176,4178,1,0,1
4179,4178,4180,1,0,1
4181,4180,4182,1,0,1
4183,4182,4184,1,0,1
4185,4184,4186,1,0,1
4187,4188,4189,1,1,1
4190,4189,4191,1,0,1
4192,4193,4194,1,1,1
4195,4196,4197,1,1,1
4198,4197,4199,1,0,1
4200,4199,4201,1,0,1
4202,4201,4203,1,0,1
4204,4203,4205,1,0,1
4170,4205,4206,0,0,1
4173,4206,4207,0,0,1
4191,4186,4208,0,0,1
4194,4208,4207,0,0,0
4209,4210,4211,1,1,1,1750
4212,4211,4213,1,0,1
4214,4213,4215,1,0,1
4216,4217,4218,1,1,1
4219,4195,4220,1,0,1
4221,4222,4223,1,1,1
4224,4223,4225,1,0,1
4226,4225,4227,1,0,1
4228,4229,4230,1,1,1
4231,4230,4232,1,0,1
4233,4232,4234,1,0,1
4235,4234,4236,1,0,1
4237,4238,4239,1,1,1
4240,4239,4241,1,0,1
4242,4241,4243,1,0,1
4244,4243,4245,1,0,1
4246,4245,4247,1,0,1
4248,4247,4249,1,0,1
4250,4251,4252,1,1,1
4253,4254,4255,1,1,1
4215,4255,4256,0,0,1
4220,4257,4258,0,1,1
4227,4258,4259,0,0,1
4236,4259,4260,0,0,1
4249,4260,4261,0,0,1
4256,4252,4262,0,0,1
4218,4262,4261,0,0,0
4263,4264,4265,1,1,1,213
4266,4265,4267,1,0,1
4268,4267,4269,1,0,1
4270,4271,4272,1,1,1
4273,4274,4275,1,1,1
4276,4275,4277,1,0,1
4278,4277,4279,1,0,1
4280,4279,4281,1,0,1
4282,4281,4283,1,0,1
4284,4285,4286,1,1,1
4287,4288,4289,1,1,1
4290,4289,4291,1,0,1
4292,4291,4293,1,0,1
4294,4293,4295,1,0,1
4296,4295,4297,1,0,1
4269,4297,4298,0,0,1
4272,4298,4299,0,0,1
4286,4283,4300,0,0,1
4301,4300,4299,1,0,0
4302,4303,4304,1,1,1,10455
4305,4304,4306,1,0,1
4307,4308,4309,1,1,1
4310,4311,4312,1,1,1
4313,4314,4315,1,1,1
4316,4317,4318,1,1,1
4319,4318,4320,1,0,1
4321,4322,4323,1,1,1
4324,4325,4326,1,1,1
4327,4326,4328,1,0,1
4329,4328,4330,1,0,1
4331,4330,4332,1,0,1
4333,4332,4334,1,0,1
4335,4334,4336,1,0,1
4337,4336,4338,1,0,1
4339,4338,4340,1,0,1
4341,4340,4342,1,0,1
4343,4342,4344,1,0,1
4345,4346,4347,1,1,1
4306,4347,4348,0,0,1
4309,4348,4349,0,0,1
4312,4349,4350,0,0,1
4320,4315,4351,0,0,1
4323,4351,4352,0,0,1
4344,4352,4353,0,0,1
4350,4354,4355,0,1,1
4356,4355,4353,1,0,0
4357,4358,4359,1,1,1,210
4360,4361,4362,1,1,1
4363,4362,4364,1,0,1
4365,4364,4366,1,0,1
4367,4366,4368,1,0,1
4369,4368,4370,1,0,1
4371,4370,4372,1,0,1
4373,4372,4374,1,0,1
4375,4374,4376,1,0,1
4377,4376,4378,1,0,1
4379,4378,4380,1,0,1
4381,4382,4383,1,1,1
4384,4383,4385,1,0,1
4386,4385,4387,1,0,1
4388,4389,4390,1,1,1
4391,4390,4392,1,0,1
4393,4394,4395,1,1,1
4396,4395,4397,1,0,1
4398,4397,4399,1,0,1
4400,4401,4402,1,1,1
4403,4402,4404,1,0,1
4405,4406,4407,1,1,1
4408,4409,4410,1,1,1
4411,4412,4413,1,1,1
4414,4415,4416,1,1,1
4417,4416,4418,1,0,1
4419,4418,4420,1,0,1
4421,4420,4422,1,0,1
4423,4422,4424,1,0,1
4425,4426,4427,1,1,1
4428,4427,4429,1,0,1
4430,4429,4431,1,0,1
4432,4431,4433,1,0,1
4434,4435,4436,1,1,1
4437,4436,4438,1,0,1
4439,4440,4441,1,1,1
4442,4441,4443,1,0,1
4359,4443,4444,0,0,1
4445,4444,4446,1,0,1
4392,4387,4447,0,0,1
4448,4447,4449,1,0,1
4404,4399,4450,0,0,1
4451,4450,4452,1,0,1
4410,4407,4453,0,0,1
4454,4453,4455,1,0,1
4424,4413,4456,0,0,1
4433,4456,4457,0,0,1
4438,4458,4459,0,1,1
4446,4459,4460,0,0,1
4380,4460,4461,0,0,1
4449,4461,4462,0,0,1
4452,4462,4463,0,0,1
4455,4463,4464,0,0,1
4465,4464,4457,1,0,0
4466,4467,4468,1,1,1,1751
4240,4469,4470,0,1,1
4471,4237,4472,1,0,1
4473,4472,4474,1,0,1
4475,4474,4476,1,0,1
4477,4476,4478,1,0,1
4479,4478,4480,1,0,1
4481,4482,4483,1,1,1
4484,4483,4485,1,0,1
4486,4485,4487,1,0,1
4488,4489,4490,1,1,1
4491,4490,4492,1,0,1
4493,4492,4494,1,0,1
4495,4494,4496,1,0,1
4497,4496,4498,1,0,1
4499,4498,4500,1,0,1
4501,4500,4502,1,0,1
4503,4504,4505,1,1,1
4506,4505,4507,1,0,1
4508,4507,4509,1,0,1
4510,4509,4511,1,0,1
4512,4511,4513,1,0,1
4514,4513,4515,1,0,1
4516,4515,4517,1,0,1
4518,4517,4519,1,0,1
4520,4519,4521,1,0,1
4522,4521,4523,1,0,1
4524,4523,4525,1,0,1
4526,4525,4527,1,0,1
4528,4527,4529,1,0,1
4530,4529,4531,1,0,1
4532,4531,4533,1,0,1
4534,4533,4535,1,0,1
4536,4535,4537,1,0,1
4538,4537,4539,1,0,1
4540,4539,4541,1,0,1
4542,4541,4543,1,0,1
4544,4543,4545,1,0,1
4546,4545,4547,1,0,1
4548,4549,4550,1,1,1
4551,4552,4553,1,1,1
4554,4553,4555,1,0,1
4556,4555,4557,1,0,1
4558,4557,4559,1,0,1
4560,4559,4561,1,0,1
4468,4562,4563,0,1,1
4470,4563,4564,0,0,1
4502,4565,4566,0,1,1
4567,4566,4568,1,0,1
4561,4550,4569,0,0,1
4564,4569,4570,0,0,1
4480,4570,4571,0,0,1
4568,4487,4572,0,0,1
4571,4573,4574,0,1,1
4572,4575,4576,0,1,1
4547,4576,4574,0,0,0
4577,4578,4579,1,1,1,2263
4580,4579,4581,1,0,1
4582,4581,4583,1,0,1
4584,4585,4586,1,1,1
4587,4588,4589,1,1,1
4590,4589,4591,1,0,1
4592,4593,4594,1,1,1
4595,4594,4596,1,0,1
4597,4596,4598,1,0,1
4599,4598,4600,1,0,1
4601,4600,4602,1,0,1
4603,4602,4604,1,0,1
4605,4604,4606,1,0,1
4607,4608,4609,1,1,1
4610,4609,4611,1,0,1
4612,4611,4613,1,0,1
4614,4613,4615,1,0,1
4586,4583,4616,0,0,1
4617,4616,4618,1,0,1
4619,4618,4620,1,0,1
4606,4591,4621,0,0,1
4615,4621,4620,0,0,0
4622,4623,4624,1,1,1,2261
4625,4626,4627,1,1,1
4628,4627,4629,1,0,1
4630,4631,4632,1,1,1
4633,4634,4635,1,1,1
4636,4635,4637,1,0,1
4638,4637,4639,1,0,1
4640,4639,4641,1,0,1
4642,4641,4643,1,0,1
4644,4645,4646,1,1,1
4647,4646,4648,1,0,1
4649,4648,4650,1,0,1
4651,4652,4653,1,1,1
4654,4653,4655,1,0,1
4656,4655,4657,1,0,1
4658,4657,4659,1,0,1
4660,4659,4661,1,0,1
4662,4661,4663,1,0,1
4664,4663,4665,1,0,1
4666,4665,4667,1,0,1
4668,4669,4670,1,1,1
4671,4672,4673,1,1,1
4674,4673,4675,1,0,1
4676,4677,4678,1,1,1
4679,4680,4681,1,1,1
4682,4683,4684,1,1,1
4685,4686,4687,1,1,1
4688,4687,4689,1,0,1
4690,4689,4691,1,0,1
4692,4693,4694,1,1,1
4695,4696,4697,1,1,1
4698,4699,4700,1,1,1
4701,4702,4703,1,1,1
4704,4703,4705,1,0,1
4706,4707,4708,1,1,1
4709,4710,4711,1,1,1
4712,4711,4713,1,0,1
4714,4713,4715,1,0,1
4716,4715,4717,1,0,1
4718,4719,4720,1,1,1
4721,4722,4723,1,1,1
4724,4723,4725,1,0,1
4726,4727,4728,1,1,1
4729,4728,4730,1,0,1
4731,4732,4733,1,1,1
4734,4733,4735,1,0,1
4736,4735,4737,1,0,1
4738,4737,4739,1,0,1
4740,4741,4742,1,1,1
4743,4742,4744,1,0,1
4745,4746,4747,1,1,1
4748,4747,4749,1,0,1
4750,4749,4751,1,0,1
4752,4751,4753,1,0,1
4754,4753,4755,1,0,1
4756,4755,4757,1,0,1
4758,4757,4759,1,0,1
4760,4759,4761,1,0,1
4762,4761,4763,1,0,1
4764,4763,4765,1,0,1
4766,4765,4767,1,0,1
4768,4767,4769,1,0,1
4770,4771,4772,1,1,1
4773,4772,4774,1,0,1
4775,4776,4777,1,1,1
4778,4777,4779,1,0,1
4780,4779,4781,1,0,1
4782,4783,4784,1,1,1
4785,4786,4787,1,1,1
4788,4787,4789,1,0,1
4790,4789,4791,1,0,1
4792,4791,4793,1,0,1
4794,4795,4796,1,1,1
4797,4798,4799,1,1,1
4800,4799,4801,1,0,1
4800,4802,4803,0,1,1
4797,4803,4804,0,0,1
4624,4804,4805,0,0,1
4629,4805,4806,0,0,1
4807,4806,4808,1,0,1
4632,4808,4809,0,0,1
4643,4810,4811,0,1,1
4650,4811,4812,0,0,1
4667,4812,4813,0,0,1
4670,4813,4814,0,0,1
4815,4814,4816,1,0,1
4675,4816,4817,0,0,1
4678,4817,4818,0,0,1
4681,4818,4819,0,0,1
4684,4819,4820,0,0,1
4691,4820,4821,0,0,1
4697,4694,4822,0,0,1
4700,4822,4823,0,0,1
4705,4823,4824,0,0,1
4825,4824,4826,1,0,1
4708,4826,4827,0,0,1
4720,4717,4828,0,0,1
4725,4829,4830,0,1,1
4769,4744,4831,0,0,1
4774,4831,4832,0,0,1
4793,4833,4834,0,1,1
4796,4834,4835,0,0,1
4801,4835,4836,0,0,1
4802,4836,4837,0,0,1
4821,4809,4838,0,0,1
4839,4838,4840,1,0,1
4827,4841,4842,0,1,1
4828,4842,4843,0,0,1
4830,4843,4844,0,0,1
4832,4845,4846,0,1,1
4840,4837,4847,0,0,1
4848,4847,4849,1,0,1
4844,4849,4850,0,0,1
4730,4850,4851,0,0,1
4852,4851,4853,1,0,1
4854,4853,4855,1,0,1
4846,4856,4857,0,1,1
4781,4857,4858,0,0,1
4855,4784,4859,0,0,1
4739,4859,4858,0,0,0
4860,4861,4862,1,1,1,214
4863,4862,4864,1,0,1
4865,4866,4867,1,1,1
4868,4867,4869,1,0,1
4870,4871,4872,1,1,1
4873,4874,4875,1,1,1
4876,4877,4878,1,1,1
4879,4878,4880,1,0,1
4881,4880,4882,1,0,1
4883,4882,4884,1,0,1
4885,4886,4887,1,1,1
4888,4889,4890,1,1,1
4891,4892,4893,1,1,1
4894,4893,4895,1,0,1
3969,4896,4897,0,1,1
4898,4897,4899,1,0,1
4900,4899,4901,1,0,1
4902,4901,4903,1,0,1
4904,4905,4906,1,1,1
4907,4906,4908,1,0,1
4909,4908,4910,1,0,1
4911,4910,4912,1,0,1
4913,4912,4914,1,0,1
4915,4916,4917,1,1,1
4918,4917,4919,1,0,1
4920,4919,4921,1,0,1
4922,4921,4923,1,0,1
4924,4925,4926,1,1,1
4927,4926,4928,1,0,1
4929,4928,4930,1,0,1
4869,4864,4931,0,0,1
4872,4931,4932,0,0,1
4933,4932,4934,1,0,1
4884,4935,4936,0,1,1
4887,4936,4937,0,0,1
4890,4937,4938,0,0,1
4895,4938,4939,0,0,1
4940,4939,4941,1,0,1
4903,4941,4942,0,0,1
4914,4942,4943,0,0,1
4930,4923,4944,0,0,1
4945,4944,4946,1,0,1
4934,4947,4948,0,1,1
4949,4948,4950,1,0,1
4943,4875,4951,0,0,1
4946,4951,4952,0,0,1
4953,4952,4950,1,0,0
4954,4955,4956,1,1,1,9942
4957,4958,4959,1,1,1
4960,4959,4961,1,0,1
4962,4961,4963,1,0,1
4964,4963,4965,1,0,1
4966,4965,4967,1,0,1
4968,4969,4970,1,1,1
4971,4972,4973,1,1,1
4974,4975,4976,1,1,1
4977,4976,4978,1,0,1
4979,4980,4981,1,1,1
4982,4981,4983,1,0,1
4984,4985,4986,1,1,1
4987,4986,4988,1,0,1
4989,4988,4990,1,0,1
4991,4992,4993,1,1,1
4994,4993,4995,1,0,1
4996,4995,4997,1,0,1
4998,4997,4999,1,0,1
5000,4999,5001,1,0,1
5002,5001,5003,1,0,1
5004,5003,5005,1,0,1
5006,5007,5008,1,1,1
4956,5009,5010,0,1,1
4967,5010,5011,0,0,1
4970,5011,5012,0,0,1
4978,5013,5014,0,1,1
4983,5014,5015,0,0,1
5005,4990,5016,0,0,1
5012,5008,5017,0,0,1
5015,4973,5018,0,0,1
5019,5018,5020,1,0,1
5017,5016,5021,0,0,1
5022,5021,5020,1,0,0
5023,5024,5025,1,1,1,10453
5026,5025,5027,1,0,1
5028,5027,5029,1,0,1
5030,5031,5032,1,1,1,2260
5033,5034,5035,1,1,1
5036,5037,5038,1,1,1
4798,5038,5039,0,0,1
4794,5039,5040,0,0,1
4795,5040,5041,0,0,1
4792,5041,5042,0,0,1
4790,5042,5043,0,0,1
5044,5043,5045,1,0,1
5046,5045,5047,1,0,1
5048,5049,5050,1,1,1
5051,5050,5052,1,0,1
5053,5052,5054,1,0,1
5032,5055,5056,0,1,1
5047,5057,5058,0,1,1
5056,5059,5060,0,1,1
5058,5035,5061,0,0,1
5054,5061,5060,0,0,0
5062,5063,5064,1,1,1,1734
5065,5064,5066,1,0,1
5067,5066,5068,1,0,1
5069,5068,5070,1,0,1
5071,5070,5072,1,0,1
5073,5072,5074,1,0,1
5075,5076,5077,1,1,1
5078,5079,5080,1,1,1
5081,5080,5082,1,0,1
5083,5082,5084,1,0,1
5085,5084,5086,1,0,1
5087,5086,5088,1,0,1
5089,5090,5091,1,1,1
5092,5093,5094,1,1,1
5095,5096,5097,1,1,1
5098,5099,5100,1,1,1
5101,5100,5102,1,0,1
5103,5102,5104,1,0,1
5105,5104,5106,1,0,1
5107,5108,5109,1,1,1
5110,5109,5111,1,0,1
5112,5111,5113,1,0,1
5114,5113,5115,1,0,1
5116,5115,5117,1,0,1
5118,5117,5119,1,0,1
5120,5119,5121,1,0,1
5122,5123,5124,1,1,1
5125,5126,5127,1,1,1
5128,5129,5130,1,1,1
5131,5130,5132,1,0,1
5074,5132,5133,0,0,1
5134,5133,5135,1,0,1
5088,5077,5136,0,0,1
5106,5097,5137,0,0,1
5138,5137,5139,1,0,1
5140,5139,5141,1,0,1
5124,5121,5142,0,0,1
5127,5142,5143,0,0,1
5144,5143,5145,1,0,1
5135,5145,5146,0,0,1
5136,5146,5147,0,0,1
5091,5147,5148,0,0,1
5094,5148,5141,0,0,0
5149,5150,5151,1,1,1,2771
5152,5153,5154,1,1,1
5155,5154,5156,1,0,1
5157,5156,5158,1,0,1
5159,5158,5160,1,0,1
5161,5160,5162,1,0,1
5163,5162,5164,1,0,1
5165,5164,5166,1,0,1
5167,5168,5169,1,1,1
5170,5169,5171,1,0,1
5172,5171,5173,1,0,1
5174,5173,5175,1,0,1
5176,5175,5177,1,0,1
5178,5179,5180,1,1,1
5181,5182,5183,1,1,1
5184,5183,5185,1,0,1
5186,5185,5187,1,0,1
5188,5187,5189,1,0,1
5190,5189,5191,1,0,1
5192,5193,5194,1,1,1
5195,5196,5197,1,1,1
5198,5197,5199,1,0,1
5200,5199,5201,1,0,1
5202,5201,5203,1,0,1
5204,5203,5205,1,0,1
5206,5205,5207,1,0,1
5177,5166,5208,0,0,1
5180,5208,5209,0,0,1
5210,5209,5211,1,0,1
5191,5211,5212,0,0,1
5207,5213,5214,0,1,1
5212,5151,5215,0,0,1
5194,5215,5214,0,0,0
5216,5217,5218,1,1,1,212
5219,5218,5220,1,0,1
5221,5220,5222,1,0,1
5223,5222,5224,1,0,1
5225,5224,5226,1,0,1
5227,5228,5229,1,1,1
5230,5231,5232,1,1,1
4669,5233,5234,0,1,1
5235,5234,5236,1,0,1
5237,5236,5238,1,0,1
5239,5238,5240,1,0,1
5241,5242,5243,1,1,1
5244,5245,5246,1,1,1
5247,5248,5249,1,1,1
5250,5249,5251,1,0,1
5252,5253,5254,1,1,1
5255,5254,5256,1,0,1
5257,5256,5258,1,0,1
5259,5260,5261,1,1,1
5262,5263,5264,1,1,1
5265,5266,5267,1,1,1
5268,5267,5269,1,0,1
5270,5271,5272,1,1,1
5273,5274,5275,1,1,1
5276,5275,5277,1,0,1
5278,5277,5279,1,0,1
5280,5279,5281,1,0,1
5282,5281,5283,1,0,1
5284,5283,5285,1,0,1
5286,5287,5288,1,1,1
5289,5290,5291,1,1,1
5292,5291,5293,1,0,1
5294,5295,5296,1,1,1
5297,5298,5299,1,1,1
5300,5299,5301,1,0,1
5302,5303,5304,1,1,1
5305,5306,5307,1,1,1
5308,5307,5309,1,0,1
5226,5310,5311,0,1,1
5229,5311,5312,0,0,1
5232,5312,5313,0,0,1
5240,5313,5314,0,0,1
5243,5314,5315,0,0,1
5251,5246,5316,0,0,1
5261,5258,5317,0,0,1
5318,5317,5319,1,0,1
5320,5319,5321,1,0,1
5264,5321,5322,0,0,1
5269,5322,5323,0,0,1
5324,5323,5325,1,0,1
5272,5325,5326,0,0,1
5285,5327,5328,0,1,1
5293,5329,5330,0,1,1
5296,5330,5331,0,0,1
5301,5332,5333,0,1,1
5309,5304,5334,0,0,1
5335,5334,5336,1,0,1
5315,5336,5337,0,0,1
5316,5337,5338,0,0,1
5326,5339,5340,0,1,1
5328,5340,5341,0,0,1
5288,5341,5342,0,0,1
5331,5342,5343,0,0,1
5333,5343,5338,0,0,0
5344,5345,5346,1,1,1,675
5347,5346,5348,1,0,1
5349,5350,5351,1,1,1
5352,5353,5354,1,1,1
5355,5354,5356,1,0,1
5357,5358,5359,1,1,1
5360,5359,5361,1,0,1
5362,5361,5363,1,0,1
5364,5363,5365,1,0,1
5366,5367,5368,1,1,1
5369,5368,5370,1,0,1
5371,5372,5373,1,1,1
5374,5373,5375,1,0,1
5376,5375,5377,1,0,1
5378,5377,5379,1,0,1
5348,5379,5380,0,0,1
5381,5380,5382,1,0,1
5351,5382,5383,0,0,1
5365,5356,5384,0,0,1
5385,5384,5386,1,0,1
5370,5387,5388,0,1,1
5383,5388,5386,0,0,0
5389,5390,5391,1,1,1,690
5392,5391,5393,1,0,1
5394,5393,5395,1,0,1
5396,5395,5397,1,0,1
5398,5397,5399,1,0,1
5400,5399,5401,1,0,1
5402,5401,5403,1,0,1
5404,5405,5406,1,1,1
5407,5408,5409,1,1,1
5410,5411,5412,1,1,1
5413,5414,5415,1,1,1
5416,5417,5418,1,1,1
5419,5418,5420,1,0,1
5421,5420,5422,1,0,1
5423,5424,5425,1,1,1
5426,5425,5427,1,0,1
5428,5427,5429,1,0,1
5430,5429,5431,1,0,1
5432,5431,5433,1,0,1
5366,5434,5435,0,1,1
5436,5435,5437,1,0,1
5438,5437,5439,1,0,1
5440,5441,5442,1,1,1
5443,5444,5445,1,1,1
5446,5447,5448,1,1,1
5387,5449,5450,0,1,1
5451,5450,5452,1,0,1
5453,5452,5454,1,0,1
5455,5454,5456,1,0,1
5457,5458,5459,1,1,1
5460,5459,5461,1,0,1
5462,5461,5463,1,0,1
5464,5463,5465,1,0,1
5406,5403,5466,0,0,1
5409,5466,5467,0,0,1
5412,5467,5468,0,0,1
5415,5468,5469,0,0,1
5422,5470,5471,0,1,1
5433,5471,5472,0,0,1
5442,5439,5473,0,0,1
5474,5473,5475,1,0,1
5448,5445,5476,0,0,1
5456,5476,5477,0,0,1
5478,5477,5479,1,0,1
5465,5480,5481,0,1,1
5469,5481,5482,0,0,1
5472,5482,5483,0,0,1
5475,5483,5484,0,0,1
5485,5484,5479,1,0,0
5335,5310,5486,0,0,1,212
5308,5486,5487,0,0,1
5488,5305,5489,1,0,1
5490,5489,5487,1,0,0
5300,5303,5491,0,0,1,212
5492,5297,5493,1,0,1
5494,5493,5495,1,0,1
5496,5495,5497,1,0,1
5498,5499,5500,1,1,1
5501,5502,5503,1,1,1
5504,5503,5505,1,0,1
5506,5505,5507,1,0,1
5508,5507,5509,1,0,1
5510,5511,5512,1,1,1
5513,5512,5514,1,0,1
5515,5516,5517,1,1,1
5518,5517,5519,1,0,1
5520,5521,5522,1,1,1
5523,5522,5524,1,0,1
5525,5524,5526,1,0,1
5527,5528,5529,1,1,1
5530,5529,5531,1,0,1
5532,5531,5533,1,0,1
5534,5533,5535,1,0,1
5536,5535,5537,1,0,1
5538,5537,5539,1,0,1
5540,5541,5542,1,1,1
5543,5542,5544,1,0,1
5545,5546,5547,1,1,1
5548,5547,5549,1,0,1
5550,5551,5552,1,1,1
5553,5554,5555,1,1,1
5556,5557,5558,1,1,1
5559,5558,5560,1,0,1
5561,5562,5563,1,1,1
5564,5563,5565,1,0,1
5566,5565,5567,1,0,1
5568,5567,5569,1,0,1
5570,5571,5572,1,1,1
5573,5572,5574,1,0,1
5575,5576,5577,1,1,1
5578,5579,5580,1,1,1
5581,5582,5583,1,1,1
5584,5585,5586,1,1,1
5587,5586,5588,1,0,1
5589,5588,5590,1,0,1
5491,5591,5592,0,1,1
5497,5592,5593,0,0,1
5509,5500,5594,0,0,1
5514,5594,5595,0,0,1
5526,5519,5596,0,0,1
5544,5539,5597,0,0,1
5598,5597,5599,1,0,1
5549,5599,5600,0,0,1
5552,5601,5602,0,1,1
5560,5603,5604,0,1,1
5569,5604,5605,0,0,1
5593,5590,5606,0,0,1
5595,5607,5608,0,1,1
5596,5609,5610,0,1,1
5600,5610,5611,0,0,1
5602,5611,5612,0,0,1
5605,5555,5613,0,0,1
5574,5613,5614,0,0,1
5606,5583,5615,0,0,1
5608,5615,5616,0,0,1
5614,5612,5617,0,0,1
5577,5617,5618,0,0,1
5619,5618,5620,1,0,1
5580,5620,5616,0,0,0
5149,5153,5621,0,0,1,2771
5150,5621,5622,0,0,1
5623,5624,5625,1,1,1
5626,5627,5628,1,1,1
5629,5628,5630,1,0,1
5631,5630,5632,1,0,1
5633,5632,5634,1,0,1
5635,5634,5636,1,0,1
5637,5638,5639,1,1,1
5640,5641,5642,1,1,1
5643,5642,5644,1,0,1
5645,5644,5646,1,0,1
5647,5648,5649,1,1,1
5650,5649,5651,1,0,1
5652,5651,5653,1,0,1
5654,5653,5655,1,0,1
5656,5655,5657,1,0,1
5658,5657,5659,1,0,1
5152,5659,5660,0,0,1
5625,5622,5661,0,0,1
5639,5636,5662,0,0,1
5663,5662,5664,1,0,1
5665,5664,5666,1,0,1
5660,5646,5667,0,0,1
5661,5667,5666,0,0,0
5668,5669,5670,1,1,1,2260
5671,5672,5673,1,1,1
5674,5675,5676,1,1,1
5677,5676,5678,1,0,1
5679,5678,5680,1,0,1
5253,5680,5681,0,0,1
5339,5681,5682,0,0,1
5250,5682,5683,0,0,1
5247,5683,5684,0,0,1
4658,5685,5686,0,1,1
5687,4656,5688,1,0,1
5689,5690,5691,1,1,1
5692,5691,5693,1,0,1
5694,5695,5696,1,1,1
4651,5696,5697,0,0,1
4649,4652,5698,0,0,1
4647,5698,5699,0,0,1
5700,4644,5701,1,0,1
5702,5701,5703,1,0,1
5704,5703,5705,1,0,1
5706,5707,5708,1,1,1
5709,5710,5711,1,1,1
4636,5711,5712,0,0,1
5713,5712,5714,1,0,1
4625,5714,5715,0,0,1
4626,5715,5716,0,0,1
4622,5716,5717,0,0,1
5036,4623,5718,0,0,1
5037,5718,5719,0,0,1
5057,5719,5720,0,0,1
5033,5720,5721,0,0,1
5030,5034,5722,0,0,1
5723,5031,5724,1,0,1
5725,5724,5726,1,0,1
5727,5726,5728,1,0,1
5729,5728,5730,1,0,1
5731,5732,5733,1,1,1
5734,5733,5735,1,0,1
5736,5735,5737,1,0,1
5738,5739,5740,1,1,1
5741,5740,5742,1,0,1
5743,5744,5745,1,1,1
5746,5745,5747,1,0,1
5748,5747,5749,1,0,1
5750,5749,5751,1,0,1
5752,5751,5753,1,0,1
5754,5753,5755,1,0,1
5756,5755,5757,1,0,1
5758,5757,5759,1,0,1
5760,5759,5761,1,0,1
5762,5761,5763,1,0,1
5764,5763,5765,1,0,1
5766,5765,5767,1,0,1
5768,5769,5770,1,1,1
5771,5770,5772,1,0,1
5771,5773,5774,0,1,1
5670,5774,5775,0,0,1
5673,5775,5776,0,0,1
5686,5684,5777,0,0,1
5688,5777,5778,0,0,1
5693,5778,5779,0,0,1
5697,5780,5781,0,1,1
5699,5781,5782,0,0,1
5705,5782,5783,0,0,1
5717,5708,5784,0,0,1
5721,5784,5785,0,0,1
5722,5785,5786,0,0,1
5730,5786,5787,0,0,1
5737,5787,5788,0,0,1
5767,5742,5789,0,0,1
5772,5789,5790,0,0,1
5773,5790,5791,0,0,1
5779,5776,5792,0,0,1
5783,5792,5793,0,0,1
5794,5793,5795,1,0,1
5788,5795,5791,0,0,0
5796,5797,5674,1,1,0,2260
4442,4358,5798,0,0,1,210
5799,5798,5800,1,0,1
5801,5800,5802,1,0,1
5803,5802,5804,1,0,1
5805,5806,5807,1,1,1
5808,5809,5810,1,1,1
5811,5810,5812,1,0,1
5804,5812,5807,0,0,0
3243,3247,5813,0,0,1,2774
5814,3238,5815,1,0,1
5816,5815,5817,1,0,1
5818,5817,5819,1,0,1
5820,5821,5822,1,1,1
5823,5824,5825,1,1,1
5826,5827,5828,1,1,1
5829,5830,5831,1,1,1
5832,5833,5834,1,1,1
5835,5834,5836,1,0,1
5837,5836,5838,1,0,1
5839,5838,5840,1,0,1
5841,5840,5842,1,0,1
4209,5842,5843,1,0,1
5844,5843,5845,1,0,1
5846,5845,5847,1,0,1
5848,5847,5849,1,0,1
5850,5851,5852,1,1,1
4216,5852,5853,1,0,1
4257,5853,5854,1,0,1
4198,5854,5855,1,0,1
4200,5855,5856,1,0,1
4202,5856,5857,1,0,1
4167,4204,5858,1,1,1
5859,5860,5861,1,1,1
4171,5861,5862,1,0,1
4175,5862,5863,1,0,1
4174,5863,5864,1,0,1
4177,5864,5865,1,0,1
4052,4179,5866,1,1,1
4054,5866,5867,1,0,1
5868,4060,5869,1,1,1
4065,5870,5871,1,1,1
4070,4067,5872,1,1,1
4075,4072,5873,1,1,1
4078,4074,5874,1,1,1
4135,4077,5875,1,1,1
4080,5875,5876,1,0,1
5877,5876,5878,1,0,1
5879,5878,5880,1,0,1
5881,5880,5882,1,0,1
5883,5882,5884,1,0,1
5885,5886,5887,1,1,1
5888,5887,5889,1,0,1
5890,5891,5892,1,1,1
5893,5892,5894,1,0,1
5895,5896,5897,1,1,1
5898,5897,5899,1,0,1
5900,5899,5901,1,0,1
5902,5901,5903,1,0,1
5904,5905,5906,1,1,1
5907,5906,5908,1,0,1
5909,5908,5910,1,0,1
5911,5912,5913,1,1,1
5914,5915,5916,1,1,1
5917,5916,5918,1,0,1
5919,5918,5920,1,0,1
5921,5920,5922,1,0,1
5923,5922,5924,1,0,1
5925,5926,5927,1,1,1
5923,5926,5928,0,0,1
5921,5928,5929,0,0,1
5930,5929,5931,1,0,1
3413,5932,5933,0,1,1
5934,5933,5935,1,0,1
5936,5935,5937,1,0,1
5938,5937,5939,1,0,1
5940,5941,5942,1,1,1
5943,5942,5944,1,0,1
5945,5944,5946,1,0,1
5947,5946,5948,1,0,1
5813,5943,5949,0,0,1
5822,5819,5950,0,0,1
5951,5950,5952,1,0,1
5849,5831,5953,0,0,1
5857,5953,5954,0,0,1
5865,4166,5955,0,1,1
5867,5955,5956,0,0,1
5869,4058,5957,0,1,1
5871,5957,5958,0,0,1
5872,5958,5959,0,0,1
5873,4069,5960,0,1,1
5874,5960,5961,0,0,1
5884,5961,5962,0,0,1
5889,5962,5963,0,0,1
5894,5963,5964,0,0,1
5910,5965,5966,0,1,1
5913,5967,5968,0,1,1
5939,5931,5969,0,0,1
5970,5969,5971,1,0,1
5949,5945,5972,0,0,1
3244,5972,5973,0,0,1
3241,5973,5974,0,0,1
5952,5974,5975,0,0,1
5825,5975,5976,0,0,1
5954,5977,5978,0,1,1
5964,5959,5979,0,0,1
5966,5903,5980,0,0,1
5981,5980,5982,1,0,1
5968,5982,5983,0,0,1
5924,5983,5984,0,0,1
5927,5984,5985,0,0,1
5971,5925,5986,0,0,1
5987,5986,5988,1,0,1
5948,5988,5989,0,0,1
5976,5947,5990,0,0,1
5991,5990,5992,1,0,1
5978,5828,5993,0,0,1
5858,5993,5994,0,0,1
5985,5995,5996,0,1,1
5994,5992,5997,0,0,1
5956,5997,5998,0,0,1
4056,5998,5999,1,0,1
5996,5979,6000,0,0,1
5989,6000,5999,0,0,0
2848,2852,6001,0,0,1,213
6002,2849,6003,1,0,1
6004,6003,6005,1,0,1
3352,6006,6007,0,1,1
6001,6007,6005,0,0,0
6008,6009,6010,1,1,1,214
6011,6010,6012,1,0,1
6013,6012,6014,1,0,1
3269,6014,3267,0,0,0
6015,6016,6017,1,1,1,214
3414,6017,6018,0,0,1
6019,6018,6020,1,0,1
6021,6022,6023,1,1,1
3260,6023,6024,0,0,1
3257,6024,6025,0,0,1
6026,3255,6027,1,0,1
6020,6027,6025,0,0,0
3302,3253,6028,0,0,1,214
3246,3250,6029,0,0,1
5940,6029,6030,0,0,1
5941,6030,6031,0,0,1
5987,6031,6032,0,0,1
5970,6032,6033,0,0,1
5938,6033,6034,0,0,1
5936,6034,6035,0,0,1
5934,6035,6036,0,0,1
6015,6036,6037,0,0,1
6016,6037,6038,0,0,1
3252,6026,6039,0,0,1
6028,6039,6040,0,0,1
3249,6040,6038,0,0,0
2900,2903,6041,0,0,1,2247
3084,2898,6042,0,0,1
6043,3059,6044,1,0,1
6045,6044,6046,1,0,1
6047,6048,6049,1,1,1
6050,6051,6052,1,1,1
6053,6052,6054,1,0,1
6055,6054,6056,1,0,1
2905,6057,6058,0,1,1
2902,6058,6059,0,0,1
6046,6042,6060,0,0,1
6061,6060,6062,1,0,1
6059,6056,6063,0,0,1
6041,6063,6064,0,0,1
6062,2897,6065,0,0,1
6049,6065,6064,0,0,0
2496,6066,6067,0,1,1,10454
2565,2568,6068,0,0,1
6069,6068,6070,1,0,1
6071,6072,6073,1,1,1
6074,6075,6076,1,1,1
6077,6078,6079,1,1,1
6080,6079,6081,1,0,1
6082,6083,6084,1,1,1
6085,6084,6086,1,0,1
6087,6086,6088,1,0,1
6089,6090,6091,1,1,1
6092,6091,6093,1,0,1
6094,6093,6095,1,0,1
6096,6097,6098,1,1,1
6099,6098,6100,1,0,1
6101,6102,6103,1,1,1
6104,6103,6105,1,0,1
6106,6107,6108,1,1,1
6109,6108,6110,1,0,1
6111,6110,6112,1,0,1
6113,6112,6114,1,0,1
6115,6114,6116,1,0,1
6117,6118,6119,1,1,1
6120,6121,6122,1,1,1
6123,6122,6124,1,0,1
6125,6124,6126,1,0,1
6073,6070,6127,0,0,1
6076,6127,6128,0,0,1
6081,6128,6129,0,0,1
6088,6129,6130,0,0,1
6131,6130,6132,1,0,1
6095,6132,6133,0,0,1
6105,6100,6134,0,0,1
6116,6134,6135,0,0,1
6126,6119,6136,0,0,1
6067,6136,6137,0,0,1
6133,6137,6135,0,0,0
6138,6077,6139,1,0,1,10454
6140,6141,6142,1,1,1,10454
6143,6142,6123,1,0,0
6144,6145,6146,1,1,1,2262
1014,6146,6147,0,0,1
1536,1012,6148,0,0,1
1009,6148,6149,0,0,1
1007,6149,6150,0,0,1
1004,6150,6151,0,0,1
1002,1005,6152,0,0,1
6153,996,6154,1,0,1
6155,6154,6156,1,0,1
6157,6158,6159,1,1,1
6160,6161,6162,1,1,1
984,6162,6163,0,0,1
982,985,6164,0,0,1
979,6164,6165,0,0,1
6166,6165,6167,1,0,1
6168,6167,6169,1,0,1
6170,6169,6171,1,0,1
6172,6173,6174,1,1,1
970,6174,6175,0,0,1
955,968,6176,0,0,1
952,6176,6177,0,0,1
950,6177,6178,0,0,1
946,948,6179,0,0,1
940,942,6180,0,0,1
933,936,6181,0,0,1
931,934,6182,0,0,1
6183,928,6184,1,0,1
6185,6184,6186,1,0,1
6187,6186,6188,1,0,1
6189,6190,6191,1,1,1
6192,6191,6193,1,0,1
6194,6195,6196,1,1,1
6197,6196,6198,1,0,1
6199,6198,6200,1,0,1
6201,6202,6203,1,1,1
6204,6203,6205,1,0,1
6206,6207,6208,1,1,1
6209,6208,6210,1,0,1
6211,6212,6213,1,1,1
6214,6213,6215,1,0,1
6216,6215,6217,1,0,1
2437,6217,6218,0,0,1
2438,6218,6219,0,0,1
2435,2485,6220,0,0,1
2432,6220,6221,0,0,1
2429,2433,6222,0,0,1
6223,2430,6224,1,0,1
6225,6224,6226,1,0,1
6227,6226,6228,1,0,1
6229,6230,6231,1,1,1
6232,6231,6233,1,0,1
6234,6233,6235,1,0,1
6236,6235,6237,1,0,1
6238,6237,6239,1,0,1
6240,6239,6241,1,0,1
6242,6241,6243,1,0,1
6244,6245,6246,1,1,1
6247,6248,6249,1,1,1
6250,6249,6251,1,0,1
6252,6251,6253,1,0,1
6254,6255,6256,1,1,1
6257,6256,6258,1,0,1
6259,6260,6261,1,1,1
6262,6263,6264,1,1,1
6265,6264,6266,1,0,1
6267,6268,6269,1,1,1
6270,6269,6271,1,0,1
6272,6273,6274,1,1,1
6275,6274,6276,1,0,1
6275,6277,6278,0,1,1
6279,6278,6280,1,0,1
6147,6280,6281,0,0,1
6151,1011,6282,0,0,1
6159,6156,6283,0,0,1
6163,6283,6284,0,0,1
6175,6285,6286,0,1,1
6178,6286,6287,0,0,1
6179,6287,6288,0,0,1
6180,944,6289,0,0,1
6188,6182,6290,0,0,1
6193,6290,6291,0,0,1
6292,6291,6293,1,0,1
6200,6293,6294,0,0,1
6205,6294,6295,0,0,1
6210,6295,6296,0,0,1
6219,6296,6297,0,0,1
6228,6222,6298,0,0,1
6246,6243,6299,0,0,1
6258,6253,6300,0,0,1
6261,6300,6301,0,0,1
6302,6301,6303,1,0,1
6266,6303,6304,0,0,1
6271,6304,6305,0,0,1
6276,6305,6306,0,0,1
6277,6306,6307,0,0,1
6282,1015,6308,0,0,1
6152,6308,6309,0,0,1
1000,6309,6310,0,0,1
6288,6311,6312,0,1,1
6297,6181,6313,0,0,1
6310,6281,6314,0,0,1
998,6314,6315,0,0,1
6313,938,6316,0,0,1
6221,6316,6317,0,0,1
6315,6307,6318,0,0,1
6284,6318,6319,0,0,1
6317,6289,6320,0,0,1
6319,6299,6321,0,0,1
6171,6321,6322,0,0,1
6320,6312,6323,0,0,1
6298,6323,6322,0,0,0
862,866,6324,0,0,1,2262
860,863,6325,0,0,1
1509,858,6326,0,0,1
1531,6326,6327,0,0,1
854,6327,6328,0,0,1
1411,855,6329,0,0,1
851,6329,6330,0,0,1
849,852,6331,0,0,1
6214,847,6332,0,0,1
6211,6332,6333,0,0,1
6209,6212,6334,0,0,1
6335,6206,6336,1,0,1
6337,6336,6338,1,0,1
6339,6340,6341,1,1,1
6324,6342,6343,0,1,1
6325,6343,6344,0,0,1
857,6344,6345,0,0,1
6330,6328,6346,0,0,1
6333,846,6347,0,0,1
6338,6334,6348,0,0,1
6345,6341,6349,0,0,1
6346,6349,6350,0,0,1
6347,6331,6351,0,0,1
6348,6351,6350,0,0,0
6352,6342,6353,1,0,1,2262
6354,6355,6356,1,1,1
889,6357,6358,0,1,1
887,890,6359,0,0,1
6353,885,6360,0,0,1
6361,6360,6362,1,0,1
6356,6362,6363,0,0,1
6358,6363,6359,0,0,0
6364,6365,6366,1,1,1,214
6367,6366,6368,1,0,1
6369,6368,6370,1,0,1
6371,6372,6373,1,1,1
6374,6375,6376,1,1,1
6377,6378,6379,1,1,1
6380,6379,6381,1,0,1
6382,6381,6383,1,0,1
6384,6383,6385,1,0,1
1571,6385,6386,0,0,1
1608,6386,6387,0,0,1
1568,6387,6388,0,0,1
1566,6388,6389,0,0,1
1563,6389,6390,0,0,1
2190,6390,6391,0,0,1
2187,6391,6392,0,0,1
2185,6392,6393,0,0,1
6394,6393,6395,1,0,1
6370,6396,6397,0,1,1
6373,6397,6398,0,0,1
6376,6398,6395,0,0,0
6399,2102,6400,1,0,1,2262
6401,6400,6402,1,0,1
6403,6402,6404,1,0,1
6405,6406,6407,1,1,1
6408,6407,6409,1,0,1
1374,6409,6410,0,0,1
1372,1375,6411,0,0,1
1370,6411,6412,0,0,1
1368,6412,6413,0,0,1
1362,1366,6414,0,0,1
1360,1363,6415,0,0,1
1356,1358,6416,0,0,1
6417,6416,6418,1,0,1
6419,6418,6420,1,0,1
6421,6419,6422,1,0,1
2109,6423,6424,0,1,1
2107,6424,6425,0,0,1
6404,2105,6426,0,0,1
6410,6426,6427,0,0,1
6414,1365,6428,0,0,1
6415,6428,6429,0,0,1
6420,6429,6430,0,0,1
6422,6430,6431,0,0,1
6432,6431,6433,1,0,1
6425,6434,6435,0,1,1
6427,6435,6436,0,0,1
6413,6436,6433,0,0,0
6437,6438,6439,1,1,1,2262
6440,6439,6441,1,0,1
6442,6443,6444,1,1,1
6445,6446,6447,1,1,1
6448,6447,6449,1,0,1
6450,6449,6451,1,0,1
6452,6451,6453,1,0,1
2091,6454,6455,0,1,1
6441,6455,6456,0,0,1
6444,6456,6453,0,0,0
6457,2097,6458,1,0,1,2262
6459,6458,6460,1,0,1
6461,6460,6462,1,0,1
6463,6464,6465,1,1,1,2149
6466,6467,6468,1,1,1
6469,6468,6470,1,0,1
6471,6470,6472,1,0,1
6473,6472,6474,1,0,1
6475,6474,6476,1,0,1
6477,6476,6478,1,0,1
6479,6478,6480,1,0,1
6481,6480,6482,1,0,1
6483,6482,6484,1,0,1
6485,6484,6486,1,0,1
6487,6486,6488,1,0,1
6489,6488,6490,1,0,1
6491,6490,6492,1,0,1
6493,6492,6494,1,0,1
6495,6496,6497,1,1,1
6498,6497,6499,1,0,1
6500,6499,6501,1,0,1
6502,6501,6503,1,0,1
6504,6505,6506,1,1,1
6507,6506,6508,1,0,1
6509,6508,6510,1,0,1
6511,6512,6513,1,1,1
6514,6515,6516,1,1,1
6517,6518,6519,1,1,1
6520,6521,6522,1,1,1
1753,6522,6523,0,0,1
6524,1750,6525,1,0,1
6526,6525,6527,1,0,1
6528,6529,6530,1,1,1
6531,6532,6533,1,1,1
6534,6535,6536,1,1,1
6537,6538,6539,1,1,1
6465,6539,6540,0,0,1
6503,6494,6541,0,0,1
6542,6541,6543,1,0,1
6510,6543,6544,0,0,1
6545,6544,6546,1,0,1
6516,6513,6547,0,0,1
6548,6547,6549,1,0,1
6519,6549,6550,0,0,1
6523,6550,6551,0,0,1
1752,6551,6552,0,0,1
6527,6552,6553,0,0,1
6530,6553,6554,0,0,1
6533,6554,6555,0,0,1
6536,6555,6556,0,0,1
6540,6556,6557,0,0,1
6558,6557,6546,1,0,0
6559,6560,6561,1,1,1,2149
6562,6561,6563,1,0,1
6564,6563,6565,1,0,1
6566,6567,6568,1,1,1
6569,6568,6570,1,0,1
6466,6570,6571,0,0,1
6565,6467,6572,0,0,1
6573,6572,6571,1,0,0
6574,6464,6575,1,0,1,2149
6576,6575,6577,1,0,1
6578,6579,6580,1,1,1
6581,6580,6582,1,0,1
6583,6584,6585,1,1,1
6586,6585,6587,1,0,1
6588,6587,6589,1,0,1
6590,6589,6591,1,0,1
6592,6593,6594,1,1,1
6595,6594,6596,1,0,1
6597,6596,6598,1,0,1
6599,6598,6600,1,0,1
6601,6600,6602,1,0,1
6603,6602,6604,1,0,1
6605,6606,6607,1,1,1
6608,6609,6610,1,1,1
6611,6610,6612,1,0,1
6463,6612,6613,0,0,1
6582,6614,6615,0,1,1
6591,6616,6617,0,1,1
6607,6604,6618,0,0,1
6613,6618,6619,0,0,1
6615,6577,6620,0,0,1
6617,6620,6621,0,0,1
6622,6621,6619,1,0,0
6558,6560,6623,0,0,1,2149
6611,6623,6624,0,0,1
6608,6624,6625,0,0,1
6626,6625,6627,1,0,1
6628,6627,6629,1,0,1
6630,6631,6632,1,1,1,3030
6633,6634,6635,1,1,1
6636,6637,6638,1,1,1
6639,6640,6641,1,1,1
2199,2203,6642,0,0,1
2220,2200,6643,0,0,1
2196,6643,6644,0,0,1
2197,6644,6645,0,0,1
2194,6645,6646,0,0,1
2192,6646,6647,0,0,1
2189,6647,6648,0,0,1
1564,6648,6649,0,0,1
1606,6649,6650,0,0,1
1613,6650,6651,0,0,1
1560,6651,6652,0,0,1
1603,1561,6653,0,0,1
6632,1601,6654,0,0,1
6635,6654,6655,0,0,1
6656,6655,6657,1,0,1
6638,6657,6658,0,0,1
6641,6658,6659,0,0,1
6642,6659,6660,0,0,1
6652,6660,6653,0,0,0
1407,6216,1405,0,0,0,2263
6661,839,6662,1,0,1,2789
6663,6662,6664,1,0,1
6665,6664,6666,1,0,1
6667,6666,6668,1,0,1
6669,6670,6671,1,1,1
6672,6671,6673,1,0,1
6674,6675,6676,1,1,1
6677,6676,6678,1,0,1
6679,6680,6681,1,1,1
6682,6683,6684,1,1,1
6685,6686,6687,1,1,1
6688,6687,6689,1,0,1
6690,6689,6691,1,0,1
6692,6691,6693,1,0,1
6694,6693,6695,1,0,1
6696,6695,6697,1,0,1
6698,6697,6699,1,0,1
6700,6699,6701,1,0,1
6702,6701,6703,1,0,1
6704,6703,6705,1,0,1
6706,6707,6708,1,1,1
6668,6708,6709,0,0,1
6710,6709,6711,1,0,1
6673,6711,6712,0,0,1
6678,6712,6713,0,0,1
6681,6713,6714,0,0,1
6684,6714,6715,0,0,1
6716,6715,6717,1,0,1
6705,6718,6719,0,1,1
6720,6719,6717,1,0,0
720,6665,716,0,0,0,2789
6721,6722,6723,1,1,1,2789
6707,6723,6724,0,0,1
6720,6724,6704,0,0,0
6725,6726,6727,1,1,1,2788
6728,6727,6729,1,0,1
791,6729,789,0,0,0
6730,6731,6732,1,1,1,2788
6733,6734,6735,1,1,1
6736,6737,6738,1,1,1
6739,6740,6741,1,1,1
6742,6741,6743,1,0,1
6744,6745,6746,1,1,1
6747,6748,6749,1,1,1
6750,6751,6752,1,1,1
6696,6752,6753,0,0,1
6692,6694,6754,0,0,1
6716,6718,6755,0,0,1
6682,6755,6756,0,0,1
6683,6756,6757,0,0,1
6677,6680,6758,0,0,1
6674,6758,6759,0,0,1
6669,6672,6760,0,0,1
717,6667,6761,0,0,1
817,6761,6762,0,0,1
713,823,6763,0,0,1
714,6763,6764,0,0,1
706,709,6765,0,0,1
703,6765,6766,0,0,1
700,704,6767,0,0,1
697,701,6768,0,0,1
694,698,6769,0,0,1
6770,801,6771,1,0,1
6738,6735,6772,0,0,1
6743,6773,6774,0,1,1
6753,6749,6775,0,0,1
6754,6775,6776,0,0,1
6757,6686,6777,0,0,1
6679,6777,6778,0,0,1
6760,6675,6779,0,0,1
6670,6779,6780,0,0,1
6762,6710,6781,0,0,1
6764,6781,6782,0,0,1
711,6782,6783,0,0,1
708,6783,6784,0,0,1
6766,6784,6785,0,0,1
6769,6768,6786,0,0,1
6771,695,6787,0,0,1
6732,6787,6788,0,0,1
6789,6788,6790,1,0,1
6772,6790,6791,0,0,1
6776,6792,6793,0,1,1
6690,6793,6794,0,0,1
6778,6685,6795,0,0,1
6785,6780,6796,0,0,1
6767,6796,6797,0,0,1
6786,6797,6798,0,0,1
6791,6798,6799,0,0,1
6794,6800,6801,0,1,1
6799,6759,6802,0,0,1
6801,6746,6803,0,0,1
6688,6803,6804,0,0,1
6802,6795,6805,0,0,1
6774,6805,6804,0,0,0
6806,795,6807,1,0,1,2788
6808,6807,6809,1,0,1
6810,6809,797,1,0,0
719,723,6811,0,0,1,2788
6663,6811,6661,0,0,0
6789,6734,6812,0,0,1,2788
6813,6730,6814,1,0,1
6815,6816,6817,1,1,1
1952,6818,6819,1,1,1
1954,6819,6820,1,0,1
1957,6820,6821,1,0,1
6822,6821,6823,1,0,1
6824,6825,6826,1,1,1
6827,6828,6829,1,1,1
6830,6831,6832,1,1,1
6833,6834,6835,1,1,1
6836,6837,6838,1,1,1
6839,6840,6841,1,1,1
1956,6842,6843,1,1,1
1960,6843,6844,1,0,1
1959,6844,6845,1,0,1
2032,6845,6846,1,0,1
1963,6846,6847,1,0,1
1962,6847,6848,1,0,1
1965,6848,6849,1,0,1
1971,1969,6850,1,1,1
1973,6850,6851,1,0,1
2055,6851,6852,1,0,1
1979,1975,6853,1,1,1
1984,1981,6854,1,1,1
1983,6854,6855,1,0,1
1987,6855,6856,1,0,1
2037,1986,6857,1,1,1
1990,6857,6858,1,0,1
1989,6858,6859,1,0,1
1755,6859,6860,1,0,1
1757,1754,6861,1,1,1
1764,1761,6862,1,1,1
6863,1763,6864,1,1,1
6865,6864,6866,1,0,1
6867,6868,6869,1,1,1
1768,6870,6871,1,1,1
1775,1771,6872,1,1,1
2042,1774,6873,1,1,1
1996,6873,6874,1,0,1
1778,6874,6875,1,0,1
6876,1777,6877,1,1,1
6814,6812,6878,0,0,1
6823,6817,6879,0,0,1
6826,6879,6880,0,0,1
6829,6880,6881,0,0,1
6832,6881,6882,0,0,1
6883,6882,6884,1,0,1
6838,6835,6885,0,0,1
6841,6885,6886,0,0,1
6849,6886,6887,0,0,1
6853,1976,6888,0,1,1
6860,6856,6889,0,0,1
6866,6862,6890,0,0,1
6871,6891,6892,0,1,1
6872,1772,6893,0,1,1
6875,6893,6894,0,0,1
6877,6894,6895,0,0,1
6773,6895,6896,0,0,1
6884,6878,6897,0,0,1
6887,6898,6899,0,1,1
6888,6852,6900,0,0,1
1978,6900,6901,1,0,1
6890,1759,6902,0,1,1
6896,6892,6903,0,0,1
6736,6903,6904,0,0,1
6899,6897,6905,0,0,1
6901,1967,6906,0,1,1
6889,6906,6907,0,0,1
6904,6869,6908,0,0,1
6737,6908,6909,0,0,1
6907,6905,6910,0,0,1
6909,6902,6911,0,0,1
6910,6733,6912,0,0,1
6861,6912,6911,0,0,0
606,609,6913,0,0,1,2774
604,607,6914,0,0,1
6915,6914,6916,1,0,1
6917,6916,6918,1,0,1
6919,6918,6920,1,0,1
6921,6920,6922,1,0,1
6923,6922,6913,1,0,0
1747,6924,6925,0,1,1,2661
6926,1748,6927,1,0,1
6928,6927,6929,1,0,1
6930,6931,6932,1,1,1
6933,6932,6934,1,0,1
6935,6934,6936,1,0,1
6937,6938,6939,1,1,1
6940,6939,6941,1,0,1
6942,6941,6943,1,0,1
6944,6943,6945,1,0,1
6946,6945,6947,1,0,1
6948,6947,6949,1,0,1
6950,6951,6952,1,1,1
6953,6954,6955,1,1,1
6956,6955,6957,1,0,1
6958,6959,6960,1,1,1
6961,6962,6963,1,1,1
6964,6965,6966,1,1,1
537,6966,6967,0,0,1
6968,6967,6969,1,0,1
6970,6969,6971,1,0,1
6972,6971,6973,1,0,1
6974,6973,6975,1,0,1
6976,6977,6978,1,1,1
6979,6980,6981,1,1,1
830,6981,6982,0,0,1
826,6982,6983,0,0,1
827,6983,6984,0,0,1
841,6984,6985,0,0,1
6986,6985,6987,1,0,1
6988,6987,6989,1,0,1
6721,6989,6990,0,0,1
6991,6722,6992,1,0,1
6925,6992,6993,0,0,1
6929,6993,6994,0,0,1
6936,6994,6995,0,0,1
6949,6995,6996,0,0,1
6952,6996,6997,0,0,1
6998,6997,6999,1,0,1
6957,6999,7000,0,0,1
6960,7000,7001,0,0,1
6963,7001,7002,0,0,1
6975,7003,7004,0,1,1
6978,7005,7006,0,1,1
6990,7006,7007,0,0,1
7002,7007,7008,0,0,1
7009,7008,7004,1,0,0
7010,6972,7011,1,0,1,2661
6928,6931,7012,0,0,1,2661
6926,7012,7013,0,0,1
7014,6520,7015,1,0,1
7016,7015,7017,1,0,1
7018,7017,7013,1,0,0
6988,6706,6986,0,0,0,2661
6750,6698,7019,0,0,1,2661
7020,6751,7021,1,0,1
7022,7021,7023,1,0,1
6739,7024,7025,0,1,1
7026,7025,7027,1,0,1
7028,7029,7030,1,1,1
7031,7030,7032,1,0,1
7033,7032,7034,1,0,1
7035,7036,7037,1,1,1
7038,7037,7039,1,0,1
7040,7039,7041,1,0,1
7042,7041,7043,1,0,1
6535,7044,7045,0,1,1
6531,7045,7046,0,0,1
6528,6532,7047,0,0,1
6526,6529,7048,0,0,1
6524,7048,7049,0,0,1
6924,7049,7050,0,0,1
6991,7050,7051,0,0,1
6702,7051,7052,0,0,1
6700,7052,7053,0,0,1
7019,7053,7054,0,0,1
7023,7054,7055,0,0,1
7027,7055,7056,0,0,1
7034,7056,7057,0,0,1
7046,7043,7058,0,0,1
7047,7058,7057,0,0,0
7059,7060,7031,1,1,0,2661
7061,7062,7063,1,1,1,2661
7064,7065,7066,1,1,1
7067,7066,7068,1,0,1
7069,7068,7070,1,0,1
7071,7070,7072,1,0,1
7073,7072,7074,1,0,1
7075,7076,7077,1,1,1
6576,7078,7079,0,1,1
7080,7079,7081,1,0,1
7082,7083,7084,1,1,1
7038,7084,7085,0,0,1
7086,7035,7087,1,0,1
7074,7088,7089,0,1,1
7077,7089,7090,0,0,1
7081,7090,7091,0,0,1
7087,7085,7092,0,0,1
7093,7092,7094,1,0,1
7063,7094,7091,0,0,0
380,384,7095,0,0,1,982
378,381,7096,0,0,1
375,7096,7097,0,0,1
499,376,7098,0,0,1
372,7098,7099,0,0,1
370,373,7100,0,0,1
7101,7100,7102,1,0,1
7103,7102,7104,1,0,1
7105,7104,7106,1,0,1
7107,7108,7109,1,1,1
7110,7111,7112,1,1,1
7113,7112,7114,1,0,1
7115,7114,7116,1,0,1
7117,7118,7119,1,1,1
7115,7118,7120,0,0,1
7113,7120,7121,0,0,1
7122,7121,7123,1,0,1
7124,7123,7125,1,0,1
7126,7127,7128,1,1,1
7129,7128,7130,1,0,1
7131,7130,7132,1,0,1
7133,7134,7135,1,1,1
7136,7135,7137,1,0,1
7138,7139,7140,1,1,1
7141,7142,7143,1,1,1
7144,7143,7145,1,0,1
7146,7145,7147,1,0,1
7148,7149,7150,1,1,1
683,7150,7151,0,0,1
644,7151,7152,0,0,1
7153,7154,7155,1,1,1
7156,7157,7158,1,1,1
7159,7158,7160,1,0,1
7161,7160,7162,1,0,1
7163,7164,7165,1,1,1
7166,7167,7168,1,1,1
633,7169,7170,0,1,1
7171,7170,7172,1,0,1
7173,7174,7175,1,1,1
7176,7175,7177,1,0,1
7178,7177,7179,1,0,1
7180,7181,7182,1,1,1
629,7182,7183,0,0,1
7184,7183,7185,1,0,1
7186,7187,7188,1,1,1
617,7189,7190,0,1,1
1595,618,7191,0,0,1
1616,1596,7192,0,0,1
1593,7192,7193,0,0,1
1590,7193,7194,0,0,1
1587,1591,7195,0,0,1
1588,7195,7196,0,0,1
1580,1583,7197,0,0,1
7198,7197,7199,1,0,1
7200,7199,7201,1,0,1
7202,7201,7203,1,0,1
7204,7203,7205,1,0,1
7206,7207,7208,1,1,1
7209,7208,7210,1,0,1
7211,7210,7212,1,0,1
7213,7214,7215,1,1,1
7216,7215,7217,1,0,1
7218,7217,7219,1,0,1
7220,7219,7221,1,0,1
7222,7221,7223,1,0,1
7224,7223,7225,1,0,1
7226,7225,7227,1,0,1
383,7228,7229,0,1,1
7099,7097,7230,0,0,1
7109,7106,7231,0,0,1
7232,7231,7233,1,0,1
7116,7233,7234,0,0,1
7119,7234,7235,0,0,1
7125,7117,7236,0,0,1
7132,7236,7237,0,0,1
7238,7237,7239,1,0,1
7137,7239,7240,0,0,1
7147,7140,7241,0,0,1
7155,7152,7242,0,0,1
7243,7242,7244,1,0,1
7172,7168,7245,0,0,1
7179,7245,7246,0,0,1
7247,7246,7248,1,0,1
7185,7249,7250,0,1,1
7251,7250,7252,1,0,1
7190,7253,7254,0,1,1
7191,7254,7255,0,0,1
7194,7255,7256,0,0,1
7196,7256,7257,0,0,1
1585,7257,7258,0,0,1
7205,7258,7259,0,0,1
7229,7227,7260,0,0,1
7235,7230,7261,0,0,1
7244,7241,7262,0,0,1
7162,7262,7263,0,0,1
7165,7263,7264,0,0,1
7248,7265,7266,0,1,1
7252,7266,7267,0,0,1
7259,7268,7269,0,1,1
7261,7095,7270,0,0,1
7267,7264,7271,0,0,1
7188,7271,7272,0,0,1
7269,7272,7273,0,0,1
7274,7273,7275,1,0,1
7270,7260,7276,0,0,1
7275,7240,7277,0,0,1
7212,7277,7276,0,0,0
7146,7149,7278,0,0,1,982
7279,7144,7280,1,0,1
7281,7280,7282,1,0,1
7283,7282,7278,1,0,0
7284,7226,7285,1,0,1,982
7232,7111,7286,0,0,1,1750
7107,7286,7287,0,0,1
7108,7287,7288,0,0,1
7103,7105,7289,0,0,1
7101,7289,7290,0,0,1
7291,7290,7292,1,0,1
7293,7292,7294,1,0,1
7295,7294,7296,1,0,1
7297,7296,7298,1,0,1
7299,7300,7301,1,1,1
7302,7301,7303,1,0,1
7304,7303,7305,1,0,1
7306,7305,7307,1,0,1
7308,7307,7309,1,0,1
7110,7309,7310,0,0,1
7288,7310,7298,0,0,0
368,7291,7311,0,0,1,1750
290,294,7312,0,0,1,1750
288,291,7313,0,0,1
7314,285,7315,1,0,1
7316,7315,7317,1,0,1
7318,7319,7320,1,1,1
7321,7322,7323,1,1,1
7324,7325,7326,1,1,1
7327,7328,7329,1,1,1
7330,7331,7332,1,1,1
7333,7334,7335,1,1,1
687,7336,7337,0,1,1
541,7337,7338,0,0,1
542,7338,7339,0,0,1
538,7339,7340,0,0,1
539,7340,7341,0,0,1
7342,653,7343,1,0,1
7283,7344,7345,0,1,1
7281,7345,7346,0,0,1
7347,7279,7348,1,0,1
298,7348,7349,0,0,1
296,7349,7350,0,0,1
7312,293,7351,0,0,1
7317,7313,7352,0,0,1
7320,7352,7353,0,0,1
7323,7353,7354,0,0,1
7326,7354,7355,0,0,1
7329,7355,7356,0,0,1
7357,7356,7358,1,0,1
7335,7332,7359,0,0,1
7341,7359,7360,0,0,1
7343,655,7361,0,0,1
7358,7351,7362,0,0,1
7360,7363,7364,0,1,1
7361,7364,7365,0,0,1
7346,7365,7366,0,0,1
7362,7350,7367,0,0,1
7368,7367,7366,1,0,0
306,310,7369,0,0,1,1750
304,307,7370,0,0,1
302,7370,7371,0,0,1
7347,300,7372,0,0,1
7141,7372,7373,0,0,1
7142,7373,7374,0,0,1
7138,7374,7375,0,0,1
7139,7375,7376,0,0,1
7136,7376,7377,0,0,1
7133,7377,7378,0,0,1
7134,7378,7379,0,0,1
7238,7379,7380,0,0,1
7131,7380,7381,0,0,1
7129,7381,7382,0,0,1
7126,7382,7383,0,0,1
7124,7127,7384,0,0,1
7308,7122,7385,0,0,1
7386,7306,7387,1,0,1
7388,7387,7389,1,0,1
309,7390,7391,0,1,1
7369,7391,7392,0,0,1
7383,7371,7393,0,0,1
7389,7385,7394,0,0,1
7393,7392,7395,0,0,1
7384,7395,7394,0,0,0
7148,647,7396,0,0,1,1750
7344,7396,7342,0,0,0
7397,7398,7399,1,1,1,2276
7400,7399,7401,1,0,1
7402,7401,7403,1,0,1
7404,7403,7405,1,0,1
6770,6731,7406,0,0,1
7407,7406,7408,1,0,1
7409,7408,7410,1,0,1
6810,7410,7411,0,0,1
6806,6808,7412,0,0,1
7413,7412,7414,1,0,1
6728,7415,7416,0,1,1
33,6726,7417,0,0,1
28,31,7418,0,0,1
26,29,7419,0,0,1
24,7419,7420,0,0,1
7405,7420,7421,0,0,1
7414,7411,7422,0,0,1
7416,7422,7423,0,0,1
6725,7423,7424,0,0,1
7417,7424,7425,0,0,1
7418,7425,7421,0,0,0
7415,793,7413,0,0,0,2276
7409,799,7407,0,0,0,2276
2069,7426,7427,1,1,1,2276
1943,7427,7428,1,0,1
7429,7428,7430,1,0,1
7431,7430,7432,1,0,1
6818,7433,7434,0,1,1
6815,7434,7435,0,0,1
6813,6816,7436,0,0,1
7404,7436,7437,0,0,1
7402,7437,7438,0,0,1
7400,7438,7439,0,0,1
7397,7439,7440,0,0,1
7432,7440,7435,0,0,0
7441,7442,7443,1,1,1,2277
7444,7445,7446,1,1,1
7447,7448,7449,1,1,1
7450,7451,7452,1,1,1
7453,7452,7454,1,0,1
7455,7454,7456,1,0,1
7457,7458,7459,1,1,1
153,7459,7460,1,0,1
170,157,7461,1,1,1
174,7461,7462,1,0,1
241,173,7463,1,1,1
177,7463,7464,1,0,1
176,7464,7465,1,0,1
181,179,7466,1,1,1
282,7466,7467,1,0,1
184,7467,7468,1,0,1
7469,7468,7470,1,0,1
187,7471,7472,1,1,1
189,186,7473,1,1,1
192,245,7474,1,1,1
191,7474,7475,1,0,1
7443,7475,7476,0,0,1
7446,7476,7477,0,0,1
7456,7478,7479,0,1,1
7480,7479,7481,1,0,1
7460,7481,7482,0,0,1
7470,7465,7483,0,0,1
7477,7473,7484,0,0,1
7485,7484,7486,1,0,1
7449,7486,7487,0,0,1
7482,7487,7488,0,0,1
7483,7462,7489,0,0,1
7472,7489,7488,0,0,0
7450,7490,7491,0,1,1,2276
7478,7451,7492,0,0,1
7447,7492,7493,0,0,1
7448,7493,7494,0,0,1
7485,7494,7495,0,0,1
7444,7495,7496,0,0,1
7441,7445,7497,0,0,1
7491,7497,7496,0,0,0
7458,7498,7499,0,1,1,2276
7480,7499,7455,0,0,0
7500,7501,7502,1,1,1,2277
7503,7502,7504,1,0,1
7505,7506,7507,1,1,1
7508,7509,7510,1,1,1
7511,7512,7513,1,1,1
7514,7513,7515,1,0,1
7516,7517,7518,1,1,1
7519,7520,7521,1,1,1
7522,7521,7523,1,0,1
7524,7525,7526,1,1,1
7527,7526,7528,1,0,1
7529,7528,7530,1,0,1
7531,7530,7532,1,0,1
6979,7532,7533,1,0,1
829,7533,7534,1,0,1
7535,739,7536,1,1,1
751,7537,7538,1,1,1
116,7538,7539,1,0,1
115,7539,7540,1,0,1
119,7540,7541,1,0,1
118,7541,7542,1,0,1
224,7542,7543,1,0,1
122,7543,7544,1,0,1
125,121,7545,1,1,1
128,124,7546,1,1,1
228,127,7547,1,1,1
131,7547,7548,1,0,1
7549,7550,7551,1,1,1
139,135,7552,1,1,1
142,138,7553,1,1,1
145,141,7554,1,1,1
7555,144,7556,1,1,1
7557,7556,7558,1,0,1
7504,7558,7559,0,0,1
7507,7559,7560,0,0,1
7523,7518,7561,0,0,1
7534,7561,7562,0,0,1
832,7562,7563,1,0,1
7536,7563,7564,0,0,1
7544,7564,7565,0,0,1
7546,7545,7566,0,0,1
7551,130,7567,0,1,1
7552,7567,7568,0,0,1
7553,7568,7569,0,0,1
7560,7554,7570,0,0,1
7565,7571,7572,0,1,1
7566,7572,7573,0,0,1
7548,7573,7574,0,0,1
7570,7569,7575,0,0,1
7510,7575,7576,0,0,1
7515,7576,7574,0,0,0
7501,7557,7577,1,1,1,2276
7506,7503,7578,1,1,1
7509,7505,7579,1,1,1
7512,7508,7580,1,1,1
7511,7580,7581,1,0,1
7571,7514,7582,1,1,1
7517,7582,7583,1,0,1
7520,7516,7584,1,1,1
7525,7522,7585,1,1,1
7586,7527,7587,1,1,1
7588,7587,7589,1,0,1
7590,7589,7591,1,0,1
7592,7591,7593,1,0,1
7594,7593,7595,1,0,1
7596,7595,7597,1,0,1
7577,7598,7599,0,1,1
7500,7599,7600,1,0,1
7579,7578,7601,0,0,1
7581,7601,7602,0,0,1
7583,7602,7603,0,0,1
7584,7603,7604,0,0,1
7519,7604,7605,1,0,1
7597,7524,7606,0,1,1
7600,7607,7608,0,1,1
7605,7608,7609,0,0,1
7585,7609,7606,0,0,0
7610,7611,7612,1,1,1,2277
7613,7612,7614,1,0,1
7615,7616,7617,1,1,1
7618,7619,7620,1,1,1
7621,7622,7623,1,1,1
7624,7623,7625,1,0,1
7626,7625,7627,1,0,1
7628,7629,7630,1,1,1
7631,7630,7632,1,0,1
7633,7634,7635,1,1,1
7636,7637,7638,1,1,1
7639,7638,7640,1,0,1
7641,7642,7643,1,1,1
7644,7643,7645,1,0,1
7646,7647,7648,1,1,1
7649,7648,7650,1,0,1
7651,7650,7652,1,0,1
7653,7654,7655,1,1,1
7656,7655,7657,1,0,1
7658,7659,7660,1,1,1
7661,7662,7663,1,1,1
7664,7663,7665,1,0,1
7666,7665,7667,1,0,1
7668,7667,7669,1,0,1
7670,7669,7671,1,0,1
7672,7673,7674,1,1,1
7675,7674,7676,1,0,1
7677,7676,7678,1,0,1
7679,7678,7680,1,0,1
7681,7680,7682,1,0,1
7683,7682,7684,1,0,1
7685,7686,7687,1,1,1
7688,7689,7690,1,1,1
7691,7690,7692,1,0,1
7627,7620,7693,0,0,1
7632,7693,7694,0,0,1
7640,7695,7696,0,1,1
7645,7696,7697,0,0,1
7652,7697,7698,0,0,1
7657,7698,7699,0,0,1
7660,7699,7700,0,0,1
7684,7671,7701,0,0,1
7692,7687,7702,0,0,1
7700,7635,7703,0,0,1
7702,7704,7705,0,1,1
7614,7705,7706,0,0,1
7617,7706,7707,0,0,1
7703,7694,7708,0,0,1
7701,7708,7707,0,0,0
7634,7631,7709,1,1,1,2276
7695,7633,7710,1,1,1
7637,7710,7711,1,0,1
7642,7639,7712,1,1,1
7713,7712,7714,1,0,1
7711,7709,7715,0,0,1
7636,7715,7714,1,0,0
7624,7716,7717,1,1,1,2276
7626,7717,7629,1,0,1
7610,7718,7719,1,1,1,2789
7613,7719,7720,1,0,1
7616,7720,7721,1,0,1
7619,7615,7722,1,1,1
7622,7618,7723,1,1,1
7721,7723,7722,0,0,0
7724,7725,7726,1,1,1,2789
7727,7726,7728,1,0,1
7688,7729,7730,0,1,1,2149
7731,7730,7732,1,0,1
7733,7732,7734,1,0,1
7735,7734,7736,1,0,1
7737,7736,7738,1,0,1
7739,7740,7741,1,1,1
7742,7741,7743,1,0,1
7744,7743,7745,1,0,1
7746,7745,7738,1,0,0
7747,7748,7749,1,1,1,2150
7750,7749,7751,1,0,1
7752,7753,7754,1,1,1,2150
7755,7756,7757,1,1,1
7758,7757,7759,1,0,1
7760,7761,7762,1,1,1
7763,7762,7764,1,0,1
7765,7764,7766,1,0,1
7767,7766,7768,1,0,1
7754,7769,7770,0,1,1
7759,7770,7771,0,0,1
7772,7771,7768,1,0,0
7773,7774,7775,1,1,1,2662
7776,7775,7777,1,0,1
7755,7777,7778,0,0,1
7779,7780,7781,1,1,1,2662
7782,7781,7783,1,0,1
7784,7785,7786,1,1,1
7787,7786,7788,1,0,1
7789,7788,7790,1,0,1
7791,7790,7792,1,0,1
7793,7792,7794,1,0,1
7795,7796,7797,1,1,1
7798,7799,7800,1,1,1
7783,7800,7801,0,0,1
7802,7801,7803,1,0,1
7794,7803,7797,0,0,0
7804,7805,7806,1,1,1,2774
7807,7808,7809,1,1,1
7810,7811,7812,1,1,1
7813,7814,7815,1,1,1
7816,7815,7817,1,0,1
7818,7817,7819,1,0,1
7820,7819,7821,1,0,1
7822,7823,7824,1,1,1
7787,7825,7826,1,1,1
7806,7826,7827,0,0,1
7821,7812,7828,0,0,1
7827,7824,7829,0,0,1
7809,7829,7828,0,0,0
7830,7831,7832,1,1,1,982
7833,7834,7835,1,1,1
7836,7835,7837,1,0,1
7838,7839,7840,1,1,1
7841,7842,7843,1,1,1
7804,7843,7844,1,0,1
7808,7844,7845,1,0,1
7807,7845,7846,1,0,1
7811,7846,7847,1,0,1
7848,7847,7849,1,0,1
7850,7849,7851,1,0,1
7852,7851,7853,1,0,1
7854,7853,7855,1,0,1
286,7856,7857,0,1,1
7832,7857,7858,0,0,1
7837,7858,7859,0,0,1
7855,7840,7860,0,0,1
7861,7860,7862,1,0,1
7863,7862,7859,1,0,0
7830,7864,7865,1,1,1,1750
7834,7865,7866,1,0,1
7833,7866,7867,1,0,1
7839,7836,7868,1,1,1
7838,7868,7869,1,0,1
7842,7869,7867,1,0,0
320,7870,7871,1,1,1,982
329,7871,7872,1,0,1
331,7872,323,1,0,1
312,314,7873,0,0,1,982
7874,7873,7875,1,0,1
7304,7875,7876,0,0,1
7302,7876,7877,0,0,1
7878,7877,316,1,0,0
7295,7879,7880,1,1,1,982
7297,7880,7300,1,0,1
359,7881,7882,1,1,1,1750
363,521,7883,1,1,1
362,7883,7884,1,0,1
366,7884,7882,1,0,0
7885,7886,7887,1,1,1,966
7888,7887,7889,1,0,1
7890,7889,7891,1,0,1
7892,7891,7893,1,0,1
7894,7893,7895,1,0,1
7896,7895,7897,1,0,1
7898,7897,7899,1,0,1
7900,7901,7902,1,1,1
7903,7902,7904,1,0,1
7905,7906,7907,1,1,1
7908,7909,7910,1,1,1
7911,7910,7912,1,0,1
7913,7912,7914,1,0,1
7915,7914,7916,1,0,1
7917,7916,7918,1,0,1
7919,7918,7920,1,0,1
7921,7922,7923,1,1,1
1619,7923,7924,0,0,1
1720,1723,7925,0,0,1
1718,1721,7926,0,0,1
1716,7926,7927,0,0,1
1712,1714,7928,0,0,1
1710,7928,7929,0,0,1
7930,7929,7931,1,0,1
7932,7933,7934,1,1,1
341,488,7935,1,1,1
344,7935,7936,1,0,1
495,346,7937,1,1,1
349,7937,7938,1,0,1
353,351,7939,1,1,1
355,7939,7940,1,0,1
357,7940,7941,1,0,1
7899,7941,7942,0,0,1
7904,7942,7943,0,0,1
7920,7907,7944,0,0,1
7945,7944,7946,1,0,1
7924,7946,7947,0,0,1
7927,7925,7948,0,0,1
7934,7949,7950,0,1,1
485,7950,7951,1,0,1
7936,7951,7952,0,0,1
7938,7952,7953,0,0,1
348,7953,7954,1,0,1
7943,7954,7955,0,0,1
7947,7956,7957,0,1,1
7948,7957,7958,0,0,1
7931,7958,7959,0,0,1
7960,7959,7955,1,0,0
7961,7962,7963,1,1,1,3526
7964,7963,7965,1,0,1
7966,7965,7967,1,0,1
7968,7969,7970,1,1,1
7971,7972,7973,1,1,1
7974,7975,7976,1,1,1
7977,7976,7978,1,0,1
7979,7980,7981,1,1,1
7982,7983,7984,1,1,1
7985,7984,7986,1,0,1
1632,7986,7987,0,0,1
7988,7987,7989,1,0,1
7990,7989,7991,1,0,1
7992,7991,7993,1,0,1
7915,7993,7994,0,0,1
7911,7913,7995,0,0,1
7905,7909,7996,0,0,1
7956,7906,7997,0,0,1
7903,7997,7998,0,0,1
7900,7998,7999,0,0,1
7898,7901,8000,0,0,1
7896,8000,8001,0,0,1
7892,7894,8002,0,0,1
7890,8002,8003,0,0,1
7888,8003,8004,0,0,1
7967,7885,8005,0,0,1
7970,8005,8006,0,0,1
7973,8007,8008,0,1,1
7978,8008,8009,0,0,1
7981,8009,8010,0,0,1
7994,8010,8011,0,0,1
7995,8011,8012,0,0,1
7999,7996,8013,0,0,1
8001,8013,8014,0,0,1
8004,8014,8015,0,0,1
8012,8006,8016,0,0,1
7908,8016,8015,0,0,0
8017,8018,8019,1,1,1,3510
7974,8020,8021,0,1,1
7971,7975,8022,0,0,1
8007,7972,8023,0,0,1
7968,8023,8024,0,0,1
7966,7969,8025,0,0,1
8019,7961,8026,0,0,1
8021,8026,8027,0,0,1
8025,8024,8028,0,0,1
8027,7964,8029,0,0,1
8022,8029,8028,0,0,0
12,9,8030,1,1,1,2788
11,8030,8031,1,0,1
204,8031,8032,1,0,1
15,8032,8033,1,0,1
14,8033,8034,1,0,1
8035,20,8036,1,1,1
0,8036,8037,1,0,1
5,3,8038,1,1,1
8034,7,8039,0,1,1
18,8039,8040,1,0,1
17,8040,8041,1,0,1
8037,8041,8038,0,0,0
8042,7704,8043,1,1,1,2278
7689,8044,8045,1,1,1
7731,8045,8046,1,0,1
8047,8046,8048,1,0,1
8049,8050,8051,1,1,1
7683,8051,8052,1,0,1
8043,8052,8048,0,0,0
235,233,8053,1,1,1,2277
166,8053,8054,1,0,1
165,8054,8055,1,0,1
168,8055,8056,1,0,1
238,259,8057,1,1,1
171,8057,8058,1,0,1
156,8058,8059,1,0,1
159,8059,8060,1,0,1
161,8060,8061,1,0,1
163,8061,8056,1,0,0
243,261,8062,1,1,1,2788
7471,8062,8063,0,0,1
7469,8063,8064,0,0,1
183,8064,277,1,0,1
7822,7825,8065,0,0,1,2262
7820,7823,8066,0,0,1
7816,7818,8067,0,0,1
8068,8067,8069,1,0,1
8070,8069,8071,1,0,1
8072,8071,8073,1,0,1
8074,8073,8075,1,0,1
8076,8077,8078,1,1,1
8079,8078,8080,1,0,1
8081,8082,8083,1,1,1
8084,8083,8085,1,0,1
8086,8085,8087,1,0,1
8088,8087,8089,1,0,1
8090,8091,8092,1,1,1
8093,8094,8095,1,1,1
8096,8095,8097,1,0,1
8098,8097,8099,1,0,1
8100,8101,8102,1,1,1
8103,8104,8105,1,1,1
8106,8107,8108,1,1,1
8109,8108,8110,1,0,1
8111,8110,8112,1,0,1
8113,8112,8114,1,0,1
8115,8114,8116,1,0,1
8117,8116,8118,1,0,1
8119,8120,8121,1,1,1
8122,8123,8124,1,1,1
8125,8124,8126,1,0,1
8127,8126,8128,1,0,1
8129,8128,8130,1,0,1
8131,8130,8132,1,0,1
8133,8132,8134,1,0,1
7784,8135,8136,1,1,1
8065,8136,8137,0,0,1
8066,8137,8138,0,0,1
8080,8075,8139,0,0,1
8092,8089,8140,0,0,1
8099,8140,8141,0,0,1
8102,8141,8142,0,0,1
8105,8142,8143,0,0,1
8118,8143,8144,0,0,1
8121,8144,8145,0,0,1
8146,8145,8147,1,0,1
8134,8147,8148,0,0,1
8139,8138,8149,0,0,1
8150,8149,8148,1,0,0
8151,8152,8153,1,1,1,1750
8154,8153,8155,1,0,1
8156,8155,8157,1,0,1
8158,8159,8160,1,1,1,2774
8161,8162,8163,1,1,1
8164,8165,8166,1,1,1
8167,8166,8168,1,0,1
8169,8168,8170,1,0,1
7852,7854,8171,0,0,1
8172,7850,8173,1,0,1
8174,8173,8175,1,0,1
8176,8175,8177,1,0,1
8178,8177,8179,1,0,1
8180,8179,8181,1,0,1
8182,8181,8183,1,0,1
8184,8185,8186,1,1,1
8187,8188,8189,1,1,1
8190,8191,8192,1,1,1
8193,8194,8195,1,1,1
8196,8195,8197,1,0,1
8198,8199,8200,1,1,1
7322,8200,8201,0,0,1
7318,8201,8202,0,0,1
8203,8202,8204,1,0,1
8160,8204,8205,0,0,1
8170,8163,8206,0,0,1
8171,8169,8207,0,0,1
8183,8207,8208,0,0,1
8209,8208,8210,1,0,1
8186,8210,8211,0,0,1
8189,8212,8213,0,1,1
8192,8213,8214,0,0,1
8197,8215,8216,0,1,1
8205,8216,8217,0,0,1
8211,8206,8218,0,0,1
8214,8218,8217,0,0,0
8219,8220,8221,1,1,1,982
8222,8223,8224,1,1,1
8225,8224,8226,1,0,1
8227,8226,8228,1,0,1
8229,8228,8221,1,0,0
7325,7321,8230,1,1,1,1751
7328,7324,8231,1,1,1
8232,8231,8233,1,0,1
8234,8233,8235,1,0,1
8198,8235,8230,1,0,0
8234,8199,8236,0,1,1,2775
8237,8236,8238,1,0,1
8193,8239,8240,1,1,1
8196,8240,8238,1,0,0
8241,7677,8242,1,0,1,2149
8243,8242,8244,1,0,1
8245,8244,8246,1,0,1
8247,8248,8249,1,1,1
8250,8251,8252,1,1,1
8253,8252,8254,1,0,1
8255,8254,8256,1,0,1
8257,8258,8259,1,1,1
8260,8259,8261,1,0,1
8262,8263,8264,1,1,1
8265,8264,8266,1,0,1
8267,8266,8268,1,0,1
8269,8268,8270,1,0,1
8271,8272,8273,1,1,1
8274,8275,8276,1,1,1
8277,8276,8278,1,0,1
8279,8280,8281,1,1,1
7679,8281,8282,0,0,1
8246,8282,8283,0,0,1
8249,8283,8284,0,0,1
8256,8284,8285,0,0,1
8286,8285,8287,1,0,1
8270,8261,8288,0,0,1
8289,8288,8290,1,0,1
8278,8273,8291,0,0,1
8287,8291,8290,0,0,0
8292,8293,8294,1,1,1,2263
8295,8296,8297,1,1,1
8298,8299,8300,1,1,1
8301,8300,8302,1,0,1
8303,8302,8304,1,0,1
8305,8304,8306,1,0,1
8307,8308,8309,1,1,1
8310,8309,8311,1,0,1
8182,8311,8312,1,0,1
8313,8312,8314,1,0,1
8315,8314,8316,1,0,1
8317,8316,8318,1,0,1
8319,8318,8320,1,0,1
8321,8320,8322,1,0,1
8188,8322,8323,1,0,1
8324,8323,8325,1,0,1
8326,8325,8327,1,0,1
8328,8329,8330,1,1,1
8190,8331,8332,1,1,1
8294,8332,8333,0,0,1
8297,8333,8334,0,0,1
8306,8334,8335,0,0,1
8327,8335,8330,0,0,0
8239,8336,8337,0,1,1,2262
8338,8337,8339,1,0,1
8340,8339,8341,1,0,1
8342,8341,8343,1,0,1
8344,8343,8345,1,0,1
8346,8347,8348,1,1,1
8296,8348,8349,0,0,1
8292,8349,8345,0,0,0
8350,8232,8351,1,0,1,983
8352,8351,8353,1,0,1
8354,8353,8355,1,0,1
8356,8357,8358,1,1,1
8359,8358,8360,1,0,1
8361,8360,8362,1,0,1
8363,8362,8364,1,0,1
8365,8366,8367,1,1,1
8368,8367,8369,1,0,1
8370,8371,8372,1,1,1
8298,8372,8373,0,0,1
8299,8373,8374,0,0,1
8346,8295,8375,0,0,1
8344,8347,8376,0,0,1
8340,8342,8377,0,0,1
8237,8338,8378,0,0,1
8355,8378,8379,0,0,1
8369,8364,8380,0,0,1
8374,8380,8381,0,0,1
8375,8381,8382,0,0,1
8376,8382,8383,0,0,1
8377,8383,8379,0,0,0
7357,7327,8384,1,1,1,982
7368,8384,8385,1,0,1
7363,8385,8386,1,0,1
8387,7331,8388,1,1,1
544,8388,8389,1,0,1
8371,8389,8390,0,0,1
8368,8390,8391,0,0,1
8392,8391,8393,1,0,1
8394,8393,8395,1,0,1
8396,8395,8397,1,0,1
8398,8397,8399,1,0,1
8400,8401,8402,1,1,1
8403,8404,8405,1,1,1
8357,8406,8407,0,1,1
8354,8407,8408,0,0,1
8352,8408,8409,0,0,1
8386,8350,8410,0,0,1
8399,8410,8411,0,0,1
8402,8411,8412,0,0,1
8413,8412,8414,1,0,1
8405,8414,8409,0,0,0
8331,8191,8415,0,1,1,2262
8328,8415,8416,0,0,1
8329,8416,8417,0,0,1
8326,8417,8418,0,0,1
8324,8418,8187,0,0,1
8172,7848,8419,1,1,1,2775
8174,8419,8420,1,0,1
8421,8176,8422,1,1,1
8423,8424,8425,1,1,1
8426,8425,8427,1,0,1
8428,8429,8430,1,1,1
8431,8432,8433,1,1,1
8180,8434,8435,1,1,1
8310,8435,8436,0,0,1
8307,8436,8437,0,0,1
8301,8438,8439,0,1,1
8370,8439,8440,0,0,1
547,8440,8441,1,0,1
551,549,8442,1,1,1
553,8442,8443,1,0,1
556,8443,8444,1,0,1
8445,558,8446,1,1,1
1319,8446,8447,1,0,1
8448,1322,8449,1,1,1
8450,8449,8451,1,0,1
8452,8451,8453,1,0,1
8454,8096,8455,1,0,1
8456,8457,8458,1,1,1
8459,8458,8460,1,0,1
8076,8460,8461,0,0,1
8462,8461,8463,1,0,1
8464,8463,8465,1,0,1
8466,8465,8467,1,0,1
8068,8468,8469,0,1,1
7813,8469,8470,0,0,1
7810,7814,8471,0,0,1
8420,8471,8472,0,0,1
8422,8472,8473,0,0,1
8474,8473,8475,1,0,1
8437,8476,8477,0,1,1
8444,8441,8478,0,0,1
555,8478,8479,1,0,1
8447,8479,8480,0,0,1
8455,8453,8481,0,0,1
8482,8481,8483,1,0,1
8484,8483,8485,1,0,1
8470,8467,8486,0,0,1
8475,8486,8487,0,0,1
8427,8487,8488,0,0,1
8430,8488,8489,0,0,1
8490,8489,8491,1,0,1
8433,8491,8492,0,0,1
8477,8492,8493,0,0,1
8480,8493,8485,0,0,0
8321,8212,8494,0,1,1,2262
8319,8494,8495,0,0,1
8315,8317,8496,0,0,1
8313,8496,8497,0,0,1
8209,8497,8498,1,0,1
8185,8498,8499,1,0,1
8184,8499,8495,1,0,0
7673,8500,8501,1,1,1,2276
7672,8501,8502,1,0,1
8503,8502,8504,1,0,1
8505,8504,8506,1,0,1
8507,8508,8509,1,1,1
7666,8509,8510,1,0,1
8506,8511,8512,0,1,1
8513,8512,8510,1,0,0
8514,7661,8515,1,1,1,2149
8516,8515,8517,1,0,1
8518,8517,8519,1,0,1
8520,8519,8521,1,0,1
8522,8521,8523,1,0,1
8524,8525,8526,1,1,1,2148
8527,8526,8528,1,0,1
8529,8530,8531,1,1,1
8508,8532,8533,1,1,1
7664,8507,8534,0,1,1
8514,8534,8535,1,0,1
8516,8535,8536,1,0,1
8518,8536,8537,1,0,1
8538,8520,8539,1,1,1
8540,8541,8542,1,1,1
8543,8544,8545,1,1,1
8546,8545,8547,1,0,1
8548,8547,8549,1,0,1
8550,8549,8551,1,0,1
8528,8551,8552,0,0,1
8533,8531,8553,0,0,1
8537,8553,8554,0,0,1
8552,8542,8555,0,0,1
8556,8555,8557,1,0,1
8554,8558,8559,0,1,1
8539,8559,8557,0,0,0
8560,8561,8562,1,1,1,2277
8563,8564,8565,1,1,1
8566,8565,8567,1,0,1
8568,8567,8569,1,0,1
8570,8571,8572,1,1,1
8573,8574,8575,1,1,1
8562,8576,8577,0,1,1
8569,8578,8579,0,1,1
8575,8572,8580,0,0,1
8581,8580,8582,1,0,1
8577,8582,8579,0,0,0
104,267,8583,1,1,1,2277
269,103,8584,1,1,1
252,8584,8585,1,0,1
107,8585,8586,1,0,1
8587,106,8588,1,1,1
72,8588,8589,1,0,1
75,8589,8590,1,0,1
78,213,8591,1,1,1
77,8591,8592,1,0,1
82,80,8593,1,1,1
216,84,8594,1,1,1
250,8594,8595,1,0,1
218,8595,8596,1,0,1
87,8596,8597,1,0,1
89,86,8598,1,1,1
91,8598,8599,1,0,1
94,8599,8600,1,0,1
8601,98,8602,1,1,1
8603,8602,8604,1,0,1
8583,8604,8605,0,0,1
8590,8586,8606,0,0,1
8597,8593,8607,0,0,1
8605,96,8608,0,1,1
8607,8592,8609,0,0,1
8600,8609,8610,0,0,1
8608,93,8611,0,1,1
8606,8611,8610,0,0,0
7011,8612,8613,0,1,1,2149
8614,8613,8615,1,0,1
8616,8615,8617,1,0,1
8618,8617,8619,1,0,1
8532,8513,8620,0,1,1
8558,8530,8621,0,0,1
8556,8621,8622,0,0,1
8527,8622,8623,0,0,1
8620,8619,8624,0,0,1
8529,8624,8623,0,0,0
8625,8505,8626,1,0,1,2661
8627,8626,8628,1,0,1
8629,8628,8630,1,0,1
8631,8630,8632,1,0,1
8633,8632,8634,1,0,1
8635,8634,8636,1,0,1
8616,8636,8618,1,0,1
8637,8638,8639,1,1,1,10341
8640,8639,8641,1,0,1
8642,8641,8643,1,0,1
8644,8645,8646,1,1,1
8241,8646,8647,0,0,1
7675,8647,8648,0,0,1
8503,8648,8649,1,0,1
8625,8649,8650,1,0,1
8651,8650,8643,1,0,0
8633,8631,8652,1,1,1,10853
8614,8635,8653,0,1,1
7010,8653,8654,0,0,1
8655,8654,8656,1,0,1
535,8656,8657,0,0,1
536,8657,8658,0,0,1
8659,8658,8660,1,0,1
8661,8660,8662,1,0,1
8627,8651,8663,1,0,1
8629,8663,8664,1,0,1
8652,8664,8662,0,0,0
8250,8665,8666,0,1,1,2148
8251,8666,8667,0,0,1
8247,8667,8668,0,0,1
8245,8248,8669,0,0,1
8243,8669,8670,0,0,1
8644,8670,8671,0,0,1
8642,8645,8672,0,0,1
8673,8640,8674,1,0,1
8668,8674,8675,0,0,1
8671,8675,8672,0,0,0
8676,8677,8678,1,1,1,2662
8679,8678,8680,1,0,1
8681,8680,8682,1,0,1
8683,8682,8684,1,0,1
8685,8684,8686,1,0,1
8687,8688,8689,1,1,1
8690,8689,8691,1,0,1
8692,8691,8686,1,0,0
8693,8694,8695,1,1,1,2660
6965,8695,8696,0,0,1
7003,8696,8697,0,0,1
7009,8697,8698,0,0,1
8699,6961,8700,1,0,1
8701,8700,8702,1,0,1
8703,8702,8698,1,0,0
8704,8413,8705,1,0,1,1751
8356,8706,8707,0,1,1
8406,8707,8708,0,0,1
8403,8708,8709,0,0,1
8404,8709,8705,0,0,0
8398,8401,8710,0,0,1,1750
8396,8710,8711,0,0,1
8712,8713,8714,1,1,1
8361,8715,8716,0,1,1
8359,8716,8717,0,0,1
8706,8717,8718,0,0,1
8400,8704,8719,0,0,1
8714,8711,8720,0,0,1
8721,8720,8722,1,0,1
8718,8722,8719,0,0,0
8459,8079,8723,0,0,1,2263
8084,8456,8724,0,0,1
8081,8724,8725,0,0,1
8150,8082,8726,0,0,1
8723,8726,8725,0,0,0
8466,8468,8727,0,0,1,2774
8464,8727,8728,0,0,1
8462,8728,8729,0,0,1
8074,8077,8730,0,0,1
8072,8730,8731,0,0,1
8070,8731,8729,0,0,0
8732,8733,8734,1,1,1,10341
8735,8736,8737,1,1,1
6942,8737,8738,1,0,1
8739,8738,8740,1,0,1
8741,8740,8742,1,0,1
8743,8742,8744,1,0,1
8745,8744,8746,1,0,1
8747,8746,8748,1,0,1
8749,8748,8734,1,0,0
8303,8305,8750,0,0,1,983
8438,8750,8308,0,0,0
8747,8751,8752,0,1,1,10853
8743,8745,8753,0,0,1
8739,8741,8754,0,0,1
6944,8754,8755,1,0,1
6948,6946,8756,1,1,1
6951,8756,8757,1,0,1
6998,6950,8758,1,1,1
6954,8758,8759,1,0,1
8752,6953,8760,0,1,1
8753,8760,8761,0,0,1
8755,8761,8762,0,0,1
8757,8762,8759,0,0,0
8178,8421,8763,1,0,1,983
8476,8434,8764,0,0,1
8431,8764,8765,0,0,1
8432,8765,8766,0,0,1
8490,8766,8767,0,0,1
8428,8767,8768,0,0,1
8426,8429,8769,0,0,1
8770,8771,8772,1,1,1
8773,8774,8775,1,1,1
8424,8775,8776,0,0,1
8474,8776,8777,0,0,1
8763,8777,8778,0,0,1
8772,8769,8779,0,0,1
8780,8779,8781,1,0,1
8782,8781,8783,1,0,1
8778,8784,8785,0,1,1
8768,8785,8783,0,0,0
8721,8715,8786,0,0,1,1751
8712,8786,8787,0,0,1
8713,8787,8788,0,0,1
8394,8788,8789,0,0,1
8365,8392,8790,0,0,1
8363,8366,8791,0,0,1
8789,8791,8790,0,0,0
8782,8784,8792,0,0,1,982
8780,8792,8793,0,0,1
8423,8771,8794,0,0,1
8773,8794,8795,0,0,1
8793,8774,8796,0,0,1
8770,8796,8795,0,0,0
8797,8798,8799,1,1,1,2662
8800,8799,8801,1,0,1
8802,8801,8803,1,0,1
8804,8803,8805,1,0,1
8806,8805,8807,1,0,1
8808,8809,8810,1,1,1
8811,8810,8812,1,0,1
8813,8814,8815,1,1,1
8816,8817,8818,1,1,1
8819,8818,8820,1,0,1
8821,8820,8822,1,0,1
8122,8822,8823,1,0,1
8824,8823,8825,1,0,1
8826,8825,8827,1,0,1
8828,8827,8829,1,0,1
8830,8829,8831,1,0,1
8832,8831,8833,1,0,1
8834,8833,8835,1,0,1
8836,8835,8837,1,0,1
8838,8837,8839,1,0,1
8840,8839,8841,1,0,1
8842,8841,8843,1,0,1
8844,8845,8846,1,1,1
8847,8846,8848,1,0,1
8849,8848,8850,1,0,1
8851,8850,8852,1,0,1
8853,8854,8855,1,1,1
8856,8857,8858,1,1,1
6938,8858,8859,0,0,1
6935,8859,8860,0,0,1
6933,8860,8861,0,0,1
6930,8861,8862,0,0,1
8863,8862,8864,1,0,1
8865,8864,8866,1,0,1
8867,8866,8868,1,0,1
8869,8868,8870,1,0,1
8871,8870,8872,1,0,1
8873,8874,8875,1,1,1
8876,8875,8877,1,0,1
8807,8877,8878,0,0,1
8879,8878,8880,1,0,1
8812,8880,8881,0,0,1
8815,8881,8882,0,0,1
8843,8882,8883,0,0,1
8852,8883,8884,0,0,1
8872,8855,8885,0,0,1
8876,8885,8886,0,0,1
8873,8886,8887,0,0,1
8874,8887,8884,0,0,0
8119,8146,8888,0,0,1,2774
8120,8888,8889,0,0,1
8117,8889,8890,0,0,1
8115,8890,8891,0,0,1
8111,8113,8892,0,0,1
8893,8894,8895,1,1,1
8896,8897,8898,1,1,1
8899,8898,8900,1,0,1
8901,8902,8903,1,1,1
8904,8903,8905,1,0,1
8821,8905,8906,1,0,1
8123,8906,8907,0,0,1
8891,8907,8908,0,0,1
8892,8908,8909,0,0,1
8895,8909,8900,0,0,0
7917,7919,8910,0,0,1,710
7992,8910,8911,0,0,1
8912,8911,8913,1,0,1
8914,8913,8915,1,0,1
1625,8916,8917,0,1,1
8918,8917,8919,1,0,1
1621,8919,8920,0,0,1
1618,8920,8921,0,0,1
7921,8921,8922,0,0,1
7922,8922,8923,0,0,1
7945,8923,8915,0,0,0
210,8924,8925,1,1,1,2277
64,8925,8926,1,0,1
8927,8928,8929,1,1,1
8930,8929,8931,1,0,1
8932,8933,8934,1,1,1
773,8934,8935,1,0,1
8936,8935,8937,1,0,1
8931,8926,8938,0,0,1
8939,8938,8937,1,0,0
8387,545,8940,0,1,1,1751
8941,8940,8942,1,0,1
8943,8942,8944,1,0,1
7333,8944,8945,1,0,1
8946,8945,8947,1,0,1
8948,8947,659,1,0,1
8949,54,8950,1,1,1,2277
8951,8952,8953,1,1,1
48,46,8954,1,1,1
52,50,8955,1,1,1
55,8955,8956,1,0,1
8953,8950,8957,0,0,1
8954,8957,8956,0,0,0
8958,8959,8960,1,1,1,2662
8961,8962,8963,1,1,1
8964,8965,8966,1,1,1
8967,8968,8969,1,1,1
8970,8971,8972,1,1,1
8973,8974,8975,1,1,1
8960,8975,8976,0,0,1
8963,8976,8977,0,0,1
8966,8977,8978,0,0,1
8969,8978,8972,0,0,0
111,109,8979,1,1,1,2789
754,8979,8980,1,0,1
756,8980,8981,1,0,1
70,807,8982,1,1,1
73,8982,8983,1,0,1
8587,8983,8981,0,0,0
8930,8939,8984,0,0,1,2276
8927,8984,8985,0,0,1
769,8986,8987,1,1,1
771,8987,8988,1,0,1
8932,8988,8989,0,0,1
8933,8989,8985,0,0,0
8949,39,8990,0,1,1,2789
776,8990,8991,1,0,1
780,778,8992,1,1,1
815,8992,8993,1,0,1
783,8993,8994,1,0,1
785,782,8995,1,1,1
8991,8995,8994,0,0,0
7535,7537,8996,0,0,1,2789
741,8996,8997,1,0,1
8998,8999,9000,1,1,1
749,745,9001,1,1,1
748,9001,9002,1,0,1
8997,9002,9000,0,0,0
9003,9004,9005,1,1,1,2661
9006,9005,9007,1,0,1
9008,9009,9010,1,1,1
9011,9012,9013,1,1,1
9014,9015,9016,1,1,1
8847,8844,9017,1,1,1
8849,9017,9018,1,0,1
8854,8851,9019,1,1,1
8857,8853,9020,1,1,1
8856,9020,9021,1,0,1
9007,9021,9022,0,0,1
9010,9022,9023,0,0,1
9018,9016,9024,0,0,1
9023,9019,9025,0,0,1
9013,9025,9024,0,0,0
7157,7243,9026,1,1,1,983
7156,9026,9027,1,0,1
641,9028,9029,1,1,1
7154,9029,9030,1,0,1
7153,9030,9027,1,0,0
759,63,9031,1,1,1,2789
761,9031,9032,1,0,1
764,9032,9033,1,0,1
767,763,9034,1,1,1
766,9034,9035,1,0,1
8986,9035,9036,0,0,1
8928,9036,9033,0,0,0
9037,9038,9039,1,1,1,2789
9040,9041,9042,1,1,1
9043,9044,9045,1,1,1
9046,9045,9047,1,0,1
9048,9047,9049,1,0,1
9050,9049,9051,1,0,1
9052,9051,9053,1,0,1
9054,9053,9055,1,0,1
9039,9056,9057,0,1,1
9042,9057,9055,0,0,0
8100,8104,9058,0,0,1,2774
8098,8101,9059,0,0,1
8452,9059,9060,0,0,1
8450,9060,9061,0,0,1
9062,9063,9064,1,1,1
9065,9066,9067,1,1,1
9068,9069,9070,1,1,1
9071,9072,9073,1,1,1
9074,9075,9076,1,1,1
9077,9076,9078,1,0,1
9079,9078,9080,1,0,1
9081,9080,9082,1,0,1
9083,9084,9085,1,1,1
9086,9087,9088,1,1,1
8106,9088,9089,0,0,1
8103,8107,9090,0,0,1
9058,9090,9091,0,0,1
9061,9091,9092,0,0,1
9064,9092,9093,0,0,1
9067,9093,9094,0,0,1
9070,9094,9095,0,0,1
9096,9095,9097,1,0,1
9073,9097,9098,0,0,1
9082,9098,9099,0,0,1
9085,9099,9089,0,0,0
9100,9101,9102,1,1,1,2775
9103,9102,9104,1,0,1
9105,9104,9106,1,0,1
9107,9106,9108,1,0,1
7159,9028,9109,1,0,1,2775
9110,9109,9111,1,0,1
639,9111,9112,1,0,1
678,9112,9113,1,0,1
680,9113,642,1,0,1
8484,8457,9114,0,0,1,2263
8482,9114,9115,0,0,1
8093,8454,9116,0,0,1
8090,8094,9117,0,0,1
8088,8091,9118,0,0,1
8086,9118,9119,0,0,1
9115,9119,9120,0,0,1
9116,9120,9117,0,0,0
7164,7161,9121,1,1,1,983
7265,7163,9122,1,1,1
7167,9122,9123,1,0,1
7166,9123,9124,1,0,1
7169,9124,9125,1,0,1
637,9125,9126,1,0,1
636,9126,9127,1,0,1
9110,9127,9121,0,0,0
9128,8899,9129,1,0,1,2262
9081,9130,9131,0,1,1
9132,9131,9133,1,0,1
9134,9133,9135,1,0,1
9136,9135,9137,1,0,1
9138,9139,9140,1,1,1
9141,9142,9143,1,1,1
9144,9143,9145,1,0,1
9129,8902,9146,0,0,1
9137,9146,9147,0,0,1
9145,9140,9148,0,0,1
8904,9148,9149,0,0,1
8901,9149,9147,0,0,0
7990,8912,9150,0,0,1,966
7988,9150,9151,0,0,1
1630,9151,9152,0,0,1
1628,9152,9153,0,0,1
8916,9153,8914,0,0,0
9083,9087,9154,0,0,1,2773
9130,9084,9155,0,0,1
9128,9155,9156,0,0,1
8896,9156,9157,0,0,1
8893,8897,9158,0,0,1
8109,8894,9159,0,0,1
9086,9159,9160,0,0,1
9154,9160,9161,0,0,1
9157,9161,9158,0,0,0
9162,9163,9164,1,1,1,2775
9165,9164,9166,1,0,1
1315,1312,9167,1,1,1
564,9167,9168,1,0,1
566,9168,9166,1,0,0
7207,7274,9169,1,1,1,3030
7209,7206,9170,1,1,1
7214,7211,9171,1,1,1
9172,7213,9173,1,1,1
9174,9173,9175,1,0,1
9176,9175,9177,1,0,1
9178,9177,9179,1,0,1
9180,9179,9181,1,0,1
7204,7202,9182,1,1,1
9169,9182,9183,0,0,1
9170,9183,9184,0,0,1
9181,9171,9185,0,0,1
9186,9185,9184,1,0,0
9187,9188,9189,1,1,1,2788
9190,9189,9191,1,0,1
9192,9191,9193,1,0,1
9194,9193,9195,1,0,1
9196,9195,9197,1,0,1
9198,9199,9200,1,1,1
9201,9200,9202,1,0,1
9203,9202,9204,1,0,1
9205,9204,9206,1,0,1
9207,9206,9208,1,0,1
9209,9208,9210,1,0,1
9211,9210,9197,1,0,0
9144,8819,9212,0,1,1,2150
9213,9212,9214,1,0,1
9215,9214,9216,1,0,1
9217,9216,9218,1,0,1
9219,9218,9220,1,0,1
9221,9220,9222,1,0,1
9223,9222,9224,1,0,1
9225,9224,9226,1,0,1
9227,9228,9229,1,1,1
9230,9231,9232,1,1,1
9233,9234,9235,1,1,1
9236,9235,9237,1,0,1
9238,9237,9239,1,0,1
9240,9239,9241,1,0,1
9242,9241,9243,1,0,1
9244,9245,9246,1,1,1
9247,9246,9248,1,0,1
9249,9248,9250,1,0,1
9251,9252,9253,1,1,1
9254,9253,9255,1,0,1
9256,9255,9257,1,0,1
8808,9257,9258,1,0,1
8814,8811,9259,1,1,1
8813,9259,9260,1,0,1
8817,9260,9261,1,0,1
8816,9261,9262,1,0,1
9226,9262,9263,0,0,1
9229,9263,9264,0,0,1
9265,9264,9266,1,0,1
9232,9266,9267,0,0,1
9243,9267,9268,0,0,1
9269,9268,9270,1,0,1
9250,9270,9258,0,0,0
9271,9272,9273,1,1,1,3030
9274,9273,9275,1,0,1
9276,9275,9277,1,0,1
9278,9277,9279,1,0,1
560,8445,9280,1,0,1,2262
1317,9280,9281,1,0,1
1498,9281,1320,1,0,1
9282,9283,9284,1,1,1,2789
9285,9286,9287,1,1,1
9288,9287,9289,1,0,1
9290,9291,9292,1,1,1
9293,9294,9295,1,1,1
9296,9295,9297,1,0,1
9298,9297,9299,1,0,1
9284,9300,9301,0,1,1
9289,9301,9302,0,0,1
9292,9302,9299,0,0,0
9134,9136,9303,0,0,1,2261
9304,9303,9305,1,0,1
9306,9305,9307,1,0,1
9142,9308,9309,0,1,1
9138,9309,9310,0,0,1
9139,9310,9307,0,0,0
9079,9132,9311,0,0,1,2773
9312,9077,9313,1,0,1
9314,9315,9316,1,1,1
9317,9316,9318,1,0,1
9319,9318,9320,1,0,1
9215,9320,9321,0,0,1
9213,9321,9322,0,0,1
9141,9322,9323,0,0,1
9308,9323,9324,0,0,1
9306,9324,9325,0,0,1
9311,9304,9326,0,0,1
9313,9326,9325,0,0,0
663,575,9327,1,1,1,2775
578,9327,9328,1,0,1
1493,9328,9329,1,0,1
9330,9331,9332,1,1,1,2775
9333,9332,9334,1,0,1
9335,9334,9336,1,0,1
9337,9338,9339,1,1,1
9340,9339,9341,1,0,1
9342,9343,9344,1,1,1
9345,9344,9346,1,0,1
9336,9346,9341,0,0,0
570,9165,9347,1,0,1,2262
9329,573,9348,0,1,1
1307,9348,9349,1,0,1
1306,9349,9350,1,0,1
1310,9350,9351,1,0,1
1309,9351,9352,1,0,1
1313,9352,9347,1,0,0
583,580,9353,1,1,1,2775
582,9353,9354,1,0,1
1302,9354,1304,1,0,1
7249,7247,9355,1,1,1,983
7181,9355,9356,1,0,1
631,7180,9357,1,1,1
7171,634,9358,1,1,1
7174,9358,9359,1,0,1
7173,9359,9360,1,0,1
7178,7176,9361,1,1,1
9356,9361,9362,0,0,1
9357,9362,9360,0,0,0
7187,7251,9363,1,1,1,983
7186,9363,9364,1,0,1
7268,9364,9365,1,0,1
7253,9365,9366,1,0,1
7189,9366,9367,1,0,1
9368,9367,7184,1,0,1
9068,9096,9369,0,0,1,2262
9370,9369,9371,1,0,1
9372,9371,9373,1,0,1
9374,9373,9072,1,0,0
8809,8879,9375,1,1,1,2661
9256,9375,9376,0,0,1
9377,9376,9378,1,0,1
9379,9378,9380,1,0,1
9381,9380,9382,1,0,1
9383,9382,9384,1,0,1
9385,9384,9386,1,0,1
9387,9388,9389,1,1,1
9390,9389,9391,1,0,1
9392,9393,9394,1,1,1
9395,9394,9396,1,0,1
9397,9396,9398,1,0,1
9399,9398,9400,1,0,1
9401,9402,9403,1,1,1
9404,9405,9406,1,1,1
9407,9406,9408,1,0,1
9409,9408,9410,1,0,1
9411,9410,9412,1,0,1
9413,9414,9415,1,1,1
9416,9415,9417,1,0,1
9418,9417,9419,1,0,1
9391,9386,9420,0,0,1
9421,9420,9422,1,0,1
9400,9423,9424,0,1,1
9412,9403,9425,0,0,1
9426,9425,9427,1,0,1
9422,9419,9428,0,0,1
9424,9428,9427,0,0,0
9223,9225,9429,0,0,1,2149
9217,9219,9430,0,0,1
9319,9430,9431,0,0,1
9432,9431,9433,1,0,1
9434,9433,9435,1,0,1
9436,9435,9437,1,0,1
9438,9439,9440,1,1,1
9231,9440,9441,0,0,1
9227,9265,9442,0,0,1
9429,9228,9443,0,0,1
9221,9443,9444,0,0,1
9437,9444,9445,0,0,1
9441,9445,9442,0,0,0
9446,9315,9447,1,1,1,2261
9448,9449,9450,1,1,1
9451,9452,9453,1,1,1
9438,9454,9455,1,1,1
9230,9455,9456,1,0,1
9234,9456,9457,1,0,1
9458,9457,9459,1,0,1
9460,9461,9462,1,1,1
9463,9464,9465,1,1,1
9466,9465,9467,1,0,1
9468,9467,9469,1,0,1
9470,9469,9471,1,0,1
9472,9473,9474,1,1,1
9475,9474,9476,1,0,1
9312,9074,9477,1,1,1
9447,9477,9478,0,0,1
9450,9478,9479,0,0,1
9453,9479,9480,0,0,1
9481,9480,9482,1,0,1
9471,9462,9483,0,0,1
9484,9483,9485,1,0,1
9476,9486,9487,0,1,1
9485,9459,9488,0,0,1
9489,9488,9490,1,0,1
9487,9491,9492,0,1,1
9482,9492,9490,0,0,0
9493,9494,9495,1,1,1,2262
9496,9495,9497,1,0,1
9498,9499,9500,1,1,1
9501,9500,9502,1,0,1
9472,9502,9503,1,0,1
9475,9503,9504,1,0,1
9075,9504,9505,0,0,1
9071,9505,9497,0,0,0
9374,9506,9507,1,1,1,10454
9494,9507,9508,1,0,1
9509,9510,9511,1,1,1
9508,9512,9513,0,1,1
9493,9513,9511,1,0,0
9514,9506,9515,1,0,1,14550
9516,9515,9517,1,0,1
9518,9517,9519,1,0,1
9520,9519,9521,1,0,1
9522,9521,9523,1,0,1
9065,9523,9524,1,0,1
9069,9524,9525,1,0,1
9370,9525,9372,1,0,1
9317,9432,9526,0,0,1,2262
9446,9314,9527,1,0,1
9449,9527,9528,1,0,1
9448,9528,9529,1,0,1
9452,9529,9530,1,0,1
9481,9451,9531,1,1,1
9454,9531,9532,1,0,1
9439,9532,9533,0,0,1
9436,9533,9534,0,0,1
9434,9534,9535,0,0,1
9526,9535,9530,0,0,0
9510,9536,9537,0,1,1,14549
9496,9537,9538,1,0,1
9499,9538,9539,1,0,1
9473,9501,9540,0,1,1
9541,9540,9542,1,0,1
9543,9542,9544,1,0,1
9545,9544,9546,1,0,1
9539,9547,9548,0,1,1
9498,9548,9546,1,0,0
9549,9550,9551,1,1,1,10455
9552,9551,9553,1,0,1
1324,9554,9555,0,1,1
8448,9555,9556,1,0,1
9063,9556,9553,1,0,0
9180,9186,9557,0,0,1,2262
9558,9557,9559,1,0,1
9560,9561,9562,1,1,1
9176,9563,9564,0,1,1
9174,9564,9565,0,0,1
9172,9565,9566,0,0,1
7216,9566,9567,1,0,1
9568,7218,9569,1,1,1
9570,9569,9571,1,0,1
9572,9571,9573,1,0,1
9574,9575,9576,1,1,1
9577,9578,9579,1,1,1
9580,9581,9582,1,1,1
6380,9582,9583,1,0,1
6384,6382,9584,1,1,1
1570,9584,9585,1,0,1
1574,9585,9586,1,0,1
1576,1573,9587,1,1,1
1581,1578,9588,1,1,1
7198,9588,9589,1,0,1
9567,9590,9591,0,1,1
9573,9591,9592,0,0,1
9583,9579,9593,0,0,1
9586,9593,9594,0,0,1
9587,9594,9595,0,0,1
9589,9595,9596,0,0,1
7200,9596,9597,1,0,1
9592,9562,9598,0,0,1
9597,9599,9600,0,1,1
9559,9600,9601,0,0,1
9598,9602,9603,0,1,1
9576,9603,9604,0,0,1
9605,9604,9601,1,0,0
621,9368,9606,1,0,1,2775
9607,9608,9609,1,1,1
672,623,9610,1,1,1
674,9610,9611,1,0,1
627,9611,9612,1,0,1
9606,626,9613,0,1,1
9609,9613,9612,0,0,0
395,503,9614,1,1,1,3030
394,9614,9615,1,0,1
9616,9617,9618,1,1,1
9619,9618,9620,1,0,1
9621,9620,9622,1,0,1
9623,9622,9615,1,0,0
9624,9625,9626,1,1,1,10454
9627,9628,9629,1,1,1
9630,9629,9631,1,0,1
9632,9631,9633,1,0,1
9634,9633,9635,1,0,1
9636,9635,9637,1,0,1
9638,9637,9639,1,0,1
9626,9640,9641,0,1,1
9642,9641,9643,1,0,1
9639,9644,9645,0,1,1
9646,9645,9643,1,0,0
8869,8871,9647,0,0,1,2150
9648,9647,9649,1,0,1
9254,9377,9650,0,0,1,10342
9251,9650,9651,0,0,1
9249,9252,9652,0,0,1
9653,9652,9654,1,0,1
9655,9654,9656,1,0,1
9657,9656,9658,1,0,1
9659,9658,9660,1,0,1
9661,9660,9662,1,0,1
9663,9662,9664,1,0,1
9665,9664,9651,1,0,0
587,1300,9666,1,1,1,2262
1296,1294,9667,1,1,1
1298,9667,9666,1,0,0
9668,7014,9669,1,1,1,10341
9670,9669,9671,1,0,1
6514,9672,9673,1,1,1
6548,9673,9674,1,0,1
9675,9674,9676,1,0,1
9677,9676,9678,1,0,1
6521,9678,9671,1,0,0
9663,9665,9679,0,0,1,2149
9680,9679,9681,1,0,1
9682,9683,9684,1,1,1
9685,9686,9687,1,1,1
9653,9655,9688,0,0,1
9247,9688,9689,0,0,1
9690,9689,9691,1,0,1
9381,9692,9693,0,1,1
9681,9379,9694,0,0,1
9691,9695,9696,0,1,1
9697,9696,9698,1,0,1
9694,9693,9699,0,0,1
9684,9699,9700,0,0,1
9701,9700,9702,1,0,1
9687,9702,9698,0,0,0
9242,9269,9703,0,0,1,1638
9238,9240,9704,0,0,1
9705,9704,9706,1,0,1
9707,9706,9708,1,0,1
9709,9708,9710,1,0,1
9245,9710,9703,0,0,0
595,592,9711,1,1,1,1750
9712,9711,9713,1,0,1
9714,9715,9716,1,1,1
1292,9717,9718,1,1,1
9713,9718,9716,0,0,0
1626,8918,9719,0,0,1,966
1725,9719,1623,0,0,0
9659,9661,9720,0,0,1,10341
9695,9657,9721,0,0,1
9685,9721,9722,0,0,1
9686,9722,9723,0,0,1
9701,9723,9724,0,0,1
9682,9724,9725,0,0,1
9683,9725,9726,0,0,1
9680,9726,9720,0,0,0
9413,9727,9728,0,1,1,2149
9729,9728,9730,1,0,1
9407,9409,9731,0,0,1
9732,9731,9733,1,0,1
8797,9733,9734,1,0,1
8800,9734,9730,1,0,0
9735,9736,9737,1,1,1,1750
9738,9737,9739,1,0,1
9740,9741,9742,1,1,1
9743,9744,9745,1,1,1
405,9745,9746,0,0,1
406,9746,9747,0,0,1
402,9747,9748,0,0,1
399,403,9749,0,0,1
9619,9749,9750,1,0,1
390,9751,9752,0,1,1
388,9752,9753,0,0,1
386,9753,9754,0,0,1
9755,9754,9756,1,0,1
9757,9756,9758,1,0,1
7285,9758,9759,0,0,1
9739,9759,9760,0,0,1
9742,9760,9761,0,0,1
9748,9761,9750,0,0,0
9762,9763,9764,1,1,1,2262
9636,9764,9765,0,0,1
9766,9765,9767,1,0,1
9768,9767,9769,1,0,1
9770,9236,9771,1,0,1,9830
9772,9773,9774,1,1,1
9775,9774,9776,1,0,1
9777,9776,9778,1,0,1
9690,9778,9779,0,0,1
9244,9779,9780,0,0,1
9709,9780,9781,0,0,1
9707,9781,9782,0,0,1
9771,9705,9783,0,0,1
9784,9783,9785,1,0,1
9786,9785,9782,1,0,0
9464,9787,9788,0,1,1,9829
9460,9788,9789,0,0,1
9458,9461,9790,0,0,1
9770,9233,9791,1,1,1
9786,9784,9792,1,1,1
9773,9792,9793,1,0,1
9794,9772,9795,1,1,1
9796,9795,9797,1,0,1
9798,9797,9799,1,0,1
9789,9799,9800,0,0,1
9791,9790,9801,0,0,1
9793,9801,9800,0,0,0
1341,9802,9803,1,1,1,983
9804,9803,9805,1,0,1
9806,9805,9807,1,0,1
9808,9809,9810,1,1,1
9811,9812,9813,1,1,1
9814,9815,9816,1,1,1
9817,9816,9818,1,0,1
9819,9820,9821,1,1,1
9822,9821,9823,1,0,1
9824,9825,9826,1,1,1
9827,9828,9829,1,1,1
9627,9829,9830,0,0,1
9807,9628,9831,0,0,1
9810,9831,9832,0,0,1
9833,9832,9834,1,0,1
9818,9813,9835,0,0,1
9823,9835,9836,0,0,1
9826,9836,9837,0,0,1
9830,9838,9839,0,1,1
9834,9839,9837,0,0,0
9426,9414,9840,0,0,1,2150
9411,9840,9729,0,0,0
9768,9841,9842,0,1,1,981
9843,9842,9844,1,0,1
9845,9844,9846,1,0,1
9847,9846,9848,1,0,1
9849,9850,9851,1,1,1
9852,9851,9853,1,0,1
9854,9853,9855,1,0,1
9856,9855,9848,1,0,0
9634,9766,9857,0,0,1,9174
9858,9632,9859,1,0,1
9860,9859,9861,1,0,1
9862,9861,9863,1,0,1
9864,9863,9865,1,0,1
9866,9865,9867,1,0,1
9868,9867,9869,1,0,1
9870,9871,9872,1,1,1
9873,9874,9875,1,1,1
9876,9875,9877,1,0,1
9878,9877,9879,1,0,1
9880,9879,9881,1,0,1
9882,9881,9883,1,0,1
9884,9883,9885,1,0,1
9886,9885,9887,1,0,1
9888,9887,9889,1,0,1
9850,9890,9891,0,1,1
9847,9891,9892,0,0,1
9843,9845,9893,0,0,1
9857,9893,9894,0,0,1
9869,9894,9895,0,0,1
9872,9895,9896,0,0,1
9889,9896,9892,0,0,0
9827,9630,9897,0,0,1,9175
9838,9828,9898,0,0,1
9824,9898,9899,0,0,1
9825,9899,9900,0,0,1
9901,9822,9902,1,0,1
9860,9902,9903,0,0,1
9858,9903,9904,0,0,1
9897,9904,9900,0,0,0
1288,1290,9905,0,0,1,2262
9906,1275,9907,1,0,1
9908,9907,9909,1,0,1
9910,9911,9912,1,1,1
9913,9914,9915,1,1,1
9916,9917,9918,1,1,1
601,9918,9919,0,0,1
9920,9921,9922,1,1,1
597,9923,9924,0,1,1
9712,594,9925,1,0,1
9717,9714,9926,1,1,1
9905,9926,9927,0,0,1
9909,1277,9928,0,0,1
9919,9929,9930,0,1,1
9922,9930,9931,0,0,1
9925,9924,9932,0,0,1
9715,9932,9933,1,0,1
9927,9933,9934,0,0,1
1286,9934,9935,0,0,1
9928,1280,9936,0,0,1
9937,9936,9938,1,0,1
9931,9915,9939,0,0,1
9935,9939,9940,0,0,1
9938,1279,9941,0,0,1
9942,9941,9943,1,0,1
9940,9944,9945,0,1,1
9943,1282,9946,0,0,1
9947,9946,9948,1,0,1
9945,9912,9949,0,0,1
1284,9949,9948,0,0,0
9590,9563,9950,0,0,1,982
9560,9950,9951,0,0,1
9561,9951,9952,0,0,1
9602,9952,9953,0,0,1
9558,9953,9178,0,0,0
9605,9599,9954,0,0,1,2263
9574,9954,9955,0,0,1
9956,9575,9957,1,0,1
9958,9957,9959,1,0,1
9960,9959,9961,1,0,1
9962,9961,9963,1,0,1
9964,9963,9965,1,0,1
9966,9967,9968,1,1,1
9969,9968,9970,1,0,1
9971,9970,9972,1,0,1
9973,9972,9974,1,0,1
9975,9974,9976,1,0,1
9977,9978,9979,1,1,1
9980,9981,9982,1,1,1
9983,9982,9984,1,0,1
9985,9986,9987,1,1,1
9580,9988,9989,0,1,1
9577,9581,9990,0,0,1
9955,9578,9991,0,0,1
9965,9991,9992,0,0,1
9976,9992,9993,0,0,1
9984,9979,9994,0,0,1
9987,9994,9995,0,0,1
9989,9995,9996,0,0,1
9990,9996,9993,0,0,0
9401,9405,9997,0,0,1,2662
9399,9402,9998,0,0,1
6491,9998,9999,1,0,1
6493,9999,10000,1,0,1
10001,10000,9997,1,0,0
1599,10002,10003,0,1,1,2262
613,10003,611,0,0,0
7222,7220,10004,1,1,1,1750
10005,10004,10006,1,0,1
10007,10008,10009,1,1,1
10010,10009,10011,1,0,1
10012,10011,10013,1,0,1
10014,10013,10015,1,0,1
10016,10017,10018,1,1,1
10019,10020,10021,1,1,1
9969,10021,10022,0,0,1
10023,10022,10024,1,0,1
9956,10024,10025,0,0,1
9572,10025,10026,0,0,1
9570,10026,10027,0,0,1
10006,9568,10028,0,0,1
10015,10028,10029,0,0,1
10018,10029,10027,0,0,0
602,599,10030,1,1,1,1750
9921,10030,10031,1,0,1
9920,10031,9923,1,0,1
6898,6883,10032,1,1,1,2789
6837,6833,10033,1,1,1
6840,6836,10034,1,1,1
6842,6839,10035,1,1,1
6822,10035,10036,1,0,1
6825,10036,10037,1,0,1
10038,10037,10039,1,0,1
10040,10039,10041,1,0,1
6831,6827,10042,1,1,1
10032,6830,10043,0,1,1
6834,10043,10044,1,0,1
10033,10044,10045,0,0,1
10034,10045,10046,0,0,1
10041,10046,10042,0,0,0
10047,10048,10049,1,1,1,1637
10050,10049,10051,1,0,1
10052,10051,10053,1,0,1
10054,10053,10055,1,0,1
10056,10055,10057,1,0,1
10058,10059,10060,1,1,1
10061,10062,10063,1,1,1
10064,10063,10065,1,0,1
10066,10067,10068,1,1,1
10069,10068,10070,1,0,1
10071,10072,10073,1,1,1
9794,10073,10074,0,0,1
9775,10074,10075,1,0,1
9697,9777,10076,1,1,1
9692,10076,10077,1,0,1
9383,10077,10078,1,0,1
10079,10080,10081,1,1,1
10082,10081,10083,1,0,1
10084,10083,10085,1,0,1
10086,10085,10087,1,0,1
10088,6469,10089,1,0,1
10065,10060,10090,0,0,1
10075,10070,10091,0,0,1
10078,10091,10092,0,0,1
10089,10093,10094,0,1,1
10057,10094,10095,0,0,1
10090,10095,10096,0,0,1
10092,10097,10098,0,1,1
10087,10098,10096,0,0,0
10099,7977,10100,1,0,1,966
10101,10102,10103,1,1,1
10104,10103,10105,1,0,1
10106,10105,10107,1,0,1
10108,10107,10109,1,0,1
10110,10109,10111,1,0,1
10112,10111,10113,1,0,1
10114,10115,10116,1,1,1
10117,10116,10118,1,0,1
10119,10120,10121,1,1,1
10122,10121,10123,1,0,1
10124,10123,10125,1,0,1
10126,10125,10127,1,0,1
10128,10127,10129,1,0,1
7980,10129,10130,0,0,1
10113,10100,10131,0,0,1
10118,10131,10132,0,0,1
10133,10132,10130,1,0,0
10134,8020,10135,1,0,1,950
10136,10135,10137,1,0,1
10101,10137,10138,0,0,1
10102,10138,10099,0,0,0
10139,10140,10141,1,1,1,2789
10142,10141,10143,1,0,1
10144,10143,10145,1,0,1
6891,6867,10146,1,1,1,2789
10147,6870,10148,1,1,1
10149,10148,10150,1,0,1
10151,10152,10153,1,1,1
10154,10153,10155,1,0,1
10156,10155,10157,1,0,1
10150,10146,10158,0,0,1
10159,10158,10157,1,0,0
10160,10161,10162,1,1,1,982
10163,10162,10164,1,0,1
10165,10164,10166,1,0,1
7433,7431,10167,1,1,1,2788
1949,10167,10168,0,0,1
1950,10168,10169,0,0,1
1946,2027,10170,0,0,1
7429,1947,10171,1,0,1
10169,10171,10170,0,0,0
10172,10173,10174,1,1,1,10453
9884,9886,10175,0,0,1
10176,10177,10178,1,1,1
10179,10178,10180,1,0,1
10174,10181,10182,0,1,1
10175,10182,10180,0,0,0
10183,10184,10185,1,1,1,2263
10186,10185,10187,1,0,1
10188,10187,10189,1,0,1
10190,10191,10192,1,1,1
10193,10192,10194,1,0,1
10195,10194,10196,1,0,1
6919,10196,10189,1,0,0
6634,6630,10197,1,1,1,3031
6656,6633,10198,1,1,1
6637,10198,10199,1,0,1
10200,10199,10201,1,0,1
10202,10201,10203,1,0,1
10204,10203,10205,1,0,1
10183,10205,10206,0,0,1
10207,10206,10197,1,0,0
6502,10208,10209,1,1,1,10342
6505,6542,10210,1,1,1
10211,6504,10212,1,1,1
10209,10212,10210,0,0,0
9901,9862,10213,0,0,1,10455
9819,10213,10214,0,0,1
10215,10214,10216,1,0,1
10217,10216,10218,1,0,1
10219,10220,10221,1,1,1
10222,10221,10223,1,0,1
9866,10223,10224,0,0,1
9864,10224,10218,0,0,0
1345,1343,10225,1,1,1,10455
1347,10225,10226,1,0,1
10227,2118,10228,1,1,1
10229,10228,10230,1,0,1
10231,10232,10233,1,1,1
10234,10233,10235,1,0,1
10236,10235,10237,1,0,1
2089,2085,10238,1,1,1
10239,10240,10241,1,1,1
10242,10243,10244,1,1,1
10245,10244,10246,1,0,1
10247,10246,10248,1,0,1
10249,10248,10250,1,0,1
10251,10252,10253,1,1,1
10254,10253,10255,1,0,1
9814,10255,10256,0,0,1
10257,10256,10258,1,0,1
10259,10258,10260,1,0,1
10261,10262,10263,1,1,1
9806,10264,10265,0,1,1
10226,9804,10266,0,0,1
10230,10266,10267,0,0,1
10250,10241,10268,0,0,1
10260,10268,10269,0,0,1
10263,10269,10270,0,0,1
10267,10265,10271,0,0,1
10237,10271,10272,0,0,1
10238,10272,10270,0,0,0
7224,10273,10274,0,1,1,1749
10005,10274,10275,1,0,1
10008,10275,10276,1,0,1
10007,10276,10277,1,0,1
10278,10277,10279,1,0,1
10280,10281,10282,1,1,1
10283,10284,10285,1,1,1
10286,10285,10287,1,0,1
10279,10287,10282,0,0,0
10288,10289,10290,1,1,1,966
10291,10292,10293,1,1,1
10294,10293,10290,1,0,0
10149,10159,10295,0,0,1,10981
1769,10147,10296,0,0,1
2040,10296,10297,0,0,1
1766,10297,10298,0,0,1
6863,10298,10299,1,0,1
10151,10299,10300,0,0,1
10152,10300,10295,0,0,0
9808,9833,10301,0,0,1,9175
10264,9809,10302,0,0,1
10261,10302,10303,0,0,1
10259,10262,10304,0,0,1
10257,10304,10305,0,0,1
9815,10305,10306,0,0,1
9811,10306,10307,0,0,1
10301,9812,10308,0,0,1
10303,10308,10307,0,0,0
9817,9820,10309,0,0,1,2263
10254,10309,10310,0,0,1
10251,10310,10311,0,0,1
10249,10252,10312,0,0,1
10313,10312,10314,1,0,1
10315,10314,10316,1,0,1
10317,10316,10318,1,0,1
10319,10318,10320,1,0,1
10219,10320,10321,0,0,1
10217,10220,10322,0,0,1
10215,10322,10323,0,0,1
10311,10323,10321,0,0,0
9421,9423,10324,0,0,1,2662
9390,10324,10325,0,0,1
6483,10326,10327,1,1,1
6485,10327,10328,1,0,1
9392,10328,10329,0,0,1
9393,10329,10325,0,0,0
10072,10330,10331,0,1,1,1749
10069,10331,10332,0,0,1
10333,10066,10334,1,0,1
10335,10334,10336,1,0,1
10337,10336,10332,1,0,0
10338,7985,10339,1,0,1,966
1637,10339,10340,0,0,1
1728,10340,1634,0,0,0
10341,10342,10343,1,1,1,43216
10344,10343,10345,1,0,1
10346,10347,10348,1,1,1
10349,10348,10350,1,0,1
10351,10350,10352,1,0,1
10353,10352,10345,1,0,0
10204,10186,10354,0,0,1,2262
10355,10354,10356,1,0,1
10357,10358,10359,1,1,1
10360,10359,10361,1,0,1
10362,10361,10363,1,0,1
10364,10363,10365,1,0,1
10366,10365,10367,1,0,1
10191,10367,10368,0,0,1
10356,10188,10369,0,0,1
10370,10369,10368,1,0,0
9882,10371,10372,0,1,1,10453
9880,10372,10373,0,0,1
10374,10375,10376,1,1,1
10377,10378,10379,1,1,1
10380,10379,10381,1,0,1
10382,10381,10383,1,0,1
10384,10383,10385,1,0,1
10386,10385,10387,1,0,1
10373,10388,10389,0,1,1
10390,10389,10391,1,0,1
10376,10391,10387,0,0,0
10392,10222,10393,1,0,1,9175
10394,10395,10396,1,1,1
10397,10398,10399,1,1,1
10245,10400,10401,0,1,1
10402,10401,10403,1,0,1
9873,10403,10404,0,0,1
9874,10404,10405,0,0,1
9868,9871,10406,0,0,1
10393,10406,10407,0,0,1
10396,10407,10408,0,0,1
10405,10399,10409,0,0,1
9870,10409,10408,0,0,0
10234,10236,10410,0,0,1,10454
10229,10232,10411,0,0,1
10227,10411,10412,0,0,1
2083,2120,10413,1,1,1
2082,10413,10414,1,0,1
10410,2086,10415,0,1,1
10231,10415,10416,0,0,1
10412,10416,10414,0,0,0
10023,9958,10417,0,0,1,2262
9966,10417,10418,0,0,1
9964,9967,10419,0,0,1
9962,10419,10420,0,0,1
9960,10420,10418,0,0,0
10421,10136,10422,1,0,1,951
10423,10422,10424,1,0,1
10425,10424,10104,1,0,0
9387,10326,10426,0,0,1,10342
10427,9388,10428,1,0,1
10429,10428,10430,1,0,1
10431,10430,10432,1,0,1
6479,10432,10433,1,0,1
6481,10433,10426,1,0,0
10128,7979,10434,0,0,1,3014
10124,10126,10435,0,0,1
2283,10122,10436,0,0,1
2280,10436,10437,0,0,1
2278,10437,10438,0,0,1
2274,2276,10439,0,0,1
1636,10439,10440,0,0,1
10338,10440,10441,0,0,1
7982,10441,10442,0,0,1
10434,7983,10443,0,0,1
10438,10435,10444,0,0,1
10442,10444,10443,0,0,0
10445,10110,10446,1,0,1,967
10447,10446,10448,1,0,1
10449,10448,10450,1,0,1
10451,10452,10453,1,1,1
10115,10453,10454,0,0,1
10112,10454,10450,0,0,0
10455,10108,10456,1,0,1,199
10457,10456,10458,1,0,1
10459,10458,10460,1,0,1
2222,10460,10461,0,0,1
2282,10462,10463,0,1,1
10119,10463,10464,0,0,1
10465,10464,10466,1,0,1
10467,10468,10469,1,1,1
10114,10469,10470,0,0,1
10451,10470,10471,0,0,1
10449,10452,10472,0,0,1
10447,10472,10473,0,0,1
10461,10445,10474,0,0,1
10475,10474,10476,1,0,1
10466,10476,10477,0,0,1
10471,10477,10473,0,0,0
10425,10106,10478,0,0,1,711
10479,10478,10480,1,0,1
10481,10482,10483,1,1,1
10484,10483,10485,1,0,1
10486,10487,10488,1,1,1
10455,10488,10489,0,0,1
10480,10489,10485,0,0,0
10490,10423,10491,1,0,1,695
10482,10491,10479,0,0,0
10319,10392,10492,0,0,1,983
10313,10315,10493,0,0,1
10400,10247,10494,0,0,1
10397,10494,10495,0,0,1
10394,10398,10496,0,0,1
10492,10395,10497,0,0,1
10317,10497,10498,0,0,1
10493,10498,10499,0,0,1
10495,10499,10496,0,0,0
10500,10501,10502,1,1,1,10981
10503,10502,10504,1,0,1
10505,10504,10506,1,0,1
411,408,10507,1,1,1,214
10508,410,10509,1,1,1
10510,10509,10511,1,0,1
10512,10513,10514,1,1,1
10515,10516,10517,1,1,1
10507,10517,10518,0,0,1
10511,10518,10514,0,0,0
10519,10484,10520,1,0,1,710
10521,10520,10487,1,0,0
10522,10523,10524,1,1,1,2788
10525,10526,10527,1,1,1
10528,10527,10529,1,0,1
10530,10529,10531,1,0,1
10532,10531,10533,1,0,1
10534,10533,10535,1,0,1
10536,10535,10537,1,0,1
10538,10539,10540,1,1,1
10541,10540,10542,1,0,1
10524,10542,10537,0,0,0
6748,6792,10543,1,1,1,2789
7020,6747,10544,1,1,1
7024,7022,10545,1,1,1
6742,10545,10546,1,0,1
6745,10546,10547,1,0,1
6800,6744,10548,1,1,1
10543,10548,10549,0,0,1
10544,10549,10547,0,0,0
10550,10551,10552,1,1,1,10454
10242,10552,10553,1,0,1
10402,10553,10554,1,0,1
9876,10554,10555,1,0,1
9878,10555,10556,1,0,1
10390,10556,10557,1,0,1
10375,10557,10558,1,0,1
10378,10374,10559,1,1,1
10560,10559,10561,1,0,1
10562,10561,10563,1,0,1
10564,10563,10565,1,0,1
10566,10565,10558,1,0,0
10016,10020,10567,0,0,1,1751
10568,10567,10569,1,0,1
10570,10569,10571,1,0,1
10572,10571,10573,1,0,1
10574,10573,10575,1,0,1
10576,10575,10577,1,0,1
10578,10577,10579,1,0,1
10580,10579,10581,1,0,1
10582,10583,10584,1,1,1
10585,10586,10587,1,1,1
10588,10587,10589,1,0,1
10590,10589,10591,1,0,1
10592,10593,10594,1,1,1
10595,10594,10596,1,0,1
10597,10596,10598,1,0,1
10599,10600,10601,1,1,1
10602,10603,10604,1,1,1
9971,10604,10605,0,0,1
10019,10605,10606,0,0,1
10584,10581,10607,0,0,1
10591,10608,10609,0,1,1
10598,10609,10610,0,0,1
10601,10610,10611,0,0,1
10606,10611,10607,0,0,0
10612,10014,10613,1,0,1,9942
10614,10613,10615,1,0,1
10616,10615,10617,1,0,1
10568,10617,10017,0,0,0
10281,10278,10618,1,1,1,9941
10284,10280,10619,1,1,1
10620,10619,10621,1,0,1
10612,10621,10622,0,0,1
10012,10622,10623,0,0,1
10010,10623,10618,0,0,0
10624,10625,10626,1,1,1,10981
10627,10626,10628,1,0,1
10629,10630,10631,1,1,1
10632,10631,10633,1,0,1
10634,10633,10635,1,0,1
10636,10635,10637,1,0,1
10638,10637,10639,1,0,1
10640,10641,10642,1,1,1
10628,10642,10643,0,0,1
10644,10643,10645,1,0,1
10646,10645,10639,1,0,0
10521,10486,10647,0,0,1,966
10648,10647,10649,1,0,1
2221,10649,10650,0,0,1
10459,10650,10457,0,0,0
10651,10652,10653,1,1,1,10981
10654,10655,10656,1,1,1
10657,10656,10658,1,0,1
10659,10658,10653,1,0,0
10660,10661,10662,1,1,1,10981
10663,10664,10665,1,1,1
10666,10667,10668,1,1,1
10662,10668,10665,0,0,0
10669,10670,10671,1,1,1,10981
10672,10671,10673,1,0,1
10674,10675,10676,1,1,1,15077
10677,10678,10679,1,1,1
10680,10679,10681,1,0,1
10682,10683,10684,1,1,1
10685,10684,10686,1,0,1
10687,10686,10688,1,0,1
10624,10689,10690,0,1,1
10676,10690,10691,0,0,1
10681,10691,10688,0,0,0
10082,10429,10692,1,0,1,10341
10693,10692,10694,1,0,1
10695,10694,10696,1,0,1
10697,10696,10698,1,0,1
6471,10698,10699,1,0,1
6473,10699,10700,1,0,1
10701,10702,10703,1,1,1,2263
10704,10703,10705,1,0,1
10706,10707,10708,1,1,1
10709,10708,10710,1,0,1
10705,10711,10712,0,1,1
10713,10712,10710,1,0,0
10714,10715,10716,1,1,1,213
10717,10716,10718,1,0,1
10719,10720,10721,1,1,1
10722,10721,10723,1,0,1
10724,10723,10725,1,0,1
10726,10725,10727,1,0,1
10728,10727,10729,1,0,1
10730,10729,10731,1,0,1
10732,10733,10734,1,1,1
414,10735,10736,0,1,1
10508,10736,10737,1,0,1
10510,10737,10738,1,0,1
10513,10738,10739,1,0,1
10512,10739,10740,1,0,1
10741,10740,10742,1,0,1
10743,10744,10745,1,1,1
10718,10745,10746,0,0,1
10731,10746,10747,0,0,1
10734,10747,10748,0,0,1
10749,10748,10742,1,0,0
10750,10751,10752,1,1,1,2150
10753,10752,10754,1,0,1
10755,10754,10756,1,0,1
10757,10758,10759,1,1,1
10760,10759,10761,1,0,1
10762,10763,10764,1,1,1
10765,10764,10766,1,0,1
10767,10768,10769,1,1,1
10770,10769,10771,1,0,1
10772,10771,10773,1,0,1
10774,10773,10775,1,0,1
10756,10776,10777,0,1,1
10761,10777,10778,0,0,1
10766,10778,10779,0,0,1
10780,10779,10775,1,0,0
10781,10782,10783,1,1,1,2150
10784,10785,10786,1,1,1
10787,10786,10788,1,0,1
10789,10790,10791,1,1,1
10792,10793,10794,1,1,1
10783,10795,10796,0,1,1
10797,10796,10798,1,0,1
10791,10788,10799,0,0,1
10794,10799,10798,0,0,0
10800,10801,10802,1,1,1,10341
10803,10802,10804,1,0,1
9985,9988,10805,0,0,1,2262
9986,10805,10806,0,0,1
9983,10806,10807,0,0,1
10808,10809,10810,1,1,1
10811,10812,10813,1,1,1
6374,10813,10814,1,0,1
6378,10814,10815,1,0,1
10807,6377,10816,0,1,1
10810,10816,10817,0,0,1
10818,10817,10819,1,0,1
10820,10819,10815,1,0,0
10821,10822,10823,1,1,1,10469
10824,10825,10826,1,1,1
10827,10826,10828,1,0,1
10829,10830,10831,1,1,1
10832,10831,10833,1,0,1
10823,10833,10828,0,0,0
10834,10835,10836,1,1,1,14565
10837,10838,10839,1,1,1
10840,10841,10842,1,1,1
10843,10842,10844,1,0,1
10845,10846,10847,1,1,1
10830,10847,10848,0,0,1
10827,10848,10849,0,0,1
10824,10849,10850,0,0,1
10821,10825,10851,0,0,1
10836,10851,10852,0,0,1
10839,10852,10853,0,0,1
10844,10853,10850,0,0,0
10854,10855,10856,1,1,1,10982
10630,10856,10857,0,0,1
10644,10646,10858,0,0,1
10689,10627,10859,0,0,1
10687,10859,10860,0,0,1
10685,10860,10861,0,0,1
10680,10683,10862,0,0,1
10857,10862,10863,0,0,1
10861,10858,10864,0,0,1
10682,10864,10863,0,0,0
10086,10084,10865,1,1,1,9829
10697,10093,10866,0,1,1
10695,10866,10867,0,0,1
10693,10867,10865,0,0,0
10377,10560,10868,1,0,1,14549
10869,10870,10871,1,1,1
10872,10871,10868,1,0,0
10566,10551,10873,0,0,1,14550
10874,10873,10875,1,0,1
10876,10875,10877,1,0,1
10878,10877,10879,1,0,1
10880,10879,10881,1,0,1
10882,10881,10550,1,0,0
10883,10884,10885,1,1,1,8405
10886,10885,10887,1,0,1
10888,10887,10889,1,0,1
10890,10891,10892,1,1,1
10893,10894,10895,1,1,1
10896,10897,10898,1,1,1
10614,10899,10900,0,1,1
10620,10900,10901,0,0,1
10902,10901,10903,1,0,1
10892,10889,10904,0,0,1
10895,10904,10905,0,0,1
10898,10905,10903,0,0,0
10467,10117,10906,0,0,1,1734
10465,10468,10907,0,0,1
10120,10907,10908,0,0,1
10133,10908,10906,0,0,0
10059,10909,10910,0,1,1,981
10056,10910,10911,0,0,1
10912,10911,10913,1,0,1
10914,10915,10916,1,1,1
10917,10918,10919,1,1,1
10920,10921,10922,1,1,1
10923,10922,10924,1,0,1
10916,10913,10925,0,0,1
10919,10925,10924,0,0,0
10926,10927,10928,1,1,1,2263
10366,10929,10930,0,1,1
10364,10930,10931,0,0,1
10932,10931,10933,1,0,1
10934,10933,10935,1,0,1
10936,10937,10938,1,1,1
10939,10938,10940,1,0,1
10941,10940,10942,1,0,1
10928,10942,10935,0,0,0
10943,10944,10945,1,1,1,2660
7029,10945,10946,0,0,1
7026,10946,6740,0,0,0
2088,10947,10948,0,1,1,18646
10240,10948,10949,1,0,1
10878,10949,10950,0,0,1
10876,10950,10951,0,0,1
10899,10616,10952,0,0,1,8406
10896,10952,10953,0,0,1
10897,10953,10954,0,0,1
10955,10893,10956,1,0,1
10957,10956,10958,1,0,1
10959,10958,10960,1,0,1
10570,10960,10954,0,0,0
10961,1782,10962,1,0,1,2661
10963,10962,10964,1,0,1
10965,10964,10966,1,0,1
10967,10966,10968,1,0,1
10969,10970,10971,1,1,1
10972,10971,10973,1,0,1
10974,10975,10976,1,1,1
10977,10978,10979,1,1,1
10980,10981,10982,1,1,1
10983,10984,10985,1,1,1
10986,10987,10988,1,1,1
10989,10988,10990,1,0,1
10991,10992,10993,1,1,1
10994,10995,10996,1,1,1
10997,10996,10998,1,0,1
10999,10998,11000,1,0,1
11001,11000,11002,1,0,1
11003,11002,11004,1,0,1
11005,11004,11006,1,0,1
11007,11006,11008,1,0,1
11009,11008,11010,1,0,1
11011,11010,11012,1,0,1
11013,11012,11014,1,0,1
2319,1793,11015,0,0,1
1789,11015,11016,0,0,1
1784,1786,11017,0,0,1
10968,11017,11018,0,0,1
10973,11018,11019,0,0,1
10976,11019,11020,0,0,1
10979,11020,11021,0,0,1
11022,11021,11023,1,0,1
10985,10982,11024,0,0,1
10993,11025,11026,0,1,1
11014,11026,11027,0,0,1
11016,1796,11028,0,0,1
11023,11028,11029,0,0,1
11024,11029,11030,0,0,1
10990,11030,11027,0,0,0
10765,10780,11031,0,0,1,10341
11032,11033,11034,1,1,1
11035,11034,11036,1,0,1
11037,11036,11038,1,0,1
11031,10768,11039,0,0,1
10762,11039,11038,0,0,0
11040,11041,11042,1,1,1,10453
11043,11042,11044,1,0,1
11045,11044,11046,1,0,1
11047,11046,11048,1,0,1
11049,11048,11050,1,0,1
11051,11052,11053,1,1,1
11054,11053,11055,1,0,1
11056,11055,11050,1,0,0
1872,2064,11057,0,0,1,10981
1870,11057,11058,0,0,1
1867,11058,11059,0,0,1
2049,1865,11060,0,0,1
1862,11060,11061,0,0,1
1859,11061,11062,0,0,1
11063,11062,11064,1,0,1
11065,11066,11067,1,1,1
11068,11067,11069,1,0,1
11070,11071,11072,1,1,1
11073,11074,11075,1,1,1
11076,11077,11078,1,1,1
11079,11078,11080,1,0,1
11081,11080,11082,1,0,1
11083,11082,11084,1,0,1
11085,11086,11087,1,1,1
11088,11087,11089,1,0,1
11090,11091,11092,1,1,1
11093,11094,11095,1,1,1
11096,11095,11097,1,0,1
11098,11099,11100,1,1,1
11101,11102,11103,1,1,1
1875,11103,11104,0,0,1
11069,11064,11105,0,0,1
11106,11105,11107,1,0,1
11084,11075,11108,0,0,1
11092,11089,11109,0,0,1
11097,11109,11110,0,0,1
11104,11100,11111,0,0,1
11059,11111,11112,0,0,1
11107,1864,11113,0,0,1
11072,11113,11114,0,0,1
11108,11114,11115,0,0,1
11112,11110,11116,0,0,1
1868,11116,11115,0,0,0
11117,10784,11118,1,0,1,10341
11119,11118,11120,1,0,1
11121,11120,11122,1,0,1
11123,11124,11125,1,1,1
11126,11125,11127,1,0,1
11128,11129,11130,1,1,1
11131,11130,11132,1,0,1
11133,11134,11135,1,1,1
11122,11136,11137,0,1,1
11138,11137,11139,1,0,1
11132,11127,11140,0,0,1
11135,11141,11142,0,1,1
11139,11142,11140,0,0,0
11143,11144,11145,1,1,1,9173
11146,11145,11147,1,0,1
11148,11147,11149,1,0,1
11150,11149,11151,1,0,1
11152,11153,11154,1,1,1
11155,11154,11156,1,0,1
11157,11156,11158,1,0,1
11159,11160,11161,1,1,1
11162,11161,11163,1,0,1
11164,11163,11165,1,0,1
11151,11165,11166,0,0,1
11167,11166,11158,1,0,0
11168,1251,11169,1,1,1,1751
11170,11169,11171,1,0,1
1246,11171,1248,1,0,1
11172,11173,11174,1,1,1,2263
2131,11175,11176,1,1,1
11177,11176,11178,1,0,1
11179,11178,11180,1,0,1
11181,11180,11182,1,0,1
11183,11182,11184,1,0,1
11185,11184,11186,1,0,1
11187,11186,11188,1,0,1
11189,11190,11191,1,1,1
11192,11193,11194,1,1,1
11174,11195,11196,0,1,1
11188,11196,11197,0,0,1
11191,11197,11194,0,0,0
10937,11198,11199,0,1,1,215
10934,11199,11200,0,0,1
10362,10932,11201,0,0,1
2126,10360,11202,1,0,1
2132,2129,11203,1,1,1
11175,11203,11204,0,0,1
11200,11172,11205,0,0,1
11201,11205,11206,0,0,1
11202,11206,11204,0,0,0
10959,10572,11207,0,0,1,9942
10957,11207,11208,0,0,1
10894,10955,11209,0,0,1
10890,11209,11210,0,0,1
11211,11210,11212,1,0,1
11213,11214,11215,1,1,1
11216,11217,11218,1,1,1
11219,11220,11221,1,1,1
11222,11223,11224,1,1,1
11225,11226,11227,1,1,1
11228,11227,11229,1,0,1
10576,11230,11231,0,1,1
10574,11231,11232,0,0,1
11208,11232,11233,0,0,1
11212,11233,11234,0,0,1
11215,11234,11235,0,0,1
11218,11235,11236,0,0,1
11224,11221,11237,0,0,1
11238,11237,11239,1,0,1
11229,11239,11236,0,0,0
10735,10749,11240,1,1,1,12501
413,11240,11241,1,0,1
11242,11241,11243,1,0,1
11244,11243,11245,1,0,1
11246,11245,11247,1,0,1
11248,11247,11249,1,0,1
11250,11249,11251,1,0,1
11252,11251,11253,1,0,1
10730,11254,11255,1,1,1
10733,11255,11256,1,0,1
10732,11256,11253,1,0,0
2293,10475,11257,0,0,1,198
2289,2291,11258,0,0,1
2285,2287,11259,0,0,1
10462,11259,11260,0,0,1
11257,11260,11258,0,0,0
11261,11262,11263,1,1,1,10853
11264,11263,11265,1,0,1
11266,11267,11268,1,1,1
10970,11268,11269,0,0,1
10967,11269,11270,0,0,1
10965,11270,11265,0,0,0
7059,11271,11272,0,1,1,14948
11273,7060,11274,1,0,1
11275,11274,11276,1,0,1
11261,11276,11277,1,0,1
11278,11277,11279,1,0,1
11280,11279,11281,1,0,1
11282,11283,11284,1,1,1
11285,11286,11287,1,1,1
7086,11287,11288,0,0,1
11281,11272,11289,0,0,1
11284,11289,11288,0,0,0
11290,7040,11291,1,0,1,10853
6537,11291,11292,0,0,1
6538,11292,11293,0,0,1
6534,11293,11294,0,0,1
7044,11294,7042,0,0,0
11295,11296,11297,1,1,1,10455
11298,11297,11299,1,0,1
11300,11301,11302,1,1,1
11303,11304,11305,1,1,1
11306,11305,11307,1,0,1
11052,11307,11308,1,0,1
11299,11308,11302,0,0,0
11309,11310,11311,1,1,1,10456
11312,11313,11314,1,1,1
11315,11314,11316,1,0,1
11317,11316,11318,1,0,1
11319,11318,11320,1,0,1
11321,11320,11322,1,0,1
11323,11324,11325,1,1,1
11326,11325,11327,1,0,1
11328,11327,11329,1,0,1
11295,11329,11330,0,0,1
11331,11330,11332,1,0,1
11311,11332,11322,0,0,0
11333,11334,11335,1,1,1,2263
11336,11337,11338,1,1,1
11339,11338,11340,1,0,1
11341,11342,11343,1,1,1
11344,11343,11345,1,0,1
11346,11345,11347,1,0,1
11348,11347,11349,1,0,1
11350,11349,11351,1,0,1
11352,11351,11353,1,0,1
11335,11353,11340,0,0,0
1910,2018,11354,0,0,1,10981
1908,1911,11355,0,0,1
11356,1906,11357,1,0,1
11358,11357,11359,1,0,1
11360,11359,11361,1,0,1
11362,11361,11363,1,0,1
11364,11363,11365,1,0,1
11366,11367,11368,1,1,1
1914,11368,11369,0,0,1
11354,11369,11370,0,0,1
11355,11370,11365,0,0,0
11371,11372,11373,1,1,1,10455
11374,11375,11376,1,1,1
11377,11378,11379,1,1,1
11380,11379,11381,1,0,1
11382,11381,11383,1,0,1
11384,11385,11386,1,1,1
11387,11388,11389,1,1,1
11390,11389,11391,1,0,1
11392,11391,11393,1,0,1
11394,11395,11396,1,1,1
11397,11396,11398,1,0,1
11399,11398,11400,1,0,1
11315,11400,11401,0,0,1
11402,11401,11403,1,0,1
11383,11376,11404,0,0,1
11393,11405,11406,0,1,1
11403,11406,11407,0,0,1
11404,11373,11408,0,0,1
11386,11408,11407,0,0,0
10578,10580,11409,0,0,1,1750
11230,11409,11410,0,0,1
11411,11225,11412,1,0,1
11413,11412,11414,1,0,1
10586,11414,11415,0,0,1
10608,11415,11416,0,0,1
10582,11416,11417,0,0,1
11410,10583,11418,0,0,1
11228,11418,11417,0,0,0
509,416,11419,1,1,1,9174
419,11419,11420,1,0,1
422,418,11421,1,1,1
11422,11421,11423,1,0,1
11246,11423,11424,0,0,1
11244,11424,11425,0,0,1
11242,11425,11420,0,0,0
11426,11278,11427,1,1,1,10341
11428,11429,11430,1,1,1
11431,11430,11432,1,0,1
11433,11432,11434,1,0,1
11435,11434,11436,1,0,1
10969,11436,11437,0,0,1
11266,11437,11438,0,0,1
11267,11438,11439,0,0,1
11264,11439,11427,0,0,0
11283,11280,11440,1,1,1,10853
11286,11282,11441,1,1,1
11442,11441,11443,1,0,1
7067,11443,11444,1,0,1
11445,11444,11446,1,0,1
11428,11446,11447,0,0,1
11426,11429,11448,0,0,1
11440,11448,11447,0,0,0
10921,11449,11450,0,1,1,869
10917,11450,11451,0,0,1
10918,11451,11452,0,0,1
10914,11452,11453,0,0,1
10912,10915,11454,0,0,1
10054,11454,11455,0,0,1
10052,11455,11456,0,0,1
10047,10050,11457,0,0,1
11453,11457,11456,0,0,0
11248,11250,11458,0,0,1,8406
11422,11458,11459,0,0,1
421,11459,11460,1,0,1
11461,11460,11462,1,0,1
11463,11464,11465,1,1,1
10728,11465,11466,1,0,1
11254,11466,11467,0,0,1
11252,11467,11462,0,0,0
11468,11146,11469,1,0,1,17367
11049,11469,11470,1,0,1
11471,11306,11472,1,0,1
11473,11472,11474,1,0,1
11475,11474,11476,1,0,1
11477,11476,11478,1,0,1
11479,11478,11470,1,0,0
6437,11480,11481,1,1,1,10454
11378,6443,11482,0,1,1
11374,11482,11483,0,0,1
11375,11483,11484,0,0,1
11481,11371,11485,0,0,1
6440,11485,11484,1,0,0
11328,11298,11486,0,0,1,2263
11487,11326,11488,1,0,1
11489,11488,11490,1,0,1
11491,11492,11493,1,1,1
11303,11494,11495,0,1,1
11300,11304,11496,0,0,1
11486,11301,11497,0,0,1
11490,11497,11498,0,0,1
11493,11498,11499,0,0,1
11495,11499,11496,0,0,0
11399,11317,11500,0,0,1,2264
11501,11500,11502,1,0,1
11503,11502,11504,1,0,1
11491,11504,11505,0,0,1
11492,11505,11506,0,0,1
11489,11506,11507,0,0,1
11487,11507,11508,0,0,1
11323,11508,11509,0,0,1
11321,11324,11510,0,0,1
11319,11510,11509,0,0,0
2111,2113,11511,0,0,1,43216
11512,11511,11513,1,0,1
6417,11514,11515,0,1,1
1354,11515,11516,0,0,1
2115,11516,11513,0,0,0
10891,11211,11517,0,0,1,9941
10888,11517,11518,0,0,1
11519,11520,11521,1,1,1
11216,11220,11522,0,0,1
11213,11217,11523,0,0,1
11214,11523,11524,0,0,1
11518,11524,11525,0,0,1
11521,11525,11522,0,0,0
11435,10972,11526,0,0,1,2149
11431,11433,11527,0,0,1
11445,11527,11528,0,0,1
11529,7069,11530,1,1,1
11531,11530,11532,1,0,1
11533,11534,11535,1,1,1
10974,11535,11536,0,0,1
10975,11536,11537,0,0,1
11526,11537,11538,0,0,1
11528,11538,11532,0,0,0
1234,11539,11540,1,1,1,2262
1233,11540,11541,1,0,1
1237,11541,11542,1,0,1
11543,1236,11544,1,1,1
11545,11544,11546,1,0,1
11547,1228,11548,1,1,1
11542,11548,11546,0,0,0
11238,11226,11549,0,0,1,9943
11222,11549,11550,0,0,1
11551,11223,11552,1,0,1
11553,11552,11554,1,0,1
11555,11554,11556,1,0,1
11557,11556,11558,1,0,1
10588,11558,11559,0,0,1
10585,11559,11560,0,0,1
11413,11560,11561,0,0,1
11411,11561,11550,0,0,0
11562,11366,11563,1,0,1,2790
11564,11563,11565,1,0,1
11566,11565,11567,1,0,1
11568,11567,11569,1,0,1
11570,11569,11571,1,0,1
1917,11571,1913,0,0,0
7093,11285,11572,1,1,1,2660
7062,11572,11573,1,0,1
7061,11573,11574,1,0,1
7065,7088,11575,1,1,1
7064,11575,11576,1,0,1
11442,11576,11574,0,0,0
11494,11471,11577,0,0,1,9175
11503,11577,11578,0,0,1
11579,11578,11580,1,0,1
11581,11580,11582,1,0,1
11583,11582,11584,1,0,1
11585,11586,11587,1,1,1
11588,11587,11589,1,0,1
11473,11590,11591,0,1,1
11584,11591,11589,0,0,0
11592,11593,11594,1,1,1,1750
11595,11594,11596,1,0,1
11597,11598,11599,1,1,1
11600,11599,11601,1,0,1
11602,11601,11603,1,0,1
1244,11604,11605,0,1,1
1241,11605,11606,0,0,1
11543,1239,11607,1,0,1
1226,11545,11608,0,1,1
1223,11608,11609,0,0,1
11610,11609,11611,1,0,1
11612,11611,11613,1,0,1
11614,11615,11616,1,1,1
11617,11616,11618,1,0,1
11603,11596,11619,0,0,1
11606,11619,11620,0,0,1
11607,11620,11621,0,0,1
11613,11621,11618,0,0,0
11463,10726,11622,0,1,1,9941
11623,11622,11624,1,0,1
11625,11624,11626,1,0,1
11627,11626,11628,1,0,1
11629,11628,10724,1,0,1
11098,11102,11630,0,0,1,10982
11631,11630,11632,1,0,1
11633,11632,11634,1,0,1
11635,11634,11636,1,0,1
11637,11638,11639,1,1,1
11640,11641,11642,1,1,1
11643,11642,11644,1,0,1
11645,11644,11646,1,0,1
11647,11646,11648,1,0,1
11649,11648,11650,1,0,1
11651,11650,11652,1,0,1
11653,11654,11655,1,1,1
11656,11657,11658,1,1,1
11659,11660,11661,1,1,1
11662,11661,11663,1,0,1
11664,11663,11665,1,0,1
11666,11665,11667,1,0,1
11668,11667,11669,1,0,1
11670,11671,11672,1,1,1
11673,11672,11674,1,0,1
11675,11674,11676,1,0,1
11677,11676,11678,1,0,1
11679,11678,11680,1,0,1
11681,11680,11682,1,0,1
11683,11682,11684,1,0,1
1886,11684,11685,0,0,1
1883,11685,11686,0,0,1
11687,11686,11688,1,0,1
11689,11688,11690,1,0,1
1874,1878,11691,0,0,1
11636,11101,11692,0,0,1
11693,11692,11694,1,0,1
11695,11694,11696,1,0,1
11639,11696,11697,0,0,1
11652,11697,11698,0,0,1
11655,11698,11699,0,0,1
11669,11658,11700,0,0,1
11690,11700,11701,0,0,1
2311,11701,11702,0,0,1
11691,11702,11699,0,0,0
6564,6573,11703,0,0,1,2261
6559,6562,11704,0,0,1
11705,11704,11706,1,0,1
11707,11708,11709,1,1,1
11710,11709,11711,1,0,1
6567,11711,11712,0,0,1
11703,11712,11706,0,0,0
11477,11479,11713,0,0,1,17366
11590,11475,11714,0,0,1
11588,11714,11715,0,0,1
11716,11586,11717,1,0,1
11718,11717,11719,1,0,1
11720,11719,11721,1,0,1
11722,11723,11724,1,1,1
11725,11726,11727,1,1,1
11167,11727,11728,0,0,1
11150,11728,11729,0,0,1
11148,11729,11730,0,0,1
11713,11730,11731,0,0,1
11715,11731,11732,0,0,1
11585,11732,11733,0,0,1
11721,11733,11724,0,0,0
11734,6452,11735,1,0,1,3030
11736,11735,11737,1,0,1
11738,11737,11739,1,0,1
11740,11739,11741,1,0,1
11742,11741,11743,1,0,1
11744,11745,11746,1,1,1
11747,11748,11749,1,1,1
11750,11749,11751,1,0,1
11752,11751,11753,1,0,1
11754,11755,11756,1,1,1
11757,11756,11758,1,0,1
6457,11758,11759,0,0,1
11760,11759,11761,1,0,1
11762,11761,11763,1,0,1
11764,11763,11765,1,0,1
11766,11767,11768,1,1,1
6454,11769,11770,0,1,1
11743,11770,11771,0,0,1
11772,11771,11773,1,0,1
11774,11773,11775,1,0,1
11753,11746,11776,0,0,1
11765,11776,11777,0,0,1
11768,11777,11775,0,0,0
11778,10886,11779,1,0,1,213
11780,11781,11782,1,1,1
11783,11782,11784,1,0,1
11785,11784,11786,1,0,1
11787,11786,11788,1,0,1
11520,11788,11779,0,0,0
11789,11790,11791,1,1,1,41168
11792,11793,11794,1,1,1
11795,11794,11796,1,0,1
10883,11796,11797,1,0,1
11778,11797,11798,1,0,1
11781,11798,11799,1,0,1
11800,11799,11801,1,0,1
11802,11803,11804,1,1,1
11805,11804,11806,1,0,1
11807,11806,11808,1,0,1
11809,11808,11810,1,0,1
11811,11812,11813,1,1,1
11814,11813,11815,1,0,1
11816,11815,11817,1,0,1
11801,11818,11819,0,1,1
11817,11810,11820,0,0,1
11791,11820,11819,0,0,0
424,11461,11821,1,0,1,214
427,11821,11822,1,0,1
11823,426,11824,1,1,1
437,11824,11825,1,0,1
11826,11827,11828,1,1,1
11829,445,11830,1,1,1
11831,11830,11832,1,0,1
11833,11832,11834,1,0,1
11835,11836,11837,1,1,1
11838,11837,11839,1,0,1
11840,11839,11841,1,0,1
11842,11841,11843,1,0,1
11844,11843,11845,1,0,1
11846,11847,11848,1,1,1
11625,11848,11849,0,0,1
11464,11623,11850,0,0,1
11822,11850,11851,0,0,1
11825,11851,11852,0,0,1
11834,11828,11853,0,0,1
11845,11853,11854,0,0,1
11855,11854,11856,1,0,1
11849,11856,11852,0,0,0
11635,11693,11857,0,0,1,15077
11858,11631,11859,1,0,1
11860,11859,11861,1,0,1
11862,11861,11863,1,0,1
11640,11863,11864,0,0,1
11641,11864,11865,0,0,1
11637,11865,11866,0,0,1
11695,11638,11867,0,0,1
11857,11867,11868,0,0,1
11633,11868,11866,0,0,0
1810,2001,11869,0,0,1,10981
1806,1808,11870,0,0,1
1804,11870,11871,0,0,1
11872,11873,11874,1,1,1
2367,11875,11876,0,1,1
11877,2368,11878,1,0,1
11879,11880,11881,1,1,1
1813,11882,11883,0,1,1
11869,11883,11884,0,0,1
11871,11884,11885,0,0,1
11874,11885,11886,0,0,1
11876,11886,11887,0,0,1
11878,11887,11881,0,0,0
11888,11579,11889,1,0,1,983
11890,11891,11892,1,1,1
11893,11892,11894,1,0,1
11895,11894,11896,1,0,1
11897,11896,11898,1,0,1
11899,11900,11901,1,1,1
11902,11901,11903,1,0,1
11718,11904,11905,0,1,1
11583,11716,11906,0,0,1
11889,11581,11907,0,0,1
11903,11898,11908,0,0,1
11905,11908,11909,0,0,1
11906,11909,11907,0,0,0
11397,11501,11910,0,0,1,2263
11911,11910,11912,1,0,1
11913,11912,11914,1,0,1
11915,11914,11916,1,0,1
11917,11918,11919,1,1,1
11920,2527,11921,1,1,1
11922,11923,11924,1,1,1
11925,11926,11927,1,1,1
11891,11927,11928,0,0,1
11916,11888,11929,0,0,1
11921,11919,11930,0,0,1
11931,11930,11932,1,0,1
11924,11932,11933,0,0,1
11928,11933,11929,0,0,0
11934,11935,11936,1,1,1,1750
11937,2095,11938,1,0,1
11939,11938,11940,1,0,1
11941,11940,11936,1,0,0
10595,10597,11942,0,0,1,9943
10590,10593,11943,0,0,1
11944,11945,11946,1,1,1
11947,11948,11949,1,1,1
11950,11951,11952,1,1,1
11953,11952,11954,1,0,1
10603,11954,11955,0,0,1
10599,11955,11956,0,0,1
11942,10600,11957,0,0,1
10592,11957,11958,0,0,1
11946,11943,11959,0,0,1
11949,11959,11960,0,0,1
11956,11960,11958,0,0,0
11555,11557,11961,0,0,1,9942
11962,11963,11964,1,1,1
11965,11964,11966,1,0,1
11967,11968,11969,1,1,1
11970,11969,11971,1,0,1
11972,11971,11973,1,0,1
11974,11973,11975,1,0,1
11976,11975,11977,1,0,1
11978,11977,11979,1,0,1
11980,11979,11981,1,0,1
11982,11981,11983,1,0,1
10602,11983,11984,0,0,1
11953,11984,11985,0,0,1
11950,11985,11986,0,0,1
11947,11951,11987,0,0,1
11944,11948,11988,0,0,1
11961,11945,11989,0,0,1
11990,11989,11991,1,0,1
11966,11991,11992,0,0,1
11987,11986,11993,0,0,1
11988,11993,11992,0,0,0
11519,11219,11994,0,0,1,8405
11787,11994,11995,0,0,1
11996,11997,11998,1,1,1
11999,11998,12000,1,0,1
11963,12000,12001,0,0,1
11990,12001,12002,0,0,1
11553,12002,12003,0,0,1
11551,12003,11995,0,0,0
10722,12004,12005,1,1,1,8405
11629,12005,12006,0,0,1
11846,11627,12007,0,0,1
12008,12007,12009,1,0,1
12010,12011,12012,1,1,1
12013,12014,12015,1,1,1
12016,12015,12017,1,0,1
12018,12017,12019,1,0,1
12006,12020,12021,0,1,1
12009,12021,12022,0,0,1
12012,12022,12019,0,0,0
2315,1880,12023,0,0,1,2790
2313,12023,12024,0,0,1
11689,12024,12025,0,0,1
11687,12025,12026,0,0,1
1884,12026,2015,0,0,0
12027,12028,12029,1,1,1,2789
12030,12029,12031,1,0,1
12032,12031,12033,1,0,1
12034,12035,12036,1,1,1
12037,12036,12038,1,0,1
12039,12038,12040,1,0,1
12041,12040,12042,1,0,1
12043,12042,12033,1,0,0
12044,12045,12046,1,1,1,2262
12047,12048,12049,1,1,1
12050,12051,12052,1,1,1
11614,12052,12053,0,0,1
11615,12053,12054,0,0,1
11612,12054,12055,0,0,1
1224,11610,12056,0,0,1
1221,1480,12057,0,0,1
1217,1219,12058,0,0,1
1205,1214,12059,0,0,1
1202,12059,12060,0,0,1
12061,12060,12062,1,0,1
12046,12063,12064,0,1,1
12049,12064,12065,0,0,1
12055,12065,12066,0,0,1
12056,12066,12067,0,0,1
12058,12057,12068,0,0,1
12062,12068,12067,0,0,0
11380,11382,12069,0,0,1,10454
6442,11377,12070,1,0,1
6446,12070,12071,1,0,1
12072,12073,12074,1,1,1
11387,12074,12075,0,0,1
11405,11388,12076,0,0,1
11384,12076,12077,0,0,1
11385,12077,12078,0,0,1
12069,12078,12079,0,0,1
12071,12079,12080,0,0,1
6445,12080,12075,1,0,0
11982,9973,12081,0,0,1,1751
12082,12081,12083,1,0,1
12084,12083,12085,1,0,1
12086,12085,12087,1,0,1
12088,12087,12089,1,0,1
12090,12089,12091,1,0,1
12092,11974,12093,1,0,1
12094,12093,12095,1,0,1
12096,12095,12097,1,0,1
9980,12098,12099,0,1,1
9977,9981,12100,0,0,1
9975,9978,12101,0,0,1
12091,12101,12102,0,0,1
12097,12103,12104,0,1,1
12099,12104,12105,0,0,1
12100,12105,12102,0,0,0
12106,12107,12108,1,1,1,212
12109,12108,12110,1,0,1
12111,12110,12112,1,0,1
12113,12112,12114,1,0,1
12115,12114,12116,1,0,1
12117,12116,12118,1,0,1
12119,12020,12120,1,1,1
12121,12120,12122,1,0,1
12123,12122,12118,1,0,0
1941,2072,12124,0,0,1,2278
1938,12124,12125,0,0,1
12126,1935,12127,1,0,1
2080,12128,12129,0,1,1
2076,2078,12130,0,0,1
12125,2074,12131,0,0,1
12127,12131,12132,0,0,1
12129,12132,12130,0,0,0
11096,11099,12133,0,0,1,10982
11093,12133,12134,0,0,1
12135,12134,12136,1,0,1
12137,12136,12138,1,0,1
12139,12140,12141,1,1,1
12142,12141,12143,1,0,1
12144,12145,12146,1,1,1
11858,12146,12147,0,0,1
12138,12147,12148,0,0,1
12149,12148,12143,1,0,0
12150,12151,12152,1,1,1,10982
12153,12152,12154,1,0,1
12155,12156,12157,1,1,1
12158,12159,12160,1,1,1
12161,12162,12163,1,1,1
12164,12163,12165,1,0,1
12154,12166,12167,0,1,1
12157,12167,12168,0,0,1
12160,12168,12165,0,0,0
12169,12170,12171,1,1,1,966
12172,12173,12174,1,1,1
12175,12174,12171,1,0,0
11367,11562,12176,0,0,1,10982
11364,12176,12177,0,0,1
11568,12178,12179,0,1,1
11566,12179,12180,0,0,1
11564,12180,12177,0,0,0
11529,11531,12181,0,0,1,10341
7071,12181,12182,1,0,1
12183,12184,12185,1,1,1
10978,12185,12186,0,0,1
11533,12186,12187,0,0,1
11534,12187,12182,0,0,0
12188,11904,12189,1,0,1,9175
12190,12189,12191,1,0,1
11153,12192,12193,0,1,1
11725,12193,12194,0,0,1
11722,11726,12195,0,0,1
11720,11723,12196,0,0,1
12191,12196,12197,0,0,1
12194,12198,12199,0,1,1
12195,12199,12197,0,0,0
12200,12201,12202,1,1,1,1751
12203,12202,12204,1,0,1
12205,12204,12206,1,0,1
11783,11785,12207,0,0,1,212
11800,11780,12208,1,0,1
11803,12208,12209,1,0,1
11805,11802,12210,1,1,1
11809,11807,12211,1,1,1
11812,12211,12212,1,0,1
11997,12212,12213,0,0,1
12209,12207,12214,0,0,1
12210,12214,12213,0,0,0
12018,12117,12215,0,1,1,213
12216,12217,12218,1,1,1
12219,12220,12221,1,1,1
12222,12223,12224,1,1,1
12225,12226,12227,1,1,1
11836,12228,12229,0,1,1
11833,12229,12230,0,0,1
11831,12230,12231,0,0,1
12232,12231,12233,1,0,1
12234,12233,12235,1,0,1
12236,12235,12237,1,0,1
12238,12237,12239,1,0,1
12240,12239,12241,1,0,1
12242,12243,12244,1,1,1
12245,12244,12246,1,0,1
12247,12248,12249,1,1,1
12250,12249,12251,1,0,1
12252,12251,12253,1,0,1
12254,12255,12256,1,1,1
12257,12256,12258,1,0,1
12259,12258,12260,1,0,1
12261,12262,12263,1,1,1
12264,12265,12266,1,1,1
12267,12266,12268,1,0,1
12109,12268,12269,1,0,1
12111,12269,12270,1,0,1
12115,12113,12271,1,1,1
12215,12271,12272,0,0,1
12224,12221,12273,0,0,1
12227,12273,12274,0,0,1
12241,12275,12276,0,1,1
12246,12276,12277,0,0,1
12253,12277,12278,0,0,1
12270,12263,12279,0,0,1
12272,12279,12280,0,0,1
12218,12280,12281,0,0,1
12274,12281,12282,0,0,1
12278,12283,12284,0,1,1
12282,12260,12285,0,0,1
12286,12285,12287,1,0,1
12288,12287,12284,1,0,0
1691,1694,12289,0,0,1,199
1688,12289,12290,0,0,1
1739,1689,12291,0,0,1
1685,12291,12292,0,0,1
1686,12292,12293,0,0,1
1682,12293,12294,0,0,1
1736,1683,12295,0,0,1
1679,12295,12296,0,0,1
1676,1680,12297,0,0,1
1677,12297,12298,0,0,1
12299,12298,12300,1,0,1
12301,12300,12302,1,0,1
12303,12302,12304,1,0,1
12305,12304,12306,1,0,1
12307,12306,12308,1,0,1
12309,12310,12311,1,1,1
12312,12311,12313,1,0,1
12314,12315,12316,1,1,1
12317,12316,12318,1,0,1
12319,12320,12321,1,1,1
12322,12323,12324,1,1,1
12325,12324,12326,1,0,1
1700,12326,12327,0,0,1
1696,12327,12328,0,0,1
1741,1697,12329,0,0,1
1693,12329,12330,0,0,1
12290,12330,12331,0,0,1
12294,12331,12332,0,0,1
12296,12332,12333,0,0,1
12318,12313,12334,0,0,1
12328,12335,12336,0,1,1
12333,12336,12337,0,0,1
12334,12308,12338,0,0,1
12321,12338,12337,0,0,0
12144,11860,12339,0,0,1,15078
12142,12145,12340,0,0,1
12341,12340,12342,1,0,1
11645,12342,12343,0,0,1
11643,12343,12344,0,0,1
11862,12344,12339,0,0,0
1844,2046,12345,0,0,1,10981
1842,1845,12346,0,0,1
12347,12346,12348,1,0,1
12349,12350,12351,1,1,1
12352,12353,12354,1,1,1
1854,12354,12355,0,0,1
1850,12355,12356,0,0,1
1847,1851,12357,0,0,1
12345,1848,12358,0,0,1
12348,12358,12359,0,0,1
12351,12359,12360,0,0,1
12356,12361,12362,0,1,1
12357,12362,12360,0,0,0
11734,6450,12363,1,1,1,982
12364,12363,12365,1,0,1
12366,12365,12367,1,0,1
12368,12367,12369,1,0,1
12370,12371,12372,1,1,1
12373,12374,12375,1,1,1
2409,12376,12377,0,1,1
12378,12377,12379,1,0,1
12380,12379,12381,1,0,1
12382,12383,12384,1,1,1
12385,12386,12387,1,1,1
12388,12389,12390,1,1,1
12391,12390,12392,1,0,1
12393,12394,12395,1,1,1
12396,12395,12397,1,0,1
12398,12397,12399,1,0,1
12400,12399,12401,1,0,1
12402,12401,12403,1,0,1
12404,12403,12405,1,0,1
12406,12405,12407,1,0,1
12408,12407,12409,1,0,1
12410,12411,12412,1,1,1
12413,12412,12414,1,0,1
12415,12416,12417,1,1,1
12418,12417,12419,1,0,1
12420,12421,12422,1,1,1
12423,12424,12425,1,1,1
12426,12427,12428,1,1,1
12072,12429,12430,0,1,1
6448,12073,12431,1,0,1
12369,12431,12432,0,0,1
12375,12372,12433,0,0,1
12381,12433,12434,0,0,1
12392,12435,12436,0,1,1
12409,12436,12437,0,0,1
12432,12430,12438,0,0,1
12439,12438,12440,1,0,1
12437,12387,12441,0,0,1
12442,12441,12443,1,0,1
12440,12428,12444,0,0,1
12443,12445,12446,0,1,1
12444,12425,12447,0,0,1
12446,12384,12448,0,0,1
12414,12448,12449,0,0,1
12419,12449,12450,0,0,1
12447,12422,12451,0,0,1
12434,12451,12450,0,0,0
2134,11177,12452,1,0,1,215
2138,2136,12453,1,1,1
12454,12455,12456,1,1,1
2145,12456,12457,1,0,1
2144,12457,12458,1,0,1
2148,12458,12459,1,0,1
2147,12459,12460,1,0,1
11187,12460,12461,0,0,1
11185,12461,12462,0,0,1
11183,12462,12463,0,0,1
11181,12463,12464,0,0,1
11179,12464,12465,0,0,1
12452,12465,12453,0,0,0
1836,2006,12466,0,0,1,10981
12467,12466,12468,1,0,1
12469,12470,12471,1,1,1
1839,12471,12472,0,0,1
12468,1840,12473,0,0,1
12474,12473,12472,1,0,0
11882,1812,12475,0,0,1,15077
11879,12475,12476,0,0,1
11877,11880,12477,0,0,1
1815,2387,12478,0,0,1
12476,2003,12479,0,0,1
12478,12477,12480,0,0,1
1816,12480,12479,0,0,0
11157,11160,12481,0,0,1,9174
12482,11155,12483,1,0,1
12484,12483,12485,1,0,1
11900,12485,12486,0,0,1
12487,12486,12488,1,0,1
12489,12490,12491,1,1,1
12492,12491,12493,1,0,1
12494,12493,12495,1,0,1
12496,12497,12498,1,1,1
12499,12498,12500,1,0,1
2535,12501,12502,1,1,1
12503,12502,12504,1,0,1
12505,12504,12506,1,0,1
12507,12506,12508,1,0,1
12509,12510,12511,1,1,1
12512,12511,12513,1,0,1
12514,12513,12515,1,0,1
12516,12515,12517,1,0,1
12518,12517,12519,1,0,1
12520,12519,12521,1,0,1
12522,12521,12523,1,0,1
12524,12523,12525,1,0,1
12526,12525,12527,1,0,1
12528,12527,12529,1,0,1
12530,12529,12531,1,0,1
12532,12531,12533,1,0,1
12534,12535,12536,1,1,1
12537,12536,12538,1,0,1
12488,12481,12539,0,0,1
12495,12539,12540,0,0,1
12541,12540,12542,1,0,1
12508,12543,12544,0,1,1
12533,12544,12545,0,0,1
12542,12538,12546,0,0,1
12500,12546,12545,0,0,0
11745,11774,12547,1,1,1,11222
11748,11744,12548,1,1,1
12549,12548,12550,1,0,1
12551,12550,12552,1,0,1
12553,12552,12554,1,0,1
11738,12555,12556,1,1,1
11740,12556,12557,1,0,1
12558,12557,12559,1,0,1
12547,12560,12561,0,1,1
12554,12561,12559,0,0,0
11976,11978,12562,0,0,1,1750
12090,12103,12563,0,0,1
12088,12563,12564,0,0,1
12086,12564,12565,0,0,1
12082,12084,12566,0,0,1
11980,12566,12567,0,0,1
12562,12567,12565,0,0,0
11649,11651,12568,0,0,1,2790
12569,12568,12570,1,0,1
11656,11660,12571,0,0,1
11653,11657,12572,0,0,1
12570,11654,12573,0,0,1
12571,12573,12572,0,0,0
12469,12347,12574,0,0,1,10982
12575,12574,12576,1,0,1
12577,12578,12579,1,1,1
12580,12581,12582,1,1,1
11063,12583,12584,0,1,1
1860,12584,12585,0,0,1
1856,12585,12586,0,0,1
12587,12588,12589,1,1,1
12590,12591,12592,1,1,1
12353,12593,12594,0,1,1
12361,12594,12595,0,0,1
12349,12595,12596,0,0,1
12576,12350,12597,0,0,1
12579,12597,12598,0,0,1
12589,12586,12599,0,0,1
12600,12599,12601,1,0,1
12592,12601,12602,0,0,1
12598,12596,12603,0,0,1
12582,12603,12602,0,0,0
1834,1837,12604,0,0,1,10982
12605,1832,12606,1,0,1
12607,12608,12609,1,1,1
12610,12609,12611,1,0,1
1824,12612,12613,0,1,1
12614,12613,12615,1,0,1
12616,12615,12617,1,0,1
12618,12617,12619,1,0,1
12620,12621,12622,1,1,1
12623,12624,12625,1,1,1
12626,12627,12628,1,1,1
12629,12630,12631,1,1,1
12632,12631,12633,1,0,1
12634,12633,12635,1,0,1
12636,12637,12638,1,1,1
12639,12640,12641,1,1,1
12642,12641,12643,1,0,1
12644,12645,12646,1,1,1
12647,12646,12648,1,0,1
12649,12648,12650,1,0,1
12651,12650,12652,1,0,1
12653,12652,12654,1,0,1
12655,12656,12657,1,1,1
12658,12657,12659,1,0,1
12660,12661,12662,1,1,1
12663,12662,12664,1,0,1
12665,12664,12666,1,0,1
12667,12668,12669,1,1,1
12670,12671,12672,1,1,1
12673,12672,12674,1,0,1
12474,12674,12675,0,0,1
12604,12467,12676,0,0,1
12606,12676,12677,0,0,1
12619,12611,12678,0,0,1
12622,12678,12679,0,0,1
12625,12679,12680,0,0,1
12628,12680,12681,0,0,1
12635,12681,12682,0,0,1
12654,12683,12684,0,1,1
12666,12659,12685,0,0,1
12675,12686,12687,0,1,1
12677,12687,12688,0,0,1
12682,12689,12690,0,1,1
12638,12690,12691,0,0,1
12684,12692,12693,0,1,1
12685,12694,12695,0,1,1
12688,12669,12696,0,0,1
12691,12696,12697,0,0,1
12698,12697,12699,1,0,1
12693,12643,12700,0,0,1
12695,12700,12699,0,0,0
12183,10977,12701,0,0,1,2149
7073,12184,12702,1,0,1
12703,12704,12705,1,1,1
10987,12705,12706,0,0,1
10983,12706,12707,0,0,1
12708,12707,12709,1,0,1
12710,12709,12711,1,0,1
12712,12711,12713,1,0,1
12714,12713,12715,1,0,1
12716,12715,12717,1,0,1
12718,12719,12720,1,1,1
10981,12721,12722,0,1,1
11022,12722,12723,0,0,1
12702,12701,12724,0,0,1
12717,12724,12725,0,0,1
12726,12725,12727,1,0,1
12720,12727,12723,0,0,0
12728,12729,12730,1,1,1,10341
12731,12732,12733,1,1,1
12734,12733,12735,1,0,1
12736,12735,12737,1,0,1
12730,12738,12739,0,1,1
12740,12739,12737,1,0,0
12192,11152,12741,0,0,1,13270
12198,12741,12742,0,0,1
12188,12190,12743,0,0,1
11902,12743,12744,0,0,1
11899,12744,12745,0,0,1
12484,12745,12746,0,0,1
12482,12746,12742,0,0,0
11736,12364,12747,1,0,1,9174
12555,12747,12748,0,0,1
12749,12750,12751,1,1,1
12752,12751,12753,1,0,1
12754,12755,12756,1,1,1
12757,12756,12758,1,0,1
12759,12760,12761,1,1,1
12762,12761,12763,1,0,1
12368,12763,12764,0,0,1
12748,12366,12765,0,0,1
12753,12765,12766,0,0,1
12758,12766,12764,0,0,0
11595,12767,12768,0,1,1,1494
11592,12768,12769,0,0,1
12770,12769,12771,1,0,1
12772,12771,12773,1,0,1
10808,10818,12774,0,0,1,214
12775,12774,12776,1,0,1
12777,12776,10820,1,0,0
11090,11094,12778,0,0,1,10983
11088,11091,12779,0,0,1
12780,12779,12781,1,0,1
12782,12781,12783,1,0,1
12784,12783,12785,1,0,1
12137,12785,12786,0,0,1
12135,12786,12778,0,0,0
12787,12673,12788,1,0,1,2790
12577,12581,12789,0,0,1
12578,12789,12790,0,0,1
12470,12575,12791,0,0,1
12788,12791,12790,0,0,0
12792,11392,12793,1,0,1,9175
12794,12795,12796,1,1,1
12415,12797,12798,0,1,1
12799,12798,12800,1,0,1
12801,12802,12803,1,1,1
12804,12805,12806,1,1,1
11911,12806,12807,0,0,1
11394,12807,12808,0,0,1
12793,11395,12809,0,0,1
12810,12809,12811,1,0,1
12803,12800,12812,0,0,1
12813,12812,12814,1,0,1
12811,12808,12815,0,0,1
12796,12815,12814,0,0,0
12429,11390,12816,0,0,1,9174
12426,12816,12817,0,0,1
12427,12817,12818,0,0,1
12420,12424,12819,0,0,1
12418,12421,12820,0,0,1
12797,12820,12821,0,0,1
12794,12821,12822,0,0,1
12795,12822,12823,0,0,1
12818,12792,12824,0,0,1
12423,12824,12825,0,0,1
12823,12819,12826,0,0,1
12810,12826,12825,0,0,0
11755,11752,12827,1,1,1,9174
12828,11754,12829,1,1,1
12830,12831,12832,1,1,1
12833,12834,12835,1,1,1
12836,12837,12838,1,1,1
12839,12838,12840,1,0,1
12841,12840,12842,1,0,1
12551,12842,12843,0,0,1
12549,12843,12844,0,0,1
11747,12844,12845,1,0,1
11750,12845,12846,1,0,1
12827,12846,12847,0,0,1
12829,12847,12848,0,0,1
12835,12832,12849,0,0,1
12850,12849,12848,1,0,0
1936,12126,12851,0,0,1,2277
1932,12851,12852,0,0,1
12853,12854,12855,1,1,1,10341
12856,12857,12858,1,1,1
12859,12858,12860,1,0,1
12861,12860,12862,1,0,1
12855,12863,12864,0,1,1
12865,12864,12862,1,0,0
6459,11757,12866,1,1,1,11222
12867,6461,12868,1,1,1
12869,12868,12870,1,0,1
12830,12870,12871,0,0,1
12828,12831,12872,0,0,1
12866,12872,12871,0,0,0
12098,10809,12873,0,0,1,1750
12096,12873,12874,0,0,1
12875,12094,12876,1,0,1
12877,12876,12878,1,0,1
12879,12878,12880,1,0,1
12881,12880,12882,1,0,1
12883,12884,12885,1,1,1
12886,12887,12888,1,1,1
12889,12888,12890,1,0,1
6371,12890,12891,1,0,1
6375,12891,12892,1,0,1
10811,12892,12893,0,0,1
12777,10812,12894,0,0,1
12874,12775,12895,0,0,1
12882,12895,12896,0,0,1
12897,12896,12898,1,0,1
12885,12898,12899,0,0,1
12893,12899,12894,0,0,0
12900,11570,12901,1,0,1,10982
12902,12903,12904,1,1,1
12905,12904,12906,1,0,1
12907,12908,12909,1,1,1
12910,12909,12911,1,0,1
12912,12913,12914,1,1,1
12915,12914,12916,1,0,1
2321,12916,12917,0,0,1
12901,1916,12918,0,0,1
12911,12906,12919,0,0,1
12920,12919,12921,1,0,1
12917,12921,12918,0,0,0
11362,12178,12922,0,0,1,15077
11358,11360,12923,0,0,1
1904,11356,12924,0,0,1
12903,12924,12925,0,0,1
12900,12925,12926,0,0,1
12922,12926,12923,0,0,0
12341,11647,12927,0,0,1,2791
12139,12927,12928,0,0,1
12929,12140,12930,1,0,1
12931,12932,12933,1,1,1
12934,12933,12935,1,0,1
11659,12936,12937,0,1,1
12569,12937,12938,0,0,1
12928,12938,12939,0,0,1
12930,12939,12935,0,0,0
12352,1853,12940,0,0,1,15077
12593,12940,12941,0,0,1
12590,12941,12942,0,0,1
12591,12942,12943,0,0,1
12587,12600,12944,0,0,1
1857,12588,12945,0,0,1
12943,12945,12944,0,0,0
12804,11913,12946,0,0,1,983
12813,12805,12947,0,0,1
12801,12947,12948,0,0,1
12802,12948,12949,0,0,1
12416,12799,12950,0,0,1
12413,12950,12951,0,0,1
12952,12951,12953,1,0,1
11918,12953,12954,0,0,1
11915,12954,12955,0,0,1
12946,12955,12949,0,0,0
12749,12752,12956,0,0,1,13271
12957,12956,12958,1,0,1
2422,2425,12959,0,0,1
12960,12959,12961,1,0,1
12962,12961,12963,1,0,1
12964,12963,12965,1,0,1
12966,12965,12967,1,0,1
12968,12967,12969,1,0,1
12754,12969,12970,0,0,1
12958,12755,12971,0,0,1
2389,12971,12970,0,0,0
12553,12750,12972,0,0,1,9175
12841,12972,12973,0,0,1
12974,12973,12975,1,0,1
12976,12977,12978,1,1,1
12979,12980,12981,1,1,1
12982,12983,12984,1,1,1
12836,12984,12985,0,0,1
12850,12837,12986,0,0,1
12833,12986,12987,0,0,1
12869,12834,12988,0,0,1
12989,12988,12990,1,0,1
12991,12990,12992,1,0,1
12993,12994,12995,1,1,1
12996,12997,12998,1,1,1
12999,12998,13000,1,0,1
13001,13000,13002,1,0,1
13003,13004,13005,1,1,1
13006,13005,13007,1,0,1
2398,13008,13009,0,1,1
2395,13009,13010,0,0,1
13011,13010,13012,1,0,1
13013,13014,13015,1,1,1
13016,13017,13018,1,1,1
13019,13018,13020,1,0,1
13021,13020,13022,1,0,1
13023,13024,13025,1,1,1
13026,13027,13028,1,1,1
13029,13030,13031,1,1,1
13032,13033,13034,1,1,1
13035,13036,13037,1,1,1
13038,13037,13039,1,0,1
12957,2388,13040,0,0,1
12975,13040,13041,0,0,1
12978,13041,13042,0,0,1
13043,13042,13044,1,0,1
12985,12981,13045,0,0,1
12987,13045,13046,0,0,1
12992,13046,13047,0,0,1
13002,12995,13048,0,0,1
13015,13012,13049,0,0,1
13050,13049,13051,1,0,1
13022,13051,13052,0,0,1
13025,13052,13053,0,0,1
13054,13053,13055,1,0,1
13044,13039,13056,0,0,1
13057,13056,13058,1,0,1
13055,13007,13059,0,0,1
13028,13059,13060,0,0,1
13031,13060,13061,0,0,1
13058,13062,13063,0,1,1
13047,13063,13064,0,0,1
13061,13048,13065,0,0,1
13034,13065,13064,0,0,0
13066,6462,13067,1,0,1,9174
13068,13069,13070,1,1,1
13071,13070,13072,1,0,1
6405,13073,13074,0,1,1
6403,6406,13075,0,0,1
6401,13075,13076,0,0,1
13077,6399,13078,1,0,1
13067,13078,13079,0,0,1
13074,13072,13080,0,0,1
13076,13080,13079,0,0,0
13081,13082,13083,1,1,1,2262
13084,13083,13085,1,0,1
11999,11962,13086,0,0,1,9941
13087,13086,13088,1,0,1
13089,13088,13090,1,0,1
13091,13090,13092,1,0,1
13093,13094,13095,1,1,1
13096,13095,13097,1,0,1
11967,13097,13098,0,0,1
11968,13098,13099,0,0,1
11965,13099,13092,0,0,0
13100,11085,13101,1,0,1,10982
13102,13101,13103,1,0,1
13104,13105,13106,1,1,1
13107,13106,13108,1,0,1
13109,13108,13110,1,0,1
13111,13110,13112,1,0,1
13113,13112,13114,1,0,1
13115,13114,13116,1,0,1
12782,13116,13117,0,0,1
13103,12780,13118,0,0,1
13119,13118,13117,1,0,0
6584,6616,13120,1,1,1,10341
13121,6583,13122,1,1,1
13123,13122,13124,1,0,1
13125,13124,13126,1,0,1
13127,13126,13128,1,0,1
6581,13128,13120,1,0,0
12968,12757,13129,0,0,1,9175
12966,13129,13130,0,0,1
12964,13130,13131,0,0,1
12960,12962,13132,0,0,1
2423,13132,13133,0,0,1
2420,13133,13134,0,0,1
13135,13134,13136,1,0,1
2411,13137,13138,0,1,1
12373,12376,13139,0,0,1
13140,13139,13141,1,0,1
13142,13141,13143,1,0,1
13144,13145,13146,1,1,1
12760,13146,13147,0,0,1
13131,13147,13148,0,0,1
13136,13148,13149,0,0,1
13138,13149,13143,0,0,0
13150,12010,13151,1,0,1,8406
11840,13151,13152,0,0,1
12228,11835,13153,0,0,1
12275,13153,13154,0,0,1
13155,12283,13156,1,0,1
13157,13156,13158,1,0,1
13159,13158,13160,1,0,1
13161,13160,13162,1,0,1
13163,13162,13164,1,0,1
13165,13166,13167,1,1,1
13168,13169,13170,1,1,1
12014,13170,13171,0,0,1
13152,13171,13172,0,0,1
11838,13172,13173,0,0,1
13154,13173,13174,0,0,1
13164,13174,13167,0,0,0
12784,12149,13175,0,0,1,2790
13115,13175,13176,0,0,1
13113,13176,13177,0,0,1
13111,13177,13178,0,0,1
13179,13109,13180,1,0,1
13181,13182,13183,1,1,1
13184,13183,13185,1,0,1
13186,13185,13187,1,0,1
13188,13187,13189,1,0,1
11664,13189,13190,0,0,1
11662,13190,13191,0,0,1
12934,12936,13192,0,0,1
12929,12932,13193,0,0,1
13178,13193,13194,0,0,1
13191,13180,13195,0,0,1
13192,13195,13196,0,0,1
12931,13196,13194,0,0,0
12716,12726,13197,0,0,1,10341
12714,13197,13198,0,0,1
12712,13198,13199,0,0,1
12710,13199,13200,0,0,1
10984,12708,13201,0,0,1
10980,13201,13202,0,0,1
12718,12721,13203,0,0,1
13200,12719,13204,0,0,1
13202,13204,13203,0,0,0
6622,6590,13205,1,1,1,10341
13206,6593,13207,1,1,1
13208,13207,13209,1,0,1
13210,13209,13211,1,0,1
13212,13211,13213,1,0,1
13214,13213,13205,1,0,0
12534,13215,13216,0,1,1,9173
12532,12535,13217,0,0,1
12530,13217,13218,0,0,1
13219,13218,13220,1,0,1
13221,13220,13222,1,0,1
13223,13222,13224,1,0,1
13225,13224,13226,1,0,1
13227,13226,13216,1,0,0
12492,12494,13228,0,0,1,13270
12487,12490,13229,0,0,1
11897,13229,13230,0,0,1
13231,13230,13232,1,0,1
12541,12497,13233,0,0,1
13228,13233,13234,0,0,1
13232,12489,13235,0,0,1
12496,13235,13234,0,0,0
12759,12762,13236,0,0,1,13270
13144,13236,13237,0,0,1
13142,13145,13238,0,0,1
13140,13238,13239,0,0,1
12370,12374,13240,0,0,1
12439,12371,13241,0,0,1
13237,13241,13242,0,0,1
13239,13242,13240,0,0,0
12982,12839,13243,0,0,1,13270
12979,12983,13244,0,0,1
13057,12980,13245,0,0,1
13043,13245,13246,0,0,1
12974,12977,13247,0,0,1
13243,13247,13248,0,0,1
13246,13244,13249,0,0,1
12976,13249,13248,0,0,0
11811,11996,13250,1,0,1,9940
13251,13250,13252,1,0,1
13253,13254,13255,1,1,1
13256,13255,13257,1,0,1
13091,13094,13258,0,0,1
13089,13258,13259,0,0,1
13252,13087,13260,0,0,1
13261,13260,13262,1,0,1
13257,13262,13259,0,0,0
11847,12008,13263,0,0,1,213
11855,13263,13264,0,0,1
11844,13264,13265,0,0,1
11842,13265,13266,0,0,1
13150,13266,12011,0,0,0
11872,11875,13267,0,0,1,15077
1802,11873,13268,0,0,1
2374,13268,13269,0,0,1
2372,13269,13270,0,0,1
2370,13270,13267,0,0,0
13254,13261,13271,1,1,1,42704
13256,13253,13272,1,1,1
13273,13093,13274,1,1,1
13275,13274,13276,1,0,1
13277,13276,13278,1,0,1
13279,13278,13280,1,0,1
13251,11814,13281,1,0,1
13271,13281,13282,0,0,1
13272,13282,13280,0,0,0
6579,6614,13283,1,1,1,14437
13127,6578,13284,0,1,1
13285,13284,13286,1,0,1
13287,13286,13288,1,0,1
13289,13288,13290,1,0,1
13291,13290,13292,1,0,1
13293,13292,13294,1,0,1
13295,13294,13296,1,0,1
13297,13296,13298,1,0,1
7075,13298,13299,1,0,1
7078,13299,13283,1,0,0
13300,13301,13302,1,1,1,2245
13303,13302,13304,1,0,1
13305,13304,13306,1,0,1
13307,13308,13309,1,1,1
13310,13309,13311,1,0,1
13312,13313,13314,1,1,1
13315,13314,13316,1,0,1
13317,13316,13318,1,0,1
13319,13320,13321,1,1,1
13322,13321,13323,1,0,1
13324,13323,13325,1,0,1
13326,13327,13328,1,1,1
6628,13329,13330,0,1,1
6626,13330,13331,0,0,1
13332,13331,13333,1,0,1
13311,13306,13334,0,0,1
13335,13334,13336,1,0,1
13325,13318,13337,0,0,1
13328,13337,13338,0,0,1
13333,13338,13336,0,0,0
2417,13135,13339,0,0,1,984
2418,13339,13340,0,0,1
2415,13340,13341,0,0,1
2413,13341,13137,0,0,0
1377,6408,13342,1,1,1,982
2450,13342,13343,1,0,1
13344,2453,13345,1,1,1
12996,13345,13346,0,0,1
13347,13346,13348,1,0,1
13073,13349,13350,1,1,1
13343,13350,13348,0,0,0
12013,12016,13351,0,0,1,12501
13168,13351,13352,0,0,1
13353,13352,12217,1,0,0
429,11823,13354,1,0,1,1750
432,13354,13355,1,0,1
431,13355,13356,1,0,1
435,13356,13357,1,0,1
434,13357,438,1,0,1
12670,12787,13358,0,0,1,15077
13359,13358,13360,1,0,1
13361,13360,13362,1,0,1
12663,13363,13364,0,1,1
13365,13364,13366,1,0,1
11065,13366,13367,0,0,1
12583,11066,13368,0,0,1
12580,13368,13369,0,0,1
13362,13369,13367,0,0,0
2384,1820,13370,0,0,1,15077
2382,13370,13371,0,0,1
13372,13371,13373,1,0,1
12614,13373,1822,0,0,0
7076,12704,13374,1,0,1,10341
13375,13297,13376,1,0,1
13377,13378,13379,1,1,1
13380,13381,13382,1,1,1
13383,13384,13385,1,1,1
11025,13385,13386,0,0,1
10989,13386,13387,0,0,1
10986,13387,13388,0,0,1
12703,13388,13389,0,0,1
13376,13374,13390,0,0,1
13379,13390,13391,0,0,1
13392,13391,13393,1,0,1
13382,13393,13389,0,0,0
13212,13214,13394,0,0,1,10342
13208,13210,13395,0,0,1
13396,13395,13397,1,0,1
13398,13399,13400,1,1,1
13401,13402,13403,1,1,1
13404,13403,13405,1,0,1
13406,13407,13408,1,1,1
13409,13410,13411,1,1,1
6588,13412,13413,1,1,1
13394,13413,13414,0,0,1
13397,13414,13415,0,0,1
13400,13415,13416,0,0,1
13405,13416,13417,0,0,1
13408,13417,13411,0,0,0
6606,6603,13418,1,1,1,10341
13419,13418,13420,1,0,1
13421,13420,13422,1,0,1
13423,13422,13424,1,0,1
13425,13424,6601,1,0,1
11895,13231,13426,0,0,1,9175
13427,11893,13428,1,0,1
2532,13428,13429,1,0,1
12501,13429,13430,0,0,1
12543,13430,13431,0,0,1
12499,13431,13426,0,0,0
13349,13071,13432,0,1,1,13270
13347,13432,13433,0,0,1
12993,12997,13434,0,0,1
12991,12994,13435,0,0,1
13068,13435,13436,1,0,1
13433,13436,13434,0,0,0
1215,1478,13437,1,1,1,2262
1208,1204,13438,1,1,1
1212,1210,13439,1,1,1
1476,13439,13440,1,0,1
13438,13437,13441,0,0,1
1207,13441,13440,1,0,0
13442,13443,13444,1,1,1,984
13445,13444,13446,1,0,1
13447,13446,13448,1,0,1
13449,13450,13451,1,1,1
13452,13451,13453,1,0,1
13454,13453,13455,1,0,1
13456,13455,13457,1,0,1
13458,13457,13448,1,0,0
13459,13035,13460,1,0,1,984
13461,13462,13463,1,1,1
13464,13465,13466,1,1,1
13033,13467,13468,0,1,1
13029,13468,13469,0,0,1
13470,13469,13471,1,0,1
13472,13471,13473,1,0,1
13019,13473,13474,0,0,1
13475,13474,13476,1,0,1
13477,13478,13479,1,1,1
13480,13481,13482,1,1,1
13011,13483,13484,0,1,1
2396,13484,13485,0,0,1
2393,13485,13486,0,0,1
2391,13486,13487,0,0,1
13038,13487,13488,0,0,1
13463,13460,13489,0,0,1
13466,13489,13490,0,0,1
13476,13490,13491,0,0,1
13479,13491,13492,0,0,1
13493,13492,13494,1,0,1
13482,13494,13488,0,0,0
13032,13062,13495,0,0,1,983
13464,13467,13496,0,0,1
13465,13496,13497,0,0,1
13461,13497,13498,0,0,1
13459,13462,13499,0,0,1
13036,13499,13500,0,0,1
13495,13500,13498,0,0,0
13501,12875,13502,1,1,1,8406
13503,13502,13504,1,0,1
13505,13504,13506,1,0,1
13507,13508,13509,1,1,1
6364,13509,13510,0,0,1
13511,13512,13513,1,1,1
13514,13513,13515,1,0,1
13516,13517,13518,1,1,1
13519,13520,13521,1,1,1
13522,13521,13523,1,0,1
13524,13523,13525,1,0,1
13526,13525,13527,1,0,1
13528,13529,13530,1,1,1
13531,13530,13532,1,0,1
11972,13533,13534,1,1,1
12092,13534,13535,1,0,1
13506,13535,13536,0,0,1
13510,13537,13538,0,1,1
13515,13538,13539,0,0,1
13518,13539,13540,0,0,1
13541,13540,13542,1,0,1
13527,13542,13543,0,0,1
13532,13543,13536,0,0,0
13544,13545,13546,1,1,1,1749
12265,13546,13547,0,0,1
12261,13547,13548,0,0,1
12259,12262,13549,0,0,1
13550,13549,13551,1,0,1
13552,13551,13553,1,0,1
13554,13555,13556,1,1,1
13557,13556,13558,1,0,1
13559,13558,13560,1,0,1
13561,13560,13562,1,0,1
13563,13564,13565,1,1,1
13566,13567,13568,1,1,1
13548,13568,13569,0,0,1
13553,13569,13570,0,0,1
13562,13570,13565,0,0,0
1828,1830,13571,0,0,1,15077
12612,1826,13572,0,0,1
12610,13572,13573,0,0,1
12607,13573,13574,0,0,1
12689,12608,13575,0,0,1
12605,13575,13576,0,0,1
13571,13576,13574,0,0,0
13412,6586,13577,0,1,1,14437
13409,13577,13578,0,0,1
13410,13578,13579,0,0,1
13406,13579,13580,0,0,1
13407,13580,13581,0,0,1
13582,13581,13583,1,0,1
13584,13585,13586,1,1,1
13587,13586,13588,1,0,1
13589,13588,13590,1,0,1
13121,13590,13583,0,0,0
1900,1902,13591,0,0,1,15077
13592,1898,13593,1,0,1
13594,13593,13595,1,0,1
12907,13596,13597,0,1,1
12905,12908,13598,0,0,1
12902,13598,13599,0,0,1
13591,13599,13600,0,0,1
13595,13600,13597,0,0,0
1894,1896,13601,0,0,1,10981
13602,13601,13603,1,0,1
13604,13605,13606,1,1,1
13594,13606,13607,0,0,1
13592,13607,13603,0,0,0
11086,13100,13608,0,0,1,15077
11083,13608,13609,0,0,1
11081,13609,13610,0,0,1
11079,13610,13611,0,0,1
13612,13611,13613,1,0,1
13119,13105,13614,0,0,1
13102,13614,13613,0,0,0
11068,11106,13615,0,0,1,2789
13365,13615,13616,0,0,1
12660,13616,13617,0,0,1
13618,13617,13619,1,0,1
13620,13619,13621,1,0,1
13622,13621,13623,1,0,1
12649,13623,13624,0,0,1
13625,13624,11071,1,0,0
11013,1798,13626,0,0,1,10981
13627,13626,13628,1,0,1
13629,13628,13630,1,0,1
13631,13630,13632,1,0,1
2378,13632,2376,0,0,0
13295,13375,13633,0,0,1,10342
13291,13293,13634,0,0,1
13384,13634,13635,0,0,1
13380,13635,13636,0,0,1
13381,13636,13637,0,0,1
13392,13637,13638,0,0,1
13377,13638,13639,0,0,1
13378,13639,13633,0,0,0
13589,13123,13640,0,0,1,10342
13641,13640,13642,1,0,1
13643,13642,13644,1,0,1
13645,13644,13646,1,0,1
13647,13646,13648,1,0,1
10992,13648,13649,0,0,1
13383,13649,13650,0,0,1
13289,13650,13651,0,0,1
13287,13651,13652,0,0,1
13285,13652,13125,0,0,0
6592,13206,13653,1,0,1,2150
13654,13653,13655,1,0,1
13656,13655,13657,1,0,1
13401,13658,13659,0,1,1
13402,13659,13660,0,0,1
13398,13660,13661,0,0,1
13399,13661,13662,0,0,1
13396,13662,13657,0,0,0
13663,13421,13664,1,0,1,10437
13665,13664,13666,1,0,1
13667,13666,13668,1,0,1
13669,13668,13670,1,0,1
13671,13672,13673,1,1,1
13674,13675,13676,1,1,1
13423,13676,13677,0,0,1
13670,13677,13673,0,0,0
13096,11970,13678,0,0,1,8405
13273,13678,13679,1,0,1
13680,13679,13681,1,0,1
13682,13681,13683,1,0,1
13684,13683,13685,1,0,1
13686,13685,13687,1,0,1
13688,13687,13689,1,0,1
13690,13689,13533,1,0,1
13566,13691,13692,0,1,1,9941
13567,13692,13693,0,0,1
13563,13693,13694,0,0,1
13564,13694,13695,0,0,1
13561,13695,13696,0,0,1
13697,13698,13699,1,1,1,10983
13700,13699,13701,1,0,1
13702,13701,13703,1,0,1
13704,13705,13706,1,1,1
13707,13706,13708,1,0,1
13709,13708,13703,1,0,0
11925,11890,13710,0,0,1,10455
11922,11926,13711,0,0,1
11931,11923,13712,0,0,1
11920,13712,13713,0,0,1
2530,13713,13714,1,0,1
2576,13714,13715,1,0,1
2533,13715,13716,1,0,1
13710,13427,13717,0,0,1
13711,13717,13716,0,0,0
13353,12216,13718,0,0,1,8405
13169,13718,13719,0,0,1
13165,13719,13720,0,0,1
13166,13720,13721,0,0,1
13163,13721,13722,0,0,1
13723,13161,13724,1,0,1
13725,13724,13726,1,0,1
12223,13726,13727,0,0,1
12219,13727,13728,0,0,1
12220,13728,13722,0,0,0
13729,13730,13731,1,1,1,2790
13732,13733,13734,1,1,1
13735,13736,13737,1,1,1
13731,13737,13734,0,0,0
12686,12671,13738,0,0,1,15078
12667,13738,13739,0,0,1
12668,13739,13740,0,0,1
13363,12665,13741,0,0,1
13361,13741,13742,0,0,1
13359,13742,13740,0,0,0
13743,7960,13744,1,0,1,3014
13745,13744,13746,1,0,1
7933,13746,7949,0,0,0
1708,7930,13747,0,0,1,1734
13748,13747,13749,1,0,1
13750,13751,13752,1,1,1
13753,13752,13754,1,0,1
13755,13754,13756,1,0,1
13757,13756,13758,1,0,1
13759,13760,13761,1,1,1
13762,13763,13764,1,1,1
12309,13764,13765,0,0,1
13766,13765,13767,1,0,1
13768,13767,13769,1,0,1
13770,13769,13771,1,0,1
13772,13771,13773,1,0,1
13774,13773,13775,1,0,1
13776,13775,13777,1,0,1
13778,13777,13779,1,0,1
13780,13781,13782,1,1,1
7932,13782,13783,0,0,1
13743,13745,13784,0,0,1
13749,13784,13785,0,0,1
13758,13785,13786,0,0,1
13787,13786,13788,1,0,1
13761,13788,13789,0,0,1
13790,13789,13791,1,0,1
13779,13791,13783,0,0,0
13674,13425,13792,0,0,1,2245
13793,13792,13794,1,0,1
13795,13796,13797,1,1,1
13798,13797,13799,1,0,1
6595,13799,13800,1,0,1
6599,6597,13801,1,1,1
13794,13801,13800,0,0,0
12524,13802,13803,0,1,1,9173
12522,13803,13804,0,0,1
12520,13804,13805,0,0,1
13806,12516,13807,1,0,1
13808,13807,13809,1,0,1
13810,13809,13811,1,0,1
13812,13811,13813,1,0,1
13814,13813,13815,1,0,1
13805,13816,13817,0,1,1
12518,13817,13815,0,0,0
13477,13493,13818,0,0,1,983
13475,13478,13819,0,0,1
13016,13819,13820,0,0,1
13017,13820,13821,0,0,1
13050,13821,13822,0,0,1
13013,13822,13823,0,0,1
13014,13823,13824,0,0,1
13483,13824,13825,0,0,1
13480,13825,13826,0,0,1
13481,13826,13818,0,0,0
12879,12881,13827,0,0,1,1751
13501,12877,13828,1,0,1
12887,13829,13830,0,1,1
12883,13830,13831,0,0,1
12884,13831,13832,0,0,1
12897,13832,13833,0,0,1
13827,13833,13828,0,0,0
13275,13834,13835,0,1,1,41168
13680,13835,13836,1,0,1
13837,13836,13838,1,0,1
13839,13838,13840,1,0,1
13841,13840,13842,1,0,1
13843,13842,13844,1,0,1
13845,13844,13846,1,0,1
13847,13846,13848,1,0,1
13849,13848,13850,1,0,1
13851,13850,13852,1,0,1
13853,13852,13854,1,0,1
13798,13654,13855,0,0,1,2246
13793,13796,13856,0,0,1
13671,13675,13857,0,0,1
13858,13859,13860,1,1,1
13861,13862,13863,1,1,1
13864,13863,13865,1,0,1
13866,13867,13868,1,1,1
13869,13870,13871,1,1,1
13872,13871,13873,1,0,1
13874,13873,13875,1,0,1
13876,13877,13878,1,1,1
13879,13880,13881,1,1,1
13404,13882,13883,0,1,1
13658,13883,13884,0,0,1
13855,13656,13885,0,0,1
13857,13856,13886,0,0,1
13672,13886,13887,0,0,1
13888,13887,13889,1,0,1
13865,13860,13890,0,0,1
13875,13868,13891,0,0,1
13878,13891,13892,0,0,1
13893,13892,13894,1,0,1
13881,13894,13895,0,0,1
13884,13895,13896,0,0,1
13889,13795,13897,0,0,1
13896,13890,13898,0,0,1
13885,13898,13897,0,0,0
13899,13900,13901,1,1,1,709
13902,13903,13904,1,1,1
13905,13906,13907,1,1,1
13908,13907,13909,1,0,1
13910,13911,13912,1,1,1
13913,13914,13915,1,1,1
13916,13917,13918,1,1,1
2255,13919,13920,1,1,1
2258,13920,13921,1,0,1
2261,13921,13922,1,0,1
2264,2260,13923,1,1,1
1656,2263,13924,1,1,1
13925,13924,13926,1,0,1
13927,13928,13929,1,1,1
13930,13929,13931,1,0,1
13932,13931,13933,1,0,1
13934,13933,13935,1,0,1
13936,13935,13937,1,0,1
13938,13937,13939,1,0,1
13940,13939,13941,1,0,1
13942,13941,13943,1,0,1
13944,13945,13946,1,1,1
13947,13946,13948,1,0,1
13949,13948,13950,1,0,1
13951,13952,13953,1,1,1
13954,13953,13955,1,0,1
2226,13955,13956,1,0,1
2228,13956,13957,1,0,1
2295,13957,13958,1,0,1
2231,13958,13959,1,0,1
2230,13959,13960,1,0,1
2234,13960,13961,1,0,1
2299,2233,13962,1,1,1
2237,13962,13963,1,0,1
13901,13963,13964,0,0,1
13904,13964,13965,0,0,1
13915,13966,13967,0,1,1
13918,13967,13968,0,0,1
13922,13968,13969,0,0,1
13923,13969,13970,0,0,1
13926,13970,13971,0,0,1
13965,13961,13972,0,0,1
13973,13972,13974,1,0,1
13909,13974,13975,0,0,1
13912,13975,13976,0,0,1
13971,13977,13978,0,1,1
13979,13978,13980,1,0,1
13976,13950,13981,0,0,1
13980,13982,13983,0,1,1
13943,13983,13981,0,0,0
12910,12920,13984,0,0,1,15077
13985,13984,13986,1,0,1
13987,13986,13988,1,0,1
13989,13988,13990,1,0,1
13991,13990,13992,1,0,1
13625,11070,13993,0,0,1,15077
12647,13993,13994,0,0,1
13995,13994,11074,1,0,0
2539,2537,13996,1,1,1,2262
2578,2541,13997,1,1,1
2590,13997,13998,1,0,1
2544,2580,13999,1,1,1
12503,2543,14000,0,1,1
13996,14000,14001,0,0,1
13998,14001,13999,0,0,0
2452,13344,14002,1,0,1,2263
2457,2455,14003,1,1,1
2461,2459,14004,1,1,1
2466,2463,14005,1,1,1
2469,2465,14006,1,1,1
14007,2468,14008,1,1,1
14009,14008,14010,1,0,1
14011,14010,14012,1,0,1
14013,14014,14015,1,1,1
12999,14015,14016,0,0,1
14002,14016,14017,0,0,1
14003,14017,14018,0,0,1
14004,14018,14019,0,0,1
14005,14019,14020,0,0,1
14006,14020,14012,0,0,0
14021,14022,14023,1,1,1,1750
14024,14025,14026,1,1,1
1192,14027,14028,0,1,1
14029,14028,14030,1,0,1
14031,14030,14032,1,0,1
12063,14032,14033,0,0,1
1199,12061,14034,0,0,1
14023,14034,14035,0,0,1
14026,14035,14036,0,0,1
14037,14036,14033,1,0,0
14038,13690,14039,1,0,1,12501
14040,14041,14042,1,1,1
13528,14042,14043,1,0,1
13531,14043,14039,1,0,0
11076,13612,14044,0,0,1,10983
14045,14044,14046,1,0,1
14047,14046,14048,1,0,1
14049,14048,14050,1,0,1
14051,14050,14052,1,0,1
14053,14052,14054,1,0,1
14055,14054,14056,1,0,1
14057,14056,14058,1,0,1
13184,14059,14060,0,1,1
13104,14061,14062,0,1,1
14058,14062,14063,0,0,1
14060,14064,14065,0,1,1
13181,14065,14063,0,0,0
2380,13372,14066,0,0,1,10983
13631,14066,14067,0,0,1
14068,14067,14069,1,0,1
14070,14069,14071,1,0,1
14072,14071,14073,1,0,1
14074,14075,14076,1,1,1
12616,14076,14073,0,0,0
2407,12378,14077,0,0,1,9175
2404,14077,14078,0,0,1
2402,2405,14079,0,0,1
14080,14081,14082,1,1,1
14083,14082,14084,1,0,1
14085,14086,14087,1,1,1
14088,14089,14090,1,1,1
14091,14090,14092,1,0,1
14093,14094,14095,1,1,1
14096,14095,14097,1,0,1
14098,12389,14099,1,0,1
14100,14099,14101,1,0,1
14102,14101,14103,1,0,1
14078,14103,14104,0,0,1
14087,14084,14105,0,0,1
14092,14105,14106,0,0,1
14107,14106,14108,1,0,1
14104,14097,14109,0,0,1
14079,14109,14108,0,0,0
13470,13472,14110,0,0,1,983
13030,14110,14111,0,0,1
13026,14111,14112,0,0,1
13027,14112,14113,0,0,1
13023,13054,14114,0,0,1
13021,13024,14115,0,0,1
14113,14115,14114,0,0,0
14013,13001,14116,0,0,1,983
14011,14014,14117,0,0,1
14009,14117,14118,0,0,1
14119,14118,14120,1,0,1
13003,14120,14121,0,0,1
13004,14121,14116,0,0,0
13554,14122,14123,0,1,1,212
14124,14123,14125,1,0,1
14126,14127,14128,1,1,1
14129,14130,14131,1,1,1
14132,14131,14133,1,0,1
14134,14133,14135,1,0,1
14136,14135,14137,1,0,1
14138,14137,14139,1,0,1
14140,14141,14142,1,1,1
14125,14142,14143,0,0,1
14128,14143,14139,0,0,0
13604,13596,14144,0,0,1,10982
14145,14144,14146,1,0,1
14147,14146,14148,1,0,1
14149,14150,14151,1,1,1
14152,14153,14154,1,1,1
13987,14154,14155,0,0,1
13985,14155,14156,0,0,1
14148,14156,14151,0,0,0
12661,13618,14157,0,0,1,15077
12658,14157,14158,0,0,1
12655,14158,14159,0,0,1
12694,12656,14160,0,0,1
12653,14160,14161,0,0,1
12651,14161,14162,0,0,1
13622,14162,14163,0,0,1
13620,14163,14159,0,0,0
12507,12510,14164,0,0,1,9173
14165,14164,14166,1,0,1
2550,14166,14167,1,0,1
14168,14167,14169,1,0,1
14170,14169,14171,1,0,1
14172,14171,14173,1,0,1
12512,14174,14175,0,1,1
12509,14175,14173,0,0,0
14022,1200,14176,1,1,1,1751
14025,14021,14177,1,1,1
14178,14024,14179,1,1,1
14180,14179,14181,1,0,1
1195,14181,14182,1,0,1
14176,1197,14183,0,1,1
14177,14183,14182,0,0,0
12889,6372,14184,0,1,1,215
13503,13829,14185,1,0,1
14186,14185,14187,1,0,1
14188,14187,14189,1,0,1
14190,14189,14191,1,0,1
13507,14191,14192,1,0,1
6367,14192,14193,1,0,1
14184,6369,14194,0,1,1
12886,14194,14193,0,0,0
12915,2323,14195,0,0,1,15078
13992,12913,14196,0,0,1
14152,13989,14197,0,0,1
14198,14197,14199,1,0,1
14200,14199,14201,1,0,1
14202,14201,14203,1,0,1
14204,14203,14205,1,0,1
14206,14207,14208,1,1,1
14209,14208,14210,1,0,1
14211,14210,14212,1,0,1
14213,14214,14215,1,1,1
14216,14215,14217,1,0,1
14218,14217,14219,1,0,1
14220,14219,14221,1,0,1
14222,14221,14223,1,0,1
14224,14223,14225,1,0,1
2326,14225,14226,0,0,1
14205,13991,14227,0,0,1
14212,14227,14228,0,0,1
14229,14228,14230,1,0,1
14226,14231,14232,0,1,1
14195,14232,14233,0,0,1
12912,14233,14234,0,0,1
14230,14196,14235,0,0,1
14236,14235,14237,1,0,1
14238,14237,14234,1,0,0
13602,13605,14239,0,0,1,15077
1892,14239,14240,0,0,1
11683,1888,14241,0,0,1
11681,14241,14242,0,0,1
14243,14242,14244,1,0,1
14245,14244,14246,1,0,1
14147,14150,14247,0,0,1
14240,14145,14248,0,0,1
14246,1890,14249,0,0,1
14247,14249,14248,0,0,0
12644,13995,14250,0,0,1,15078
14251,12645,14252,1,0,1
14253,14252,14254,1,0,1
14255,14256,14257,1,1,1
14045,14257,14258,0,0,1
11077,14258,14259,0,0,1
11073,14259,14260,0,0,1
14250,14260,14254,0,0,0
14261,13647,14262,1,0,1,10341
14263,14264,14265,1,1,1
13866,14265,14266,0,0,1
14267,14266,14268,1,0,1
10995,14268,14269,0,0,1
10991,14269,14262,0,0,0
13643,13645,14270,0,0,1,2150
13587,13641,14271,0,0,1
14272,14271,14273,1,0,1
14274,14273,14275,1,0,1
13870,14275,14276,0,0,1
14263,14276,14277,0,0,1
14264,14277,14278,0,0,1
14261,14278,14270,0,0,0
14279,14280,14281,1,1,1,2246
14282,14283,14284,1,1,1
14285,14284,14286,1,0,1
14287,14286,14288,1,0,1
14289,14288,14290,1,0,1
14291,14290,14292,1,0,1
14293,14292,14294,1,0,1
14295,14294,14296,1,0,1
14297,14296,14298,1,0,1
14299,14298,14300,1,0,1
14301,14300,14302,1,0,1
14303,14302,14304,1,0,1
14305,6101,14306,1,0,1
13319,14306,14307,0,0,1
13317,13320,14308,0,0,1
13315,14308,14309,0,0,1
13335,13313,14310,0,0,1
13307,13310,14311,0,0,1
13305,13308,14312,0,0,1
14313,14312,14314,1,0,1
14281,14314,14315,0,0,1
14307,14304,14316,0,0,1
14309,14316,14317,0,0,1
13312,14317,14318,0,0,1
14311,14310,14319,0,0,1
14315,14319,14318,0,0,0
14320,13006,14321,1,0,1,9174
14322,14321,14323,1,0,1
14324,14323,14325,1,0,1
14081,14325,14326,0,0,1
2400,14326,13008,0,0,0
13723,13725,14327,0,0,1,12501
13159,14327,14328,0,0,1
14329,14328,14330,1,0,1
12286,14331,14332,0,1,1
12225,14332,14333,0,0,1
12226,14333,14334,0,0,1
12222,14334,14330,0,0,0
14061,13107,14335,0,0,1,2791
13182,14335,13179,0,0,0
12410,12952,14336,0,0,1,2262
12442,12411,14337,0,0,1
14338,14337,14339,1,0,1
14340,14339,14341,1,0,1
14342,14341,14343,1,0,1
14344,14343,14345,1,0,1
14346,14345,14347,1,0,1
14348,14347,14349,1,0,1
14350,14349,14351,1,0,1
14352,14351,14353,1,0,1
14354,14355,14356,1,1,1
14357,14358,14359,1,1,1
2498,14359,14360,1,0,1
2500,14360,14361,1,0,1
14362,2503,14363,1,1,1
14364,14363,14365,1,0,1
14366,14367,14368,1,1,1
2511,14368,14369,1,0,1
14370,2514,14371,1,1,1
14372,14373,14374,1,1,1
2524,14375,14376,1,1,1
2528,14376,14377,1,0,1
11917,14377,14378,0,0,1
14336,14378,14379,0,0,1
14361,14380,14381,0,1,1
14365,14381,14382,0,0,1
14369,14382,14383,0,0,1
2515,14383,14384,1,0,1
14371,14384,14385,0,0,1
14379,14374,14386,0,0,1
14353,14386,14387,0,0,1
14356,14387,14385,0,0,0
13550,13552,14388,0,0,1,9941
12257,14388,14389,0,0,1
14390,14389,14391,1,0,1
14124,14391,13555,0,0,0
12636,12698,14392,0,0,1,2790
14393,14392,14394,1,0,1
14395,14394,14396,1,0,1
14397,14396,14398,1,0,1
14399,14398,12640,1,0,0
14400,13629,14401,1,0,1,10855
14402,14401,14403,1,0,1
14404,14405,14406,1,1,1
14407,14406,14408,1,0,1
14409,14408,14410,1,0,1
14411,14412,14413,1,1,1
14414,14413,14415,1,0,1
14416,14417,14418,1,1,1
14419,14418,14420,1,0,1
14421,14420,14422,1,0,1
14423,14424,14425,1,1,1
14426,14427,14428,1,1,1
14429,14428,14430,1,0,1
14431,14430,14432,1,0,1
14433,14432,14434,1,0,1
14435,14434,14436,1,0,1
14437,14436,14438,1,0,1
14439,14438,14440,1,0,1
12632,14440,14441,0,0,1
12629,14441,14442,0,0,1
14443,14442,14444,1,0,1
14445,14444,14446,1,0,1
14447,14446,14448,1,0,1
14449,14450,14451,1,1,1
12618,12621,14452,0,0,1
14074,14452,14453,0,0,1
14454,14453,14455,1,0,1
14456,14455,14457,1,0,1
14458,14457,14459,1,0,1
14460,14461,14462,1,1,1
14070,14463,14464,0,1,1
14403,14068,14465,0,0,1
14415,14410,14466,0,0,1
14467,14466,14468,1,0,1
14422,14468,14469,0,0,1
14448,14425,14470,0,0,1
14451,14470,14471,0,0,1
14459,14472,14473,0,1,1
14465,14464,14474,0,0,1
14469,14474,14475,0,0,1
14471,14476,14477,0,1,1
14473,14477,14478,0,0,1
14479,14478,14480,1,0,1
14462,14480,14475,0,0,0
11011,13627,14481,0,0,1,10853
11009,14481,14482,0,0,1
14483,14484,14485,1,1,1
14402,14486,14487,0,1,1
14400,14487,14488,0,0,1
14482,14488,14485,0,0,0
13882,13582,14489,0,0,1,2245
13893,13880,14490,0,0,1
13876,14490,14491,0,0,1
13874,13877,14492,0,0,1
13872,14492,14493,0,0,1
14274,13869,14494,0,0,1
13584,14272,14495,0,0,1
14489,13585,14496,0,0,1
13879,14496,14497,0,0,1
14493,14491,14498,0,0,1
14494,14498,14499,0,0,1
14495,14499,14497,0,0,0
14500,14172,14501,1,1,1,10453
14502,14501,14503,1,0,1
6139,14503,14504,0,0,1
14505,14504,14506,1,0,1
14507,14506,14508,1,0,1
2558,14509,14510,0,1,1
2556,14510,14511,0,0,1
2552,2554,14512,0,0,1
14168,14512,14513,1,0,1
14170,14513,14514,1,0,1
14508,14514,14511,0,0,0
14322,14324,14515,0,0,1,982
14119,14320,14516,0,0,1
14007,14516,14517,0,0,1
2471,14517,14518,1,0,1
2474,14518,14519,1,0,1
2473,14519,14520,1,0,1
2476,14520,14521,1,0,1
2478,14521,14522,1,0,1
2481,14522,14523,1,0,1
14524,14523,14525,1,0,1
14526,14525,14527,1,0,1
14528,14529,14530,1,1,1
14531,14530,14532,1,0,1
14533,14532,14534,1,0,1
14083,14534,14535,0,0,1
14080,14535,14536,0,0,1
14515,14536,14527,0,0,0
14537,2183,14538,1,1,1,215
14539,14538,14540,1,0,1
14541,14540,14542,1,0,1
2177,2173,14543,1,1,1
2180,2176,14544,1,1,1
14542,2179,14545,0,1,1
14543,14545,14544,0,0,0
14546,14547,14548,1,1,1,1750
14549,14548,14550,1,0,1
14551,14550,14552,1,0,1
14553,14552,14554,1,0,1
13512,14554,14555,0,0,1
6365,14555,14556,0,0,1
6396,14556,14557,0,0,1
6394,14557,14558,0,0,1
13505,14186,14559,1,0,1,8407
14190,13508,14560,0,1,1
14559,14188,14561,0,0,1
13537,14561,14560,1,0,0
490,342,14562,1,1,1,3030
333,492,14563,1,1,1
526,332,14564,1,1,1
336,14564,14565,1,0,1
339,335,14566,1,1,1
14562,338,14567,0,1,1
14563,14567,14568,0,0,1
14565,14568,14566,0,0,0
14059,13186,14569,0,0,1,15078
14570,14569,14571,1,0,1
14572,14571,14573,1,0,1
14574,14573,14575,1,0,1
14576,14575,14577,1,0,1
14578,14577,14579,1,0,1
11671,14579,14580,0,0,1
11668,14580,14581,0,0,1
11666,14581,13188,0,0,0
14463,14072,14582,0,0,1,2663
14460,14582,14583,0,0,1
14479,14461,14584,0,0,1
14458,14584,14585,0,0,1
14456,14585,14586,0,0,1
14454,14586,14587,0,0,1
14075,14587,14583,0,0,0
14102,12380,14588,0,0,1,9174
14098,14100,14589,0,0,1
12435,14589,14590,0,0,1
12385,14590,14591,0,0,1
12445,12386,14592,0,0,1
12382,14592,14593,0,0,1
12383,14593,14594,0,0,1
14588,14594,14591,0,0,0
13837,13682,14595,1,0,1,212
13843,13841,14596,1,1,1
14597,14596,14598,1,0,1
14599,14600,14601,1,1,1
13686,14602,14603,0,1,1
14595,13684,14604,0,0,1
13839,14604,14605,1,0,1
14598,14605,14606,0,0,1
14601,14606,14603,0,0,0
14245,14149,14607,0,0,1,19174
14608,14607,14609,1,0,1
14610,14609,14611,1,0,1
14612,14611,14613,1,0,1
14614,14613,14615,1,0,1
14616,14615,14617,1,0,1
14618,14617,14619,1,0,1
14620,14619,14621,1,0,1
14198,14621,14153,0,0,0
12692,12683,14622,0,0,1,2790
14623,14622,14624,1,0,1
14625,14626,14627,1,1,1
14628,14627,14629,1,0,1
14047,14630,14631,0,1,1
14255,14631,14632,0,0,1
14253,14256,14633,0,0,1
14624,14251,14634,0,0,1
14635,14634,14636,1,0,1
14629,14636,14637,0,0,1
14632,14637,14633,0,0,0
14638,12642,14639,1,0,1,10983
14640,14639,14641,1,0,1
14642,14641,14643,1,0,1
14644,14643,14645,1,0,1
14646,14647,14648,1,1,1
14649,14648,14650,1,0,1
14626,14650,14651,0,0,1
14635,14651,14652,0,0,1
14623,14652,14645,0,0,0
14091,14107,14653,0,0,1,9174
14654,14088,14655,1,0,1
14656,14655,14657,1,0,1
14658,14657,14659,1,0,1
12393,14659,14660,0,0,1
12391,12394,14661,0,0,1
14096,12388,14662,0,0,1
14093,14662,14663,0,0,1
14653,14094,14664,0,0,1
14660,14664,14665,0,0,1
14661,14665,14663,0,0,0
14602,13688,14666,0,0,1,213
14599,14666,14667,0,0,1
14600,14667,14668,0,0,1
14669,14668,14670,1,0,1
13849,14670,14671,1,0,1
14672,14671,14673,1,0,1
14674,14673,14675,1,0,1
14041,14675,14038,0,0,0
14390,14127,14676,0,0,1,8405
12254,14676,14677,0,0,1
14678,14677,14679,1,0,1
14680,14679,14681,1,0,1
14682,14683,14684,1,1,1
14685,14684,14686,1,0,1
14687,14686,14688,1,0,1
14689,14690,14691,1,1,1
14692,14693,14694,1,1,1
14695,14694,14696,1,0,1
14697,14696,14698,1,0,1
14699,14700,14701,1,1,1
14126,14130,14702,0,0,1
14681,14702,14703,0,0,1
14691,14688,14704,0,0,1
14705,14704,14706,1,0,1
14698,14706,14707,0,0,1
14701,14707,14708,0,0,1
14709,14708,14703,1,0,0
13157,14329,14710,0,0,1,8405
13155,14710,14711,0,0,1
12288,14711,14331,0,0,0
1704,1706,14712,0,0,1,966
1699,1702,14713,0,0,1
12325,14713,14714,0,0,1
14715,12322,14716,1,0,1
13748,14716,14717,0,0,1
14712,14717,14714,0,0,0
14229,14236,14718,0,0,1,10982
14211,14718,14719,0,0,1
14720,14719,14721,1,0,1
14214,14721,14722,0,0,1
14231,14722,14238,0,0,0
14399,12639,14723,0,0,1,15078
14393,14395,14724,0,0,1
12637,14724,14725,0,0,1
12634,14725,14726,0,0,1
14439,14726,14727,0,0,1
14728,14727,14729,1,0,1
14638,14640,14730,0,0,1
14723,14730,14731,0,0,1
14397,14731,14729,0,0,0
14472,12620,14732,0,0,1,10854
14449,14732,14733,0,0,1
14450,14733,14734,0,0,1
14443,14445,14735,0,0,1
12630,14735,14736,0,0,1
12626,14736,14737,0,0,1
12623,12627,14738,0,0,1
14734,12624,14739,0,0,1
14447,14739,14740,0,0,1
14737,14740,14738,0,0,0
11679,14243,14741,0,0,1,15078
11677,14741,14742,0,0,1
11675,14742,14743,0,0,1
14744,11673,14745,1,0,1
14746,14745,14747,1,0,1
14748,14747,14749,1,0,1
14608,14749,14743,0,0,0
14576,14578,14750,0,0,1,10983
14751,14574,14752,1,0,1
14753,14752,14754,1,0,1
14755,14756,14757,1,1,1
14758,14759,14760,1,1,1
14761,14760,14762,1,0,1
14763,14764,14765,1,1,1
14612,14765,14766,0,0,1
14610,14766,14767,0,0,1
14748,14767,14768,0,0,1
11670,14744,14769,0,0,1
14750,14769,14770,0,0,1
14754,14770,14771,0,0,1
14757,14771,14772,0,0,1
14768,14762,14773,0,0,1
14746,14773,14772,0,0,0
13867,14267,14774,0,0,1,2757
14775,13864,14776,1,0,1
14777,14776,14778,1,0,1
14779,14780,14781,1,1,1
14782,14783,14784,1,1,1
14785,14786,14787,1,1,1
14788,14787,14789,1,0,1
14790,14789,14791,1,0,1
14792,14793,14794,1,1,1
14795,14794,14796,1,0,1
10997,14796,14797,0,0,1
10994,14797,14798,0,0,1
14774,14798,14799,0,0,1
14778,14799,14800,0,0,1
14781,14800,14801,0,0,1
14784,14801,14791,0,0,0
14802,14803,14804,1,1,1,10453
6092,14805,14806,1,1,1
6094,14806,14807,1,0,1
6097,14807,14808,1,0,1
14809,14810,14811,1,1,1
14812,14811,14813,1,0,1
14808,14804,14814,0,0,1
6096,14814,14813,1,0,0
6131,6087,14815,1,1,1,2261
6090,14815,14816,1,0,1
6089,14816,14817,1,0,1
14805,14817,14818,0,0,1
14802,14818,14819,0,0,1
14089,14654,14820,0,0,1,9942
14085,14820,14821,0,0,1
14533,14086,14822,0,0,1
14823,14822,14824,1,0,1
14825,14824,14826,1,0,1
14656,14826,14821,0,0,0
2353,2356,14827,0,0,1,2278
2351,14827,14828,0,0,1
14628,14630,14829,0,0,1,15078
14649,14625,14830,0,0,1
14053,14831,14832,0,1,1
14051,14832,14833,0,0,1
14049,14833,14834,0,0,1
14829,14834,14830,0,0,0
14835,12396,14836,1,1,1,1750
14837,14838,14839,1,1,1
2480,14839,14840,0,0,1
14524,14840,14841,1,0,1
14529,14526,14842,1,1,1
14531,14528,14843,1,1,1
14823,14843,14844,1,0,1
14658,14825,14845,1,1,1
14836,14845,14846,0,0,1
14842,14841,14847,0,0,1
14846,14844,14848,0,0,1
14849,14848,14847,1,0,0
14850,14539,14851,1,0,1,1751
14852,14851,14853,1,0,1
14854,14853,14855,1,0,1
14856,14855,14857,1,0,1
14858,14857,14859,1,0,1
2174,14859,14541,1,0,0
14040,13529,14860,0,1,1,8405
14674,14860,14861,0,0,1
13851,14672,14862,1,0,1
14863,14862,14864,1,0,1
14865,14864,14866,1,0,1
14867,14866,14868,1,0,1
13526,14869,14870,1,1,1
14861,14870,14868,0,0,0
14871,14872,14873,1,1,1,10982
14874,14873,14875,1,0,1
14483,14486,14876,0,0,1,10854
14877,14484,14878,1,0,1
14879,14878,14880,1,0,1
14881,14880,14882,1,0,1
14883,14884,14885,1,1,1
14886,14887,14888,1,1,1
14889,14888,14890,1,0,1
14405,14890,14891,0,0,1
14882,14876,14892,0,0,1
14885,14892,14891,0,0,0
14893,6138,14894,1,0,1,14549
2566,14894,14895,0,0,1
2562,14895,14896,0,0,1
2560,2563,14897,0,0,1
14509,14897,14898,0,0,1
14505,14507,14899,0,0,1
14896,14899,14898,0,0,0
14132,14134,14900,0,0,1,213
14709,14129,14901,0,0,1
14699,14901,14902,0,0,1
14700,14902,14903,0,0,1
14695,14697,14904,0,0,1
14905,14692,14906,1,0,1
14907,14906,14908,1,0,1
14909,14908,14910,1,0,1
14911,14910,14912,1,0,1
14900,14912,14913,0,0,1
14903,14913,14904,0,0,0
14209,14720,14914,0,0,1,10983
14915,14206,14916,1,0,1
14917,14916,14918,1,0,1
14919,14918,14920,1,0,1
14921,14920,14922,1,0,1
2331,2333,14923,0,0,1
14924,14923,14925,1,0,1
14926,14927,14928,1,1,1
14213,14929,14930,0,1,1
14914,14930,14931,0,0,1
14925,14922,14932,0,0,1
14928,14932,14931,0,0,0
14933,14616,14934,1,0,1,10982
14935,14934,14936,1,0,1
14937,14936,14938,1,0,1
14939,14938,14940,1,0,1
14941,14940,14942,1,0,1
14943,14942,14618,1,0,0
14421,14476,14944,0,0,1,10856
14945,14419,14946,1,0,1
14947,14948,14949,1,1,1
14950,14949,14951,1,0,1
14952,14953,14954,1,1,1
14429,14954,14955,0,0,1
14956,14426,14957,1,0,1
14958,14957,14959,1,0,1
14960,14959,14961,1,0,1
14962,14961,14963,1,0,1
14964,14965,14966,1,1,1
14967,14968,14969,1,1,1
14424,14969,14970,0,0,1
14944,14970,14971,0,0,1
14946,14971,14972,0,0,1
14955,14951,14973,0,0,1
14963,14973,14974,0,0,1
14966,14974,14975,0,0,1
14976,14975,14972,1,0,0
14467,14417,14977,0,0,1,2663
14414,14977,14978,0,0,1
14979,14980,14981,1,1,1,2246
14982,14983,14984,1,1,1
14985,14984,14986,1,0,1
14987,14986,14981,1,0,0
13780,486,14988,0,1,1,1750
13778,13781,14989,0,0,1
13776,14989,14990,0,0,1
13774,14990,14991,0,0,1
13772,14991,14992,0,0,1
13768,13770,14993,0,0,1
14994,14993,14995,1,0,1
14996,14995,14997,1,0,1
14998,14999,15000,1,1,1
14988,482,15001,0,1,1
14997,14992,15002,0,0,1
15000,15002,15003,0,0,1
15004,15003,15001,1,0,0
14222,14224,15005,0,0,1,10982
14218,14220,15006,0,0,1
14929,14216,15007,0,0,1
14926,15007,15008,0,0,1
14927,15008,15009,0,0,1
14924,15009,15010,0,0,1
2328,15010,15011,0,0,1
2329,15011,15012,0,0,1
2325,15012,15013,0,0,1
15005,15013,15006,0,0,0
14978,14416,15014,0,0,1,2664
14411,15014,15015,0,0,1
15016,15015,15017,1,0,1
15018,15017,15019,1,0,1
15020,15021,15022,1,1,1
15023,15022,15024,1,0,1
15025,15026,15027,1,1,1
14948,15027,15028,0,0,1
14945,15028,15029,0,0,1
15019,15029,15024,0,0,0
14775,13861,15030,1,1,1,10438
15031,15030,15032,1,0,1
15033,15032,15034,1,0,1
15035,15034,15036,1,0,1
15037,15038,15039,1,1,1
15040,15039,15041,1,0,1
15042,15041,15043,1,0,1
15044,15045,15046,1,1,1
15047,15048,15049,1,1,1
15050,15051,15052,1,1,1
15053,15052,15054,1,0,1
15055,15056,15057,1,1,1
15058,15059,15060,1,1,1
15061,15062,15063,1,1,1
14983,15063,15064,1,0,1
14982,15064,15065,1,0,1
15066,14985,15067,1,1,1
15068,15067,15069,1,0,1
13862,15070,15071,1,1,1
15036,15071,15072,0,0,1
15043,15072,15073,0,0,1
15074,15073,15075,1,0,1
15046,15075,15076,0,0,1
15054,15049,15077,0,0,1
15057,15077,15078,0,0,1
15060,15078,15079,0,0,1
15080,15079,15081,1,0,1
15065,15081,15082,0,0,1
15069,15082,15076,0,0,0
15083,15084,15085,1,1,1,14550
15086,15087,15088,1,1,1
15089,15088,15090,1,0,1
15091,15092,15093,1,1,1
15094,15093,15095,1,0,1
15096,15095,15097,1,0,1
15085,15097,15090,0,0,0
14372,14375,15098,0,0,1,2263
14370,14373,15099,0,0,1
2517,15099,15100,1,0,1
2519,15100,15101,1,0,1
2522,2573,15102,1,1,1
2525,2521,15103,1,1,1
15098,15103,15104,0,0,1
15101,15104,15102,0,0,0
15105,12400,15106,1,0,1,41936
15107,15106,15108,1,0,1
14838,15109,15110,0,1,1,42704
14849,15110,15111,0,0,1
14835,15111,15112,0,0,1
12398,15112,15113,1,0,1
15105,15113,15114,1,0,1
15115,15114,15116,1,0,1
13757,13787,15117,0,0,1,1735
13753,13755,15118,0,0,1
15119,15118,15120,1,0,1
12314,15120,15121,0,0,1
12312,12315,15122,0,0,1
13762,15122,15123,0,0,1
13790,13763,15124,0,0,1
13759,15124,15125,0,0,1
13760,15125,15126,0,0,1
15117,15126,15127,0,0,1
15121,15127,15123,0,0,0
2244,2246,15128,0,0,1,709
15129,15128,15130,1,0,1
2250,15130,15131,0,0,1
2251,15131,15132,0,0,1
2302,15132,2248,0,0,0
14620,14200,15133,0,0,1,12774
14943,15133,15134,0,0,1
15135,15134,15136,1,0,1
15137,15136,15138,1,0,1
15139,15138,15140,1,0,1
15141,15140,15142,1,0,1
15143,15142,15144,1,0,1
15145,15144,14202,1,0,0
14763,14614,15146,0,0,1,15078
14761,14764,15147,0,0,1
15148,15147,15149,1,0,1
15150,15149,15151,1,0,1
15152,15151,15153,1,0,1
15154,15153,15155,1,0,1
14937,15155,15156,0,0,1
14935,15156,15157,0,0,1
14933,15157,15146,0,0,0
15158,14644,15159,1,0,1,10855
15160,15159,15161,1,0,1
2644,15161,15162,1,0,1
2648,2646,15163,1,1,1
15164,15163,15165,1,0,1
15166,15165,15167,1,0,1
14055,15167,15168,0,0,1
14831,15168,15169,0,0,1
14646,15169,15170,0,0,1
14647,15170,15162,0,0,0
14728,14642,15171,0,0,1,14950
14437,15171,15172,0,0,1
14435,15172,15173,0,0,1
15174,15173,15175,1,0,1
15176,15175,15158,1,0,0
14967,14423,15177,0,0,1,14951
14976,14968,15178,0,0,1
14964,15178,15179,0,0,1
14965,15179,15180,0,0,1
14962,15180,15181,0,0,1
14960,15181,15182,0,0,1
14958,15182,15183,0,0,1
14956,15183,15184,0,0,1
14427,15184,15177,0,0,0
15185,15186,15187,1,1,1,42704
15188,15187,15189,1,0,1
15190,15189,15191,1,0,1
15192,15191,15193,1,0,1
15194,15193,15195,1,0,1
15196,15195,15197,1,0,1
15198,15197,15199,1,0,1
15200,15199,15201,1,0,1
15202,15203,15204,1,1,1
15205,15206,15207,1,1,1
15208,15209,15210,1,1,1
14693,15211,15212,1,1,1
15213,15212,15214,1,0,1
15215,15216,15217,1,1,1
15218,15217,15219,1,0,1
15201,15220,15221,0,1,1
15204,15221,15222,0,0,1
15214,15210,15223,0,0,1
15222,15219,15224,0,0,1
15207,15224,15223,0,0,0
15225,483,15226,1,1,1,214
15227,15228,15229,1,1,1
14994,15230,15231,0,1,1
13766,15231,15232,0,0,1
12310,15232,15233,0,0,1
15234,15233,15235,1,0,1
15236,15237,15238,1,1,1
15239,15240,15241,1,1,1
15242,15243,15244,1,1,1
15245,15244,15246,1,0,1
15229,15226,15247,0,0,1
15235,15248,15249,0,1,1
15238,15249,15250,0,0,1
15246,15241,15251,0,0,1
15247,15251,15250,0,0,0
14998,15004,15252,0,0,1,982
14996,14999,15253,0,0,1
15230,15253,15254,0,0,1
15248,15254,15255,0,0,1
15227,15255,15256,0,0,1
15228,15256,15257,0,0,1
15225,15257,15252,0,0,0
15258,14064,15259,1,0,1,10855
2595,15259,15260,1,0,1
15261,15262,15263,1,1,1
14751,15263,15264,0,0,1
14572,15264,15265,0,0,1
14570,15265,15260,0,0,0
15166,14057,15266,0,0,1,14951
15164,15266,15267,0,0,1
2593,15267,15268,1,0,1
2592,15268,15269,1,0,1
2596,2651,15270,1,1,1
15258,15270,15269,0,0,0
11005,11007,15271,0,0,1,10853
11001,11003,15272,0,0,1
15273,15272,15274,1,0,1
15275,15274,15276,1,0,1
14887,15276,15277,0,0,1
14883,15277,15278,0,0,1
14884,15278,15279,0,0,1
14879,14881,15280,0,0,1
15271,14877,15281,0,0,1
15279,15281,15280,0,0,0
14553,13511,15282,0,0,1,9942
14549,14551,15283,0,0,1
15284,15283,15282,1,0,0
15285,12255,15286,1,0,1,12501
15287,15286,15288,1,0,1
15289,15288,15290,1,0,1
14682,15290,15291,0,0,1
14683,15291,15292,0,0,1
14680,15292,14678,0,0,0
12323,14715,15293,0,0,1,198
12335,15293,15294,0,0,1
12319,15294,15295,0,0,1
12320,15295,15296,0,0,1
15119,12317,15297,0,0,1
13750,15297,15298,0,0,1
13751,15298,15296,0,0,0
15299,14941,15300,1,0,1,8679
15301,15302,15303,1,1,1
15304,15303,15305,1,0,1
15306,15307,15308,1,1,1
15309,15310,15311,1,1,1
15139,15311,15312,0,0,1
15137,15312,15313,0,0,1
15300,15135,15314,0,0,1
15305,15314,15315,0,0,1
15308,15315,15316,0,0,1
15317,15316,15313,1,0,0
15154,14939,15318,0,0,1,10983
15152,15318,15319,0,0,1
15320,15150,15321,1,0,1
15322,15321,15323,1,0,1
15301,15323,15324,0,0,1
15299,15302,15325,0,0,1
15319,15325,15324,0,0,0
15326,15327,15328,1,1,1,14550
15329,15330,15331,1,1,1
15332,15331,15333,1,0,1
15334,15335,15336,1,1,1
15337,15336,15338,1,0,1
15339,15338,15340,1,0,1
15341,15340,15342,1,0,1
15343,15342,15344,1,0,1
15328,15345,15346,0,1,1
15333,15346,15344,0,0,0
15347,15115,15348,1,0,1,43216
12402,15349,15350,1,1,1
15351,15350,15352,1,0,1
15353,15354,15355,1,1,1
6141,15355,15356,0,0,1
15357,15356,15358,1,0,1
15359,15358,15360,1,0,1
15361,15360,15362,1,0,1
15348,15362,15352,0,0,0
14865,14867,15363,0,0,1,213
15364,15363,15365,1,0,1
15366,15365,15367,1,0,1
15368,15367,15369,1,0,1
15370,15369,15371,1,0,1
15372,15371,15373,1,0,1
15374,15373,15375,1,0,1
13524,15375,14869,1,0,0
466,516,15376,1,1,1,983
15377,15376,15378,1,0,1
15379,15378,15380,1,0,1
15381,15380,15382,1,0,1
15383,15384,15385,1,1,1
15386,15385,15387,1,0,1
455,15387,15388,1,0,1
458,15388,15389,1,0,1
461,15389,15390,1,0,1
460,15390,15391,1,0,1
15382,463,15392,0,1,1
15393,15392,15391,1,0,0
15394,15395,15396,1,1,1,10982
15397,15398,15399,1,1,1
15400,15399,15401,1,0,1
15402,15401,15396,1,0,0
14795,10999,15403,0,0,1,10949
15404,15403,15405,1,0,1
15406,15405,15407,1,0,1
15408,15407,15409,1,0,1
15410,15409,15411,1,0,1
14886,15412,15413,0,1,1
15275,15413,15414,0,0,1
15273,15414,15411,0,0,0
14858,2171,15415,0,1,1,1750
15416,14856,15417,1,0,1
15418,15417,15419,1,0,1
15420,15419,15421,1,0,1
15422,15423,15424,1,1,1
15425,15424,15426,1,0,1
15427,15428,15429,1,1,1
15430,15429,15431,1,0,1
15432,15431,15433,1,0,1
15415,15434,15435,0,1,1
15433,15426,15436,0,0,1
15435,15437,15438,0,1,1
15421,15438,15436,0,0,0
15439,14685,15440,1,0,1,8406
15441,15440,15442,1,0,1
15443,15442,15444,1,0,1
15445,15444,15446,1,0,1
15447,15448,15449,1,1,1
15450,15449,15451,1,0,1
15452,15451,15453,1,0,1
15454,15453,15455,1,0,1
15456,15455,15457,1,0,1
15196,15457,15458,1,0,1
15459,15458,15460,1,0,1
15461,15460,15462,1,0,1
14687,15462,15446,0,0,0
15287,15289,15463,0,0,1,8405
12252,15285,15464,0,0,1
12247,12250,15465,0,0,1
15450,15466,15467,0,1,1
15445,15448,15468,0,0,1
15439,15441,15469,0,0,1
15463,15469,15470,0,0,1
15464,15470,15471,0,0,1
15467,15472,15473,0,1,1
15468,15447,15474,0,0,1
15471,15443,15475,0,0,1
15473,15465,15476,0,0,1
15474,15476,15475,0,0,0
2242,15129,15477,0,0,1,965
13902,15477,15478,1,0,1
13973,15478,15479,1,0,1
13906,15479,15480,1,0,1
13905,15480,15481,1,0,1
13908,15481,15482,1,0,1
13911,15482,15483,1,0,1
15484,15483,15485,1,0,1
13977,15486,15487,1,1,1
13966,15487,15488,1,0,1
13914,15488,15489,1,0,1
13917,13913,15490,1,1,1
13919,13916,15491,1,1,1
2253,2256,15492,0,0,1
15489,15485,15493,0,0,1
15490,15493,15494,0,0,1
15491,15494,15492,0,0,0
15261,14753,15495,0,0,1,19048
2599,15262,15496,1,0,1
2601,2598,15497,1,1,1
2604,15497,15498,1,0,1
15499,15498,15500,1,0,1
15501,15500,15502,1,0,1
15503,15502,15504,1,0,1
14756,15504,15505,0,0,1
15495,15505,15496,0,0,0
15506,14433,15507,1,0,1,19048
15508,15507,15509,1,0,1
15510,15511,15512,1,1,1
15513,15512,15514,1,0,1
15515,15516,15517,1,1,1
15518,15519,15520,1,1,1
2642,15520,15521,1,0,1
15160,15521,15522,0,0,1
15176,15522,15523,0,0,1
15174,15523,15524,0,0,1
15509,15524,15525,0,0,1
15514,15525,15517,0,0,0
14952,14431,15526,0,0,1,14952
14950,14953,15527,0,0,1
15528,15527,15529,1,0,1
15530,15529,15531,1,0,1
15532,15533,15534,1,1,1
15535,15536,15537,1,1,1
15538,15539,15540,1,1,1
15506,15540,15541,0,0,1
15526,15541,15542,0,0,1
15534,15531,15543,0,0,1
15537,15543,15542,0,0,0
15033,15031,15544,1,1,1,10949
15038,15035,15545,1,1,1
15037,15545,15546,1,0,1
15547,15546,15548,1,0,1
14782,14786,15549,0,0,1
14779,14783,15550,0,0,1
14777,14780,15551,0,0,1
15544,15551,15552,0,0,1
15549,15548,15553,0,0,1
15550,15553,15552,0,0,0
15045,15074,15554,1,1,1,2246
15048,15044,15555,1,1,1
15556,15555,15557,1,0,1
15042,15557,15554,1,0,0
15558,15559,15560,1,1,1,14550
2512,2508,15561,1,1,1
14364,14367,15562,0,0,1
14362,15562,15563,0,0,1
2502,15563,15564,1,0,1
2506,15564,15565,1,0,1
15560,15566,15567,0,1,1
15561,15567,15568,0,0,1
14366,15568,15565,0,0,0
12406,12408,15569,0,0,1,2263
15351,12404,15570,1,0,1
15354,15570,15571,1,0,1
15572,15571,15573,1,0,1
15574,15573,15575,1,0,1
15576,15575,15577,1,0,1
15578,15579,15580,1,1,1
14346,15580,15581,0,0,1
14344,15581,15582,0,0,1
14342,15582,15583,0,0,1
14340,15583,15584,0,0,1
15569,14338,15585,0,0,1
15577,15585,15584,0,0,0
14705,15211,15586,0,1,1,1748
14689,15586,15587,0,0,1
14690,15587,15588,0,0,1
15200,15198,15589,1,1,1
15203,15589,15590,1,0,1
15202,15590,15591,1,0,1
15206,15591,15592,1,0,1
15209,15205,15593,1,1,1
15588,15208,15594,0,1,1
15461,15594,15595,0,0,1
15592,15459,15596,0,0,1
15593,15596,15595,0,0,0
15236,15240,15597,0,0,1,215
15234,15237,15598,0,0,1
12307,15598,15599,0,0,1
12305,15599,15600,0,0,1
12303,15600,15601,0,0,1
12301,15601,15602,0,0,1
15603,15602,15604,1,0,1
15605,15606,15607,1,1,1
15608,15609,15610,1,1,1
1666,15611,15612,0,1,1
1664,15612,15613,0,0,1
2751,15613,15614,1,0,1
2753,15614,15615,1,0,1
2757,2755,15616,1,1,1
2760,15616,15617,1,0,1
2762,2759,15618,1,1,1
15619,15618,15620,1,0,1
15621,15622,15623,1,1,1
15624,15625,15626,1,1,1
2769,15626,15627,1,0,1
2775,2773,15628,1,1,1
15629,15628,15630,1,0,1
15631,15630,15632,1,0,1
15633,15632,15634,1,0,1
15635,15634,15636,1,0,1
15637,15638,15639,1,1,1
15640,15639,15641,1,0,1
15642,15641,15643,1,0,1
15644,15643,15645,1,0,1
15646,15645,15647,1,0,1
15648,15647,15649,1,0,1
15650,15651,15652,1,1,1
2805,15652,15653,1,0,1
2807,15653,15654,1,0,1
15655,2809,15656,1,1,1
15657,15656,15658,1,0,1
15659,15658,15660,1,0,1
15661,15660,15662,1,0,1
15663,15662,15664,1,0,1
15665,15666,15667,1,1,1
15668,15667,15669,1,0,1
15670,15671,15672,1,1,1
15673,15674,15675,1,1,1
15676,15677,15678,1,1,1
2834,15679,15680,1,1,1
15681,15680,15682,1,0,1
15683,15684,15685,1,1,1
15686,15687,15688,1,1,1
15689,15690,15691,1,1,1
15692,15693,15694,1,1,1
3442,15694,15695,0,0,1
3440,15695,15696,0,0,1
3435,3438,15697,0,0,1
3430,3433,15698,0,0,1
15699,3428,15700,1,0,1
15701,15700,15702,1,0,1
15703,15704,15705,1,1,1
15706,15707,15708,1,1,1
15709,15710,15711,1,1,1
15712,15711,15713,1,0,1
15714,15715,15716,1,1,1
3422,15717,15718,0,1,1
3501,15718,15719,0,0,1
3418,15719,15720,0,0,1
3419,15720,15721,0,0,1
15722,15721,15723,1,0,1
15724,15723,15725,1,0,1
15726,15727,15728,1,1,1
15729,15730,15731,1,1,1
15732,15731,15733,1,0,1
15734,15735,15736,1,1,1
15737,15738,15739,1,1,1
15740,15741,15742,1,1,1
15743,15744,15745,1,1,1
15746,15747,15748,1,1,1
15749,15750,15751,1,1,1
15752,15751,15753,1,0,1
15754,15753,15755,1,0,1
15756,15757,15758,1,1,1
15759,15758,15760,1,0,1
15761,15762,15763,1,1,1
15764,15763,15765,1,0,1
15766,15765,15767,1,0,1
15768,15769,15770,1,1,1
15771,15770,15772,1,0,1
15773,15772,15774,1,0,1
15775,15774,15776,1,0,1
15777,15778,15779,1,1,1
15780,15779,15781,1,0,1
15782,15783,15784,1,1,1
15785,15784,15786,1,0,1
15787,15788,15789,1,1,1
15790,15789,15791,1,0,1
15792,15793,15794,1,1,1
15795,15796,15797,1,1,1
470,15798,15799,1,1,1
472,15799,15800,1,0,1
15801,15800,15802,1,0,1
15803,15802,15804,1,0,1
15805,15804,15806,1,0,1
15807,15806,15808,1,0,1
15809,15810,15811,1,1,1
15812,15813,15814,1,1,1
15815,15816,15817,1,1,1
15242,15817,15818,0,0,1
15243,15818,15819,0,0,1
15239,15819,15820,0,0,1
15597,15820,15821,0,0,1
15604,15821,15822,0,0,1
15607,15822,15823,0,0,1
15610,15823,15824,0,0,1
15615,15824,15825,0,0,1
15617,15825,15826,0,0,1
15627,15827,15828,0,1,1
15649,15829,15830,0,1,1
15654,15830,15831,0,0,1
15664,15831,15832,0,0,1
15669,15833,15834,0,1,1
15672,15834,15835,0,0,1
15675,15835,15836,0,0,1
15682,15678,15837,0,0,1
15685,15837,15838,0,0,1
15688,15838,15839,0,0,1
15691,15839,15840,0,0,1
15841,15840,15842,1,0,1
15696,15843,15844,0,1,1
3437,15844,15845,0,0,1
15697,15845,15846,0,0,1
3432,15846,15847,0,0,1
15702,15698,15848,0,0,1
15849,15848,15850,1,0,1
15705,15850,15851,0,0,1
15713,15852,15853,0,1,1
15725,15854,15855,0,1,1
15728,15855,15856,0,0,1
15733,15856,15857,0,0,1
15736,15857,15858,0,0,1
15739,15858,15859,0,0,1
15742,15859,15860,0,0,1
15755,15748,15861,0,0,1
15767,15760,15862,0,0,1
15776,15862,15863,0,0,1
15864,15863,15865,1,0,1
15786,15781,15866,0,0,1
15791,15866,15867,0,0,1
15794,15867,15868,0,0,1
15808,15869,15870,0,1,1
15826,15814,15871,0,0,1
15620,15871,15872,0,0,1
15623,15872,15873,0,0,1
15874,15873,15875,1,0,1
15828,15875,15876,0,0,1
2771,15876,15877,1,0,1
15636,15877,15878,0,0,1
15836,15879,15880,0,1,1
15842,15881,15882,0,1,1
15847,15882,15883,0,0,1
15851,15883,15884,0,0,1
15708,15884,15885,0,0,1
15860,15716,15886,0,0,1
15861,15745,15887,0,0,1
15870,15797,15888,0,0,1
15878,15811,15889,0,0,1
15832,15889,15890,0,0,1
15880,15890,15891,0,0,1
15886,15853,15892,0,0,1
15887,15893,15894,0,1,1
15865,15894,15895,0,0,1
15891,15888,15896,0,0,1
15885,15896,15897,0,0,1
15895,15898,15899,0,1,1
15897,15868,15900,0,0,1
15899,15892,15901,0,0,1
15902,15901,15900,1,0,0
2335,2337,15903,0,0,1,10982
14921,15903,15904,0,0,1
15905,15904,15906,1,0,1
15907,15906,15908,1,0,1
2343,15909,15910,0,1,1
2339,15910,15911,0,0,1
2340,15911,15908,0,0,0
14412,15016,15912,0,0,1,10856
14407,14409,15913,0,0,1
15914,15913,15915,1,0,1
15020,15915,15916,0,0,1
15018,15021,15917,0,0,1
15912,15917,15916,0,0,0
13520,13541,15918,1,1,1,16597
13522,13519,15919,1,1,1
15374,15919,15920,0,0,1
15921,15920,15922,1,0,1
15923,15922,15924,1,0,1
15925,15924,15926,1,0,1
15927,15926,15928,1,0,1
15929,15928,15930,1,0,1
13516,15930,15918,1,0,0
11829,12232,15931,0,0,1,1749
444,15931,15932,1,0,1
15933,15932,15934,1,0,1
15935,15934,15936,1,0,1
15937,15936,15938,1,0,1
12236,15938,12234,0,0,0
15503,14755,15939,0,0,1,10856
15501,15939,15940,0,0,1
15941,15940,15942,1,0,1
15943,15942,15944,1,0,1
15945,15946,15947,1,1,1
15948,15947,15949,1,0,1
15950,15951,15952,1,1,1
15953,15952,15954,1,0,1
15955,15954,15956,1,0,1
15957,15956,15958,1,0,1
15959,15958,15960,1,0,1
15961,15962,15963,1,1,1
15964,15963,15965,1,0,1
15966,15965,15967,1,0,1
15307,15967,15968,0,0,1
15304,15968,15969,0,0,1
15322,15969,15970,0,0,1
15320,15970,15971,0,0,1
15148,15971,15972,0,0,1
15944,14759,15973,0,0,1
15949,15973,15974,0,0,1
15972,15960,15975,0,0,1
14758,15975,15974,0,0,0
15538,15508,15976,0,0,1,10857
15535,15539,15977,0,0,1
15532,15536,15978,0,0,1
15533,15978,15979,0,0,1
15980,15979,15981,1,0,1
15982,15981,15983,1,0,1
15984,15985,15986,1,1,1
15987,15986,15988,1,0,1
15989,15988,15990,1,0,1
2636,15991,15992,1,1,1
15993,15992,15994,1,0,1
15995,15996,15997,1,1,1
15511,15998,15999,0,1,1
15976,15999,16000,0,0,1
15977,16000,16001,0,0,1
15983,16001,16002,0,0,1
16003,16002,16004,1,0,1
15990,16004,16005,0,0,1
15994,16005,15997,0,0,0
15412,14889,16006,0,0,1,10952
16007,16006,16008,1,0,1
16009,16008,16010,1,0,1
16011,16010,16012,1,0,1
16013,16012,16014,1,0,1
16015,16016,16017,1,1,1
16018,16017,16019,1,0,1
16020,16021,16022,1,1,1
16023,16022,16024,1,0,1
16025,16024,16026,1,0,1
16027,16026,16028,1,0,1
16029,16028,16030,1,0,1
16031,16030,16032,1,0,1
16033,16034,16035,1,1,1
16036,16037,16038,1,1,1
16039,16038,16040,1,0,1
15914,16040,16041,0,0,1
14404,16041,16042,0,0,1
16032,16019,16043,0,0,1
16035,16043,16044,0,0,1
16045,16044,16046,1,0,1
16042,16047,16048,0,1,1
16014,16048,16046,0,0,0
6107,6104,16049,1,1,1,2263
6109,6106,16050,1,1,1
16051,16050,16052,1,0,1
16053,16052,16054,1,0,1
16055,16056,16057,1,1,1
16058,16057,16059,1,0,1
16060,16059,16061,1,0,1
16062,16061,16063,1,0,1
16064,16063,16065,1,0,1
16066,16067,16068,1,1,1
16069,16068,16070,1,0,1
14303,16070,16071,1,0,1
16049,16071,16072,0,0,1
16054,16072,16065,0,0,0
6140,15353,16073,1,1,1,10455
16074,16075,16076,1,1,1
14348,16076,16077,0,0,1
15578,16077,16078,0,0,1
15576,15579,16079,0,0,1
15572,15574,16080,0,0,1
16073,16080,16081,0,0,1
16078,16081,16079,0,0,0
16082,16083,16084,1,1,1,8404
16085,16084,16086,1,0,1
16087,16088,16089,1,1,1
15372,16089,16090,1,0,1
15921,16090,16091,1,0,1
15923,16091,16092,1,0,1
15925,16092,16093,1,0,1
15927,16093,16094,1,0,1
13517,15929,16095,0,1,1
16096,16095,16097,1,0,1
16086,16097,16094,0,0,0
15145,14204,16098,0,0,1,16743
16099,16098,16100,1,0,1
16101,16102,16103,1,1,1
15317,16103,16104,0,0,1
15306,16104,16105,0,0,1
15966,16105,16106,0,0,1
16107,16106,16108,1,0,1
16109,16108,16110,1,0,1
16111,16110,16112,1,0,1
16113,16112,16114,1,0,1
16115,16114,16116,1,0,1
16117,16116,16118,1,0,1
16119,16118,16120,1,0,1
16121,16120,16122,1,0,1
16123,16122,16124,1,0,1
16125,16124,16126,1,0,1
16127,16126,16128,1,0,1
16129,16130,16131,1,1,1
16100,16131,16128,0,0,0
15309,15141,16132,0,0,1,16742
16101,15310,16133,0,0,1
16099,16102,16134,0,0,1
15143,16134,16135,0,0,1
16132,16135,16133,0,0,0
16136,14790,16137,1,0,1,10950
16138,16137,16139,1,0,1
16140,16139,16141,1,0,1
16142,16141,16143,1,0,1
16144,16145,16146,1,1,1
15404,16147,16148,0,1,1
14792,16148,16149,0,0,1
16143,14793,16150,0,0,1
16146,16150,16149,0,0,0
15047,15556,16151,1,0,1,2758
15051,16151,16152,1,0,1
16153,16152,16154,1,0,1
16155,16154,16156,1,0,1
14785,16156,16157,0,0,1
15547,16157,15040,0,0,1
6143,16158,16159,0,1,1,14550
16160,16159,16161,1,0,1
16162,16161,16163,1,0,1
14350,16163,16164,1,0,1
16165,16166,16167,1,1,1
14357,16167,16168,1,0,1
2495,16168,16169,0,0,1
16170,16169,16171,1,0,1
16172,16171,16164,1,0,0
16173,16174,16175,1,1,1,214
16176,16175,16177,1,0,1
16178,16177,16179,1,0,1
16180,16181,16182,1,1,1
16183,16182,16184,1,0,1
16185,16184,16186,1,0,1
16187,16188,16189,1,1,1
16190,16191,16192,1,1,1
16193,16194,16195,1,1,1
16196,16197,16198,1,1,1
16199,16200,16201,1,1,1
16202,16201,16203,1,0,1
16204,16203,16205,1,0,1
16206,16205,16207,1,0,1
16208,16209,16210,1,1,1
16211,16210,16212,1,0,1
16213,16212,16214,1,0,1
16215,16216,16217,1,1,1
16218,16219,16220,1,1,1
16221,16222,16223,1,1,1
16224,16223,16225,1,0,1
16226,16225,16227,1,0,1
16228,16227,16229,1,0,1
16230,16231,16232,1,1,1
16233,16234,16235,1,1,1
16236,16235,16237,1,0,1
16238,16237,16239,1,0,1
16240,16239,16241,1,0,1
16242,16241,16243,1,0,1
16244,16245,16246,1,1,1
15422,16246,16247,0,0,1
15420,15423,16248,0,0,1
15418,16248,16249,0,0,1
14854,15416,16250,0,0,1
16179,16250,16251,0,0,1
16189,16186,16252,0,0,1
16253,16252,16254,1,0,1
16255,16254,16256,1,0,1
16207,16257,16258,0,1,1
16214,16258,16259,0,0,1
16229,16220,16260,0,0,1
16232,16260,16261,0,0,1
16243,16262,16263,0,1,1
16247,16263,16264,0,0,1
16251,16249,16265,0,0,1
16256,16265,16266,0,0,1
16192,16266,16267,0,0,1
16268,16267,16269,1,0,1
16195,16269,16270,0,0,1
16259,16198,16271,0,0,1
16261,16217,16272,0,0,1
16264,16272,16273,0,0,1
16270,16273,16271,0,0,0
14917,14919,16274,0,0,1,10855
16275,16274,16276,1,0,1
16277,16276,16278,1,0,1
16279,16278,16280,1,0,1
16281,16282,16283,1,1,1
16284,16285,16286,1,1,1
16287,16288,16289,1,1,1
15907,16290,16291,0,1,1
16280,15905,16292,0,0,1
16293,16292,16294,1,0,1
16283,16294,16295,0,0,1
16296,16295,16297,1,0,1
16289,16286,16298,0,0,1
16299,16298,16300,1,0,1
16301,16300,16302,1,0,1
16291,16302,16297,0,0,0
16303,16304,16305,1,1,1,10857
16306,16307,16308,1,1,1
16309,16308,16310,1,0,1
16311,16310,16312,1,0,1
16313,16312,16305,1,0,0
16314,16315,16316,1,1,1,9940
16317,16316,16318,1,0,1
16319,16318,16320,1,0,1
16321,16320,16322,1,0,1
14863,16322,16323,1,0,1
15364,16323,15366,1,0,1
16290,15909,16324,0,0,1,10854
16301,16324,16325,0,0,1
16299,16325,16326,0,0,1
16327,16288,16328,1,0,1
16329,16330,16331,1,1,1
2345,16332,16333,0,1,1
16326,2342,16334,0,0,1
16287,16334,16335,0,0,1
16331,16328,16336,0,0,1
16333,16336,16335,0,0,0
14207,14915,16337,0,0,1,10856
16129,16337,16338,0,0,1
16339,16338,16340,1,0,1
16279,16341,16342,0,1,1
16277,16342,16343,0,0,1
16275,16343,16340,0,0,0
15410,16007,16344,0,0,1,10951
16345,16344,16346,1,0,1
16347,16346,16348,1,0,1
16349,16348,16009,1,0,0
16350,14788,16351,1,0,1,2758
16352,16351,16353,1,0,1
16354,16353,16355,1,0,1
16138,16356,16357,0,1,1
16136,16357,16355,0,0,0
16358,14285,16359,1,1,1,10438
16360,16359,16361,1,0,1
16362,16361,16363,1,0,1
16364,16365,16366,1,1,1
16367,16366,16368,1,0,1
16369,16368,16363,1,0,0
16370,15370,16371,1,0,1,212
16372,16371,16373,1,0,1
16374,16373,16375,1,0,1
16376,16375,16377,1,0,1
16378,16377,16379,1,0,1
16085,16380,16381,1,1,1
16088,16381,16382,1,0,1
16087,16382,16379,1,0,0
16370,15368,16383,1,1,1,1748
16374,16372,16384,1,1,1
16378,16376,16385,1,1,1
16386,16082,16387,1,0,1
16388,16387,16389,1,0,1
16390,16389,16391,1,0,1
16383,16315,16392,0,0,1
16384,16392,16393,0,0,1
16385,16393,16394,0,0,1
16380,16394,16391,1,0,0
16332,2347,16395,0,0,1,2662
16329,16395,16396,0,0,1
16330,16396,16397,0,0,1
16398,16397,16399,1,0,1
16400,16399,16401,1,0,1
16402,16401,16403,1,0,1
16404,16403,16405,1,0,1
16406,16405,16407,1,0,1
16408,16409,16410,1,1,1
16411,16412,16413,1,1,1
16407,16413,16410,0,0,0
15945,15948,16414,0,0,1,19048
16415,15946,16416,1,0,1
16417,16416,16418,1,0,1
16419,16420,16421,1,1,1
16422,16421,16423,1,0,1
16414,15951,16424,0,0,1
16418,16424,16423,0,0,0
15510,15513,16425,0,0,1,19049
15998,16425,16426,0,0,1
15995,16426,16427,0,0,1
15996,16427,16428,0,0,1
2640,2638,16429,1,1,1
15518,16429,16430,0,0,1
15515,15519,16431,0,0,1
16428,15516,16432,0,0,1
15993,16432,16433,0,0,1
16430,16433,16431,0,0,0
16434,14947,16435,1,0,1,10857
16436,16435,16437,1,0,1
16438,16439,16440,1,1,1
16441,16440,16442,1,0,1
16443,16442,16444,1,0,1
16445,16444,16446,1,0,1
15528,16447,16448,0,1,1
16437,16448,16446,0,0,0
16039,15023,16449,0,0,1,2760
16450,16036,16451,1,0,1
16452,16451,16453,1,0,1
16454,16453,16455,1,0,1
16456,16455,16457,1,0,1
16434,16457,16458,0,0,1
15025,16458,16459,0,0,1
15026,16459,16449,0,0,0
15062,16460,16461,0,1,1,14533
15080,16461,16462,0,0,1
15055,15059,16463,0,0,1
16464,16463,16465,1,0,1
16466,16467,16468,1,1,1
16462,16468,16469,0,0,1
15058,16469,16465,0,0,0
14354,14380,16470,0,0,1,10454
14352,14355,16471,0,0,1
16166,16471,16472,1,0,1
16165,16472,16473,1,0,1
14358,16473,16470,0,0,0
16127,16130,16474,0,0,1,8552
16123,16125,16475,0,0,1
16476,16475,16477,1,0,1
16478,16477,16479,1,0,1
16339,16479,16474,0,0,0
15964,16107,16480,0,0,1,12647
16481,16480,16482,1,0,1
16483,16484,16485,1,1,1
16486,16485,16487,1,0,1
16488,16489,16490,1,1,1
16482,16490,16487,0,0,0
15499,15941,16491,0,0,1,10857
2603,16491,16492,1,0,1
16493,2661,16494,1,0,1
16495,16494,16496,1,0,1
16497,16498,16499,1,1,1
16500,16501,16502,1,1,1
16503,16504,16505,1,1,1
16506,16505,16507,1,0,1
16508,16509,16510,1,1,1
15950,16510,16511,0,0,1
16422,16511,16512,0,0,1
16419,16512,16513,0,0,1
16417,16420,16514,0,0,1
16492,15943,16515,0,0,1
16496,16515,16516,0,0,1
16507,16502,16517,0,0,1
16513,16517,16518,0,0,1
16514,16518,16519,0,0,1
16516,16415,16520,0,0,1
16499,16520,16519,0,0,0
16045,16047,16521,0,0,1,15048
16033,16521,16522,0,0,1
16034,16522,16523,0,0,1
16031,16523,16524,0,0,1
16029,16524,16525,0,0,1
16526,16027,16527,1,0,1
16452,16527,16528,0,0,1
16450,16528,16529,0,0,1
16037,16529,16525,0,0,0
16069,14301,16530,0,1,1,2247
16066,16530,16531,0,0,1
16532,16531,16533,1,0,1
16534,16535,16536,1,1,1
16537,16538,16539,1,1,1
14295,16539,16540,1,0,1
14297,16540,16541,1,0,1
16533,14299,16542,0,1,1
16543,16542,16544,1,0,1
16536,16544,16541,0,0,0
16545,16546,16547,1,1,1,214
16548,16547,16549,1,0,1
16550,16549,16551,1,0,1
16552,16551,16553,1,0,1
16554,16553,16555,1,0,1
16556,16555,16557,1,0,1
16558,16559,16560,1,1,1
16561,16562,16563,1,1,1
1141,16564,16565,1,1,1
16566,16565,16567,1,0,1
16560,16557,16568,0,0,1
16563,16568,16567,0,0,0
16569,16570,16571,1,1,1,1750
16572,16571,16545,1,0,0
16573,16574,16575,1,1,1,9942
16576,16575,16577,1,0,1
16578,16577,16579,1,0,1
16580,16579,16581,1,0,1
16582,16581,16583,1,0,1
16584,16583,16585,1,0,1
16586,16585,16587,1,0,1
16588,16587,16589,1,0,1
16590,16589,16591,1,0,1
16550,16591,16592,0,0,1
16572,16548,16593,0,0,1
16569,16593,16592,0,0,0
16594,16595,16596,1,1,1,18646
16597,16596,16598,1,0,1
16599,16598,16600,1,0,1
16601,16602,16603,1,1,1
16576,16604,16605,0,1,1
16606,16605,16607,1,0,1
16608,16607,16609,1,0,1
16600,16609,16603,0,0,0
16610,16611,16612,1,1,1,212
16613,16083,16614,1,0,1
16615,16614,16616,1,0,1
16613,16615,16617,0,0,1
16618,16617,16619,1,0,1
16620,16619,16621,1,0,1
16612,16622,16623,0,1,1
16616,16386,16624,0,0,1
16623,16621,16625,0,0,1
16626,16625,16624,1,0,0
16319,16627,16628,0,1,1,9941
16317,16628,16629,0,0,1
16630,16629,16631,1,0,1
16281,16296,16632,0,0,1,14951
16633,16632,16634,1,0,1
16635,16634,16285,1,0,0
16445,16447,16636,0,0,1,14953
16443,16636,16637,0,0,1
16638,16639,16640,1,1,1
15984,16640,16641,0,0,1
16003,15985,16642,0,0,1
15982,16642,16643,0,0,1
15530,15980,16644,0,0,1
16637,16644,16645,0,0,1
16646,16645,16647,1,0,1
16641,16647,16643,0,0,0
15408,16345,16648,0,0,1,15046
16649,16648,16650,1,0,1
16651,16650,16652,1,0,1
16653,16652,16654,1,0,1
16655,16656,16657,1,1,1
16011,16657,16658,0,0,1
16349,16658,16659,0,0,1
16347,16659,16654,0,0,0
16147,15406,16660,0,0,1,10951
16144,16660,16661,0,0,1
16662,16663,16664,1,1,1
16665,16664,16666,1,0,1
16667,16666,16668,1,0,1
16669,16668,16670,1,0,1
16016,16670,16671,0,0,1
16655,16013,16672,0,0,1
16651,16653,16673,0,0,1
16661,16649,16674,0,0,1
16675,16674,16676,1,0,1
16672,16671,16677,0,0,1
16656,16677,16678,0,0,1
16673,16678,16676,0,0,0
16679,16350,16680,1,1,1,10950
16681,16682,16683,1,1,1
16684,16683,16685,1,0,1
15053,16686,16687,0,1,1
15050,16687,16688,0,0,1
16153,16688,16689,1,0,1
16680,16155,16690,0,1,1
16685,16690,16689,0,0,0
6285,6311,16691,1,1,1,10454
16692,16691,16693,1,0,1
16694,16695,16696,1,1,1
975,16696,16697,1,0,1
974,16697,16698,1,0,1
980,977,16699,1,1,1
6166,16699,16700,1,0,1
6168,16700,16701,1,0,1
6170,16701,16702,1,0,1
16693,16702,16698,0,0,0
447,15933,16703,1,0,1,1750
16704,16705,16706,1,1,1
16707,16706,16708,1,0,1
16709,16708,16710,1,0,1
16711,16710,16712,1,0,1
16713,16714,16715,1,1,1
16716,16715,16717,1,0,1
16718,16717,16719,1,0,1
16720,16719,16721,1,0,1
16722,16721,16723,1,0,1
16724,16725,16726,1,1,1
16727,16726,16728,1,0,1
16729,16728,16730,1,0,1
16731,16732,16733,1,1,1
16734,16733,16735,1,0,1
16736,16737,16738,1,1,1
16739,16738,16740,1,0,1
16741,16740,16742,1,0,1
16743,16742,16744,1,0,1
16745,16744,16746,1,0,1
16747,16746,16748,1,0,1
16749,16748,16750,1,0,1
16751,16752,16753,1,1,1
12248,16753,16754,0,0,1
16755,12245,16756,1,0,1
16757,16758,16759,1,1,1
16760,16761,16762,1,1,1
12238,16763,16764,0,1,1
15937,16764,16765,0,0,1
16703,15935,16766,0,0,1
16767,16766,16768,1,0,1
16723,16769,16770,0,1,1
16730,16770,16771,0,0,1
16750,16735,16772,0,0,1
16754,16772,16773,0,0,1
16756,16773,16774,0,0,1
16759,16774,16775,0,0,1
16762,16775,16776,0,0,1
16777,16776,16778,1,0,1
16768,16765,16779,0,0,1
16712,16779,16780,0,0,1
16771,16780,16778,0,0,0
16526,16454,16781,0,0,1,10953
16025,16781,16782,0,0,1
16783,16784,16785,1,1,1
16786,16785,16787,1,0,1
16436,16788,16789,0,1,1
16456,16789,16790,0,0,1
16782,16790,16787,0,0,0
16791,16597,16792,1,0,1,10454
16793,16792,16794,1,0,1
15427,16794,16795,0,0,1
16796,16795,16797,1,0,1
16798,16799,16800,1,1,1
16801,16802,16803,1,1,1
16602,16803,16804,0,0,1
16797,16599,16805,0,0,1
16800,16805,16804,0,0,0
15454,15456,16806,0,0,1,9940
16807,16808,16809,1,1,1
16810,16809,16811,1,0,1
16812,16811,16813,1,0,1
15190,16814,16815,1,1,1
16806,15194,16816,0,1,1
16815,16813,16817,0,0,1
15192,16817,16816,1,0,0
16818,16282,16819,1,0,1,10856
16820,16821,16822,1,1,1
16823,16824,16825,1,1,1
16826,16825,16827,1,0,1
16828,16827,16829,1,0,1
16830,16829,16831,1,0,1
16832,16831,16833,1,0,1
16406,16834,16835,0,1,1
16836,16835,16837,1,0,1
16838,16839,16840,1,1,1
16284,16841,16842,0,1,1
16635,16842,16843,0,0,1
16819,16633,16844,0,0,1
16822,16844,16845,0,0,1
16837,16833,16846,0,0,1
16843,16840,16847,0,0,1
16845,16847,16846,0,0,0
16341,16293,16848,0,0,1,2664
16478,16848,16849,0,0,1
16850,16849,16851,1,0,1
16852,16853,16854,1,1,1
16855,16854,16856,1,0,1
16857,16858,16859,1,1,1
16860,16861,16862,1,1,1
16863,16862,16864,1,0,1
16821,16864,16865,0,0,1
16851,16818,16866,0,0,1
16856,16866,16867,0,0,1
16859,16867,16865,0,0,0
16488,16109,16868,0,0,1,8552
16486,16489,16869,0,0,1
16870,16869,16871,1,0,1
16872,16873,16874,1,1,1
16875,16874,16876,1,0,1
16115,16876,16877,0,0,1
16113,16877,16878,0,0,1
16868,16111,16879,0,0,1
16871,16879,16878,0,0,0
16880,16145,16881,1,0,1,10952
16882,16883,16884,1,1,1
16885,16884,16886,1,0,1
16663,16886,16887,0,0,1
16675,16887,16881,0,0,0
16888,16611,16889,1,0,1,16596
16890,16891,16892,1,1,1
16893,16892,16894,1,0,1
16895,16894,16896,1,0,1
16897,16896,16898,1,0,1
16899,16898,16900,1,0,1
16901,16900,16902,1,0,1
16903,16902,16904,1,0,1
16905,16904,16889,1,0,0
15472,15466,16906,0,0,1,9942
16751,16906,16907,0,0,1
16752,16907,16908,0,0,1
16749,16908,16909,0,0,1
16910,16745,16911,1,0,1
16912,16911,16913,1,0,1
16914,16913,16915,1,0,1
16807,16915,16916,0,0,1
15452,16808,16917,0,0,1
16909,16917,16918,0,0,1
16747,16918,16916,0,0,0
16763,12240,16919,0,0,1,1749
16760,16777,16920,0,0,1
16921,16920,16922,1,0,1
16923,16924,16925,1,1,1
12242,16926,16927,0,1,1
16919,12243,16928,0,0,1
16922,16928,16929,0,0,1
16925,16929,16927,0,0,0
16930,465,16931,1,1,1,214
16932,16931,16933,1,0,1
16934,16935,16936,1,1,1
16937,16936,16938,1,0,1
16939,16940,16941,1,1,1
15796,16941,16942,0,0,1
15792,16942,16943,0,0,1
15793,16943,16944,0,0,1
15790,16944,16945,0,0,1
15787,16945,16946,0,0,1
15785,15788,16947,0,0,1
15782,16947,16948,0,0,1
16949,16948,16950,1,0,1
16951,16950,16952,1,0,1
16953,16954,16955,1,1,1
16956,16957,16958,1,1,1
15771,16958,16959,0,0,1
15768,16959,16960,0,0,1
15769,16960,16961,0,0,1
15766,16961,16962,0,0,1
15764,16962,16963,0,0,1
15761,16963,16964,0,0,1
15756,15759,16965,0,0,1
15754,15757,16966,0,0,1
15752,16966,16967,0,0,1
16968,16967,16969,1,0,1
16970,16969,16971,1,0,1
16972,16973,16974,1,1,1
16975,16976,16977,1,1,1
16978,16979,16980,1,1,1
15730,16981,16982,0,1,1
15726,16982,16983,0,0,1
15727,16983,16984,0,0,1
16985,16984,16986,1,0,1
16987,16986,16988,1,0,1
16989,16988,16990,1,0,1
16991,16992,16993,1,1,1
16994,16995,16996,1,1,1
16997,16996,16998,1,0,1
16999,16998,17000,1,0,1
16720,17000,17001,0,0,1
16718,17001,17002,0,0,1
17003,16716,17004,1,0,1
16704,17005,17006,0,1,1
17007,16705,17008,1,0,1
453,17008,17009,1,0,1
456,17009,17010,1,0,1
15386,17010,17011,0,0,1
17012,17011,17013,1,0,1
15377,17014,17015,0,1,1
16933,17015,17016,0,0,1
16938,17016,17017,0,0,1
16946,17017,17018,0,0,1
16952,17018,17019,0,0,1
17020,17019,17021,1,0,1
16955,17021,17022,0,0,1
17023,17022,17024,1,0,1
16977,16974,17025,0,0,1
16990,17026,17027,0,1,1
16993,17028,17029,0,1,1
17013,17006,17030,0,0,1
17024,17030,17031,0,0,1
17032,17031,17033,1,0,1
16964,17033,17034,0,0,1
17025,16971,17035,0,0,1
17036,17035,17037,1,0,1
16980,17037,17038,0,0,1
17027,17038,17039,0,0,1
17034,17004,17040,0,0,1
17039,16965,17041,0,0,1
17029,17041,17042,0,0,1
17040,17002,17043,0,0,1
15762,17043,17042,0,0,0
15812,15816,17044,0,0,1,214
15809,15813,17045,0,0,1
15807,15810,17046,0,0,1
15805,17046,17047,0,0,1
15803,17047,17048,0,0,1
474,15801,17049,1,0,1
17044,476,17050,0,1,1
17045,17050,17051,0,0,1
17048,17051,17049,0,0,0
15957,15959,17052,0,0,1,14952
15953,15955,17053,0,0,1
16508,17053,17054,0,0,1
17055,17056,17057,1,1,1
17058,17059,17060,1,1,1
17061,17060,17062,1,0,1
16481,17062,17063,0,0,1
15961,17063,17064,0,0,1
17052,15962,17065,0,0,1
17054,17065,17066,0,0,1
17057,17066,17067,0,0,1
17068,17067,17064,1,0,0
2658,2656,17069,1,1,1,43616
2612,17069,17070,1,0,1
2611,17070,17071,1,0,1
2666,17071,17072,0,0,1
2664,17072,2608,0,0,1
15989,15991,17073,0,0,1,19046
17074,17073,17075,1,0,1
17076,17075,17077,1,0,1
17078,17079,17080,1,1,1
2632,17080,17081,1,0,1
2634,17081,17077,1,0,0
17082,16018,17083,1,0,1,19142
17084,17083,16021,1,0,0
16669,16015,17085,0,0,1,10950
16667,17085,17086,0,0,1
17087,16665,17088,1,0,1
17089,17088,17090,1,0,1
17091,17090,17092,1,0,1
16020,17092,17093,0,0,1
17084,17093,17094,0,0,1
17082,17094,17086,0,0,0
16601,16604,17095,0,0,1,10453
16801,17095,17096,0,0,1
16798,16802,17097,0,0,1
17098,17097,17099,1,0,1
17100,17099,17101,1,0,1
17102,17101,17103,1,0,1
17104,17105,17106,1,1,1
16582,17106,17107,0,0,1
16580,17107,17108,0,0,1
16578,17108,17109,0,0,1
17096,17109,17103,0,0,0
16327,16398,17110,0,0,1,10855
16841,17110,17111,0,0,1
16838,17111,17112,0,0,1
16839,17112,17113,0,0,1
16404,16836,17114,0,0,1
16402,17114,17115,0,0,1
16400,17115,17113,0,0,0
16121,16476,17116,0,0,1,10856
17117,17116,17118,1,0,1
17119,17118,17120,1,0,1
17121,17120,17122,1,0,1
16852,17123,17124,0,1,1
16850,16853,17125,0,0,1
17122,17125,17124,0,0,0
16493,16495,17126,0,0,1,43616
2686,17126,17127,0,0,1
17128,2685,17129,1,0,1
17130,17129,17131,1,0,1
17132,17133,17134,1,1,1
17135,17136,17137,1,1,1
17138,17137,17139,1,0,1
17140,17139,17141,1,0,1
17142,17141,17143,1,0,1
17144,17143,17145,1,0,1
17146,17145,17147,1,0,1
17148,17149,17150,1,1,1
16498,17151,17152,0,1,1
17127,17152,17153,0,0,1
17131,17153,17154,0,0,1
17134,17154,17155,0,0,1
17147,17155,17150,0,0,0
16441,16646,17156,0,0,1,10858
17157,16438,17158,1,0,1
17159,17158,17160,1,0,1
17161,17160,17162,1,0,1
17163,17162,17164,1,0,1
17165,17164,17166,1,0,1
16639,17166,17156,0,0,0
16140,16142,17167,0,0,1,19142
17168,16356,17169,1,0,1
17170,17169,17171,1,0,1
16882,17171,17172,0,0,1
16883,17172,17173,0,0,1
16880,17173,17167,0,0,0
16682,16679,17174,1,1,1,10951
17175,17174,17176,1,0,1
17177,17176,17178,1,0,1
17168,17178,17179,0,0,1
16354,17179,16352,0,0,0
17180,16360,17181,1,0,1,10439
17182,17183,17184,1,1,1
17185,17186,17187,1,1,1
16365,17187,17188,0,0,1
16362,17188,17189,0,0,1
17181,17189,17184,0,0,0
14289,14287,17190,1,1,1,2247
17191,17190,17192,1,0,1
17193,17192,17194,1,0,1
17195,17196,17197,1,1,1
17198,17197,17199,1,0,1
17200,17201,17202,1,1,1
17183,17203,17204,0,1,1
17180,17204,17205,0,0,1
16358,17205,17206,0,0,1
17199,17194,17207,0,0,1
17202,17207,17208,0,0,1
17209,17208,17206,1,0,0
17055,17068,17210,0,0,1,10856
16509,17056,17211,0,0,1
16506,17211,17212,0,0,1
17213,17212,17214,1,0,1
17138,17215,17216,0,1,1
17217,17216,17218,1,0,1
17219,17220,17221,1,1,1
17222,17223,17224,1,1,1
17128,17225,17226,0,1,1
2683,17226,17227,0,0,1
17228,17227,17229,1,0,1
17230,17229,17231,1,0,1
17232,17231,17233,1,0,1
17234,17233,17235,1,0,1
17236,17235,17237,1,0,1
17238,17237,17239,1,0,1
17240,17239,17241,1,0,1
17242,17241,17243,1,0,1
17244,17245,17246,1,1,1
17247,17246,17248,1,0,1
17249,17248,17250,1,0,1
17251,17250,17252,1,0,1
17253,17252,17254,1,0,1
17059,17254,17255,0,0,1
17210,17255,17256,0,0,1
17218,17214,17257,0,0,1
17258,17257,17259,1,0,1
17224,17221,17260,0,0,1
17243,17261,17262,0,1,1
17259,17256,17263,0,0,1
17260,17263,17262,0,0,0
17151,16497,17264,0,0,1,19048
17146,17149,17265,0,0,1
17144,17265,17266,0,0,1
17142,17266,17267,0,0,1
17140,17267,17268,0,0,1
17215,17268,17269,0,0,1
17213,17269,17270,0,0,1
16503,17270,17271,0,0,1
16504,17271,17272,0,0,1
16500,17272,17273,0,0,1
17264,16501,17274,0,0,1
17148,17274,17273,0,0,0
16638,15987,17275,0,0,1,19048
17165,17275,17276,0,0,1
17163,17276,17277,0,0,1
17278,17277,17279,1,0,1
17280,17279,17281,1,0,1
17282,17281,17074,1,0,0
17283,17284,17285,1,1,1,2262
17286,17287,17288,1,1,1
17289,17288,17290,1,0,1
17291,17290,17292,1,0,1
17293,17294,17295,1,1,1
6117,17296,17297,1,1,1
17298,6121,17299,1,1,1
17300,17301,17302,1,1,1
17303,17304,17305,1,1,1
17306,17307,17308,1,1,1
17309,17308,17310,1,0,1
16051,17310,17311,0,0,1
6111,17311,17312,1,0,1
17292,17285,17313,0,0,1
17299,17297,17314,0,0,1
17302,17314,17315,0,0,1
17305,17315,17316,0,0,1
17313,17312,17317,0,0,1
17295,17317,17318,0,0,1
17319,17318,17316,1,0,0
17296,6118,17320,0,1,1,14550
17319,17320,17321,0,0,1
17293,17321,17322,0,0,1
17291,17294,17323,0,0,1
17289,17323,17324,0,0,1
17286,17324,17325,0,0,1
17283,17287,17326,0,0,1
6113,17284,17327,1,0,1
6115,17327,17328,1,0,1
17325,17322,17329,0,0,1
17326,17329,17328,0,0,0
449,16767,17330,1,0,1,3030
451,17330,17007,1,0,0
17331,16119,17332,1,0,1,14951
17333,17332,17334,1,0,1
17335,17334,17336,1,0,1
17337,17338,17339,1,1,1
17340,17339,17341,1,0,1
16858,17341,17342,0,0,1
16855,17342,17343,0,0,1
17123,17343,17344,0,0,1
17121,17344,17345,0,0,1
17119,17345,17346,0,0,1
17117,17346,17336,0,0,0
16875,16117,17347,0,0,1,9832
17348,17347,17349,1,0,1
17350,17351,17352,1,1,1
17353,17352,17354,1,0,1
17355,17356,17357,1,1,1
17358,17359,17360,1,1,1
16873,17360,17361,0,0,1
16483,16870,17362,0,0,1
17061,16484,17363,0,0,1
17058,17363,17364,0,0,1
17253,17364,17365,0,0,1
17366,17365,17367,1,0,1
17368,17367,17369,1,0,1
17370,17371,17372,1,1,1
17373,17372,17374,1,0,1
17375,17376,17377,1,1,1
17349,17331,17378,0,0,1
17354,17378,17379,0,0,1
17361,17380,17381,0,1,1
17362,17381,17382,0,0,1
17379,17377,17383,0,0,1
17384,17383,17385,1,0,1
17382,17357,17386,0,0,1
17385,17374,17387,0,0,1
17386,17388,17389,0,1,1
17369,17389,17387,0,0,0
17390,2622,17391,1,0,1,14950
17392,17393,17394,1,1,1
17395,17394,17396,1,0,1
17397,17396,17398,1,0,1
2624,17398,17391,0,0,0
16788,16439,17399,0,0,1,10954
16786,17399,17400,0,0,1
17401,17402,17403,1,1,1
17404,17405,17406,1,1,1
17159,17406,17407,0,0,1
17400,17157,17408,0,0,1
17403,17408,17407,0,0,0
17104,16584,17409,0,0,1,14036
17102,17105,17410,0,0,1
17411,17100,17412,1,0,1
17413,17412,17414,1,0,1
17415,17414,17416,1,0,1
17417,17416,17418,1,0,1
17419,17418,17420,1,0,1
17409,16586,17421,0,0,1
17410,17421,17420,0,0,0
17422,17423,17424,1,1,1,9942
17425,17424,17426,1,0,1
17427,17428,17429,1,1,1
17430,17429,17431,1,0,1
17432,17431,17433,1,0,1
17434,17433,17435,1,0,1
17436,17435,17437,1,0,1
17438,17439,17440,1,1,1
17441,17442,17443,1,1,1
17444,17443,17445,1,0,1
17446,17445,17447,1,0,1
17448,17447,17449,1,0,1
17437,17426,17450,0,0,1
17451,17450,17452,1,0,1
17440,17452,17453,0,0,1
17449,17454,17455,0,1,1
17456,17455,17453,1,0,0
16408,16412,17457,0,0,1,10855
16834,16409,17458,0,0,1
16832,17458,17459,0,0,1
16828,16830,17460,0,0,1
17461,17460,17462,1,0,1
17457,17462,17459,0,0,0
17358,16872,17463,0,0,1,13927
17380,17359,17464,0,0,1
17355,17464,17465,0,0,1
17356,17465,17466,0,0,1
17384,17388,17467,0,0,1
17353,17467,17468,0,0,1
17348,17351,17469,0,0,1
17463,17469,17470,0,0,1
17468,17466,17471,0,0,1
17350,17471,17470,0,0,0
17280,17472,17473,1,1,1,10854
17282,17473,17474,1,0,1
17475,17476,17477,1,1,1
17474,17478,17479,0,1,1
17076,17479,17477,1,0,0
966,1435,17480,1,1,1,2262
954,965,17481,1,1,1
957,17481,17482,1,0,1
960,17482,17483,1,0,1
1431,959,17484,1,1,1
1534,17484,17485,1,0,1
1433,17485,17486,1,0,1
963,17486,17487,1,0,1
17480,962,17488,0,1,1
17483,17488,17487,0,0,0
17419,16588,17489,0,0,1,9941
17490,17489,17491,1,0,1
17492,17493,17494,1,1,1
17495,17496,17497,1,1,1
17498,17497,17499,1,0,1
17500,17501,17502,1,1,1
17503,17504,17505,1,1,1
17506,17505,17507,1,0,1
17508,17509,17510,1,1,1
17491,17511,17512,0,1,1
17494,17512,17513,0,0,1
17499,17513,17514,0,0,1
17515,17514,17516,1,0,1
17502,17516,17517,0,0,1
17507,17517,17510,0,0,0
15425,15428,17518,0,0,1,9941
16244,17518,17519,0,0,1
17520,17521,17522,1,1,1
17523,17524,17525,1,1,1
17411,17526,17527,0,1,1
16799,17098,17528,0,0,1
17519,16796,17529,0,0,1
17530,17529,17531,1,0,1
17525,17522,17532,0,0,1
17527,17532,17533,0,0,1
17528,17533,17531,0,0,0
17534,17535,17536,1,1,1,10344
17537,17538,17539,1,1,1
17540,17541,17542,1,1,1
17543,17542,17544,1,0,1
17536,17545,17546,0,1,1
17539,17546,17544,0,0,0
16537,14293,17547,0,1,1,10439
17548,17547,17549,1,0,1
17550,17549,17551,1,0,1
17552,17551,17553,1,0,1
16535,17554,17555,0,1,1
16543,17555,17556,0,0,1
17557,17556,17558,1,0,1
17559,17558,17560,1,0,1
17561,17560,17562,1,0,1
17563,17564,17565,1,1,1
17566,17565,17567,1,0,1
17568,17569,17570,1,1,1
17571,17572,17573,1,1,1
17574,17573,17575,1,0,1
17576,17575,17577,1,0,1
17578,17577,17579,1,0,1
17580,17581,17582,1,1,1
17583,17584,17585,1,1,1
17586,17585,17587,1,0,1
17588,17589,17590,1,1,1
17591,17590,17592,1,0,1
17593,17592,17594,1,0,1
17595,17596,17597,1,1,1
17598,17599,17600,1,1,1
17601,17600,17602,1,0,1
17603,17602,17604,1,0,1
17605,17606,17607,1,1,1
17608,17607,17609,1,0,1
17610,17609,17611,1,0,1
17612,17611,17613,1,0,1
17196,17613,17614,0,0,1
17193,17614,17615,0,0,1
14291,17191,17616,1,0,1
17553,17616,17617,0,0,1
17570,17567,17618,0,0,1
17579,17619,17620,0,1,1
17621,17620,17622,1,0,1
17582,17622,17623,0,0,1
17587,17624,17625,0,1,1
17594,17625,17626,0,0,1
17615,17604,17627,0,0,1
17617,17627,17628,0,0,1
17629,17628,17630,1,0,1
17623,17618,17631,0,0,1
17626,17631,17632,0,0,1
17633,17632,17634,1,0,1
17630,17635,17636,0,1,1
17634,17562,17637,0,0,1
17597,17637,17636,0,0,0
17456,17638,17639,0,1,1,9941
17448,17639,17640,0,0,1
17641,17446,17642,1,0,1
17643,17642,17644,1,0,1
17645,17644,17646,1,0,1
17647,17648,17649,1,1,1
17650,17649,17651,1,0,1
17640,17651,17646,0,0,0
17375,17333,17652,0,0,1,10856
17653,17652,17654,1,0,1
17655,17656,17657,1,1,1
17658,17659,17660,1,1,1
17661,17660,17662,1,0,1
17663,17664,17665,1,1,1
17337,17665,17666,0,0,1
17338,17666,17667,0,0,1
17654,17335,17668,0,0,1
17657,17668,17669,0,0,1
17662,17669,17667,0,0,0
17670,17671,17672,1,1,1,10950
17673,17672,17674,1,0,1
17675,17674,17676,1,0,1
17677,17676,17678,1,0,1
17404,17679,17680,1,1,1
17161,17680,17681,1,0,1
17278,17681,17682,1,0,1
17472,17682,17678,0,0,0
17683,17684,17685,1,1,1,43712
17686,17685,17687,1,0,1
17688,17689,17690,1,1,1
16684,17690,17691,0,0,1
17175,16681,17692,1,0,1
17177,17692,17693,1,0,1
17170,17693,17694,1,0,1
17695,17694,17696,1,0,1
17697,17696,17698,1,0,1
17087,17698,17699,1,0,1
17089,17699,17700,1,0,1
17091,17700,17701,1,0,1
16023,17701,17702,1,0,1
16784,17702,17703,1,0,1
16783,17703,17704,1,0,1
17402,17704,17705,1,0,1
17706,17705,17707,1,0,1
17708,17709,17710,1,1,1
17711,17710,17712,1,0,1
17713,17712,17714,1,0,1
17687,17715,17716,0,1,1
17691,17716,17717,0,0,1
17707,17717,17714,0,0,0
17200,17209,17718,0,0,1,2759
17201,17718,17719,0,0,1
17720,17198,17721,1,0,1
17722,17721,17723,1,0,1
17724,17723,17725,1,0,1
17726,17725,17727,1,0,1
17728,17727,17729,1,0,1
17730,17729,17719,1,0,0
16253,16255,17731,0,0,1,215
16187,17731,17732,0,0,1
16188,17732,17733,0,0,1
16183,16185,17734,0,0,1
16200,16180,17735,0,0,1
16257,17735,17736,0,0,1
16196,17736,17737,0,0,1
16193,16197,17738,0,0,1
16268,16194,17739,0,0,1
16190,17739,17740,0,0,1
17733,16191,17741,0,0,1
17737,17734,17742,0,0,1
17738,17742,17743,0,0,1
17740,17743,17741,0,0,0
17744,16930,17745,1,0,1,215
17746,17747,17748,1,1,1
17749,17750,17751,1,1,1
17752,17751,17753,1,0,1
16934,17754,17755,0,1,1
16932,16935,17756,0,0,1
17745,17756,17757,0,0,1
17748,17757,17758,0,0,1
17753,17758,17755,0,0,0
15798,468,17759,0,1,1,214
17749,17760,17761,0,1,1
17746,17750,17762,0,0,1
17744,17747,17763,0,0,1
17759,17763,17764,0,0,1
17761,17764,17762,0,0,0
17765,17766,17767,1,1,1,1734
17768,17767,17769,1,0,1
17340,16857,17770,0,0,1,11112
17663,17770,17771,0,0,1
17664,17771,17772,0,0,1
17773,17772,17774,1,0,1
17775,17776,17777,1,1,1
16860,17777,17778,0,0,1
16861,17778,17774,0,0,0
17135,17217,17779,0,0,1,10855
17132,17136,17780,0,0,1
17130,17133,17781,0,0,1
17225,17781,17782,0,0,1
17222,17261,17783,0,0,1
17219,17223,17784,0,0,1
17258,17220,17785,0,0,1
17779,17785,17786,0,0,1
17780,17786,17787,0,0,1
17782,17787,17788,0,0,1
17783,17788,17784,0,0,0
2618,2616,17789,1,1,1,9832
17790,17791,17792,1,1,1
17793,17792,17794,1,0,1
17795,17794,17796,1,0,1
17797,17796,17798,1,0,1
17799,17798,17800,1,0,1
17801,17802,17803,1,1,1
17804,17803,17805,1,0,1
2671,17805,17806,0,0,1
2669,17806,17807,0,0,1
17789,17807,17800,0,0,0
17808,17390,17809,1,1,1,10855
17810,17809,17811,1,0,1
17790,17812,17813,0,1,1
2620,17791,17814,1,0,1
17811,17814,17813,0,0,0
17815,17309,17816,1,0,1,10455
17817,17816,17818,1,0,1
17819,17818,17820,1,0,1
17821,17820,17822,1,0,1
17823,17824,17825,1,1,1
17826,17825,17827,1,0,1
17828,17827,17829,1,0,1
17303,17307,17830,0,0,1
17831,17830,17832,1,0,1
17833,17832,17834,1,0,1
17835,17834,17836,1,0,1
17837,17838,17839,1,1,1
17840,17839,17841,1,0,1
17842,17843,17844,1,1,1
17845,17844,17846,1,0,1
17847,17846,17848,1,0,1
17849,17850,17851,1,1,1
17852,17853,17854,1,1,1
17855,17854,17856,1,0,1
17857,17858,17859,1,1,1
17860,17861,17862,1,1,1
17863,17862,17864,1,0,1
17865,17864,17866,1,0,1
17867,17866,17868,1,0,1
16056,17868,17869,0,0,1
17822,16053,17870,0,0,1
17871,17870,17872,1,0,1
17829,17872,17873,0,0,1
17836,17874,17875,0,1,1
17851,17848,17876,0,0,1
17877,17876,17878,1,0,1
17873,17869,17879,0,0,1
17875,17879,17880,0,0,1
17878,17841,17881,0,0,1
17856,17881,17882,0,0,1
17859,17882,17880,0,0,0
17709,17883,17884,0,1,1,2757
17401,17706,17885,1,0,1
17405,17885,17886,1,0,1
17679,17886,17887,0,0,1
17677,17887,17888,0,0,1
17673,17675,17889,0,0,1
17884,17889,17888,0,0,0
17511,16590,17890,0,0,1,18133
17508,17890,17891,0,0,1
17509,17891,17892,0,0,1
17893,17506,17894,1,0,1
17895,17896,17897,1,1,1
16552,17897,17898,0,0,1
17892,17898,17894,0,0,0
17415,17417,17899,0,0,1,9940
17526,17413,17900,0,0,1
17523,17900,17901,0,0,1
17524,17901,17902,0,0,1
17903,17902,17904,1,0,1
17495,17904,17905,0,0,1
17496,17905,17906,0,0,1
17492,17906,17907,0,0,1
17493,17907,17908,0,0,1
17490,17908,17899,0,0,0
17436,17451,17909,0,0,1,1750
17432,17434,17910,0,0,1
17911,17430,17912,1,0,1
17913,17912,17914,1,0,1
17442,17914,17915,0,0,1
17454,17915,17916,0,0,1
17909,17439,17917,0,0,1
17916,17910,17918,0,0,1
17438,17918,17917,0,0,0
17373,17376,17919,0,0,1,13927
17370,17919,17920,0,0,1
17921,17920,17922,1,0,1
17923,17924,17925,1,1,1
17926,17925,17922,1,0,0
17722,17724,17927,0,0,1,10951
17195,17720,17928,0,0,1
17612,17928,17929,0,0,1
17610,17929,17930,0,0,1
17931,17930,17932,1,0,1
17933,17932,17934,1,0,1
17935,17934,17936,1,0,1
17937,17936,17927,1,0,0
16534,16538,17938,0,0,1,10440
17554,17938,17939,0,0,1
17552,17629,17940,0,0,1
17550,17940,17941,0,0,1
17548,17941,17939,0,0,0
16064,16067,17942,0,0,1,10455
16062,17942,17943,0,0,1
17944,17943,17945,1,0,1
17557,17945,16532,0,0,0
16245,17530,17946,0,0,1,9942
16242,17946,17947,0,0,1
17948,16238,17949,1,0,1
17950,17949,17951,1,0,1
17520,17951,17952,0,0,1
17947,17521,17953,0,0,1
16240,17953,17952,0,0,0
16923,16926,17954,0,0,1,9942
16921,16924,17955,0,0,1
16761,17955,17956,0,0,1
16757,17956,17957,0,0,1
16755,16758,17958,0,0,1
17954,17958,17957,0,0,0
15379,15381,17959,0,0,1,982
17014,17959,17960,0,0,1
15383,17012,17961,0,0,1
15384,17961,17962,0,0,1
15393,17962,17960,0,0,0
17926,17653,17963,0,0,1,9830
17923,17963,17964,0,0,1
17965,17964,17966,1,0,1
17967,17968,17969,1,1,1
17970,17969,17971,1,0,1
17972,17971,17973,1,0,1
17661,17773,17974,0,0,1
17658,17974,17975,0,0,1
17655,17659,17976,0,0,1
17966,17656,17977,0,0,1
17978,17977,17979,1,0,1
17980,17979,17981,1,0,1
17975,17973,17982,0,0,1
17976,17982,17981,0,0,0
17983,17984,17985,1,1,1,10951
17986,17985,17987,1,0,1
17988,17987,17989,1,0,1
17990,17989,17991,1,0,1
17992,17993,17994,1,1,1
17812,17994,17995,0,0,1
17810,17995,17991,0,0,0
17300,17304,17996,0,0,1,10454
6236,17301,17997,1,0,1
6238,17997,17998,1,0,1
17999,17998,18000,1,0,1
18001,18000,18002,1,0,1
17838,18002,18003,0,0,1
17835,18003,18004,0,0,1
17833,18004,18005,0,0,1
17831,18005,17996,0,0,0
991,989,18006,1,1,1,1751
994,18006,18007,1,0,1
18008,18007,18009,1,0,1
18010,18009,18011,1,0,1
18012,18011,18013,1,0,1
6160,18013,987,1,0,1
18014,18015,18016,1,1,1,2262
18017,18016,18018,1,0,1
18019,18020,18021,1,1,1
18022,18023,18024,1,1,1
18025,18024,18026,1,0,1
18018,18027,18028,0,1,1
18021,18028,18026,0,0,0
1674,12299,18029,0,0,1,214
1670,1672,18030,0,0,1
1668,18030,18031,0,0,1
15608,15611,18032,0,0,1
15605,15609,18033,0,0,1
15603,15606,18034,0,0,1
18029,18034,18035,0,0,1
18031,18035,18036,0,0,1
18032,18036,18033,0,0,0
17251,17366,18037,0,0,1,9831
18038,18037,18039,1,0,1
18040,18039,17368,1,0,0
17713,17715,18041,0,0,1,43968
18042,17711,18043,1,0,1
18044,18043,18041,1,0,0
18045,18046,18047,1,1,1,2263
18048,18049,18050,1,1,1
18051,18050,18052,1,0,1
18053,18054,18055,1,1,1
18056,18055,18057,1,0,1
18058,18059,18060,1,1,1
18061,18060,18062,1,0,1
18063,18062,18064,1,0,1
18065,18064,18066,1,0,1
18047,18067,18068,0,1,1
18052,18068,18069,0,0,1
18057,18069,18066,0,0,0
16912,18070,18071,0,1,1,8406
18072,18071,18073,1,0,1
18074,18073,18075,1,0,1
18076,18077,18078,1,1,1
17428,18078,18079,0,0,1
18080,18079,18081,1,0,1
18075,18082,18083,0,1,1
18084,18083,18081,1,0,0
16863,16820,18085,0,0,1,10857
17775,18085,18086,0,0,1
18087,18086,18088,1,0,1
18089,18088,16824,1,0,0
17804,2673,18090,0,0,1,10344
18091,18090,18092,1,0,1
18093,18092,18094,1,0,1
18095,18094,18096,1,0,1
18097,18098,18099,1,1,1
2679,18099,18100,0,0,1
2677,18100,18101,0,0,1
2675,18101,18096,0,0,0
17992,17793,18102,0,0,1,10441
17993,18102,18103,0,0,1
18104,17990,18105,1,0,1
18106,18105,18107,1,0,1
18108,18107,18103,1,0,0
17874,17306,18109,0,0,1,14550
17826,17828,18110,0,0,1
17871,17824,18111,0,0,1
17819,17821,18112,0,0,1
17815,17817,18113,0,0,1
18110,18109,18114,0,0,1
17823,18114,18115,0,0,1
18112,18111,18116,0,0,1
18113,18116,18115,0,0,0
17999,18001,18117,0,0,1,2263
6240,18117,18118,1,0,1
18119,18118,18120,1,0,1
17840,17843,18121,0,0,1
17837,18121,18120,0,0,0
17797,17799,18122,0,0,1,10345
18095,18123,18124,0,1,1
18093,18124,18125,0,0,1
18091,18125,18126,0,0,1
17801,18126,18127,0,0,1
17802,18127,18122,0,0,0
18128,18129,18130,1,1,1,43200
18131,18132,18133,1,1,1
18134,18133,18135,1,0,1
18136,18135,18137,1,0,1
18138,18137,18139,1,0,1
18140,18139,18141,1,0,1
18142,18141,18130,1,0,0
18012,6161,18143,0,1,1,1750
18008,18010,18144,0,0,1
993,18144,18145,1,0,1
6153,18145,18146,1,0,1
6155,18146,18147,1,0,1
18148,18147,18149,1,0,1
18150,18149,18143,1,0,0
17895,16554,18151,0,0,1,9942
17893,17896,18152,0,0,1
17503,18152,18153,0,0,1
18154,18153,18155,1,0,1
18156,18155,18157,1,0,1
18158,18157,18159,1,0,1
18160,18159,18161,1,0,1
16556,18161,18151,0,0,0
16204,16206,18162,0,0,1,982
18163,16202,18164,1,0,1
18165,18164,18166,1,0,1
18167,18168,18169,1,1,1
18170,18169,18171,1,0,1
16209,18171,18172,0,0,1
18162,18172,18166,0,0,0
16743,16910,18173,0,0,1,214
18174,16741,18175,1,0,1
18176,18175,18177,1,0,1
18178,18179,18180,1,1,1
18181,18182,18183,1,1,1
18184,18185,18186,1,1,1
18187,18186,18188,1,0,1
18189,18188,18190,1,0,1
18191,18190,18192,1,0,1
17913,18192,18193,0,0,1
17427,17911,18194,0,0,1
18076,18194,18195,0,0,1
18084,18077,18196,0,0,1
18072,18074,18197,0,0,1
18173,18197,18198,0,0,1
18177,18198,18199,0,0,1
18183,18180,18200,0,0,1
18193,18200,18201,0,0,1
18195,18201,18202,0,0,1
18196,18202,18199,0,0,0
17760,17752,18203,0,0,1,983
15869,18203,18204,0,0,1
16939,15795,18205,0,0,1
16937,16940,18206,0,0,1
17754,18206,18207,0,0,1
18204,18207,18205,0,0,0
18087,17776,18208,1,1,1,43872
18209,18208,18210,1,0,1
18211,18212,18213,1,1,1
18214,18213,18215,1,0,1
18216,18214,18217,1,0,1
18218,18217,18219,1,0,1
18220,18221,18222,1,1,1
18223,18224,18225,1,1,1
17970,18226,18227,1,1,1
17972,18227,18228,1,0,1
18210,18228,18229,0,0,1
18215,18229,18230,0,0,1
18222,18219,18231,0,0,1
18225,18231,18232,0,0,1
18233,18232,18230,1,0,0
17978,17980,18234,0,0,1,1638
17924,17965,18235,0,0,1
18236,18235,18237,1,0,1
18238,18237,18239,1,0,1
18240,18239,18241,1,0,1
18242,18243,18244,1,1,1
18245,18244,18246,1,0,1
17968,18246,18247,0,0,1
18234,18247,18241,0,0,0
16060,17944,18248,0,0,1,2247
16058,18248,18249,0,0,1
18250,18249,18251,1,0,1
17563,18252,18253,0,1,1
17561,17564,18254,0,0,1
17559,18254,18255,0,0,1
18251,18255,18253,0,0,0
6245,6242,18256,1,1,1,1750
6244,18256,18257,1,0,1
6248,18257,18258,1,0,1
18259,18260,18261,1,1,1
17842,18262,18263,0,1,1
18119,18263,18264,0,0,1
18258,18264,18261,0,0,0
16561,16564,18265,0,0,1,215
16558,16562,18266,0,0,1
18267,18266,18268,1,0,1
18269,18268,18270,1,0,1
18271,18270,18272,1,0,1
18273,18272,18274,1,0,1
18275,18276,18277,1,1,1
18278,18277,18279,1,0,1
1138,18279,18280,1,0,1
18265,18280,18274,0,0,0
18281,17498,18282,1,0,1,1748
18283,18282,18284,1,0,1
18285,18284,18286,1,0,1
18287,18286,18288,1,0,1
18289,18288,18290,1,0,1
18291,18292,18293,1,1,1
18294,18293,18295,1,0,1
18296,18295,18297,1,0,1
18298,18299,18300,1,1,1
18301,18300,18302,1,0,1
18303,18302,18304,1,0,1
18305,18304,18306,1,0,1
17515,17501,18307,0,0,1
18290,18307,18308,0,0,1
18297,18308,18306,0,0,0
17950,17903,18309,0,0,1,9941
18310,18309,18311,1,0,1
18312,18311,18313,1,0,1
18314,18313,18315,1,0,1
18316,18315,18281,1,0,0
18040,17371,18317,0,0,1,8550
18318,18317,18319,1,0,1
18320,18319,18321,1,0,1
18322,18321,18323,1,0,1
18324,18323,18325,1,0,1
18236,18325,17921,0,0,0
18108,17795,18326,0,0,1,10440
18106,18326,18327,0,0,1
17988,18104,18328,0,0,1
18329,18328,18330,1,0,1
18134,18331,18332,0,1,1
18333,18332,18334,1,0,1
18335,18336,18337,1,1,1
18338,18339,18340,1,1,1
18341,18340,18342,1,0,1
18343,18342,18344,1,0,1
18345,18346,18347,1,1,1
18348,18349,18350,1,1,1
18351,18352,18353,1,1,1
18354,18355,18356,1,1,1
2961,18356,18357,1,0,1
18358,18357,18359,1,0,1
18360,18359,18361,1,0,1
18362,18361,18363,1,0,1
18364,18363,18365,1,0,1
18366,18367,18368,1,1,1
18369,18368,18370,1,0,1
18371,18370,18372,1,0,1
18373,18374,18375,1,1,1
18376,18375,18377,1,0,1
17230,18377,18378,0,0,1
2681,17228,18379,0,0,1
18097,18379,18380,0,0,1
18327,18123,18381,0,0,1
18330,18381,18382,0,0,1
18344,18337,18383,0,0,1
18347,18383,18384,0,0,1
18385,18384,18386,1,0,1
18353,18350,18387,0,0,1
18380,18378,18388,0,0,1
18098,18388,18389,0,0,1
18386,18390,18391,0,1,1
18387,18391,18392,0,0,1
18389,18372,18393,0,0,1
18392,18334,18394,0,0,1
18365,18394,18395,0,0,1
18393,18396,18397,0,1,1
18382,18397,18398,0,0,1
18395,18399,18400,0,1,1
18401,18400,18398,1,0,0
17595,17635,18402,0,0,1,14534
17633,17596,18403,0,0,1
17593,18403,18404,0,0,1
17591,18404,18405,0,0,1
18406,17588,18407,1,0,1
17599,18407,18408,0,0,1
18402,18408,18405,0,0,0
17855,17858,18409,0,0,1,2263
17852,18409,18410,0,0,1
17877,17853,18411,0,0,1
18412,17849,18413,1,0,1
18414,18415,18416,1,1,1
17861,18417,18418,0,1,1
17857,18418,18419,0,0,1
18410,18419,18420,0,0,1
18413,18411,18421,0,0,1
18416,18421,18420,0,0,0
929,1426,18422,1,1,1,2262
922,18423,18424,1,1,1
924,18424,18425,1,0,1
926,18425,18422,1,0,0
18316,18283,18426,0,0,1,9940
18427,18314,18428,1,0,1
18429,18428,18430,1,0,1
18291,18430,18431,0,0,1
18289,18292,18432,0,0,1
18287,18432,18433,0,0,1
18426,18285,18434,0,0,1
18431,18434,18433,0,0,0
18435,18436,18437,1,1,1,9174
18438,18437,18439,1,0,1
18440,18439,18441,1,0,1
18442,18441,18443,1,0,1
18444,18443,18445,1,0,1
18446,18447,18448,1,1,1
18449,18450,18451,1,1,1
18452,18451,18453,1,0,1
16208,18454,18455,0,1,1
18170,18455,18456,0,0,1
18167,18456,18457,0,0,1
18165,18168,18458,0,0,1
18445,18458,18459,0,0,1
18448,18459,18460,0,0,1
18453,18460,18457,0,0,0
17967,18226,18461,0,1,1,42592
18462,18245,18463,1,0,1
18464,18463,18465,1,0,1
18224,18220,18466,1,1,1
18223,18466,18467,1,0,1
18461,18233,18468,0,1,1
18465,18468,18467,0,0,0
17236,17238,18469,0,0,1,10857
18470,18469,18471,1,0,1
18472,18471,18473,1,0,1
17242,17245,18474,0,0,1
17240,18474,18473,0,0,0
18475,18476,18477,1,1,1,18631
18136,18477,18478,0,0,1
18331,18478,18479,0,0,1
18399,18479,18480,0,0,1
18329,18480,18481,0,0,1
17986,18481,18482,0,0,1
18483,18484,18485,1,1,1,10951
18486,18487,18488,1,1,1
18489,18490,18491,1,1,1
18492,18491,18493,1,0,1
18494,18493,18495,1,0,1
18336,18495,18496,0,0,1
18390,18496,18497,0,0,1
18485,18497,18488,0,0,0
17601,17603,18498,0,0,1,10950
18406,17598,18499,0,0,1
17586,17589,18500,0,0,1
18501,18500,18502,1,0,1
17576,18502,18503,0,0,1
18504,18503,18505,1,0,1
18506,18505,18507,1,0,1
18498,17606,18508,0,0,1
18499,18508,18507,0,0,0
16211,16213,18509,0,0,1,8406
18454,18509,18510,0,0,1
16218,16222,18511,0,0,1
16215,16219,18512,0,0,1
18510,16216,18513,0,0,1
18511,18513,18512,0,0,0
18514,18515,18516,1,1,1,9940
16901,18516,18517,0,0,1
18518,18517,18519,1,0,1
18435,18519,18520,1,0,1
18438,18520,18521,1,0,1
18522,18521,18523,1,0,1
18524,18525,18526,1,1,1
18527,18528,18529,1,1,1
18530,18529,18531,1,0,1
18523,18532,18533,0,1,1
18526,18533,18531,0,0,0
18191,17441,18534,0,0,1,8406
18187,18189,18535,0,0,1
18536,18535,18537,1,0,1
18538,18537,18539,1,0,1
18540,18539,18541,1,0,1
18542,18541,18543,1,0,1
18544,18543,18545,1,0,1
18546,18545,18534,1,0,0
17249,18038,18547,0,0,1,10952
17247,18547,18548,0,0,1
18549,18548,18550,1,0,1
18551,18550,18552,1,0,1
18553,18552,18554,1,0,1
3111,18554,18555,0,0,1
18556,18555,18557,1,0,1
18558,18557,18318,1,0,0
18559,18560,18561,1,1,1,10953
18562,18563,18564,1,1,1
18565,18564,18566,1,0,1
18549,18566,18567,0,0,1
17244,18567,18568,0,0,1
18472,18568,18569,0,0,1
17234,18470,18570,0,0,1
18561,18570,18569,0,0,0
18376,17232,18571,0,0,1,9928
18572,18571,18573,1,0,1
18574,18573,18575,1,0,1
18576,18575,18577,1,0,1
18578,18577,18560,1,0,0
18579,18580,18581,1,1,1,10950
18489,18582,18583,0,1,1
18486,18490,18584,0,0,1
18581,18584,18583,0,0,0
18585,17867,18586,1,0,1,2264
18587,18588,18589,1,1,1
18590,18589,18591,1,0,1
18592,18591,18593,1,0,1
18594,18593,18595,1,0,1
18596,18595,18597,1,0,1
18598,18597,18599,1,0,1
18600,18599,18601,1,0,1
18602,18601,18603,1,0,1
18604,18603,18605,1,0,1
18606,18605,18607,1,0,1
18608,18607,18609,1,0,1
18250,18609,18610,0,0,1
16055,18610,18586,0,0,0
17863,17865,18611,0,0,1,2263
18612,17860,18613,1,0,1
18588,18613,18614,0,0,1
18585,18614,18611,0,0,0
18414,18417,18615,0,0,1,1751
18412,18415,18616,0,0,1
17850,18616,18617,0,0,1
18618,18617,18619,1,0,1
18620,18619,18621,1,0,1
18622,18621,18623,1,0,1
18624,18625,18626,1,1,1
18587,18626,18627,0,0,1
18612,18627,18628,0,0,1
18615,18628,18623,0,0,0
18522,18440,18629,1,0,1,9941
18528,18524,18630,1,1,1
18631,18630,18632,1,0,1
18633,18632,18634,1,0,1
18449,18634,18635,0,0,1
18636,18635,18637,1,0,1
18638,18637,18639,1,0,1
18640,18641,18642,1,1,1
18643,18644,18645,1,1,1
18629,18442,18646,0,0,1
18642,18639,18647,0,0,1
18648,18647,18649,1,0,1
18645,18649,18650,0,0,1
18646,18651,18652,0,1,1
18525,18652,18650,1,0,0
16731,16734,18653,0,0,1,1751
16729,16732,18654,0,0,1
16727,18654,18655,0,0,1
18656,18655,18657,1,0,1
18658,18659,18660,1,1,1
16736,18660,18661,0,0,1
16737,18661,18662,0,0,1
18653,18662,18657,0,0,0
18558,18320,18663,0,0,1,8647
18664,18665,18666,1,1,1
18667,18666,18668,1,0,1
18324,18668,18669,0,0,1
18663,18322,18670,0,0,1
18671,18670,18669,1,0,0
18672,18673,18674,1,1,1,43728
18675,18674,18676,1,0,1
18677,18678,18679,1,1,1
18680,18679,18681,1,0,1
18682,18681,18683,1,0,1
18684,18683,18685,1,0,1
18686,18685,18687,1,0,1
18688,18687,18689,1,0,1
18690,18689,18676,1,0,0
18691,18692,18693,1,1,1,42704
18694,18693,18695,1,0,1
18696,18695,18697,1,0,1
18698,18697,18699,1,0,1
18700,18699,18701,1,0,1
18702,18701,18703,1,0,1
17689,18703,17686,0,0,0
18704,18705,18706,1,1,1,1495
18707,18708,18709,1,1,1
18710,18711,18712,1,1,1
18713,18714,18715,1,1,1
18716,18717,18718,1,1,1
18706,18718,18719,0,0,1
18712,18709,18720,0,0,1
18715,18720,18719,0,0,0
18721,918,18722,1,1,1,2262
18723,18722,18724,1,0,1
18725,18724,18726,1,0,1
18727,18726,18728,1,0,1
18729,18730,18731,1,1,1
18732,18733,18734,1,1,1
915,18735,18736,1,1,1
18728,914,18737,0,1,1
18738,18737,18739,1,0,1
18731,18739,18740,0,0,1
18734,18740,18736,0,0,0
18278,1139,18741,0,1,1,1751
18742,18741,18743,1,0,1
18744,18745,18746,1,1,1
1131,18746,18747,1,0,1
1134,18747,18748,1,0,1
1133,18748,18749,1,0,1
1136,18749,18743,1,0,0
18651,18444,18750,0,0,1,9942
18643,18750,18751,0,0,1
18648,18644,18752,0,0,1
18640,18752,18753,0,0,1
18641,18753,18754,0,0,1
18450,18636,18755,0,0,1
18446,18755,18756,0,0,1
18447,18756,18757,0,0,1
18754,18751,18758,0,0,1
18638,18758,18757,0,0,0
18759,18760,18761,1,1,1,212
18762,18761,18763,1,0,1
18764,18765,18766,1,1,1
18767,18766,18768,1,0,1
18769,18768,18770,1,0,1
18771,18770,18763,1,0,0
18544,18772,18773,0,1,1,8405
18540,18542,18774,0,0,1
18775,18774,18776,1,0,1
18777,18776,18778,1,0,1
18779,18778,18780,1,0,1
18759,18780,18773,0,0,0
18658,16739,18781,0,0,1,215
18782,18659,18783,1,0,1
18784,18783,18785,1,0,1
18786,18785,18787,1,0,1
18178,18787,18788,0,0,1
18176,18179,18789,0,0,1
18781,18174,18790,0,0,1
18788,18790,18789,0,0,0
18791,18792,18793,1,1,1,708
18794,18793,18795,1,0,1
18796,18795,18797,1,0,1
18798,18240,18799,1,0,1,1734
18800,18799,18801,1,0,1
18802,18801,18803,1,0,1
18804,18803,18805,1,0,1
18806,18805,18807,1,0,1
18808,18809,18810,1,1,1
18811,18810,18812,1,0,1
18243,18813,18814,0,1,1
18807,18814,18812,0,0,0
18667,18238,18815,0,0,1,9926
18816,18815,18817,1,0,1
18818,18817,18819,1,0,1
18820,18821,18822,1,1,1
18823,18824,18825,1,1,1
18802,18825,18826,0,0,1
18800,18826,18827,0,0,1
18798,18827,18828,0,0,1
18819,18828,18822,0,0,0
18345,18385,18829,0,0,1,10441
18343,18346,18830,0,0,1
18341,18830,18831,0,0,1
18832,18831,18833,1,0,1
18351,18355,18834,0,0,1
18348,18352,18835,0,0,1
18829,18349,18836,0,0,1
18834,18833,18837,0,0,1
18835,18837,18836,0,0,0
17580,17624,18838,0,0,1,14535
17621,17581,18839,0,0,1
17578,18839,18840,0,0,1
18501,18840,18841,0,0,1
17583,18841,18842,0,0,1
17584,18842,18838,0,0,0
6183,18423,18843,1,0,1,43216
18844,18843,18845,1,0,1
18846,18845,18847,1,0,1
18848,18849,18850,1,1,1
18721,18850,18851,0,0,1
917,18851,18852,1,0,1
920,18852,18847,1,0,0
6190,6187,18853,1,1,1,2263
6292,6192,18854,1,1,1
6195,18854,18855,1,0,1
18856,18855,18857,1,0,1
18858,18859,18860,1,1,1
6185,18860,18861,1,0,1
18853,18861,18862,0,0,1
6189,18862,18857,1,0,0
18160,16559,18863,0,0,1,8406
18864,18863,18865,1,0,1
18866,18865,18867,1,0,1
18868,18869,18870,1,1,1
18871,18872,18873,1,1,1
18874,18873,18875,1,0,1
18876,18875,18877,1,0,1
18878,18879,18880,1,1,1
18881,18880,18882,1,0,1
18883,18882,18884,1,0,1
18267,18884,18885,0,0,1
18867,18885,18886,0,0,1
18870,18886,18877,0,0,0
18887,17504,18888,1,0,1,18133
18889,18888,18890,1,0,1
18891,18892,18893,1,1,1
18894,18893,18895,1,0,1
18156,18895,18896,0,0,1
18154,18896,18890,0,0,0
18897,18898,18899,1,1,1,9940
18900,18901,18902,1,1,1
18903,18902,18904,1,0,1
18905,18906,18907,1,1,1
18908,18909,18910,1,1,1
18911,18912,18913,1,1,1
18914,18913,18915,1,0,1
18916,18915,18917,1,0,1
18918,18917,18919,1,0,1
18920,18919,18921,1,0,1
18922,18923,18924,1,1,1
18925,18924,18926,1,0,1
18927,18926,18928,1,0,1
18929,18930,18931,1,1,1
18892,18931,18932,0,0,1
17500,18887,18933,0,0,1
18305,18933,18934,0,0,1
18899,18303,18935,0,0,1
18904,18935,18936,0,0,1
18921,18910,18937,0,0,1
18928,18937,18938,0,0,1
18934,18889,18939,0,0,1
18936,18939,18940,0,0,1
18938,18907,18941,0,0,1
18940,18932,18942,0,0,1
18943,18942,18941,1,0,0
18209,18212,18944,0,0,1,11110
18089,18944,18945,1,0,1
16823,18945,18946,1,0,1
18947,18946,18948,1,0,1
18949,18948,18211,1,0,0
18578,18559,18950,0,0,1,10952
18951,18950,18952,1,0,1
18953,18954,18955,1,1,1
18956,18957,18958,1,1,1
18959,18958,18960,1,0,1
18563,18960,18961,0,0,1
18952,18961,18955,0,0,0
18962,18369,18963,1,0,1,2760
18964,18965,18966,1,1,1
2965,18967,18968,1,1,1
2969,18968,18969,1,0,1
2968,18969,18970,1,0,1
2972,18970,18971,1,0,1
18572,18972,18973,0,1,1
18373,18973,18974,0,0,1
18975,18974,18976,1,0,1
18977,18976,18978,1,0,1
18979,18980,18981,1,1,1
18963,18982,18983,0,1,1
18966,18983,18984,0,0,1
18978,18971,18985,0,0,1
18981,18985,18984,0,0,0
18401,18396,18986,0,0,1,2248
18362,18364,18987,0,0,1
18988,18360,18989,1,0,1
18990,18989,18991,1,0,1
18967,18991,18992,0,0,1
18964,18992,18993,0,0,1
18962,18965,18994,0,0,1
18366,18994,18995,0,0,1
18367,18995,18996,0,0,1
18986,18996,18997,0,0,1
18987,18997,18993,0,0,0
18998,18999,19000,1,1,1,10952
19001,19002,19003,1,1,1
19004,19005,19006,1,1,1
19007,19006,19008,1,0,1
19009,19008,19010,1,0,1
19011,19010,19012,1,0,1
19013,19012,19014,1,0,1
19015,19014,19016,1,0,1
18335,19016,19017,0,0,1
18494,19017,19018,0,0,1
18492,19018,19019,0,0,1
18582,19019,19020,0,0,1
18579,19020,19021,0,0,1
19000,19021,19003,0,0,0
19022,19023,19024,1,1,1,19142
19025,19024,19026,1,0,1
19027,19028,19029,1,1,1
19030,19029,19031,1,0,1
19005,19031,19032,0,0,1
19001,19032,19033,0,0,1
18998,19002,19034,0,0,1
19026,19034,19035,0,0,1
19036,19035,19033,1,0,0
19037,19038,19039,1,1,1,41168
19040,19039,19041,1,0,1
19042,19043,19044,1,1,1
18690,19044,19045,0,0,1
18688,19045,19046,0,0,1
19047,19046,19048,1,0,1
19049,19048,19050,1,0,1
19051,19050,19052,1,0,1
19053,19052,19054,1,0,1
19055,19054,19056,1,0,1
19057,19056,19058,1,0,1
19059,19058,19060,1,0,1
19061,19060,19041,1,0,0
19062,19063,19064,1,1,1,42688
19065,19066,19067,1,1,1
19068,19069,19070,1,1,1
19071,19072,19073,1,1,1
19074,19073,19075,1,0,1
19076,19077,19078,1,1,1
19064,19078,19079,0,0,1
19067,19079,19080,0,0,1
19070,19080,19075,0,0,0
17847,18618,19081,0,0,1,9943
19082,19081,19083,1,0,1
19084,19083,19085,1,0,1
19086,19085,19087,1,0,1
19088,19089,19090,1,1,1
18590,19090,19091,0,0,1
18624,19091,19092,0,0,1
18625,19092,19093,0,0,1
18622,19093,19094,0,0,1
19087,18620,19095,0,0,1
19096,19095,19094,1,0,0
6202,6199,19097,1,1,1,2263
19098,19097,19099,1,0,1
19100,19099,19101,1,0,1
19102,19103,19104,1,1,1
19105,19106,19107,1,1,1
19108,19107,19109,1,0,1
19110,19109,19111,1,0,1
19112,19111,19113,1,0,1
6194,19113,19114,1,0,1
19101,6197,19115,0,1,1
19104,19115,19114,0,0,0
6207,19116,19117,0,1,1,1750
6204,19117,19118,0,0,1
6201,19118,19119,0,0,1
19120,19119,19121,1,0,1
19122,19121,19123,1,0,1
19124,19125,19126,1,1,1
19127,19128,19129,1,1,1
19123,19130,19131,0,1,1
19126,19131,19129,0,0,0
16724,18656,19132,0,0,1,2775
19133,19132,19134,1,0,1
19135,19136,19137,1,1,1
16997,19137,19138,0,0,1
19139,19138,19140,1,0,1
19141,19140,19142,1,0,1
19143,19142,19144,1,0,1
18784,19144,19145,0,0,1
18782,19145,19134,0,0,0
18556,18671,19146,0,0,1,8648
3108,19146,19147,0,0,1
19148,3109,19149,1,0,1
18816,19149,19150,0,0,1
18664,19150,19151,0,0,1
18665,19151,19147,0,0,0
18982,18371,19152,0,0,1,2248
18979,19152,19153,0,0,1
18977,18980,19154,0,0,1
18975,19154,19155,0,0,1
18374,19155,19153,0,0,0
19112,18856,19156,0,0,1,2262
19110,19156,19157,0,0,1
19108,19157,19158,0,0,1
19102,19106,19159,0,0,1
19160,19159,19161,1,0,1
19162,19161,19163,1,0,1
18858,18844,19164,0,0,1
19158,18859,19165,0,0,1
19163,19105,19166,0,0,1
19164,19166,19165,0,0,0
18158,18864,19167,0,0,1,9941
18894,19167,19168,0,0,1
18891,19168,19169,0,0,1
18929,19169,19170,0,0,1
18927,18930,19171,0,0,1
18925,19171,19172,0,0,1
19173,19172,19174,1,0,1
19175,19174,19176,1,0,1
19177,19176,19170,1,0,0
16236,17948,19178,0,0,1,8405
19179,19180,19181,1,1,1
19182,19181,19183,1,0,1
19184,19185,19186,1,1,1
19187,19186,19188,1,0,1
19189,19188,19190,1,0,1
19191,19192,19193,1,1,1
19194,19193,19195,1,0,1
19196,19197,19198,1,1,1
19199,19198,19200,1,0,1
19201,19202,19203,1,1,1
19204,19203,19205,1,0,1
19206,19207,19208,1,1,1
18294,19209,19210,0,1,1
18429,19210,19211,0,0,1
18312,18427,19212,0,0,1
19178,18310,19213,0,0,1
19214,19213,19215,1,0,1
19183,19216,19217,0,1,1
19190,19217,19218,0,0,1
19200,19195,19219,0,0,1
19220,19219,19221,1,0,1
19222,19221,19223,1,0,1
19205,19223,19224,0,0,1
19208,19224,19225,0,0,1
19212,19211,19226,0,0,1
19215,19226,19227,0,0,1
19228,19227,19229,1,0,1
19218,19229,19225,0,0,0
16230,16262,19230,0,0,1,213
16228,16231,19231,0,0,1
19232,19233,19234,1,1,1
19235,19236,19237,1,1,1
16234,19237,19238,0,0,1
19230,19238,19239,0,0,1
19231,19239,19234,0,0,0
19240,18551,19241,1,0,1,19144
19242,19243,19244,1,1,1
3114,19244,19245,0,0,1
18553,19245,19241,0,0,0
18562,18565,19246,0,0,1,10952
19247,19248,19249,1,1,1
18574,19250,19251,0,1,1
18972,19251,19252,0,0,1
19253,19252,19254,1,0,1
19255,19254,19256,1,0,1
19257,19256,19258,1,0,1
19259,19260,19261,1,1,1
3113,19261,19262,0,0,1
19240,19243,19263,0,0,1
19246,19263,19264,0,0,1
19265,19264,19266,1,0,1
19258,19249,19267,0,0,1
19262,19267,19268,0,0,1
19266,19242,19269,0,0,1
19270,19269,19268,1,0,0
18338,18832,19271,0,0,1,2248
19013,19015,19272,0,0,1
19273,19272,19274,1,0,1
2948,2945,19275,1,1,1
2950,2947,19276,1,1,1
2954,2952,19277,1,1,1
3065,2958,19278,1,1,1
18354,19278,19279,0,0,1
19271,19279,19280,0,0,1
18339,19280,19281,0,0,1
19275,19274,19282,0,0,1
19276,19282,19283,0,0,1
19277,19283,19284,0,0,1
2956,19284,19281,1,0,0
18262,17845,19285,0,0,1,9942
18259,19285,19286,0,0,1
18260,19286,19287,0,0,1
19288,6247,19289,1,1,1
19089,19290,19291,0,1,1
19096,19291,19292,0,0,1
19086,19292,19293,0,0,1
19082,19084,19294,0,0,1
19287,19294,19295,0,0,1
19289,19295,19293,0,0,0
19128,19296,19297,0,1,1,1494
19122,19125,19298,0,0,1
19120,19298,19299,0,0,1
19098,19299,19300,1,0,1
19100,19300,19301,1,0,1
19103,19301,19302,1,0,1
19160,19302,19303,1,0,1
19162,19303,19304,1,0,1
19305,19304,19306,1,0,1
19307,19308,19309,1,1,1
19310,19311,19312,1,1,1
19313,19314,19315,1,1,1
19316,19315,19317,1,0,1
19318,19317,19319,1,0,1
19320,19321,19322,1,1,1
19323,19322,19324,1,0,1
6354,19324,19325,0,0,1
19326,19325,19327,1,0,1
19328,19327,19329,1,0,1
19330,19331,19332,1,1,1
6361,19333,19334,0,1,1
19335,19334,19336,1,0,1
19297,19336,19337,0,0,1
19306,19124,19338,0,0,1
19309,19338,19339,0,0,1
19312,19339,19340,0,0,1
19329,19341,19342,0,1,1
19343,19342,19344,1,0,1
19345,19344,19346,1,0,1
19337,19332,19347,0,0,1
19340,19347,19348,0,0,1
19319,19348,19346,0,0,0
18777,18779,19349,0,0,1,9941
18538,18775,19350,0,0,1
19351,19350,19352,1,0,1
19353,19354,19355,1,1,1
19356,19355,19357,1,0,1
19358,19357,19359,1,0,1
19360,19361,19362,1,1,1
19363,19364,19365,1,1,1
19366,19365,19367,1,0,1
18762,19367,19368,0,0,1
19352,19349,19369,0,0,1
19370,19369,19371,1,0,1
19362,19359,19372,0,0,1
19368,19372,19371,0,0,0
18820,18824,19373,0,0,1,10951
18821,19373,19374,0,0,1
19375,19374,19376,1,0,1
19377,19376,19378,1,0,1
19379,19378,19380,1,0,1
19381,19380,19382,1,0,1
19383,19382,19384,1,0,1
18804,19384,18823,0,0,0
18959,19265,19385,0,0,1,15048
18956,19385,19386,0,0,1
18953,18957,19387,0,0,1
18951,18954,19388,0,0,1
18576,19388,19389,0,0,1
19250,19389,19390,0,0,1
19247,19390,19391,0,0,1
19270,19248,19392,0,0,1
19386,19392,19393,0,0,1
19387,19393,19391,0,0,0
19394,19395,19396,1,1,1,43216
19397,19398,19399,1,1,1
19400,19399,19401,1,0,1
19402,19403,19404,1,1,1
19405,19404,19406,1,0,1
19396,19407,19408,0,1,1
19409,19408,19410,1,0,1
19401,19410,19406,0,0,0
18271,18273,19411,0,0,1,214
18883,18269,19412,0,0,1
19413,19412,19414,1,0,1
18742,19414,19415,0,0,1
18275,19415,19416,0,0,1
18276,19416,19411,0,0,0
18633,18452,19417,0,0,1,9942
18631,19417,19418,0,0,1
19419,19420,19421,1,1,1
16224,19421,19422,0,0,1
19418,16221,19423,0,0,1
19424,19423,19422,1,0,0
16722,16725,19425,0,0,1,1751
19135,16999,19426,0,0,1
19133,19136,19427,0,0,1
19425,19427,19426,0,0,0
19428,19429,19430,1,1,1,11206
19431,19432,19433,1,1,1
19434,19433,19435,1,0,1
19436,19435,19437,1,0,1
19438,19437,19439,1,0,1
19440,19439,19441,1,0,1
19442,19441,19430,1,0,0
19148,18818,19443,0,0,1,10952
3124,19443,19444,0,0,1
19445,19446,19447,1,1,1
19379,19447,19448,0,0,1
19377,19448,19449,0,0,1
19375,19449,19444,0,0,0
18677,19450,19451,1,1,1,19158
19452,18680,19453,1,1,1
19454,19453,19455,1,0,1
19456,19455,19457,1,0,1
19458,19457,19459,1,0,1
19460,19459,19461,1,0,1
19036,19028,19462,0,0,1
19451,19025,19463,0,0,1
19461,19463,19462,0,0,0
19464,18682,19465,1,1,1,10967
19466,19465,19467,1,0,1
19468,19469,19470,1,1,1
19027,19470,19471,0,0,1
19460,19471,19472,0,0,1
19458,19472,19473,0,0,1
19456,19473,19474,0,0,1
19452,19454,19475,0,0,1
19467,19475,19474,0,0,0
19476,18684,19477,1,1,1,8406
19478,19477,19479,1,0,1
19480,19479,19481,1,0,1
19482,19483,19484,1,1,1
19485,19484,19486,1,0,1
3128,19486,19487,1,0,1
19488,19487,19489,1,0,1
19464,19489,19481,0,0,0
19047,18686,19490,1,1,1,213
19051,19049,19491,1,1,1
19492,19491,19493,1,0,1
19494,19493,19495,1,0,1
19476,19496,19497,0,1,1
19490,19497,19495,0,0,0
19498,19499,19500,1,1,1,43728
19501,19500,19502,1,0,1
19503,19502,19504,1,0,1
19505,19504,19506,1,0,1
17568,17619,19507,0,0,1,10455
19508,19509,19510,1,1,1
18606,19510,19511,0,0,1
19512,19511,19513,1,0,1
19514,19513,19515,1,0,1
19516,19515,19517,1,0,1
19518,19517,19519,1,0,1
19520,19519,19521,1,0,1
19522,19521,19523,1,0,1
19524,19525,19526,1,1,1
19527,19526,19528,1,0,1
17572,19528,19529,0,0,1
19507,19529,19530,0,0,1
19531,19530,19523,1,0,0
18608,18252,19532,0,0,1,2263
19508,19532,19533,0,0,1
19509,19533,19534,0,0,1
17569,19531,19535,0,0,1
17566,19535,19534,0,0,0
19143,18786,19536,0,0,1,8406
19141,19536,19537,0,0,1
19538,19537,19539,1,0,1
19540,19539,19541,1,0,1
19542,19541,19543,1,0,1
18185,19544,19545,0,1,1
18181,19545,19546,0,0,1
18182,19546,19543,0,0,0
19547,18218,19548,1,1,1,42688
19549,19548,19550,1,0,1
19551,19552,19553,1,1,1
19434,19553,19554,0,0,1
19431,19554,19550,0,0,0
19555,18464,19556,1,0,1,43200
19557,19556,19558,1,0,1
19559,19558,19560,1,0,1
19561,19560,19562,1,0,1
19549,19563,19564,0,1,1
18221,19547,19565,1,0,1
19562,19565,19564,0,0,0
18813,18242,19566,0,0,1,454
18811,19566,19567,0,0,1
19568,19567,19569,1,0,1
19570,19569,19571,1,0,1
19572,19571,19573,1,0,1
19574,19573,19575,1,0,1
19576,19575,19577,1,0,1
19578,19577,19579,1,0,1
19580,19579,19581,1,0,1
19555,19581,18462,0,0,0
19522,19525,19582,0,0,1,10454
19518,19520,19583,0,0,1
19584,19583,19585,1,0,1
19586,19585,19587,1,0,1
19588,19587,19589,1,0,1
19590,19589,19591,1,0,1
19592,19591,19582,1,0,0
18848,18723,19593,0,0,1,42704
19594,19593,19595,1,0,1
19311,19595,19596,1,0,1
19597,19596,19598,1,0,1
19599,19598,18725,1,0,0
19600,18846,19601,1,0,1,42448
19602,19601,19603,1,0,1
19307,19603,19604,1,0,1
19594,19604,18849,0,0,0
19175,19177,19605,0,0,1,9943
19173,19605,19606,0,0,1
18922,19606,19607,0,0,1
19608,19607,19609,1,0,1
18869,19609,18866,0,0,0
19235,16233,19610,0,0,1,8406
19232,19236,19611,0,0,1
16226,19233,19612,0,0,1
19419,19612,19613,0,0,1
19614,19613,19615,1,0,1
19616,19615,19617,1,0,1
19618,19617,19619,1,0,1
19620,19619,19621,1,0,1
19622,19623,19624,1,1,1
19180,19625,19626,0,1,1
19216,19626,19627,0,0,1
19228,19627,19628,0,0,1
19214,19628,19629,0,0,1
19610,19629,19630,0,0,1
19611,19630,19631,0,0,1
19621,19631,19624,0,0,0
18184,18536,19632,0,0,1,9942
19544,19632,19633,0,0,1
19634,19633,19635,1,0,1
19636,19635,19637,1,0,1
19354,19637,19638,0,0,1
19370,19638,19351,0,0,0
16953,17023,19639,0,0,1,2774
17020,16954,19640,0,0,1
16951,19640,19641,0,0,1
15773,19642,19643,0,1,1
16956,19643,19644,0,0,1
17032,16957,19645,0,0,1
19639,19645,19646,0,0,1
19641,19646,19644,0,0,0
19551,19436,19647,0,0,1,9926
19648,19647,19649,1,0,1
19650,19649,19651,1,0,1
19652,19651,19653,1,0,1
19654,19655,19656,1,1,1
19440,19656,19657,0,0,1
19438,19657,19653,0,0,0
19580,19557,19658,0,0,1,2246
19659,19660,19661,1,1,1
19662,19663,19664,1,1,1
19665,19666,19667,1,1,1
19668,19669,19670,1,1,1
19671,19670,19672,1,0,1
19673,19674,19675,1,1,1
19676,19677,19678,1,1,1
19679,19680,19681,1,1,1
19561,19681,19682,0,0,1
19559,19682,19683,0,0,1
19658,19683,19684,0,0,1
19661,19684,19685,0,0,1
19664,19685,19686,0,0,1
19667,19686,19687,0,0,1
19672,19687,19688,0,0,1
19675,19688,19678,0,0,0
19383,18806,19689,0,0,1,8647
19381,19689,19690,0,0,1
19445,19690,19691,0,0,1
19692,19691,19693,1,0,1
19694,19695,19696,1,1,1
19697,19696,19698,1,0,1
19699,19698,19700,1,0,1
19701,19700,19702,1,0,1
19703,19702,19704,1,0,1
18809,19704,19693,0,0,0
19494,19496,19705,0,0,1,214
19055,19053,19706,1,1,1
19707,19706,19708,1,0,1
19709,19708,19710,1,0,1
19711,19710,19712,1,0,1
19713,19712,19714,1,0,1
19482,19714,19715,0,0,1
19483,19715,19716,0,0,1
19478,19480,19717,0,0,1
19705,19717,19718,0,0,1
19492,19718,19716,0,0,0
19088,18592,19719,0,0,1,10455
19290,19719,19720,0,0,1
19288,19720,19721,0,0,1
6250,19721,19722,1,0,1
19723,19724,19725,1,1,1
19726,19725,19727,1,0,1
19728,19727,19729,1,0,1
19730,19729,19731,1,0,1
19732,19733,19734,1,1,1
19722,19734,19731,0,0,0
19209,18296,19735,0,0,1,8404
19206,19735,19736,0,0,1
19207,19736,19737,0,0,1
19738,19204,19739,1,0,1
18298,19739,19740,0,0,1
18299,19740,19737,0,0,0
19703,18808,19741,0,0,1,8646
19742,19699,19743,1,0,1
19744,19743,19745,1,0,1
19746,19745,19747,1,0,1
19748,19747,19749,1,0,1
19576,19749,19750,0,0,1
19574,19750,19751,0,0,1
19572,19751,19752,0,0,1
19570,19752,19753,0,0,1
19741,19568,19754,0,0,1
19701,19754,19753,0,0,0
19755,19756,19757,1,1,1,18135
19758,19757,19759,1,0,1
19760,19761,19762,1,1,1
19763,19762,19764,1,0,1
19765,19764,19759,1,0,0
19498,19501,19766,0,0,1,42192
19767,19766,19768,1,0,1
19769,19768,19770,1,0,1
19771,19770,19772,1,0,1
19773,19772,19774,1,0,1
19775,19774,19776,1,0,1
19777,19776,19778,1,0,1
19779,19778,19780,1,0,1
19781,19782,19783,1,1,1,965
19784,19785,19786,1,1,1
19787,19786,19788,1,0,1
19789,19788,19790,1,0,1
19791,19790,19792,1,0,1
19793,19792,19783,1,0,0
19563,19552,19794,0,0,1,1734
19679,19794,19795,0,0,1
19680,19795,19796,0,0,1
19652,19676,19797,0,0,1
19650,19797,19798,0,0,1
19648,19798,19796,0,0,0
2971,19253,19799,1,0,1,14535
19800,19799,19801,1,0,1
19802,19801,19803,1,0,1
19804,19803,19255,1,0,0
19805,19011,19806,1,0,1,10440
19807,19806,19808,1,0,1
19809,19808,19810,1,0,1
19811,19810,19812,1,0,1
19813,19812,19814,1,0,1
19815,19816,19817,1,1,1
19818,19819,19820,1,1,1
19821,19820,19822,1,0,1
2943,19822,19823,1,0,1
19273,19823,19824,0,0,1
19814,19824,19817,0,0,0
19030,19004,19825,0,0,1,2775
19468,19825,19826,0,0,1
19469,19826,19827,0,0,1
19828,19827,19829,1,0,1
19830,19829,19831,1,0,1
19832,19833,19834,1,1,1
3145,19835,19836,1,1,1
19837,19836,19838,1,0,1
19839,19838,19840,1,0,1
19841,19842,19843,1,1,1
19844,19843,19845,1,0,1
19846,19845,19847,1,0,1
19848,19847,19849,1,0,1
19850,19851,19852,1,1,1
19853,19854,19855,1,1,1
19856,19855,19857,1,0,1
19831,19858,19859,0,1,1
19834,19859,19860,0,0,1
19849,19840,19861,0,0,1
19852,19861,19862,0,0,1
19857,19862,19860,0,0,0
19707,19057,19863,1,0,1,8406
19864,19863,19865,1,0,1
19866,3275,19867,1,0,1
19868,19867,19869,1,0,1
19870,19869,19865,1,0,0
19763,19871,19872,0,1,1,9942
19760,19872,19873,0,0,1
19874,19873,19875,1,0,1
19876,19875,19877,1,0,1
19878,19879,19880,1,1,1
19881,19880,19882,1,0,1
19883,19882,19884,1,0,1
19885,19884,19886,1,0,1
19887,19886,19888,1,0,1
19889,19890,19891,1,1,1
19892,19891,19893,1,0,1
19894,19893,19895,1,0,1
19896,19895,19897,1,0,1
19898,19897,19899,1,0,1
19900,19899,19901,1,0,1
19902,19901,19903,1,0,1
19904,19903,19905,1,0,1
19906,19905,19907,1,0,1
19877,19907,19888,0,0,0
18604,19512,19908,0,0,1,10456
19909,19910,19911,1,1,1
19584,19911,19912,0,0,1
19516,19912,19913,0,0,1
19908,19514,19914,0,0,1
19915,19914,19913,1,0,0
19597,19599,19916,0,0,1,42448
19310,19916,19917,1,0,1
19918,19919,19920,1,1,1
19921,19920,19922,1,0,1
19917,18727,19923,0,0,1
19314,19923,19922,1,0,0
19413,18745,19924,0,0,1,215
19925,18881,19926,1,0,1
19927,19926,19928,1,0,1
19929,19928,19930,1,0,1
19931,19932,19933,1,1,1
19934,19935,19936,1,1,1
19937,19936,19938,1,0,1
19939,19938,19940,1,0,1
19941,19942,19943,1,1,1
19944,19945,19946,1,1,1
19947,19948,19949,1,1,1
19950,19949,19951,1,0,1
19952,19953,19954,1,1,1
19955,19956,19957,1,1,1
19958,19959,19960,1,1,1
19961,19962,19963,1,1,1
19964,19963,19965,1,0,1
19966,19965,19967,1,0,1
19968,19967,19969,1,0,1
19970,19969,19971,1,0,1
19972,19971,19973,1,0,1
19974,19973,19975,1,0,1
19976,19977,19978,1,1,1
19979,19980,19981,1,1,1
1129,19982,19983,1,1,1
18744,19983,19984,0,0,1
19930,19924,19985,0,0,1
19933,19985,19986,0,0,1
19940,19986,19987,0,0,1
19946,19943,19988,0,0,1
19954,19951,19989,0,0,1
19960,19990,19991,0,1,1
19975,19992,19993,0,1,1
19978,19993,19994,0,0,1
19981,19994,19995,0,0,1
19987,19984,19996,0,0,1
19988,19996,19997,0,0,1
19989,19997,19998,0,0,1
19957,19998,19999,0,0,1
19991,19999,19995,0,0,0
19360,19364,20000,0,0,1,1749
20001,20000,20002,1,0,1
20003,20002,20004,1,0,1
20005,20004,20006,1,0,1
20007,20006,20008,1,0,1
20009,20008,20010,1,0,1
20011,20010,19363,1,0,0
20012,19538,20013,1,0,1,10966
16995,20014,20015,0,1,1
16991,20015,20016,0,0,1
20017,20016,20018,1,0,1
20019,20018,20020,1,0,1
19634,20021,20022,0,1,1
19542,20022,20023,0,0,1
20013,19540,20024,0,0,1
20025,20024,20026,1,0,1
20020,20026,20023,0,0,0
16994,19139,20027,0,0,1,2774
20014,20027,20028,0,0,1
20025,20028,20012,0,0,0
19858,19007,20029,0,0,1,2759
19856,20029,20030,0,0,1
19853,20030,20031,0,0,1
20032,20031,20033,1,0,1
20034,20033,20035,1,0,1
20036,20035,20037,1,0,1
19807,20038,20039,0,1,1
19009,19805,20040,0,0,1
20037,20040,20039,0,0,0
19921,18738,20041,0,0,1,1494
20042,20041,20043,1,0,1
20044,20043,20045,1,0,1
20046,20047,20048,1,1,1
18729,20049,20050,0,1,1
20045,18730,20051,0,0,1
20048,20051,20050,0,0,0
19738,18301,20052,0,0,1,12500
19201,20052,20053,0,0,1
19222,19202,20054,0,0,1
19220,20054,20055,0,0,1
19199,20055,20056,0,0,1
19196,20056,20057,0,0,1
20058,20057,20059,1,0,1
18900,20059,20060,0,0,1
18901,20060,20061,0,0,1
18897,20061,20062,0,0,1
18898,20062,20053,0,0,0
20063,19616,20064,1,1,1,9941
20065,20066,20067,1,1,1
19184,20067,20068,1,0,1
20069,20068,20070,1,0,1
20071,20070,20072,1,0,1
20073,20074,20075,1,1,1
20076,20075,20077,1,0,1
20078,20077,20079,1,0,1
20080,20079,20081,1,0,1
20082,20081,20083,1,0,1
20084,20083,20085,1,0,1
18527,20085,20086,0,0,1
19424,20086,20087,1,0,1
19420,20087,20088,1,0,1
19614,20088,20089,1,0,1
20072,20064,20090,0,0,1
20091,20090,20089,1,0,0
20007,20092,20093,0,1,1,9941
20003,20005,20094,0,0,1
20095,20096,20097,1,1,1
20098,20097,20099,1,0,1
20100,20099,20101,1,0,1
20093,20101,20094,0,0,0
19578,19660,20102,0,0,1,10438
19748,20102,20103,0,0,1
20104,20103,20105,1,0,1
20106,20105,20107,1,0,1
20108,20107,20109,1,0,1
20110,20109,20111,1,0,1
20112,20111,20113,1,0,1
20114,20115,20116,1,1,1
20117,20118,20119,1,1,1
20120,20119,20121,1,0,1
19666,20122,20123,0,1,1
19662,20123,20124,0,0,1
19659,19663,20125,0,0,1
20113,20125,20126,0,0,1
20116,20126,20127,0,0,1
20121,20127,20124,0,0,0
20128,20129,20130,1,1,1,43712
20131,20132,20133,1,1,1
20134,20135,20136,1,1,1
20137,20138,20139,1,1,1
20140,20141,20142,1,1,1
20143,20144,20145,1,1,1
20130,20145,20146,0,0,1
20133,20146,20147,0,0,1
20136,20147,20148,0,0,1
20139,20148,20142,0,0,0
19804,19257,20149,0,0,1,10440
19800,19802,20150,0,0,1
2974,20150,20151,1,0,1
20152,20151,20153,1,0,1
20154,20153,20155,1,0,1
20156,20155,20157,1,0,1
20158,20157,20159,1,0,1
20160,20161,20162,1,1,1
20163,20162,20164,1,0,1
20165,20164,20166,1,0,1
20167,20166,20168,1,0,1
20169,20170,20171,1,1,1
20172,20171,20173,1,0,1
20149,19260,20174,0,0,1
20159,20174,20175,0,0,1
20173,20168,20176,0,0,1
20177,20176,20175,1,0,0
19769,20178,20179,1,1,1,9430
19771,20179,20180,1,0,1
20181,20180,20182,1,0,1
20183,20182,19758,1,0,0
19732,18594,20184,0,0,1,10456
20185,20184,20186,1,0,1
20187,20186,20188,1,0,1
20189,20188,20190,1,0,1
20191,20192,20193,1,1,1
20194,20195,20196,1,1,1
20197,20196,20198,1,0,1
18598,20198,20199,0,0,1
20190,18596,20200,0,0,1
20193,20200,20201,0,0,1
20202,20201,20199,1,0,0
20049,18733,20203,0,0,1,1495
20046,20203,20204,0,0,1
20042,20044,20205,0,0,1
19918,20205,20206,0,0,1
20207,20206,20208,1,0,1
20209,20208,20210,1,0,1
905,20210,20211,1,0,1
907,20211,20212,1,0,1
20204,910,20213,0,1,1
20047,20213,20212,0,0,0
19608,18868,20214,0,0,1,9942
18923,20214,20215,0,0,1
18920,20215,20216,0,0,1
20217,20218,20219,1,1,1
20220,20219,20221,1,0,1
18871,20221,20222,0,0,1
20216,18872,20223,0,0,1
20224,20223,20222,1,0,0
16709,16711,20225,0,0,1,1751
17005,16707,20226,0,0,1
16713,17003,20227,0,0,1
20225,16769,20228,0,0,1
20227,20226,20229,0,0,1
16714,20229,20228,0,0,0
19744,19746,20230,0,0,1,10439
19697,19742,20231,0,0,1
20232,19694,20233,1,0,1
3020,20233,20234,1,0,1
20235,20234,20236,1,0,1
20237,20236,20238,1,0,1
20106,20108,20239,0,0,1
20230,20104,20240,0,0,1
20231,20240,20241,0,0,1
20238,20241,20239,0,0,0
20242,20243,20244,1,1,1,14036
20245,20244,20246,1,0,1
20247,20248,20249,1,1,1
20250,20249,20251,1,0,1
20252,20251,20253,1,0,1
20254,20253,20246,1,0,0
2764,15619,20255,1,0,1,2775
2767,20255,20256,1,0,1
2766,20256,20257,1,0,1
15624,20257,20258,0,0,1
15625,20258,20259,0,0,1
15874,15827,20260,0,0,1
15621,20260,20261,0,0,1
15622,20261,20259,0,0,0
3122,19446,20262,0,0,1,8648
20263,20264,20265,1,1,1
20266,20265,20267,1,0,1
20268,20267,20269,1,0,1
20270,20269,20271,1,0,1
20272,20271,20273,1,0,1
20274,20273,20275,1,0,1
20276,20277,20278,1,1,1
19692,20279,20280,0,1,1
20262,20280,20281,0,0,1
20275,20281,20278,0,0,0
20177,19259,20282,0,0,1,2248
20172,20282,20283,0,0,1
20169,20283,20284,0,0,1
20167,20170,20285,0,0,1
20165,20285,20286,0,0,1
20287,20286,20288,1,0,1
3116,20288,20284,0,0,0
20289,19488,20290,1,0,1,8407
20291,20290,20292,1,0,1
19828,20293,20294,0,1,1
19466,20294,20292,0,0,0
19864,19709,20295,1,0,1,2774
3277,20295,20296,1,0,1
3126,20296,20297,1,0,1
3280,3125,20298,1,1,1
3129,20298,20299,1,0,1
19485,20299,20300,0,0,1
19713,20300,20301,0,0,1
19711,20301,20297,0,0,0
6008,6011,20302,0,0,1,12502
20303,20302,20304,1,0,1
20305,20306,20307,1,1,1
20308,20307,20309,1,0,1
20310,20309,20311,1,0,1
20312,20313,20314,1,1,1
20315,20316,20317,1,1,1
20318,20317,20319,1,0,1
6013,20319,20320,0,0,1
20311,20304,20321,0,0,1
20314,20321,20320,0,0,0
20322,20323,20324,1,1,1,12502
19898,20324,20325,0,0,1
19896,20325,20326,0,0,1
20327,20326,20328,1,0,1
19730,19733,20329,0,0,1,14551
19728,20329,20330,0,0,1
19726,20330,20331,0,0,1
20332,20333,20334,1,1,1
20335,20334,20336,1,0,1
20187,20336,20337,0,0,1
20331,20185,20338,0,0,1
20339,20338,20337,1,0,0
18874,18876,20340,0,0,1,9941
20220,20340,20341,0,0,1
20224,20218,20342,0,0,1
18918,20342,20343,0,0,1
20344,18911,20345,1,0,1
20346,20345,20347,1,0,1
20348,20349,20350,1,1,1
19194,20350,20351,0,0,1
20352,20351,20353,1,0,1
20354,20353,20355,1,0,1
20356,20357,20358,1,1,1
20359,20360,20361,1,1,1
20362,20363,20364,1,1,1
20365,20364,20366,1,0,1
20367,20366,20368,1,0,1
20369,20368,20370,1,0,1
18879,20370,20371,0,0,1
20341,20371,20372,0,0,1
20217,20372,20373,0,0,1
20343,20373,20374,0,0,1
18916,20374,20375,0,0,1
20355,20347,20376,0,0,1
20358,20376,20377,0,0,1
20375,20361,20378,0,0,1
18914,20378,20377,0,0,0
20098,20379,20380,0,1,1,8405
20095,20380,20381,0,0,1
20382,20381,20383,1,0,1
20384,20385,20386,1,1,1
20387,20386,20388,1,0,1
20242,20388,20389,1,0,1
20245,20389,20390,1,0,1
20248,20390,20391,1,0,1
20247,20391,20392,1,0,1
20393,20392,20383,1,0,0
20394,20395,20396,1,1,1,1750
20397,20396,20398,1,0,1
19791,20399,20400,0,1,1,197
19789,20400,20401,0,0,1
20402,19787,20403,1,0,1
20404,20403,20405,1,0,1
20406,20405,20407,1,0,1
20408,20407,20409,1,0,1
20410,20409,20411,1,0,1
20412,20411,20413,1,0,1
20414,20413,20401,1,0,0
20279,19695,20415,0,0,1,2759
20276,20415,20416,0,0,1
20417,20416,20418,1,0,1
20419,20420,20421,1,1,1
20422,20423,20424,1,1,1
3007,20424,20425,1,0,1
20426,20425,20427,1,0,1
3017,20427,20428,1,0,1
20418,20232,20429,0,0,1
20421,20429,20428,0,0,0
18602,19915,20430,0,0,1,10968
20197,18600,20431,0,0,1
20432,20431,20433,1,0,1
20434,20433,20435,1,0,1
20436,20435,20430,1,0,0
20335,20189,20437,0,0,1,10455
20438,20332,20439,1,0,1
6254,20440,20441,1,1,1
20442,20443,20444,1,1,1
20191,20445,20446,0,1,1
20437,20192,20447,0,0,1
20439,20447,20448,0,0,1
20441,20448,20449,0,0,1
20444,20449,20446,0,0,0
6252,19724,20450,1,0,1,2263
6255,20450,20451,1,0,1
20440,20451,20452,0,0,1
20438,20452,20453,0,0,1
20333,20453,20454,0,0,1
20339,20454,19723,0,0,0
19927,19929,20455,0,0,1,214
20456,20455,20457,1,0,1
20458,20457,20459,1,0,1
20460,20461,20462,1,1,1
19934,20462,20463,0,0,1
19931,19935,20464,0,0,1
20459,19932,20465,0,0,1
20463,20466,20467,0,1,1
20464,20467,20465,0,0,0
19618,19620,20468,0,0,1,12501
20063,20468,20469,1,0,1
19185,20065,20470,0,1,1
19182,20470,20471,0,0,1
19179,20471,20472,0,0,1
19625,20472,20473,0,0,1
19622,20473,20474,0,0,1
20469,19623,20475,0,0,1
20066,20475,20474,1,0,0
13925,1658,20476,1,0,1,213
20477,20476,20478,1,0,1
20479,20478,20480,1,0,1
2741,20481,20482,1,1,1
2744,20482,20483,1,0,1
2743,20483,20484,1,0,1
2866,2746,20485,1,1,1
2748,20485,20486,1,0,1
20480,20486,20487,0,0,1
20488,20487,20484,1,0,0
20110,20112,20489,0,0,1,10951
20237,20489,20490,0,0,1
20491,20490,20492,1,0,1
20493,20492,20494,1,0,1
20495,20494,20496,1,0,1
20497,20498,20499,1,1,1
3025,20500,20501,1,1,1
20502,20501,20503,1,0,1
20504,20503,20505,1,0,1
20118,20506,20507,0,1,1
20114,20507,20508,0,0,1
20496,20115,20509,0,0,1
20510,20509,20511,1,0,1
20505,20499,20512,0,0,1
20508,20512,20511,0,0,0
20274,20277,20513,0,0,1,10951
20270,20272,20514,0,0,1
20266,20268,20515,0,0,1
20516,20263,20517,1,0,1
20422,3005,20518,0,1,1
20419,20423,20519,0,0,1
20513,20417,20520,0,0,1
20514,20520,20521,0,0,1
20518,20517,20522,0,0,1
20519,20522,20523,0,0,1
20521,20420,20524,0,0,1
20515,20524,20523,0,0,0
20038,19809,20525,0,0,1,10951
20034,20036,20526,0,0,1
20527,20526,20528,1,0,1
19844,20528,20529,0,0,1
20530,20529,20531,1,0,1
19811,20531,20525,0,0,0
20532,20328,20533,1,0,1,8407
20534,20535,20536,1,1,1
20537,20536,20538,1,0,1
20539,20538,20540,1,0,1
20541,20542,20543,1,1,1
20544,20543,20545,1,0,1
20546,20545,20547,1,0,1
20548,20547,20549,1,0,1
20308,20549,20550,1,0,1
20533,20551,20552,0,1,1
20540,20552,20550,0,0,0
19761,19874,20553,0,0,1,9943
20554,20183,20555,1,0,1
20556,20557,20558,1,1,1
20559,20558,20560,1,0,1
20561,20560,20562,1,0,1
20563,20562,20564,1,0,1
20565,20564,20566,1,0,1
20567,20566,20568,1,0,1
20569,20568,20570,1,0,1
20555,20553,20571,0,0,1
20572,20571,20570,1,0,0
18943,18906,20573,0,0,1,14036
18903,20573,20574,0,0,1
20058,20574,20575,0,0,1
19197,20575,20576,0,0,1
20348,20576,20577,0,0,1
20346,20349,20578,0,0,1
20344,20578,20579,0,0,1
18912,20579,20580,0,0,1
18908,20580,20581,0,0,1
18909,20581,20582,0,0,1
18905,20582,20577,0,0,0
20583,20584,20585,1,1,1,9940
20586,20585,20587,1,0,1
20588,20587,20589,1,0,1
20590,20589,20591,1,0,1
20592,20593,20594,1,1,1
20595,20596,20597,1,1,1
20598,20599,20600,1,1,1
20074,20600,20601,0,0,1
20091,20601,20602,0,0,1
20603,20071,20604,1,0,1
20591,20604,20605,0,0,1
20594,20605,20606,0,0,1
20607,20606,20608,1,0,1
20597,20608,20602,0,0,0
19361,20001,20609,0,0,1,1748
20610,20609,20611,1,0,1
20612,20611,20613,1,0,1
20614,20615,20616,1,1,1
20617,20616,20618,1,0,1
20619,20620,20621,1,1,1
20622,20623,20624,1,1,1
20625,20624,20626,1,0,1
20627,20626,20628,1,0,1
20629,20628,20630,1,0,1
20631,20630,20632,1,0,1
20382,20633,20634,0,1,1
20096,20634,20635,0,0,1
20613,20635,20636,0,0,1
20618,20636,20637,0,0,1
20638,20637,20639,1,0,1
20640,20639,20641,1,0,1
20621,20641,20632,0,0,0
20021,19636,20642,0,0,1,8405
20019,20642,20643,0,0,1
20644,20643,20645,1,0,1
20646,20647,20648,1,1,1
20649,20648,20650,1,0,1
20651,20650,20652,1,0,1
19356,20653,20654,0,1,1
20645,19353,20655,0,0,1
20652,20655,20654,0,0,0
20656,13979,20657,1,1,1,725
20658,20657,20659,1,0,1
20660,20659,20661,1,0,1
20662,20663,20664,1,1,1
20665,20666,20667,1,1,1
20668,20669,20670,1,1,1
20671,20670,20672,1,0,1
20673,20672,20674,1,0,1
3387,20674,20675,1,0,1
3390,20675,20676,1,0,1
20677,20676,20678,1,0,1
20679,20680,20681,1,1,1
2739,20681,20682,1,0,1
20481,20682,20683,0,0,1
20479,20488,20684,0,0,1
20661,20477,20685,0,0,1
20664,20685,20686,0,0,1
20667,20686,20687,0,0,1
20688,20687,20689,1,0,1
20690,20689,20691,1,0,1
20678,20691,20692,0,0,1
20683,20692,20684,0,0,0
19677,19655,20693,0,0,1,10438
19673,20693,20694,0,0,1
3118,3120,20695,0,0,1,10952
20287,20695,20696,0,0,1
20163,20696,20697,0,0,1
20698,20697,20699,1,0,1
20700,20699,20701,1,0,1
20702,20701,20703,1,0,1
20704,20703,20705,1,0,1
20706,20705,20707,1,0,1
20708,20707,20709,1,0,1
20710,20709,20711,1,0,1
3003,20711,20712,1,0,1
20516,20712,20264,0,0,0
18878,19925,20713,0,0,1,9942
20369,20713,20714,0,0,1
20367,20714,20715,0,0,1
20716,20365,20717,1,0,1
20718,20717,20719,1,0,1
20720,20719,20721,1,0,1
20456,20721,20715,0,0,0
16992,20017,20722,0,0,1,8406
17028,20722,20723,0,0,1
20724,20723,20725,1,0,1
20726,20727,20728,1,1,1
16987,20728,20729,0,0,1
16985,20729,20730,0,0,1
15724,20730,20731,0,0,1
3499,15722,20732,0,0,1
20733,20732,20734,1,0,1
20735,20734,20736,1,0,1
20737,20736,20738,1,0,1
20739,20738,20740,1,0,1
20725,20644,20741,0,0,1
20742,20741,20743,1,0,1
20731,20744,20745,0,1,1
20740,20745,20743,0,0,0
20746,19665,20747,1,0,1,454
20748,20747,20749,1,0,1
20750,20749,20751,1,0,1
20752,20753,20754,1,1,1
19668,20754,20755,0,0,1
19669,20755,20751,0,0,0
20530,19813,20756,0,0,1,10952
20757,19841,20758,1,0,1
19818,20759,20760,0,1,1
19815,19819,20761,0,0,1
20756,19816,20762,0,0,1
20758,20762,20763,0,0,1
20760,20763,20761,0,0,0
20293,19830,20764,0,0,1,215
20765,20291,20766,1,0,1
3138,3135,20767,1,1,1
3141,3137,20768,1,1,1
19835,3143,20769,0,1,1
19832,20769,20770,0,0,1
19833,20770,20771,0,0,1
20764,20771,20772,0,0,1
20766,20772,20773,0,0,1
20768,20767,20774,0,0,1
3140,20774,20773,1,0,0
20541,6022,20775,1,0,1,8406
20544,20775,20776,1,0,1
20548,20546,20777,1,1,1
20305,20777,20778,0,0,1
20306,20778,20779,0,0,1
20303,20779,20780,0,0,1
6009,20780,20781,0,0,1
20782,20781,20783,1,0,1
20784,20783,20785,1,0,1
6021,20785,20776,0,0,0
20786,20554,20787,1,0,1,1750
20788,20787,20789,1,0,1
20790,20791,20792,1,1,1
20559,20792,20793,0,0,1
20556,20793,20794,0,0,1
20572,20557,20795,0,0,1
20789,20795,20794,0,0,0
20720,20458,20796,0,0,1,8406
20797,20718,20798,1,0,1
20799,20798,20800,1,0,1
20801,20802,20803,1,1,1
20804,20805,20806,1,1,1
20807,20808,20809,1,1,1
19937,20809,20810,0,0,1
20460,20810,20811,0,0,1
20466,20461,20812,0,0,1
20796,20812,20813,0,0,1
20800,20813,20814,0,0,1
20803,20814,20815,0,0,1
20806,20815,20811,0,0,0
20653,19358,20816,0,0,1,8404
20651,20816,20817,0,0,1
20649,20817,20818,0,0,1
20614,20819,20820,0,1,1
20612,20615,20821,0,0,1
20610,20821,20822,0,0,1
20818,20822,20820,0,0,0
20120,20122,20823,0,0,1,8646
20824,20823,20825,1,0,1
20826,20825,20827,1,0,1
20828,20827,20829,1,0,1
20830,20831,20832,1,1,1
20833,20832,20834,1,0,1
20753,20834,20835,0,0,1
20750,20835,20836,0,0,1
20748,20836,20837,0,0,1
20746,20837,20829,0,0,0
3022,20235,20838,1,0,1,2759
20500,20838,20839,0,0,1
20497,20839,20840,0,0,1
20510,20498,20841,0,0,1
20495,20841,20842,0,0,1
20491,20493,20843,0,0,1
20840,20843,20842,0,0,0
20569,19876,20844,0,0,1,14038
20567,20844,20845,0,0,1
20846,20845,20847,1,0,1
20848,20849,20850,1,1,1
19879,20851,20852,0,1,1
20847,20852,20850,0,0,0
19773,20181,20853,1,0,1,9942
20854,19775,20855,1,1,1
20856,20855,20857,1,0,1
20858,20859,20860,1,1,1
20861,20860,20862,1,0,1
20863,20862,20864,1,0,1
20865,20864,20866,1,0,1
20867,20866,20868,1,0,1
20869,20868,20870,1,0,1
20871,20870,20872,1,0,1
20791,20872,20873,0,0,1
20786,20788,20874,0,0,1
20853,20874,20875,0,0,1
20857,20875,20876,0,0,1
20877,20876,20873,1,0,0
2737,2734,20878,1,1,1,8406
20879,20878,20880,1,0,1
20881,20880,20882,1,0,1
20883,20882,20884,1,0,1
20885,20884,20886,1,0,1
20887,20886,20888,1,0,1
20889,20888,20890,1,0,1
20891,20892,20893,1,1,1
2730,20893,20894,1,0,1
2732,20894,20890,1,0,0
20506,20117,20895,0,0,1,8647
20896,20895,20897,1,0,1
20898,20899,20900,1,1,1
20901,20902,20903,1,1,1
3027,20903,20904,1,0,1
20905,20906,20907,1,1,1
20830,20908,20909,0,1,1
20828,20831,20910,0,0,1
20824,20826,20911,0,0,1
20897,20911,20912,0,0,1
20900,20912,20913,0,0,1
20907,20904,20914,0,0,1
20909,20914,20915,0,0,1
20910,20915,20913,0,0,0
20359,20363,20916,0,0,1,1749
20917,20916,20918,1,0,1
20919,20918,20920,1,0,1
20596,20607,20921,1,1,1,1748
20599,20595,20922,1,1,1
20923,20922,20924,1,0,1
20590,20588,20925,1,1,1
20593,20925,20926,1,0,1
20592,20926,20927,1,0,1
20921,20927,20924,0,0,0
20752,19671,20928,0,0,1,2758
20929,20928,20930,1,0,1
20698,20700,20931,0,0,1,10951
20160,20931,20932,0,0,1
3000,20933,20934,1,1,1
20710,20934,20935,0,0,1
20708,20935,20936,0,0,1
20704,20706,20937,0,0,1
20932,20702,20938,0,0,1
20939,20938,20940,1,0,1
20936,20940,20937,0,0,0
20941,20942,20943,1,1,1,2248
20944,20945,20946,1,1,1
20947,20946,20948,1,0,1
20949,20948,20950,1,0,1
20951,20950,20943,1,0,0
19821,2940,20952,0,1,1,10439
20759,20952,20953,0,0,1
20954,20953,20955,1,0,1
20956,20955,20957,1,0,1
20958,20957,20959,1,0,1
20851,19878,20960,0,0,1,9943
20848,20960,20961,0,0,1
20849,20961,20962,0,0,1
20963,20962,20964,1,0,1
20965,20966,20967,1,1,1
20968,20969,20970,1,1,1
20971,20970,20972,1,0,1
20973,20972,20974,1,0,1
20975,20974,20976,1,0,1
20977,20976,20978,1,0,1
20979,20978,20980,1,0,1
20981,20980,20982,1,0,1
20983,20982,20984,1,0,1
20985,20986,20987,1,1,1
20988,20987,20989,1,0,1
19881,20989,20990,0,0,1
20964,20990,20991,0,0,1
20967,20991,20984,0,0,0
20992,19777,20993,1,1,1,42704
20994,20995,20996,1,1,1
20997,20996,20998,1,0,1
20999,21000,21001,1,1,1
21002,21001,21003,1,0,1
21004,21003,21005,1,0,1
21006,21005,21007,1,0,1
21008,21007,21009,1,0,1
21010,21009,21011,1,0,1
21012,21011,21013,1,0,1
21014,21013,21015,1,0,1
20856,21015,21016,0,0,1
20854,21016,21017,0,0,1
20993,21017,20998,0,0,0
20445,20202,21018,0,0,1,10967
20442,21018,21019,0,0,1
21020,21019,21021,1,0,1
21022,21021,21023,1,0,1
21024,21023,20195,1,0,0
19320,1421,21025,1,1,1,1495
6357,19323,21026,1,1,1
21027,21026,21028,1,0,1
21029,21028,21030,1,0,1
21031,21030,21032,1,0,1
894,21033,21034,1,1,1
1511,21034,21035,1,0,1
21032,21025,21036,0,0,1
21037,21036,21035,1,0,0
21038,21039,21040,1,1,1,2262
898,21041,21042,1,1,1
1423,897,21043,1,1,1
901,21043,21044,1,0,1
21040,21045,21046,0,1,1
21042,21046,21044,0,0,0
19982,1126,21047,0,1,1,1751
19979,21047,21048,0,0,1
19976,19980,21049,0,0,1
19974,19977,21050,0,0,1
19972,21050,21051,0,0,1
19970,21051,21052,0,0,1
19968,21052,21053,0,0,1
21054,19966,21055,1,0,1
21056,21055,21057,1,0,1
21058,21057,21059,1,0,1
21060,21059,21061,1,0,1
21062,21063,21064,1,1,1
21065,21064,21066,1,0,1
21067,21068,21069,1,1,1
21070,21069,21071,1,0,1
21072,21073,21074,1,1,1
21075,21074,21076,1,0,1
21077,21076,21078,1,0,1
21079,21078,21080,1,0,1
21081,21082,21083,1,1,1
21084,21085,21086,1,1,1
21087,21088,21089,1,1,1
21090,21091,21092,1,1,1
21093,21094,21095,1,1,1
21096,21097,21098,1,1,1
21099,21098,21100,1,0,1
21101,21100,21102,1,0,1
21103,21104,21105,1,1,1
1099,1096,21106,1,1,1
21107,1098,21108,1,1,1
21109,21108,21110,1,0,1
1104,1101,21111,1,1,1
1107,21111,21112,1,0,1
21113,21114,21115,1,1,1
1109,21115,21116,1,0,1
1113,21116,21117,1,0,1
1459,1112,21118,1,1,1
1116,21118,21119,1,0,1
1118,1115,21120,1,1,1
1122,1120,21121,1,1,1
1127,1124,21122,1,1,1
21048,21122,21123,0,0,1
21049,21123,21124,0,0,1
21080,21125,21126,0,1,1
21083,21126,21127,0,0,1
21086,21127,21128,0,0,1
21129,21128,21130,1,0,1
21089,21130,21131,0,0,1
21095,21092,21132,0,0,1
21102,21133,21134,0,1,1
21105,21134,21135,0,0,1
21106,21135,21136,0,0,1
21124,21121,21137,0,0,1
21136,21132,21138,0,0,1
21110,21138,21139,0,0,1
21137,21120,21140,0,0,1
21053,21140,21141,0,0,1
21061,21141,21142,0,0,1
21139,21131,21143,0,0,1
21112,21143,21144,0,0,1
21117,21144,21145,0,0,1
21142,21119,21146,0,0,1
21066,21146,21147,0,0,1
21071,21147,21145,0,0,0
20807,19939,21148,0,0,1,1751
21149,21148,21150,1,0,1
21151,21150,21152,1,0,1
21153,21154,21155,1,1,1
19948,21155,21156,0,0,1
19944,21156,21157,0,0,1
19945,21157,21158,0,0,1
19941,21158,21159,0,0,1
21152,19942,21160,0,0,1
21161,21160,21159,1,0,0
21162,21163,21164,1,1,1,12500
21165,21166,21167,1,1,1
20603,21168,21169,0,1,1
20069,21169,21170,0,0,1
19187,21170,21171,1,0,1
19189,21171,21172,1,0,1
20352,19191,21173,1,1,1
21174,21175,21176,1,1,1
21172,21167,21177,0,0,1
19192,21177,21178,1,0,1
21176,21173,21179,0,0,1
21180,21179,21181,1,0,1
21164,21181,21178,0,0,0
21182,21183,21184,1,1,1,2245
21185,21186,21187,1,1,1
19785,21187,21188,1,0,1
21189,21188,21190,1,0,1
21191,21190,21192,1,0,1
21193,21192,21194,1,0,1
21195,21194,21196,1,0,1
21197,21196,21184,1,0,0
2978,2976,21198,1,1,1,2248
2982,2980,21199,1,1,1
2985,21199,21200,1,0,1
2987,2984,21201,1,1,1
3071,21201,21202,1,0,1
2990,21202,21203,1,0,1
2989,21203,21204,1,0,1
20158,21205,21206,0,1,1
20154,20156,21207,0,0,1
21198,20152,21208,0,0,1
21200,21208,21209,0,0,1
21206,21204,21210,0,0,1
21207,21210,21209,0,0,0
21211,21212,21213,1,1,1,2248
21214,21215,21216,1,1,1
21217,21216,21218,1,0,1
21219,21218,21220,1,0,1
21221,21220,21222,1,0,1
21223,21222,21224,1,0,1
21225,21224,21226,1,0,1
21227,21226,21213,1,0,0
19854,20032,21228,0,0,1,2774
19850,21228,21229,0,0,1
19851,21229,21230,0,0,1
19848,21230,21231,0,0,1
19846,21231,20527,0,0,0
19885,19887,21232,0,0,1,1750
19883,21232,21233,0,0,1
20988,21233,21234,0,0,1
21235,21236,21237,1,1,1
21238,21237,21239,1,0,1
19889,21239,21240,0,0,1
19890,21240,21234,0,0,0
19331,19345,21241,1,1,1,1495
19333,19330,21242,1,1,1
6355,21242,21243,1,0,1
19326,21243,21244,1,0,1
19328,21244,21245,1,0,1
19343,21245,21241,1,0,0
21246,21247,21248,1,1,1,16596
21249,21248,21250,1,0,1
20384,21250,21251,1,0,1
20679,2736,21252,0,1,1,1749
20677,20680,21253,0,0,1
21254,3392,21255,1,1,1
21256,21255,21257,1,0,1
21258,21257,21259,1,0,1
20879,21259,21260,0,0,1
21252,21260,21253,0,0,0
20426,3018,21261,0,1,1,1735
3009,21261,21262,1,0,1
3012,21262,21263,1,0,1
3011,21263,21264,1,0,1
3015,3093,21265,1,1,1
3014,21265,21264,1,0,0
19894,20327,21266,0,0,1,8406
21238,19892,21267,0,0,1
21268,21267,21269,1,0,1
20535,21269,21270,0,0,1
20532,21270,21266,0,0,0
20808,21149,21271,0,0,1,9943
20801,20805,21272,0,0,1
21273,21272,21274,1,0,1
21275,21276,21277,1,1,1
21278,21277,21279,1,0,1
19950,21279,21280,0,0,1
19947,21280,21281,0,0,1
21153,21281,21282,0,0,1
21161,21154,21283,0,0,1
21271,21151,21284,0,0,1
20804,21284,21285,0,0,1
21274,21285,21286,0,0,1
21282,21286,21283,0,0,0
20362,20716,21287,0,0,1,8405
20920,21287,21288,0,0,1
21289,20919,21290,1,0,1
21291,21290,21292,1,0,1
21293,21294,21295,1,1,1
21296,21295,21297,1,0,1
21298,21299,21300,1,1,1
20799,21301,21302,0,1,1
21288,20797,21303,0,0,1
21292,21303,21304,0,0,1
21300,21297,21305,0,0,1
21302,21305,21304,0,0,0
21306,21307,21308,1,1,1,8404
21309,21308,21310,1,0,1
20586,21311,21312,1,1,1
20923,21312,21313,0,0,1
21314,21313,21310,1,0,0
20646,20819,21315,0,0,1,9940
21316,21315,21317,1,0,1
20620,21317,21318,0,0,1
20640,21318,21319,0,0,1
20638,21319,20617,0,0,0
16949,19642,21320,0,0,1,2775
15783,21320,21321,0,0,1
15780,21321,21322,0,0,1
15777,21322,21323,0,0,1
15902,15778,21324,0,0,1
15864,21324,21325,0,0,1
15775,21325,21323,0,0,0
21326,21183,21327,1,0,1,2244
21328,21327,21329,1,0,1
21330,21329,21331,1,0,1
21332,21331,21333,1,0,1
21334,21333,21335,1,0,1
21186,21335,21182,0,0,0
20833,20929,21336,0,0,1,10950
20908,21336,21337,0,0,1
20905,21337,21338,0,0,1
2995,20939,21339,1,0,1,2759
2998,21339,21340,1,0,1
2997,21340,21341,1,0,1
3001,21341,20933,1,0,0
20959,2941,21342,0,1,1,10951
21343,20958,21344,1,0,1
21345,21344,21346,1,0,1
21347,21346,21348,1,0,1
21349,21348,21350,1,0,1
21351,21352,21353,1,1,1
21354,21355,21356,1,1,1
21357,21356,21358,1,0,1
21359,21358,21360,1,0,1
21361,21360,21362,1,0,1
2936,21362,21363,1,0,1
21342,2938,21364,0,1,1
21350,21364,21365,0,0,1
21353,21365,21363,0,0,0
19842,20757,21366,0,0,1,2774
19837,19839,21367,0,0,1
3147,21367,21368,1,0,1
3149,21368,21369,1,0,1
21370,21369,21371,1,0,1
21372,21345,21373,1,0,1
21374,21373,21375,1,0,1
21366,20954,21376,0,0,1
21375,21377,21378,0,1,1
21376,21379,21380,0,1,1
21371,21380,21378,0,0,0
20539,20542,21381,0,0,1,215
21268,20534,21382,0,0,1
21235,21382,21383,0,0,1
21384,21383,21385,1,0,1
21386,21385,21387,1,0,1
21388,21387,21389,1,0,1
21390,21389,21391,1,0,1
21392,21391,21393,1,0,1
21394,21393,21395,1,0,1
21396,21395,21397,1,0,1
21398,21399,21400,1,1,1
21401,21400,21402,1,0,1
21403,21402,21404,1,0,1
3417,21404,21405,1,0,1
6019,21405,21406,1,0,1
21381,21406,21407,0,0,1
20537,21407,21397,0,0,0
20565,20846,21408,0,0,1,14039
20563,21408,21409,0,0,1
21410,21409,21411,1,0,1
20965,20969,21412,0,0,1
20963,20966,21413,0,0,1
21411,21413,21412,0,0,0
20443,21020,21414,0,0,1,10966
6257,21414,21415,1,0,1
21416,21415,21417,1,0,1
21418,21419,21420,1,1,1
6265,21420,21421,1,0,1
6268,21421,21422,1,0,1
21423,21422,21424,1,0,1
21425,21424,21426,1,0,1
21417,21427,21428,0,1,1
21429,21428,21426,1,0,0
21430,21431,21432,1,1,1,8404
21433,21432,21434,1,0,1
21435,21434,21436,1,0,1
21437,21436,21438,1,0,1
21439,21438,21440,1,0,1
21441,21440,21442,1,0,1
21443,21442,21444,1,0,1
21445,21444,21446,1,0,1
21447,21446,21448,1,0,1
21449,2723,21450,1,1,1,213
2717,21450,21451,1,0,1
2719,21451,21452,1,0,1
2721,21452,2724,1,0,1
21379,20956,21453,0,0,1,2775
21374,21453,21454,0,0,1
21372,21454,21343,0,0,0
21455,21456,21457,1,1,1,2774
21458,21457,21459,1,0,1
21441,21460,21461,0,1,1,212
21462,21439,21463,1,0,1
21464,21463,21465,1,0,1
21466,21465,21461,1,0,0
21258,20881,21467,0,0,1,9941
3394,21254,21468,1,0,1
21469,21468,21470,1,0,1
21471,21470,21472,1,0,1
20892,21472,21473,0,0,1
20889,21473,21474,0,0,1
20887,21474,21475,0,0,1
20885,21475,21476,0,0,1
21467,20883,21477,0,0,1
21256,21477,21476,0,0,0
21478,13936,21479,1,1,1,1733
21480,21479,21481,1,0,1
21482,21481,21483,1,0,1
21484,21483,21485,1,0,1
21486,21485,13934,1,0,1
20502,20504,21487,0,0,1,10440
3024,21487,21488,1,0,1
21489,21488,21490,1,0,1
21491,21492,21493,1,1,1
20902,21494,21495,0,1,1
20898,21495,21496,0,0,1
20896,20899,21497,0,0,1
21490,21497,21498,0,0,1
21493,21498,21496,0,0,0
6263,6302,21499,1,1,1,2775
6262,21499,21500,1,0,1
21418,21500,21501,0,0,1
21419,21501,21502,0,0,1
21416,21429,21503,0,0,1
6260,21503,21504,1,0,1
6259,21504,21502,1,0,0
21505,20917,21506,1,0,1,9941
21507,21508,21509,1,1,1
21510,21509,21511,1,0,1
21512,21513,21514,1,1,1
21515,21516,21517,1,1,1
21518,21519,21520,1,1,1
21521,21520,21522,1,0,1
21523,21522,21524,1,0,1
21289,21524,21525,0,0,1
21506,21525,21526,0,0,1
21514,21511,21527,0,0,1
21528,21527,21529,1,0,1
21517,21529,21526,0,0,0
20356,20360,21530,0,0,1,18133
21531,20357,21532,1,0,1
21507,21532,21533,0,0,1
21508,21533,21534,0,0,1
21505,21534,21530,0,0,0
20354,21175,21535,1,0,1,9940
21531,21535,21536,1,0,1
21537,21513,21538,1,1,1
21539,21538,21540,1,0,1
21541,21540,21542,1,0,1
21543,21544,21545,1,1,1
21546,21547,21548,1,1,1
21536,21548,21549,0,0,1
21510,21549,21550,1,0,1
21542,21550,21545,0,0,0
21551,21552,21553,1,1,1,12500
21309,21554,21555,1,1,1
21556,21557,21558,1,1,1
21559,21560,21561,1,1,1
21553,21561,21562,0,0,1
21555,21562,21558,0,0,0
21563,21564,21565,1,1,1,212
21566,21565,21567,1,0,1
21568,21567,21569,1,0,1
21570,21569,21571,1,0,1
21572,21573,21574,1,1,1
21575,21576,21577,1,1,1
21578,21579,21580,1,1,1
21581,21580,21582,1,0,1
21583,21582,21584,1,0,1
21585,21586,21587,1,1,1
21588,21589,21590,1,1,1
21591,21592,21593,1,1,1
21594,21593,21595,1,0,1
21596,21595,21597,1,0,1
21598,21597,21599,1,0,1
21600,21599,21601,1,0,1
20625,21601,21602,1,0,1
20627,21602,21603,1,0,1
20631,20629,21604,1,1,1
20633,21604,21605,1,0,1
20385,21605,21606,1,0,1
21249,21606,21607,0,0,1
21608,21607,21609,1,0,1
21571,21609,21610,0,0,1
21574,21610,21611,0,0,1
21577,21611,21612,0,0,1
21587,21584,21613,0,0,1
21614,21613,21615,1,0,1
21590,21615,21616,0,0,1
21603,21616,21612,0,0,0
16989,20724,21617,0,0,1,12502
20726,21617,21618,0,0,1
20727,21618,21619,0,0,1
20744,21619,20742,0,0,0
20891,2728,21620,0,1,1,8405
21471,21620,21621,0,0,1
3396,21469,21622,1,0,1
2715,21622,21623,1,0,1
21449,21623,21624,0,0,1
2726,21624,21621,1,0,0
21482,21625,21626,1,1,1,964
21484,21626,21627,1,0,1
13932,21486,21628,0,1,1
21629,21628,21630,1,0,1
21631,21630,21632,1,0,1
21633,21632,21634,1,0,1
21635,21634,21627,1,0,0
21636,21637,21638,1,1,1,10454
21639,21638,21640,1,0,1
21641,21642,21643,1,1,1
21644,21645,21646,1,1,1
6270,21646,21647,1,0,1
21640,21647,21643,0,0,0
21648,21649,21650,1,1,1,14550
21651,21650,21652,1,0,1
21653,21652,21654,1,0,1
21655,21654,21656,1,0,1
6145,21656,21657,0,0,1
6279,21657,21658,0,0,1
21659,21660,21661,1,1,1,8405
21662,21661,21663,1,0,1
21664,21663,21665,1,0,1
21666,21665,21667,1,0,1
21668,21667,21669,1,0,1
21670,21669,21671,1,0,1
21672,21671,21673,1,0,1
21674,21673,21675,1,0,1
21676,21675,21677,1,0,1
21678,21677,21679,1,0,1
21680,21681,21682,1,1,1
21683,21682,21684,1,0,1
21685,21684,21686,1,0,1
21687,21686,21688,1,0,1
21689,21688,21690,1,0,1
21691,21690,21692,1,0,1
21693,21692,21694,1,0,1
21695,21694,21679,1,0,0
20739,20647,21696,0,0,1,8404
20737,21696,21697,0,0,1
21698,21697,21699,1,0,1
21700,21699,21701,1,0,1
21702,21703,21704,1,1,1
21705,21704,21706,1,0,1
21598,21596,21707,1,1,1
20622,21600,21708,0,1,1
20619,20623,21709,0,0,1
21316,21709,21710,0,0,1
21706,21711,21712,0,1,1
21707,21712,21713,0,0,1
21710,21708,21714,0,0,1
21701,21714,21713,0,0,0
20985,21236,21715,0,0,1,1751
21716,21715,21717,1,0,1
21718,21719,21720,1,1,1
21721,21720,21722,1,0,1
21384,21722,21717,0,0,0
21723,21724,21725,1,1,1,10455
21726,21727,21728,1,1,1
21729,21730,21731,1,1,1
21732,21731,21733,1,0,1
21734,21733,21735,1,0,1
21736,21737,21738,1,1,1
21739,21738,21740,1,0,1
21741,21740,21742,1,0,1
21743,21744,21745,1,1,1
21746,21747,21748,1,1,1
21749,21748,21750,1,0,1
21751,21750,21752,1,0,1
21753,21754,21755,1,1,1
1017,1020,21756,0,0,1
6144,1018,21757,0,0,1
21655,21757,21758,0,0,1
21653,21758,21759,0,0,1
21725,21648,21760,0,0,1
21728,21760,21761,0,0,1
21742,21762,21763,0,1,1
21752,21745,21764,0,0,1
21755,21764,21765,0,0,1
21759,21756,21766,0,0,1
21651,21766,21767,0,0,1
21761,21767,21768,0,0,1
21735,21768,21769,0,0,1
21765,21763,21770,0,0,1
1022,21770,21769,0,0,0
21278,19953,21771,0,0,1,9942
21275,21771,21772,0,0,1
21273,21276,21773,0,0,1
20802,21773,21774,0,0,1
21301,21774,21775,0,0,1
21298,21775,21776,0,0,1
21777,21776,21778,1,0,1
21779,21778,21772,1,0,0
21560,21780,21781,0,1,1,8404
21556,21781,21782,0,0,1
21783,21784,21785,1,1,1,196
21786,21785,21787,1,0,1
21788,21787,21332,1,0,0
21491,21494,21789,0,0,1,10439
21489,21492,21790,0,0,1
3078,21790,21791,1,0,1
3080,21791,21792,1,0,1
3028,21792,21793,1,0,1
20901,21793,21789,0,0,0
20871,20790,21794,0,0,1,1751
21795,21794,21796,1,0,1
21797,21798,21799,1,1,1
21800,21799,21801,1,0,1
20968,21801,21802,0,0,1
21410,21802,21803,0,0,1
20561,21803,21796,0,0,0
21014,20877,21804,0,0,1,1750
21805,21804,21806,1,0,1
21807,21808,21809,1,1,1
21810,21809,21811,1,0,1
21812,21813,21814,1,1,1
21815,21816,21817,1,1,1
21818,21817,21819,1,0,1
21820,21819,21821,1,0,1
20859,21822,21823,0,1,1
21806,21823,21824,0,0,1
21814,21811,21825,0,0,1
21821,21825,21824,0,0,0
21031,21037,21826,0,0,1,1494
21027,21029,21827,0,0,1
892,21827,21828,1,0,1
895,21828,21829,1,0,1
21033,21829,21826,0,0,0
21523,21291,21830,0,0,1,213
21831,21830,21832,1,0,1
21833,21832,21834,1,0,1
21835,21834,21836,1,0,1
21837,21836,21838,1,0,1
21839,21840,21841,1,1,1
21842,21841,21843,1,0,1
21293,21843,21844,0,0,1
21838,21294,21845,0,0,1
21846,21845,21844,1,0,0
21847,21848,21849,1,1,1,8405
21850,21851,21852,1,1,1
21853,21852,21854,1,0,1
21855,21856,21857,1,1,1
21858,21857,21859,1,0,1
21860,21859,21861,1,0,1
21862,21861,21863,1,0,1
21864,21865,21866,1,1,1
21867,21866,21868,1,0,1
21849,21869,21870,0,1,1
21854,21870,21871,0,0,1
21863,21871,21868,0,0,0
21872,21873,21874,1,1,1,16597
21691,21875,21876,0,1,1
21877,21876,21878,1,0,1
21879,21878,21880,1,0,1
21881,21880,21882,1,0,1
21851,21883,21884,0,1,1
21847,21884,21885,0,0,1
21886,21885,21887,1,0,1
21888,21887,21889,1,0,1
21874,21889,21882,0,0,0
16975,17036,21890,0,0,1,215
16972,16976,21891,0,0,1
21892,21891,21893,1,0,1
17026,21893,21894,0,0,1
16978,21894,21895,0,0,1
16979,21895,21890,0,0,0
21896,21897,21898,1,1,1,1735
2909,21898,21899,0,0,1
2910,21899,21900,0,0,1
3086,21900,2907,0,0,0
21377,21347,21901,0,0,1,2775
21902,21903,21904,1,1,1
21905,21904,21906,1,0,1
21907,21906,21908,1,0,1
21909,21908,21910,1,0,1
21911,21912,21913,1,1,1
21914,21913,21915,1,0,1
21916,21915,21917,1,0,1
21918,21917,21919,1,0,1
21920,21919,21921,1,0,1
21354,21921,21922,0,0,1
21923,21924,21925,1,1,1
21926,21927,21928,1,1,1
21929,21930,21931,1,1,1
21901,21932,21933,0,1,1
21934,21933,21935,1,0,1
21910,21936,21937,0,1,1
21922,21937,21938,0,0,1
21939,21938,21940,1,0,1
21925,21940,21941,0,0,1
21928,21941,21942,0,0,1
21931,21942,21935,0,0,0
21521,21831,21943,0,0,1,8405
21944,21518,21945,1,0,1
21946,21945,21947,1,0,1
21948,21949,21950,1,1,1
21951,21952,21953,1,1,1
21954,21955,21956,1,1,1
21957,21958,21959,1,1,1
21960,21961,21962,1,1,1
21963,21962,21964,1,0,1
21965,21964,21966,1,0,1
21967,21966,21968,1,0,1
21833,21969,21970,0,1,1
21947,21943,21971,0,0,1
21972,21971,21973,1,0,1
21950,21973,21974,0,0,1
21953,21974,21975,0,0,1
21956,21975,21976,0,0,1
21968,21959,21977,0,0,1
21978,21977,21979,1,0,1
21970,21979,21976,0,0,0
21537,21980,21981,0,1,1,18134
21528,21512,21982,1,1,1
21516,21982,21983,1,0,1
21519,21515,21984,1,1,1
21944,21984,21985,1,0,1
21986,21985,21987,1,0,1
21988,21987,21989,1,0,1
21990,21989,21991,1,0,1
21992,21991,21993,1,0,1
21994,21993,21995,1,0,1
21996,21995,21997,1,0,1
21981,21997,21983,0,0,0
21998,21999,22000,1,1,1,212
22001,22000,22002,1,0,1
22003,22002,22004,1,0,1
21864,22004,22005,1,0,1
21869,21867,22006,1,1,1
22007,22006,22008,1,0,1
22009,22008,22010,1,0,1
22011,22010,22005,1,0,0
21462,21437,22012,1,1,1,9940
22013,22012,22014,1,0,1
22015,22014,22016,1,0,1
22017,22016,22018,1,0,1
22019,22020,22021,1,1,1
22022,22021,22018,1,0,0
15898,15893,22023,0,0,1,2775
15740,22023,22024,0,0,1
15741,22024,22025,0,0,1
15750,15737,22026,0,0,1
15746,22026,22027,0,0,1
15747,22027,22028,0,0,1
15743,22028,22029,0,0,1
15744,22029,22025,0,0,0
13928,20656,22030,1,0,1,724
22031,22030,22032,1,0,1
22033,22032,22034,1,0,1
22035,22034,22036,1,0,1
22037,22038,22039,1,1,1
20660,22039,22040,0,0,1
20658,22040,22036,0,0,0
21932,21349,22041,0,0,1,2759
21929,22041,22042,0,0,1
21930,22042,22043,0,0,1
21926,22043,22044,0,0,1
21927,22044,22045,0,0,1
21939,21924,22046,0,0,1
21355,22046,22047,0,0,1
21351,22047,22048,0,0,1
22045,21352,22049,0,0,1
21923,22049,22048,0,0,0
3151,21370,22050,1,0,1,215
3153,22050,22051,1,0,1
22052,22053,22054,1,1,1
3166,3163,22055,1,1,1
3165,22055,22056,1,0,1
3284,22056,22057,1,0,1
3169,22057,22058,1,0,1
22059,3171,22060,1,1,1
22061,22060,22062,1,0,1
22063,22062,22064,1,0,1
22065,22064,22066,1,0,1
21902,21905,22067,0,0,1
21936,21903,22068,0,0,1
21934,22068,22069,0,0,1
22058,22054,22070,0,0,1
22067,22066,22071,0,0,1
22069,22071,22072,0,0,1
22051,22072,22073,0,0,1
3155,22073,22074,1,0,1
22070,3157,22075,0,1,1
3168,22075,22074,1,0,0
21394,21396,22076,0,0,1,8407
21392,22076,22077,0,0,1
21398,22078,22079,0,1,1
21399,22079,22077,0,0,0
20981,20983,22080,0,0,1,1752
20977,20979,22081,0,0,1
22082,22081,22083,1,0,1
22084,22083,22085,1,0,1
22086,22085,22087,1,0,1
21718,22087,22088,0,0,1
21719,22088,22089,0,0,1
21716,22089,22090,0,0,1
20986,22090,22080,0,0,0
21779,19952,22091,0,0,1,8407
22092,22091,22093,1,0,1
22094,22093,22095,1,0,1
22096,22095,22097,1,0,1
19955,19990,22098,0,0,1
19956,22098,22097,0,0,0
22099,22100,22101,1,1,1,1748
21541,22101,22102,0,0,1
21539,22102,21980,0,0,0
21879,21881,22103,0,0,1,8406
21689,21877,22104,0,0,1
21687,22104,22105,0,0,1
22106,21685,22107,1,0,1
22108,22109,22110,1,1,1
21856,22110,22111,0,0,1
21853,22111,22112,0,0,1
21850,22112,22113,0,0,1
21883,22113,22114,0,0,1
22103,22114,22115,0,0,1
22105,22115,22107,0,0,0
22116,22117,22118,1,1,1,199
22119,22118,22120,1,0,1
22121,22122,22123,1,1,1
22124,22123,22125,1,0,1
22126,22127,22128,1,1,1
22129,22128,22130,1,0,1
3060,22131,22132,0,1,1
3056,22132,22133,0,0,1
22120,22133,22134,0,0,1
22130,22125,22135,0,0,1
22136,22135,22134,1,0,0
20867,20869,22137,0,0,1,9943
20865,22137,22138,0,0,1
20863,22138,22139,0,0,1
21797,22140,22141,0,1,1
21795,21798,22142,0,0,1
22139,22142,22141,0,0,0
21865,22003,22143,0,1,1,213
21862,22143,22144,0,0,1
21860,22144,22145,0,0,1
22146,22147,22148,1,1,1
22149,22148,22150,1,0,1
22151,22150,22152,1,0,1
22153,22152,22154,1,0,1
22155,22154,22156,1,0,1
22157,22156,22158,1,0,1
22159,22158,22160,1,0,1
22161,22160,22162,1,0,1
22163,22162,22164,1,0,1
22165,22164,22166,1,0,1
21998,22166,22167,1,0,1
22001,22167,22145,1,0,0
15749,16968,22168,0,0,1,2775
15738,22168,22169,0,0,1
15734,22169,22170,0,0,1
22171,22170,16970,1,0,0
22172,22173,22174,1,1,1,215
22175,22176,22177,1,1,1
22178,22179,22180,1,1,1
22181,22180,22182,1,0,1
22183,22182,22184,1,0,1
22185,22184,22186,1,0,1
22187,22186,22188,1,0,1
22189,22188,22190,1,0,1
22174,22190,22177,0,0,0
22191,20861,22192,1,0,1,10967
22193,22194,22195,1,1,1
22196,22195,22197,1,0,1
22198,22197,22199,1,0,1
22200,22199,22201,1,0,1
20973,22201,22202,0,0,1
20971,22202,22203,0,0,1
21800,22203,22204,0,0,1
22140,22204,22192,0,0,0
21010,21012,22205,0,0,1,9942
21008,22205,22206,0,0,1
22207,22208,22209,1,1,1
21810,22210,22211,0,1,1
21805,21808,22212,0,0,1
22211,22209,22213,0,0,1
22212,21807,22214,0,0,1
22206,22214,22213,0,0,0
21299,21777,22215,0,0,1,8406
21842,21296,22216,0,0,1
22217,22216,22218,1,0,1
22219,22218,22220,1,0,1
22221,22222,22223,1,1,1
22224,22223,22225,1,0,1
22226,22225,22227,1,0,1
22228,22227,22229,1,0,1
22230,22231,22232,1,1,1
21978,22232,22233,0,0,1
21967,22233,22234,0,0,1
21965,22234,22235,0,0,1
19959,22236,22237,0,1,1
22096,22237,22238,0,0,1
22094,22238,22239,0,0,1
22092,22239,22240,0,0,1
22215,22240,22241,0,0,1
22220,22241,22242,0,0,1
22229,22242,22243,0,0,1
22244,22243,22235,1,0,0
22245,21433,22246,1,1,1,9942
22247,22246,22248,1,0,1
22249,22250,22251,1,1,1
22252,22251,22253,1,0,1
22254,22253,22255,1,0,1
21662,22255,22256,0,0,1
21659,22256,22248,0,0,0
22022,21435,22257,0,1,1,9941
22019,22257,22258,0,0,1
22259,22258,22260,1,0,1
22261,22262,22263,1,1,1
22264,22263,22265,1,0,1
22266,22265,22267,1,0,1
22268,22267,22269,1,0,1
22270,22269,22271,1,0,1
22272,22273,22274,1,1,1
22275,22274,22276,1,0,1
22277,22276,22278,1,0,1
22279,22278,22280,1,0,1
22281,22282,22283,1,1,1
22284,22283,22285,1,0,1
22286,22285,22287,1,0,1
22288,22287,22289,1,0,1
22290,22289,22291,1,0,1
22292,22293,22294,1,1,1
22295,22294,22296,1,0,1
22297,22298,22299,1,1,1
22300,22301,22302,1,1,1
22303,22302,22304,1,0,1
22305,22304,22306,1,0,1
22307,22308,22309,1,1,1
22310,22311,22312,1,1,1
22313,22312,22314,1,0,1
22250,22315,22316,0,1,1
22260,22245,22317,0,0,1
22280,22271,22318,0,0,1
22296,22291,22319,0,0,1
22299,22319,22320,0,0,1
22321,22320,22322,1,0,1
22306,22322,22323,0,0,1
22316,22314,22324,0,0,1
22247,22324,22325,0,0,1
22317,22325,22326,0,0,1
22323,22318,22327,0,0,1
22309,22327,22326,0,0,0
16973,21892,22328,0,0,1,1751
22171,22328,22329,0,0,1
15735,22329,22330,0,0,1
15732,22330,22331,0,0,1
15729,22331,16981,0,0,0
22117,3057,22332,1,1,1,1735
3050,22332,22333,1,0,1
3054,3104,22334,1,1,1
3053,22334,22333,1,0,0
21359,21361,22335,0,0,1,10952
21920,21357,22336,0,0,1
21918,22336,22337,0,0,1
22338,22337,22339,1,0,1
2934,22339,22335,1,0,0
22200,20975,22340,0,0,1,10968
22341,22340,22342,1,0,1
22343,22342,22344,1,0,1
22345,22346,22347,1,1,1
22348,22349,22350,1,1,1
22084,22350,22351,0,0,1
22344,22082,22352,0,0,1
22347,22352,22351,0,0,0
21820,21822,22353,0,0,1,2774
22354,21818,22355,1,0,1
22356,22355,22357,1,0,1
22358,22357,22359,1,0,1
22360,22359,22361,1,0,1
22362,22361,22363,1,0,1
22364,22363,22365,1,0,1
22193,22365,22366,0,0,1
22194,22366,22367,0,0,1
22191,22367,22368,0,0,1
20858,22368,22353,0,0,0
22369,22370,22371,1,1,1,2262
22372,22373,22374,1,1,1
22375,22374,22376,1,0,1
22377,22376,22378,1,0,1
22371,22379,22380,0,1,1
22381,22380,22378,1,0,0
21988,21986,22382,1,1,1,16598
21992,21990,22383,1,1,1
22384,22383,22385,1,0,1
22386,22385,22387,1,0,1
22388,22387,22389,1,0,1
22390,22389,22391,1,0,1
22392,22393,22394,1,1,1
21972,22394,22395,0,0,1
21946,22395,22396,0,0,1
22382,22396,22391,0,0,0
22163,22397,22398,0,1,1,8405
22399,22161,22400,1,0,1
22401,22400,22402,1,0,1
22403,22402,22404,1,0,1
22405,22404,22406,1,0,1
22407,22406,22408,1,0,1
22409,22408,22410,1,0,1
22411,22410,22398,1,0,0
22412,22413,22414,1,1,1,708
21631,22414,22415,0,0,1
21629,22415,22416,0,0,1
13930,22416,22417,0,0,1
13927,22417,22418,0,0,1
22419,22033,22420,1,1,1
22421,22420,22422,1,0,1
22423,22422,22424,1,0,1
22425,22426,22427,1,1,1
22428,22429,22430,1,1,1
22431,22432,22433,1,1,1
22434,22435,22436,1,1,1
22437,22436,22438,1,0,1
22439,22438,22440,1,0,1
22418,22440,22441,0,0,1
22427,22424,22442,0,0,1
22430,22442,22443,0,0,1
22444,22443,22445,1,0,1
22441,22433,22446,0,0,1
22445,22031,22447,0,1,1
22448,22447,22446,1,0,0
22338,2932,22449,0,1,1,2759
21916,22449,22450,0,0,1
22451,21914,22452,1,0,1
22453,22452,22454,1,0,1
2928,22454,22455,1,0,1
2930,22455,22450,1,0,0
5919,22456,22457,0,1,1,2775
22458,5917,22459,1,0,1
22460,22461,22462,1,1,1
5912,22463,22464,0,1,1
5967,22464,22465,0,0,1
5981,22465,22466,0,0,1
5909,22466,22467,0,0,1
5907,22467,22468,0,0,1
22469,22468,22470,1,0,1
22471,22470,22472,1,0,1
22473,22472,22474,1,0,1
22475,22474,22476,1,0,1
22477,22476,22478,1,0,1
22346,22478,22479,1,0,1
22345,22479,22480,1,0,1
22349,22480,22481,1,0,1
22482,22483,22484,1,1,1
21721,22484,22485,1,0,1
21386,22485,22486,1,0,1
21388,22486,22487,1,0,1
22078,21390,22488,1,1,1
21401,22488,22489,1,0,1
3416,21403,22490,0,1,1
22457,22490,22491,0,0,1
22459,22491,22492,0,0,1
22493,22492,22494,1,0,1
22481,22462,22495,0,0,1
22487,22495,22496,0,0,1
22489,22496,22494,0,0,0
21683,22106,22497,0,0,1,214
22498,22497,22499,1,0,1
22252,22500,22501,0,1,1
22315,22249,22502,0,0,1
22503,22502,22504,1,0,1
22505,22506,22507,1,1,1
22508,22507,22509,1,0,1
22510,22509,22511,1,0,1
22512,22511,22513,1,0,1
22514,22513,22515,1,0,1
22516,22517,22518,1,1,1
22519,22520,22521,1,1,1
22522,22523,22524,1,1,1
22300,22524,22525,0,0,1
22526,22525,22527,1,0,1
22528,22527,22529,1,0,1
22530,22529,22531,1,0,1
22532,22533,22534,1,1,1
22535,22534,22536,1,0,1
22537,22536,22538,1,0,1
22539,22540,22541,1,1,1
22542,22541,22543,1,0,1
22544,22545,22546,1,1,1
3533,22546,22547,0,0,1
3528,3531,22548,0,0,1
22549,3525,22550,1,0,1
22551,22550,22552,1,0,1
22153,22552,22553,0,0,1
22151,22553,22554,0,0,1
22149,22554,22555,0,0,1
22146,22555,22556,0,0,1
21858,22147,22557,0,0,1
22108,21855,22558,0,0,1
22499,22109,22559,0,0,1
22501,22560,22561,0,1,1
22504,22561,22562,0,0,1
22563,22562,22564,1,0,1
22515,22564,22565,0,0,1
22566,22565,22567,1,0,1
22521,22518,22568,0,0,1
22531,22569,22570,0,1,1
22538,22570,22571,0,0,1
22543,22571,22572,0,0,1
22547,22572,22573,0,0,1
3530,22573,22574,0,0,1
22548,22574,22575,0,0,1
22558,22557,22576,0,0,1
22559,22576,22577,0,0,1
22567,22577,22578,0,0,1
22575,22568,22579,0,0,1
22556,22579,22578,0,0,0
22254,21664,22580,0,0,1,8406
22581,22500,22582,1,0,1
21672,22582,22583,0,0,1
21670,22583,22584,0,0,1
21668,22584,22585,0,0,1
21666,22585,22580,0,0,0
20665,20688,22586,0,0,1,724
22587,20666,22588,1,0,1
22589,22590,22591,1,1,1
22592,22593,22594,1,1,1
3381,22594,22595,1,0,1
22596,22595,22597,1,0,1
22598,22599,22600,1,1,1
22601,22602,22603,1,1,1
20673,22603,22604,0,0,1
20671,22604,22605,0,0,1
20690,20669,22606,0,0,1
22586,22606,22607,0,0,1
22588,22607,22608,0,0,1
22591,22608,22609,0,0,1
22597,22610,22611,0,1,1
22600,22611,22612,0,0,1
22605,22612,22613,0,0,1
20668,22613,22609,0,0,0
22614,22615,22616,1,1,1,3028
22617,22616,22618,1,0,1
22619,22620,22621,1,1,1
22622,22621,22623,1,0,1
22624,22623,22625,1,0,1
22626,22627,22628,1,1,1
20662,22629,22630,1,1,1
22587,22630,22631,1,0,1
22590,22631,22632,1,0,1
22589,22632,22633,1,0,1
22634,22633,22635,1,0,1
22636,22635,22637,1,0,1
22638,22637,22639,1,0,1
22640,22639,22641,1,0,1
22642,22641,22643,1,0,1
22644,22643,22645,1,0,1
22618,22645,22646,0,0,1
22625,22647,22648,0,1,1
22628,22648,22646,0,0,0
22649,22650,22651,1,1,1,2248
22652,22653,22654,1,1,1
22655,22654,22656,1,0,1
22657,22658,22659,1,1,1
22651,22660,22661,0,1,1
22656,22661,22659,0,0,0
22662,22663,22664,1,1,1,8404
22384,22664,22665,1,0,1
22386,22665,22666,1,0,1
22388,22666,22667,1,0,1
22668,22667,22669,1,0,1
21676,21678,22670,0,0,1,213
21674,22670,22671,0,0,1
22581,22671,22672,0,0,1
22498,22560,22673,0,0,1
21680,22673,22674,0,0,1
21681,22674,22672,0,0,0
22198,22341,22675,0,0,1,9943
22364,22196,22676,0,0,1
22677,22676,22678,1,0,1
22679,22678,22680,1,0,1
22681,22682,22683,1,1,1
22477,22683,22684,1,0,1
22343,22684,22685,0,0,1
22675,22685,22680,0,0,0
2885,2779,22686,1,1,1,2774
2782,22686,22687,1,0,1
2781,22687,22688,1,0,1
22689,22688,22690,1,0,1
15629,22690,2777,0,0,1
3318,2713,22691,1,1,1,8406
22692,22691,22693,1,0,1
22694,22693,22695,1,0,1
22696,22695,22697,1,0,1
2709,22697,2863,1,0,1
21837,21846,22698,0,0,1,8405
22222,22699,22700,0,1,1
22219,22700,22701,0,0,1
22217,22701,22702,0,0,1
21839,22702,22703,0,0,1
21840,22703,22698,0,0,0
22704,22679,22705,1,0,1,1751
22706,22705,22707,1,0,1
22475,22473,22708,1,1,1
22681,22708,22709,0,0,1
22707,22682,22710,0,0,1
22711,22710,22709,1,0,0
22362,22677,22712,0,0,1,1750
22713,22360,22714,1,0,1
22715,22716,22717,1,1,1
22718,22717,22719,1,0,1
22720,22719,22721,1,0,1
22722,22721,22723,1,0,1
22724,22723,22725,1,0,1
22726,22727,22728,1,1,1
5900,22728,22729,1,0,1
5905,5965,22730,1,1,1
22731,5904,22732,1,1,1
22706,22732,22733,0,0,1
22704,22733,22734,0,0,1
22712,22734,22735,0,0,1
22714,22735,22736,0,0,1
22725,22736,22737,0,0,1
22729,22737,22738,0,0,1
5902,22738,22730,1,0,0
21006,22208,22739,0,0,1,9943
22740,22739,22741,1,0,1
22742,22741,22743,1,0,1
22744,22745,22746,1,1,1
22747,22746,22748,1,0,1
22749,22750,22751,1,1,1
22752,22751,22753,1,0,1
22743,22753,22748,0,0,0
22668,22754,22755,0,1,1,16597
22393,22390,22756,1,1,1
22757,22756,22758,1,0,1
22759,22758,22755,1,0,0
22689,15631,22760,0,0,1,2775
2784,22760,22761,1,0,1
22762,22761,22763,1,0,1
22764,22763,22765,1,0,1
22766,22765,22767,1,0,1
15638,22768,22769,0,1,1
15829,22769,22770,0,0,1
15635,22770,22771,0,0,1
15633,22771,22767,0,0,0
22772,22773,22774,1,1,1,2774
22775,22776,22777,1,1,1
22778,22777,22774,1,0,0
22461,22493,22779,1,1,1,10967
22463,22460,22780,1,1,1
5915,5911,22781,1,1,1
5914,22781,22782,1,0,1
22458,22782,22783,1,0,1
22779,22783,22780,0,0,0
21812,21816,22784,0,0,1,1751
22210,21813,22785,0,0,1
22207,22785,22786,0,0,1
22787,22752,22788,1,0,1
22789,22788,22790,1,0,1
22791,22790,22792,1,0,1
22793,22792,22794,1,0,1
22795,22794,22796,1,0,1
22784,22796,22786,0,0,0
22797,21727,22798,1,1,1,43216
22799,22798,22800,1,0,1
22801,22800,22802,1,0,1
22803,21736,22804,1,1,1
21746,22805,22806,1,1,1
22807,22806,22808,1,0,1
22809,22808,22810,1,0,1
22811,22810,22812,1,0,1
22802,22812,22804,0,0,0
22813,22236,22814,1,0,1,8407
22815,22816,22817,1,1,1
22818,22819,22820,1,1,1
22821,22822,22823,1,1,1
22824,22823,22825,1,0,1
22826,22827,22828,1,1,1
22829,22830,22831,1,1,1
22832,22833,22834,1,1,1
22835,22836,22837,1,1,1
22838,22839,22840,1,1,1
22841,22840,22842,1,0,1
22843,22842,22844,1,0,1
22845,22844,22846,1,0,1
22847,22846,22848,1,0,1
21054,22848,22849,0,0,1
19964,22849,22850,0,0,1
19992,19962,22851,0,0,1
22814,19958,22852,0,0,1
22817,22852,22853,0,0,1
22820,22853,22854,0,0,1
22825,22854,22855,0,0,1
22828,22855,22856,0,0,1
22831,22856,22857,0,0,1
22850,22837,22858,0,0,1
19961,22858,22859,0,0,1
22857,22851,22860,0,0,1
22834,22860,22859,0,0,0
21835,22699,22861,0,0,1,214
21969,22861,22862,0,0,1
22230,22862,22863,0,0,1
22244,22231,22864,0,0,1
22224,22226,22865,0,0,1
22863,22221,22866,0,0,1
22864,22866,22867,0,0,1
22228,22867,22865,0,0,0
22307,22311,22868,0,0,1,1749
22308,22868,22869,0,0,1
22522,22303,22870,0,0,1
22871,22870,22872,1,0,1
22873,22872,22874,1,0,1
22508,22874,22875,0,0,1
22876,22875,22877,1,0,1
22878,22877,22879,1,0,1
22880,22881,22882,1,1,1
22869,22882,22883,0,0,1
22305,22883,22879,0,0,0
22884,22885,22886,1,1,1,42704
22887,22886,22888,1,0,1
22889,22888,22890,1,0,1
22891,22890,22892,1,0,1
22893,22892,22894,1,0,1
22895,22894,22896,1,0,1
22897,22896,22898,1,0,1
22899,22898,22900,1,0,1
21573,22901,22902,0,1,1
21568,21570,22903,0,0,1
22904,22903,22905,1,0,1
22900,22906,22907,0,1,1
22902,22907,22905,0,0,0
3320,22692,22908,1,0,1,214
3324,3322,22909,1,1,1
3399,22909,22910,1,0,1
3327,22910,22911,1,0,1
3330,3326,22912,1,1,1
22913,22912,22914,1,0,1
22915,22914,22916,1,0,1
22696,22917,22918,0,1,1
22908,22694,22919,0,0,1
22916,22911,22920,0,0,1
22918,22920,22919,0,0,0
22795,21815,22921,0,0,1,2775
22922,22923,22924,1,1,1
22925,22924,22926,1,0,1
22927,22926,22928,1,0,1
22929,22928,22930,1,0,1
22931,22930,22932,1,0,1
22933,22934,22935,1,1,1
22936,22937,22938,1,1,1
22354,22938,22939,0,0,1
22921,22939,22940,0,0,1
22932,22793,22941,0,0,1
22942,22941,22943,1,0,1
22944,22943,22945,1,0,1
22935,22945,22940,0,0,0
22392,22757,22946,1,0,1,12500
21949,22946,22947,1,0,1
21952,21948,22948,1,1,1
21955,21951,22949,1,1,1
22950,22949,22951,1,0,1
22952,22951,22953,1,0,1
22759,22953,22954,0,0,1
22947,22954,22948,0,0,0
22122,22119,22955,1,1,1,1735
22956,22955,22957,1,0,1
22958,22957,22959,1,0,1
22960,22959,22961,1,0,1
22962,22963,22964,1,1,1
22965,22966,22967,1,1,1
22968,22969,22970,1,1,1
3046,22970,22971,1,0,1
22116,3051,22972,1,1,1
22961,22972,22973,0,0,1
22964,22973,22974,0,0,1
22971,22967,22975,0,0,1
3048,22975,22974,1,0,0
22061,22063,22976,0,0,1,1751
22977,22976,22978,1,0,1
22979,22978,22980,1,0,1
22981,22980,22982,1,0,1
21907,22982,22065,0,0,0
3190,22983,22984,1,1,1,1750
22985,22984,22986,1,0,1
22987,22986,22988,1,0,1
22989,22988,22990,1,0,1
22991,22990,22992,1,0,1
22993,22992,22994,1,0,1
22995,22994,22996,1,0,1
3194,22997,22998,1,1,1
22999,22998,23000,1,0,1
22996,23001,23002,0,1,1
23003,23002,23000,1,0,0
23004,23005,23006,1,1,1,8405
22157,23007,23008,0,1,1
22551,22155,23009,0,0,1
3526,22549,23010,0,0,1
23011,23010,23012,1,0,1
23013,23012,23014,1,0,1
23015,23014,23016,1,0,1
23017,23016,23018,1,0,1
23019,23018,23020,1,0,1
23021,23020,23022,1,0,1
23023,23022,23024,1,0,1
23006,23025,23026,0,1,1
23008,23026,23027,0,0,1
23009,23027,23024,0,0,0
22313,22503,23028,0,0,1,1750
22310,23028,23029,0,0,1
22880,23029,23030,0,0,1
22881,23030,23031,0,0,1
22878,23031,23032,0,0,1
22505,22876,23033,0,0,1
22563,22506,23034,0,0,1
23032,23034,23033,0,0,0
15709,15712,23035,0,0,1,1750
23036,23035,23037,1,0,1
15717,3421,23038,0,0,1
15854,23038,23039,0,0,1
15714,23039,23040,0,0,1
15715,23040,23037,0,0,0
15706,15852,23041,0,0,1,2775
15703,15707,23042,0,0,1
15704,23042,23043,0,0,1
15701,15849,23044,0,0,1
15699,23044,23045,0,0,1
3426,23045,23046,0,0,1
23036,3424,23047,0,0,1
15710,23047,23048,0,0,1
23041,23048,23049,0,0,1
23043,23049,23046,0,0,0
2786,22762,23050,1,0,1,2774
2788,23050,23051,1,0,1
23052,2790,23053,1,1,1
23054,23053,23055,1,0,1
23056,23055,23057,1,0,1
15637,23058,23059,0,1,1
22768,23059,23060,0,0,1
22766,23060,23061,0,0,1
22764,23061,23062,0,0,1
23051,23062,23057,0,0,0
22917,23063,23064,0,1,1,8406
22915,23064,23065,0,0,1
22913,23065,23066,0,0,1
3329,23066,23067,1,0,1
23068,23067,23069,1,0,1
23070,23069,23071,1,0,1
23072,23071,23073,1,0,1
3334,23073,23074,1,0,1
2707,2704,23075,1,1,1
2706,23075,23076,1,0,1
23077,23076,23074,1,0,0
22601,3388,23078,0,1,1,212
22602,23078,23079,0,0,1
22596,22599,23080,0,0,1
3383,23080,23081,1,0,1
23079,3385,23082,0,1,1
22598,23082,23081,0,0,0
22037,20663,23083,0,0,1,980
23084,23083,23085,1,0,1
23086,23087,23088,1,1,1
23089,23088,23090,1,0,1
23091,23090,23092,1,0,1
23093,23092,23094,1,0,1
22626,23094,23095,1,0,1
22629,23095,23085,1,0,0
3195,3293,23096,1,1,1,215
23097,23096,23098,1,0,1
23099,23098,23100,1,0,1
23101,23100,23102,1,0,1
22987,23102,23103,0,0,1
22985,23103,23104,0,0,1
3192,23104,3291,1,0,1
22936,22356,23105,0,0,1,10966
23106,23105,23107,1,0,1
23108,23107,23109,1,0,1
23110,23111,23112,1,1,1
23113,23112,23114,1,0,1
22716,23114,23115,0,0,1
22713,23115,23116,0,0,1
22358,23116,23109,0,0,0
22933,22937,23117,0,0,1,10967
22944,22934,23118,0,0,1
22931,22942,23119,0,0,1
23120,23121,23122,1,1,1
23123,23122,23124,1,0,1
23125,23124,23126,1,0,1
23127,23126,23128,1,0,1
23129,23128,23130,1,0,1
23131,23132,23133,1,1,1
23110,23133,23134,0,0,1
23108,23111,23135,0,0,1
23106,23135,23136,0,0,1
23117,23136,23137,0,0,1
23118,23137,23138,0,0,1
23119,23138,23139,0,0,1
23130,23139,23134,0,0,0
22747,22750,23140,0,0,1,9944
23141,22744,23142,1,0,1
23143,23142,23144,1,0,1
22787,23144,23145,0,0,1
22749,23145,23140,0,0,0
20735,21698,23146,0,0,1,16596
23147,23146,23148,1,0,1
23149,23148,23150,1,0,1
23151,23152,23153,1,1,1
23154,23153,23155,1,0,1
23156,23155,23157,1,0,1
21711,23157,23158,0,0,1
21700,23158,23150,0,0,0
3173,22059,23159,1,0,1,1750
23160,23159,23161,1,0,1
23162,23163,23164,1,1,1
22979,23164,23165,0,0,1
22977,23165,23161,0,0,0
23003,22997,23166,0,0,1,1751
22995,23166,23167,0,0,1
22993,23167,23168,0,0,1
22991,23168,23169,0,0,1
23101,22989,23170,0,0,1
23099,23170,23171,0,0,1
23097,23171,23169,0,0,0
23172,21004,23173,1,0,1,10966
23174,23173,23175,1,0,1
22807,23176,23177,0,1,1
23178,23177,23179,1,0,1
23180,23179,23181,1,0,1
22740,23181,23175,0,0,0
23182,23183,23184,1,1,1,10455
23185,23184,23186,1,0,1
23187,23188,23189,1,1,1,9940
23190,23191,23192,1,1,1
22273,23192,23193,0,0,1
22268,22270,23194,0,0,1
22266,23194,23195,0,0,1
23189,22264,23196,0,0,1
23193,23196,23195,0,0,0
23056,23058,23197,0,0,1,2775
23052,23054,23198,0,0,1
2792,23198,23199,1,0,1
2795,23199,23200,1,0,1
2794,23200,23201,1,0,1
23202,23201,23203,1,0,1
15640,23203,23197,0,0,0
23204,23205,23206,1,1,1,8405
23207,23206,23208,1,0,1
22035,22038,23209,0,0,1,3029
22419,23209,23210,1,0,1
23211,23210,23212,1,0,1
23213,23212,23214,1,0,1
23215,23214,23216,1,0,1
23087,23216,23084,0,0,0
22439,23217,23218,0,1,1,707
22437,23218,23219,0,0,1
22434,23219,23220,0,0,1
22431,22435,23221,0,0,1
22448,22432,23222,0,0,1
22444,23222,23223,0,0,1
22428,23223,23224,0,0,1
22429,23224,23225,0,0,1
22425,23225,23226,0,0,1
23227,22426,23228,1,0,1
23229,23228,23230,1,0,1
23220,23230,23231,0,0,1
23221,23231,23226,0,0,0
23180,22742,23232,0,0,1,10967
21749,23178,23233,1,0,1
23234,23235,23236,1,1,1
23237,23238,23239,1,1,1
23240,23239,23241,1,0,1
23141,23241,23242,0,0,1
22745,23242,23243,0,0,1
23232,23243,23244,0,0,1
23233,23244,23236,0,0,0
23245,23246,23247,1,1,1,212
23248,23247,23249,1,0,1
23250,23249,23251,1,0,1
23252,23251,23253,1,0,1
23021,23253,23254,1,0,1
23255,23254,23256,1,0,1
23257,6050,23258,1,1,1,1735
23259,23258,23260,1,0,1
23261,23262,23263,1,1,1
23264,23263,23265,1,0,1
23266,23265,23267,1,0,1
23268,23267,23269,1,0,1
23270,23269,23271,1,0,1
23272,23273,23274,1,1,1
23260,23274,23271,0,0,0
22981,21909,23275,0,0,1,214
23162,23275,23276,0,0,1
23277,23278,23279,1,1,1
21911,23279,23280,0,0,1
21912,23280,23276,0,0,0
23143,22789,23281,0,0,1,1752
23240,23281,23282,0,0,1
22922,23283,23284,0,1,1
22791,22923,23285,0,0,1
23282,23285,23284,0,0,0
23286,23287,23288,1,1,1,723
23289,23290,23291,1,1,1
23292,23291,23293,1,0,1
23294,23293,23295,1,0,1
23296,23297,23298,1,1,1
23299,23298,23300,1,0,1
23301,23300,23302,1,0,1
23303,23302,23304,1,0,1
23305,23304,23306,1,0,1
23307,23306,23308,1,0,1
23288,23308,23309,0,0,1
23310,23309,23295,1,0,0
23311,23312,23313,1,1,1,724
23292,23313,23314,1,0,1
23294,23314,23297,1,0,1
23315,23316,23317,1,1,1,8391
23273,23318,23319,0,1,1
23270,23319,23320,0,0,1
23321,23320,23317,1,0,0
23131,23113,23322,0,0,1,9942
23323,23322,23324,1,0,1
23325,23324,23326,1,0,1
23327,23328,23329,1,1,1
23330,23331,23332,1,1,1
23333,23334,23335,1,1,1
23336,23335,23337,1,0,1
23338,23337,23339,1,0,1
22715,23339,23340,0,0,1
23329,23326,23341,0,0,1
23332,23341,23340,0,0,0
21730,21726,23342,1,1,1,10454
21729,23342,23343,1,0,1
21734,21732,23344,1,1,1
21737,21762,23345,1,1,1
22801,23345,23346,0,0,1
23343,22797,23347,0,0,1
23346,23344,23348,0,0,1
22799,23348,23347,0,0,0
23349,23350,23351,1,1,1,2264
23352,23351,23353,1,0,1
23354,23353,23355,1,0,1
23356,23355,23357,1,0,1
23358,23357,23359,1,0,1
23360,22421,23361,1,1,1,11204
23362,23361,23363,1,0,1
23364,23363,23211,1,0,0
23365,23227,23366,1,1,1,724
23367,23368,23369,1,1,1
23370,23369,23371,1,0,1
23372,23371,23373,1,0,1
23374,23373,23375,1,0,1
23360,23375,23376,0,0,1
22423,23376,23366,1,0,0
23377,23378,23379,1,1,1,198
22127,23379,23380,0,0,1
23381,22124,23382,1,0,1
23383,23384,23385,1,1,1
23380,23385,23382,0,0,0
23386,23387,23388,1,1,1,8391
23266,23388,23389,0,0,1
23264,23389,23390,0,0,1
23391,23392,23393,1,1,1
23394,23393,23395,1,0,1
23396,23395,23390,1,0,0
20733,23147,23397,0,0,1,8407
3497,23397,23398,0,0,1
23399,3495,23400,1,0,1
23401,23400,23402,1,0,1
23403,23402,23404,1,0,1
23405,23404,23406,1,0,1
23154,23407,23408,0,1,1
23149,23152,23409,0,0,1
23398,23409,23410,0,0,1
23408,23406,23411,0,0,1
23151,23411,23410,0,0,0
23129,23132,23412,0,0,1,9943
23413,23127,23414,1,0,1
23415,23416,23417,1,1,1
23418,23417,23419,1,0,1
23334,23419,23420,0,0,1
23330,23420,23421,0,0,1
23327,23331,23422,0,0,1
23325,23328,23423,0,0,1
23323,23423,23424,0,0,1
23412,23424,23425,0,0,1
23414,23425,23426,0,0,1
23421,23426,23422,0,0,0
23237,23283,23427,0,0,1,2776
23428,23427,23429,1,0,1
23430,23429,23431,1,0,1
23432,23431,23433,1,0,1
23434,23433,23435,1,0,1
23436,23437,23438,1,1,1
23439,23438,23440,1,0,1
23441,23440,23442,1,0,1
23443,23442,23444,1,0,1
23445,23444,23446,1,0,1
23447,23446,23448,1,0,1
23449,23450,23451,1,1,1
23452,23451,23453,1,0,1
23454,23455,23456,1,1,1
23457,23456,23458,1,0,1
23459,23460,23461,1,1,1
22927,23461,23462,0,0,1
23435,22925,23463,0,0,1
23453,23464,23465,0,1,1
23458,23466,23467,0,1,1
23462,23467,23468,0,0,1
23463,23468,23469,0,0,1
23470,23469,23471,1,0,1
23465,23448,23472,0,0,1
23473,23472,23471,1,0,0
21963,22813,23474,0,0,1,9941
23475,23474,23476,1,0,1
23477,23478,23479,1,1,1
23480,23479,23481,1,0,1
22819,23481,23482,0,0,1
22815,23482,23483,0,0,1
23476,22816,23484,0,0,1
23485,23484,23483,1,0,0
3490,3518,23486,0,0,1,215
3484,3486,23487,0,0,1
23403,23487,23488,0,0,1
23401,23488,23489,0,0,1
23399,23489,23490,0,0,1
3492,23490,23491,0,0,1
23486,3493,23492,0,0,1
3488,23492,23491,0,0,0
2797,23202,23493,1,0,1,2263
2888,23493,23494,1,0,1
23495,23496,23497,1,1,1
15646,23497,23498,0,0,1
15644,23498,23499,0,0,1
15642,23499,23494,0,0,0
23364,23213,23500,0,0,1,3028
23501,23500,23502,1,0,1
23503,23502,23504,1,0,1
23086,23504,23215,0,0,0
23459,22929,23505,0,0,1,10968
23457,23460,23506,0,0,1
23507,23506,23508,1,0,1
23509,23508,23510,1,0,1
23415,23510,23511,0,0,1
23512,23511,23513,1,0,1
23121,23513,23505,0,0,0
22803,22805,23514,0,0,1,10454
21739,23514,23515,1,0,1
21744,21741,23516,1,1,1
21747,21743,23517,1,1,1
23515,23517,23516,0,0,0
23518,21957,23519,1,0,1,213
23520,23521,23522,1,1,1
23523,23522,23524,1,0,1
21960,23524,23525,0,0,1
23519,21961,23526,0,0,1
23527,23526,23525,1,0,0
23019,23252,23528,0,1,1,213
23015,23017,23529,0,0,1
23530,23529,23531,1,0,1
23250,23531,23528,1,0,0
3332,23068,23532,1,0,1,8405
23072,3403,23533,0,1,1
23070,23533,23532,0,0,0
3102,23534,23535,1,1,1,2759
23536,23535,23537,1,0,1
23538,23537,23539,1,0,1
23163,23278,23540,0,0,1,2775
23541,23540,23542,1,0,1
23543,23542,23544,1,0,1
23545,23544,23546,1,0,1
23547,23546,23548,1,0,1
23549,23548,23550,1,0,1
23551,23550,23552,1,0,1
3186,3288,23553,1,1,1,1750
3188,3185,23554,1,1,1
3197,23554,23555,1,0,1
3202,3200,23556,1,1,1
3295,23556,23557,1,0,1
3205,23557,23558,1,0,1
3204,23558,23559,1,0,1
3211,3209,23560,1,1,1
23561,23560,23562,1,0,1
3179,3175,23563,1,1,1
3181,3178,23564,1,1,1
23553,3183,23565,0,1,1
23559,23555,23566,0,0,1
23562,3207,23567,0,1,1
23563,23567,23568,0,0,1
23564,23568,23569,0,0,1
23565,23569,23566,0,0,0
23123,23125,23570,0,0,1,15063
23512,23120,23571,0,0,1
23416,23571,23572,0,0,1
23413,23572,23570,0,0,0
23573,23574,23575,1,1,1,1749
23576,23575,23577,1,0,1
23578,23577,23579,1,0,1
23580,23581,23582,1,1,1
23523,23582,23583,1,0,1
23475,23583,23584,1,0,1
23485,23584,23585,1,0,1
23478,23585,23586,1,0,1
23477,23586,23587,1,0,1
23588,23587,23589,1,0,1
23590,23589,23591,1,0,1
23592,23591,23593,1,0,1
23594,23593,23579,1,0,0
23495,15648,23595,0,0,1,2774
23596,23595,23597,1,0,1
23598,23599,23600,1,1,1
2799,23600,23601,1,0,1
2803,2871,23602,1,1,1
15650,2802,23603,0,1,1
23597,15651,23604,0,0,1
23601,23604,23605,0,0,1
23602,23605,23603,0,0,0
23383,23606,23607,0,1,1,3014
23384,23607,23608,0,0,1
23381,23608,23609,0,0,1
22121,23609,23610,0,0,1
22956,23610,23611,1,0,1
23612,23611,23613,1,0,1
3176,23160,23614,1,0,1,2774
23561,23614,23615,0,0,1
3213,23615,23616,1,0,1
23617,23616,23618,1,0,1
23619,23618,23620,1,0,1
23621,23622,23623,1,1,1
23624,23625,23626,1,1,1
23627,23628,23629,1,1,1
3217,23629,23630,1,0,1
3220,23630,23631,1,0,1
3219,23631,23632,1,0,1
23633,23632,23634,1,0,1
23635,23636,23637,1,1,1
23638,23637,23639,1,0,1
23640,23639,23641,1,0,1
23642,23641,23643,1,0,1
23547,23644,23645,0,1,1
23543,23545,23646,0,0,1
23620,23541,23647,0,0,1
23623,23647,23648,0,0,1
23634,23626,23649,0,0,1
23645,23643,23650,0,0,1
23648,23646,23651,0,0,1
23649,23651,23650,0,0,0
23652,5896,23653,1,1,1,2775
23654,23655,23656,1,1,1
5885,23656,23657,1,0,1
5888,23657,23658,1,0,1
5891,23658,23659,1,0,1
5890,23659,23660,1,0,1
5995,5893,23661,1,1,1
23653,23661,23660,0,0,0
23662,23663,23664,1,1,1,2264
1027,23664,23665,1,0,1
23666,1026,23667,1,1,1
23668,23667,23669,1,0,1
23670,23671,23672,1,1,1
23673,23672,23674,1,0,1
23675,23674,23676,1,0,1
23677,23676,23678,1,0,1
23665,23678,23669,0,0,0
23480,22818,23679,0,0,1,8405
23588,23679,23680,1,0,1
23681,23680,23682,1,0,1
23683,23684,23685,1,1,1
22821,23685,23686,0,0,1
22822,23686,23682,0,0,0
3371,23687,23688,0,1,1,212
3368,23688,23689,0,0,1
23690,3366,23691,1,0,1
23692,23691,23693,1,0,1
22644,23694,23695,0,1,1
22592,22638,23696,1,0,1
3378,23696,23697,0,0,1
23689,23697,23698,0,0,1
23695,23693,23699,0,0,1
22642,23699,23700,0,0,1
22640,23700,23698,0,0,0
23701,23259,23702,1,0,1,198
23703,23702,23704,1,0,1
23705,23704,23706,1,0,1
23234,23238,23707,0,0,1,2775
23708,23235,23709,1,0,1
23710,23709,23711,1,0,1
23428,23711,23707,0,0,0
23687,3379,23712,1,1,1,8405
3370,23712,23713,1,0,1
3376,3373,23714,1,1,1
3375,23714,23713,1,0,0
21754,21751,23715,1,1,1,2263
23677,23715,23716,0,0,1
23675,23716,23717,0,0,1
23718,23717,23719,1,0,1
23720,23719,23708,1,0,0
23721,23581,23722,1,1,1,213
23723,23722,23724,1,0,1
23725,23726,23727,1,1,1
23576,23727,23728,1,0,1
23724,23578,23729,0,1,1
23730,23729,23728,1,0,0
23731,23732,23733,1,1,1,2261
23734,23733,23735,1,0,1
23013,23735,23736,1,0,1
23530,23736,23737,1,0,1
23248,23737,23738,0,0,1
23739,23740,23741,1,1,1,1748
23742,23741,23743,1,0,1
3787,23744,23745,0,1,1
23746,23745,23747,1,0,1
22893,23747,23748,1,0,1
22895,23748,23749,1,0,1
23750,23749,23751,1,0,1
23752,23751,23753,1,0,1
23754,23753,23755,1,0,1
22899,23756,23757,1,1,1
22901,23757,23758,1,0,1
23743,23758,23755,0,0,0
23496,23596,23759,0,0,1,2262
23760,23759,23761,1,0,1
2800,23762,23763,1,1,1
23598,23763,23764,0,0,1
23599,23764,23761,0,0,0
23765,23290,23766,1,1,1,724
23286,23766,23310,1,0,1
23767,23768,23769,1,1,1,1734
23612,23769,23770,0,0,1
22958,23770,23771,1,0,1
22960,23771,23772,1,0,1
23773,23774,23775,1,1,1
23776,23775,23777,1,0,1
23778,23777,23779,1,0,1
23780,23779,23781,1,0,1
23782,23781,23783,1,0,1
23784,23783,23785,1,0,1
23786,23787,23788,1,1,1
23789,23790,23791,1,1,1
23792,23791,23793,1,0,1
23794,23793,23795,1,0,1
23796,23797,23798,1,1,1
23772,23798,23799,0,0,1
23785,22966,23800,0,1,1
23788,23800,23801,0,0,1
23795,23801,23802,0,0,1
23799,23803,23804,0,1,1
22963,23804,23805,1,0,1
22962,23805,23802,1,0,0
23509,23418,23806,0,0,1,8406
23807,23806,23808,1,0,1
23809,23808,23810,1,0,1
23811,23812,23813,1,1,1
23336,23813,23814,0,0,1
23333,23814,23810,0,0,0
1062,1058,23815,1,1,1,1751
1061,23815,23816,1,0,1
1065,23816,23817,1,0,1
1448,1064,23818,1,1,1
1068,23818,23819,1,0,1
23820,23819,23821,1,0,1
23822,23821,23823,1,0,1
1044,23823,23824,1,0,1
1043,23824,23825,1,0,1
23826,23825,23827,1,0,1
1053,23827,23828,1,0,1
1056,23828,23829,1,0,1
1059,23829,23817,1,0,0
23830,23831,23832,1,1,1,20694
23833,23832,23834,1,0,1
21702,23835,23836,0,1,1
23156,21703,23837,0,0,1
23407,23837,23838,0,0,1
23834,23838,23836,0,0,0
3482,23405,23839,0,0,1,8406
23840,23841,23842,1,1,1
23830,23842,23843,0,0,1
23831,23843,23839,0,0,0
3336,2700,23844,1,1,1,8406
23845,23844,23846,1,0,1
23847,23846,23848,1,0,1
23849,23848,23850,1,0,1
2693,3343,23851,1,1,1
2697,23851,23852,1,0,1
2879,2696,23853,1,1,1
23850,23853,23852,0,0,0
3215,23617,23854,1,0,1,2775
23624,23628,23855,0,0,1
23621,23625,23856,0,0,1
23622,23856,23857,0,0,1
23854,23619,23858,0,0,1
23627,23858,23859,0,0,1
23855,23859,23857,0,0,0
23811,23338,23860,0,0,1,214
23861,23812,23862,1,0,1
23863,23862,23864,1,0,1
23865,23864,23866,1,0,1
23867,23866,23868,1,0,1
23869,23868,23870,1,0,1
23871,23870,23872,1,0,1
23873,23872,23874,1,0,1
23875,23874,23876,1,0,1
22718,23876,23860,0,0,0
23720,23710,23877,0,0,1,1751
23878,23879,23880,1,1,1
23881,23880,23882,1,0,1
23883,23884,23885,1,1,1
23432,23885,23886,0,0,1
23430,23886,23887,0,0,1
23877,23887,23882,0,0,0
23888,23889,23890,1,1,1,10453
23891,23890,23892,1,0,1
23893,23894,23895,1,1,1
3680,23895,23896,1,0,1
23011,23896,23897,1,0,1
23734,23897,23898,0,0,1
23731,23898,23899,0,0,1
23900,23899,23901,1,0,1
23902,23901,23903,1,0,1
23904,23903,23892,1,0,0
23905,23906,23907,1,1,1,2264
23908,23907,23909,1,0,1
23910,23909,23911,1,0,1
23912,23911,23913,1,0,1
23914,23913,23915,1,0,1
23916,23915,23917,1,0,1
22873,22510,23918,0,0,1,213
22871,23918,23919,0,0,1
22523,23919,23920,0,0,1
22519,22569,23921,0,0,1
22516,22520,23922,0,0,1
22566,22517,23923,0,0,1
22514,23923,23924,0,0,1
23920,22512,23925,0,0,1
23921,23925,23926,0,0,1
23922,23926,23924,0,0,0
23927,23507,23928,1,0,1,9941
23929,23930,23931,1,1,1
23932,23931,23933,1,0,1
23934,23933,23935,1,0,1
23936,23935,23937,1,0,1
23938,23937,23939,1,0,1
23940,23939,23941,1,0,1
23942,23941,23943,1,0,1
23807,23943,23928,0,0,0
23473,23466,23944,0,0,1,984
23452,23944,23945,0,0,1
23946,23947,23948,1,1,1
23927,23930,23949,0,0,1
23454,23949,23950,0,0,1
23945,23455,23951,0,0,1
23948,23951,23950,0,0,0
23878,23881,23952,0,0,1,1752
23718,23879,23953,0,0,1
23673,23953,23954,0,0,1
23955,23954,23956,1,0,1
23957,23956,23958,1,0,1
23437,23959,23960,0,1,1
23961,23960,23962,1,0,1
23963,23962,23964,1,0,1
23965,23964,23966,1,0,1
23967,23968,23969,1,1,1
23883,23969,23970,0,0,1
23952,23884,23971,0,0,1
23958,23971,23972,0,0,1
23966,23972,23970,0,0,0
23683,22824,23973,0,0,1,12501
23974,23975,23976,1,1,1
22830,23976,23977,0,0,1
22826,23977,23978,0,0,1
22827,23978,23973,0,0,0
23681,23590,23979,1,0,1,213
23684,23979,23980,1,0,1
23975,23980,23981,1,0,1
23982,23981,23983,1,0,1
23984,23983,23985,1,0,1
23986,23985,23987,1,0,1
23988,23987,23989,1,0,1
23990,23991,23992,1,1,1
23993,23992,23994,1,0,1
23995,23994,23996,1,0,1
23997,23998,23999,1,1,1
23592,23999,24000,0,0,1
23989,24000,23996,0,0,0
24001,24002,24003,1,1,1,2260
24004,24003,24005,1,0,1
23723,24006,24007,1,1,1
24008,24007,24009,1,0,1
24010,24009,24005,1,0,0
22722,22724,24011,0,0,1,9942
24012,24011,24013,1,0,1
24014,24013,22727,1,0,0
23967,23434,24015,0,0,1,9944
23968,24015,24016,0,0,1
23965,24016,24017,0,0,1
23963,24017,24018,0,0,1
23961,24018,23470,0,0,0
24019,24020,24021,1,1,1,2759
24022,24021,24023,1,0,1
24024,24023,24025,1,0,1
24026,24027,24028,1,1,1
24029,24028,24030,1,0,1
24031,24030,24032,1,0,1
24033,24032,24034,1,0,1
24035,24034,24025,1,0,0
24014,22726,24036,0,0,1,10966
24037,24012,24038,1,0,1
24039,24038,24040,1,0,1
24041,24042,24043,1,1,1
5898,24043,24044,1,0,1
24036,24044,24040,0,0,0
23942,23809,24045,0,0,1,213
24046,24045,24047,1,0,1
24048,24049,24050,1,1,1
23863,24050,24051,0,0,1
23861,24051,24047,0,0,0
23670,23955,24052,0,0,1,2776
23668,23671,24053,0,0,1
24054,24053,24055,1,0,1
24056,24057,24058,1,1,1
24059,24058,24060,1,0,1
24061,24062,24063,1,1,1
24064,24065,24066,1,1,1
23957,24066,24067,0,0,1
24052,24067,24068,0,0,1
24060,24055,24069,0,0,1
24063,24069,24068,0,0,0
23974,22829,24070,0,0,1,8405
23982,24070,24071,1,0,1
23986,23984,24072,1,1,1
24073,24072,24074,1,0,1
24075,24076,24077,1,1,1
22833,24078,24079,0,1,1
24071,24079,24080,0,0,1
24074,24080,24077,0,0,0
3677,3681,24081,0,0,1,2261
3675,3678,24082,0,0,1
24083,24082,24084,1,0,1
24085,24084,24086,1,0,1
24087,24086,24088,1,0,1
24089,24090,24091,1,1,1
3673,24092,24093,0,1,1
3670,24093,24094,0,0,1
3667,24094,24095,0,0,1
3665,3668,24096,0,0,1
3662,24096,24097,0,0,1
3659,3663,24098,0,0,1
3656,3660,24099,0,0,1
24100,24099,24101,1,0,1
24102,24101,24103,1,0,1
24104,24103,24105,1,0,1
24106,24107,24108,1,1,1
3648,24109,24110,0,1,1
24111,24110,24112,1,0,1
24113,24112,24114,1,0,1
24115,24114,24116,1,0,1
24117,24116,24118,1,0,1
24119,24118,24120,1,0,1
24121,24120,24122,1,0,1
24123,24122,24124,1,0,1
24125,24124,24126,1,0,1
24127,24128,24129,1,1,1
24130,24129,24131,1,0,1
24132,24133,24134,1,1,1
24135,24136,24137,1,1,1
24138,24139,24140,1,1,1
23893,24141,24142,1,1,1
24081,24142,24143,0,0,1
24088,24143,24144,0,0,1
24091,24144,24145,0,0,1
24095,24146,24147,0,1,1
24097,24147,24148,0,0,1
24098,24148,24149,0,0,1
24105,24149,24150,0,0,1
24126,24108,24151,0,0,1
24131,24151,24152,0,0,1
24137,24134,24153,0,0,1
24140,24154,24155,0,1,1
24156,24155,24157,1,0,1
24145,24157,24158,0,0,1
24152,24150,24159,0,0,1
24153,24159,24158,0,0,0
24160,24161,24162,1,1,1,9940
24163,24164,24165,1,1,1
24166,24167,24168,1,1,1
24169,24168,24170,1,0,1
24171,24172,24173,1,1,1
22275,24173,24174,1,0,1
22277,24174,24175,1,0,1
22279,24175,24176,1,0,1
22282,24176,24177,1,0,1
24178,22281,24179,1,1,1
24180,24181,24182,1,1,1
24183,24184,24185,1,1,1
24186,24185,24187,1,0,1
24162,24188,24189,0,1,1
24165,24189,24190,0,0,1
24191,24190,24192,1,0,1
24177,24170,24193,0,0,1
24179,24193,24194,0,0,1
24182,24194,24195,0,0,1
24187,24195,24192,0,0,0
23835,21705,24196,0,0,1,8405
23840,23833,24197,0,0,1
3480,23841,24198,0,0,1
24199,24198,24200,1,0,1
24201,24202,24203,1,1,1
24204,24203,24205,1,0,1
24206,24205,24207,1,0,1
3754,24207,24208,0,0,1
3751,24208,24209,0,0,1
24210,24209,24211,1,0,1
24212,24211,24213,1,0,1
21583,24213,24214,1,0,1
21586,24214,24215,1,0,1
24216,24215,24217,1,0,1
24218,24217,24219,1,0,1
24220,24219,24221,1,0,1
24196,21594,24222,0,1,1
24197,24222,24223,0,0,1
24221,24200,24224,0,0,1
21591,24224,24223,1,0,0
15661,15663,24225,0,0,1,8407
24226,24225,24227,1,0,1
24228,24227,24229,1,0,1
24230,24229,24231,1,0,1
24232,24231,24233,1,0,1
15833,24234,24235,0,1,1
15879,24235,24233,0,0,0
24236,23091,24237,1,0,1,724
24238,24237,24239,1,0,1
24240,24239,24241,1,0,1
24242,24243,24244,1,1,1
24245,24246,24247,1,1,1
24248,24247,24249,1,0,1
24250,24249,24251,1,0,1
24244,24241,24252,0,0,1
24253,24252,24251,1,0,0
3095,23536,24254,1,0,1,2758
3037,24254,24255,1,0,1
24256,24257,24258,1,1,1,198
24029,24258,24259,0,0,1
24260,24259,24261,1,0,1
24262,24263,24264,1,1,1
24265,24264,24266,1,0,1
24267,24266,24261,1,0,0
23551,24268,24269,0,1,1,215
24270,23549,24271,1,0,1
24272,24273,24274,1,1,1
24275,24274,24276,1,0,1
24277,24276,24278,1,0,1
24279,24280,24281,1,1,1
24282,24283,24284,1,1,1
24285,24286,24287,1,1,1
24269,24287,24288,0,0,1
24271,24288,24289,0,0,1
24281,24278,24290,0,0,1
24284,24290,24289,0,0,0
23875,22720,24291,0,0,1,10967
24292,24291,24293,1,0,1
24294,24295,24296,1,1,1
24297,24296,24298,1,0,1
24299,24298,24300,1,0,1
23655,24300,24301,0,0,1
5895,23652,24302,1,0,1
24041,24302,24303,0,0,1
24042,24303,24304,0,0,1
24039,24304,24305,0,0,1
24293,24037,24306,0,0,1
24307,24306,24308,1,0,1
24301,24309,24310,0,1,1
24305,24310,24308,0,0,0
24220,21592,24311,0,1,1,8404
24218,24311,24312,0,0,1
24216,24312,24313,0,0,1
21585,24313,24314,1,0,1
24315,21614,24316,1,1,1
24317,24316,24314,1,0,0
15657,15659,24318,0,0,1,12502
24319,24318,24320,1,0,1
24321,24322,24323,1,1,1
24324,24325,24326,1,1,1
24234,15666,24327,0,0,1
24232,24327,24328,0,0,1
24230,24328,24329,0,0,1
24228,24329,24330,0,0,1
24226,24330,24331,0,0,1
24320,24331,24332,0,0,1
24326,24323,24333,0,0,1
24334,24333,24332,1,0,0
23093,22627,24335,0,1,1,3540
24250,24335,24336,0,0,1
24248,24336,24337,0,0,1
24338,24337,24339,1,0,1
24340,24339,24341,1,0,1
24342,24341,24343,1,0,1
24344,24345,24346,1,1,1
24347,24346,24348,1,0,1
24349,24348,24350,1,0,1
24351,24352,24353,1,1,1
24354,24353,24355,1,0,1
24356,24355,24357,1,0,1
24358,24359,24360,1,1,1
22624,24360,24361,1,0,1
24350,24362,24363,0,1,1
24357,24363,24364,0,0,1
24361,24365,24366,0,1,1
24343,24366,24364,0,0,0
24367,24022,24368,1,0,1,2758
24369,24368,24370,1,0,1
24371,24370,24372,1,0,1
24373,24372,24374,1,0,1
24375,24374,24376,1,0,1
24377,24376,24378,1,0,1
24027,24378,24024,0,0,0
24286,24379,24380,0,1,1,2775
24282,24380,24381,0,0,1
24382,24381,24383,1,0,1
24384,24383,24385,1,0,1
24386,24385,24369,1,0,0
23642,23644,24387,0,0,1,2775
24388,23640,24389,1,0,1
24390,24389,24391,1,0,1
24272,24391,24392,0,0,1
24273,24392,24393,0,0,1
24270,24393,24387,0,0,0
24394,23940,24395,1,0,1,1749
24396,24395,24046,1,0,0
24397,23946,24398,1,0,1,9944
24399,24398,24400,1,0,1
24401,24402,24403,1,1,1
23447,24404,24405,0,1,1
23445,24405,24406,0,0,1
24407,24406,24408,1,0,1
24409,24408,24410,1,0,1
24411,24410,24412,1,0,1
24413,24412,24414,1,0,1
24415,24414,24416,1,0,1
24417,24416,24418,1,0,1
23929,24418,24419,0,0,1
24400,24419,24403,0,0,0
24420,24421,24422,1,1,1,2262
24423,24424,24425,1,1,1
24426,24425,24427,1,0,1
24428,24427,24429,1,0,1
24430,24429,24431,1,0,1
24432,24433,24434,1,1,1
24435,24434,24436,1,0,1
24437,24436,24438,1,0,1
24439,24438,24440,1,0,1
24441,24440,24442,1,0,1
24422,24443,24444,0,1,1
24431,24444,24442,0,0,0
21058,21060,24445,0,0,1,216
22847,21056,24446,0,0,1
22845,24446,24447,0,0,1
22843,24447,24448,0,0,1
24449,24448,24450,1,0,1
24451,24450,24452,1,0,1
24453,24452,24454,1,0,1
21062,24455,24456,0,1,1
24445,21063,24457,0,0,1
24454,24457,24456,0,0,0
2811,15655,24458,1,0,1,8406
24459,2813,24460,1,1,1
15665,2824,24461,0,1,1
24334,24461,24462,0,0,1
24324,24462,24463,0,0,1
24325,24463,24464,0,0,1
24319,24322,24465,0,0,1
24458,24465,24466,0,0,1
24460,24466,24467,0,0,1
24464,24468,24469,0,1,1
24321,24469,24467,0,0,0
24470,24471,24472,1,1,1,41152
24473,24474,24475,1,1,1
24476,24475,24477,1,0,1
24478,24479,24480,1,1,1
24481,24480,24482,1,0,1
24263,24483,24484,1,1,1
24262,24484,24485,1,0,1
24486,24485,24487,1,0,1
24488,24487,24489,1,0,1
24490,24489,24491,1,0,1
24492,24491,24493,1,0,1
24494,24493,24495,1,0,1
24472,24496,24497,0,1,1
24477,24497,24498,0,0,1
24495,24482,24499,0,0,1
24500,24499,24498,1,0,0
23873,24292,24501,0,0,1,10966
23869,23871,24502,0,0,1
24503,24502,24504,1,0,1
24505,24504,24506,1,0,1
24309,24506,24507,0,0,1
24307,24507,24501,0,0,0
23449,23947,24508,0,0,1,1752
23464,23450,24509,0,0,1
24401,24404,24510,0,0,1
24399,24402,24511,0,0,1
24397,24511,24512,0,0,1
24508,24512,24513,0,0,1
24509,24513,24510,0,0,0
24455,21065,24514,0,0,1,215
24451,24453,24515,0,0,1
22841,24449,24516,0,0,1
24517,24518,24519,1,1,1
24520,24519,24521,1,0,1
24522,24521,24523,1,0,1
24524,24525,24526,1,1,1
24527,24526,24528,1,0,1
24529,24530,24531,1,1,1
24532,24533,24534,1,1,1
24535,24534,24536,1,0,1
24537,24536,24538,1,0,1
24539,24538,24540,1,0,1
24541,24540,24542,1,0,1
21125,24542,24543,0,0,1
21067,21070,24544,0,0,1
24514,21068,24545,0,0,1
24515,24545,24546,0,0,1
24516,24546,24547,0,0,1
24523,24547,24548,0,0,1
24528,24548,24549,0,0,1
24531,24549,24550,0,0,1
24543,24551,24552,0,1,1
24544,24552,24550,0,0,0
24078,22832,24553,0,0,1,8406
24554,24076,24555,1,0,1
24556,24555,24557,1,0,1
24517,24558,24559,0,1,1
24560,24559,24561,1,0,1
22836,24562,24563,0,1,1
24553,24563,24564,0,0,1
24075,24564,24565,0,0,1
24557,24565,24561,0,0,0
22301,22526,24566,0,0,1,8406
24567,24566,24568,1,0,1
24569,24570,24571,1,1,1
24572,24573,24574,1,1,1
22297,24575,24576,0,1,1
24577,24576,24578,1,0,1
24579,24578,24580,1,0,1
24581,24580,24582,1,0,1
24583,24584,24585,1,1,1
24586,24587,24588,1,1,1
22292,24588,24589,0,0,1
24590,24589,24591,1,0,1
24592,24593,24594,1,1,1
24595,24596,24597,1,1,1
22542,22545,24598,0,0,1
24599,24598,24600,1,0,1
24601,24602,24603,1,1,1
24604,24605,24606,1,1,1
22532,24607,24608,0,1,1
22530,22533,24609,0,0,1
22528,24609,24610,0,0,1
24571,24568,24611,0,0,1
24574,24611,24612,0,0,1
24585,24582,24613,0,0,1
24591,24614,24615,0,1,1
24600,24597,24616,0,0,1
24603,24616,24617,0,0,1
24618,24617,24619,1,0,1
24612,24610,24620,0,0,1
24613,24620,24621,0,0,1
24615,24621,24622,0,0,1
24619,24594,24623,0,0,1
24606,24623,24624,0,0,1
24622,24608,24625,0,0,1
24626,24625,24624,1,0,0
3041,3039,24627,1,1,1,2246
3044,24627,24628,1,0,1
24629,24630,24631,1,1,1,199
24492,24632,24633,1,1,1
24494,24633,24634,1,0,1
24635,24500,24636,1,1,1
24637,24638,24639,1,1,1
24631,24639,24640,0,0,1
24634,24640,24636,0,0,0
24641,24642,24643,1,1,1,43712
24644,24643,24645,1,0,1
24646,24645,24647,1,0,1
24648,24649,24650,1,1,1
24651,24652,24653,1,1,1
24654,24653,24655,1,0,1
24373,24655,24656,1,0,1
24657,24656,24658,1,0,1
24659,24658,24660,1,0,1
24026,24660,24661,1,0,1
24260,24661,24662,1,0,1
24483,24662,24663,0,0,1
24478,24481,24664,0,0,1
24476,24479,24665,0,0,1
24666,24473,24667,1,0,1
24668,24667,24669,1,0,1
24670,24669,24671,1,0,1
24672,24671,24673,1,0,1
24674,24675,24676,1,1,1
24647,24676,24677,0,0,1
24650,24678,24679,0,1,1
24663,24680,24681,0,1,1
24673,24665,24682,0,0,1
24677,24682,24683,0,0,1
24681,24679,24684,0,0,1
24664,24684,24683,0,0,0
24386,24371,24685,0,0,1,2774
24384,24685,24686,0,0,1
24687,24688,24689,1,1,1
24690,24691,24692,1,1,1
24693,24692,24694,1,0,1
24695,24694,24696,1,0,1
24697,24698,24699,1,1,1
24686,24700,24701,0,1,1
24696,24689,24702,0,0,1
24699,24702,24701,0,0,0
24279,24283,24703,0,0,1,214
24280,24703,24704,0,0,1
24688,24705,24706,0,1,1
24382,24706,24704,0,0,0
24707,23573,24708,1,0,1,8405
24709,24708,23725,1,0,1
24141,23894,24710,0,1,1,10454
24156,24710,24711,0,0,1
24138,24711,24712,0,0,1
24713,24712,24714,1,0,1
24715,24714,23891,1,0,1
23754,23756,24716,0,0,1,9940
23752,24716,24717,0,0,1
23750,24717,22897,0,0,1
24417,23932,24718,0,0,1,9942
24413,24415,24719,0,0,1
24720,24719,24721,1,0,1
24722,24721,24723,1,0,1
24724,24725,24726,1,1,1
23934,24726,24727,0,0,1
24718,24727,24723,0,0,0
24064,23959,24728,0,0,1,9944
24065,24728,24729,0,0,1
24061,24729,24730,0,0,1
24731,24732,24733,1,1,1
23436,24734,24735,0,1,1
24730,24735,24733,0,0,0
21579,21575,24736,1,1,1,9940
24737,24736,24738,1,0,1
24739,24738,24740,1,0,1
24741,24742,24743,1,1,1
24744,24743,24745,1,0,1
23742,24745,24740,0,0,0
24396,24049,24746,0,0,1,981
24747,24746,24748,1,0,1
24749,24750,24751,1,1,1
24752,24751,24753,1,0,1
24754,24753,24748,1,0,0
24562,22835,24755,0,0,1,214
24560,24755,24756,0,0,1
22838,24518,24757,0,0,1
22839,24757,24756,0,0,0
22321,24567,24758,0,0,1,8405
24572,24575,24759,0,0,1
24573,24759,24760,0,0,1
24569,24760,24761,0,0,1
24570,24761,24758,0,0,0
24212,21581,24762,0,1,1,213
3752,24210,24763,0,0,1
3748,24763,24764,0,0,1
24765,24764,24766,1,0,1
24767,24766,24768,1,0,1
24769,24768,24770,1,0,1
24771,24772,24773,1,1,1
24774,24775,24776,1,1,1
24777,24776,24778,1,0,1
21578,24737,24779,1,0,1
24773,24770,24780,0,0,1
24781,24780,24782,1,0,1
24779,24778,24783,0,0,1
24762,24783,24782,0,0,0
24784,24785,24786,1,1,1,8406
24787,24788,24789,1,1,1
24790,24789,24791,1,0,1
24792,24791,24793,1,0,1
24794,24793,24786,1,0,0
24795,24796,24797,1,1,1,42688
24798,24797,24799,1,0,1
24800,24799,24801,1,0,1
23782,23780,24802,1,1,1
23784,24802,24803,1,0,1
23790,23786,24804,1,1,1
24805,24804,24806,1,0,1
24803,24801,24807,0,0,1
23787,24807,24806,1,0,0
24697,24700,24808,0,0,1,43728
24695,24698,24809,0,0,1
24693,24809,24810,0,0,1
24811,24690,24812,1,0,1
24813,24814,24815,1,1,1
24654,24815,24816,1,0,1
24808,24816,24817,0,0,1
24810,24817,24812,0,0,0
3222,23633,24818,1,0,1,2775
3225,24818,24819,1,0,1
24820,24819,24821,1,0,1
24822,24823,24824,1,1,1
24825,24824,24826,1,0,1
24827,24826,24828,1,0,1
24829,24828,24830,1,0,1
24831,24832,24833,1,1,1
24834,24833,24835,1,0,1
24836,24835,24837,1,0,1
24838,24837,24839,1,0,1
24840,24839,24841,1,0,1
24842,24841,24843,1,0,1
24821,23636,24844,0,0,1
24845,24844,24846,1,0,1
24843,24830,24847,0,0,1
23635,24847,24846,0,0,0
23867,24503,24848,0,0,1,2774
24849,24848,24850,1,0,1
24851,24852,24853,1,1,1
24854,24853,24855,1,0,1
24856,24855,24857,1,0,1
24858,24859,24860,1,1,1
24861,24862,24863,1,1,1
24864,24863,24865,1,0,1
24866,24865,24867,1,0,1
24868,24867,24869,1,0,1
24870,24871,24872,1,1,1
24505,24295,24873,0,0,1
24860,24857,24874,0,0,1
24875,24874,24876,1,0,1
24869,24876,24877,0,0,1
24872,24877,24878,0,0,1
24873,24879,24880,0,1,1
24850,24880,24878,0,0,0
24881,3474,24882,1,0,1,213
3467,24883,24884,0,1,1
24885,24884,24886,1,0,1
3460,24886,24887,0,0,1
3457,24887,24888,0,0,1
24889,24888,24890,1,0,1
24891,24890,24892,1,0,1
24893,24892,24894,1,0,1
24895,24894,24896,1,0,1
24897,24896,24898,1,0,1
24899,24900,24901,1,1,1
24902,24903,24904,1,1,1
24905,24904,24906,1,0,1
24907,24906,24908,1,0,1
24909,24910,24911,1,1,1
24912,24911,24913,1,0,1
24914,24913,24915,1,0,1
24916,24915,24917,1,0,1
24918,24919,24920,1,1,1
24921,24920,24922,1,0,1
24923,24922,24924,1,0,1
24925,24924,24926,1,0,1
24927,24926,24928,1,0,1
24929,24930,24931,1,1,1
24932,24931,24933,1,0,1
24934,24933,24935,1,0,1
24936,24935,24937,1,0,1
24938,24939,24940,1,1,1
24941,24940,24942,1,0,1
24202,24943,24944,0,1,1
3477,24199,24945,0,0,1
3516,3478,24946,0,0,1
24882,24946,24947,0,0,1
24948,24947,24949,1,0,1
24898,24949,24950,0,0,1
24901,24950,24951,0,0,1
24917,24908,24952,0,0,1
24928,24952,24953,0,0,1
24937,24953,24954,0,0,1
24945,24944,24955,0,0,1
24951,24955,24956,0,0,1
24954,24957,24958,0,1,1
24942,24958,24959,0,0,1
24960,24959,24956,1,0,0
2826,15668,24961,1,0,1,8406
24962,2828,24963,1,1,1
15671,24964,24965,0,1,1
24961,24965,24963,0,0,0
3338,23845,24966,1,0,1,8405
3341,24966,24967,1,0,1
3340,24967,24968,1,0,1
23849,3344,24969,0,1,1
23847,24969,24968,0,0,0
24754,24048,24970,0,0,1,982
24752,24970,24971,0,0,1
24972,24971,24973,1,0,1
24852,24973,24974,0,0,1
24849,24974,23865,0,0,0
23938,24394,24975,0,0,1,41168
24724,23936,24976,0,0,1
24722,24725,24977,0,0,1
24411,24720,24978,0,0,1
24979,24978,24980,1,0,1
24981,24980,24982,1,0,1
24983,24982,24984,1,0,1
24985,24984,24986,1,0,1
24987,24986,24988,1,0,1
24989,24988,24990,1,0,1
24747,24990,24991,0,0,1
24976,24975,24992,0,0,1
24977,24992,24991,0,0,0
24731,24734,24993,0,0,1,1751
24994,24993,24995,1,0,1
24996,24995,24997,1,0,1
1035,24997,24998,1,0,1
24999,24998,25000,1,0,1
25001,25002,25003,1,1,1
25004,25005,25006,1,1,1
25007,25006,25008,1,0,1
23439,25008,25009,0,0,1
25000,25009,25003,0,0,0
24062,24732,25010,0,0,1,1752
24059,25010,25011,0,0,1
25012,25011,24994,1,0,0
24870,24879,25013,0,0,1,10966
24871,25013,25014,0,0,1
24868,25014,25015,0,0,1
25016,25015,25017,1,0,1
24297,25017,24294,0,0,0
23441,23443,25018,0,0,1,10968
25007,25018,25019,0,0,1
25020,25019,25021,1,0,1
25022,25021,25023,1,0,1
25024,25023,25025,1,0,1
25026,25025,25027,1,0,1
25028,25027,24407,1,0,0
24777,24739,25029,0,0,1,8405
25030,24774,25031,1,0,1
25032,25033,25034,1,1,1
25035,25034,25036,1,0,1
24741,25036,25037,0,0,1
24742,25037,25038,0,0,1
25029,25038,25031,0,0,0
3475,24881,25039,0,0,1,8406
3471,25039,25040,0,0,1
3469,3472,25041,0,0,1
24883,25041,25042,0,0,1
24948,25042,25040,0,0,0
24962,24964,25043,0,0,1,8407
2830,25043,25044,1,0,1
2832,25044,25045,1,0,1
15679,25045,25046,0,0,1
15676,25046,25047,0,0,1
15881,15677,25048,0,0,1
15673,25048,25049,0,0,1
15670,15674,25050,0,0,1
25047,25050,25049,0,0,0
25051,2815,25052,1,1,1,1750
2873,25053,25054,1,1,1
25055,25054,25056,1,0,1
24459,25056,25052,0,0,0
3346,2694,25057,1,1,1,8405
3348,3407,25058,1,1,1
2687,25058,25059,1,0,1
2691,25059,25060,1,0,1
2690,25060,25057,1,0,0
24989,24750,25061,0,0,1,41936
24987,25061,25062,0,0,1
24985,25062,25063,0,0,1
24983,25063,25064,0,0,1
25065,25064,25066,1,0,1
25067,25066,25068,1,0,1
25069,25070,25071,1,1,1
25072,25073,25074,1,1,1
25075,25076,25077,1,1,1
25078,25077,25079,1,0,1
25080,25079,25081,1,0,1
25082,25081,25083,1,0,1
25084,25083,25085,1,0,1
25086,25085,25087,1,0,1
25068,25087,25088,0,0,1
25071,25088,25074,0,0,0
23666,24054,25089,0,0,1,2775
1029,25089,25090,1,0,1
1033,1031,25091,1,1,1
25012,24996,25092,0,0,1
24056,25092,25093,0,0,1
24057,25093,25094,0,0,1
25090,25094,25091,0,0,0
24781,24775,25095,0,0,1,212
24771,25095,25096,0,0,1
24772,25096,25097,0,0,1
25098,25097,25099,1,0,1
25100,25099,25101,1,0,1
25102,25101,25030,1,0,0
24299,23654,25103,0,0,1,1750
24866,25016,25104,0,0,1
25105,25104,25106,1,0,1
25107,25108,25109,1,1,1
3800,25109,25110,0,0,1
5877,25110,25111,1,0,1
5879,25111,25112,1,0,1
5881,25112,25113,1,0,1
5886,5883,25114,1,1,1
25103,25114,25115,0,0,1
25106,25115,25113,0,0,0
24749,24972,25116,0,0,1,9174
25086,25116,25117,0,0,1
25118,25117,25119,1,0,1
25120,25119,25121,1,0,1
24854,25121,24851,0,0,0
25004,25020,25122,0,0,1,19158
25123,25122,25124,1,0,1
25125,25126,25127,1,1,1
25128,25127,25129,1,0,1
25130,25129,25131,1,0,1
25132,25131,25133,1,0,1
25134,25133,25135,1,0,1
25136,25137,25138,1,1,1
25022,25139,25140,0,1,1
25124,25140,25141,0,0,1
25135,25141,25138,0,0,0
25035,24744,25142,0,0,1,8404
25102,25033,25143,0,0,1
25100,25143,25144,0,0,1
24769,25098,25145,0,0,1
25146,25145,25147,1,0,1
3727,25147,25148,0,0,1
25142,23744,25149,0,0,1
25032,25149,25150,0,0,1
25144,25150,25148,0,0,0
25151,22617,25152,1,0,1,980
25153,25152,25154,1,0,1
25155,25154,25156,1,0,1
25157,25156,25158,1,0,1
25159,25158,25160,1,0,1
25161,25160,25162,1,0,1
25163,25162,25164,1,0,1
25165,25164,25166,1,0,1
25167,25168,25169,1,1,1
22619,25169,25170,0,0,1
22620,25170,25171,0,0,1
22647,25171,25166,0,0,0
24356,24365,25172,0,0,1,3539
25173,24354,25174,1,0,1
25175,25174,25176,1,0,1
24359,25176,25172,0,0,0
24242,24253,25177,0,0,1,723
25178,24243,25179,1,0,1
25180,25179,25181,1,0,1
25182,25181,25183,1,0,1
25184,25183,25185,1,0,1
25186,25185,25187,1,0,1
24246,25187,25177,0,0,0
24842,23638,25188,0,0,1,3031
24838,24840,25189,0,0,1
25190,25189,25191,1,0,1
25192,25191,25193,1,0,1
25194,25193,25195,1,0,1
25196,25195,25197,1,0,1
25198,25197,25199,1,0,1
25200,25199,25201,1,0,1
24275,25201,25202,0,0,1
24390,25202,25203,0,0,1
24388,25203,25188,0,0,0
3224,24820,25204,1,0,1,2774
25205,25204,25206,1,0,1
25207,25206,25208,1,0,1
24822,25209,25210,0,1,1
24823,25210,25211,0,0,1
24845,25211,25208,0,0,0
3239,3299,25212,1,1,1,215
5814,25212,25213,1,0,1
25214,25213,25215,1,0,1
25216,25217,25218,1,1,1
3234,25218,25219,1,0,1
3236,25219,25215,1,0,0
25028,24409,25220,0,0,1,213
25221,25026,25222,1,0,1
25223,25132,25224,1,0,1
25225,25224,25226,1,0,1
25078,25227,25228,0,1,1
25075,25228,25229,0,0,1
25230,25229,25231,1,0,1
25232,25233,25234,1,1,1
25235,25236,25237,1,1,1
25065,25238,25239,0,1,1
24981,25239,25240,0,0,1
24979,25240,25241,0,0,1
25220,25241,25242,0,0,1
25222,25242,25243,0,0,1
25244,25243,25245,1,0,1
25226,25245,25246,0,0,1
25231,25247,25248,0,1,1
25234,25248,25249,0,0,1
25237,25249,25246,0,0,0
25250,25251,25252,1,1,1,1749
25253,25254,25255,1,1,1
25256,25255,25257,1,0,1
25258,25257,25259,1,0,1
25260,25259,25261,1,0,1
25262,25261,25263,1,0,1
25264,25263,25265,1,0,1
25266,25265,25267,1,0,1
24125,25267,25268,1,0,1
24128,25268,25269,1,0,1
24133,24130,25270,1,1,1
25271,25272,25273,1,1,1
25274,25273,25275,1,0,1
25276,25275,25277,1,0,1
25278,25277,25279,1,0,1
25280,25279,25281,1,0,1
25282,25283,25284,1,1,1
25269,25252,25285,0,0,1
24127,25285,25286,1,0,1
25281,25270,25287,0,0,1
25284,25287,25286,0,0,0
24085,24087,25288,0,0,1,10453
24083,25288,25289,0,0,1
24092,3672,25290,0,0,1
24146,25290,25291,0,0,1
24089,25291,25292,0,0,1
24090,25292,25289,0,0,0
25293,25294,25295,1,1,1,979
25296,25295,25297,1,0,1
25298,25297,25299,1,0,1
25300,25299,25301,1,0,1
25302,25301,25303,1,0,1
25304,25305,25306,1,1,1
24347,25306,25307,1,0,1
25308,25307,25309,1,0,1
25310,25309,25311,1,0,1
25312,25311,25313,1,0,1
25314,25315,25316,1,1,1
25175,25317,25318,1,1,1
24358,25318,25319,1,0,1
22622,25319,25320,0,0,1
25167,25320,25321,0,0,1
25303,25321,25322,0,0,1
25313,25322,25316,0,0,0
25323,24813,25324,1,0,1,2774
25325,25326,25327,1,1,1
25328,25327,25329,1,0,1
25330,25331,25332,1,1,1
25333,25332,25334,1,0,1
24651,25334,25335,1,0,1
25324,25335,25329,0,0,0
24277,24705,25336,0,0,1,2775
25200,25336,25337,0,0,1
25198,25337,25338,0,0,1
25339,25338,25340,1,0,1
25341,25342,25343,1,1,1
25344,25345,25346,1,1,1
25347,25346,25348,1,0,1
25325,25348,25349,0,0,1
25323,25326,25350,0,0,1
24814,25350,25351,0,0,1
24811,25351,25352,0,0,1
24691,25352,25353,0,0,1
25343,25340,25354,0,0,1
25355,25354,25356,1,0,1
25353,25349,25357,0,0,1
24687,25357,25356,0,0,0
25139,25024,25358,0,0,1,1749
25136,25358,25359,0,0,1
25134,25137,25360,0,0,1
25244,25360,25361,0,0,1
25221,25361,25359,0,0,0
1054,25362,25363,1,1,1,2264
1046,23826,25364,1,0,1
1048,25364,25365,1,0,1
1051,25365,25366,1,0,1
25367,25366,25363,1,0,0
25368,24527,25369,1,0,1,8407
25370,25369,25371,1,0,1
24551,24533,25372,0,0,1
24529,25372,25373,0,0,1
24530,25373,25371,0,0,0
25374,25375,25376,1,1,1,10454
25377,25376,25378,1,0,1
25379,25378,25380,1,0,1
25381,25382,25383,1,1,1
25384,25385,25386,1,1,1
25380,25386,25383,0,0,0
3511,3513,25387,0,0,1,8406
3462,25387,25388,0,0,1
3464,24885,25389,0,0,1
3465,25389,25388,0,0,0
25390,25391,25392,1,1,1,3539
25393,25392,25394,1,0,1
25395,25396,25397,1,1,1
25398,25399,25400,1,1,1
25401,25400,25402,1,0,1
25180,25402,25403,1,0,1
25182,25403,25404,1,0,1
25184,25404,25405,1,0,1
25186,25405,25406,1,0,1
24245,25406,25407,1,0,1
25408,25407,25409,1,0,1
25410,25409,25411,1,0,1
24342,25411,25412,1,0,1
24362,25412,25413,1,0,1
24345,25413,25414,1,0,1
25304,24344,25415,0,1,1
25416,25415,25417,1,0,1
25418,25417,25419,1,0,1
25420,25419,25421,1,0,1
25422,25421,25423,1,0,1
25424,25423,25425,1,0,1
25394,25425,25426,0,0,1
25397,25426,25414,0,0,0
25001,25005,25427,0,0,1,9944
25002,25427,25428,0,0,1
25429,25428,25430,1,0,1
25431,25432,25433,1,1,1
25434,25433,25435,1,0,1
25125,25435,25436,0,0,1
25123,25126,25437,0,0,1
25430,25437,25438,0,0,1
25439,25438,25436,1,0,0
22544,3535,25440,0,0,1,10454
24595,25440,25441,0,0,1
3541,25442,25443,0,1,1
3539,25443,25444,0,0,1
3537,25444,25441,0,0,0
25445,25446,25447,1,1,1,43200
25448,25447,25449,1,0,1
25450,25449,25451,1,0,1
24795,25452,25453,1,1,1
24798,25453,25454,1,0,1
24800,25454,25455,1,0,1
25456,25457,25458,1,1,1
25459,25460,25461,1,1,1
25462,25461,25463,1,0,1
25451,25463,25464,0,0,1
25458,25455,25465,0,0,1
25466,25465,25464,1,0,0
24649,24678,25467,1,1,1,43968
25468,25467,25469,1,0,1
25470,25471,25472,1,1,1
25473,25472,25474,1,0,1
25475,25474,25476,1,0,1
24644,25476,25477,1,0,1
24646,25477,25469,1,0,0
24652,24680,25478,1,1,1,2759
25333,25478,25479,0,0,1
25480,25479,25481,1,0,1
25482,25481,25483,1,0,1
25471,25483,25484,0,0,1
25468,25484,24648,0,0,1
22295,22298,25485,0,0,1,1749
24586,25485,25486,0,0,1
24614,24587,25487,0,0,1
24583,25487,25488,0,0,1
24584,25488,25489,0,0,1
24581,25489,25490,0,0,1
24577,24579,25491,0,0,1
25486,25491,25490,0,0,0
3788,23746,25492,0,0,1,8404
25493,3785,25494,1,0,1
22891,25494,25492,1,0,0
25457,23778,25495,1,1,1,1222
25466,25456,25496,1,1,1
25460,25496,25497,1,0,1
25498,25497,25495,1,0,0
24858,24875,25499,0,0,1,2775
25500,24859,25501,1,0,1
25502,25501,25503,1,0,1
25504,25503,25505,1,0,1
25506,25505,25507,1,0,1
25508,25507,25509,1,0,1
25510,25509,25511,1,0,1
25512,25511,25513,1,0,1
24861,25513,25514,0,0,1
24862,25514,25499,0,0,0
24524,25368,25515,0,0,1,214
25516,25515,25517,1,0,1
25518,25517,25519,1,0,1
25520,25519,25521,1,0,1
24532,25522,25523,0,1,1
25370,25523,25521,0,0,0
3782,25524,25525,1,1,1,41168
25493,25525,25526,1,0,1
22887,22889,25527,0,0,1
25528,22884,25529,1,0,1
25526,25529,25527,0,0,0
25512,24864,25530,0,0,1,9942
25508,25510,25531,0,0,1
25532,25531,25533,1,0,1
25534,25533,25535,1,0,1
25108,25535,25536,0,0,1
25105,25536,25530,0,0,0
25120,24856,25537,0,0,1,9942
25084,25118,25538,0,0,1
25539,25538,25540,1,0,1
25541,25540,25542,1,0,1
25543,25542,25544,1,0,1
25504,25544,25545,0,0,1
25502,25545,25546,0,0,1
25500,25546,25537,0,0,0
1039,1037,25547,1,1,1,9942
25548,25547,25549,1,0,1
25550,25549,25551,1,0,1
25552,25551,25553,1,0,1
25554,25553,25555,1,0,1
25431,25556,25557,0,1,1
25432,25557,25558,0,0,1
25439,25558,25559,0,0,1
24999,25429,25560,0,0,1
25555,25560,25559,0,0,0
25561,24522,25562,1,0,1,8406
25563,25564,25565,1,1,1
25566,25565,25567,1,0,1
25568,25569,25570,1,1,1
25571,25572,25573,1,1,1
25574,25575,25576,1,1,1
25577,25576,25578,1,0,1
25579,25578,25580,1,0,1
25581,25580,25582,1,0,1
25583,25582,25584,1,0,1
25585,25584,25586,1,0,1
24535,25586,25587,0,0,1
25522,25587,25588,0,0,1
25518,25520,25589,0,0,1
25562,24525,25590,0,0,1
25588,25573,25591,0,0,1
25589,25591,25592,0,0,1
25590,25516,25593,0,0,1
25567,25593,25594,0,0,1
25570,25594,25595,0,0,1
25596,25595,25592,1,0,0
24556,24558,25597,0,0,1,214
25563,25598,25599,0,1,1
25564,25599,25600,0,0,1
25561,25600,25601,0,0,1
24520,25601,25597,0,0,0
22535,22537,25602,0,0,1,12501
24607,25602,25603,0,0,1
24618,24605,25604,0,0,1
24601,25604,25605,0,0,1
24602,25605,25606,0,0,1
24599,25606,25607,0,0,1
22539,25607,25608,0,0,1
25603,22540,25609,0,0,1
24604,25609,25608,0,0,0
24767,25146,25610,0,0,1,8405
24765,25610,25611,0,0,1
3749,25611,25612,0,0,1
3746,25612,25613,0,0,1
25614,25615,25616,1,1,1
3726,25617,25618,0,1,1
25613,25618,25619,0,0,1
25620,25619,25616,1,0,0
25293,25621,25622,0,1,1,9172
25294,25622,25623,0,0,1
25165,25168,25624,0,0,1
25163,25624,25625,0,0,1
25161,25625,25626,0,0,1
25159,25626,25627,0,0,1
25157,25627,25628,0,0,1
25155,25628,25623,0,0,0
25569,25566,25629,1,1,1,213
25630,25629,25631,1,0,1
25632,25631,25633,1,0,1
25634,25635,25636,1,1,1
25574,25636,25637,1,0,1
25638,25637,25639,1,0,1
25640,25641,25642,1,1,1
25643,25642,25644,1,0,1
25645,25646,25647,1,1,1
25648,25647,25649,1,0,1
25650,25649,25651,1,0,1
25652,25651,25653,1,0,1
25654,25653,25655,1,0,1
25656,25655,25657,1,0,1
25658,25659,25660,1,1,1
25661,25660,25662,1,0,1
25663,25662,25664,1,0,1
25665,25664,25666,1,0,1
25253,25666,25667,0,0,1
25668,25667,25669,1,0,1
25670,25668,25671,1,0,1
25672,25673,25674,1,1,1
25675,25676,25677,1,1,1
25678,25679,25680,1,1,1
24073,25680,25681,1,0,1
24554,25681,25682,1,0,1
25598,25682,25683,1,0,1
25633,25683,25684,0,0,1
25644,25639,25685,0,0,1
25669,25657,25686,0,0,1
25674,25671,25687,0,0,1
25684,25688,25689,0,1,1
25686,25685,25690,0,0,1
25687,25690,25691,0,0,1
25677,25691,25689,0,0,0
25692,6004,25693,1,0,1,8405
25694,25695,25696,1,1,1
25697,25696,25698,1,0,1
25699,25698,25700,1,0,1
25701,25702,25703,1,1,1
25704,25703,25705,1,0,1
6006,25705,25706,0,0,1
25693,25706,25700,0,0,0
25707,25708,25709,1,1,1,725
25710,25711,25712,1,1,1
25713,25712,25714,1,0,1
3358,25714,25715,0,0,1
3356,25715,25716,0,0,1
25717,25716,25718,1,0,1
25719,25720,25721,1,1,1
25722,25723,25724,1,1,1
25709,25724,25725,0,0,1
25718,25725,25721,0,0,0
25726,3227,25727,1,1,1,2775
25728,25727,25729,1,0,1
25730,25731,25732,1,1,1
25733,25734,25735,1,1,1
25736,25737,25738,1,1,1
25739,25738,25740,1,0,1
25741,25740,25742,1,0,1
5835,25742,25743,1,0,1
25744,25743,25745,1,0,1
25746,25745,25747,1,0,1
25748,25749,25750,1,1,1
25751,25750,25752,1,0,1
25207,25752,25753,0,0,1
25729,25205,25754,0,0,1
25755,25754,25756,1,0,1
25735,25732,25757,0,0,1
25747,25757,25758,0,0,1
25756,25753,25759,0,0,1
25760,25759,25758,1,0,0
3232,3229,25761,1,1,1,2774
25216,3231,25762,0,1,1
25731,25762,25763,0,0,1
25760,25763,25764,0,0,1
25755,25764,25765,0,0,1
25728,25765,25766,0,0,1
25726,25766,25761,0,0,0
25128,25130,25767,0,0,1,214
25556,25434,25768,0,0,1
25769,25768,25770,1,0,1
25771,25770,25772,1,0,1
25773,25772,25774,1,0,1
25775,25774,25776,1,0,1
25777,25776,25778,1,0,1
25223,25778,25767,0,0,0
22293,24590,25779,0,0,1,8405
22290,25779,25780,0,0,1
25781,25780,25782,1,0,1
25783,25782,25784,1,0,1
25785,25784,25786,1,0,1
25787,25786,25788,1,0,1
25789,25790,25791,1,1,1
25792,25793,25794,1,1,1
25795,25796,25797,1,1,1
25798,25799,25800,1,1,1
3543,25800,25801,0,0,1
25442,25801,25802,0,0,1
24596,25802,25803,0,0,1
24592,25803,25804,0,0,1
24593,25804,25805,0,0,1
25788,24626,25806,0,0,1
25791,25806,25807,0,0,1
25808,25807,25809,1,0,1
25794,25809,25810,0,0,1
25797,25810,25805,0,0,0
25811,2846,25812,1,1,1,8406
25813,25814,25815,1,1,1
25816,25815,25817,1,0,1
25818,25819,25820,1,1,1
25821,25820,25822,1,0,1
25823,25822,25824,1,0,1
25825,25824,25826,1,0,1
25827,25826,25828,1,0,1
25829,25828,25830,1,0,1
2844,25831,25832,1,1,1
25812,25832,25833,0,0,1
25817,25833,25830,0,0,0
25347,25328,25834,0,0,1,3031
25835,25834,25836,1,0,1
25837,25838,25839,1,1,1
25840,25839,25841,1,0,1
25842,25841,25843,1,0,1
25844,25843,25845,1,0,1
25331,25845,25836,0,0,0
25751,25209,25846,0,0,1,3030
25847,25846,25848,1,0,1
25849,25850,25851,1,1,1
24831,25851,25852,0,0,1
24832,25852,25853,0,0,1
24827,24829,25854,0,0,1
25848,24825,25855,0,0,1
25853,25855,25854,0,0,0
25856,25857,25858,1,1,1,2775
25859,25860,25861,1,1,1
25862,25863,25864,1,1,1
25865,25866,25867,1,1,1
25868,25867,25869,1,0,1
25870,25869,25871,1,0,1
25872,25873,25874,1,1,1
25858,25874,25875,0,0,1
25861,25875,25876,0,0,1
25864,25876,25871,0,0,0
25543,25506,25877,0,0,1,1751
25878,25877,25879,1,0,1
25880,25879,25881,1,0,1
25882,25883,25884,1,1,1
25885,25884,25886,1,0,1
25887,25886,25888,1,0,1
3803,25888,25889,0,0,1
3799,25889,25890,0,0,1
25107,25890,25891,0,0,1
25534,25891,25892,0,0,1
25532,25892,25881,0,0,0
24537,24539,25893,0,0,1,214
25585,25893,25894,0,0,1
25895,25894,25896,1,0,1
21072,25896,25897,0,0,1
21073,25897,24541,0,0,0
25617,3729,25898,0,0,1,8404
25614,25898,25899,0,0,1
25620,25615,25900,0,0,1
3744,25900,25901,0,0,1
25902,25901,25903,1,0,1
3735,25903,25904,0,0,1
3733,25904,25905,0,0,1
3731,25905,25899,0,0,0
25692,6002,25906,1,1,1,214
25695,25906,25907,1,0,1
25908,25907,25909,1,0,1
25910,25909,25911,1,0,1
25912,25911,25913,1,0,1
25813,25914,25915,0,1,1
25811,25814,25916,0,0,1
25913,25916,25915,0,0,0
24351,25173,25917,0,0,1,980
24349,24352,25918,0,0,1
25308,25918,25919,1,0,1
25310,25919,25920,1,0,1
25312,25920,25921,1,0,1
25315,25921,25922,1,0,1
25317,25314,25923,1,1,1
25917,25923,25922,0,0,0
25844,25330,25924,0,0,1,3030
25840,25842,25925,0,0,1
25926,25925,25927,1,0,1
25928,25927,25929,1,0,1
25480,25929,25924,0,0,0
25748,25847,25930,0,0,1,3031
25746,25749,25931,0,0,1
25932,25931,25933,1,0,1
25934,25935,25936,1,1,1
25937,25936,25938,1,0,1
25939,25938,25940,1,0,1
24834,25940,25941,0,0,1
25849,25941,25942,0,0,1
25930,25850,25943,0,0,1
25933,25943,25942,0,0,0
25944,25217,25945,1,0,1,2774
25946,25945,25947,1,0,1
25948,25949,25950,1,1,1
25736,25951,25952,0,1,1
25733,25737,25953,0,0,1
25730,25734,25954,0,0,1
25947,25954,25955,0,0,1
25956,25955,25957,1,0,1
25952,25950,25958,0,0,1
25953,25958,25957,0,0,0
23822,1041,25959,0,1,1,9943
25960,25959,25961,1,0,1
25962,25961,25963,1,0,1
25964,25963,25548,1,0,0
15689,15841,25965,0,0,1,8407
25966,25965,25967,1,0,1
25968,25967,25969,1,0,1
15693,25969,15843,0,0,0
25970,25971,25972,1,1,1,9941
25973,25974,25975,1,1,1
25976,25975,25977,1,0,1
25978,25977,25979,1,0,1
25980,25981,25982,1,1,1
25983,25982,25984,1,0,1
25985,25984,25986,1,0,1
25908,25910,25987,0,0,1
25694,25987,25988,1,0,1
25697,25988,25989,1,0,1
25702,25699,25990,1,1,1
25972,25990,25991,0,0,1
25979,25991,25992,0,0,1
25986,25992,25989,0,0,0
25723,25993,25719,0,1,0,1749
25994,25995,25996,1,1,1,8405
3364,23690,25997,0,0,1
3362,25997,25998,0,0,1
3360,25998,25999,0,0,1
25710,25713,26000,0,0,1
26001,26000,26002,1,0,1
25996,26002,25999,0,0,0
26003,26004,26005,1,1,1,11220
26006,26005,26007,1,0,1
26008,26007,26009,1,0,1
26010,26009,26011,1,0,1
26012,26011,26013,1,0,1
5816,25214,26014,1,0,1,2775
5951,5820,26015,1,1,1
5824,26015,26016,1,0,1
5823,26016,26017,1,0,1
5991,26017,26018,1,0,1
5827,26018,26019,1,0,1
25948,26020,26021,0,1,1
25956,25949,26022,0,0,1
25946,26022,26023,0,0,1
26014,25944,26024,0,0,1
5818,26024,26025,1,0,1
26019,5821,26026,0,1,1
26027,26026,26028,1,0,1
26021,26028,26029,0,0,1
26023,26029,26025,0,0,0
26030,25082,26031,1,0,1,9174
26032,26031,26033,1,0,1
25885,26034,26035,0,1,1
26036,25882,26037,1,0,1
26038,26037,26039,1,0,1
26040,26039,26041,1,0,1
25539,26041,26042,0,0,1
26033,26042,26035,0,0,0
25235,25238,26043,0,0,1,981
25232,25236,26044,0,0,1
25230,25233,26045,0,0,1
25076,26045,26046,0,0,1
25072,26046,26047,0,0,1
25073,26047,26048,0,0,1
25069,26048,26049,0,0,1
25070,26049,26050,0,0,1
25067,26050,26051,0,0,1
26043,26051,26044,0,0,0
25798,3545,26052,0,0,1,213
25795,25799,26053,0,0,1
26054,26053,26055,1,0,1
26056,26055,26057,1,0,1
26058,26057,26059,1,0,1
26060,26059,26061,1,0,1
26062,26061,26063,1,0,1
26064,26063,26065,1,0,1
26066,26065,26067,1,0,1
26068,26067,26069,1,0,1
26070,26069,26071,1,0,1
3549,26071,26072,0,0,1
3547,26072,26052,0,0,0
26073,26074,26075,1,1,1,8404
26076,26075,26077,1,0,1
26078,26077,26079,1,0,1
26080,26079,26081,1,0,1
26082,26081,26083,1,0,1
26012,26083,26084,1,0,1
26085,26084,26086,1,0,1
25416,26087,26088,0,1,1,1747
25305,26088,26089,0,0,1
25302,26089,26090,0,0,1
25300,26090,26091,0,0,1
26092,26093,26094,1,1,1
26095,26094,26091,1,0,0
25928,25482,26096,0,0,1,43984
25926,26096,26097,0,0,1
26098,26097,26099,1,0,1
26100,26101,26102,1,1,1
26103,26102,26104,1,0,1
25473,26104,26105,0,0,1
25470,26105,26099,0,0,0
26106,26107,26108,1,1,1,2775
26109,26110,26111,1,1,1
26112,26111,26113,1,0,1
26114,26113,26115,1,0,1
26116,26115,26117,1,0,1
26118,26117,26108,1,0,0
26040,25541,26119,0,0,1,9943
26038,26119,26120,0,0,1
25883,26036,26121,0,0,1
25880,26121,26122,0,0,1
25878,26122,26120,0,0,0
25552,25554,26123,0,0,1,1750
26124,25550,26125,1,0,1
26126,26125,26127,1,0,1
26128,26127,26129,1,0,1
26130,26129,26131,1,0,1
26132,26131,26133,1,0,1
26134,26133,26135,1,0,1
25769,26135,26123,0,0,0
3454,3458,26136,0,0,1,8406
3508,3455,26137,0,0,1
3452,26137,26138,0,0,1
26139,26138,26140,1,0,1
26141,26142,26143,1,1,1
26144,26145,26146,1,1,1
3447,26146,26147,0,0,1
26148,26147,26149,1,0,1
26150,26149,26151,1,0,1
26152,26151,26153,1,0,1
26154,26153,26155,1,0,1
26156,26155,26157,1,0,1
26158,26157,26159,1,0,1
26160,26159,26161,1,0,1
26162,24909,26163,1,0,1
26164,26165,26166,1,1,1
24889,26166,26167,0,0,1
26136,26167,26168,0,0,1
26140,26168,26169,0,0,1
26161,26143,26170,0,0,1
24912,26170,26171,0,0,1
26169,26163,26172,0,0,1
26173,26172,26171,1,0,0
24674,24642,26174,0,0,1,43728
26175,26174,26176,1,0,1
26177,26176,26178,1,0,1
26179,26180,26181,1,1,1
26182,26181,26183,1,0,1
26101,26184,26185,1,1,1
25475,26103,26186,1,1,1
24641,26186,26187,0,0,1
26183,26188,26189,0,1,1
26185,26189,26190,0,0,1
26187,26100,26191,0,1,1
26178,26191,26190,0,0,0
25777,25225,26192,0,0,1,981
26193,26192,26194,1,0,1
26195,26194,26196,1,0,1
26197,26198,26199,1,1,1
26200,26199,26201,1,0,1
26202,26201,26203,1,0,1
26204,26203,26205,1,0,1
26206,26205,26207,1,0,1
26208,26207,26209,1,0,1
25247,26209,26196,0,0,0
25773,25775,26210,0,0,1,982
26134,25771,26211,0,0,1
26132,26211,26212,0,0,1
26213,26212,26214,1,0,1
26215,26216,26217,1,1,1
26218,26217,26219,1,0,1
26220,26219,26221,1,0,1
26222,26221,26223,1,0,1
26224,26223,26225,1,0,1
26202,26226,26227,0,1,1
26197,26200,26228,0,0,1
26195,26198,26229,0,0,1
26193,26229,26230,0,0,1
26210,26230,26231,0,0,1
26214,26231,26232,0,0,1
26225,26232,26233,0,0,1
26227,26233,26228,0,0,0
25524,26234,26235,0,1,1,42704
26236,26234,26237,1,0,1,1748
26238,26237,26239,1,0,1
26240,26241,26242,1,1,1
26243,26244,26245,1,1,1
26246,26247,26248,1,1,1
26249,26248,26250,1,0,1
26251,26250,26252,1,0,1
26253,26252,26254,1,0,1
3780,26254,26255,1,0,1
3779,26255,26256,1,0,1
26239,3783,26257,0,1,1
26242,26257,26258,0,0,1
26245,26258,26256,0,0,0
25902,3737,26259,0,0,1,213
3741,26259,26260,0,0,1
3742,26260,26261,0,0,1
3795,26261,3739,0,0,0
15686,15690,26262,0,0,1,216
26263,26262,26264,1,0,1
26265,26264,26266,1,0,1
26267,26266,26268,1,0,1
26269,26268,25966,1,0,0
26270,26271,26272,1,1,1,8405
26273,26272,26274,1,0,1
26275,26274,26276,1,0,1
26277,26276,26278,1,0,1
26080,26278,26279,1,0,1
26010,26082,26280,0,1,1
26281,26280,26279,1,0,0
26006,26008,26282,0,0,1,11221
26283,26282,26284,1,0,1
26285,26284,26286,1,0,1
26287,26286,26288,1,0,1
26289,26288,26290,1,0,1
26291,26290,26292,1,0,1
26293,26292,26294,1,0,1
26295,26296,26297,1,1,1
26298,26297,26299,1,0,1
26300,26299,26301,1,0,1
26302,26301,26303,1,0,1
26304,26303,26305,1,0,1
26306,26305,26307,1,0,1
26270,26307,26308,0,0,1
26281,26271,26309,0,0,1
26294,26309,26310,0,0,1
26311,26310,26308,1,0,0
26312,26313,26314,1,1,1,1748
26315,26314,26316,1,0,1
26317,26318,26319,1,1,1
26320,26319,26321,1,0,1
26322,26321,26323,1,0,1
26324,26323,26325,1,0,1
26326,26325,26327,1,0,1
26328,26329,26330,1,1,1
26331,26332,26333,1,1,1
26334,26333,26335,1,0,1
26336,26337,26338,1,1,1
26339,26340,26341,1,1,1
26316,26341,26342,0,0,1
26330,26327,26343,0,0,1
26335,26343,26344,0,0,1
26338,26344,26342,0,0,0
25341,25355,26345,0,0,1,2774
26346,25342,26347,1,0,1
26348,26347,26349,1,0,1
26350,26349,26351,1,0,1
26352,26351,26353,1,0,1
25838,26353,26354,0,0,1
25835,26354,26355,0,0,1
25344,26355,26356,0,0,1
25345,26356,26345,0,0,0
21077,21079,26357,0,0,1,1750
25895,21075,26358,0,0,1
25583,26358,26359,0,0,1
26360,25581,26361,1,0,1
26362,26361,26363,1,0,1
21085,26363,26364,0,0,1
21081,26364,26365,0,0,1
21082,26365,26366,0,0,1
26357,26366,26359,0,0,0
3551,3685,26367,0,0,1,10454
26070,3552,26368,0,0,1
26369,26368,26370,1,0,1
3558,26370,26371,0,0,1
3554,26371,26372,0,0,1
3555,26372,26367,0,0,0
15683,15687,26373,0,0,1,8407
26374,15684,26375,1,0,1
26376,26375,26377,1,0,1
26378,26379,26380,1,1,1
26381,26380,26382,1,0,1
26263,26382,26383,0,0,1
26373,26383,26377,0,0,0
26384,2836,26385,1,1,1,9943
26386,26387,26388,1,1,1
26389,26390,26391,1,1,1
26392,26391,26393,1,0,1
26394,26395,26396,1,1,1
26397,26398,26399,1,1,1
26374,26399,26400,0,0,1
15681,26400,26401,0,0,1
26385,26401,26402,0,0,1
26393,26388,26403,0,0,1
26404,26403,26405,1,0,1
26396,26405,26406,0,0,1
26407,26406,26402,1,0,0
25831,2842,26408,0,1,1,12502
25829,26408,26409,0,0,1
26410,25827,26411,1,0,1
26412,26411,26413,1,0,1
26414,26413,26415,1,0,1
26416,26415,26417,1,0,1
2840,26417,26409,1,0,0
26277,26078,26418,0,1,1,16597
26275,26418,26419,0,0,1
26420,26419,26421,1,0,1
26422,26421,26423,1,0,1
26424,26425,26426,1,1,1
26427,26426,26428,1,0,1
26429,26428,26423,1,0,0
25339,25196,26430,1,1,1,3030
26346,26430,26431,1,0,1
26432,26431,26433,1,0,1
26434,26433,26435,1,0,1
26436,26435,26437,1,0,1
26438,26437,26439,1,0,1
26440,26438,26441,1,0,1
26442,26443,26444,1,1,1
26445,26446,26447,1,1,1
26448,26447,26449,1,0,1
26450,26451,26452,1,1,1
26453,26454,26455,1,1,1
26456,26455,26457,1,0,1
26458,26459,26460,1,1,1
26461,26460,26462,1,0,1
26463,26462,26464,1,0,1
26465,26464,26466,1,0,1
26467,26466,26468,1,0,1
26469,26470,26471,1,1,1
26472,26473,26474,1,1,1
26475,26474,26476,1,0,1
26477,26476,26478,1,0,1
26479,26478,26480,1,0,1
26481,26480,26482,1,0,1
26483,26484,26485,1,1,1
4250,26485,26486,1,0,1
4254,26486,26487,1,0,1
4253,26487,26488,1,0,1
5841,4210,26489,0,1,1
5837,5839,26490,0,0,1
25744,26490,26491,1,0,1
25932,26491,26492,1,0,1
25935,26492,26493,1,0,1
24836,25939,26494,1,1,1
25190,26494,26495,1,0,1
25192,26495,26496,1,0,1
26439,25194,26497,0,1,1
26441,26497,26498,0,0,1
26457,26499,26500,0,1,1
26501,26500,26502,1,0,1
26468,26502,26503,0,0,1
26504,26503,26505,1,0,1
26493,26489,26506,0,0,1
25934,26506,26507,1,0,1
26496,25937,26508,0,1,1
26498,26508,26509,0,0,1
26444,26509,26510,0,0,1
26505,26452,26511,0,0,1
26507,26488,26512,0,0,1
26510,26512,26513,0,0,1
26514,26513,26515,1,0,1
26511,26516,26517,0,1,1
26471,26517,26518,0,0,1
26515,26482,26519,0,0,1
26449,26519,26518,0,0,0
26520,25962,26521,1,0,1,9942
26522,26521,26523,1,0,1
26524,26523,26525,1,0,1
26526,26525,26527,1,0,1
26124,26527,25964,0,0,0
25781,25783,26528,0,0,1,213
22286,22288,26529,0,0,1
26530,26529,26531,1,0,1
26532,26533,26534,1,1,1
25785,26535,26536,0,1,1
26528,26536,26537,0,0,1
26534,26531,26538,0,0,1
26539,26538,26537,1,0,0
26164,24891,26540,0,0,1,214
26162,26165,26541,0,0,1
24907,24910,26542,0,0,1
24905,26542,26543,0,0,1
24957,24903,26544,0,0,1
24899,26544,26545,0,0,1
24900,26545,26546,0,0,1
24897,26546,26547,0,0,1
24895,26547,26548,0,0,1
24893,26548,26549,0,0,1
26540,26549,26550,0,0,1
26543,26541,26551,0,0,1
24902,26551,26550,0,0,0
25983,25985,26552,0,0,1,14037
26553,25980,26554,1,0,1
26555,26554,26556,1,0,1
26557,26556,26558,1,0,1
26559,26558,26560,1,0,1
26561,26560,26562,1,0,1
26563,26562,26564,1,0,1
25912,26564,26552,0,0,0
26273,26420,26565,0,0,1,8406
26566,26306,26567,1,0,1
26568,26567,26569,1,0,1
26570,26571,26572,1,1,1
26573,26572,26574,1,0,1
26425,26574,26575,0,0,1
26565,26422,26576,0,0,1
26569,26576,26575,0,0,0
26340,26577,26578,0,1,1,11220
26336,26578,26579,0,0,1
26580,26337,26581,1,0,1
26287,26581,26582,0,0,1
26285,26582,26583,0,0,1
26584,26583,26579,1,0,0
25395,25399,26585,0,0,1,3538
25393,25396,26586,0,0,1
26587,26586,26588,1,0,1
26589,26588,26590,1,0,1
26591,26590,26592,1,0,1
26593,26592,26594,1,0,1
26595,26594,26596,1,0,1
26597,26598,26599,1,1,1
26600,26601,26602,1,1,1
26603,26602,26604,1,0,1
26605,26604,26606,1,0,1
26607,26606,26608,1,0,1
26609,26608,26610,1,0,1
26611,26612,26613,1,1,1
26614,26613,26615,1,0,1
26616,26617,26618,1,1,1
26619,26620,26621,1,1,1
26622,26623,26624,1,1,1
26625,26626,26627,1,1,1
26628,26627,26629,1,0,1
26630,26631,26632,1,1,1
26633,26632,26634,1,0,1
26635,26636,26637,1,1,1
25398,26637,26638,0,0,1
26585,26638,26639,0,0,1
26596,26639,26640,0,0,1
26610,26599,26641,0,0,1
26615,26641,26642,0,0,1
26618,26642,26643,0,0,1
26621,26643,26644,0,0,1
26624,26644,26645,0,0,1
26634,26629,26646,0,0,1
26640,26646,26645,0,0,0
26647,26648,26649,1,1,1,42176
26650,26649,26651,1,0,1
26652,26651,25462,1,0,0
25951,25739,26653,0,0,1,3031
26027,26020,26654,0,0,1
26655,5826,26656,1,1,1
26657,26656,26658,1,0,1
26659,26658,26660,1,0,1
26661,26660,26662,1,0,1
5832,26662,26663,1,0,1
25741,26663,26664,0,0,1
26653,26664,26654,0,0,0
1067,23820,26665,1,0,1,10455
1071,26665,26666,1,0,1
1070,26666,26667,1,0,1
26668,26667,26669,1,0,1
26670,26669,26671,1,0,1
26520,26671,25960,0,0,0
25568,25596,26672,0,0,1,214
25635,25632,26673,1,1,1
25575,25634,26674,0,1,1
25571,26674,26675,0,0,1
26672,25572,26676,0,0,1
25630,26676,26677,1,0,1
26673,26677,26675,0,0,0
24960,24943,26678,0,0,1,12501
24941,26678,26679,0,0,1
26680,26681,26682,1,1,1
24201,26683,26684,0,1,1
26679,26684,26682,0,0,0
26685,15692,26686,1,0,1,2262
26687,26686,26688,1,0,1
26689,26688,26690,1,0,1
26148,26690,3444,0,0,0
26269,25968,26691,0,0,1,10455
26692,26693,26694,1,1,1
26695,26696,26697,1,1,1
26698,26697,26699,1,0,1
26150,26699,26700,0,0,1
26689,26700,26701,0,0,1
26687,26701,26702,0,0,1
26691,26685,26703,0,0,1
26694,26703,26702,0,0,0
26397,26376,26704,0,0,1,14039
26407,26398,26705,0,0,1
26394,26705,26706,0,0,1
26395,26706,26707,0,0,1
26404,26707,26708,0,0,1
26392,26708,26709,0,0,1
26389,26709,26710,0,0,1
26711,26710,26712,1,0,1
26378,26712,26713,0,0,1
26379,26713,26704,0,0,0
26714,26034,26715,1,0,1,2774
26716,26715,26717,1,0,1
26718,26717,26719,1,0,1
3811,26720,26721,0,1,1
3809,3812,26722,0,0,1
3807,26722,26723,0,0,1
25887,3802,26724,0,0,1
26719,26724,26725,0,0,1
26723,26721,26726,0,0,1
3805,26726,26725,0,0,0
26362,21084,26727,0,0,1,9943
26728,26727,26729,1,0,1
26730,26729,26731,1,0,1
26732,26731,26733,1,0,1
26734,26733,26735,1,0,1
21088,26735,21129,0,0,0
26736,3567,26737,1,0,1,1750
26738,26737,26739,1,0,1
26740,26739,26741,1,0,1
26742,26741,26743,1,0,1
26744,26745,26746,1,1,1
3692,26747,26748,0,1,1
3569,26748,26749,0,0,1
3570,26749,26750,0,0,1
26743,3690,26751,0,0,1
26746,26751,26750,0,0,0
26068,26369,26752,0,0,1,8406
26066,26752,26753,0,0,1
26754,26753,26755,1,0,1
26756,26757,26758,1,1,1
26759,26760,26761,1,1,1
26762,26761,26763,1,0,1
26764,26763,26765,1,0,1
26766,26767,26768,1,1,1
26769,26768,26770,1,0,1
26771,26770,26772,1,0,1
26773,26772,26774,1,0,1
26775,26774,26776,1,0,1
26777,26776,26778,1,0,1
26779,26778,26780,1,0,1
26781,26782,26783,1,1,1
26784,26785,26786,1,1,1
3561,26787,26788,0,1,1
26758,26755,26789,0,0,1
26790,26789,26791,1,0,1
26780,26792,26793,0,1,1
26794,26793,26795,1,0,1
26786,26783,26796,0,0,1
26791,3557,26797,0,0,1
26798,26797,26799,1,0,1
26795,26765,26800,0,0,1
26796,26800,26801,0,0,1
26799,26788,26802,0,0,1
26803,26802,26801,1,0,0
26539,26535,26804,0,0,1,212
26532,26804,26805,0,0,1
26806,26533,26807,1,0,1
26808,26807,26809,1,0,1
26810,26809,26811,1,0,1
26812,26811,26813,1,0,1
25787,26813,26805,0,0,0
26814,26815,26816,1,1,1,9940
26817,26818,26819,1,1,1
26243,26819,26820,0,0,1
26244,26820,26821,0,0,1
26240,26821,26822,0,0,1
26238,26241,26823,0,0,1
26824,26823,26825,1,0,1
26816,26825,26826,0,0,1
26827,26826,26822,1,0,0
26828,26829,26830,1,1,1,8404
26831,26830,26832,1,0,1
26833,26834,26835,1,1,1
26836,26835,26837,1,0,1
26838,26837,26839,1,0,1
26840,26841,26842,1,1,1
26832,26842,26839,0,0,0
26843,24206,26844,1,0,1,8404
26845,26846,26847,1,1,1
26848,26849,26850,1,1,1
26851,26850,26852,1,0,1
24932,26852,26853,0,0,1
26854,26853,26855,1,0,1
26856,26855,26857,1,0,1
26858,26857,26859,1,0,1
26860,26859,26861,1,0,1
26862,26861,26863,1,0,1
26864,26865,26866,1,1,1
3756,26866,26867,0,0,1
26844,26867,26868,0,0,1
26847,26868,26869,0,0,1
26863,26870,26871,0,1,1
26872,26871,26869,1,0,0
26410,26412,26873,0,0,1,8407
25825,26873,26874,0,0,1
25821,25823,26875,0,0,1
26876,26875,26877,1,0,1
26878,26877,26879,1,0,1
2838,26384,26880,1,0,1
26416,26880,26881,0,0,1
26414,26881,26882,0,0,1
26874,26882,26879,0,0,0
26563,25914,26883,0,0,1,9942
26884,26561,26885,1,0,1
26886,26885,26887,1,0,1
26888,26887,26889,1,0,1
26890,26889,26891,1,0,1
25819,26891,26892,0,0,1
25816,26892,26883,0,0,0
26893,26555,26894,1,0,1,10454
26895,26896,26897,1,1,1
26898,26899,26900,1,1,1
26901,26902,26903,1,1,1
26904,26903,26905,1,0,1
26906,26905,26907,1,0,1
26886,26888,26908,0,0,1
26559,26884,26909,0,0,1
26894,26557,26910,0,0,1
26897,26910,26911,0,0,1
26900,26911,26912,0,0,1
26907,26912,26913,0,0,1
26908,26913,26909,0,0,0
26570,26914,26915,0,1,1,8407
26916,26915,26917,1,0,1
26918,26917,26919,1,0,1
26920,26919,26921,1,0,1
26922,26921,26923,1,0,1
26924,26923,26925,1,0,1
26130,26213,26926,0,0,1,9174
26927,26926,26928,1,0,1
26929,26928,26930,1,0,1
26931,26932,26933,1,1,1
26934,26933,26935,1,0,1
26936,26937,26938,1,1,1
26216,26938,26939,0,0,1
26930,26939,26935,0,0,0
24178,22284,26940,1,0,1,8404
24181,26940,26941,1,0,1
26942,26943,26944,1,1,1
26945,26946,26947,1,1,1
26948,26949,26950,1,1,1
26951,26952,26953,1,1,1
24180,26954,26955,1,1,1
24184,26955,26956,1,0,1
26957,26956,26958,1,0,1
26959,26960,26961,1,1,1
26962,26961,26963,1,0,1
26964,26965,26966,1,1,1
26967,26968,26969,1,1,1
26970,26969,26971,1,0,1
26972,26971,26973,1,0,1
26974,26973,26975,1,0,1
26976,26975,26977,1,0,1
26978,26977,26979,1,0,1
26980,26981,26982,1,1,1
26983,26984,26985,1,1,1
26986,26987,26988,1,1,1
26989,26990,26991,1,1,1
26992,26993,26994,1,1,1
26995,26994,26996,1,0,1
26997,26998,26999,1,1,1
27000,26999,27001,1,0,1
27002,27001,27003,1,0,1
27004,27003,27005,1,0,1
27006,27005,27007,1,0,1
27008,27007,27009,1,0,1
27010,27009,27011,1,0,1
27012,27011,27013,1,0,1
27014,27015,27016,1,1,1
27017,27016,27018,1,0,1
27019,27018,27020,1,0,1
26806,27020,27021,0,0,1
26941,26530,27022,0,0,1
26944,27022,27023,0,0,1
26947,27023,27024,0,0,1
27025,27024,27026,1,0,1
27027,27026,27028,1,0,1
26958,26953,27029,0,0,1
26963,27029,27030,0,0,1
26966,27031,27032,0,1,1
26985,26982,27033,0,0,1
26991,26988,27034,0,0,1
27013,27035,27036,0,1,1
27021,27037,27038,0,1,1
27028,27038,27039,0,0,1
26950,27039,27040,0,0,1
27030,27041,27042,0,1,1
27032,27042,27043,0,0,1
27033,26979,27044,0,0,1
27045,27044,27046,1,0,1
27047,27046,27048,1,0,1
27036,26996,27049,0,0,1
27040,27049,27050,0,0,1
27048,27043,27051,0,0,1
27034,27051,27050,0,0,0
3446,3506,27052,0,0,1,12502
26144,27052,27053,0,0,1
26145,27053,27054,0,0,1
26141,27054,27055,0,0,1
26142,27055,27056,0,0,1
26139,26173,27057,0,0,1
3449,27057,27058,0,0,1
3450,27058,27056,0,0,0
27059,26267,27060,1,0,1,10456
27061,27060,27062,1,0,1
27063,27064,27065,1,1,1
27066,27065,27067,1,0,1
27068,27067,27069,1,0,1
27070,27071,27072,1,1,1
27073,27072,27074,1,0,1
27075,27076,27077,1,1,1
27078,27077,27079,1,0,1
27080,27081,27082,1,1,1
26693,27082,27083,0,0,1
27062,27083,27084,0,0,1
27085,27084,27086,1,0,1
27087,27086,27088,1,0,1
27069,27088,27089,0,0,1
27074,27089,27079,0,0,0
27090,26265,27091,1,0,1,2264
27092,27093,27094,1,1,1
27063,27094,27095,0,0,1
27087,27064,27096,0,0,1
27085,27096,27097,0,0,1
27061,27097,27098,0,0,1
27059,27098,27099,0,0,1
27091,27099,27095,0,0,0
26711,26381,27100,0,0,1,10455
26390,27100,27101,0,0,1
27066,27102,27103,0,1,1
27092,27103,27104,0,0,1
27090,27093,27105,0,0,1
27101,27105,27104,0,0,0
27106,27107,27108,1,1,1,12502
26925,27109,27110,0,1,1
27111,27110,27112,1,0,1
26902,27112,27113,0,0,1
26898,27113,27114,0,0,1
26899,27114,27115,0,0,1
26895,27115,27108,0,0,0
26568,26571,27116,0,0,1,10454
27117,27116,27118,1,0,1
27119,27118,27120,1,0,1
27121,27120,27122,1,0,1
27123,27122,26916,1,0,0
25227,25080,27124,0,0,1,8406
26208,27124,27125,0,0,1
27126,27125,27127,1,0,1
27128,27127,27129,1,0,1
27130,27129,27131,1,0,1
27132,27131,27133,1,0,1
27134,27135,27136,1,1,1
26714,27137,27138,0,1,1
26032,27138,27139,0,0,1
27133,26030,27140,0,0,1
27136,27140,27139,0,0,0
26524,26526,27141,0,0,1,983
27142,27141,27143,1,0,1
27144,27143,27145,1,0,1
27146,27147,27148,1,1,1
1075,27149,27150,1,1,1
1078,27150,27151,1,0,1
27152,27151,27153,1,0,1
27154,27153,27155,1,0,1
27156,27155,27157,1,0,1
27158,27157,27159,1,0,1
27160,27159,27161,1,0,1
27162,27161,27163,1,0,1
27164,27163,27165,1,0,1
27166,27167,27168,1,1,1
26927,27169,27170,0,1,1
26128,27170,27171,0,0,1
26126,27171,27172,0,0,1
27145,27172,27173,0,0,1
27148,27173,27174,0,0,1
27165,27174,27168,0,0,0
25579,26360,27175,0,0,1,9942
25577,27175,27176,0,0,1
27177,25638,27178,1,1,1
27179,27180,27181,1,1,1
27182,27181,27183,1,0,1
27184,27185,27186,1,1,1
26732,27186,27187,0,0,1
26728,26730,27188,0,0,1
27176,27188,27189,0,0,1
27178,27189,27190,0,0,1
27183,27190,27187,0,0,0
26740,26742,27191,0,0,1,9942
27192,26738,27193,1,0,1
27194,27193,27195,1,0,1
27196,27197,27198,1,1,1
3573,27199,27200,0,1,1
26747,27200,27201,0,0,1
26744,27201,27202,0,0,1
26745,27202,27203,0,0,1
27195,27191,27204,0,0,1
27198,27204,27203,0,0,0
25789,25808,27205,0,0,1,12500
26812,25790,27206,0,0,1
27207,27206,27208,1,0,1
27209,27208,27210,1,0,1
27211,27210,27212,1,0,1
27213,27212,27214,1,0,1
25793,27214,27205,0,0,0
25837,26098,27215,0,0,1,3030
26350,26352,27216,0,0,1
27217,27216,27218,1,0,1
27219,27218,27220,1,0,1
26182,27221,27222,1,1,1
26184,27222,27223,1,0,1
27215,27223,27220,0,0,0
26670,26522,27224,0,0,1,9175
1073,26668,27225,1,0,1
27149,27225,27226,0,0,1
27146,27226,27227,0,0,1
27147,27227,27228,0,0,1
27144,27228,27229,0,0,1
27142,27229,27224,0,0,0
3565,26736,27230,0,0,1,10454
3563,27230,27231,0,0,1
27232,27231,27233,1,0,1
27234,27233,27192,1,0,0
26756,26790,27235,0,0,1,12501
26064,26754,27236,0,0,1
27237,27236,27238,1,0,1
27239,27238,27240,1,0,1
26759,27240,27241,0,0,1
26760,27241,27242,0,0,1
26803,27242,27243,0,0,1
27235,26798,27244,0,0,1
26757,27244,27243,0,0,0
27213,25792,27245,0,0,1,212
27209,27211,27246,0,0,1
27247,27246,27248,1,0,1
27249,27014,27250,1,0,1
27251,27252,27253,1,1,1
27006,27253,27254,0,0,1
27255,27254,27256,1,0,1
27257,27256,27258,1,0,1
27259,27260,27261,1,1,1
26056,27261,27262,0,0,1
26054,27262,27263,0,0,1
25796,27263,27264,0,0,1
27245,27264,27265,0,0,1
27248,27265,27266,0,0,1
27250,27266,27258,0,0,0
27123,26918,27267,0,0,1,10455
27268,27267,27269,1,0,1
27270,27271,27272,1,1,1
27273,27272,27274,1,0,1
27275,27274,27276,1,0,1
27277,27276,27278,1,0,1
26904,27278,27279,0,0,1
27111,26901,27280,0,0,1
26924,27280,27281,0,0,1
27269,26920,27282,0,0,1
27283,27282,27284,1,0,1
27281,27279,27285,0,0,1
26922,27285,27284,0,0,0
27286,27287,27288,1,1,1,978
27289,27288,27290,1,0,1
27291,27292,27293,1,1,1
27294,27293,27290,1,0,0
27295,27234,27296,1,0,1,2263
27297,27296,27298,1,0,1
27299,3575,27300,1,0,1
27301,27300,27302,1,0,1
27303,27302,27304,1,0,1
27305,27304,27306,1,0,1
27307,27306,27308,1,0,1
27309,27308,27298,1,0,0
27310,26062,27311,1,0,1,8405
27312,27313,27314,1,1,1
27315,27314,27316,1,0,1
27317,27316,27318,1,0,1
27319,27318,27320,1,0,1
27321,27320,27322,1,0,1
27323,27324,27325,1,1,1
27326,27327,27328,1,1,1
27329,27330,27331,1,1,1
27002,27331,27332,0,0,1
27000,27332,27333,0,0,1
27334,27333,27335,1,0,1
27336,27337,27338,1,1,1
27339,27338,27340,1,0,1
27341,27342,27343,1,1,1
27344,27345,27346,1,1,1
27347,27346,27348,1,0,1
27349,27350,27351,1,1,1
27352,27351,27353,1,0,1
27354,27353,27355,1,0,1
27356,27355,27357,1,0,1
27358,27359,27360,1,1,1
27361,27362,27363,1,1,1
27364,27365,27366,1,1,1
27367,27366,27368,1,0,1
27369,27368,27370,1,0,1
27371,27370,27372,1,0,1
27373,27374,27375,1,1,1
26762,27375,27376,0,0,1
27239,27376,27377,0,0,1
27237,27377,27378,0,0,1
27311,27378,27379,0,0,1
27322,27380,27381,0,1,1
27335,27382,27383,0,1,1
27340,27384,27385,0,1,1
27343,27385,27386,0,0,1
27348,27386,27387,0,0,1
27357,27387,27388,0,0,1
27389,27388,27390,1,0,1
27360,27390,27391,0,0,1
27363,27391,27392,0,0,1
27381,27379,27393,0,0,1
27394,27393,27395,1,0,1
27325,27395,27396,0,0,1
27328,27396,27397,0,0,1
27392,27383,27398,0,0,1
27372,27398,27397,0,0,0
27399,27400,27401,1,1,1,18132
26247,27401,27402,0,0,1
26817,27402,27403,0,0,1
26818,27403,27404,0,0,1
26814,26827,27405,0,0,1
27406,27405,27407,1,0,1
27408,27409,27410,1,1,1
27404,27410,27407,0,0,0
26566,27117,27411,0,0,1,11222
26304,27411,27412,0,0,1
26302,27412,27413,0,0,1
27414,27413,27119,1,0,0
27309,27194,27415,0,0,1,9943
27307,27415,27416,0,0,1
27305,27416,27417,0,0,1
27303,27417,27418,0,0,1
27301,27418,27419,0,0,1
3572,27299,27420,0,0,1
27199,27420,27421,0,0,1
27196,27421,27422,0,0,1
27197,27422,27419,0,0,0
26808,26810,27423,0,0,1,8405
27019,27423,27424,0,0,1
27017,27424,27425,0,0,1
27247,27425,27207,0,0,0
26698,26152,27426,0,0,1,18648
26695,27426,27427,0,0,1
27428,27427,27429,1,0,1
27430,27429,27431,1,0,1
27432,27433,27434,1,1,1
26154,27434,27431,0,0,0
26334,26580,27435,0,0,1,14035
26331,27435,27436,0,0,1
26328,26332,27437,0,0,1
27438,27437,27439,1,0,1
26293,27439,27440,0,0,1
26289,26291,27441,0,0,1
27436,27441,27440,0,0,0
27166,27169,27442,0,0,1,9175
27164,27167,27443,0,0,1
27160,27162,27444,0,0,1
27445,27446,27447,1,1,1
26931,27448,27449,0,1,1
26929,26932,27450,0,0,1
27442,27450,27451,0,0,1
27443,27451,27452,0,0,1
27447,27444,27453,0,0,1
27449,27453,27452,0,0,0
26787,3560,27454,0,0,1,214
26784,27454,27455,0,0,1
27456,27457,27458,1,1,1
26773,27458,27459,0,0,1
27460,27461,27462,1,1,1
27463,27464,27465,1,1,1
27466,27467,27468,1,1,1
27469,27468,27470,1,0,1
27471,27472,27473,1,1,1
27474,27473,27475,1,0,1
27476,27477,27478,1,1,1
27479,27478,27480,1,0,1
27481,27480,27482,1,0,1
27483,27482,27484,1,0,1
27485,27484,27486,1,0,1
27487,27486,27488,1,0,1
27489,27488,27490,1,0,1
3582,3585,27491,0,0,1
3579,27491,27492,0,0,1
3577,3580,27493,0,0,1
27297,27493,27494,0,0,1
27232,27295,27495,0,0,1
27455,27495,27496,0,0,1
27462,27459,27497,0,0,1
27498,27497,27499,1,0,1
27465,27499,27500,0,0,1
27470,27501,27502,0,1,1
27475,27502,27503,0,0,1
27504,27503,27505,1,0,1
27492,27490,27506,0,0,1
27494,27506,27507,0,0,1
27500,27496,27508,0,0,1
27505,27508,27509,0,0,1
27510,27509,27507,1,0,0
24938,26681,27511,0,0,1,8405
24936,24939,27512,0,0,1
26851,24934,27513,0,0,1
27514,27513,27515,1,0,1
27516,27517,27518,1,1,1
26680,27518,27519,0,0,1
27511,27519,27520,0,0,1
27512,27520,27515,0,0,0
26386,27102,27521,0,0,1,18646
26878,26387,27522,0,0,1
26876,27522,27523,0,0,1
25818,27523,27524,0,0,1
26890,27524,27525,0,0,1
26906,27525,27526,0,0,1
27527,27277,27528,1,0,1
27529,27528,27530,1,0,1
27531,27532,27533,1,1,1
27534,27535,27536,1,1,1
27537,27270,27538,1,0,1
27539,27538,27540,1,0,1
27541,27540,27542,1,0,1
27543,27542,27544,1,0,1
27545,27544,27546,1,0,1
27547,27546,27548,1,0,1
27549,27548,27550,1,0,1
27551,27550,27552,1,0,1
27553,27554,27555,1,1,1
27556,27557,27558,1,1,1
27559,27558,27560,1,0,1
27561,27560,27562,1,0,1
27563,27562,27564,1,0,1
27565,27564,27566,1,0,1
27068,27071,27567,0,0,1
27521,27567,27568,0,0,1
27526,27568,27569,0,0,1
27536,27533,27570,0,0,1
27552,27571,27572,0,1,1
27555,27572,27573,0,0,1
27574,27573,27575,1,0,1
27569,27566,27576,0,0,1
27575,27570,27577,0,0,1
27576,27578,27579,0,1,1
27530,27579,27577,0,0,0
27291,27294,27580,0,0,1,979
27581,27580,27582,1,0,1
27583,27582,27584,1,0,1
27585,27584,27586,1,0,1
27587,27586,27588,1,0,1
27589,27588,27590,1,0,1
27591,27590,27592,1,0,1
26434,27593,27594,0,1,1,43984
26432,27594,27595,0,0,1
26348,27595,27596,1,0,1
27217,27596,27597,1,0,1
26179,27221,27598,0,1,1
27599,26180,27600,1,0,1
27597,27601,27602,0,1,1
27219,27602,27603,1,0,1
27598,27603,27600,0,0,0
27134,27137,27604,0,0,1,215
27605,27135,27606,1,0,1
27607,27608,27609,1,1,1
27610,27609,27611,1,0,1
27612,27611,27613,1,0,1
27614,27613,27615,1,0,1
3815,27615,27616,0,0,1
26720,27616,27617,0,0,1
26718,27617,27618,0,0,1
26716,27618,27619,0,0,1
27604,27619,27606,0,0,0
26734,21087,27620,0,0,1,8407
27184,27620,27621,0,0,1
27622,27621,27623,1,0,1
27624,27623,27625,1,0,1
27626,27627,27628,1,1,1
27629,27628,27630,1,0,1
27631,27632,27633,1,1,1
21091,27633,27634,0,0,1
27625,27634,27630,0,0,0
27182,27185,27635,0,0,1,8406
27636,27635,27637,1,0,1
27638,27637,27639,1,0,1
27640,27641,27642,1,1,1
27632,27643,27644,0,1,1
27629,27644,27645,0,0,1
27626,27645,27646,0,0,1
27627,27646,27647,0,0,1
27624,27647,27648,0,0,1
27639,27622,27649,0,0,1
27642,27649,27648,0,0,0
27259,26058,27650,0,0,1,8404
27651,27650,27652,1,0,1
27312,27653,27654,0,1,1
27380,27313,27655,0,0,1
27310,27655,27656,0,0,1
26060,27656,27657,0,0,1
27652,27657,27654,0,0,0
27658,27659,27660,1,1,1,211
27661,27660,27662,1,0,1
27663,27664,27665,1,1,1
27666,27665,27667,1,0,1
27668,27667,27669,1,0,1
27670,27671,27672,1,1,1
27673,27672,27674,1,0,1
27675,27674,27676,1,0,1
27677,27676,27678,1,0,1
27679,27678,27680,1,0,1
27681,27680,27682,1,0,1
26856,27683,27684,1,1,1
26858,27684,27685,1,0,1
27686,26860,27687,1,1,1
27688,27689,27690,1,1,1
27691,27692,27693,1,1,1
27694,27695,27696,1,1,1
26864,27696,27697,1,0,1
3758,27697,27698,1,0,1
3760,27698,27699,1,0,1
27700,27699,27701,1,0,1
27702,27701,27703,1,0,1
27704,27703,27705,1,0,1
27706,27707,27708,1,1,1
27709,27708,27710,1,0,1
27711,27710,27712,1,0,1
27713,27714,27715,1,1,1
3777,27716,27717,1,1,1
26253,27717,27718,0,0,1
27719,27718,27720,1,0,1
27662,27720,27721,0,0,1
27687,27685,27722,0,0,1
27690,27722,27723,0,0,1
27724,27723,27725,1,0,1
27693,27725,27726,0,0,1
27705,27727,27728,0,1,1
27721,27715,27729,0,0,1
27669,27729,27730,0,0,1
27682,27730,27731,0,0,1
27732,27731,27733,1,0,1
27728,27726,27734,0,0,1
27712,27734,27733,0,0,0
27516,26683,27735,0,0,1,12500
27514,27517,27736,0,0,1
26848,27736,27737,0,0,1
26870,26849,27738,0,0,1
26845,27738,27739,0,0,1
26846,27739,27740,0,0,1
26843,27740,27741,0,0,1
24204,27741,27742,0,0,1
27735,27742,27737,0,0,0
27080,26692,27743,0,0,1,18647
27078,27081,27744,0,0,1
27745,27744,27746,1,0,1
27747,27746,27748,1,0,1
27749,27748,27750,1,0,1
27428,27750,27751,0,0,1
26696,27751,27743,0,0,0
27414,27121,27752,0,0,1,18645
26300,27752,27753,0,0,1
27754,27753,27755,1,0,1
27537,27756,27757,0,1,1
27271,27757,27758,0,0,1
27283,27758,27759,0,0,1
27268,27759,27755,0,0,0
25643,27179,27760,1,0,1,214
25646,27760,27761,1,0,1
25645,27761,27762,1,0,1
27763,27762,27764,1,0,1
27641,27765,27766,0,1,1
27636,27638,27767,0,0,1
27764,27767,27768,0,0,1
27769,27768,27766,1,0,0
24914,24916,27770,0,0,1,8405
26160,27770,27771,0,0,1
27772,27771,27773,1,0,1
27774,27775,27776,1,1,1
4263,27777,27778,0,1,1
27779,27778,27780,1,0,1
24921,27780,27781,0,0,1
24918,27781,27782,0,0,1
27773,24919,27783,0,0,1
27776,27783,27784,0,0,1
27785,27784,27782,1,0,0
26445,27786,27787,0,1,1,3031
26514,26446,27788,0,0,1
26442,27788,27789,0,0,1
26443,27789,27790,0,0,1
26440,27790,27791,0,0,1
27792,27791,27787,1,0,0
26659,26661,27793,0,0,1,3030
26655,26657,27794,0,0,1
5977,27794,27795,1,0,1
5830,27795,27796,1,0,1
5829,27796,27797,1,0,1
5833,27797,27793,1,0,0
27130,27132,27798,0,0,1,8407
27799,27798,27800,1,0,1
27801,27800,27802,1,0,1
27608,27802,27605,0,0,0
26781,26785,27803,0,0,1,12501
26782,27803,27804,0,0,1
26779,26794,27805,0,0,1
26775,26777,27806,0,0,1
27456,27806,27807,0,0,1
27804,27457,27808,0,0,1
27805,27808,27807,0,0,0
27432,26156,27809,0,0,1,10454
27433,27809,27810,0,0,1
27811,27810,27812,1,0,1
27813,27812,27814,1,0,1
27815,27814,27816,1,0,1
27817,27816,27818,1,0,1
27819,27818,27820,1,0,1
27821,27820,27822,1,0,1
27823,27824,27825,1,1,1
27826,27825,27827,1,0,1
27828,27827,27829,1,0,1
27830,27831,27832,1,1,1
27833,27834,27835,1,1,1
27836,27837,27838,1,1,1
27839,27840,27841,1,1,1
4266,27841,27842,0,0,1
27777,27842,27843,0,0,1
27844,27843,27845,1,0,1
27846,27845,27847,1,0,1
27848,27847,27849,1,0,1
27850,27849,27851,1,0,1
27822,27852,27853,0,1,1
27829,27853,27854,0,0,1
27832,27854,27855,0,0,1
27835,27855,27856,0,0,1
27838,27856,27851,0,0,0
27574,27578,27857,0,0,1,10453
27553,27857,27858,0,0,1
27554,27858,27859,0,0,1
27860,27859,27861,1,0,1
27862,27861,27863,1,0,1
27864,27863,27865,1,0,1
27866,27865,27867,1,0,1
27868,27867,27869,1,0,1
27870,27869,27871,1,0,1
27872,27871,27873,1,0,1
27874,27873,27875,1,0,1
27876,27875,27877,1,0,1
27878,27879,27880,1,1,1
27881,27880,27882,1,0,1
27883,27882,27884,1,0,1
27561,27885,27886,0,1,1
27887,27886,27888,1,0,1
27889,27888,27890,1,0,1
27891,27892,27893,1,1,1
27556,27894,27895,0,1,1
27557,27895,27896,0,0,1
27877,27896,27897,0,0,1
27890,27884,27898,0,0,1
27893,27898,27897,0,0,0
27448,26934,27899,0,0,1,9943
27158,27446,27900,0,0,1
27901,27900,27902,1,0,1
27903,27902,27904,1,0,1
27905,27904,27906,1,0,1
26937,27907,27908,0,1,1
27899,27908,27909,0,0,1
27445,27909,27906,0,0,0
27631,21090,27910,0,0,1,1750
27643,27910,27911,0,0,1
27765,27640,27912,0,0,1
27769,27912,27913,0,0,1
27914,27913,27915,1,0,1
27916,27915,27917,1,0,1
27918,27917,27919,1,0,1
27920,27919,27921,1,0,1
27922,27923,27924,1,1,1
27925,27924,27926,1,0,1
27927,27926,27928,1,0,1
27929,27928,27930,1,0,1
21133,27931,27932,0,1,1
21093,27932,27933,0,0,1
21094,27933,27934,0,0,1
27911,27934,27935,0,0,1
27921,27935,27930,0,0,0
24102,24104,27936,0,0,1,10453
3657,24100,27937,0,0,1
3653,27937,27938,0,0,1
3651,3654,27939,0,0,1
24109,27939,27940,0,0,1
24106,27940,27941,0,0,1
27936,24107,27942,0,0,1
27938,27942,27941,0,0,0
27943,27944,27945,1,1,1,3028
27946,27947,27948,1,1,1
27949,27950,27951,1,1,1
27945,27951,27948,0,0,0
27952,3764,27953,1,0,1,8404
27954,27955,27956,1,1,1
27957,27958,27959,1,1,1
3773,27704,27960,0,1,1
3769,27960,27961,0,0,1
3770,27961,27962,0,0,1
27953,3767,27963,0,0,1
27956,27963,27964,0,0,1
27959,27964,27965,0,0,1
27962,27966,27967,0,1,1
3766,27967,27965,0,0,0
27852,26158,27968,0,0,1,14549
27850,27968,27969,0,0,1
27844,27846,27970,0,0,1
27785,27970,27971,0,0,1
27774,27971,27972,0,0,1
27969,27772,27973,0,0,1
27972,27848,27974,0,0,1
27775,27974,27973,0,0,0
27747,27749,27975,0,0,1,14550
27075,27745,27976,0,0,1
27977,27976,27978,1,0,1
27979,27980,27981,1,1,1
27982,27983,27984,1,1,1
27985,27986,27987,1,1,1
27811,27987,27988,0,0,1
27430,27988,27989,0,0,1
27975,27989,27990,0,0,1
27981,27978,27991,0,0,1
27984,27991,27992,0,0,1
27993,27992,27990,1,0,0
27275,27527,27994,0,0,1,10456
27571,27273,27995,0,0,1
27534,27995,27996,0,0,1
27535,27996,27997,0,0,1
27531,27997,27998,0,0,1
27532,27998,27999,0,0,1
27529,27999,27994,0,0,0
28000,28001,28002,1,1,1,2775
28003,28002,28004,1,0,1
28005,28004,28006,1,0,1
28007,28006,28008,1,0,1
28009,28008,28010,1,0,1
28011,28010,28012,1,0,1
28013,27128,28014,1,0,1,214
28015,28014,28016,1,0,1
28017,28016,28018,1,0,1
28019,3822,28020,1,0,1
3814,3818,28021,0,0,1
27614,28021,28022,0,0,1
27612,28022,28023,0,0,1
27610,28023,28024,0,0,1
27801,27607,28025,0,0,1
28018,27799,28026,0,0,1
28020,28026,28027,0,0,1
28024,28028,28029,0,1,1
28025,28029,28027,0,0,0
26226,26204,28030,0,0,1,9174
28031,28030,28032,1,0,1
28033,28032,28034,1,0,1
28035,28034,28036,1,0,1
28037,28036,28038,1,0,1
28039,28038,28040,1,0,1
28041,28042,28043,1,1,1
28013,28043,28044,0,0,1
27126,28044,28045,0,0,1
28040,26206,28046,0,0,1
28047,28046,28045,1,0,0
27905,27907,28048,0,0,1,9942
28049,28048,28050,1,0,1
28051,28050,28052,1,0,1
28053,28052,28054,1,0,1
28055,28054,28056,1,0,1
28057,28056,28058,1,0,1
28059,28058,28060,1,0,1
26218,28060,28061,0,0,1
26215,28061,26936,0,0,0
27257,27260,28062,0,0,1,213
27004,27255,28063,0,0,1
27329,28063,28064,0,0,1
27382,27330,28065,0,0,1
27326,28065,28066,0,0,1
28067,28066,28068,1,0,1
28069,28068,28070,1,0,1
28071,28070,28072,1,0,1
27315,28072,28073,0,0,1
27653,28073,28074,0,0,1
27651,28074,28075,0,0,1
28062,28075,28064,0,0,0
27012,27037,28076,0,0,1,12500
27010,28076,28077,0,0,1
27008,28077,28078,0,0,1
27251,28078,28079,0,0,1
27252,28079,28080,0,0,1
27249,28080,27015,0,0,0
26945,27025,28081,0,0,1,212
26942,26946,28082,0,0,1
26954,26943,28083,0,0,1
26951,28083,28084,0,0,1
27041,26952,28085,0,0,1
26948,28085,28086,0,0,1
27027,26949,28087,0,0,1
28081,28087,28088,0,0,1
28082,28088,28089,0,0,1
28084,28089,28086,0,0,0
28090,28091,28092,1,1,1,14035
28093,28092,28094,1,0,1
28095,28094,28096,1,0,1
28097,28096,28098,1,0,1
28099,28098,28100,1,0,1
26246,27399,28101,1,1,1,9940
28102,28101,28103,1,0,1
28104,28103,28105,1,0,1
28095,28105,28097,1,0,1
27438,26311,28106,0,0,1,9940
26329,28106,28107,0,0,1
28108,28107,28109,1,0,1
28110,28109,28111,1,0,1
28112,28111,28113,1,0,1
28114,28113,28115,1,0,1
28116,28117,28118,1,1,1
28119,28118,28120,1,0,1
28121,28120,28122,1,0,1
28123,28122,28124,1,0,1
26296,28124,28115,0,0,0
28125,28126,28127,1,1,1,2775
28128,28129,28130,1,1,1
28131,28130,28132,1,0,1
28133,28134,28135,1,1,1
28127,28135,28132,0,0,0
27373,26764,28136,0,0,1,12501
27371,27374,28137,0,0,1
27369,28137,28138,0,0,1
28139,27367,28140,1,0,1
28141,28140,28142,1,0,1
28143,28142,28144,1,0,1
28145,28146,28147,1,1,1
28148,28149,28150,1,1,1
26766,28150,28151,0,0,1
26792,26767,28152,0,0,1
28144,28138,28153,0,0,1
28147,28153,28154,0,0,1
28152,28151,28155,0,0,1
28136,28155,28154,0,0,0
27319,27321,28156,0,0,1,12501
28071,27317,28157,0,0,1
28069,28157,28158,0,0,1
27327,28067,28159,0,0,1
27323,28159,28160,0,0,1
27394,27324,28161,0,0,1
28156,28161,28162,0,0,1
28158,28162,28160,0,0,0
27700,3762,28163,1,0,1,8403
27702,28163,28164,1,0,1
27957,27966,28165,0,0,1
27954,27958,28166,0,0,1
27952,27955,28167,0,0,1
28164,28167,28168,0,0,1
28165,28168,28166,0,0,0
28169,27073,28170,1,0,1,18645
28171,28172,28173,1,1,1
28174,28173,28175,1,0,1
27977,28175,28176,0,0,1
27076,28176,28170,0,0,0
27565,27070,28177,0,0,1,10453
28178,28177,28179,1,0,1
28180,28181,28182,1,1,1
28183,28184,28185,1,1,1
28186,28185,28187,1,0,1
28188,28187,28189,1,0,1
28190,28189,28191,1,0,1
28192,28191,28193,1,0,1
28172,28193,28194,0,0,1
28179,28169,28195,0,0,1
28182,28195,28194,0,0,0
28196,26320,28197,1,0,1,212
28198,28197,28199,1,0,1
28200,28199,28201,1,0,1
28202,28203,28204,1,1,1
28205,28206,28207,1,1,1
26322,28207,28208,0,0,1
28201,28208,28204,0,0,0
28209,26317,28210,1,0,1,211
27583,28210,28211,1,0,1
28212,28211,28213,1,0,1
28214,28213,28215,1,0,1
28198,28215,28196,0,0,0
26499,26450,28216,1,1,1,3031
26454,28216,28217,1,0,1
26453,28217,28218,1,0,1
26501,26456,28219,1,1,1
26459,28219,28220,1,0,1
26458,28220,28221,1,0,1
28129,28221,28222,0,0,1
28125,28222,28218,0,0,0
27982,27993,28223,0,0,1,18646
28224,28223,28225,1,0,1
28226,28225,28227,1,0,1
28228,28229,28230,1,1,1
27813,27815,28231,0,0,1
27985,28231,28232,0,0,1
28227,27986,28233,0,0,1
28230,28233,28232,0,0,0
27894,27559,28234,0,0,1,10454
27891,28234,28235,0,0,1
27892,28235,28236,0,0,1
27889,28236,27887,0,0,0
27870,27872,28237,0,0,1,2261
28238,28237,28239,1,0,1
28240,28239,28241,1,0,1
28242,28241,28243,1,0,1
28244,28243,28245,1,0,1
28246,28245,28247,1,0,1
27879,28247,28248,0,0,1
27876,28248,27874,0,0,0
26298,27754,28249,0,0,1,11220
28123,26295,28250,0,0,1
28251,28250,28252,1,0,1
28253,28252,28254,1,0,1
27539,28254,28255,0,0,1
27756,28255,28249,0,0,0
26470,26504,28256,1,1,1,3031
26473,26469,28257,1,1,1
28258,26472,28259,1,1,1
28260,28259,28261,1,0,1
4467,28261,28262,0,0,1
28263,28262,28264,1,0,1
28265,28264,28266,1,0,1
28267,28266,28268,1,0,1
28269,28268,28270,1,0,1
4551,28270,28271,0,0,1
4544,28271,28272,0,0,1
28273,28274,28275,1,1,1
28276,28277,28278,1,1,1
28279,28280,28281,1,1,1
28282,28281,28283,1,0,1
26461,28128,28284,1,0,1
26467,26465,28285,1,1,1
28256,28285,28286,0,0,1
28257,28286,28287,0,0,1
28275,28272,28288,0,0,1
28289,28288,28290,1,0,1
28278,28290,28291,0,0,1
28283,28291,28292,0,0,1
28284,28292,28293,0,0,1
26463,28293,28287,1,0,0
27154,27156,28294,0,0,1,9175
28295,28294,28296,1,0,1
28297,28298,28299,1,1,1
28300,28299,28301,1,0,1
28302,28301,28303,1,0,1
28304,28303,28305,1,0,1
28306,28307,28308,1,1,1
28309,28308,28310,1,0,1
28049,28311,28312,0,1,1
27903,28312,28313,0,0,1
27901,28313,28314,0,0,1
28296,28314,28315,0,0,1
28305,28315,28310,0,0,0
25659,25656,28316,1,1,1,214
28317,25658,28318,1,1,1
28319,28318,28320,1,0,1
28321,28320,28322,1,0,1
28323,28322,28324,1,0,1
28325,28324,28326,1,0,1
25652,28326,28327,1,0,1
25654,28327,28316,1,0,0
25256,25665,28328,1,1,1,1750
25260,25258,28329,1,1,1
28330,28329,28331,1,0,1
28317,28331,28332,0,0,1
25661,28332,28333,1,0,1
25663,28333,28328,1,0,0
27460,27498,28334,0,0,1,8406
28335,28334,28336,1,0,1
27501,28337,28338,0,1,1
27463,28338,28339,0,0,1
27464,28339,28336,0,0,0
26872,26865,28340,0,0,1,212
27686,26862,28341,1,0,1
27689,28341,28342,1,0,1
27688,28342,28343,1,0,1
27724,28343,28344,1,0,1
27692,28344,28345,1,0,1
27691,28345,28346,1,0,1
27695,27727,28347,1,1,1
28340,27694,28348,0,1,1
28346,28348,28347,0,0,0
27779,24923,28349,0,0,1,212
28350,4264,28351,1,0,1
28352,28351,28353,1,0,1
4290,28354,28355,0,1,1
4287,28355,28356,0,0,1
4301,4288,28357,0,0,1
4284,28357,28358,0,0,1
4282,4285,28359,0,0,1
4276,4278,28360,0,0,1
28361,28360,28362,1,0,1
28363,28362,28364,1,0,1
28365,28364,28366,1,0,1
28367,28366,28368,1,0,1
28369,28368,28370,1,0,1
28371,28372,28373,1,1,1
28374,28373,28375,1,0,1
28376,28375,28377,1,0,1
28378,28377,28379,1,0,1
28380,28379,28381,1,0,1
28382,28381,28383,1,0,1
28384,28383,28385,1,0,1
28386,28387,28388,1,1,1
28389,28390,28391,1,1,1
28392,28391,28393,1,0,1
28394,28395,28396,1,1,1
28397,28398,28399,1,1,1
28400,28399,28401,1,0,1
28402,28401,28403,1,0,1
27677,28403,28404,1,0,1
27681,27679,28405,1,1,1
27732,28405,28406,1,0,1
27683,28406,28407,1,0,1
26854,28407,28408,0,0,1
24929,28408,28409,0,0,1
28410,28411,28412,1,1,1
28349,28413,28414,0,1,1
28370,4280,28415,0,0,1
28385,28415,28416,0,0,1
28388,28416,28417,0,0,1
28418,28417,28419,1,0,1
28393,28419,28420,0,0,1
28396,28420,28421,0,0,1
28404,28422,28423,0,1,1
28409,28423,28424,0,0,1
28414,28412,28425,0,0,1
28353,28425,28426,0,0,1
28421,28359,28427,0,0,1
28426,28428,28429,0,1,1
28430,28429,28431,1,0,1
28356,28431,28432,0,0,1
28427,28358,28433,0,0,1
28424,28433,28432,0,0,0
27979,27983,28434,0,0,1,10455
28435,28434,28436,1,0,1
28437,28436,28438,1,0,1
28439,28440,28441,1,1,1
28229,28441,28442,0,0,1
28226,28442,28443,0,0,1
28224,28443,28438,0,0,0
27885,27563,28444,0,0,1,2261
27883,28444,28445,0,0,1
28446,28445,28447,1,0,1
28448,28447,28449,1,0,1
28450,28449,28451,1,0,1
28452,28451,28453,1,0,1
28454,28453,28455,1,0,1
28456,28455,28457,1,0,1
28458,28459,28460,1,1,1
28461,28462,28463,1,1,1
28464,28463,28465,1,0,1
28466,28465,28467,1,0,1
28468,28467,28469,1,0,1
28470,28469,28471,1,0,1
28472,28473,28474,1,1,1
28475,28476,28477,1,1,1
28361,28477,28478,0,0,1
4273,28478,28479,0,0,1
28480,28479,28481,1,0,1
28482,28481,28483,1,0,1
28183,28484,28485,0,1,1
28180,28184,28486,0,0,1
28178,28181,28487,0,0,1
28457,28487,28488,0,0,1
28489,28488,28490,1,0,1
28471,28491,28492,0,1,1
28474,28493,28494,0,1,1
28483,28494,28495,0,0,1
28485,28495,28496,0,0,1
28486,28496,28497,0,0,1
28490,28497,28498,0,0,1
28460,28498,28492,0,0,0
28205,26324,28499,0,0,1,1747
28500,28499,28501,1,0,1
28502,28501,28503,1,0,1
28504,28503,28505,1,0,1
28506,28505,28507,1,0,1
28508,28507,28509,1,0,1
28510,28509,28511,1,0,1
28512,28511,28513,1,0,1
28110,28112,28514,0,0,1
26326,28108,28515,0,0,1
28513,28515,28514,0,0,0
28019,28028,28516,0,0,1,215
3823,28516,28517,0,0,1
4086,4088,28518,0,0,1
3820,28518,28519,0,0,1
3817,28519,28517,0,0,0
28039,28047,28520,0,0,1,9175
28521,28520,28522,1,0,1
28523,28524,28525,1,1,1
3825,28526,28527,0,1,1
28017,28527,28528,0,0,1
28015,28528,28529,0,0,1
28041,28529,28530,0,0,1
28522,28042,28531,0,0,1
28525,28531,28530,0,0,0
21104,28532,28533,0,1,1,9943
21101,28533,28534,0,0,1
28535,4303,28536,1,0,1
1087,28536,28537,1,0,1
1089,28537,28538,1,0,1
1091,28538,28534,1,0,0
28145,28149,28539,0,0,1,8406
28146,28539,28540,0,0,1
28143,28540,28541,0,0,1
28141,28541,28542,0,0,1
28543,28544,28545,1,1,1
28546,28545,28547,1,0,1
28548,28547,28542,1,0,0
24925,24927,28549,0,0,1,8405
28413,28549,28550,0,0,1
28410,28550,28551,0,0,1
28411,28551,28552,0,0,1
28428,28552,24930,0,0,0
27833,27837,28553,0,0,1,14550
27834,28553,28554,0,0,1
27830,28554,28555,0,0,1
27831,28555,28556,0,0,1
27826,27828,28557,0,0,1
28558,28557,28559,1,0,1
28560,28559,28556,1,0,0
28174,27980,28561,0,0,1,18646
28171,28561,28562,0,0,1
28192,28562,28563,0,0,1
28564,28190,28565,1,0,1
28440,28565,28566,0,0,1
28437,28566,28567,0,0,1
28435,28567,28563,0,0,0
28206,28500,28568,0,0,1,211
28569,28203,28570,1,0,1
28571,28570,28572,1,0,1
28573,28572,28574,1,0,1
28575,28574,28576,1,0,1
28577,28576,28578,1,0,1
28579,28578,28580,1,0,1
28581,28580,28582,1,0,1
28583,28584,28585,1,1,1
28586,28587,28588,1,1,1
28589,28590,28591,1,1,1
4391,28591,28592,1,0,1
4448,28592,28593,1,0,1
4396,4393,28594,1,1,1
28595,4398,28596,1,1,1
28597,28596,28598,1,0,1
28508,28598,28599,0,0,1
28506,28599,28600,0,0,1
28504,28600,28601,0,0,1
28568,28502,28602,0,0,1
28202,28602,28603,0,0,1
28585,28582,28604,0,0,1
28588,28604,28605,0,0,1
28593,28606,28607,0,1,1
4394,28607,28608,1,0,1
28601,28594,28609,0,0,1
28603,28609,28610,0,0,1
28605,28610,28608,0,0,0
5844,4212,28611,1,0,1,1751
28612,28611,28613,1,0,1
5850,28613,28614,1,0,1
4217,28614,4214,0,0,0
28057,28059,28615,0,0,1,1750
28053,28055,28616,0,0,1
28617,28616,28618,1,0,1
28619,28618,28620,1,0,1
28621,28620,28622,1,0,1
28031,28622,28623,0,0,1
26224,28623,28624,0,0,1
26222,28624,28625,0,0,1
26220,28625,28615,0,0,0
1085,1082,28626,1,1,1,2264
28627,28626,28628,1,0,1
28629,28628,28630,1,0,1
28631,28630,28632,1,0,1
28633,28634,28635,1,1,1
28636,28637,28638,1,1,1
1080,28638,28639,1,0,1
28632,28639,28635,0,0,0
25650,25648,28640,1,1,1,8406
28323,28325,28641,0,0,1
28642,28641,28643,1,0,1
28644,28643,28645,1,0,1
3641,28645,28646,0,0,1
28647,28646,28648,1,0,1
28649,28648,28650,1,0,1
28651,28652,28653,1,1,1
28654,28653,28655,1,0,1
28656,28655,28657,1,0,1
27916,28657,28658,0,0,1
27914,28658,28659,0,0,1
27763,28659,28660,0,0,1
28640,28660,28650,0,0,0
3698,3700,28661,0,0,1,2263
3602,3590,28662,0,0,1
3703,3600,28663,0,0,1
3718,28663,28664,0,0,1
3596,28664,28665,0,0,1
3593,3597,28666,0,0,1
28661,3594,28667,0,0,1
28662,28667,28668,0,0,1
3599,28668,28669,0,0,1
28665,28669,28666,0,0,0
28093,28104,28670,0,1,1,1747
28671,28670,28672,1,0,1
28673,28672,28674,1,0,1
28675,28674,28676,1,0,1
26249,28676,28102,0,0,1
28253,27541,28677,0,0,1,18644
28678,28677,28679,1,0,1
28680,28681,28682,1,1,1
28683,28682,28684,1,0,1
27549,28684,28685,0,0,1
27547,28685,28686,0,0,1
27545,28686,28687,0,0,1
28679,27543,28688,0,0,1
28689,28688,28687,1,0,0
28690,28691,28692,1,1,1,43968
28693,28694,28695,1,1,1
28696,28695,28697,1,0,1
28698,28699,28700,1,1,1
28701,28702,28703,1,1,1
28704,28703,28705,1,0,1
28706,28705,28707,1,0,1
28708,28709,28710,1,1,1
28711,28712,28713,1,1,1
28714,28713,28715,1,0,1
28716,28715,28717,1,0,1
28692,28717,28718,0,0,1
28697,28718,28719,0,0,1
28707,28700,28720,0,0,1
28710,28720,28719,0,0,0
28131,28134,28721,0,0,1,2774
28722,28282,28723,1,0,1
28724,28723,28725,1,0,1
28726,28727,28728,1,1,1
28721,28728,28725,0,0,0
5848,5846,28729,1,1,1,2775
5851,28729,28612,1,0,0
27929,27931,28730,0,0,1,2262
27927,28730,28731,0,0,1
27925,28731,28732,0,0,1
28733,28732,21097,1,0,0
28656,27918,28734,0,0,1,9942
28735,28734,28736,1,0,1
28737,28736,28738,1,0,1
28739,28738,28740,1,0,1
28741,28740,27920,1,0,0
24119,25262,28742,0,1,1,10453
24115,24117,28743,0,0,1
28744,28743,28745,1,0,1
28746,28745,28747,1,0,1
28319,28747,28748,0,0,1
28330,28748,28742,0,0,0
3649,24111,28749,0,0,1,10454
3645,28749,28750,0,0,1
3646,28750,28751,0,0,1
28644,3643,28752,0,0,1
28642,28752,28753,0,0,1
28321,28753,28754,0,0,1
28746,28754,28755,0,0,1
28744,28755,28756,0,0,1
24113,28756,28751,0,0,0
27474,27504,28757,0,0,1,2262
28758,28757,28759,1,0,1
28760,28761,28762,1,1,1
28763,28764,28765,1,1,1
28766,28765,28767,1,0,1
28768,28767,28769,1,0,1
28770,28769,28771,1,0,1
4610,28771,28772,0,0,1
4607,28772,28773,0,0,1
4605,4608,28774,0,0,1
28775,28774,28776,1,0,1
28777,28778,28779,1,1,1
28780,28779,28781,1,0,1
28782,28783,28784,1,1,1
28785,28786,28787,1,1,1
28788,28787,28789,1,0,1
28790,28791,28792,1,1,1
27477,28792,28793,0,0,1
28759,27510,28794,0,0,1
28781,28776,28795,0,0,1
28784,28795,28796,0,0,1
28797,28796,28798,1,0,1
28789,28799,28800,0,1,1
28794,28793,28801,0,0,1
28762,28801,28802,0,0,1
28798,28773,28803,0,0,1
28800,28803,28802,0,0,0
26995,27035,28804,0,0,1,212
26989,26993,28805,0,0,1
28806,28805,28807,1,0,1
26981,28808,28809,0,1,1
26978,28809,28810,0,0,1
26974,26976,28811,0,0,1
28812,26972,28813,1,0,1
28814,28815,28816,1,1,1
28817,28818,28819,1,1,1
28820,28819,28821,1,0,1
28822,28823,28824,1,1,1
28825,28824,28826,1,0,1
28827,28826,28828,1,0,1
28829,28828,28830,1,0,1
27384,28831,28832,0,1,1
28833,28832,28834,1,0,1
28835,28836,28837,1,1,1
28838,28839,28840,1,1,1
26998,28840,28841,0,0,1
28804,28841,28842,0,0,1
26992,28842,28843,0,0,1
28810,28807,28844,0,0,1
28816,28813,28845,0,0,1
28846,28845,28847,1,0,1
28848,28847,28849,1,0,1
28821,28850,28851,0,1,1
28830,28851,28852,0,0,1
28834,28852,28853,0,0,1
28837,28853,28854,0,0,1
28843,28855,28856,0,1,1
28844,28856,28857,0,0,1
28811,28857,28858,0,0,1
28849,28858,28854,0,0,0
28859,28860,28861,1,1,1,9940
26962,28861,28862,1,0,1
27031,28862,28863,1,0,1
28864,28863,28865,1,0,1
28866,28865,28867,1,0,1
28868,26636,28869,1,1,1,978
26628,28870,28871,1,1,1
26631,28871,28872,1,0,1
26630,28872,28873,1,0,1
28869,26633,28874,0,1,1
28875,28874,28873,1,0,0
4129,4048,28876,0,0,1,2774
4045,28876,28877,0,0,1
4127,4043,28878,0,0,1
4155,28878,28879,0,0,1
4125,28879,28880,0,0,1
4039,28880,28881,0,0,1
28882,28881,28883,1,0,1
4228,28884,28885,0,1,1
28886,28885,28887,1,0,1
28888,28887,28889,1,0,1
4219,4222,28890,0,0,1
4196,28890,28891,0,0,1
4192,28891,28892,0,0,1
4190,4193,28893,0,0,1
4187,28893,28894,0,0,1
4185,4188,28895,0,0,1
4050,4181,28896,0,0,1
4047,28896,28897,0,0,1
28877,28897,28898,0,0,1
4042,28898,28899,0,0,1
28889,28883,28900,0,0,1
28901,28900,28902,1,0,1
28892,28902,28903,0,0,1
28894,28903,28904,0,0,1
28895,28904,28905,0,0,1
4183,28905,28899,0,0,0
28311,28051,28906,0,0,1,9174
28309,28906,28907,0,0,1
28908,28907,28909,1,0,1
28910,28911,28912,1,1,1
28913,28912,28914,1,0,1
28619,28914,28915,0,0,1
28617,28915,28909,0,0,0
28636,1077,28916,0,1,1,10456
28633,28637,28917,0,0,1
28629,28631,28918,0,0,1
1084,28627,28919,1,0,1
28535,28919,28920,0,0,1
4345,28920,28921,0,0,1
4354,4346,28922,0,0,1
28923,28922,28924,1,0,1
28925,28924,28926,1,0,1
28927,28926,28928,1,0,1
28929,28928,28930,1,0,1
28931,28930,28932,1,0,1
28933,28934,28935,1,1,1
28936,28935,28937,1,0,1
28298,28938,28939,0,1,1
28295,28939,28940,0,0,1
27152,28940,28941,0,0,1
28916,28941,28942,0,0,1
28917,28942,28943,0,0,1
28634,28943,28944,0,0,1
28918,28944,28945,0,0,1
28921,28945,28946,0,0,1
28932,28946,28937,0,0,0
28733,21096,28947,0,0,1,2263
27922,28947,28948,0,0,1
28949,28948,28950,1,0,1
4317,28950,28951,0,0,1
28952,4313,28953,1,0,1
28954,28955,28956,1,1,1
4308,28957,28958,0,1,1
4305,28958,28959,0,0,1
4302,28959,28960,0,0,1
21099,28960,28961,0,0,1
28953,28951,28962,0,0,1
28956,28962,28963,0,0,1
28964,28963,28961,1,0,0
28548,28148,28965,0,0,1,12502
28546,28965,28966,0,0,1
28967,28543,28968,1,0,1
28969,28968,28970,1,0,1
28971,28970,28972,1,0,1
27467,28973,28974,0,1,1
28337,28974,28975,0,0,1
27461,28335,28976,0,0,1
26771,28976,28977,0,0,1
28966,26769,28978,0,0,1
28972,28978,28979,0,0,1
28975,28979,28977,0,0,0
28558,28560,28980,0,0,1,2262
27823,28980,28981,0,0,1
28982,28981,28983,1,0,1
4271,28984,28985,0,1,1
4268,28985,28986,0,0,1
27839,28986,28987,0,0,1
27840,28987,28988,0,0,1
27836,28988,28983,0,0,0
28564,28439,28989,0,0,1,18645
28188,28989,28990,0,0,1
28186,28990,28991,0,0,1
28484,28991,28992,0,0,1
28993,28992,28994,1,0,1
27817,28994,28228,0,0,0
28251,28678,28995,0,0,1,11219
28121,28995,28996,0,0,1
28997,28996,28998,1,0,1
28999,28998,29000,1,0,1
29001,29000,29002,1,0,1
29003,29004,29005,1,1,1
29006,29005,29007,1,0,1
29008,29007,29009,1,0,1
29010,29009,29011,1,0,1
29012,29011,29013,1,0,1
28680,29013,29014,0,0,1
28681,29014,29015,0,0,1
28689,29015,29002,0,0,0
27585,28212,29016,1,0,1,1747
29017,29016,29018,1,0,1
29019,29018,29020,1,0,1
29021,29020,29022,1,0,1
29023,29022,29024,1,0,1
29025,29026,29027,1,1,1
28571,29027,29028,0,0,1
28569,29028,29029,0,0,1
28200,29029,29030,0,0,1
28214,29030,29024,0,0,0
29031,28037,29032,1,0,1,983
29033,29032,29034,1,0,1
29035,29034,29036,1,0,1
29037,29038,29039,1,1,1
3829,29039,29040,0,0,1
3827,29040,29041,0,0,1
28523,28526,29042,0,0,1
29036,28521,29043,0,0,1
29042,29041,29044,0,0,1
28524,29044,29043,0,0,0
28835,28855,29045,0,0,1,213
28833,28836,29046,0,0,1
27334,29046,29047,0,0,1
26997,29047,29048,0,0,1
28838,29048,29049,0,0,1
28839,29049,29045,0,0,0
26986,26990,29050,0,0,1,8405
27047,26987,29051,0,0,1
26983,27045,29052,0,0,1
26980,26984,29053,0,0,1
28806,28808,29054,0,0,1
29050,29054,29055,0,0,1
29052,29051,29056,0,0,1
29053,29056,29055,0,0,0
28993,27819,29057,0,0,1,10453
28480,28482,29058,0,0,1
4274,29058,29059,0,0,1
4270,29059,29060,0,0,1
28982,28984,29061,0,0,1
27824,29061,29062,0,0,1
29057,27821,29063,0,0,1
29060,29063,29062,0,0,0
27551,27860,29064,0,0,1,18645
28683,29064,29065,0,0,1
29012,29065,29066,0,0,1
29067,29010,29068,1,0,1
29069,29068,29070,1,0,1
29071,29070,29072,1,0,1
29073,29074,29075,1,1,1
29066,29075,29072,0,0,0
28649,28652,29076,0,0,1,9943
29077,29076,29078,1,0,1
29079,29080,29081,1,1,1
29082,29081,29083,1,0,1
28651,29083,29078,0,0,0
27471,28758,29084,0,0,1,1750
28760,28764,29085,0,0,1
28761,29085,29084,0,0,0
28350,28352,29086,0,0,1,8404
4296,29086,29087,0,0,1
4294,29087,29088,0,0,1
4292,29088,29089,0,0,1
28354,29089,28430,0,0,0
29073,27862,29090,0,0,1,14548
29071,29074,29091,0,0,1
29092,29069,29093,1,0,1
29094,29093,29095,1,0,1
29096,29095,29097,1,0,1
27864,29097,29098,0,0,1
29090,29098,29091,0,0,0
28512,28114,29099,0,0,1,9939
28510,29099,29100,0,0,1
28597,29100,29101,0,0,1
29102,29103,29104,1,1,1
28116,29104,29105,0,0,1
28117,29105,29101,0,0,0
29106,4248,29107,1,0,1,2774
29108,29109,29110,1,1,1
28260,29110,29111,0,0,1
29112,29111,29113,1,0,1
26479,29113,29114,1,0,1
26481,29114,29115,1,0,1
26484,29115,29116,1,0,1
4251,26483,29117,0,1,1
29107,29117,29116,0,0,0
28913,28621,29118,0,0,1,12758
29119,28910,29120,1,0,1
29121,29120,29122,1,0,1
29123,29122,29124,1,0,1
29125,29124,29126,1,0,1
29127,29126,29128,1,0,1
29129,29128,29130,1,0,1
29131,29130,29132,1,0,1
29133,29132,29118,1,0,0
28306,28908,29134,0,0,1,17367
29135,29136,29137,1,1,1
29138,29137,29139,1,0,1
29119,29140,29141,0,1,1
28911,29141,29142,0,0,1
29134,29142,29139,0,0,0
28741,27923,29143,0,0,1,9943
29144,29143,29145,1,0,1
29146,29145,29147,1,0,1
4316,29147,28949,0,0,0
28654,28735,29148,0,0,1,14039
29082,29148,29149,0,0,1
29079,29149,29150,0,0,1
29151,29150,29152,1,0,1
29153,29152,29154,1,0,1
28739,29144,29155,0,0,1
28737,29155,29154,0,0,0
3591,3604,29156,0,0,1,2263
3587,29156,29157,0,0,1
29158,29157,29159,1,0,1
29160,29159,29161,1,0,1
29162,29161,29163,1,0,1
29164,29163,29165,1,0,1
29166,29165,29167,1,0,1
29168,29169,29170,1,1,1
29171,29170,29172,1,0,1
29173,29172,29174,1,0,1
29175,29176,29177,1,1,1
29178,29179,29180,1,1,1
29181,29182,29183,1,1,1
29184,29183,29185,1,0,1
3615,29185,29186,0,0,1
3705,29186,29187,0,0,1
3720,29187,29188,0,0,1
3612,29188,29189,0,0,1
29167,3606,29190,0,0,1
29174,29190,29191,0,0,1
29177,29191,29192,0,0,1
29193,29192,29194,1,0,1
29189,29180,29195,0,0,1
3610,29195,29196,0,0,1
3608,29196,29194,0,0,0
29197,29198,29199,1,1,1,2774
29200,29199,29201,1,0,1
29202,29201,29203,1,0,1
29204,29203,29205,1,0,1
28701,29205,29206,0,0,1
28702,29206,29207,0,0,1
28698,29207,29208,0,0,1
29209,28035,29210,1,0,1,471
29211,29210,29212,1,0,1
29213,29212,29214,1,0,1
29215,29216,29217,1,1,1
29218,29217,29219,1,0,1
29220,29219,29221,1,0,1
29222,29223,29224,1,1,1
29035,29224,29225,0,0,1
29033,29225,29226,0,0,1
29031,29226,29227,0,0,1
29214,29227,29221,0,0,0
29133,28033,29228,0,0,1,8663
29129,29131,29229,0,0,1
29230,29127,29231,1,0,1
29232,29231,29233,1,0,1
29215,29233,29234,0,0,1
29213,29216,29235,0,0,1
29211,29235,29236,0,0,1
29209,29236,29237,0,0,1
29228,29237,29238,0,0,1
29229,29238,29234,0,0,0
28971,28973,29239,0,0,1,215
29240,28969,29241,1,0,1
29242,29241,29243,1,0,1
28763,29243,29244,0,0,1
27472,29244,29245,0,0,1
27469,29245,29246,0,0,1
27466,29246,29239,0,0,0
27719,29247,29248,0,1,1,9940
26251,29248,28675,0,0,0
29249,3775,29250,1,0,1,8404
27709,29250,29251,1,0,1
29252,29251,27716,1,0,1
28119,28997,29253,0,0,1,1747
29102,29253,29254,0,0,1
29103,29254,29255,0,0,1
28595,29255,29256,0,0,1
4401,29256,29257,1,0,1
29258,29257,29259,1,0,1
29260,29259,29261,1,0,1
29262,29261,29263,1,0,1
29264,29263,29265,1,0,1
29266,29265,29267,1,0,1
29268,29267,29269,1,0,1
29270,29269,29271,1,0,1
29272,29271,29273,1,0,1
27587,29017,29274,1,0,1,3539
29275,29276,29277,1,1,1
29278,29279,29280,1,1,1
29281,29280,29282,1,0,1
29283,29282,29284,1,0,1
29019,29285,29286,0,1,1
29274,29286,29287,0,0,1
29277,29287,29284,0,0,0
3639,28647,29288,0,0,1,2263
3636,29288,29289,0,0,1
29290,29289,29291,1,0,1
29292,29291,29293,1,0,1
29294,29293,29295,1,0,1
29296,29297,29298,1,1,1
29299,29298,29300,1,0,1
29301,29300,29302,1,0,1
29303,29302,29304,1,0,1
4324,29304,29305,0,0,1
29306,29305,29307,1,0,1
29151,29307,29308,0,0,1
29080,29308,29309,0,0,1
29077,29309,29295,0,0,0
29310,28967,29311,1,0,1,10455
29312,29313,29314,1,1,1
29315,29314,29316,1,0,1
29317,29316,29318,1,0,1
4614,29318,29319,0,0,1
4612,29319,29320,0,0,1
29321,28770,29322,1,0,1
29323,29322,29324,1,0,1
29325,29326,29327,1,1,1
29328,29329,29330,1,1,1
29240,29331,29332,0,1,1
29311,29332,29333,0,0,1
29324,29320,29334,0,0,1
29327,29334,29335,0,0,1
29330,29335,29333,0,0,0
27361,27365,29336,0,0,1,10454
29337,29336,29338,1,0,1
29339,29340,29341,1,1,1
27349,29342,29343,0,1,1
29344,29343,29345,1,0,1
29346,29345,29347,1,0,1
4577,29347,29348,0,0,1
29349,29348,29350,1,0,1
29351,29350,29352,1,0,1
29353,29352,29354,1,0,1
29313,29355,29356,0,1,1
29310,29356,29357,0,0,1
28544,29357,29358,0,0,1
28139,29358,29359,0,0,1
27364,29359,29360,0,0,1
29341,29338,29361,0,0,1
29354,29361,29362,0,0,1
29363,29362,29360,1,0,0
29096,27866,29364,0,0,1,10452
29067,29092,29365,0,0,1
29008,29365,29366,0,0,1
29367,29366,29368,1,0,1
29369,29370,29371,1,1,1
29372,29373,29374,1,1,1
28240,29374,29375,0,0,1
28238,29375,29376,0,0,1
27868,29376,29377,0,0,1
29364,29377,29378,0,0,1
29094,29378,29379,0,0,1
29368,29379,29371,0,0,0
28999,29001,29380,0,0,1,3027
29273,29380,29381,0,0,1
29272,29381,29382,0,0,1
29383,29382,29384,1,0,1
29385,29384,29386,1,0,1
29387,29386,29004,1,0,0
29138,29140,29388,0,0,1,17368
28307,29136,29389,0,0,1
28304,29389,29390,0,0,1
29391,29390,29392,1,0,1
29393,29392,29394,1,0,1
29395,29394,29396,1,0,1
29397,29396,29398,1,0,1
29399,29398,29400,1,0,1
29401,29400,29402,1,0,1
29388,29121,29403,0,0,1
29135,29403,29402,0,0,0
29404,28448,29405,1,0,1,10452
28468,29406,29407,0,1,1
29408,29407,29409,1,0,1
29410,29409,29411,1,0,1
28450,29411,29405,0,0,0
28470,29406,29412,1,1,1,2260
28493,29412,29413,1,0,1
28473,29413,29414,1,0,1
28476,28472,29415,1,1,1
28363,28475,29416,1,1,1
28365,29416,29417,1,0,1
29418,29417,29419,1,0,1
29420,29419,29421,1,0,1
29422,29421,29423,1,0,1
29424,29423,29425,1,0,1
29426,29425,29427,1,0,1
29428,29427,29429,1,0,1
29430,29429,29431,1,0,1
29432,29431,29433,1,0,1
29434,29433,29435,1,0,1
29436,29435,29437,1,0,1
29438,29437,29439,1,0,1
29436,29438,29440,0,0,1
29441,29440,29442,1,0,1
29443,29442,29444,1,0,1
29445,29444,29446,1,0,1
28244,29446,29447,1,0,1
28246,29447,29448,1,0,1
27878,29448,29449,1,0,1
27881,29449,29450,1,0,1
28446,29450,29451,1,0,1
29404,29451,29452,1,0,1
29414,29452,29453,0,0,1
29415,29453,29439,0,0,0
28936,28938,29454,0,0,1,9176
29455,29454,29456,1,0,1
29457,29458,29459,1,1,1
29460,29459,29461,1,0,1
29462,29461,29463,1,0,1
29464,29463,29465,1,0,1
29466,29465,29467,1,0,1
29468,29467,29469,1,0,1
29470,29469,29471,1,0,1
29472,29471,29473,1,0,1
29474,29475,29476,1,1,1
29399,29401,29477,0,0,1
29395,29397,29478,0,0,1
28302,29391,29479,0,0,1
28300,29479,29480,0,0,1
28297,29480,29481,0,0,1
29456,29481,29482,0,0,1
29473,29482,29483,0,0,1
29477,29476,29484,0,0,1
29478,29484,29485,0,0,1
29483,29393,29486,0,0,1
29487,29486,29485,1,0,0
28929,28931,29488,0,0,1,9944
29489,29488,29490,1,0,1
29491,29490,29492,1,0,1
29458,29493,29494,0,1,1
29455,29494,29495,0,0,1
28933,29495,29496,0,0,1
28934,29496,29492,0,0,0
28954,28964,29497,0,0,1,14551
28952,28955,29498,0,0,1
4356,4314,29499,0,0,1
4310,29499,29500,0,0,1
4307,4311,29501,0,0,1
28957,29501,29502,0,0,1
29497,29502,29503,0,0,1
29498,29503,29500,0,0,0
29306,29153,29504,0,0,1,2264
4321,4325,29505,0,0,1
4319,4322,29506,0,0,1
29146,29506,29507,0,0,1
29504,29507,29505,0,0,0
29353,29363,29508,0,0,1,14550
29351,29508,29509,0,0,1
29349,29509,29510,0,0,1
29317,4578,29511,0,0,1
29312,29315,29512,0,0,1
29355,29512,29513,0,0,1
29510,29513,29511,0,0,0
27358,27362,29514,0,0,1,8406
27389,27359,29515,0,0,1
27356,29515,29516,0,0,1
27352,27354,29517,0,0,1
29342,29517,29518,0,0,1
29339,29518,29519,0,0,1
29340,29519,29520,0,0,1
29337,29520,29521,0,0,1
29514,29521,29516,0,0,0
28829,28831,29522,0,0,1,8404
28827,29522,29523,0,0,1
29524,29525,29526,1,1,1
29527,29526,29528,1,0,1
29529,29530,29531,1,1,1
29532,29531,29533,1,0,1
29534,29535,29536,1,1,1
29537,29536,29538,1,0,1
29539,29538,29540,1,0,1
27337,29540,29541,0,0,1
29528,29542,29543,0,1,1
29541,29533,29544,0,0,1
29523,29544,29543,0,0,0
27714,27711,29545,1,1,1,212
27713,29545,29252,1,0,0
29546,29547,29548,1,1,1,8405
29549,29550,29551,1,1,1
29552,29551,29553,1,0,1
29554,29553,29555,1,0,1
29556,29555,29548,1,0,0
28454,28456,29557,0,0,1,2260
29410,28452,29558,0,0,1
29408,29558,29559,0,0,1
28466,29559,29560,0,0,1
28464,29560,29561,0,0,1
28491,28462,29562,0,0,1
28458,29562,29563,0,0,1
28459,29563,29564,0,0,1
28489,29564,29565,0,0,1
29561,29557,29566,0,0,1
28461,29566,29565,0,0,0
29567,29568,29569,1,1,1,2774
29570,29571,29572,1,1,1
29573,29572,29574,1,0,1
29575,29574,29569,1,0,0
29474,29123,29576,0,0,1,8664
29487,29475,29577,0,0,1
29578,29577,29579,1,0,1
29580,29579,29581,1,0,1
29582,29581,29583,1,0,1
29584,29583,29585,1,0,1
29586,29585,29587,1,0,1
29218,29587,29588,0,0,1
29232,29588,29589,0,0,1
29230,29589,29590,0,0,1
29125,29590,29576,0,0,0
29331,29242,29591,0,0,1,2263
29328,29591,29592,0,0,1
29325,29329,29593,0,0,1
29323,29326,29594,0,0,1
29321,29594,29595,0,0,1
28768,29595,29596,0,0,1
28766,29596,29597,0,0,1
29592,29597,29593,0,0,0
29003,29006,29598,0,0,1,8403
29599,29598,29600,1,0,1
29601,29600,29602,1,0,1
29603,29602,29604,1,0,1
29605,4414,29606,1,1,1
29373,29606,29607,0,0,1
29369,29607,29608,0,0,1
29367,29370,29609,0,0,1
29604,29609,29608,0,0,0
29283,29285,29610,0,0,1,979
29611,29610,29612,1,0,1
29613,29612,29614,1,0,1
29023,29026,29615,0,0,1
29021,29615,29614,0,0,0
28279,28722,29616,0,0,1,3030
28276,28280,29617,0,0,1
28289,28277,29618,0,0,1
28273,29618,29619,0,0,1
29620,29619,29621,1,0,1
29622,29621,29623,1,0,1
29624,29625,29626,1,1,1
29616,29626,29627,0,0,1
29617,29627,29623,0,0,0
4246,29106,29628,0,0,1,2775
4469,4242,29629,0,0,1
4466,29629,29630,0,0,1
29108,29630,29631,0,0,1
29628,29109,29632,0,0,1
4244,29632,29631,0,0,0
3637,29290,29633,0,0,1,10455
3633,29633,29634,0,0,1
3623,29635,29636,0,1,1
29637,29636,29638,1,0,1
29639,29638,29640,1,0,1
29641,29640,29642,1,0,1
29643,29642,29644,1,0,1
29645,29644,29646,1,0,1
29647,29646,29648,1,0,1
29634,29649,29650,0,1,1
29651,29650,29648,1,0,0
29268,29270,29652,0,0,1,1746
29653,29652,29654,1,0,1
29655,29654,29656,1,0,1
4405,29656,29657,1,0,1
29658,29657,29383,1,0,0
29624,29659,29660,0,1,1,2774
29622,29625,29661,0,0,1
28274,29620,29662,0,0,1
4542,29662,29663,0,0,1
29664,29663,29665,1,0,1
29666,29665,29667,1,0,1
29668,29667,29669,1,0,1
29660,29669,29661,0,0,0
29670,29671,29672,1,1,1,2776
29673,29674,29675,1,1,1
29676,29675,29677,1,0,1
29678,29679,29680,1,1,1
29681,29680,29682,1,0,1
29683,29682,29684,1,0,1
29685,29684,29686,1,0,1
29672,29686,29677,0,0,0
4343,28923,29687,0,0,1,18647
29688,4341,29689,1,0,1
29690,29689,29691,1,0,1
29692,29691,29693,1,0,1
29694,29693,29695,1,0,1
28925,29695,29687,0,0,0
27336,27339,29696,0,0,1,12501
29539,29696,29697,0,0,1
29698,29699,29700,1,1,1
29701,29702,29703,1,1,1
27344,29703,29704,0,0,1
27345,29704,29705,0,0,1
27341,29705,29706,0,0,1
29697,27342,29707,0,0,1
29700,29707,29706,0,0,0
29387,29599,29708,0,0,1,211
29658,29385,29709,0,0,1
4409,29709,29710,1,0,1
4454,4408,29711,1,1,1
4465,29711,29712,1,0,1
4412,29712,29713,1,0,1
4411,29713,29714,1,0,1
4415,29714,29715,1,0,1
29603,29715,29716,0,0,1
29601,29716,29717,0,0,1
29708,29717,29710,0,0,0
28704,28706,29718,0,0,1,3014
29204,29718,29719,0,0,1
29720,29721,29722,1,1,1
28709,29723,29724,0,1,1
29722,29719,29725,0,0,1
29726,29725,29724,1,0,0
29727,29728,29729,1,1,1,43984
29730,29731,29732,1,1,1
29733,29732,29734,1,0,1
29735,29734,29729,1,0,0
4562,28263,29736,0,0,1,2775
4560,29736,29737,0,0,1
4558,29737,29738,0,0,1
4556,29738,29739,0,0,1
4554,29739,29740,0,0,1
28267,28269,29741,0,0,1
28265,29741,29740,0,0,0
29222,29038,29742,0,0,1,215
29743,29742,29744,1,0,1
29745,29744,29746,1,0,1
29747,29746,29748,1,0,1
29749,29748,29750,1,0,1
29751,29752,29753,1,1,1
29754,29753,29755,1,0,1
29756,29755,29757,1,0,1
29758,29757,29759,1,0,1
29760,29759,29761,1,0,1
29762,29763,29764,1,1,1
29765,29764,29766,1,0,1
3851,29766,29767,0,0,1
3847,29767,29768,0,0,1
29769,29768,29770,1,0,1
3831,29770,29771,0,0,1
29750,29037,29772,0,0,1
29761,29772,29771,0,0,0
28927,29489,29773,0,0,1,9943
29694,29773,29774,0,0,1
29460,29775,29776,0,1,1
29457,29776,29777,0,0,1
29493,29777,29778,0,0,1
29491,29778,29774,0,0,0
29779,29780,29781,1,1,1,210
27663,29781,29782,0,0,1
27664,29782,29783,0,0,1
27661,29783,27658,0,0,0
29372,28242,29784,0,0,1,8404
29605,29784,29785,0,0,1
29786,4417,29787,1,1,1
29788,29789,29790,1,1,1
29445,29790,29791,1,0,1
29785,29791,29787,0,0,0
4451,4403,29792,1,1,1,211
4406,29792,29793,1,0,1
29655,29793,29794,0,0,1
29653,29794,29795,0,0,1
29266,29795,29796,0,0,1
29264,29796,29797,0,0,1
29262,29797,29798,0,0,1
29258,29260,29799,0,0,1
4400,29799,29798,1,0,0
29800,4337,29801,1,0,1,10454
29802,29803,29804,1,1,1
29805,29804,29806,1,0,1
29807,29808,29809,1,1,1
29810,29811,29812,1,1,1
29806,29801,29813,0,0,1
29809,29813,29812,0,0,0
29814,29815,29816,1,1,1,14551
29817,29818,29819,1,1,1
29820,29819,29821,1,0,1
29822,29823,29824,1,1,1
29825,29824,29826,1,0,1
29827,29826,29828,1,0,1
29829,29830,29831,1,1,1
29832,29831,29833,1,0,1
29834,29835,29836,1,1,1
29816,29836,29837,0,0,1
29821,29837,29838,0,0,1
29828,29838,29833,0,0,0
3631,3634,29839,0,0,1,2263
3629,29839,29840,0,0,1
3627,29840,29841,0,0,1
3625,29841,29842,0,0,1
29635,29842,29651,0,0,0
29701,27347,29843,0,0,1,8406
29698,29702,29844,0,0,1
29845,29844,29846,1,0,1
29847,29848,29849,1,1,1
29850,29849,29851,1,0,1
29852,29851,29853,1,0,1
29854,29853,29855,1,0,1
29344,29855,29856,0,0,1
27350,29856,29857,0,0,1
29843,29857,29846,0,0,0
29858,26626,29859,1,1,1,3539
29860,29859,29861,1,0,1
26619,29862,29863,1,1,1
26623,29863,29864,1,0,1
26622,29864,29861,1,0,0
29666,29865,29866,0,1,1,1750
4540,29664,29867,0,0,1
4538,29867,29868,0,0,1
4536,29868,29869,0,0,1
29870,29869,29871,1,0,1
29872,29871,29873,1,0,1
29731,29873,29866,0,0,0
29220,29223,29874,0,0,1,9943
29584,29586,29875,0,0,1
29876,29875,29877,1,0,1
29878,29879,29880,1,1,1
29881,29882,29883,1,1,1
29743,29883,29884,0,0,1
29874,29884,29885,0,0,1
29877,29885,29880,0,0,0
29810,4339,29886,0,0,1,9942
29887,29886,29888,1,0,1
29889,29890,29891,1,1,1
29892,29891,29893,1,0,1
29894,29893,29895,1,0,1
29688,29895,29888,0,0,0
29647,29649,29896,0,0,1,14551
29643,29645,29897,0,0,1
29898,29897,29899,1,0,1
29900,29899,29901,1,0,1
29902,29901,29903,1,0,1
29292,29903,29896,0,0,0
3588,29158,29904,0,0,1,10455
27489,3584,29905,0,0,1
29906,29905,29907,1,0,1
29908,29907,29909,1,0,1
29910,29911,29912,1,1,1
29913,29912,29914,1,0,1
29915,29916,29917,1,1,1
29918,29917,29919,1,0,1
29920,29919,29921,1,0,1
29164,29921,29922,0,0,1
29162,29922,29923,0,0,1
29904,29160,29924,0,0,1
29909,29924,29925,0,0,1
29914,29925,29923,0,0,0
29537,29699,29926,0,0,1,8405
29927,29926,29928,1,0,1
29847,29929,29930,0,1,1
29845,29848,29931,0,0,1
29928,29931,29930,0,0,0
29932,29933,29934,1,1,1,1747
29935,29936,29937,1,1,1
29938,29939,29940,1,1,1
29941,29940,29942,1,0,1
29943,29942,29944,1,0,1
29945,29946,29947,1,1,1
29948,29947,29949,1,0,1
29950,29949,29951,1,0,1
29952,29953,29954,1,1,1
29955,29956,29957,1,1,1
29958,29959,29960,1,1,1
29961,29960,29962,1,0,1
29963,29962,29964,1,0,1
29965,29964,29966,1,0,1
29967,29968,29969,1,1,1
29970,29971,29972,1,1,1
29973,29972,29974,1,0,1
29975,29976,29977,1,1,1
29978,29977,29979,1,0,1
29934,29979,29980,0,0,1
29937,29980,29981,0,0,1
29951,29982,29983,0,1,1
29954,29983,29984,0,0,1
29985,29984,29986,1,0,1
29957,29986,29987,0,0,1
29966,29987,29988,0,0,1
29974,29969,29989,0,0,1
29981,29989,29990,0,0,1
29991,29990,29992,1,0,1
29944,29992,29988,0,0,0
28875,28870,29993,0,0,1,979
29994,29993,29995,1,0,1
29996,29995,29997,1,0,1
29998,29997,29999,1,0,1
30000,30001,30002,1,1,1
30003,30002,30004,1,0,1
30005,30004,30006,1,0,1
30007,30006,30008,1,0,1
30009,30008,30010,1,0,1
30011,30010,30012,1,0,1
30013,30014,30015,1,1,1
30016,30015,30017,1,0,1
30018,30019,30020,1,1,1
30021,30022,30023,1,1,1
30024,30023,30025,1,0,1
30026,30025,30027,1,0,1
30028,30027,30029,1,0,1
30030,30029,30031,1,0,1
30032,30031,30033,1,0,1
30034,30033,30035,1,0,1
30036,30035,30037,1,0,1
30038,30037,30039,1,0,1
30040,30039,30041,1,0,1
29862,30041,30042,0,0,1
29858,29860,30043,0,0,1
26625,30043,30044,1,0,1
29999,30044,30045,0,0,1
30017,30046,30047,0,1,1
30045,30042,30048,0,0,1
30047,30049,30050,0,1,1
30048,30020,30051,0,0,1
30012,30051,30052,0,0,1
30053,30052,30050,1,0,0
30054,30055,30056,1,1,1,1751
30057,30056,30058,1,0,1
30059,30058,30060,1,0,1
30061,30062,30063,1,1,1
30064,30065,30066,1,1,1
30067,30066,30068,1,0,1
30069,30068,30070,1,0,1
30071,30072,30073,1,1,1
30060,30073,30074,0,0,1
30063,30074,30070,0,0,0
30075,29472,30076,1,0,1,8662
30077,30076,30078,1,0,1
30079,30080,30081,1,1,1
30082,30083,30084,1,1,1
30085,30084,30086,1,0,1
29582,30086,30087,0,0,1
29580,30087,30088,0,0,1
30078,29578,30089,0,0,1
30090,30089,30091,1,0,1
30081,30091,30088,0,0,0
29468,29470,30092,0,0,1,8663
30093,30092,30094,1,0,1
30095,30094,30096,1,0,1
30097,30098,30099,1,1,1
30100,30101,30102,1,1,1
30077,30102,30103,0,0,1
30096,30075,30104,0,0,1
30099,30104,30105,0,0,1
30106,30105,30103,1,0,0
29692,29775,30107,0,0,1,9175
29690,30107,30108,0,0,1
29894,30108,30109,0,0,1
30110,30111,30112,1,1,1
29464,30112,30113,0,0,1
29462,30113,30109,0,0,0
29639,29641,30114,0,0,1,10456
30115,30116,30117,1,1,1
30118,30117,30119,1,0,1
30120,30119,30121,1,0,1
30122,30121,30123,1,0,1
30124,30123,30125,1,0,1
30126,30127,30128,1,1,1
30129,30128,30130,1,0,1
29900,30130,30131,0,0,1
29898,30131,30132,0,0,1
30125,30114,30133,0,0,1
30134,30133,30132,1,0,0
28788,28791,30135,0,0,1,2263
30136,30135,30137,1,0,1
30138,30137,30139,1,0,1
30140,30139,30141,1,0,1
30142,29281,30143,1,0,1,1746
30144,30143,30145,1,0,1
30146,30147,30148,1,1,1
30149,30148,30150,1,0,1
30151,30150,30152,1,0,1
28573,30152,30153,0,0,1
29025,30153,30154,0,0,1
29613,30154,30155,0,0,1
30145,29611,30156,0,0,1
30157,30156,30155,1,0,0
30144,30158,30159,1,1,1,7634
30160,30159,30161,1,0,1
30162,30161,30163,1,0,1
30164,30163,30165,1,0,1
30166,30165,30167,1,0,1
30168,30167,30169,1,0,1
30170,28708,30171,1,0,1,3014
30172,30173,30174,1,1,1
30175,30174,30176,1,0,1
30177,30176,30178,1,0,1
30179,30178,30180,1,0,1
30181,30180,30182,1,0,1
28712,30182,30171,0,0,0
29726,29723,30183,0,0,1,3015
29720,30183,30184,0,0,1
29202,29721,30185,0,0,1
30186,30185,30187,1,0,1
30188,30187,30189,1,0,1
30190,30189,30191,1,0,1
4516,30191,30192,0,0,1
30193,30194,30195,1,1,1
30196,30195,30197,1,0,1
30198,30197,30199,1,0,1
30200,30199,30201,1,0,1
30202,30201,30203,1,0,1
30204,30203,30205,1,0,1
30177,30206,30207,0,1,1
30175,30207,30208,0,0,1
30170,30173,30209,0,0,1
30184,30209,30210,0,0,1
30208,30205,30211,0,0,1
30210,30172,30212,0,0,1
30192,30212,30211,0,0,0
29301,29303,30213,0,0,1,14551
30214,29299,30215,1,0,1
30216,30215,30217,1,0,1
30218,30217,30219,1,0,1
30220,30219,30221,1,0,1
4329,4331,30222,0,0,1
30213,4327,30223,0,0,1
30221,30223,30222,0,0,0
29902,29294,30224,0,0,1,10455
30129,30224,30225,0,0,1
30226,30225,30227,1,0,1
30228,30229,30230,1,1,1
30214,30230,30231,0,0,1
29296,30231,30232,0,0,1
29297,30232,30227,0,0,0
29175,29193,30233,0,0,1,1751
30234,30233,30235,1,0,1
30236,30235,30237,1,0,1
30238,30239,30240,1,1,1
29179,30241,30242,0,1,1
30237,30242,30240,0,0,0
30141,28790,30243,0,0,1,215
30244,30243,30245,1,0,1
30246,30247,30248,1,1,1
30249,30248,30250,1,0,1
27481,30250,30251,0,0,1
27479,30251,30252,0,0,1
27476,30252,30245,0,0,0
29854,29346,30253,0,0,1,2262
30254,30253,30255,1,0,1
30256,30255,30257,1,0,1
4582,30257,4580,0,0,0
4437,4440,30258,0,0,1,211
30259,4435,30260,1,0,1
30261,30260,30262,1,0,1
30263,30262,30264,1,0,1
30265,30264,30266,1,0,1
4421,30267,30268,0,1,1
29786,4419,30269,1,0,1
29789,30269,30270,1,0,1
30271,30270,30272,1,0,1
30273,30274,30275,1,1,1
30276,30277,30278,1,1,1
29441,30278,30279,0,0,1
30280,30281,30282,1,1,1
30283,30284,30285,1,1,1
4439,30285,30286,0,0,1
30266,4434,30287,0,0,1
30268,30287,30288,0,0,1
30272,30288,30289,0,0,1
30275,30289,30290,0,0,1
30282,30279,30291,0,0,1
30286,30291,30292,0,0,1
30258,30292,30290,0,0,0
30293,30294,30295,1,1,1,42688
30296,30295,30297,1,0,1
30298,30297,30299,1,0,1
30300,30299,30301,1,0,1
30302,30301,30303,1,0,1
30304,30303,30305,1,0,1
30306,30305,30307,1,0,1
30308,30307,30309,1,0,1
30310,30309,30311,1,0,1
30312,30311,30313,1,0,1
30110,29466,30314,0,0,1,9177
30315,30314,30316,1,0,1
30317,30316,30318,1,0,1
30319,30320,30321,1,1,1
30322,30323,30324,1,1,1
30325,30326,30327,1,1,1
30318,30093,30328,0,0,1
30324,30321,30329,0,0,1
30327,30329,30328,0,0,0
29807,29811,30330,0,0,1,9941
30331,30330,30332,1,0,1
30333,30332,30334,1,0,1
30335,30334,30336,1,0,1
30337,30336,30338,1,0,1
30339,30338,30340,1,0,1
30341,30340,30342,1,0,1
30343,30344,30345,1,1,1
30346,30347,30348,1,1,1
30349,30348,30350,1,0,1
30351,30350,30352,1,0,1
30353,30352,30354,1,0,1
29889,30354,30355,0,0,1
29887,29890,30356,0,0,1
30342,30356,30357,0,0,1
30358,30357,30359,1,0,1
30345,30359,30355,0,0,0
29953,30360,30361,1,1,1,1748
29985,29952,30362,1,1,1
29956,30362,30363,1,0,1
29959,29955,30364,1,1,1
28812,30364,30365,0,0,1
30361,30365,30363,0,0,0
30181,28711,30366,0,0,1,2759
30206,30179,30367,0,0,1
30204,30367,30368,0,0,1
30369,30368,30370,1,0,1
30371,30370,30372,1,0,1
30373,30372,30374,1,0,1
30375,30374,30366,1,0,0
29870,30376,30377,0,1,1,2774
4534,30377,30378,0,0,1
4532,30378,30379,0,0,1
30380,30379,30381,1,0,1
30382,30381,30383,1,0,1
30384,30383,30385,1,0,1
30085,29876,30386,0,0,1,9942
30387,30388,30389,1,1,1
29882,30389,30390,0,0,1
29878,30390,30391,0,0,1
29879,30391,30386,0,0,0
30100,30090,30392,0,0,1,470
30393,30101,30394,1,0,1
30395,30394,30396,1,0,1
30397,30396,30398,1,0,1
30399,30398,30400,1,0,1
30082,30400,30401,0,0,1
30083,30401,30402,0,0,1
30079,30402,30403,0,0,1
30080,30403,30392,0,0,0
30404,30124,30405,1,0,1,9944
30406,30405,30407,1,0,1
30408,30409,30410,1,1,1
30226,30410,30411,0,0,1
30126,30411,30412,0,0,1
30127,30412,30413,0,0,1
30134,30413,30407,0,0,0
29927,29929,30414,0,0,1,16597
29534,30414,30415,0,0,1
30416,30415,30417,1,0,1
30418,30417,29850,1,0,0
30419,30420,30421,1,1,1,211
30422,30423,30424,1,1,1
30425,30426,30427,1,1,1
29943,30427,30428,1,0,1
29982,30428,30429,1,0,1
30421,30429,30424,0,0,0
3837,3839,30430,0,0,1,2776
3833,3835,30431,0,0,1
3848,29769,30432,0,0,1
3844,30432,30433,0,0,1
3845,30433,30434,0,0,1
3841,4138,30435,0,0,1
30430,3842,30436,0,0,1
30434,30431,30437,0,0,1
30435,30437,30436,0,0,0
29805,29808,30438,0,0,1,10453
30439,30440,30441,1,1,1
30442,30441,30443,1,0,1
30444,30443,30445,1,0,1
30446,30445,30447,1,0,1
30448,30447,30449,1,0,1
30450,30451,30452,1,1,1
30453,30454,30455,1,1,1
30331,30456,30457,0,1,1
30449,29802,30458,0,0,1
30459,30458,30460,1,0,1
30452,30460,30461,0,0,1
30457,30455,30462,0,0,1
30438,30462,30461,0,0,0
30228,30216,30463,0,0,1,18647
30464,30463,30465,1,0,1
30466,30465,30467,1,0,1
30468,30469,30470,1,1,1
30471,30470,30472,1,0,1
30473,30472,30474,1,0,1
30439,30474,30475,0,0,1
29803,30440,30476,0,0,1
4335,29800,30477,0,0,1
30220,4333,30478,0,0,1
30467,30218,30479,0,0,1
30476,30475,30480,0,0,1
30478,30477,30481,0,0,1
30479,30481,30480,0,0,0
30238,30241,30482,0,0,1,10455
30483,30482,30484,1,0,1
29181,30485,30486,0,1,1
29178,29182,30487,0,0,1
30484,30487,30486,0,0,0
30488,30489,30490,1,1,1,210
30491,30490,30492,1,0,1
30146,30492,30493,1,0,1
28575,30151,30494,1,1,1
28577,30494,30495,1,0,1
30496,30495,30497,1,0,1
30498,30497,30499,1,0,1
30500,30499,30501,1,0,1
30502,30501,30503,1,0,1
30504,30505,30506,1,1,1
30507,30506,30508,1,0,1
30509,30508,30510,1,0,1
30511,30510,30512,1,0,1
30493,30512,30513,0,0,1
30149,30513,30503,1,0,0
30040,26620,30514,0,1,1,978
30038,30514,30515,0,0,1
30032,30034,30516,0,0,1
26612,26609,30517,1,1,1
26617,26614,30518,1,1,1
30515,26616,30519,0,1,1
30036,30519,30520,0,0,1
30517,30516,30521,0,0,1
26611,30521,30522,1,0,1
30518,30522,30520,0,0,0
30523,30524,30525,1,1,1,1750
30526,30527,30528,1,1,1
30529,30528,30530,1,0,1
30531,30530,30532,1,0,1
30533,30532,30534,1,0,1
30535,30534,30536,1,0,1
30537,30536,30538,1,0,1
30539,30538,30540,1,0,1
30541,30542,30543,1,1,1
30544,30545,30546,1,1,1
30547,30546,30548,1,0,1
30399,30548,30549,1,0,1
30388,30549,30550,1,0,1
29881,30387,30551,1,1,1
29745,30551,30552,1,0,1
30553,30552,30554,1,0,1
30555,30554,30556,1,0,1
30557,30555,30558,1,0,1
30559,30560,30561,1,1,1
30525,30562,30563,0,1,1
30540,30563,30564,0,0,1
30543,30564,30565,0,0,1
30556,30550,30566,0,0,1
30558,30566,30567,0,0,1
30561,30567,30565,0,0,0
29892,30111,30568,0,0,1,17367
30353,30568,30569,0,0,1
30570,30569,30571,1,0,1
30320,30571,30572,0,0,1
30317,30572,30315,0,0,0
30408,30229,30573,0,0,1,10457
30574,30573,30575,1,0,1
30576,30575,30577,1,0,1
30578,30577,30579,1,0,1
30469,30579,30580,0,0,1
30466,30580,30464,0,0,0
30404,30406,30581,0,0,1,1753
30122,30581,30582,0,0,1
30583,30582,30584,1,0,1
30585,30584,30586,1,0,1
30587,30586,30588,1,0,1
30574,30576,30589,0,0,1
30409,30589,30588,0,0,0
27487,29906,30590,0,0,1,8406
27483,27485,30591,0,0,1
30249,30591,30592,0,0,1
30593,30592,30594,1,0,1
30595,30594,30596,1,0,1
30597,30598,30599,1,1,1
30136,30138,30600,0,0,1
28785,30600,30601,0,0,1
30602,30601,30603,1,0,1
28777,30604,30605,0,1,1
30606,30605,30607,1,0,1
30608,30607,30609,1,0,1
30610,30609,30611,1,0,1
30612,30611,30613,1,0,1
30614,30615,30616,1,1,1
30617,30618,30619,1,1,1
30620,30619,30621,1,0,1
30622,30621,30623,1,0,1
30624,30623,30625,1,0,1
30626,30625,30627,1,0,1
30628,30629,30630,1,1,1
30631,30632,30633,1,1,1
30634,30635,30636,1,1,1
30590,30636,30637,0,0,1
30596,30637,30638,0,0,1
30603,30639,30640,0,1,1
30613,30640,30641,0,0,1
30642,30641,30643,1,0,1
30616,30643,30644,0,0,1
30627,30644,30645,0,0,1
30646,30645,30647,1,0,1
30630,30647,30648,0,0,1
30638,30633,30649,0,0,1
30599,30649,30648,0,0,0
4584,4617,30650,0,0,1,2262
30651,30650,30652,1,0,1
30653,30652,30654,1,0,1
30655,30656,30657,1,1,1
4587,30657,30658,0,0,1
4588,30658,30659,0,0,1
30654,4619,30660,0,0,1
30661,30660,30659,1,0,0
29532,29535,30662,0,0,1,8405
29529,30662,30663,0,0,1
29527,29530,30664,0,0,1
30665,30666,30667,1,1,1
30668,30667,30669,1,0,1
30670,30669,30671,1,0,1
30672,30673,30674,1,1,1
30675,30676,30677,1,1,1
30678,30679,30680,1,1,1
30681,30682,30683,1,1,1
30684,30683,30685,1,0,1
30686,30687,30688,1,1,1
30689,30688,30690,1,0,1
30691,30690,30692,1,0,1
30693,30692,30694,1,0,1
30416,30694,30695,0,0,1
30671,29524,30696,0,0,1
30677,30674,30697,0,0,1
30680,30697,30698,0,0,1
30699,30698,30700,1,0,1
30685,30700,30701,0,0,1
30695,30702,30703,0,1,1
30663,30703,30704,0,0,1
30664,30704,30705,0,0,1
30701,30696,30706,0,0,1
30707,30706,30705,1,0,0
28814,28846,30708,0,0,1,211
29958,28815,30709,1,0,1
30710,30709,30711,1,0,1
30712,30711,30713,1,0,1
30714,30713,30715,1,0,1
28817,30715,30716,0,0,1
28818,30716,30717,0,0,1
28850,30717,30718,0,0,1
28848,30718,30708,0,0,0
30719,30720,30721,1,1,1,5074
30160,30721,30722,0,0,1
30157,30722,30723,1,0,1
30147,30723,30724,1,0,1
30725,30488,30726,1,0,1
30727,30726,30728,1,0,1
30724,30729,30730,0,1,1
30491,30730,30728,0,0,0
30731,29200,30732,1,0,1,3030
30384,30732,30733,0,0,1
30734,30733,30735,1,0,1
30736,30735,30186,1,0,0
28901,4221,30737,0,0,1,982
28888,30737,30738,0,0,1
28886,30738,30739,0,0,1
4226,4229,30740,0,0,1
4224,30740,30739,0,0,0
30741,30742,30743,1,1,1,10968
30744,30745,30746,1,1,1
30747,30746,30748,1,0,1
30749,30748,30750,1,0,1
30751,30752,30753,1,1,1
30743,30754,30755,0,1,1
30750,30755,30753,0,0,0
30339,30341,30756,0,0,1,9940
30335,30337,30757,0,0,1
30758,30757,30759,1,0,1
30760,30759,30761,1,0,1
30762,30761,30763,1,0,1
30358,30763,30756,0,0,0
3621,29637,30764,0,0,1,8408
30765,30764,30766,1,0,1
30767,30766,30768,1,0,1
30769,30768,30770,1,0,1
30771,30770,30116,1,0,0
30485,29184,30772,0,0,1,1751
30773,30772,30774,1,0,1
30775,30774,30776,1,0,1
30777,30776,30778,1,0,1
30779,30780,30781,1,1,1
30782,30781,30783,1,0,1
3614,30783,30778,0,0,0
30784,29176,30785,1,0,1,18135
29916,30786,30787,0,1,1
30788,30787,30789,1,0,1
30790,30791,30792,1,1,1
30793,30794,30795,1,1,1
30796,30795,30797,1,0,1
30236,30797,30798,0,0,1
30234,30798,30799,0,0,1
30785,30799,30800,0,0,1
30792,30789,30801,0,0,1
30802,30801,30800,1,0,0
29171,29173,30803,0,0,1,10456
29166,29169,30804,0,0,1
29920,30804,30805,0,0,1
29918,30805,30806,0,0,1
29915,30806,30807,0,0,1
30786,30807,30808,0,0,1
30803,30784,30809,0,0,1
29168,30809,30808,0,0,0
29852,30254,30810,0,0,1,10454
30418,30810,30811,0,0,1
30693,30811,30812,0,0,1
30813,30812,30814,1,0,1
30815,30814,30816,1,0,1
30817,30816,30818,1,0,1
30819,30818,30820,1,0,1
30821,30820,30822,1,0,1
30823,30824,30825,1,1,1
30826,30825,30827,1,0,1
30828,30829,30830,1,1,1
30831,30832,30833,1,1,1
30834,30833,30835,1,0,1
30836,30835,30837,1,0,1
30838,30839,30840,1,1,1
30841,30842,30843,1,1,1
30844,30845,30846,1,1,1
30847,30846,30848,1,0,1
30849,30848,30850,1,0,1
30851,30850,30852,1,0,1
30853,30852,30854,1,0,1
30855,30854,30856,1,0,1
30857,30858,30859,1,1,1
30679,30860,30861,0,1,1
30675,30861,30862,0,0,1
30863,30862,30864,1,0,1
30865,30864,30866,1,0,1
30867,30866,30868,1,0,1
4593,30869,30870,0,1,1
4590,30870,30871,0,0,1
30655,30871,30872,0,0,1
30661,30656,30873,0,0,1
30653,30873,30874,0,0,1
30651,30874,30875,0,0,1
30822,30256,30876,0,0,1
30877,30876,30878,1,0,1
30830,30827,30879,0,0,1
30856,30843,30880,0,0,1
30859,30880,30881,0,0,1
30872,30868,30882,0,0,1
30878,4585,30883,0,0,1
30879,30883,30884,0,0,1
30881,30885,30886,0,1,1
30884,30875,30887,0,0,1
30888,30887,30889,1,0,1
30886,30840,30890,0,0,1
30889,30882,30891,0,0,1
30837,30891,30890,0,0,0
4548,4552,30892,0,0,1,3031
4549,30892,30893,0,0,1
4573,30893,4546,0,0,0
30894,29749,30895,1,0,1,3031
30896,30895,30897,1,0,1
30898,30897,29752,1,0,0
30899,30900,30901,1,1,1,214
30902,30903,30904,1,1,1
30553,30904,30905,0,0,1
29747,30905,30906,1,0,1
30896,30894,30907,1,1,1
29751,30898,30908,1,1,1
30909,30908,30910,1,0,1
30911,30910,30912,1,0,1
30913,30914,30915,1,1,1
30916,30915,30917,1,0,1
30918,30917,30919,1,0,1
30920,30919,30921,1,0,1
30901,30921,30922,0,0,1
30907,30906,30923,0,0,1
30912,30923,30922,0,0,0
30097,30106,30924,0,0,1,8662
30925,30098,30926,1,0,1
30927,30926,30928,1,0,1
30929,30928,30930,1,0,1
30547,30930,30931,1,0,1
30397,30931,30932,0,0,1
30395,30932,30933,0,0,1
30393,30933,30924,0,0,0
30333,30758,30934,0,0,1,1748
30456,30934,30935,0,0,1
30453,30935,30936,0,0,1
30937,30936,30938,1,0,1
30939,30938,30940,1,0,1
30941,30940,30942,1,0,1
30943,30942,30944,1,0,1
30945,30944,30946,1,0,1
30762,30344,30947,0,0,1
30760,30947,30946,0,0,0
30239,30483,30948,0,0,1,9943
30796,30948,30949,0,0,1
30950,30949,30951,1,0,1
30952,30951,30953,1,0,1
30954,30953,30955,1,0,1
30956,30955,30957,1,0,1
30958,30957,30959,1,0,1
30960,30959,30961,1,0,1
30962,30963,30964,1,1,1
30965,30966,30967,1,1,1
30780,30967,30968,0,0,1
30775,30777,30969,0,0,1
30961,30773,30970,0,0,1
30964,30970,30971,0,0,1
30968,30971,30969,0,0,0
30972,29961,30973,1,1,1,1748
30974,30975,30976,1,1,1
30977,30976,30978,1,0,1
30979,30978,30980,1,0,1
30981,30980,30982,1,0,1
30983,30984,30985,1,1,1
28822,30986,30987,0,1,1
30988,30987,30989,1,0,1
30990,30991,30992,1,1,1
30710,30993,30994,0,1,1
30973,30994,30995,0,0,1
30985,30982,30996,0,0,1
30997,30996,30998,1,0,1
30999,30998,31000,1,0,1
30989,31000,31001,0,0,1
30992,31001,30995,0,0,0
31002,31003,31004,1,1,1,2758
31005,31006,31007,1,1,1
31008,31007,31009,1,0,1
31010,31009,31011,1,0,1
31012,31013,31014,1,1,1
31015,31016,31017,1,1,1
31004,31018,31019,0,1,1
31011,31019,31020,0,0,1
31014,31020,31017,0,0,0
30325,30095,31021,0,0,1,9945
30322,30326,31022,0,0,1
30570,30319,31023,0,0,1
30351,31023,31024,0,0,1
30349,31024,31025,0,0,1
31026,31025,31027,1,0,1
31028,31027,31029,1,0,1
31030,31029,31031,1,0,1
31032,31033,31034,1,1,1
31035,31034,31036,1,0,1
31037,31036,31038,1,0,1
31039,31040,31041,1,1,1
30925,31041,31042,0,0,1
31021,31042,31043,0,0,1
31022,31043,31044,0,0,1
30323,31044,31045,0,0,1
31031,31045,31046,0,0,1
31038,31047,31048,0,1,1
31049,31048,31046,1,0,0
30118,30120,31050,0,0,1,9945
30771,30115,31051,0,0,1
31052,31051,31053,1,0,1
31054,31053,31055,1,0,1
31056,31055,31057,1,0,1
30585,31057,31058,0,0,1
30583,31058,31050,0,0,0
3619,30765,31059,0,0,1,15062
31060,31061,31062,1,1,1
31063,31062,31064,1,0,1
31065,31066,31067,1,1,1
31068,31067,31069,1,0,1
30767,31069,31070,0,0,1
31059,31070,31064,0,0,0
30782,3617,31071,0,0,1,2774
31072,31071,31073,1,0,1
31074,31073,31075,1,0,1
31076,31075,31061,1,0,0
30634,29908,31077,0,0,1,10454
31078,31077,31079,1,0,1
31080,31079,31081,1,0,1
31082,31081,29911,1,0,0
29788,29443,31083,0,1,1,212
30274,30271,31084,1,1,1
30277,30273,31085,1,1,1
30276,31085,31086,1,0,1
31083,31086,31084,0,0,0
31087,29996,31088,1,0,1,978
30000,31088,31089,0,0,1
30001,31089,29998,0,0,0
30749,31090,31091,0,1,1,10967
30744,30747,31092,0,0,1
31093,31092,31094,1,0,1
31095,31094,31096,1,0,1
31097,31096,31098,1,0,1
31099,31100,31101,1,1,1
31102,31101,31103,1,0,1
31104,31103,31105,1,0,1
31106,31107,31108,1,1,1
31091,31108,31109,0,0,1
31098,31109,31105,0,0,0
30945,30343,31110,0,0,1,9940
31111,31110,31112,1,0,1
31113,31112,31114,1,0,1
31115,31114,30347,1,0,0
30450,30454,31116,0,0,1,2260
30451,31116,31117,0,0,1
31118,30459,31119,1,0,1
31120,31119,31121,1,0,1
31122,31121,31123,1,0,1
31124,31123,31125,1,0,1
30937,31126,31127,0,1,1
31117,31127,31125,0,0,0
31056,30587,31128,0,0,1,9944
31129,31128,31130,1,0,1
31131,31130,31132,1,0,1
30468,31132,30578,0,0,0
30779,31072,31133,0,0,1,2775
30965,31133,31134,0,0,1
31135,31134,31136,1,0,1
31137,31138,31139,1,1,1
31074,31140,31141,0,1,1
31136,31141,31139,0,0,0
31142,29913,31143,1,0,1,18134
31144,31145,31146,1,1,1
31147,31146,31148,1,0,1
31149,31148,31150,1,0,1
31151,31150,31152,1,0,1
30790,31153,31154,0,1,1
31143,30788,31155,0,0,1
31154,31152,31156,0,0,1
30791,31156,31155,0,0,0
30990,30993,31157,0,0,1,9940
30991,31157,31158,0,0,1
28820,28823,31159,0,0,1
30714,31159,31160,0,0,1
31158,30712,31161,0,0,1
30988,31161,31160,0,0,0
27668,27671,31162,0,0,1,1746
27666,31162,31163,0,0,1
29779,31163,31164,0,0,1
4423,30267,31165,1,1,1,1747
4426,31165,31166,1,0,1
4425,31166,31167,1,0,1
31168,31167,31169,1,0,1
30263,30261,31170,1,1,1
30265,31170,31169,1,0,0
30496,28579,31171,1,0,1,978
30498,31171,31172,1,0,1
31173,30500,31174,1,1,1
31175,31174,31176,1,0,1
31177,31176,31178,1,0,1
31179,31180,31181,1,1,1
31182,31181,31183,1,0,1
4381,31183,31184,1,0,1
4384,31184,31185,1,0,1
4386,31185,31186,1,0,1
28589,4388,31187,0,1,1
31188,31187,31189,1,0,1
31190,31189,31191,1,0,1
31192,31193,31194,1,1,1
31172,31195,31196,0,1,1
31186,31178,31197,0,0,1
4389,31197,31198,1,0,1
31191,31198,31199,0,0,1
31194,31199,31196,0,0,0
30310,30312,31200,0,0,1,43200
30306,30308,31201,0,0,1
31202,31201,31203,1,0,1
31204,31203,31205,1,0,1
31206,31205,31207,1,0,1
31208,31207,31200,1,0,0
30371,30373,31209,0,0,1,2758
30202,30369,31210,0,0,1
30200,31210,31211,0,0,1
31212,31211,31213,1,0,1
31214,31215,31216,1,1,1
31217,31218,31219,1,1,1
31220,31221,31222,1,1,1
31209,31223,31224,0,1,1
31213,31224,31225,0,0,1
31219,31216,31226,0,0,1
31222,31226,31227,0,0,1
31228,31227,31225,1,0,0
31049,31040,31229,0,0,1,9944
31037,31229,31230,0,0,1
31231,31230,31232,1,0,1
31233,31232,31234,1,0,1
31235,31234,31236,1,0,1
31237,31236,31238,1,0,1
30927,31238,31039,0,0,0
31111,30943,31239,1,1,1,42704
31113,31239,31240,1,0,1
31241,31240,31242,1,0,1
31243,31242,31244,1,0,1
31245,31246,31247,1,1,1
31248,31247,31249,1,0,1
31250,31249,31251,1,0,1
31252,31253,31254,1,1,1
31255,31252,31256,1,0,1
31257,31256,31258,1,0,1
31124,31258,31259,1,0,1
31126,31259,31260,1,0,1
30939,31260,31261,1,0,1
30941,31261,31262,1,0,1
31244,31262,31263,0,0,1
31251,31263,31254,0,0,0
31140,31076,31264,0,0,1,10967
31137,31264,31265,0,0,1
31138,31265,31266,0,0,1
30962,30966,31267,0,0,1
31268,31267,31269,1,0,1
31270,31269,31271,1,0,1
31272,31271,31273,1,0,1
31274,31273,31275,1,0,1
31276,31275,31277,1,0,1
31063,31066,31278,0,0,1
31060,31278,31279,0,0,1
31266,31279,31280,0,0,1
31135,31280,31277,0,0,0
31153,30802,31281,0,0,1,9942
31151,31281,31282,0,0,1
31149,31282,31283,0,0,1
31144,31147,31284,0,0,1
31285,31284,31286,1,0,1
31287,31286,31288,1,0,1
31289,31288,31290,1,0,1
30950,31290,31291,0,0,1
30793,31291,31292,0,0,1
30794,31292,31283,0,0,0
30635,31078,31293,0,0,1,8405
30631,31293,31294,0,0,1
31295,31294,31296,1,0,1
31297,31296,31298,1,0,1
31299,31300,31301,1,1,1
31142,31301,31302,0,0,1
29910,31302,31303,0,0,1
31082,31303,31304,0,0,1
31298,31080,31305,0,0,1
31306,31305,31304,1,0,0
30244,30247,31307,0,0,1,8407
30140,31307,31308,0,0,1
30639,31308,31309,0,0,1
30597,31309,31310,0,0,1
30598,31310,31311,0,0,1
30595,31311,31312,0,0,1
30593,31312,30246,0,0,0
30707,30702,31313,0,0,1,12501
30684,31313,31314,0,0,1
31315,31314,31316,1,0,1
31317,31316,30687,1,0,0
29420,29418,31318,1,1,1,8404
31319,31318,31320,1,0,1
31321,31322,31323,1,1,1
31324,31325,31326,1,1,1
28372,31326,31327,0,0,1
28369,31327,31328,0,0,1
28367,31328,31329,0,0,1
31320,31329,31323,0,0,0
5803,31330,31331,1,1,1,8404
31332,31331,31333,1,0,1
31334,31335,31336,1,1,1
31337,31338,31339,1,1,1
31340,31339,31341,1,0,1
31342,31341,31343,1,0,1
31344,31345,31346,1,1,1
31347,31346,31348,1,0,1
31349,31348,31350,1,0,1
31351,31350,31352,1,0,1
29424,31352,31353,1,0,1
29426,31353,31354,1,0,1
31336,31333,31355,0,0,1
31343,31355,31356,0,0,1
31357,31356,31354,1,0,0
31358,30298,31359,1,0,1,43200
31360,31359,31361,1,0,1
31362,31361,31363,1,0,1
31364,31363,31365,1,0,1
31366,31367,31368,1,1,1
31369,31368,31370,1,0,1
31371,31370,31372,1,0,1
31373,31374,31375,1,1,1
31376,31375,31377,1,0,1
31378,31377,31379,1,0,1
31380,31381,31382,1,1,1
31383,31382,31384,1,0,1
31385,31386,31387,1,1,1
31388,31387,31389,1,0,1
31390,31391,31392,1,1,1
31393,31392,31394,1,0,1
31395,31394,31396,1,0,1
31397,31396,31398,1,0,1
31399,31400,31401,1,1,1
31402,31403,31404,1,1,1
31405,31406,31407,1,1,1
31408,31407,31409,1,0,1
30300,31410,31411,0,1,1
31365,31411,31412,0,0,1
31413,31412,31414,1,0,1
31372,31414,31415,0,0,1
31379,31415,31416,0,0,1
31389,31384,31417,0,0,1
31398,31417,31418,0,0,1
31401,31418,31419,0,0,1
31404,31419,31420,0,0,1
31409,31420,31416,0,0,0
31228,31421,31422,0,1,1,2759
31220,31422,31423,0,0,1
31217,31221,31424,0,0,1
31425,31218,31426,1,0,1
31427,31426,31428,1,0,1
31008,31428,31429,0,0,1
31005,31429,31430,0,0,1
31002,31006,31431,0,0,1
31423,31431,31432,0,0,1
31424,31432,31430,0,0,0
4530,30380,31433,0,0,1,1750
4528,31433,31434,0,0,1
4526,31434,31435,0,0,1
31436,31435,31437,1,0,1
30736,30188,31438,0,0,1
30382,30734,31439,0,0,1
31437,31439,31438,0,0,0
31440,31095,31441,1,0,1,2776
31442,31441,31443,1,0,1
31444,31443,31445,1,0,1
31446,31445,31097,1,0,0
31120,31122,31447,0,0,1,43216
30448,31118,31448,0,0,1
31449,31448,31450,1,0,1
31257,31450,31447,1,0,0
31131,30471,31451,0,0,1,18133
31452,31451,31453,1,0,1
31454,31455,31456,1,1,1
31457,31458,31459,1,1,1
30442,31459,31460,0,0,1
30473,31460,31461,0,0,1
31453,31461,31456,0,0,0
30769,31052,31462,0,0,1,18135
31068,31462,31463,0,0,1
31464,31463,31465,1,0,1
31466,31467,31468,1,1,1
31469,31468,31470,1,0,1
31452,31470,31471,0,0,1
31129,31471,31472,0,0,1
31054,31472,31465,0,0,0
31289,30952,31473,0,0,1,10966
31287,31473,31474,0,0,1
31475,31476,31477,1,1,1
31478,31479,31480,1,1,1
31481,31480,31482,1,0,1
30954,31482,31483,0,0,1
31474,31483,31477,0,0,0
30819,30821,31484,0,0,1,2262
31485,31484,31486,1,0,1
31487,31486,31488,1,0,1
30823,31488,31489,0,0,1
30824,31489,30877,0,0,0
30689,30691,31490,0,0,1,14549
31491,31490,31492,1,0,1
30855,31492,31493,0,0,1
30853,31493,31494,0,0,1
31495,30851,31496,1,0,1
31497,31498,31499,1,1,1
30815,31499,31500,0,0,1
31494,30813,31501,0,0,1
31496,31501,31500,0,0,0
28394,28422,31502,0,0,1,211
31503,31502,31504,1,0,1
31505,31506,31507,1,1,1
31508,31509,31510,1,1,1
28397,31511,31512,0,1,1
31504,28398,31513,0,0,1
31507,31513,31514,0,0,1
31510,31514,31512,0,0,0
31351,29422,31515,0,1,1,16599
31347,31349,31516,0,0,1
31517,31344,31518,1,0,1
31519,31518,31520,1,0,1
31521,31520,31522,1,0,1
31321,31522,31523,0,0,1
31319,31322,31524,0,0,1
31515,31524,31525,0,0,1
31516,31525,31523,0,0,0
31526,31527,31528,1,1,1,212
29430,31528,31529,0,0,1
29428,31529,31530,0,0,1
5801,31330,31531,0,1,1
31532,31531,31533,1,0,1
31534,31533,31535,1,0,1
31536,31535,31530,1,0,0
31537,31538,31539,1,1,1,209
31540,31539,31541,1,0,1
31542,31541,31543,1,0,1
31544,31545,31546,1,1,1
31547,31546,31548,1,0,1
31549,31550,31551,1,1,1
31552,31551,31553,1,0,1
31554,31555,31556,1,1,1
31543,31556,31557,0,0,1
31548,31557,31553,0,0,0
31195,28581,31558,0,0,1,979
31190,31193,31559,0,0,1
28590,31188,31560,0,0,1
28606,31560,31561,0,0,1
28586,31561,31562,0,0,1
28583,28587,31563,0,0,1
31558,28584,31564,0,0,1
31192,31564,31565,0,0,1
31559,31565,31566,0,0,1
31562,31566,31563,0,0,0
30346,31026,31567,0,0,1,9944
31115,31567,31568,0,0,1
31241,31568,31569,1,0,1
31243,31569,31570,1,0,1
31246,31570,31571,1,0,1
31245,31571,31572,1,0,1
31573,31572,31574,1,0,1
31575,31574,31576,1,0,1
31577,31576,31578,1,0,1
31579,31578,31580,1,0,1
31581,31582,31583,1,1,1
31584,31585,31586,1,1,1
31587,31586,31588,1,0,1
31589,31588,31590,1,0,1
31591,31590,31592,1,0,1
31593,31592,31594,1,0,1
31595,31596,31597,1,1,1
31598,31597,31599,1,0,1
31600,31599,31601,1,0,1
31602,31601,31603,1,0,1
31604,31603,31605,1,0,1
31606,31605,31607,1,0,1
31608,31607,31609,1,0,1
31610,31609,31611,1,0,1
31612,31611,31613,1,0,1
31580,31613,31614,0,0,1
31615,31614,31616,1,0,1
31583,31616,31594,0,0,0
31481,30956,31617,0,0,1,9942
31618,31617,31619,1,0,1
31620,31619,31621,1,0,1
31622,31623,31624,1,1,1
31625,31624,31626,1,0,1
30960,31626,31627,0,0,1
31621,30958,31628,0,0,1
31629,31628,31627,1,0,0
28797,28799,31630,0,0,1,2263
28782,31630,31631,0,0,1
28783,31631,31632,0,0,1
28780,31632,31633,0,0,1
30604,31633,31634,0,0,1
30602,31634,28786,0,0,0
31497,30817,31635,0,0,1,2261
31495,31498,31636,0,0,1
30849,31636,31637,0,0,1
31638,30844,31639,1,0,1
31640,31639,31641,1,0,1
31642,31641,31643,1,0,1
31644,31643,31645,1,0,1
30829,31645,31646,0,0,1
30826,31646,31647,0,0,1
31487,31647,31648,0,0,1
31485,31648,31649,0,0,1
31637,31635,31650,0,0,1
30847,31650,31649,0,0,0
29968,29965,31651,1,1,1,9940
29967,31651,31652,1,0,1
31653,31652,31654,1,0,1
31655,31654,31656,1,0,1
31657,31656,31658,1,0,1
30975,31658,31659,0,0,1
30972,31659,29963,0,0,1
30030,26607,31660,0,1,1,978
31661,30026,31662,1,0,1
31663,31662,31664,1,0,1
26603,31664,31665,1,0,1
31660,26605,31666,0,1,1
30028,31666,31665,0,0,0
31202,31204,31667,0,0,1,2246
31668,31667,31669,1,0,1
31670,31669,31671,1,0,1
31672,31671,31673,1,0,1
31674,31673,31675,1,0,1
31676,31675,31677,1,0,1
31678,31677,31679,1,0,1
31680,31679,31681,1,0,1
31682,31012,31683,1,0,1,1735
31684,31683,31685,1,0,1
31686,31685,31687,1,0,1
31688,31687,31689,1,0,1
31237,30929,31690,0,0,1,9174
31235,31690,31691,0,0,1
31233,31691,31692,0,0,1
31693,31694,31695,1,1,1
31696,31697,31698,1,1,1
30544,31698,31699,1,0,1
31692,31699,31695,0,0,0
31478,31618,31700,0,0,1,10965
31475,31479,31701,0,0,1
31476,31701,31702,0,0,1
31285,31702,31703,0,0,1
31704,31703,31705,1,0,1
31706,31705,31707,1,0,1
31708,31707,31709,1,0,1
31710,31709,31711,1,0,1
31712,31711,31713,1,0,1
31268,31714,31715,0,1,1
30963,31715,31716,0,0,1
31625,31716,31717,0,0,1
31622,31717,31718,0,0,1
31629,31623,31719,0,0,1
31700,31620,31720,0,0,1
31713,31720,31721,0,0,1
31718,31721,31719,0,0,0
31722,30628,31723,1,0,1,8405
31724,31723,31725,1,0,1
31726,31727,31728,1,1,1
31729,31728,31730,1,0,1
31731,31730,31732,1,0,1
31725,31733,31734,0,1,1
31735,31734,31732,1,0,0
31317,30686,31736,0,0,1,10453
30681,31315,31737,0,0,1
31738,31737,31739,1,0,1
30857,31739,31740,0,0,1
30858,31740,31741,0,0,1
31491,31741,31736,0,0,0
31342,31357,31742,0,0,1,16597
31743,31744,31745,1,1,1
31325,31745,31746,0,0,1
31519,31521,31747,0,0,1
31742,31345,31748,0,0,1
31340,31748,31749,0,0,1
31750,31749,31751,1,0,1
31747,31746,31752,0,0,1
31517,31752,31751,0,0,0
31753,31754,31755,1,1,1,41936
31756,31755,31757,1,0,1
31758,31757,31759,1,0,1
31449,31759,31760,1,0,1
31255,31760,31761,0,0,1
31065,31464,31762,0,0,1,18134
31276,31762,31763,0,0,1
31764,31763,31467,1,0,0
31299,31145,31765,0,0,1,42704
31766,31765,31767,1,0,1
31768,31769,31770,1,1,1
31771,31770,31772,1,0,1
31773,31772,31774,1,0,1
31775,31774,31776,1,0,1
31777,31776,31778,1,0,1
31704,31778,31767,0,0,0
31733,30632,31779,0,0,1,10453
31731,31779,31780,0,0,1
31781,31780,31782,1,0,1
31783,31782,31784,1,0,1
31785,31784,31786,1,0,1
31787,31788,31789,1,1,1
31790,31789,31791,1,0,1
31297,31792,31793,0,1,1
31295,31793,31794,0,0,1
31786,31794,31791,0,0,0
4428,31168,31795,1,0,1,3026
4432,4430,31796,1,1,1
4458,31796,31797,1,0,1
30259,31797,31795,1,0,0
31798,31360,31799,1,0,1,10439
31800,31799,31801,1,0,1
31802,31801,31803,1,0,1
31804,31803,31805,1,0,1
31364,31806,31807,0,1,1
31362,31807,31805,0,0,0
31689,31016,31808,0,0,1,2759
31809,31808,31810,1,0,1
31811,31810,31812,1,0,1
31813,31812,31814,1,0,1
31815,31814,31816,1,0,1
31817,31816,31818,1,0,1
31819,30629,31820,1,0,1,9941
31821,31820,31822,1,0,1
31823,31822,31824,1,0,1
31825,31824,31826,1,0,1
31827,31828,31829,1,1,1
31722,31830,31831,0,1,1
31826,31831,31829,0,0,0
30626,30646,31832,0,0,1,8405
30624,31832,31833,0,0,1
31834,30622,31835,1,0,1
31836,31835,31837,1,0,1
31838,31837,31839,1,0,1
31840,31839,31841,1,0,1
31842,31841,31843,1,0,1
31844,31843,31845,1,0,1
31825,31846,31847,0,1,1
31823,31847,31848,0,0,1
31819,31821,31849,0,0,1
31845,31833,31850,0,0,1
31851,31850,31852,1,0,1
31848,31852,31849,0,0,0
30302,30304,31853,0,0,1,43968
31410,31853,31854,0,0,1
31855,31408,31856,1,0,1
31857,31858,31859,1,1,1
31860,31859,31861,1,0,1
31668,31861,31862,0,0,1
31854,31862,31856,0,0,0
31863,31818,31864,1,0,1,2758
31865,31800,31866,1,0,1
31867,31866,31868,1,0,1
31869,31870,31871,1,1,1
31864,31871,31868,0,0,0
31013,31682,31872,0,0,1,3015
31010,31872,31873,0,0,1
31427,31873,31874,0,0,1
31875,31874,31876,1,0,1
31877,31878,31879,1,1,1
31880,31881,31882,1,1,1
31883,31884,31885,1,1,1
31886,31885,31887,1,0,1
31888,31887,31889,1,0,1
31890,31889,31891,1,0,1
31892,31893,31894,1,1,1
31811,31895,31896,0,1,1
31688,31809,31897,0,0,1
31686,31897,31898,0,0,1
31876,31684,31899,0,0,1
31879,31899,31900,0,0,1
31891,31882,31901,0,0,1
31894,31901,31902,0,0,1
31896,31902,31903,0,0,1
31898,31903,31900,0,0,0
31904,4235,31905,1,0,1,982
31906,31907,31908,1,1,1
31909,31908,31910,1,0,1
31911,31910,31912,1,0,1
4471,31912,31913,0,0,1
4238,31913,31905,0,0,0
31457,30444,31914,0,0,1,1749
31454,31458,31915,0,0,1
31916,31915,31917,1,0,1
31918,31917,31919,1,0,1
31920,31919,31921,1,0,1
31922,31921,31923,1,0,1
31924,31923,31925,1,0,1
31926,31927,31928,1,1,1
31914,31928,31925,0,0,0
31775,31777,31929,0,0,1,43216
31773,31929,31930,0,0,1
31771,31930,31931,0,0,1
31932,31931,31933,1,0,1
31934,31933,31706,1,0,0
31935,31936,31937,1,1,1,43216
31938,31937,31939,1,0,1
31940,31939,31941,1,0,1
31788,31941,31942,1,0,1
31787,31942,31943,1,0,1
31944,31943,31945,1,0,1
31946,31945,31947,1,0,1
31948,31947,31949,1,0,1
31950,31949,31951,1,0,1
31952,31951,31953,1,0,1
31954,31955,31956,1,1,1
31300,31957,31958,1,1,1
31766,31958,31959,1,0,1
31769,31959,31960,1,0,1
31961,31960,31962,1,0,1
31963,31962,31964,1,0,1
31953,31964,31956,0,0,0
31792,31306,31965,0,0,1,2260
31944,31790,31966,1,0,1
31946,31966,31967,1,0,1
31948,31967,31968,1,0,1
31969,31970,31971,1,1,1
31955,31971,31972,1,0,1
31954,31972,31973,1,0,1
31957,31973,31974,1,0,1
31965,31974,31968,0,0,0
4603,28775,31975,0,0,1,10455
31976,4601,31977,1,0,1
31978,31977,31979,1,0,1
31980,31979,31981,1,0,1
31982,31981,31983,1,0,1
31984,31983,31985,1,0,1
31986,31985,31987,1,0,1
31988,31987,31989,1,0,1
31990,31989,31991,1,0,1
31992,31991,31993,1,0,1
31994,31993,31995,1,0,1
30606,31995,31996,0,0,1
28778,31996,31975,0,0,0
31642,31644,31997,0,0,1,2262
30845,31638,31998,0,0,1
30841,31998,31999,0,0,1
30885,30842,32000,0,0,1
30838,32000,32001,0,0,1
30839,32001,32002,0,0,1
30836,32002,32003,0,0,1
30834,32003,32004,0,0,1
30831,32004,32005,0,0,1
30888,30832,32006,0,0,1
30828,32006,32007,0,0,1
31997,32007,32008,0,0,1
31640,32008,32009,0,0,1
31999,32009,32005,0,0,0
32010,32011,32012,1,1,1,1746
32013,32014,32015,1,1,1
32016,32015,32017,1,0,1
32018,32017,32019,1,0,1
32020,32021,32022,1,1,1
32023,32022,32024,1,0,1
32025,32024,32026,1,0,1
32027,32028,32029,1,1,1
32030,32029,32031,1,0,1
32032,32033,32034,1,1,1
32035,32034,32036,1,0,1
32037,32036,32038,1,0,1
32039,32038,32040,1,0,1
32041,32042,32043,1,1,1
32044,32045,32046,1,1,1
31508,32046,32047,1,0,1
31511,32047,32048,1,0,1
28400,32048,32049,1,0,1
32050,32049,32051,1,0,1
32052,32051,32053,1,0,1
32054,32053,32055,1,0,1
32056,32057,32058,1,1,1
32012,32058,32059,0,0,1
32019,32059,32060,0,0,1
32026,32060,32061,0,0,1
32031,32061,32062,0,0,1
32055,32043,32063,0,0,1
32062,32064,32065,0,1,1
32040,32065,32063,0,0,0
28395,31503,32066,0,0,1,979
28392,32066,32067,0,0,1
32068,32067,32069,1,0,1
32070,32071,32072,1,1,1
32042,32072,32073,1,0,1
32074,32073,32075,1,0,1
32076,32075,32077,1,0,1
32078,32077,32069,1,0,0
28386,28418,32079,0,0,1,211
28384,28387,32080,0,0,1
32081,32080,32082,1,0,1
32068,32082,32083,0,0,1
28389,32083,32084,0,0,1
28390,32084,32079,0,0,0
3879,3875,32085,1,1,1,2774
32086,32085,32087,1,0,1
32088,32089,32090,1,1,1
3888,32090,32091,1,0,1
3896,3893,32092,1,1,1
3899,3895,32093,1,1,1
32094,3898,32095,1,1,1
32096,32097,32098,1,1,1
32099,32098,32100,1,0,1
32101,32100,32102,1,0,1
32103,32104,32105,1,1,1
32106,32107,32108,1,1,1
32109,32108,32110,1,0,1
32111,32112,32113,1,1,1
4160,3919,32114,1,1,1
3923,32114,32115,1,0,1
3922,32115,32116,1,0,1
32117,32118,32119,1,1,1
32120,32121,32122,1,1,1
32123,32124,32125,1,1,1
32126,32125,32127,1,0,1
32128,32129,32130,1,1,1
32131,32132,32133,1,1,1
32134,32133,32135,1,0,1
32136,32137,32138,1,1,1
32139,32140,32141,1,1,1
32142,32143,32144,1,1,1
32145,32144,32146,1,0,1
32147,32148,32149,1,1,1
32150,32149,32151,1,0,1
32152,32151,32153,1,0,1
32154,32153,32155,1,0,1
32156,32157,32158,1,1,1
32159,32160,32161,1,1,1
32162,32163,32164,1,1,1
32165,32166,32167,1,1,1
32168,32169,32170,1,1,1
32171,32170,32172,1,0,1
32173,32174,32175,1,1,1
32176,32177,32178,1,1,1
32179,32178,32180,1,0,1
32181,32182,32183,1,1,1
32184,32183,32185,1,0,1
32186,32185,32187,1,0,1
32188,32187,32189,1,0,1
32190,32189,32191,1,0,1
32192,32191,32193,1,0,1
32194,32193,32195,1,0,1
32196,32195,32197,1,0,1
32198,32197,32199,1,0,1
3864,32200,32201,1,1,1
3866,32201,32202,1,0,1
3871,3868,32203,1,1,1
3873,3870,32204,1,1,1
4097,32204,32205,1,0,1
3876,32205,32206,1,0,1
32087,32206,32207,0,0,1
32091,32207,32208,0,0,1
3891,32208,32209,1,0,1
32092,32209,32210,0,0,1
32093,32210,32211,0,0,1
32102,32095,32212,0,0,1
32105,32212,32213,0,0,1
32110,32214,32215,0,1,1
32122,32119,32216,0,0,1
32127,32216,32217,0,0,1
32130,32217,32218,0,0,1
32155,32146,32219,0,0,1
32161,32158,32220,0,0,1
32167,32164,32221,0,0,1
32172,32221,32222,0,0,1
32175,32222,32223,0,0,1
32199,32224,32225,0,1,1
32226,32225,32227,1,0,1
32211,32203,32228,0,0,1
32213,32228,32229,0,0,1
32215,32229,32230,0,0,1
32231,32230,32232,1,0,1
32218,3925,32233,0,1,1
32135,32233,32234,0,0,1
32138,32234,32235,0,0,1
32219,32141,32236,0,0,1
32237,32236,32238,1,0,1
32220,32238,32239,0,0,1
32227,32180,32240,0,0,1
32202,32240,32241,0,0,1
32232,32241,32242,0,0,1
32235,32116,32243,0,0,1
32244,32243,32245,1,0,1
32239,32245,32246,0,0,1
32242,32223,32247,0,0,1
32113,32247,32246,0,0,0
32248,31754,32249,1,0,1,42704
32250,32249,32251,1,0,1
32252,32251,32253,1,0,1
31272,32253,32254,1,0,1
31274,32254,32255,1,0,1
31455,31469,32256,1,1,1
32257,32256,32258,1,0,1
31920,32259,32260,1,1,1
31924,31922,32261,1,1,1
31927,32261,32262,1,0,1
31753,32262,32263,0,0,1
32258,31466,32264,0,1,1
32263,32260,32265,0,0,1
32255,32265,32266,0,0,1
31764,32266,32264,1,0,0
32267,32268,32269,1,1,1,10455
32270,32271,32272,1,1,1
32273,32272,32269,1,0,0
30999,30986,32274,0,0,1,9940
30983,30997,32275,0,0,1
32276,30984,32277,1,0,1
32278,32277,32279,1,0,1
32280,32279,32281,1,0,1
32282,32281,32283,1,0,1
32284,32285,32286,1,1,1
30665,32286,32287,0,0,1
30666,32287,32288,0,0,1
29525,32288,32289,0,0,1
29542,32289,32290,0,0,1
28825,32290,32291,0,0,1
32283,32275,32292,0,0,1
32293,32292,32294,1,0,1
32291,32295,32296,0,1,1
32274,32296,32294,0,0,0
29971,31653,32297,1,0,1,14035
32298,32297,32299,1,0,1
32300,32299,32301,1,0,1
32302,32301,32303,1,0,1
32304,32303,32305,1,0,1
32306,32305,32307,1,0,1
32308,32309,32310,1,1,1
31655,32310,32307,0,0,0
31505,31509,32311,0,0,1,1747
32078,31506,32312,0,0,1
32076,32312,32313,0,0,1
32074,32313,32314,0,0,1
32041,32314,32315,1,0,1
32045,32315,32316,1,0,1
32044,32316,32311,1,0,0
31182,4382,32317,0,1,1,209
4373,32318,32319,1,1,1
4375,32319,32320,1,0,1
4379,4377,32321,1,1,1
32317,32321,32320,0,0,0
30018,30022,32322,0,0,1,978
30019,32322,32323,0,0,1
30016,32323,32324,0,0,1
32325,32324,30021,1,0,0
31674,31676,32326,0,0,1,2247
32327,32326,32328,1,0,1
32329,32328,32330,1,0,1
32331,32330,32332,1,0,1
32333,32332,32334,1,0,1
32335,32336,32337,1,1,1
31680,32337,32338,0,0,1
31678,32338,32334,0,0,0
30198,31212,32339,0,0,1,3014
30196,32339,32340,0,0,1
30193,32340,32341,0,0,1
32342,32343,32344,1,1,1
32345,32344,32346,1,0,1
32347,32346,32348,1,0,1
32349,32350,32351,1,1,1
32352,32351,32353,1,0,1
32354,32355,32356,1,1,1
31214,32356,32357,0,0,1
32341,31215,32358,0,0,1
32359,32358,32360,1,0,1
32353,32348,32361,0,0,1
32362,32361,32363,1,0,1
32357,32363,32360,0,0,0
32364,32365,32366,1,1,1,43728
32367,32366,32368,1,0,1
31934,32369,32370,1,1,1
31708,32370,32371,1,0,1
31710,32371,32372,1,0,1
31714,31712,32373,1,1,1
31270,32373,32374,1,0,1
32252,32374,32375,0,0,1
32368,32375,32372,0,0,0
31827,31830,32376,0,0,1,1749
32377,31828,32378,1,0,1
32379,32378,32380,1,0,1
32381,32382,32383,1,1,1
32384,32383,32385,1,0,1
31724,32385,32386,0,0,1
32376,32386,32380,0,0,0
31851,31846,32387,0,0,1,213
31844,32387,32388,0,0,1
31842,32388,32389,0,0,1
32390,32389,32391,1,0,1
32392,32391,32377,1,0,0
31994,30608,32393,0,0,1,8407
30617,32394,32395,0,1,1
30614,30618,32396,0,0,1
30642,30615,32397,0,0,1
30612,32397,32398,0,0,1
32393,30610,32399,0,0,1
32395,32399,32400,0,0,1
32396,32400,32398,0,0,0
32308,31657,32401,0,0,1,1747
32402,32309,32403,1,0,1
32404,32403,32405,1,0,1
32406,32407,32408,1,1,1
32409,32410,32411,1,1,1
32412,32411,32413,1,0,1
32414,32413,32415,1,0,1
32416,32415,32417,1,0,1
32418,32417,32419,1,0,1
32420,32419,32421,1,0,1
32422,32421,32423,1,0,1
32424,32425,32426,1,1,1
32427,32428,32429,1,1,1
32430,32429,32431,1,0,1
32432,32431,32433,1,0,1
32434,32433,32435,1,0,1
32436,32435,32437,1,0,1
32438,32437,32439,1,0,1
32440,32441,32442,1,1,1
32443,32442,32444,1,0,1
32445,32446,32447,1,1,1
32448,32449,32450,1,1,1
30977,32450,32451,0,0,1
32401,30974,32452,0,0,1
32405,32452,32453,0,0,1
32423,32408,32454,0,0,1
32439,32426,32455,0,0,1
32444,32455,32456,0,0,1
32447,32456,32457,0,0,1
32451,32457,32458,0,0,1
32453,32458,32459,0,0,1
32460,32459,32454,1,0,0
29976,29973,32461,1,1,1,9940
32462,32461,32463,1,0,1
32409,32463,32464,0,0,1
32465,32464,32466,1,0,1
32467,32466,32468,1,0,1
32469,32468,32470,1,0,1
32402,32471,32472,0,1,1
32306,32472,32473,0,0,1
32304,32473,32474,0,0,1
32302,32474,32475,0,0,1
32300,32475,32476,0,0,1
32298,32476,32477,0,0,1
29970,32477,32470,1,0,0
31337,31750,32478,0,0,1,8403
31334,31338,32479,0,0,1
32480,31335,32481,1,0,1
32482,32481,32483,1,0,1
32484,32483,32485,1,0,1
28371,32485,32486,0,0,1
31324,32486,32487,0,0,1
31743,32487,32488,0,0,1
32478,31744,32489,0,0,1
32479,32489,32488,0,0,0
30507,30509,32490,0,0,1,209
31173,30502,32491,1,0,1
32492,32491,32493,1,0,1
32494,32493,32495,1,0,1
32496,32497,32498,1,1,1
32499,32500,32501,1,1,1
32502,32503,32504,1,1,1
32505,32506,32507,1,1,1
32508,32507,32509,1,0,1
32510,32509,32511,1,0,1
32512,32511,32513,1,0,1
32514,32513,32515,1,0,1
32516,32517,32518,1,1,1
32519,32520,32521,1,1,1
32522,32521,32523,1,0,1
32524,32523,32525,1,0,1
32526,32525,32527,1,0,1
32528,32527,32529,1,0,1
32530,32529,32531,1,0,1
32532,32533,32534,1,1,1
32535,32536,32537,1,1,1
32538,32537,32539,1,0,1
32535,32538,32540,0,0,1
32490,32540,32541,0,0,1
30504,32541,32542,0,0,1
32495,30505,32543,0,0,1
32498,32543,32544,0,0,1
32501,32544,32545,0,0,1
32546,32545,32547,1,0,1
32504,32547,32548,0,0,1
32531,32518,32549,0,0,1
32534,32549,32550,0,0,1
32548,32542,32551,0,0,1
32552,32551,32553,1,0,1
32554,32553,32555,1,0,1
32550,32515,32556,0,0,1
32539,32556,32555,0,0,0
31857,31860,32557,0,0,1,3014
31855,31858,32558,0,0,1
31405,32558,32559,0,0,1
32560,32559,32561,1,0,1
32562,32561,32563,1,0,1
31670,32563,32557,0,0,0
31863,31802,32564,0,0,1,2247
31817,32564,32565,0,0,1
31813,31815,32566,0,0,1
31895,32566,32567,0,0,1
31892,32567,32568,0,0,1
32569,32568,32570,1,0,1
32571,32572,32573,1,1,1
32574,32573,32575,1,0,1
32576,32577,32578,1,1,1
31380,32578,32579,0,0,1
32580,32579,32581,1,0,1
32582,32581,32583,1,0,1
31373,32584,32585,0,1,1
32586,32587,32588,1,1,1
31804,32589,32590,0,1,1
32565,32590,32591,0,0,1
32570,32591,32592,0,0,1
32583,32575,32593,0,0,1
32585,32593,32594,0,0,1
32588,32594,32595,0,0,1
32596,32595,32592,1,0,0
31729,31781,32597,0,0,1,980
32598,32599,32600,1,1,1
32601,32600,32602,1,0,1
32603,32602,32604,1,0,1
32605,32604,32606,1,0,1
32607,32606,32608,1,0,1
31940,32608,32609,1,0,1
31785,32609,32610,0,0,1
32597,31783,32611,0,0,1
31726,32611,32610,0,0,0
32384,31735,32612,0,0,1,2260
32613,32381,32614,1,0,1
32615,32614,32616,1,0,1
32617,32616,32618,1,0,1
32598,32618,32619,0,0,1
31727,32599,32620,0,0,1
32612,32620,32619,0,0,0
32392,32379,32621,0,0,1,1748
32622,32621,32623,1,0,1
32624,32623,32625,1,0,1
32626,32625,32627,1,0,1
32628,32629,32630,1,1,1
32631,32630,32632,1,0,1
32633,32634,32635,1,1,1
32615,32636,32637,0,1,1
32613,32637,32638,0,0,1
32382,32638,32639,0,0,1
32632,32627,32640,0,0,1
32635,32640,32639,0,0,0
32293,32295,32641,0,0,1,18132
32282,32641,32642,0,0,1
32280,32642,32643,0,0,1
32278,32643,32644,0,0,1
32645,32644,32285,1,0,0
32482,32484,32646,0,0,1,211
32647,32646,32648,1,0,1
32649,32648,32650,1,0,1
32651,32650,32652,1,0,1
32653,32652,32654,1,0,1
32655,32654,32656,1,0,1
32657,32656,28374,1,0,0
32658,4357,32659,1,0,1,209
32660,32659,32661,1,0,1
32662,32661,32663,1,0,1
32664,32663,32665,1,0,1
32666,32665,4445,1,0,0
28884,4231,32667,0,0,1,10967
28882,32667,32668,0,0,1
4040,32668,32669,0,0,1
4036,32669,32670,0,0,1
4037,32670,32671,0,0,1
4032,4034,32672,0,0,1
32673,32672,32674,1,0,1
32675,32674,32676,1,0,1
32677,32676,32671,1,0,0
3881,3883,32678,0,0,1,10967
32086,3878,32679,1,0,1
32089,32679,32680,1,0,1
32088,32680,32681,1,0,1
4100,3889,32682,0,0,1
3885,32682,32683,0,0,1
3886,32683,32684,0,0,1
32678,32684,32681,0,0,0
31696,30545,32685,0,1,1,982
32686,32687,32688,1,1,1
32689,32688,32690,1,0,1
32691,32692,32693,1,1,1
30539,32693,32694,1,0,1
30542,32694,32695,1,0,1
30541,32695,32696,1,0,1
32685,32696,32690,0,0,0
31693,31697,32697,0,0,1,9175
31694,32697,32698,0,0,1
31231,32698,32699,0,0,1
31035,32699,32700,0,0,1
32701,32700,32702,1,0,1
32703,32702,32704,1,0,1
32705,32704,32687,1,0,0
32706,31030,32707,1,0,1,1753
32708,32707,32709,1,0,1
31033,32709,31047,0,0,0
28382,32081,32710,0,0,1,1747
32711,32710,32712,1,0,1
32713,32712,32714,1,0,1
32715,32714,32716,1,0,1
32717,32716,32718,1,0,1
32719,32718,32720,1,0,1
32033,32030,32721,1,1,1
32032,32721,32722,1,0,1
32723,32035,32724,1,1,1
32071,32724,32725,0,0,1
32720,32725,32722,0,0,0
28378,28380,32726,0,0,1,1748
32727,32726,32728,1,0,1
32729,32728,32730,1,0,1
32731,32730,32732,1,0,1
32733,32734,32735,1,1,1
32736,32737,32738,1,1,1
32739,32738,32740,1,0,1
32741,32740,32742,1,0,1
32713,32742,32743,0,0,1
32711,32743,32744,0,0,1
32732,32744,32745,0,0,1
32746,32745,32735,1,0,0
5806,31332,32747,1,0,1,978
32748,5805,32749,1,1,1
32750,32749,32751,1,0,1
32752,32753,32754,1,1,1
32755,32754,32756,1,0,1
32757,32758,32759,1,1,1
32760,32761,32762,1,1,1
32763,32764,32765,1,1,1
32766,32767,32768,1,1,1
32769,32768,32770,1,0,1
32771,32770,32772,1,0,1
32773,32774,32775,1,1,1
32776,32777,32778,1,1,1
32779,32780,32781,1,1,1
32782,32783,32784,1,1,1
32785,32784,32786,1,0,1
32787,32786,32788,1,0,1
32789,32788,32790,1,0,1
32480,32647,32791,0,0,1
32747,32791,32792,0,0,1
32751,32792,32793,0,0,1
32756,32793,32794,0,0,1
32759,32794,32795,0,0,1
32775,32772,32796,0,0,1
32778,32796,32797,0,0,1
32781,32797,32798,0,0,1
32795,32799,32800,0,1,1
32762,32800,32801,0,0,1
32798,32765,32802,0,0,1
32801,32790,32803,0,0,1
32804,32803,32802,1,0,0
32494,32492,32805,1,1,1,210
32497,32805,32806,1,0,1
32496,32806,32807,1,0,1
32500,32807,31175,1,0,0
32562,31672,32808,0,0,1,3015
32809,32808,32810,1,0,1
32811,32810,32812,1,0,1
31395,32812,32813,0,0,1
32814,32813,32815,1,0,1
32816,32815,32817,1,0,1
32818,32817,32819,1,0,1
32331,32820,32821,0,1,1
32329,32821,32822,0,0,1
32327,32822,32819,0,0,0
31425,31875,32823,0,0,1,11207
32354,32823,32824,0,0,1
32825,32824,32826,1,0,1
32827,32826,32828,1,0,1
32350,32829,32830,0,1,1
32347,32830,32831,0,0,1
32832,32833,32834,1,1,1
32835,32836,32837,1,1,1
32838,32837,32839,1,0,1
32840,32839,32841,1,0,1
32842,32843,32844,1,1,1
32845,32846,32847,1,1,1
32848,32849,32850,1,1,1
31881,32850,32851,0,0,1
31877,32851,32852,0,0,1
31878,32852,32853,0,0,1
32828,32853,32854,0,0,1
32831,32854,32855,0,0,1
32841,32834,32856,0,0,1
32844,32856,32857,0,0,1
32847,32857,32855,0,0,0
30909,29754,32858,1,0,1,3031
30911,32858,32859,1,0,1
30914,32859,32860,1,0,1
32861,32860,32862,1,0,1
32863,32862,29756,1,0,0
32864,32865,32866,1,1,1,41936
32601,32866,32867,1,0,1
32868,32867,32869,1,0,1
32870,32869,31935,1,0,0
32657,28376,32871,0,0,1,1747
32787,32872,32873,0,1,1
32874,32873,32875,1,0,1
32876,32875,32877,1,0,1
32878,32877,32879,1,0,1
32880,32881,32882,1,1,1
32883,32884,32885,1,1,1
32886,32887,32888,1,1,1
32889,32888,32890,1,0,1
32891,32890,32892,1,0,1
32893,32894,32895,1,1,1
32896,32897,32898,1,1,1
32899,32900,32901,1,1,1
32902,32901,32903,1,0,1
32904,32903,32905,1,0,1
32906,32907,32908,1,1,1
32025,32909,32910,1,1,1
32028,32910,32911,1,0,1
32912,32911,32913,1,0,1
32914,32913,32915,1,0,1
32736,32915,32916,0,0,1
32737,32916,32917,0,0,1
32733,32917,32918,0,0,1
32734,32918,32919,0,0,1
32731,32746,32920,0,0,1
32729,32920,32921,0,0,1
32871,32727,32922,0,0,1
32655,32922,32923,0,0,1
32879,32653,32924,0,0,1
32882,32924,32925,0,0,1
32892,32885,32926,0,0,1
32898,32895,32927,0,0,1
32905,32927,32928,0,0,1
32919,32908,32929,0,0,1
32923,32921,32930,0,0,1
32925,32930,32931,0,0,1
32926,32931,32932,0,0,1
32928,32932,32929,0,0,0
32933,5809,32934,1,1,1,5074
32935,32934,32936,1,0,1
32937,32936,32938,1,0,1
32750,32753,32939,0,0,1
32748,32939,32938,0,0,0
32940,32941,32942,1,1,1,5073
32943,32942,32944,1,0,1
32945,32944,32946,1,0,1
32947,32946,32948,1,0,1
32318,31179,32949,1,1,1
4371,32949,32950,0,0,1
32951,32950,32952,1,0,1
32953,32954,32955,1,1,1
32956,32957,32958,1,1,1
4361,32959,32960,0,1,1
32666,32960,32961,0,0,1
32962,32961,32963,1,0,1
32955,32952,32964,0,0,1
32963,32958,32965,0,0,1
32964,32948,32966,0,0,1
32967,32966,32965,1,0,0
32596,32589,32968,0,0,1,2246
32586,32968,32969,0,0,1
31374,32587,32970,0,0,1
31369,31371,32971,0,0,1
31413,31367,32972,0,0,1
31806,32972,32973,0,0,1
32969,32973,32974,0,0,1
32971,32970,32975,0,0,1
31366,32975,32974,0,0,0
32355,32825,32976,0,0,1,11206
32362,32976,32977,0,0,1
32352,32977,32978,0,0,1
32349,32978,32979,0,0,1
32829,32979,32827,0,0,0
4524,31436,32980,0,0,1,3031
4522,32980,32981,0,0,1
4520,32981,32982,0,0,1
4518,32982,30190,0,0,0
4477,4479,32983,0,0,1,2775
4475,32983,32984,0,0,1
32985,32984,32986,1,0,1
32987,32986,32988,1,0,1
32989,32988,32990,1,0,1
32991,32990,32992,1,0,1
4481,32992,32993,0,0,1
4482,32993,4575,0,0,0
29765,3850,32994,0,0,1,10967
32995,32994,32996,1,0,1
32997,32996,32998,1,0,1
32999,33000,33001,1,1,1
33002,33003,33004,1,1,1
33005,33006,33007,1,1,1
3859,33007,33008,0,0,1
3856,3860,33009,0,0,1
3853,3857,33010,0,0,1
32998,3854,33011,0,0,1
33001,33011,33012,0,0,1
33004,33012,33013,0,0,1
33008,33013,33014,0,0,1
33009,33014,33010,0,0,0
29758,29760,33015,0,0,1,214
32863,33015,33016,0,0,1
32186,33017,33018,1,1,1
33019,33018,33020,1,0,1
33021,33020,33022,1,0,1
32995,33022,33023,0,0,1
29762,33023,33024,0,0,1
29763,33024,33016,0,0,0
31612,31028,33025,0,0,1,1752
33026,33025,33027,1,0,1
33028,33027,33029,1,0,1
33030,33029,33031,1,0,1
33032,33031,33033,1,0,1
33034,33035,33036,1,1,1
33037,33038,33039,1,1,1
33040,33039,33041,1,0,1
33042,33041,33043,1,0,1
33044,33043,33045,1,0,1
32703,33045,33046,0,0,1
33047,33046,33048,1,0,1
33049,33048,33050,1,0,1
32706,33051,33052,0,1,1
33033,33052,33053,0,0,1
33036,33053,33050,0,0,0
33054,33055,33056,1,1,1,42704
33057,33056,33058,1,0,1
33059,33060,33061,1,1,1
33062,33061,33063,1,0,1
33064,33063,33065,1,0,1
33066,33067,33068,1,1,1
33069,33068,33070,1,0,1
33058,33070,33065,0,0,0
30865,30867,33071,0,0,1,10455
33072,33071,33073,1,0,1
33074,33075,33076,1,1,1
33077,33078,33079,1,1,1
33080,33079,33081,1,0,1
33082,33083,33084,1,1,1
33085,33086,33087,1,1,1
33088,33087,33089,1,0,1
33090,33089,33091,1,0,1
4592,33091,33092,0,0,1
30869,33092,33093,0,0,1
33081,33076,33094,0,0,1
33095,33094,33096,1,0,1
33093,33097,33098,0,1,1
33096,33073,33099,0,0,1
33084,33099,33098,0,0,0
30682,31738,33100,0,0,1,8406
30699,33100,33101,0,0,1
30678,33101,30860,0,0,0
33102,30673,33103,1,1,1,8404
33104,33105,33106,1,1,1
33107,33108,33109,1,1,1
33110,33109,33111,1,0,1
33112,33113,33114,1,1,1
33115,33116,33117,1,1,1
33118,33117,33119,1,0,1
32448,33119,33120,1,0,1
30979,33120,33121,1,0,1
30981,33121,33122,1,0,1
32645,32276,33123,1,1,1
32284,33123,33124,1,0,1
30668,33124,33125,1,0,1
30670,33125,33126,1,0,1
33111,33106,33127,0,0,1
33128,33127,33129,1,0,1
33126,33122,33130,0,0,1
33129,33103,33131,0,0,1
33114,33131,33130,0,0,0
32560,32809,33132,0,0,1,43968
31406,33132,33133,0,0,1
31402,33133,33134,0,0,1
31403,33134,33135,0,0,1
31399,33135,33136,0,0,1
31400,33136,33137,0,0,1
31397,33137,32811,0,0,0
33138,31248,33139,1,1,1,14040
31615,31582,33140,0,0,1
31579,33140,33141,0,0,1
31577,33141,33142,0,0,1
31575,33142,33143,0,0,1
33139,31573,33144,0,0,1
31581,33144,33143,0,0,0
33064,33067,33145,0,0,1,43216
32633,33059,33146,1,0,1
33147,33146,33148,1,0,1
33149,33150,33151,1,1,1
32617,33152,33153,1,1,1
32864,33153,33154,0,0,1
33066,33155,33156,0,1,1
33145,33156,33157,0,0,1
33148,33062,33158,0,0,1
33154,33159,33160,0,1,1
33158,33157,33161,0,0,1
33151,33161,33160,0,0,0
33147,32636,33162,1,0,1,42704
33150,33162,33163,1,0,1
33149,33163,33164,1,0,1
33159,33164,33152,1,0,1
31840,32390,33165,0,0,1,212
33166,33165,33167,1,0,1
33168,33167,33169,1,0,1
33170,33169,33171,1,0,1
33172,33171,33173,1,0,1
32624,33173,32622,0,0,0
32469,32471,33174,0,0,1,9171
32465,32467,33175,0,0,1
32410,33175,33176,0,0,1
32406,33176,33177,0,0,1
32460,32407,33178,0,0,1
32404,33178,33179,0,0,1
33174,33179,33177,0,0,0
32799,32649,33180,0,0,1,210
32789,33180,33181,0,0,1
32872,33181,32651,0,0,0
33182,5808,33183,1,1,1,5073
33184,33183,33185,1,0,1
33186,33187,33188,1,1,1
32767,33188,33189,0,0,1
32763,33189,33190,0,0,1
33191,33190,33192,1,0,1
33193,33194,33195,1,1,1
32752,33195,33196,0,0,1
32937,33196,33197,0,0,1
32935,33197,33198,0,0,1
33185,32933,33199,0,0,1
33200,33199,33201,1,0,1
33192,33201,33198,0,0,0
32951,4369,33202,1,1,1,5074
32967,32953,33203,1,1,1
32957,33203,33204,1,0,1
32956,33204,33205,1,0,1
32959,33205,33206,1,0,1
4360,33206,33207,1,0,1
4363,33207,33208,1,0,1
4365,33208,33209,1,0,1
33202,4367,33210,0,1,1
32954,33210,33209,1,0,0
33211,31177,33212,1,0,1,977
32503,33213,33214,1,1,1
32502,33214,33215,1,0,1
33216,33215,33217,1,0,1
33218,33217,33219,1,0,1
32945,33220,33221,1,1,1
32947,33221,33222,1,0,1
31180,33222,33223,0,0,1
33212,33223,33219,0,0,0
30194,32359,33224,0,0,1,1735
4514,33224,33225,0,0,1
33226,33225,33227,1,0,1
33228,33227,33229,1,0,1
33230,33229,32343,1,0,0
32677,4233,33231,0,0,1,2774
32675,33231,33232,0,0,1
32673,33232,33233,0,0,1
4029,33233,33234,0,0,1
33235,33234,33236,1,0,1
33237,33236,31904,1,0,0
33021,32997,33238,0,0,1,10966
32188,33019,33239,1,0,1
32190,33239,33240,1,0,1
32192,33240,33241,1,0,1
32194,33241,33242,1,0,1
32999,33003,33243,0,0,1
33238,33000,33244,0,0,1
33242,33244,33243,0,0,0
33044,32705,33245,0,0,1,983
33246,33245,33247,1,0,1
33248,33247,33249,1,0,1
33250,33251,33252,1,1,1
33253,33252,33254,1,0,1
33255,33254,33256,1,0,1
33257,33256,33258,1,0,1
33259,33258,33260,1,0,1
33261,33260,33262,1,0,1
33263,33262,33264,1,0,1
33265,33264,33266,1,0,1
33267,33266,33268,1,0,1
30535,33268,33269,1,0,1
30537,33269,33270,1,0,1
32691,33270,33271,0,0,1
32692,33271,33272,0,0,1
32689,33272,33273,0,0,1
32686,33273,33249,0,0,0
33051,32708,33274,0,0,1,9944
33049,33274,33275,0,0,1
33047,33275,33276,0,0,1
32701,33276,31032,0,0,0
31992,32394,33277,0,0,1,18133
31990,33277,33278,0,0,1
31988,33278,33279,0,0,1
31986,33279,33280,0,0,1
33281,33280,33282,1,0,1
33283,33284,33285,1,1,1
33286,33287,33288,1,1,1
31834,33289,33290,0,1,1
30620,33290,33291,0,0,1
33285,33282,33292,0,0,1
33288,33292,33291,0,0,0
32184,33017,33293,0,1,1,1750
33294,32181,33295,1,0,1
30918,33295,33296,0,0,1
30916,33296,33297,0,0,1
30913,33297,33298,0,0,1
32861,33298,33293,1,0,0
33299,32367,33300,1,0,1,41936
33301,33300,33302,1,0,1
33303,33302,33304,1,0,1
31768,31961,33305,1,0,1
31932,33305,33306,1,0,1
32369,33306,33304,0,0,0
30049,30046,33307,0,0,1,211
30053,33307,33308,0,0,1
33309,33310,33311,1,1,1
33312,33311,33313,1,0,1
33314,33315,33316,1,1,1
33308,33316,33317,0,0,1
30011,33317,33313,0,0,0
33318,31587,33319,1,0,1,18135
33320,33319,33321,1,0,1
33322,33321,33323,1,0,1
33324,33323,33325,1,0,1
31591,33326,33327,0,1,1
31589,33327,33325,0,0,0
31376,31378,33328,0,0,1,2246
32584,33328,33329,0,0,1
32582,33329,33330,0,0,1
32580,33330,31381,0,0,0
33331,33332,33333,1,1,1,43728
33334,33333,33335,1,0,1
33336,33335,33337,1,0,1
33338,33337,33339,1,0,1
33340,33339,33341,1,0,1
33342,33341,33343,1,0,1
33172,32626,33344,0,0,1,980
33345,33344,33346,1,0,1
33347,33346,33348,1,0,1
33349,33348,33350,1,0,1
33351,33350,33352,1,0,1
33353,33352,33354,1,0,1
33355,33354,32629,1,0,0
33286,33289,33356,0,0,1,9940
33283,33287,33357,0,0,1
33358,33284,33359,1,0,1
33360,33359,33361,1,0,1
33362,33361,33363,1,0,1
33166,33363,33364,0,0,1
31836,31838,33365,0,0,1
33356,33365,33366,0,0,1
33357,33366,33364,0,0,0
33090,4595,33367,0,0,1,215
33368,33088,33369,1,0,1
33370,33371,33372,1,1,1
33373,33372,33374,1,0,1
33375,33374,33376,1,0,1
33377,33376,33378,1,0,1
31976,33378,33379,0,0,1
4599,33379,33380,0,0,1
33367,4597,33381,0,0,1
33369,33381,33380,0,0,0
33082,33097,33382,0,0,1,2263
33095,33083,33383,0,0,1
33080,33383,33384,0,0,1
33385,33077,33386,1,0,1
33387,33386,33388,1,0,1
33370,33388,33389,0,0,1
33368,33371,33390,0,0,1
33085,33390,33391,0,0,1
33382,33086,33392,0,0,1
33384,33392,33393,0,0,1
33389,33393,33391,0,0,0
33394,32782,33395,1,0,1,1746
33396,33397,33398,1,1,1
32884,33398,33399,0,0,1
32880,33399,33400,0,0,1
32881,33400,33401,0,0,1
32878,33401,33402,0,0,1
32874,32876,33403,0,0,1
32785,33403,33404,0,0,1
33395,33404,33402,0,0,0
33405,31911,33406,1,0,1,983
33407,33408,33409,1,1,1
33410,33411,33412,1,1,1
33413,33412,33414,1,0,1
32985,33414,33415,0,0,1
4473,33415,33416,0,0,1
33406,33416,33409,0,0,0
33193,32755,33417,0,0,1,977
33191,33194,33418,0,0,1
32764,33418,33419,0,0,1
32760,32804,33420,0,0,1
32757,32761,33421,0,0,1
33417,32758,33422,0,0,1
33419,33422,33423,0,0,1
33420,33423,33421,0,0,0
32818,32820,33424,0,0,1,11207
32814,32816,33425,0,0,1
31393,33425,33426,0,0,1
33427,33426,33428,1,0,1
33429,33428,33430,1,0,1
32336,33430,33431,0,0,1
32333,33431,33424,0,0,0
33226,33228,33432,0,0,1,3015
33433,33432,33434,1,0,1
33435,33434,33436,1,0,1
33437,33436,33438,1,0,1
33439,33438,33440,1,0,1
33441,33440,33442,1,0,1
33443,33442,33444,1,0,1
33445,33444,33446,1,0,1
33447,33446,33448,1,0,1
33449,33448,33450,1,0,1
33451,33450,33452,1,0,1
33453,33454,33455,1,1,1
32836,33455,33456,0,0,1
32832,33456,33457,0,0,1
32345,32833,33458,0,0,1
33230,32342,33459,0,0,1
33457,33452,33460,0,0,1
33458,33460,33459,0,0,0
33461,33462,33463,1,1,1,9943
33464,33465,33466,1,1,1
33467,33468,33469,1,1,1
33470,33469,33471,1,0,1
31600,33471,33472,0,0,1
31598,33472,33473,0,0,1
33474,33473,33475,1,0,1
33476,33475,33477,1,0,1
33478,33479,33480,1,1,1
33481,33482,33483,1,1,1
33484,33485,33486,1,1,1
31595,33486,33487,0,0,1
31596,33487,33488,0,0,1
31593,33488,33489,0,0,1
33326,33489,33490,0,0,1
33463,33324,33491,0,0,1
33477,33492,33493,0,1,1
33480,33493,33494,0,0,1
33490,33483,33495,0,0,1
33491,33495,33496,0,0,1
33494,33466,33497,0,0,1
33498,33497,33499,1,0,1
33500,33499,33496,1,0,0
33501,33502,33503,1,1,1,41168
33299,33301,33504,0,0,1
32364,33504,33503,0,0,0
33505,33506,33507,1,1,1,42704
33508,33507,33509,1,0,1
33510,33509,33511,1,0,1
33512,33511,33513,1,0,1
33514,33513,33515,1,0,1
33516,33515,33517,1,0,1
33518,33517,33519,1,0,1
33520,33521,33522,1,1,1,42704
33523,33524,33525,1,1,1
33526,33527,33528,1,1,1
33529,33528,33530,1,0,1
33531,33530,33532,1,0,1
33533,33532,33534,1,0,1
33535,33534,33536,1,0,1
33537,33536,33538,1,0,1
33539,33540,33541,1,1,1
33542,33543,33544,1,1,1
33545,33544,33546,1,0,1
33362,33547,33548,1,1,1
33549,33548,33550,1,0,1
33522,33550,33551,0,0,1
33538,33525,33552,0,0,1
33541,33552,33553,0,0,1
33546,33553,33551,0,0,0
31984,33281,33554,0,0,1,10453
33555,33554,33556,1,0,1
33557,33558,33559,1,1,1
33560,33559,33561,1,0,1
33562,33561,33563,1,0,1
33564,33563,33565,1,0,1
33566,33565,33567,1,0,1
33568,33567,33569,1,0,1
33570,33569,33571,1,0,1
33572,33573,33574,1,1,1
33358,33574,33575,0,0,1
33556,33575,33571,0,0,0
33576,33577,33578,1,1,1,978
33579,33578,33580,1,0,1
33581,33582,33583,1,1,1
32420,33584,33585,0,1,1
32418,33585,33586,0,0,1
33580,32416,33587,0,0,1
33583,33587,33586,0,0,0
30005,30007,33588,0,0,1,978
33589,33588,33590,1,0,1
33591,33590,30009,1,0,0
32848,31880,33592,0,0,1,3016
33593,33592,33594,1,0,1
33595,33596,33597,1,1,1
33598,33454,33599,1,0,1
33600,33599,33601,1,0,1
33602,33601,33603,1,0,1
33604,33605,33606,1,1,1
33607,33606,33608,1,0,1
33609,33608,33610,1,0,1
33611,33610,33612,1,0,1
33613,33612,33614,1,0,1
33615,33614,33616,1,0,1
33617,33616,33618,1,0,1
33619,33618,33620,1,0,1
33621,33620,33622,1,0,1
33623,33622,33624,1,0,1
33625,33624,33626,1,0,1
33627,33626,33628,1,0,1
33629,33630,33631,1,1,1
33632,33631,33633,1,0,1
31883,33633,33634,0,0,1
33594,31884,33635,0,0,1
33597,33635,33636,0,0,1
33603,33636,33637,0,0,1
33628,33637,33634,0,0,0
32845,32849,33638,0,0,1,11208
32842,32846,33639,0,0,1
32840,32843,33640,0,0,1
32838,33640,33641,0,0,1
32835,33641,33642,0,0,1
33453,33642,33643,0,0,1
33595,33643,33644,0,0,1
33593,33596,33645,0,0,1
33638,33645,33646,0,0,1
33639,33646,33644,0,0,0
33647,33648,33649,1,1,1,1752
33650,33649,33651,1,0,1
33652,33651,33653,1,0,1
33654,33653,33655,1,0,1
33656,33657,33658,1,1,1
33659,33658,33660,1,0,1
33661,33660,33655,1,0,0
32196,33002,33662,1,0,1,10966
32198,33662,33663,1,0,1
32200,32226,33664,1,1,1
3862,33664,33665,0,0,1
33005,33665,33666,0,0,1
33006,33666,33663,0,0,0
33667,33668,33669,1,1,1,3030
33670,33669,33671,1,0,1
33672,33671,33673,1,0,1
33674,33673,33675,1,0,1
33676,33677,33678,1,1,1
33679,33680,33681,1,1,1
33682,33681,33683,1,0,1
33684,33683,33685,1,0,1
33675,33686,33687,0,1,1
33678,33687,33685,0,0,0
30523,33688,33689,1,1,1,9942
30527,33689,33690,1,0,1
33691,33690,33692,1,0,1
33693,33694,33695,1,1,1
33696,33695,33697,1,0,1
33698,33697,33699,1,0,1
33700,33701,33702,1,1,1
33674,33702,33703,0,0,1
33672,33703,33704,0,0,1
33692,33704,33699,0,0,0
33342,33705,33706,0,1,1,10967
33707,33706,33708,1,0,1
33709,33710,33711,1,1,1
33712,33711,33713,1,0,1
33714,33715,33716,1,1,1
33717,33716,33718,1,0,1
33464,33718,33719,0,0,1
33465,33719,33720,0,0,1
33708,33720,33713,0,0,0
33572,33360,33721,0,0,1,1748
33722,33721,33723,1,0,1
33724,33723,33725,1,0,1
33545,33725,33547,1,0,1
31980,31982,33726,0,0,1,10454
33727,33726,33728,1,0,1
33729,33728,33730,1,0,1
33731,33730,33732,1,0,1
33733,33732,33734,1,0,1
33735,33734,33736,1,0,1
33737,33738,33739,1,1,1
33740,33739,33741,1,0,1
33742,33741,33743,1,0,1
33744,33743,33745,1,0,1
33746,33747,33748,1,1,1
33560,33748,33749,0,0,1
33557,33749,33750,0,0,1
33555,33558,33751,0,0,1
33736,33751,33752,0,0,1
33753,33752,33754,1,0,1
33745,33754,33750,0,0,0
33375,33377,33755,0,0,1,8407
33387,33373,33756,0,0,1
33074,33078,33757,0,0,1
33758,33075,33759,1,0,1
33760,33759,33761,1,0,1
33762,33761,33763,1,0,1
33764,33763,33765,1,0,1
33766,33765,33767,1,0,1
33727,33767,33768,0,0,1
33755,31978,33769,0,0,1
33756,33769,33770,0,0,1
33385,33770,33771,0,0,1
33757,33771,33768,0,0,0
33772,33773,33774,1,1,1,3027
32443,33774,33775,1,0,1
32446,33775,33776,1,0,1
32445,33776,33777,1,0,1
32449,33777,33778,1,0,1
33118,33778,33779,0,0,1
33115,33779,33780,0,0,1
33781,33780,33782,1,0,1
33783,33782,33784,1,0,1
32741,32715,33785,0,0,1,979
32914,32739,33786,0,0,1
32912,33786,33787,0,0,1
32027,33787,33788,1,0,1
32719,33788,33789,0,0,1
32717,33789,33785,0,0,0
33790,33340,33791,1,0,1,10966
33792,33791,33793,1,0,1
33794,33795,33796,1,1,1
33797,33798,33799,1,1,1
33800,33799,33801,1,0,1
33802,33803,33804,1,1,1
33712,33805,33806,0,1,1
33709,33806,33807,0,0,1
33707,33710,33808,0,0,1
33793,33808,33809,0,0,1
33796,33809,33810,0,0,1
33811,33810,33812,1,0,1
33804,33801,33813,0,0,1
33807,33813,33812,0,0,0
33814,33338,33815,1,0,1,9942
33816,33815,33817,1,0,1
33818,33817,33819,1,0,1
33820,33821,33822,1,1,1
33798,33822,33823,0,0,1
33811,33823,33824,0,0,1
33794,33824,33825,0,0,1
33795,33825,33826,0,0,1
33792,33826,33827,0,0,1
33790,33827,33819,0,0,0
33828,33336,33829,1,0,1,9941
33830,33829,33831,1,0,1
33832,33831,33833,1,0,1
33834,33833,33835,1,0,1
33836,33835,33814,1,0,0
33837,33838,33839,1,1,1,9940
33840,33841,33842,1,1,1
33843,33844,33845,1,1,1
33846,33847,33848,1,1,1
33849,33848,33850,1,0,1
33851,33852,33853,1,1,1
33839,33853,33854,0,0,1
33855,33854,33856,1,0,1
33845,33842,33857,0,0,1
33850,33857,33856,0,0,0
33570,33573,33858,0,0,1,2260
33859,33858,33860,1,0,1
33861,33860,33862,1,0,1
33863,33864,33865,1,1,1
33866,33865,33867,1,0,1
33722,33867,33862,0,0,0
33581,33584,33868,0,0,1,979
33579,33582,33869,0,0,1
33870,33869,33871,1,0,1
32424,32428,33872,0,0,1
33868,32422,33873,0,0,1
33872,33871,33874,0,0,1
32425,33874,33873,0,0,0
33875,33184,33876,1,0,1,5074
33877,33876,33878,1,0,1
33879,33880,33881,1,1,1
33882,33881,33883,1,0,1
33884,33883,33885,1,0,1
33886,33885,33887,1,0,1
33888,33887,33889,1,0,1
33200,33890,33891,0,1,1
33878,33891,33889,0,0,0
31893,32569,33892,0,0,1,2248
33893,33892,33894,1,0,1
33895,33894,33896,1,0,1
33897,33896,33898,1,0,1
33899,33900,33901,1,1,1
33902,33901,33903,1,0,1
32571,33903,33904,0,0,1
32572,33904,33898,0,0,0
33267,30533,33905,0,1,1,2775
33265,33905,33906,0,0,1
33263,33906,33907,0,0,1
33908,33907,33909,1,0,1
33910,33911,33912,1,1,1
33913,33912,33914,1,0,1
33915,33914,33909,1,0,0
33042,33246,33916,0,0,1,984
33040,33916,33917,0,0,1
33918,33917,33919,1,0,1
33251,33919,33248,0,0,0
33851,33920,33921,0,1,1,18133
33849,33852,33922,0,0,1
33846,33922,33923,0,0,1
33924,33923,33925,1,0,1
33926,33925,33927,1,0,1
33928,33927,33929,1,0,1
33930,33929,33931,1,0,1
33932,33933,33934,1,1,1
33921,33935,33936,0,1,1
33931,33936,33934,0,0,0
30676,30863,33937,0,0,1,8406
33938,33937,33939,1,0,1
33940,33939,33941,1,0,1
33942,33941,33943,1,0,1
33758,33943,33072,0,0,0
33396,32883,33944,0,0,1,978
33945,33944,33946,1,0,1
33947,33946,33948,1,0,1
33949,33950,33951,1,1,1
33952,33951,33953,1,0,1
33954,33955,33956,1,1,1
33957,33958,33959,1,1,1
33960,33959,33961,1,0,1
32900,33961,33962,0,0,1
32896,33962,33963,0,0,1
33964,33963,33965,1,0,1
33966,33967,33968,1,1,1
33969,33970,33971,1,1,1
32887,33972,33973,0,1,1
33948,33973,33974,0,0,1
33965,33956,33975,0,0,1
33968,33975,33976,0,0,1
33974,33971,33977,0,0,1
33953,33977,33976,0,0,0
32783,33394,33978,0,0,1,3026
32779,33978,33979,0,0,1
33980,33979,33981,1,0,1
33945,33981,33397,0,0,0
33982,33983,33984,1,1,1,37840
33985,33984,33986,1,0,1
33987,33986,33988,1,0,1
33218,33988,33989,1,0,1
33220,33989,33990,1,0,1
32943,33990,33991,0,0,1
32940,33991,33992,0,0,1
33993,33992,33994,1,0,1
33995,33993,33996,1,0,1
33997,33996,33994,1,0,0
31909,33405,33998,0,0,1,9175
33999,33998,34000,1,0,1
34001,34000,34002,1,0,1
34003,34002,34004,1,0,1
33407,34005,34006,0,1,1
33408,34006,34004,0,0,0
33915,30531,34007,0,1,1,10967
33913,34007,34008,0,0,1
34009,34008,34010,1,0,1
34011,34010,34012,1,0,1
34013,34012,34014,1,0,1
34015,34016,34017,1,1,1
34018,34019,34020,1,1,1
34021,34020,34022,1,0,1
34023,34022,34024,1,0,1
34025,34024,34026,1,0,1
34027,34028,34029,1,1,1
34014,34029,34030,0,0,1
34017,34030,34026,0,0,0
34031,34032,34033,1,1,1,9942
34034,34035,34036,1,1,1
34037,34036,34038,1,0,1
34039,34038,34040,1,0,1
34041,34040,34042,1,0,1
34043,34044,34045,1,1,1
34046,34047,34048,1,1,1
34049,34048,34050,1,0,1
34051,34050,34052,1,0,1
34053,34052,34054,1,0,1
34055,34054,34056,1,0,1
34057,34056,34058,1,0,1
34059,33800,34060,1,0,1
34061,34060,34062,1,0,1
34063,34062,34064,1,0,1
33834,34065,34066,0,1,1
33830,33832,34067,0,0,1
34033,34067,34068,0,0,1
34042,34068,34069,0,0,1
34070,34069,34071,1,0,1
34058,34045,34072,0,0,1
34064,34072,34073,0,0,1
34066,34073,34071,0,0,0
33933,34074,34075,0,1,1,9943
34076,34075,34077,1,0,1
34078,34079,34080,1,1,1
34081,34080,34082,1,0,1
33924,34083,34084,0,1,1
33847,34084,34085,0,0,1
33843,34085,34086,0,0,1
34087,34086,34088,1,0,1
34089,34088,34090,1,0,1
34091,34090,34092,1,0,1
34093,34092,34094,1,0,1
34095,34094,34096,1,0,1
34046,34096,34097,0,0,1
34098,34097,34099,1,0,1
34100,34099,34101,1,0,1
34031,34035,34102,0,0,1
34077,34102,34103,0,0,1
34104,34103,34105,1,0,1
34101,34082,34106,0,0,1
34034,34106,34105,0,0,0
33764,33766,34107,0,0,1,8406
33760,33762,34108,0,0,1
34109,34108,34110,1,0,1
34111,34110,34112,1,0,1
34113,34112,34114,1,0,1
34115,34114,34116,1,0,1
34117,34116,34118,1,0,1
33729,34118,34107,0,0,0
33784,33773,34119,0,0,1,3026
34120,34119,34121,1,0,1
34122,34121,34123,1,0,1
34124,34123,34125,1,0,1
34126,34127,34128,1,1,1
34129,34128,34130,1,0,1
32441,34131,34132,1,1,1
32440,34132,34133,1,0,1
33772,34133,34134,0,0,1
34125,34134,34130,0,0,0
32889,32891,34135,0,0,1,1746
33972,32886,34136,0,0,1
33969,34136,34137,0,0,1
33970,34137,34138,0,0,1
33966,34138,34139,0,0,1
33967,34139,34140,0,0,1
32897,33964,34141,0,0,1
32893,34141,34142,0,0,1
32894,34142,34143,0,0,1
34135,34143,34140,0,0,0
33888,33890,34144,0,0,1,979
34145,34144,34146,1,0,1
34147,34146,34148,1,0,1
34149,34150,34151,1,1,1
34152,34151,34153,1,0,1
34154,34153,34155,1,0,1
34156,34155,34157,1,0,1
32769,34157,34158,0,0,1
32766,34158,34159,0,0,1
33186,34159,34160,0,0,1
33187,34160,34148,0,0,0
31390,33427,34161,0,0,1,10439
31388,31391,34162,0,0,1
34163,34162,34164,1,0,1
34165,34166,34167,1,1,1
34168,34169,34170,1,1,1
34171,34170,34172,1,0,1
34161,34172,34173,0,0,1
34164,34173,34167,0,0,0
33902,32574,34174,0,0,1,2759
34175,34174,34176,1,0,1
34177,34178,34179,1,1,1
34180,34179,34181,1,0,1
34182,34181,34183,1,0,1
32577,34183,34176,0,0,0
31886,31888,34184,0,0,1,1735
33632,34184,34185,0,0,1
34186,34185,34187,1,0,1
33893,34187,31890,0,0,0
33498,33500,34188,0,0,1,14039
33478,34188,34189,0,0,1
33476,33479,34190,0,0,1
33484,33474,34191,0,0,1
33481,33485,34192,0,0,1
34189,33482,34193,0,0,1
34190,34193,34194,0,0,1
34191,34194,34192,0,0,0
33930,34076,34195,0,0,1,18134
33928,34195,34196,0,0,1
34197,34196,34198,1,0,1
34199,34198,34200,1,0,1
34201,34200,34202,1,0,1
34079,34202,34104,0,0,0
33516,33518,34203,0,0,1,1749
33514,34203,34204,0,0,1
34205,33512,34206,1,0,1
34207,34206,34208,1,0,1
34209,34210,34211,1,1,1
34212,34211,34213,1,0,1
34214,34213,34215,1,0,1
34204,34215,34208,0,0,0
33566,33568,34216,0,0,1,2261
34217,34216,34218,1,0,1
34219,34218,34220,1,0,1
34221,34222,34223,1,1,1
33864,34223,34224,0,0,1
33861,34224,34225,0,0,1
33859,34225,34220,0,0,0
33105,33102,34226,1,1,1,12500
33104,34226,34227,1,0,1
33108,34227,34228,1,0,1
34229,33107,34230,1,1,1
34231,34232,34233,1,1,1
34234,34233,34235,1,0,1
34236,34235,34237,1,0,1
33940,34237,34238,0,0,1
30672,33938,34239,0,0,1
34228,34239,34240,0,0,1
34230,34240,34238,0,0,0
34241,33112,34242,1,0,1,9172
33781,34242,33116,0,0,0
34180,34182,34243,0,0,1,10951
34244,34243,34245,1,0,1
34246,34245,34247,1,0,1
34248,34247,34249,1,0,1
34250,34249,34251,1,0,1
34252,34251,34253,1,0,1
34254,34253,34255,1,0,1
34256,34255,34257,1,0,1
34258,34257,34259,1,0,1
34260,34261,34262,1,1,1
34263,34264,34265,1,1,1
34266,34267,34268,1,1,1
34269,34270,34271,1,1,1
31383,31386,34272,0,0,1
32576,34272,34273,0,0,1
34259,34273,34274,0,0,1
34265,34262,34275,0,0,1
34268,34275,34276,0,0,1
34277,34276,34278,1,0,1
34271,34278,34279,0,0,1
34280,34279,34274,1,0,0
33899,34175,34281,0,0,1,2760
34282,34281,34283,1,0,1
34284,34283,34285,1,0,1
33623,33625,34286,0,0,1
34287,34286,34288,1,0,1
34289,34288,34290,1,0,1
34244,34290,34291,0,0,1
34177,34291,34292,0,0,1
34178,34292,34285,0,0,0
31906,33999,34293,0,0,1,41936
33237,31907,34294,0,0,1
34295,34294,34296,1,0,1
34297,34296,34298,1,0,1
34299,34298,34300,1,0,1
34301,34300,34302,1,0,1
34303,34304,34305,1,1,1
34306,34305,34307,1,0,1
34308,34307,34309,1,0,1
34310,34309,34311,1,0,1
34003,34311,34312,0,0,1
34293,34001,34313,0,0,1
34302,34313,34312,0,0,0
33700,33677,34314,0,0,1,1750
33698,33701,34315,0,0,1
33696,34315,34316,0,0,1
33693,34316,34317,0,0,1
34318,34317,34319,1,0,1
34320,34321,34322,1,1,1
34323,34322,34324,1,0,1
34325,34324,34326,1,0,1
34314,34326,34319,0,0,0
34327,34328,34329,1,1,1,9173
34330,34329,34331,1,0,1
34332,34331,34333,1,0,1
34334,34333,34335,1,0,1
34336,34335,34337,1,0,1
34338,34337,34339,1,0,1
34340,34341,34342,1,1,1
34343,34342,34339,1,0,0
34209,34344,34345,0,1,1,9941
34207,34210,34346,0,0,1
33510,34205,34347,0,0,1
34348,34347,34349,1,0,1
34350,34349,34351,1,0,1
34352,34351,34353,1,0,1
34354,34353,34355,1,0,1
34356,34355,34357,1,0,1
34358,34357,34359,1,0,1
34360,34361,34362,1,1,1
34363,34364,34365,1,1,1
34330,34366,34367,0,1,1
34345,34327,34368,0,0,1
34346,34368,34369,0,0,1
34362,34359,34370,0,0,1
34365,34370,34371,0,0,1
34367,34371,34369,0,0,0
33942,34109,34372,0,0,1,8405
34236,34372,34373,0,0,1
34234,34373,34374,0,0,1
34375,34376,34377,1,1,1
34115,34377,34378,0,0,1
34113,34378,34379,0,0,1
34111,34379,34374,0,0,0
34129,34131,34380,0,0,1,1746
34381,34382,34383,1,1,1
34384,34383,34385,1,0,1
34386,34387,34388,1,1,1
34389,34388,34390,1,0,1
34391,34390,34392,1,0,1
34393,34392,34394,1,0,1
32438,34394,34395,1,0,1
34380,34395,34385,0,0,0
33884,33886,34396,0,0,1,978
33879,33882,34397,0,0,1
34398,34397,34399,1,0,1
34400,34399,34401,1,0,1
34402,34403,34404,1,1,1
34405,34404,34406,1,0,1
34407,34406,34408,1,0,1
34152,34408,34409,0,0,1
34149,34409,34410,0,0,1
34150,34410,34411,0,0,1
34147,34411,34412,0,0,1
34396,34145,34413,0,0,1
34401,34413,34412,0,0,0
34414,34163,34415,1,0,1,10438
34416,34417,34418,1,1,1
34419,34420,34421,1,1,1
34168,34421,34422,0,0,1
34169,34422,34423,0,0,1
34165,34423,34424,0,0,1
34415,34166,34425,0,0,1
34418,34425,34424,0,0,0
34280,31385,34426,0,0,1,2246
34269,34426,34427,0,0,1
34270,34427,34428,0,0,1
34429,34428,34430,1,0,1
34431,34430,34432,1,0,1
34433,34432,34434,1,0,1
34435,34434,34414,1,0,0
32987,32989,34436,0,0,1,2776
33413,34436,34437,0,0,1
34438,34437,34439,1,0,1
34440,34439,34441,1,0,1
34442,34441,34443,1,0,1
34444,34443,32991,1,0,0
34323,34445,34446,0,1,1,10966
34447,34446,34448,1,0,1
34449,34450,34451,1,1,1
34452,34451,34453,1,0,1
34454,34453,34455,1,0,1
34456,34455,34457,1,0,1
34458,34457,34459,1,0,1
34460,34459,34448,1,0,0
34027,30529,34461,0,1,1,9943
34462,34463,34464,1,1,1
34465,34466,34467,1,1,1
34468,34469,34470,1,1,1
34471,34470,34472,1,0,1
34449,34472,34473,0,0,1
34474,34473,34475,1,0,1
34476,34475,34477,1,0,1
34478,34477,34479,1,0,1
33691,34479,34480,0,0,1
30526,34480,34481,1,0,1
34464,34461,34482,0,0,1
34467,34482,34481,0,0,0
34065,33836,34483,0,0,1,14037
34059,34061,34484,0,0,1
33797,34484,34485,0,0,1
33820,34485,34486,0,0,1
33821,34486,34487,0,0,1
33818,34487,34488,0,0,1
34483,33816,34489,0,0,1
34063,34489,34488,0,0,0
34081,34083,34490,0,0,1,9944
34078,34490,34491,0,0,1
34199,34201,34492,0,0,1
33926,34197,34493,0,0,1
34491,34493,34492,0,0,0
34366,34332,34494,0,0,1,1749
34363,34494,34495,0,0,1
34496,34495,34497,1,0,1
34498,4750,34499,1,1,1
34338,34499,34500,0,0,1
34336,34500,34501,0,0,1
34334,34501,34497,0,0,0
34502,34503,34504,1,1,1,9173
34505,34506,34507,1,1,1
34508,34507,34509,1,0,1
34510,34511,34512,1,1,1
34513,34514,34515,1,1,1
34516,34515,34517,1,0,1
34350,34517,34518,0,0,1
33508,34348,34519,0,0,1
34520,34519,34521,1,0,1
34504,34522,34523,0,1,1
34509,34523,34524,0,0,1
34512,34524,34525,0,0,1
34518,34525,34521,0,0,0
33863,33866,34526,0,0,1,9941
34527,34528,34529,1,1,1
34530,34529,34531,1,0,1
34532,34531,34533,1,0,1
34534,34533,34535,1,0,1
34536,34535,34537,1,0,1
34538,34537,34539,1,0,1
34540,34539,34541,1,0,1
33542,34541,34542,1,0,1
34526,33724,34543,0,0,1
34221,34543,34542,0,0,0
33746,33562,34544,0,0,1,14549
33744,33747,34545,0,0,1
33740,33742,34546,0,0,1
34547,34546,34548,1,0,1
34549,34548,34550,1,0,1
34551,34550,34552,1,0,1
34553,34552,34554,1,0,1
33564,34555,34556,0,1,1
34544,34556,34557,0,0,1
34545,34557,34554,0,0,0
34375,34117,34558,0,0,1,213
34231,34376,34559,0,0,1
34560,34559,34561,1,0,1
34562,34561,34563,1,0,1
34564,34563,34565,1,0,1
34566,34565,34567,1,0,1
34568,34567,34569,1,0,1
34570,34569,34571,1,0,1
33731,34571,34558,0,0,0
34289,34246,34572,0,0,1,10952
34287,34572,34573,0,0,1
33621,34573,34574,0,0,1
33619,34574,34575,0,0,1
34576,34577,34578,1,1,1
34252,34578,34579,0,0,1
34250,34579,34580,0,0,1
34248,34580,34575,0,0,0
4015,4152,34581,0,0,1,1751
4013,34581,34582,0,0,1
4011,34582,34583,0,0,1
34584,34583,34585,1,0,1
34586,34587,34588,1,1,1
4017,4021,34589,0,0,1
34585,4018,34590,0,0,1
34588,34590,34589,0,0,0
34591,34592,34593,1,1,1,9174
34594,34593,34595,1,0,1
34596,34595,34597,1,0,1
34598,34597,34599,1,0,1
34600,34601,34602,1,1,1
34603,34604,34605,1,1,1
34606,34607,34608,1,1,1
34609,34610,34611,1,1,1
34612,34611,34613,1,0,1
34614,34613,34615,1,0,1
34616,34615,34617,1,0,1
34618,34619,34620,1,1,1
34621,34620,34622,1,0,1
34602,34599,34623,0,0,1
34624,34623,34625,1,0,1
34626,34625,34627,1,0,1
34617,34608,34628,0,0,1
34627,34622,34629,0,0,1
34605,34629,34628,0,0,0
34630,34631,34632,1,1,1,9173
34633,34632,34634,1,0,1
34635,34634,34636,1,0,1
34594,34636,34637,0,0,1
34591,34637,34638,0,0,1
34553,34555,34639,0,0,1,10453
34549,34551,34640,0,0,1
34641,34640,34642,1,0,1
34643,34642,34644,1,0,1
34645,34644,34646,1,0,1
34647,34646,34648,1,0,1
34649,34648,34650,1,0,1
34528,34650,34651,0,0,1
34219,34222,34652,0,0,1
34639,34217,34653,0,0,1
34651,34653,34652,0,0,0
34570,33733,34654,0,0,1,2261
34655,34654,34656,1,0,1
34641,34657,34658,0,1,1
34547,34658,34659,0,0,1
33737,34659,34660,0,0,1
33738,34660,34661,0,0,1
33753,34661,34662,0,0,1
33735,34662,34656,0,0,0
34663,34664,34665,1,1,1,8405
34666,34665,34667,1,0,1
34668,34667,34669,1,0,1
34670,34669,34671,1,0,1
34672,34671,34673,1,0,1
34674,34673,34675,1,0,1
32064,32057,34676,0,0,1,5074
34677,34676,34678,1,0,1
34679,34678,32056,1,0,0
32902,32904,34680,0,0,1,1746
33960,32899,34681,0,0,1
34682,34681,34683,1,0,1
34684,34683,34685,1,0,1
32909,34686,34687,0,1,1
32906,34687,34688,0,0,1
34680,32907,34689,0,0,1
34685,34689,34688,0,0,0
34186,33895,34690,0,0,1,1736
33629,34690,34691,0,0,1
33627,33630,34692,0,0,1
34284,34692,34693,0,0,1
34282,34693,34694,0,0,1
33900,34694,34695,0,0,1
33897,34695,34691,0,0,0
34696,34310,34697,1,0,1,9176
34698,34697,34699,1,0,1
34700,34699,34701,1,0,1
34702,34701,34703,1,0,1
34704,34705,34706,1,1,1
34707,34706,34708,1,0,1
34709,34708,34710,1,0,1
34711,34712,34713,1,1,1
34438,34714,34715,0,1,1
33410,34715,34716,0,0,1
34005,33411,34717,0,0,1
34710,34703,34718,0,0,1
34713,34718,34719,0,0,1
34716,34719,34717,0,0,0
34478,33694,34720,0,0,1,14038
34476,34720,34721,0,0,1
34474,34721,34722,0,0,1
34450,34722,34723,0,0,1
34320,34447,34724,0,0,1
34318,34321,34725,0,0,1
34723,34725,34724,0,0,0
34726,34727,34728,1,1,1,43216
34729,34730,34731,1,1,1
34732,34731,34733,1,0,1
34734,34733,34735,1,0,1
34736,34735,34737,1,0,1
34738,34737,34728,1,0,0
34621,34739,34740,0,1,1,17365
34741,34740,34742,1,0,1
34743,34744,34745,1,1,1
34510,34514,34746,0,0,1
34508,34511,34747,0,0,1
34742,34747,34748,0,0,1
34745,34748,34746,0,0,0
34540,33543,34749,0,1,1,1748
34538,34749,34750,0,0,1
34751,34750,34752,1,0,1
33537,33535,34753,1,1,1
33540,34753,34754,1,0,1
34752,33539,34755,0,1,1
33533,34755,34754,1,0,0
34229,33110,34756,1,0,1,212
34232,34756,34757,1,0,1
34560,34757,34758,1,0,1
34562,34758,34759,1,0,1
34760,34564,34761,1,1,1
34762,34761,34763,1,0,1
34764,34763,34765,1,0,1
34766,34765,34767,1,0,1
34768,34767,34759,1,0,0
34769,3905,34770,1,0,1,983
34771,34770,34772,1,0,1
34773,34772,34774,1,0,1
34775,34774,34776,1,0,1
34777,34776,34778,1,0,1
3911,34779,34780,0,1,1
3907,34780,34781,0,0,1
3908,34781,34778,0,0,0
34782,3903,34783,1,0,1,982
34784,34783,34785,1,0,1
34786,34785,34787,1,0,1
34788,34789,34790,1,1,1
34791,34792,34793,1,1,1
34794,34795,34796,1,1,1
34797,34798,34799,1,1,1
34800,34801,34802,1,1,1
32097,34802,34803,1,0,1
32096,34803,34804,1,0,1
34805,34804,34806,1,0,1
34807,34806,34808,1,0,1
34809,34810,34811,1,1,1
34812,34811,34813,1,0,1
34814,34815,34816,1,1,1
34817,34816,34818,1,0,1
32109,34819,34820,1,1,1
32231,34820,34821,1,0,1
32112,34821,34822,1,0,1
32111,34822,34823,1,0,1
3914,34824,34825,0,1,1
3910,34825,34826,0,0,1
34779,34826,34827,0,0,1
34775,34777,34828,0,0,1
34771,34773,34829,0,0,1
34787,34769,34830,0,0,1
34831,34830,34832,1,0,1
34790,34832,34833,0,0,1
34799,34796,34834,0,0,1
34808,34834,34835,0,0,1
34813,34835,34836,0,0,1
34837,34836,34838,1,0,1
34818,34838,34839,0,0,1
34823,34840,34841,0,1,1
34828,34827,34842,0,0,1
34829,34842,34843,0,0,1
34833,34843,34844,0,0,1
34845,34844,34846,1,0,1
34847,34846,34848,1,0,1
34839,34793,34849,0,0,1
34841,34849,34848,0,0,0
32094,3901,34850,1,0,1,9174
34800,34850,34851,0,0,1
34801,34851,34852,0,0,1
34797,34852,34853,0,0,1
34794,34798,34854,0,0,1
34791,34795,34855,0,0,1
34847,34792,34856,0,0,1
34845,34856,34857,0,0,1
34788,34857,34858,0,0,1
34831,34789,34859,0,0,1
34784,34786,34860,0,0,1
34853,34782,34861,0,0,1
34854,34861,34862,0,0,1
34855,34862,34863,0,0,1
34858,34863,34864,0,0,1
34859,34864,34860,0,0,0
34341,34865,34866,0,1,1,10453
34498,34866,34867,0,0,1
4752,34867,34868,1,0,1
4758,4756,34869,1,1,1
34870,34869,34871,1,0,1
34872,34871,34873,1,0,1
34874,34873,34875,1,0,1
34876,34877,34878,1,1,1
34734,34879,34880,0,1,1
34732,34880,34881,0,0,1
34729,34881,34882,0,0,1
34868,34882,34883,0,0,1
34875,4754,34884,0,1,1
34878,34884,34883,0,0,0
34618,34741,34885,0,0,1,9175
34619,34885,34886,0,0,1
34887,34888,34889,1,1,1
34890,34889,34891,1,0,1
34892,34891,34893,1,0,1
34894,34895,34896,1,1,1
34743,34896,34897,0,0,1
34744,34897,34898,0,0,1
34886,34898,34893,0,0,0
34899,34900,34901,1,1,1,981
34902,34901,34630,1,0,0
34903,34568,34904,1,0,1,981
34905,34906,34907,1,1,1
34643,34907,34908,0,0,1
34657,34908,34909,0,0,1
34655,34909,34904,0,0,0
32780,33980,34910,0,0,1,977
32776,34910,34911,0,0,1
32773,32777,34912,0,0,1
34913,34912,34914,1,0,1
34915,34914,34916,1,0,1
33950,34916,34917,0,0,1
33947,34917,34911,0,0,0
34416,34420,34918,0,0,1,10439
34919,34918,34920,1,0,1
32101,32099,34921,1,1,1,10966
32104,34921,34922,1,0,1
32214,32103,34923,1,1,1
34924,32107,34925,1,1,1
34926,34925,34927,1,0,1
34928,34929,34930,1,1,1
34931,34930,34932,1,0,1
34933,34934,34935,1,1,1
34805,34936,34937,0,1,1
34922,34937,34938,0,0,1
34923,34938,34939,0,0,1
34927,34939,34940,0,0,1
34932,34940,34935,0,0,0
33910,34009,34941,0,0,1,2776
34942,33911,34943,1,0,1
34944,34943,34945,1,0,1
34946,34947,34948,1,1,1
34949,34950,34951,1,1,1
34019,34951,34952,0,0,1
34015,34952,34953,0,0,1
34013,34016,34954,0,0,1
34941,34011,34955,0,0,1
34945,34955,34956,0,0,1
34948,34956,34957,0,0,1
34953,34957,34954,0,0,0
34958,34959,34960,1,1,1,8407
34961,34962,34963,1,1,1
34964,34963,34965,1,0,1
34966,34965,34967,1,0,1
34968,34967,34969,1,0,1
34970,34969,34971,1,0,1
34972,34973,34974,1,1,1
34975,34974,34976,1,0,1
34087,34976,34977,0,0,1
33844,34977,34978,0,0,1
33840,34978,34979,0,0,1
34960,34979,34971,0,0,0
34516,34352,34980,0,0,1,9942
34894,34513,34981,0,0,1
34982,34981,34983,1,0,1
34984,34983,34985,1,0,1
34986,34985,34987,1,0,1
34988,34987,34989,1,0,1
34356,34989,34990,0,0,1
34354,34990,34980,0,0,0
34670,34991,34992,0,1,1,10965
34993,34668,34994,1,0,1
34995,34996,34997,1,1,1
34998,34999,35000,1,1,1
35001,35000,35002,1,0,1
35003,35004,35005,1,1,1
35006,35005,35007,1,0,1
35008,35009,35010,1,1,1
35011,35010,35012,1,0,1
35013,35012,35014,1,0,1
35015,35016,35017,1,1,1
35018,35017,35019,1,0,1
35020,35019,35021,1,0,1
35022,35021,35023,1,0,1
35024,35025,35026,1,1,1
34992,35026,35027,0,0,1
34994,35027,35028,0,0,1
35002,34997,35029,0,0,1
35014,35007,35030,0,0,1
35023,35030,35031,0,0,1
35028,35031,35029,0,0,0
35032,35033,35034,1,1,1,8406
35035,35036,35037,1,1,1
35038,35039,35040,1,1,1
35041,35040,35042,1,0,1
35043,35042,35044,1,0,1
35045,35044,35046,1,0,1
35047,35046,35048,1,0,1
35049,35048,35050,1,0,1
35051,35050,35052,1,0,1
35053,35052,35054,1,0,1
35055,35054,35056,1,0,1
35034,35057,35058,0,1,1
35056,35037,35059,0,0,1
35060,35059,35061,1,0,1
35062,35061,35058,1,0,0
35063,35064,35065,1,1,1,16597
35066,35065,35067,1,0,1
35038,35067,35068,0,0,1
35039,35068,35069,0,0,1
35035,35069,35070,0,0,1
35036,35070,35071,0,0,1
35032,35071,35072,0,0,1
35073,35074,35075,1,1,1,11218
35076,35075,35077,1,0,1
35078,35077,35079,1,0,1
35080,35081,35082,1,1,1
35041,35083,35084,0,1,1
35066,35084,35085,0,0,1
35063,35085,35086,0,0,1
35079,35086,35082,0,0,0
35087,35088,35089,1,1,1,979
35090,35091,35092,1,1,1
35093,35092,35094,1,0,1
35095,35094,35096,1,0,1
35097,35096,35098,1,0,1
35099,35100,35101,1,1,1
35102,35101,35103,1,0,1
32430,35104,35105,0,1,1
35106,35105,35107,1,0,1
35108,35107,35109,1,0,1
35089,35109,35110,0,0,1
35098,35110,35103,0,0,0
33957,34682,35111,0,0,1,5074
35112,35113,35114,1,1,1
35115,35114,35116,1,0,1
35117,35116,35118,1,0,1
35119,35120,35121,1,1,1
35122,35121,35123,1,0,1
32023,35123,35124,1,0,1
34686,35124,35125,0,0,1
34684,35125,35126,0,0,1
35111,35126,35118,0,0,0
33949,33952,35127,0,0,1,3026
34915,35127,35128,0,0,1
35129,35128,35130,1,0,1
35131,35130,35132,1,0,1
35133,35132,35134,1,0,1
35112,35135,35136,0,1,1
35113,35136,35137,0,0,1
33958,35137,35138,0,0,1
33954,35138,35139,0,0,1
35134,33955,35140,0,0,1
35141,35140,35139,1,0,0
35142,34444,35143,1,0,1,1752
35144,35143,35145,1,0,1
35146,35145,35147,1,0,1
35148,35147,35149,1,0,1
35150,35151,35152,1,1,1
35153,35152,35154,1,0,1
4486,35154,35155,0,0,1
4484,35155,35149,0,0,0
34714,34440,35156,0,0,1,984
34711,35156,35157,0,0,1
34712,35157,35158,0,0,1
34709,35158,35159,0,0,1
35160,34707,35161,1,0,1
35142,35161,35162,0,0,1
34442,35162,35159,0,0,0
4008,34584,35163,0,0,1,1752
35164,35163,35165,1,0,1
35166,35165,35167,1,0,1
35168,35167,35169,1,0,1
35170,35169,35171,1,0,1
35172,35171,35173,1,0,1
35174,35175,35176,1,1,1
35177,35176,35178,1,0,1
35179,35178,35180,1,0,1
35181,35180,35182,1,0,1
35183,35182,35184,1,0,1
34587,35184,35173,0,0,0
35185,32173,35186,1,0,1,1750
35187,35186,35188,1,0,1
35189,35188,35190,1,0,1
35191,35190,35192,1,0,1
35193,35192,32177,1,0,0
35194,35195,35196,1,1,1,1749
35197,35196,35198,1,0,1
35199,35198,35200,1,0,1
35201,35200,35202,1,0,1
35203,35202,35204,1,0,1
35205,35206,35207,1,1,1
35208,35209,35210,1,1,1
35211,35210,35212,1,0,1
35213,35212,35214,1,0,1
35215,35214,35216,1,0,1
35204,35217,35218,0,1,1
35207,35218,35216,0,0,0
34460,35219,35220,0,1,1,1750
35221,35220,35222,1,0,1
35206,35223,35224,1,1,1
35209,35205,35225,1,1,1
35222,35208,35226,0,1,1
35224,35226,35225,0,0,0
33261,33908,35227,0,0,1,1752
35228,35227,35229,1,0,1
35230,35229,35231,1,0,1
35232,35231,35233,1,0,1
35234,35235,35236,1,1,1
35237,35236,35238,1,0,1
35239,35238,35240,1,0,1
35241,35242,35243,1,1,1
35244,35245,35246,1,1,1
35247,35246,35248,1,0,1
35249,35250,35251,1,1,1
35252,35253,35254,1,1,1
35255,35254,35256,1,0,1
35257,35256,35258,1,0,1
35259,35258,35260,1,0,1
35261,35260,35262,1,0,1
35263,35262,35264,1,0,1
35265,35266,35267,1,1,1
35268,35269,35270,1,1,1
34018,35270,35271,0,0,1
34949,35271,35272,0,0,1
34946,34950,35273,0,0,1
34944,34947,35274,0,0,1
35233,34942,35275,0,0,1
35240,35275,35276,0,0,1
35243,35276,35277,0,0,1
35248,35277,35278,0,0,1
35251,35278,35279,0,0,1
35264,35279,35280,0,0,1
35272,35267,35281,0,0,1
35273,35281,35282,0,0,1
35274,35282,35280,0,0,0
31608,31610,35283,0,0,1,1751
31604,31606,35284,0,0,1
35285,35284,35286,1,0,1
35287,35286,35288,1,0,1
35289,35288,35290,1,0,1
35291,35290,35292,1,0,1
35293,35292,35294,1,0,1
33028,33030,35295,0,0,1
35283,33026,35296,0,0,1
35294,35296,35295,0,0,0
34039,34041,35297,0,0,1,14038
34100,34037,35298,0,0,1
34098,35298,35299,0,0,1
34043,34047,35300,0,0,1
34044,35300,35301,0,0,1
35297,34070,35302,0,0,1
35299,35302,35301,0,0,0
34876,34879,35303,0,0,1,18645
34874,34877,35304,0,0,1
35305,35304,35306,1,0,1
35307,35306,35308,1,0,1
34736,35308,35303,0,0,0
34647,34649,35309,0,0,1,9942
34905,34645,35310,0,0,1
35311,35310,35312,1,0,1
35313,35312,35314,1,0,1
34530,35314,35315,0,0,1
34527,35315,35309,0,0,0
35316,34666,35317,1,0,1,10966
35062,35317,35318,0,0,1
35055,35060,35319,0,0,1
35053,35319,35320,0,0,1
35321,35320,35322,1,0,1
35323,35322,35324,1,0,1
35325,35324,35326,1,0,1
35327,35326,35328,1,0,1
35329,35328,35330,1,0,1
34999,35331,35332,0,1,1
34995,35332,35333,0,0,1
34996,35333,35334,0,0,1
35330,35318,35335,0,0,1
35334,35336,35337,0,1,1
35335,34993,35338,0,0,1
35339,35338,35337,1,0,0
35340,35341,35342,1,1,1,978
35119,35342,35343,1,0,1
35122,35343,35344,1,0,1
32020,35344,35345,0,0,1
32021,35345,35346,0,0,1
32018,35346,32016,0,0,0
33982,35347,35348,1,1,1,977
35349,35348,35350,1,0,1
35351,35352,35353,1,1,1
35354,35353,35355,1,0,1
35356,35357,35358,1,1,1
35359,35360,35361,1,1,1
35362,35361,35363,1,0,1
34402,35363,35364,0,0,1
34403,35364,35365,0,0,1
34400,35365,35366,0,0,1
35350,35367,35368,0,1,1
35355,35368,35369,0,0,1
35358,35369,35366,0,0,0
4501,4567,35370,0,0,1,1752
35371,35370,35372,1,0,1
35373,35372,35374,1,0,1
35375,35376,35377,1,1,1
35378,35377,35379,1,0,1
35380,35379,35381,1,0,1
35382,35383,35384,1,1,1
35385,35386,35387,1,1,1
35388,35387,35389,1,0,1
35390,35389,35391,1,0,1
35392,35393,35394,1,1,1
35395,35394,35396,1,0,1
35397,35396,35398,1,0,1
35399,35398,35400,1,0,1
35401,35400,35402,1,0,1
35403,35402,35404,1,0,1
4503,35404,35405,0,0,1
35374,4504,35406,0,0,1
35381,35406,35407,0,0,1
35408,35407,35409,1,0,1
35384,35409,35410,0,0,1
35391,35410,35405,0,0,0
33235,34295,35411,0,0,1,982
4030,35411,35412,0,0,1
4026,35412,35413,0,0,1
4027,35413,35414,0,0,1
4023,35414,35415,0,0,1
34299,35416,35417,0,1,1
35415,34297,35418,0,0,1
35419,35418,35417,1,0,0
34586,4020,35420,0,0,1,10967
35183,35420,35421,0,0,1
35422,35421,35423,1,0,1
35424,35423,35425,1,0,1
35426,35177,35427,1,0,1
35428,35429,35430,1,1,1
35431,35430,35432,1,0,1
35433,35434,35435,1,1,1
35436,35437,35438,1,1,1
35439,35440,35441,1,1,1
35442,35443,35444,1,1,1
35445,35446,35447,1,1,1
35448,35449,35450,1,1,1
35451,35450,35452,1,0,1
35453,35452,35454,1,0,1
35455,35454,35456,1,0,1
35457,35458,35459,1,1,1
35460,35461,35462,1,1,1
4119,35462,35463,0,0,1
35425,35463,35464,0,0,1
35427,35464,35465,0,0,1
35432,35465,35466,0,0,1
35438,35435,35467,0,0,1
35468,35467,35469,1,0,1
35447,35470,35471,0,1,1
35456,35471,35472,0,0,1
35466,35459,35473,0,0,1
35469,35473,35474,0,0,1
35475,35474,35476,1,0,1
35441,35476,35477,0,0,1
35472,35444,35478,0,0,1
35479,35478,35477,1,0,0
34933,34936,35480,0,0,1,2774
34931,34934,35481,0,0,1
35482,35481,35483,1,0,1
35484,35483,35485,1,0,1
34809,35485,35486,0,0,1
34807,34810,35487,0,0,1
35480,35487,35486,0,0,0
34025,34028,35488,0,0,1,2775
34021,34023,35489,0,0,1
35268,35489,35490,0,0,1
35265,35269,35491,0,0,1
35492,35266,35493,1,0,1
35494,35493,35495,1,0,1
35496,35495,35497,1,0,1
34469,35497,35498,0,0,1
34465,35498,35499,0,0,1
34466,35499,35500,0,0,1
34462,35500,35501,0,0,1
34463,35501,35502,0,0,1
35488,35502,35503,0,0,1
35490,35503,35491,0,0,0
33034,33038,35504,0,0,1,1751
35505,35504,35506,1,0,1
35507,35506,35508,1,0,1
35509,35508,35510,1,0,1
35511,35510,35512,1,0,1
35513,35512,35514,1,0,1
35515,35514,35516,1,0,1
35517,35518,35519,1,1,1
35520,35519,35521,1,0,1
35522,35521,35523,1,0,1
35524,35523,35525,1,0,1
35526,35525,35527,1,0,1
33037,35528,35529,0,1,1
35516,35529,35530,0,0,1
35527,35531,35532,0,1,1
33255,35532,35533,0,0,1
35534,35533,35530,1,0,0
33802,33805,35535,0,0,1,15061
35536,35537,35538,1,1,1
33714,35538,35539,0,0,1
33715,35539,35535,0,0,0
35540,35541,35542,1,1,1,16598
35305,35543,35544,0,1,1
35545,34872,35546,1,0,1
34961,35546,35547,0,0,1
34958,34962,35548,0,0,1
35542,35548,35549,0,0,1
35544,35549,35547,0,0,0
34892,34895,35550,0,0,1,9943
34890,35550,35551,0,0,1
35552,35553,35554,1,1,1
35555,35554,35556,1,0,1
34984,35556,35557,0,0,1
34982,35557,35551,0,0,0
35558,35559,35560,1,1,1,3025
35561,35558,35562,1,0,1
32774,35562,35563,1,0,1
34913,35563,35564,1,0,1
35129,35564,35565,1,0,1
35131,35565,35566,1,0,1
35133,35566,35567,1,0,1
35135,35141,35568,1,1,1
35117,35115,35569,1,1,1
35570,35569,35571,1,0,1
35572,35571,35573,1,0,1
35574,35573,35575,1,0,1
35576,35575,35577,1,0,1
35560,35577,35578,0,0,1
35567,35578,35568,0,0,0
33987,33985,35579,1,1,1,33744
33216,35579,35580,0,0,1
32552,35580,35581,1,0,1
35582,35581,35583,1,0,1
35584,35583,35585,1,0,1
35586,35585,35587,1,0,1
35588,35589,35590,1,1,1
35591,35590,35592,1,0,1
35593,35592,35594,1,0,1
35595,35594,35596,1,0,1
35597,35596,35598,1,0,1
35599,35598,35600,1,0,1
35601,35602,35603,1,1,1
35604,35603,35605,1,0,1
35606,35605,35607,1,0,1
35608,35607,35609,1,0,1
35610,35609,35611,1,0,1
35612,35611,35613,1,0,1
35614,35615,35616,1,1,1
35617,35616,35618,1,0,1
35619,35618,35620,1,0,1
35621,35620,35622,1,0,1
35623,35622,35624,1,0,1
35625,35624,35626,1,0,1
35627,35626,35628,1,0,1
35629,35628,35630,1,0,1
35631,35630,35632,1,0,1
35633,35632,35634,1,0,1
35635,35634,35636,1,0,1
35637,35636,35638,1,0,1
35639,35638,35640,1,0,1
35641,35642,35643,1,1,1
35644,35645,35646,1,1,1
35647,35648,35649,1,1,1
35650,35651,35652,1,1,1
35653,35654,35655,1,1,1
35656,35657,35658,1,1,1
35659,35660,35661,1,1,1
35351,35662,35663,0,1,1
35349,35352,35664,0,0,1
35587,35664,35665,0,0,1
35600,35665,35666,0,0,1
35613,35666,35667,0,0,1
35643,35640,35668,0,0,1
35646,35668,35669,0,0,1
35649,35669,35670,0,0,1
35655,35652,35671,0,0,1
35658,35671,35672,0,0,1
35661,35672,35673,0,0,1
35663,35673,35674,0,0,1
35667,35674,35670,0,0,0
34277,34429,35675,0,0,1,2759
34263,34267,35676,0,0,1
35677,35676,35678,1,0,1
35679,35680,35681,1,1,1
34433,35681,35682,0,0,1
35675,34431,35683,0,0,1
34266,35683,35684,0,0,1
35678,35684,35682,0,0,0
35685,34256,35686,1,0,1,10952
35687,35686,35688,1,0,1
35689,35690,35691,1,1,1
35692,35691,35693,1,0,1
35694,35693,35695,1,0,1
35696,35695,35697,1,0,1
35698,35697,35699,1,0,1
35700,35699,35701,1,0,1
34260,35701,35702,0,0,1
34261,35702,35703,0,0,1
34258,35703,35688,0,0,0
34576,34254,35704,0,0,1,2760
33617,34577,35705,0,0,1
33615,35705,35706,0,0,1
35707,33613,35708,1,0,1
35709,35708,35710,1,0,1
35690,35710,35711,0,0,1
35687,35711,35712,0,0,1
35685,35712,35713,0,0,1
35704,35713,35706,0,0,0
33918,33250,35714,0,0,1,9175
35528,35714,35715,0,0,1
35534,35715,33253,0,0,0
33470,31602,35716,0,0,1,10967
35717,33467,35718,1,0,1
35719,35720,35721,1,1,1
35722,35723,35724,1,1,1
35725,35726,35727,1,1,1
35728,35727,35729,1,0,1
35730,35729,35731,1,0,1
35732,35733,35734,1,1,1
35735,35736,35737,1,1,1
35509,35737,35738,0,0,1
35507,35738,35739,0,0,1
35740,35739,35741,1,0,1
35742,35741,35743,1,0,1
35744,35743,35745,1,0,1
35746,35747,35748,1,1,1
35749,35750,35751,1,1,1
35752,35751,35753,1,0,1
35754,35753,35755,1,0,1
35756,35757,35758,1,1,1
35759,35760,35761,1,1,1
35762,35763,35764,1,1,1
35765,35766,35767,1,1,1
35285,35767,35768,0,0,1
35716,35768,35769,0,0,1
35718,35769,35770,0,0,1
35731,35724,35771,0,0,1
35745,35772,35773,0,1,1
35748,35773,35774,0,0,1
35764,35761,35775,0,0,1
35770,35775,35776,0,0,1
35721,35776,35777,0,0,1
35774,35734,35778,0,0,1
35755,35778,35779,0,0,1
35777,35780,35781,0,1,1
35779,35771,35782,0,0,1
35783,35782,35784,1,0,1
35781,35758,35785,0,0,1
35786,35785,35784,1,0,0
33717,33492,35787,0,0,1,10966
35536,35787,35788,0,0,1
35789,35788,35790,1,0,1
35791,35790,35792,1,0,1
35793,35792,35794,1,0,1
35795,35794,35796,1,0,1
35797,35796,35798,1,0,1
35799,35798,35800,1,0,1
35801,35802,35803,1,1,1
35804,35803,35805,1,0,1
35723,35806,35807,0,1,1
35786,35807,35808,0,0,1
35717,35720,35809,0,0,1
33468,35809,35810,0,0,1
35800,35810,35811,0,0,1
35808,35805,35812,0,0,1
35719,35812,35811,0,0,0
34057,33803,35813,0,0,1,1749
35814,35815,35816,1,1,1
35817,35816,35818,1,0,1
35819,35818,35820,1,0,1
35821,35822,35823,1,1,1
35824,35825,35826,1,1,1
35827,35828,35829,1,1,1
35830,35831,35832,1,1,1
35833,35832,35834,1,0,1
35835,35834,35836,1,0,1
35791,35836,35837,0,0,1
35537,35789,35838,0,0,1
35813,35838,35839,0,0,1
35823,35820,35840,0,0,1
35826,35840,35841,0,0,1
35842,35841,35843,1,0,1
35829,35843,35844,0,0,1
35837,35844,35839,0,0,0
34360,34364,35845,0,0,1,10453
35846,35845,35847,1,0,1
35848,35847,35849,1,0,1
4748,35849,34496,1,0,0
35850,34988,35851,1,0,1,10454
35852,35851,35853,1,0,1
35854,35855,35856,1,1,1
35857,35856,35858,1,0,1
35859,4740,35860,1,1,1
35861,35862,35863,1,1,1
35848,4745,35864,0,1,1
34361,35846,35865,0,0,1
35853,34358,35866,0,0,1
35858,35866,35867,0,0,1
35860,35867,35868,0,0,1
35863,35868,35869,0,0,1
35864,35869,35865,0,0,0
35555,34986,35870,0,0,1,10455
35552,35870,35871,0,0,1
34887,35553,35872,0,0,1
34616,34888,35873,0,0,1
35874,34614,35875,1,0,1
35876,35875,35877,1,0,1
35878,35877,35879,1,0,1
35855,35880,35881,0,1,1
35852,35881,35882,0,0,1
35850,35882,35883,0,0,1
35871,35883,35884,0,0,1
35872,35884,35885,0,0,1
35873,35885,35879,0,0,0
34600,34624,35886,0,0,1,982
34601,35886,35887,0,0,1
35888,35887,35889,1,0,1
35890,35889,35891,1,0,1
34606,34610,35892,0,0,1
34603,34607,35893,0,0,1
34626,34604,35894,0,0,1
35892,35891,35895,0,0,1
35893,35895,35894,0,0,0
35896,34902,35897,1,0,1,10453
35898,35897,35899,1,0,1
35900,35901,35902,1,1,1
35903,35902,35904,1,0,1
35905,35904,35906,1,0,1
34596,35906,35907,0,0,1
34635,35907,35908,0,0,1
34633,35908,35899,0,0,0
34126,34382,35909,0,0,1,5073
35102,35104,35910,0,0,1,9172
35911,35910,35912,1,0,1
35913,35912,35914,1,0,1
35915,35914,35916,1,0,1
35917,35916,35918,1,0,1
35919,35918,35920,1,0,1
35921,35920,35922,1,0,1
35923,35922,35924,1,0,1
35925,35924,35926,1,0,1
35927,35926,35928,1,0,1
35929,35928,32432,1,0,0
35930,35931,35932,1,1,1,5073
35933,35934,35935,1,1,1
35936,35935,35937,1,0,1
35938,35939,35940,1,1,1
35941,35942,35943,1,1,1
35944,35943,35945,1,0,1
35946,35945,35947,1,0,1
35948,35949,35950,1,1,1
35951,35950,35952,1,0,1
35953,35952,35954,1,0,1
35955,35954,35956,1,0,1
35957,35956,35958,1,0,1
35093,35958,35959,1,0,1
35960,35959,35961,1,0,1
35932,35961,35962,0,0,1
35937,35962,35963,0,0,1
35947,35940,35964,0,0,1
35965,35964,35963,1,0,0
4510,4512,35966,0,0,1,3031
35403,4506,35967,0,0,1
35968,35967,35969,1,0,1
35970,35969,35971,1,0,1
35972,35971,35973,1,0,1
35966,33433,35974,0,0,1
4508,35974,35973,0,0,0
35181,35422,35975,0,0,1,10968
35179,35975,35424,0,0,0
35484,34812,35976,0,0,1,981
35977,35976,35978,1,0,1
35979,35980,35981,1,1,1
35982,35983,35984,1,1,1
35985,35986,35987,1,1,1
35988,35989,35990,1,1,1
34819,35991,35992,0,1,1
34840,35992,35993,0,0,1
34817,35993,35994,0,0,1
34814,35994,35995,0,0,1
34837,34815,35996,0,0,1
35978,35996,35997,0,0,1
35981,35997,35998,0,0,1
35984,35998,35999,0,0,1
35987,35999,36000,0,0,1
35990,36000,35995,0,0,0
34928,35482,36001,0,0,1,2773
36002,36001,36003,1,0,1
36004,36005,36006,1,1,1
35985,35989,36007,0,0,1
35982,35986,36008,0,0,1
35979,35983,36009,0,0,1
35977,35980,36010,0,0,1
36003,36010,36011,0,0,1
36007,36006,36012,0,0,1
36008,36012,36013,0,0,1
36009,36013,36011,0,0,0
33259,35228,36014,0,0,1,9944
36015,36014,36016,1,0,1
36017,36016,36018,1,0,1
36019,36018,36020,1,0,1
36021,36020,36022,1,0,1
36023,36022,36024,1,0,1
36025,36024,36026,1,0,1
36027,36026,36028,1,0,1
36029,36028,36030,1,0,1
36031,36032,36033,1,1,1
35235,36033,36034,0,0,1
35232,36034,36035,0,0,1
35230,36035,36030,0,0,0
35765,35287,36036,0,0,1,2775
35749,36036,36037,0,0,1
35750,36037,36038,0,0,1
35744,35747,36039,0,0,1
35740,35742,36040,0,0,1
35505,36040,36041,0,0,1
36042,36041,36043,1,0,1
36044,36043,36045,1,0,1
36046,36045,36047,1,0,1
36048,36047,36049,1,0,1
36050,36049,36051,1,0,1
35291,36052,36053,0,1,1
36038,35289,36054,0,0,1
36051,36039,36055,0,0,1
36054,36053,36056,0,0,1
35746,36056,36055,0,0,0
36057,36058,36059,1,1,1,9173
36060,36061,36062,1,1,1
36063,36062,36064,1,0,1
36065,36064,36066,1,0,1
36067,36066,36068,1,0,1
35900,36068,36069,0,0,1
35898,35901,36070,0,0,1
36059,36070,36069,0,0,0
36071,32554,36072,1,1,1,32976
36073,36072,36074,1,0,1
36075,36074,36076,1,0,1
36077,36078,36079,1,1,1
36080,36081,36082,1,1,1
36083,36084,36085,1,1,1
36086,36085,36087,1,0,1
36088,36087,36089,1,0,1
36090,36089,36091,1,0,1
36092,36091,36093,1,0,1
36094,36095,36096,1,1,1
36097,36098,36099,1,1,1
35588,36099,36100,0,0,1
35589,36100,36101,0,0,1
35586,36101,36102,0,0,1
35584,36102,36103,0,0,1
35582,36103,36104,0,0,1
36076,36104,36105,0,0,1
36082,36079,36106,0,0,1
36093,36106,36107,0,0,1
36096,36107,36108,0,0,1
36109,36108,36105,1,0,0
36110,36111,36112,1,1,1,37072
32519,36112,36113,1,0,1
36114,36113,36115,1,0,1
36116,36115,36117,1,0,1
36118,36119,36120,1,1,1
36078,36121,36122,0,1,1
36075,36122,36123,0,0,1
36073,36123,36124,0,0,1
32506,36071,36125,1,0,1
36117,36126,36127,0,1,1
36120,36128,36129,0,1,1
36124,36130,36131,0,1,1
36125,36131,36132,0,0,1
32505,36132,36133,1,0,1
36127,36133,36129,0,0,0
34417,34919,36134,0,0,1,9927
35679,34435,36135,0,0,1
35677,35680,36136,0,0,1
34264,36136,36137,0,0,1
35700,36137,36138,0,0,1
35698,36138,36139,0,0,1
36140,36139,36141,1,0,1
36142,36141,36143,1,0,1
36144,36143,36145,1,0,1
36134,36145,36135,0,0,0
33451,33598,36146,0,0,1,1736
36147,36146,36148,1,0,1
36149,36150,36151,1,1,1
33441,36152,36153,0,1,1
33439,36153,36154,0,0,1
36155,36154,36156,1,0,1
36157,36156,36158,1,0,1
36159,36160,36161,1,1,1
36162,36163,36164,1,1,1
36165,36166,36167,1,1,1
36168,36169,36170,1,1,1
36171,36172,36173,1,1,1
36174,36175,36176,1,1,1
36177,36176,36178,1,0,1
36179,36178,36180,1,0,1
36181,36180,36182,1,0,1
36183,36182,36184,1,0,1
36185,36186,36187,1,1,1
33600,36187,36188,0,0,1
36148,36188,36189,0,0,1
36151,36189,36190,0,0,1
36158,36190,36191,0,0,1
36164,36161,36192,0,0,1
36193,36192,36194,1,0,1
36195,36194,36196,1,0,1
36197,36196,36198,1,0,1
36170,36167,36199,0,0,1
36184,36173,36200,0,0,1
36198,36191,36201,0,0,1
36199,36201,36200,0,0,0
33447,33449,36202,0,0,1,1735
33443,33445,36203,0,0,1
36152,36203,36204,0,0,1
36149,36204,36205,0,0,1
36150,36205,36206,0,0,1
36147,36206,36202,0,0,0
35972,33435,36207,0,0,1,3016
36208,36207,36209,1,0,1
35395,36210,36211,0,1,1
36212,36211,36213,1,0,1
36214,36213,36215,1,0,1
36216,36217,36218,1,1,1
36219,36218,36220,1,0,1
36221,36220,36222,1,0,1
36160,36222,36223,0,0,1
36157,36223,36224,0,0,1
36155,36224,36225,0,0,1
33437,36225,36226,0,0,1
36209,36226,36215,0,0,0
4005,4009,36227,0,0,1,2776
36228,36227,36229,1,0,1
36230,36229,35164,1,0,0
34926,34929,36231,0,0,1,10965
34924,36231,36232,0,0,1
35991,32106,36233,0,1,1
35988,36233,36234,0,0,1
36004,36234,36235,0,0,1
36002,36005,36236,0,0,1
36232,36236,36235,0,0,0
36052,35293,36237,0,0,1,2776
36050,36237,36238,0,0,1
36048,36238,36239,0,0,1
36046,36239,36240,0,0,1
36042,36044,36241,0,0,1
33035,36241,36242,0,0,1
33032,36242,36240,0,0,0
34089,34091,36243,0,0,1,9942
34975,36243,36244,0,0,1
36245,36244,36246,1,0,1
36247,36246,36248,1,0,1
36249,36248,36250,1,0,1
36251,36252,36253,1,1,1
36254,36253,36255,1,0,1
36256,36257,36258,1,1,1
34093,36258,36259,0,0,1
36250,36259,36255,0,0,0
36260,35146,36261,1,0,1,9176
36262,36263,36264,1,1,1
36265,36264,36266,1,0,1
36267,36268,36269,1,1,1
36270,36269,36271,1,0,1
36272,36271,36273,1,0,1
36274,36273,36275,1,0,1
35151,36275,36276,0,0,1
36261,35148,36277,0,0,1
36266,36277,36276,0,0,0
34704,35160,36278,0,0,1,9175
34702,34705,36279,0,0,1
36280,34700,36281,1,0,1
36282,36281,36283,1,0,1
36284,36283,36285,1,0,1
36262,36285,36286,0,0,1
36263,36286,36287,0,0,1
36260,36287,36288,0,0,1
35144,36288,36289,0,0,1
36278,36289,36279,0,0,0
35496,34468,36290,0,0,1,2776
35494,36290,36291,0,0,1
35492,36291,36292,0,0,1
35263,36292,36293,0,0,1
35261,36293,36294,0,0,1
36295,36294,36296,1,0,1
36297,36298,36299,1,1,1
36300,36299,36296,1,0,0
35526,33257,36301,0,0,1,14039
36302,35522,36303,1,0,1
36304,36303,36305,1,0,1
36025,36027,36306,0,0,1
36021,36023,36307,0,0,1
36017,36019,36308,0,0,1
36301,36015,36309,0,0,1
35524,36309,36310,0,0,1
36306,36305,36311,0,0,1
36307,36311,36312,0,0,1
36308,36312,36310,0,0,0
34870,35545,36313,0,0,1,8405
4760,36313,36314,1,0,1
36315,36314,36316,1,0,1
36317,36316,36318,1,0,1
36319,36320,36321,1,1,1
36247,36249,36322,0,0,1
36323,36322,36324,1,0,1
34964,36325,36326,0,1,1
36318,36326,36327,0,0,1
36324,36321,36328,0,0,1
36329,36328,36327,1,0,0
34598,35888,36330,0,0,1,10454
35905,36330,36331,0,0,1
36067,35903,36332,0,0,1
36333,36065,36334,1,0,1
36335,36334,36336,1,0,1
36337,36336,36338,1,0,1
34609,36338,36339,0,0,1
36331,35890,36340,0,0,1
36332,36340,36339,0,0,0
34536,36341,36342,1,1,1,41936
34751,36342,36343,1,0,1
33531,36343,36344,0,0,1
33529,36344,36345,0,0,1
34906,36346,36347,1,1,1,1748
35311,36347,36348,1,0,1
36349,36348,36350,1,0,1
36351,36350,36352,1,0,1
36353,36346,36354,1,0,1,18133
36355,36354,36356,1,0,1
36357,36356,36358,1,0,1
34762,36358,36359,0,0,1
34760,36359,36360,0,0,1
34566,36360,34903,1,0,1
35080,35083,36361,0,0,1,9941
36362,35081,36363,1,0,1
36364,36365,36366,1,1,1
36367,36366,36368,1,0,1
35043,36368,36369,0,0,1
36361,36369,36363,0,0,0
35929,32434,36370,0,0,1,9939
35925,35927,36371,0,0,1
36372,36371,36373,1,0,1
36374,36373,36375,1,0,1
36376,36375,36377,1,0,1
36378,36377,36379,1,0,1
34391,36379,36380,1,0,1
34393,36380,36381,1,0,1
32436,36381,36370,0,0,0
35099,35911,36382,0,0,1,5074
35095,35097,36383,0,0,1
35960,36383,36384,1,0,1
35931,36384,36385,1,0,1
35930,36385,36386,1,0,1
35934,36386,36387,1,0,1
36388,36387,36389,1,0,1
36382,35913,36390,0,0,1
35100,36390,36389,0,0,0
35968,35970,36391,0,0,1,3032
35401,36391,36392,0,0,1
35399,36392,36393,0,0,1
35397,36393,36394,0,0,1
36210,36394,36208,0,0,0
35153,4565,36395,0,0,1,2775
35150,36395,36396,0,0,1
36397,36274,36398,1,0,1
4488,36399,36400,0,1,1
36396,4489,36401,0,0,1
36398,36401,36400,0,0,0
34308,34696,36402,0,0,1,42704
34306,36402,36403,0,0,1
36404,36403,36405,1,0,1
36406,36405,36407,1,0,1
36280,36407,34698,0,0,0
35762,35766,36408,0,0,1,2775
35759,35763,36409,0,0,1
35780,35760,36410,0,0,1
35756,36410,36411,0,0,1
35757,36411,36412,0,0,1
35783,36412,36413,0,0,1
35754,36413,36414,0,0,1
35752,36414,36415,0,0,1
36408,36415,36409,0,0,0
36416,36417,36418,1,1,1,9941
35022,36419,36420,1,1,1
35025,36420,36421,1,0,1
36422,36421,36423,1,0,1
36424,36423,36425,1,0,1
36426,36425,36427,1,0,1
36428,36429,36430,1,1,1
36418,36430,36427,0,0,0
36367,35045,36431,0,0,1,8405
36432,36431,36433,1,0,1
36434,36435,36436,1,1,1
36437,36436,36438,1,0,1
36439,36438,36440,1,0,1
36441,36440,36442,1,0,1
35049,36443,36444,0,1,1
35047,36444,36445,0,0,1
36433,36445,36442,0,0,0
36446,35078,36447,1,0,1,9940
36448,36447,36449,1,0,1
36450,36451,36452,1,1,1
36453,36454,36455,1,1,1
36456,36457,36458,1,1,1
36459,36458,36460,1,0,1
36461,36460,36462,1,0,1
36463,36462,36464,1,0,1
36465,36466,36467,1,1,1
36468,36467,36469,1,0,1
36470,36469,36471,1,0,1
36472,36473,36474,1,1,1
36475,36474,36476,1,0,1
36477,36476,36478,1,0,1
36479,36478,36480,1,0,1
36481,36480,36482,1,0,1
36483,36482,36484,1,0,1
36485,36484,36486,1,0,1
36487,36486,36488,1,0,1
36489,36490,36491,1,1,1
36492,36493,36494,1,1,1
36495,36494,36496,1,0,1
36435,36496,36497,0,0,1
36432,36497,36498,0,0,1
36364,36498,36499,0,0,1
36365,36499,36500,0,0,1
36362,36500,36501,0,0,1
36471,36464,36502,0,0,1
36488,36503,36504,0,1,1
36501,36491,36505,0,0,1
36449,36505,36506,0,0,1
36452,36506,36507,0,0,1
36502,36455,36508,0,0,1
36504,36508,36509,0,0,1
36510,36509,36507,1,0,0
36511,36512,36513,1,1,1,978
36514,36513,36515,1,0,1
36516,36517,36518,1,1,1
36519,36520,36521,1,1,1
36448,36522,36523,1,1,1
36451,36523,36524,1,0,1
36525,36524,36526,1,0,1
36527,36526,36528,1,0,1
36529,36528,36530,1,0,1
36531,36532,36533,1,1,1
36534,36533,36535,1,0,1
36515,36535,36536,0,0,1
36518,36536,36537,0,0,1
36521,36537,36530,0,0,0
36388,35915,36538,0,0,1,9170
35939,35936,36539,1,1,1
35942,35938,36540,1,1,1
35921,36540,36541,0,0,1
35919,36541,36542,0,0,1
36538,35917,36543,0,0,1
35933,36543,36544,1,0,1
36539,36544,36542,0,0,0
4024,35419,36545,0,0,1,9943
35460,36545,36546,0,0,1
35461,36546,36547,0,0,1
35457,36547,36548,0,0,1
34301,34304,36549,0,0,1
36548,35416,36550,0,0,1
36551,36550,36549,1,0,0
35185,32174,36552,1,1,1,214
36553,36554,36555,1,1,1
36556,36555,36557,1,0,1
36558,36557,36559,1,0,1
32168,36559,36560,1,0,1
32171,36560,36552,1,0,0
36561,36562,36563,1,1,1,9942
36564,36563,36565,1,0,1
36566,36565,36567,1,0,1
36568,36567,36569,1,0,1
36570,36569,36571,1,0,1
36572,36573,36574,1,1,1
36575,36576,36577,1,1,1
36578,36579,36580,1,1,1
36581,36582,36583,1,1,1
36584,36583,36585,1,0,1
34456,36586,36587,1,1,1
34458,36587,36588,1,0,1
35221,36588,36589,1,0,1
35223,36589,36590,1,0,1
36591,35203,36592,1,0,1
36593,36594,36595,1,1,1
36596,36595,36597,1,0,1
36598,36597,36599,1,0,1
36571,36599,36600,0,0,1
36577,36574,36601,0,0,1
36585,36580,36602,0,0,1
36590,36602,36603,0,0,1
36592,36603,36604,0,0,1
36600,36605,36606,0,1,1
36601,36606,36604,0,0,0
36300,34471,36607,0,0,1,10968
36297,36607,36608,0,0,1
36609,36298,36610,1,0,1
36611,36610,36612,1,0,1
34452,36612,36608,0,0,0
36256,34095,36613,0,0,1,10966
36614,36615,36616,1,1,1
34051,36617,36618,0,1,1
34049,36618,36619,0,0,1
36613,36619,36616,0,0,0
34968,34970,36620,0,0,1,8406
36325,34966,36621,0,0,1
36329,36621,36622,0,0,1
36323,36622,36623,0,0,1
36245,36623,36624,0,0,1
34972,36624,36625,0,0,1
34973,36625,36620,0,0,0
36337,34612,36626,0,0,1,2263
36627,36626,36628,1,0,1
36629,36628,36630,1,0,1
36631,36630,36632,1,0,1
36633,36634,36635,1,1,1
35874,36636,36637,0,1,1
36635,36632,36638,0,0,1
36639,36638,36637,1,0,0
36640,36641,36642,1,1,1,9175
36643,36642,36644,1,0,1
36645,36646,36647,1,1,1
36648,36647,36649,1,0,1
36333,36649,36650,0,0,1
36063,36650,36651,0,0,1
36060,36651,36644,0,0,0
36349,36652,36653,0,1,1,42704
35313,36653,36654,1,0,1
34532,36654,36655,1,0,1
36656,36657,36658,1,1,1,3026
36659,36658,36660,1,0,1
36376,36374,36661,1,1,1
34389,36378,36662,0,1,1
36660,36662,36661,0,0,0
35576,35559,36663,0,0,1,5074
34454,36586,36664,0,1,1,10967
36611,36664,36665,0,0,1
36666,36665,36667,1,0,1
36668,36669,36670,1,1,1
36581,36670,36671,1,0,1
36584,36671,36667,1,0,0
36672,35515,36673,1,0,1,1750
36674,36673,36675,1,0,1
36676,36675,36677,1,0,1
36678,36677,36679,1,0,1
36680,36679,36681,1,0,1
35518,36681,35531,0,0,0
35835,35793,36682,0,0,1,15061
35833,36682,36683,0,0,1
36684,36683,36685,1,0,1
36686,36685,36687,1,0,1
35799,36688,36689,0,1,1
35797,36689,36690,0,0,1
35795,36690,36687,0,0,0
36617,34053,36691,0,0,1,2774
36614,36691,36692,0,0,1
36615,36692,36693,0,0,1
36694,36693,36695,1,0,1
36696,36697,36698,1,1,1
36699,36700,36701,1,1,1
36702,36701,36703,1,0,1
36704,36703,36705,1,0,1
36706,36705,36707,1,0,1
36708,36707,36709,1,0,1
36698,36695,36710,0,0,1
36711,36710,36709,1,0,0
35876,35878,36712,0,0,1,2262
36639,36636,36713,0,0,1
36633,36713,36714,0,0,1
36629,36631,36715,0,0,1
36627,36715,36716,0,0,1
36648,36335,36717,0,0,1
36718,36645,36719,1,0,1
36720,36719,36721,1,0,1
36722,36721,36723,1,0,1
36724,36725,36726,1,1,1
36727,36728,36729,1,1,1
36730,36731,36732,1,1,1
36733,36732,36734,1,0,1
36735,36734,36736,1,0,1
4707,36736,36737,1,0,1
4710,4706,36738,1,1,1
36739,4709,36740,1,1,1
36741,36740,36742,1,0,1
36743,36742,36744,1,0,1
36745,36744,36746,1,0,1
36747,36748,36749,1,1,1
36750,36751,36752,1,1,1
4741,36752,36753,1,0,1
35857,36753,36754,0,0,1
35854,36754,36755,0,0,1
36712,35880,36756,0,0,1
36714,36756,36757,0,0,1
36723,36717,36758,0,0,1
36759,36758,36760,1,0,1
36729,36726,36761,0,0,1
36737,36761,36762,0,0,1
36738,36762,36763,0,0,1
36746,36763,36764,0,0,1
36765,36764,36766,1,0,1
36755,36749,36767,0,0,1
36760,36716,36768,0,0,1
36767,36769,36770,0,1,1
36757,36770,36771,0,0,1
36768,36634,36772,0,0,1
36766,36772,36771,0,0,0
36773,36774,36775,1,1,1,9942
36776,36777,36778,1,1,1
36779,36778,36780,1,0,1
36781,36780,36782,1,0,1
36783,36784,36785,1,1,1
36786,36785,36787,1,0,1
36788,36789,36790,1,1,1
36791,36792,36793,1,1,1
4701,36793,36794,1,0,1
36730,36794,36795,0,0,1
36727,36796,36797,0,1,1
36718,36797,36798,0,0,1
36646,36798,36799,0,0,1
36643,36799,36800,0,0,1
36782,36775,36801,0,0,1
36790,36787,36802,0,0,1
36795,36802,36803,0,0,1
36800,36804,36805,0,1,1
36801,36805,36806,0,0,1
36803,36807,36808,0,1,1
36809,36808,36810,1,0,1
36806,36811,36812,0,1,1
36813,36812,36810,1,0,0
36814,36341,36815,1,0,1,9172
36816,36815,36817,1,0,1
36655,36817,34534,0,0,1
35327,35329,36818,0,0,1,2774
36819,35325,36820,1,0,1
36821,36820,36822,1,0,1
36823,36822,36824,1,0,1
36825,36824,36826,1,0,1
35336,36826,36827,0,0,1
35339,36827,36818,0,0,0
36828,35321,36829,1,0,1,2773
36830,36829,36831,1,0,1
36832,36831,36833,1,0,1
36834,36833,36835,1,0,1
36836,36837,36838,1,1,1
36839,36838,36840,1,0,1
36841,36840,36842,1,0,1
35001,36842,36843,0,0,1
34998,36843,36844,0,0,1
35331,36844,36845,0,0,1
36825,36845,36846,0,0,1
36823,36846,36847,0,0,1
36821,36847,36848,0,0,1
35323,36819,36849,0,0,1
36835,36849,36848,0,0,0
36272,36397,36850,0,0,1,10967
36270,36850,36851,0,0,1
36852,36851,36853,1,0,1
36854,36853,36855,1,0,1
36856,36855,36857,1,0,1
4491,36857,36399,0,0,0
36551,34303,36858,0,0,1,10966
35458,36858,36859,0,0,1
35479,36859,36860,0,0,1
36861,36860,36862,1,0,1
36282,36863,36864,0,1,1
36406,36864,36865,0,0,1
36404,36865,36862,0,0,0
34824,3913,36866,0,0,1,983
3916,3920,36867,0,0,1
4145,3917,36868,0,0,1
36866,36868,36867,0,0,0
35735,35511,36869,0,0,1,9943
36870,36869,36871,1,0,1
36872,36871,36873,1,0,1
36672,36873,35513,0,0,0
35830,36684,36874,0,0,1,2774
36875,36874,36876,1,0,1
36877,36878,36879,1,1,1
35822,36880,36881,0,1,1
36882,36881,36883,1,0,1
36884,36883,36885,1,0,1
36886,36885,36887,1,0,1
36888,36889,36890,1,1,1
36891,36890,36892,1,0,1
36893,36892,36894,1,0,1
36895,36896,36897,1,1,1
36898,36897,36899,1,0,1
35802,36900,36901,0,1,1
36688,36901,36902,0,0,1
36876,36686,36903,0,0,1
36879,36903,36904,0,0,1
36887,36904,36905,0,0,1
36894,36906,36907,0,1,1
36899,36907,36908,0,0,1
36902,36908,36905,0,0,0
36708,34055,36909,0,0,1,1750
36706,36909,36910,0,0,1
36911,36704,36912,1,0,1
36913,36914,36915,1,1,1
36916,36917,36918,1,1,1
36919,36918,36920,1,0,1
36921,35817,36922,1,0,1
35815,36923,36924,0,1,1
36910,36924,36925,0,0,1
36912,36925,36926,0,0,1
36922,36920,36927,0,0,1
36928,36927,36929,1,0,1
36926,36930,36931,0,1,1
36915,36931,36929,0,0,0
36254,36257,36932,0,0,1,1750
36933,36932,36934,1,0,1
36935,36934,36936,1,0,1
36937,36938,36939,1,1,1
36940,36941,36942,1,1,1
36694,36943,36944,0,1,1
36936,36944,36945,0,0,1
36939,36945,36942,0,0,0
36946,36947,36948,1,1,1,213
36949,36950,36951,1,1,1
36952,36951,36953,1,0,1
36954,36953,36955,1,0,1
4766,36956,36957,0,1,1
4764,36957,36958,0,0,1
4762,36958,36959,0,0,1
36315,36959,36960,1,0,1
36320,36317,36961,1,1,1
36962,36963,36964,1,1,1
36965,36964,36966,1,0,1
36967,36968,36969,1,1,1
36970,36971,36972,1,1,1
36973,36972,36974,1,0,1
36975,36976,36977,1,1,1
36978,36979,36980,1,1,1
36981,36980,36982,1,0,1
36983,36982,36984,1,0,1
36985,36984,36986,1,0,1
36987,36986,36988,1,0,1
36989,36988,36990,1,0,1
36991,36990,36992,1,0,1
36993,36992,36994,1,0,1
36995,36996,36997,1,1,1
36998,36997,36999,1,0,1
37000,36999,37001,1,0,1
37002,37003,37004,1,1,1
37005,37004,37006,1,0,1
37007,37008,37009,1,1,1
37010,37009,37011,1,0,1
37012,37013,37014,1,1,1
37015,37016,37017,1,1,1
37018,37017,37019,1,0,1
37020,37021,37022,1,1,1
37023,37024,37025,1,1,1
37026,37027,37028,1,1,1
37029,37030,37031,1,1,1
37032,37033,37034,1,1,1
37035,37034,37036,1,0,1
37037,37036,37038,1,0,1
37039,37038,37040,1,0,1
37041,37042,37043,1,1,1
37044,37045,37046,1,1,1
37047,37046,37048,1,0,1
37049,37048,37050,1,0,1
37051,37050,37052,1,0,1
37053,37054,37055,1,1,1
37056,37057,37058,1,1,1
37053,37057,37059,0,0,1
37060,37059,37061,1,0,1
36948,37061,37062,0,0,1
36955,37062,37063,0,0,1
37064,37063,37065,1,0,1
36969,36966,37066,0,0,1
36974,37066,37067,0,0,1
36994,36977,37068,0,0,1
37011,37006,37069,0,0,1
37019,37070,37071,0,1,1
37022,37071,37072,0,0,1
37073,37072,37074,1,0,1
37025,37074,37075,0,0,1
37028,37075,37076,0,0,1
37031,37076,37077,0,0,1
37040,37077,37078,0,0,1
37079,37078,37080,1,0,1
37052,37043,37081,0,0,1
37055,37081,37082,0,0,1
37065,37056,37083,0,0,1
36960,37083,37084,0,0,1
36961,37084,37085,0,0,1
37067,37085,37086,0,0,1
37069,37001,37087,0,0,1
37080,37014,37088,0,0,1
37086,37058,37089,0,0,1
37068,37089,37090,0,0,1
37088,37087,37091,0,0,1
37082,37091,37090,0,0,0
35861,4746,37092,0,1,1,10453
35862,37092,37093,0,0,1
35859,37093,4743,0,0,1
36443,35051,37094,0,0,1,213
36441,37094,37095,0,0,1
36437,36439,37096,0,0,1
36495,36434,37097,0,0,1
37098,37097,37099,1,0,1
37100,37101,37102,1,1,1
37103,37104,37105,1,1,1
37106,37107,37108,1,1,1
37109,37108,37110,1,0,1
37111,37110,37112,1,0,1
37113,37112,37114,1,0,1
37115,37116,37117,1,1,1
37118,37119,37120,1,1,1
36828,37120,37121,0,0,1
37095,37121,37122,0,0,1
37096,37122,37123,0,0,1
37099,37123,37124,0,0,1
37114,37125,37126,0,1,1
37124,37117,37127,0,0,1
37102,37127,37128,0,0,1
37126,37105,37129,0,0,1
37130,37129,37128,1,0,0
32517,32514,37131,1,1,1,210
32520,32516,37132,1,1,1
36110,37132,37133,0,0,1
36126,36111,37134,0,0,1
32508,37134,37135,1,0,1
32510,37135,37136,1,0,1
37131,32512,37137,0,1,1
37133,37137,37136,0,0,0
36140,36142,37138,0,0,1,9928
35696,37138,37139,0,0,1
37140,37139,37141,1,0,1
37142,37141,37143,1,0,1
37144,37143,37145,1,0,1
36558,32169,37146,0,1,1,726
36556,37146,37147,0,0,1
37148,37147,37149,1,0,1
37150,37149,37151,1,0,1
37152,37151,37153,1,0,1
37154,37153,37155,1,0,1
37156,37157,37158,1,1,1
37159,37158,37160,1,0,1
37161,37162,37163,1,1,1
37164,37165,37166,1,1,1
37167,37166,37168,1,0,1
37169,37168,37170,1,0,1
37160,37155,37171,0,0,1
37163,37171,37170,0,0,0
36251,36933,37172,0,0,1,1749
36968,36965,37173,1,1,1
36937,37173,37174,0,0,1
36935,36938,37175,0,0,1
37172,37175,37174,0,0,0
35941,37176,37177,0,1,1,1745
35923,37177,37178,1,0,1
36372,37178,36659,1,0,0
35949,37179,37180,0,1,1,9169
35965,37180,35946,0,0,0
35392,36212,37181,0,0,1,1736
35390,35393,37182,0,0,1
37183,37182,37184,1,0,1
37185,37186,37187,1,1,1
36219,37188,37189,0,1,1
36214,36217,37190,0,0,1
37181,37190,37191,0,0,1
37184,37191,37192,0,0,1
37189,37187,37193,0,0,1
36216,37193,37192,0,0,0
36863,36284,37194,0,0,1,19160
35455,36861,37195,0,0,1
37196,35453,37197,1,0,1
37198,37197,37199,1,0,1
37200,37201,37202,1,1,1
36268,37202,37203,0,0,1
36265,37203,37204,0,0,1
37194,37204,37205,0,0,1
37195,37205,37199,0,0,0
37206,35168,37207,1,0,1,9944
37208,37207,37209,1,0,1
37210,37209,37211,1,0,1
35172,37212,37213,0,1,1
35170,37213,37211,0,0,0
36230,35166,37214,0,0,1,19160
37215,37214,37216,1,0,1
37217,37218,37219,1,1,1
37220,37219,37221,1,0,1
37222,37221,37223,1,0,1
37206,37223,37216,0,0,0
4115,4006,37224,0,0,1,10967
4001,4003,37225,0,0,1
37226,37225,37227,1,0,1
37220,37227,37228,0,0,1
37217,37228,37229,0,0,1
37215,37218,37230,0,0,1
36228,37230,37231,0,0,1
37224,37231,37229,0,0,0
36302,36304,37232,0,0,1,9943
35520,37232,37233,0,0,1
37234,37233,37235,1,0,1
37236,37235,37237,1,0,1
37238,37237,37239,1,0,1
37240,37241,37242,1,1,1
35237,37242,37243,0,0,1
35234,37243,37244,0,0,1
36031,37244,37245,0,0,1
36029,36032,37246,0,0,1
37239,37246,37245,0,0,0
35732,35772,37247,0,0,1,19158
35730,35733,37248,0,0,1
37249,37250,37251,1,1,1
37252,37253,37254,1,1,1
37255,37256,37257,1,1,1
37258,37257,37259,1,0,1
37260,37259,37261,1,0,1
36870,37261,37262,0,0,1
35736,37262,37263,0,0,1
37247,37263,37264,0,0,1
37251,37248,37265,0,0,1
37266,37265,37267,1,0,1
37254,37267,37264,0,0,0
37268,37269,37270,1,1,1,1746
37271,37270,37272,1,0,1
37273,37274,37275,1,1,1
37276,37275,37277,1,0,1
37278,37277,37279,1,0,1
37280,37279,37281,1,0,1
37282,37281,37283,1,0,1
37284,37283,37285,1,0,1
37286,37285,37287,1,0,1
37288,37289,37290,1,1,1
37291,37290,37292,1,0,1
37293,37294,37295,1,1,1
37296,37297,37298,1,1,1
37299,37300,37301,1,1,1
37272,37301,37302,0,0,1
37287,37302,37303,0,0,1
37295,37292,37304,0,0,1
37298,37304,37305,0,0,1
37306,37305,37303,1,0,0
37307,32524,37308,1,1,1,210
36114,37309,37310,0,1,1
32522,37310,37308,1,0,0
35694,37140,37311,0,0,1,9929
37312,37311,37313,1,0,1
37314,37313,37315,1,0,1
37316,37317,37318,1,1,1
37319,37320,37321,1,1,1
37144,37321,37322,0,0,1
37315,37142,37323,0,0,1
37318,37323,37322,0,0,0
37324,36553,37325,1,0,1,725
37326,37325,37327,1,0,1
37328,37327,37329,1,0,1
37330,37331,37332,1,1,1
37157,37332,37333,0,0,1
37154,37333,37334,0,0,1
37152,37334,37335,0,0,1
37150,37335,37336,0,0,1
37329,37148,37337,0,0,1
37338,37337,37336,1,0,0
36872,36674,37339,0,0,1,9942
37260,37339,37340,0,0,1
37341,37340,37342,1,0,1
37343,37342,37344,1,0,1
37345,37344,37346,1,0,1
37347,37348,37349,1,1,1
37350,37349,37351,1,0,1
37352,37353,37354,1,1,1
37355,37356,37357,1,1,1
37358,37357,37359,1,0,1
37234,37359,37360,0,0,1
35517,37360,37361,0,0,1
36680,37361,37362,0,0,1
36678,37362,37363,0,0,1
37346,36676,37364,0,0,1
37351,37364,37365,0,0,1
37354,37365,37363,0,0,0
35827,35831,37366,0,0,1,1750
35842,35828,37367,0,0,1
35824,37367,37368,0,0,1
35825,37368,37369,0,0,1
35821,37369,37370,0,0,1
36877,36880,37371,0,0,1
36875,36878,37372,0,0,1
37366,37372,37373,0,0,1
37370,37373,37371,0,0,0
36696,36711,37374,0,0,1,10966
37375,37374,37376,1,0,1
36699,37377,37378,0,1,1
36700,37378,37376,0,0,0
36720,36722,37379,0,0,1,10454
36728,37379,37380,0,0,1
36724,37380,37381,0,0,1
36725,37381,36759,0,0,0
37382,37383,37384,1,1,1,9941
37385,37384,37386,1,0,1
36789,37387,37388,0,1,1
37389,37390,37391,1,1,1
37392,37391,37393,1,0,1
37388,37386,37394,0,0,1
36786,37394,37393,0,0,0
35707,35709,37395,0,0,1,2761
37396,37395,37397,1,0,1
37398,37397,37399,1,0,1
37400,37399,37401,1,0,1
37402,37401,37403,1,0,1
37404,37403,37405,1,0,1
37406,37405,37407,1,0,1
37408,37409,37410,1,1,1
37411,37410,37412,1,0,1
37314,37412,37413,0,0,1
37312,37413,37414,0,0,1
35692,37414,37415,0,0,1
37407,35689,37416,0,0,1
37417,37416,37415,1,0,0
4497,4499,37418,0,0,1,10967
37419,37418,37420,1,0,1
37421,37420,37422,1,0,1
37423,37424,37425,1,1,1
37426,37425,37427,1,0,1
37428,37429,37430,1,1,1
37431,37430,37432,1,0,1
37433,37432,37434,1,0,1
37435,37434,37436,1,0,1
37437,37436,37438,1,0,1
37439,37438,37440,1,0,1
37441,37440,37442,1,0,1
37443,37444,37445,1,1,1
37446,37445,37447,1,0,1
37448,37447,37449,1,0,1
35375,37449,37450,0,0,1
37451,37450,37452,1,0,1
37453,37452,37454,1,0,1
37455,37454,37456,1,0,1
35371,37457,37458,0,1,1
37422,37458,37459,0,0,1
37427,37459,37460,0,0,1
37456,37442,37461,0,0,1
37462,37461,37460,1,0,0
37169,32165,37463,0,1,1,214
37167,37463,37464,0,0,1
37465,37464,37466,1,0,1
37467,37466,37468,1,0,1
32162,37468,32166,1,0,1
36940,36943,37469,0,0,1,8406
36967,36941,37470,1,0,1
36971,37470,37471,1,0,1
37472,37471,37473,1,0,1
37474,37473,37475,1,0,1
37476,37477,37478,1,1,1
37479,37480,37481,1,1,1
37482,37481,37483,1,0,1
36978,37483,37484,1,0,1
37485,37484,37486,1,0,1
37487,37486,37488,1,0,1
37489,37488,37490,1,0,1
37491,37490,37492,1,0,1
37493,37494,37495,1,1,1
37377,37495,37496,0,0,1
36697,37375,37497,0,0,1
37469,37497,37498,0,0,1
37475,37498,37499,0,0,1
37478,37499,37500,0,0,1
37492,37501,37502,0,1,1
37503,37502,37504,1,0,1
37505,37504,37506,1,0,1
37496,37506,37500,0,0,0
37507,37508,37509,1,1,1,18134
37389,37510,37511,0,1,1
36783,37390,37512,0,0,1
36807,36784,37513,0,0,1
36813,37513,37514,0,0,1
37509,37514,37515,0,0,1
37511,37515,37512,0,0,0
35009,37516,37517,0,1,1,2773
35003,35006,37518,0,0,1
37519,37518,37520,1,0,1
37521,37520,37522,1,0,1
37523,37522,37524,1,0,1
37525,37524,37526,1,0,1
37527,37526,37528,1,0,1
37529,37528,37530,1,0,1
37385,37530,37531,0,0,1
37532,37531,37533,1,0,1
37534,37533,37517,1,0,0
35018,37535,37536,0,1,1,19158
35015,37536,37537,0,0,1
35016,37537,37538,0,0,1
35013,37538,35011,0,0,0
37539,37540,37541,1,1,1,979
37542,37541,37543,1,0,1
37544,37543,37545,1,0,1
37546,37545,37547,1,0,1
37548,37549,37550,1,1,1
37551,37552,37553,1,1,1
37554,37555,37556,1,1,1
37557,37558,37559,1,1,1
37560,37559,37561,1,0,1
37562,37561,37563,1,0,1
37564,37565,37566,1,1,1
37567,37568,37569,1,1,1
37570,37569,37571,1,0,1
37572,37573,37574,1,1,1
37547,37574,37575,0,0,1
37576,37575,37577,1,0,1
37563,37556,37578,0,0,1
37579,37578,37580,1,0,1
37566,37580,37581,0,0,1
37577,37571,37582,0,0,1
37550,37582,37583,0,0,1
37553,37583,37581,0,0,0
37584,37585,37586,1,1,1,5074
37587,37586,37588,1,0,1
37589,37590,37591,1,1,1
37592,37591,37593,1,0,1
37594,37593,37595,1,0,1
37596,37595,37597,1,0,1
37539,37597,37588,0,0,0
33609,33611,37598,0,0,1,3017
37599,33607,37600,1,0,1
37601,37600,37602,1,0,1
37398,37602,37603,0,0,1
37396,37603,37598,0,0,0
36185,33602,37604,0,0,1,200
36183,36186,37605,0,0,1
37606,36181,37607,1,0,1
37608,37609,37610,1,1,1
37611,37612,37613,1,1,1
37599,37613,37614,0,0,1
33604,37614,37615,0,0,1
33605,37615,37616,0,0,1
37604,37616,37617,0,0,1
37607,37605,37618,0,0,1
37610,37618,37619,0,0,1
37620,37619,37617,1,0,0
35380,35408,37621,0,0,1,9944
37622,37623,37624,1,1,1
37625,37626,37627,1,1,1
37628,37627,37629,1,0,1
37630,37629,37631,1,0,1
37632,37631,37633,1,0,1
35386,37633,37634,0,0,1
35382,37634,37635,0,0,1
37621,35383,37636,0,0,1
37637,37636,37638,1,0,1
37624,37638,37635,0,0,0
36854,36856,37639,0,0,1,15063
37640,37639,37641,1,0,1
37424,37641,37642,0,0,1
37419,37421,37643,0,0,1
4495,37643,37644,0,0,1
4493,37644,37642,0,0,0
37222,37208,37645,0,0,1,10968
37226,37645,37646,0,0,1
37647,3999,37648,1,0,1
37649,37648,37650,1,0,1
37651,37652,37653,1,1,1
37654,37653,37655,1,0,1
35429,37655,37656,0,0,1
35426,37656,37657,0,0,1
35174,37657,37658,0,0,1
35175,37658,37659,0,0,1
37646,37210,37660,0,0,1
37650,37660,37661,0,0,1
37659,37662,37663,0,1,1
37212,37663,37661,0,0,0
37249,37266,37664,0,0,1,19157
35728,37250,37665,0,0,1
37666,37665,37667,1,0,1
37668,37667,37669,1,0,1
37252,37256,37670,0,0,1
37664,37253,37671,0,0,1
37669,37671,37670,0,0,0
36809,36811,37672,0,0,1,1750
36731,37672,37673,0,0,1
36796,37673,36804,0,0,0
36487,36510,37674,0,0,1,9941
36485,37674,37675,0,0,1
36483,37675,37676,0,0,1
37677,37678,37679,1,1,1
37098,37101,37680,0,0,1
36492,37680,37681,0,0,1
36489,36493,37682,0,0,1
37676,36490,37683,0,0,1
37679,37683,37684,0,0,1
37685,37684,37686,1,0,1
37681,37686,37682,0,0,0
37284,37286,37687,0,0,1,210
37280,37282,37688,0,0,1
37276,37278,37689,0,0,1
37690,37689,37691,1,0,1
37692,37693,37694,1,1,1
37695,37694,37696,1,0,1
37697,37696,37698,1,0,1
37288,37698,37699,0,0,1
37687,37289,37700,0,0,1
37688,37700,37701,0,0,1
37691,37701,37699,0,0,0
37702,37703,37704,1,1,1,1747
37705,37704,37706,1,0,1
37707,37706,37708,1,0,1
37274,37708,37271,0,0,0
37709,37710,37711,1,1,1,1748
37712,37711,37713,1,0,1
37714,37715,37716,1,1,1
37717,37716,37718,1,0,1
37702,37718,37713,0,0,0
36118,36130,37719,0,0,1,209
37720,36119,37721,1,0,1
36084,37721,37722,0,0,1
36080,37722,37723,0,0,1
36081,37723,37724,0,0,1
36077,37724,37725,0,0,1
36121,37725,37719,0,0,0
37726,37309,37727,1,0,1,977
37720,37728,37729,0,1,1
36128,37729,37730,0,0,1
36116,37730,37727,0,0,0
36267,36852,37731,0,0,1,10968
37200,37731,37732,0,0,1
37733,37732,37734,1,0,1
37735,37734,37736,1,0,1
37196,37737,37738,0,1,1
35451,37738,37739,0,0,1
37740,37739,37741,1,0,1
37742,37741,37743,1,0,1
37744,37743,37745,1,0,1
37746,37745,37747,1,0,1
37748,37747,37749,1,0,1
37750,37749,37751,1,0,1
37752,37751,37753,1,0,1
37423,37754,37755,0,1,1
37736,37640,37756,0,0,1
37753,37757,37758,0,1,1
37755,37758,37756,0,0,0
37156,37159,37759,0,0,1,725
37760,37759,37761,1,0,1
37165,37762,37763,0,1,1
37161,37763,37764,0,0,1
37162,37764,37761,0,0,0
36930,36923,37765,0,0,1,9942
36921,36928,37766,0,0,1
35814,37766,37765,0,0,0
37118,36830,37767,0,0,1,23256
37768,37767,37769,1,0,1
37770,37769,37771,1,0,1
37772,37773,37774,1,1,1
37775,37774,37771,1,0,0
37573,37776,37777,0,1,1,980
37570,37777,37778,0,0,1
37567,37778,37779,0,0,1
37712,37715,37780,0,0,1
37709,37780,37779,0,0,0
37457,35373,37781,0,0,1,10968
37455,37462,37782,0,0,1
37453,37782,37783,0,0,1
37451,37783,37784,0,0,1
35376,37784,37781,0,0,0
37785,37345,37786,1,0,1,9941
37787,37786,37788,1,0,1
37789,37788,37790,1,0,1
37791,37790,37348,1,0,0
35806,35722,37792,0,0,1,9942
35804,37792,37793,0,0,1
35801,37793,37794,0,0,1
36898,36900,37795,0,0,1
37796,37795,37797,1,0,1
37798,37797,37799,1,0,1
37800,37801,37802,1,1,1
37803,37802,37804,1,0,1
37805,37804,37806,1,0,1
35726,37806,37807,0,0,1
37794,37807,37799,0,0,0
35819,36882,37808,0,0,1,2773
36919,37808,37809,0,0,1
37810,36916,37811,1,0,1
37812,37811,37813,1,0,1
37814,37813,37815,1,0,1
36891,37815,37816,0,0,1
36888,37816,37817,0,0,1
36906,36889,37818,0,0,1
36886,37818,37819,0,0,1
36884,37819,37820,0,0,1
37809,37820,37817,0,0,0
37821,36911,37822,1,0,1,2774
37491,37822,37823,0,0,1
37487,37489,37824,0,0,1
37825,37824,37826,1,0,1
37827,37826,37828,1,0,1
37829,37830,37831,1,1,1
36914,37832,37833,0,1,1
37823,37833,37834,0,0,1
37828,37834,37831,0,0,0
37493,36702,37835,0,0,1,214
37505,37494,37836,0,0,1
37503,37836,37837,0,0,1
37821,37837,37835,0,0,0
36832,36834,37838,0,0,1,1749
37775,37838,37839,0,0,1
37840,37839,37841,1,0,1
37842,37841,37843,1,0,1
37844,37843,37845,1,0,1
37846,37845,36837,1,0,0
37115,37119,37847,0,0,1,16597
37848,37847,37849,1,0,1
37850,37851,37852,1,1,1
37853,37852,37854,1,0,1
37855,37854,37856,1,0,1
37770,37856,37857,0,0,1
37768,37857,37849,0,0,0
36470,36503,37858,0,0,1,14036
37859,36468,37860,1,0,1
37107,37860,37861,0,0,1
36475,37862,37863,0,1,1
37858,36473,37864,0,0,1
37863,37861,37865,0,0,1
36472,37865,37864,0,0,0
37697,37291,37866,0,0,1,1747
37867,37866,37868,1,0,1
37869,37868,37870,1,0,1
37871,37870,37872,1,0,1
36456,37872,37873,0,0,1
36453,36457,37874,0,0,1
37875,37874,37876,1,0,1
37294,37876,37873,0,0,0
37316,37320,37877,0,0,1,1737
37411,37317,37878,0,0,1
37879,37878,37880,1,0,1
37881,37880,37877,1,0,0
37608,37620,37882,0,0,1,201
37606,37609,37883,0,0,1
37884,37883,37885,1,0,1
37886,37885,37887,1,0,1
37400,37887,37888,0,0,1
37601,37888,37889,0,0,1
37611,37889,37890,0,0,1
37612,37890,37882,0,0,0
35378,37637,37891,0,0,1,18135
37448,37891,37892,0,0,1
37446,37892,37893,0,0,1
37894,37895,37896,1,1,1
37626,37896,37897,0,0,1
37622,37897,37898,0,0,1
37893,37623,37899,0,0,1
37900,37899,37898,1,0,0
37201,37733,37901,0,0,1,15064
37198,37901,37902,0,0,1
37737,37902,37903,0,0,1
37757,37903,37735,0,0,0
36668,36582,37904,0,1,1,9943
37905,37906,37907,1,1,1
36576,36572,37908,1,1,1
37909,37910,37911,1,1,1
37904,36578,37912,0,1,1
37908,37907,37913,0,0,1
37911,37913,37912,0,0,0
37258,37341,37914,0,0,1,15060
37915,37914,37916,1,0,1
37917,37916,37918,1,0,1
37919,37920,37921,1,1,1
37922,37921,37923,1,0,1
37789,37923,37924,0,0,1
37787,37924,37925,0,0,1
37785,37925,37926,0,0,1
37918,37343,37927,0,0,1
37928,37927,37926,1,0,0
37668,37255,37929,0,0,1,10965
37930,37929,37931,1,0,1
37932,37933,37934,1,1,1
37935,37934,37936,1,0,1
37937,37936,37938,1,0,1
37939,37938,37940,1,0,1
37941,37940,37942,1,0,1
37943,37942,37944,1,0,1
37917,37944,37945,0,0,1
37915,37945,37931,0,0,0
37805,35725,37946,0,0,1,10966
37947,37803,37948,1,0,1
37949,37948,37950,1,0,1
37951,37950,37952,1,0,1
37953,37952,37954,1,0,1
37955,37956,37957,1,1,1
37958,37957,37959,1,0,1
37932,37959,37960,0,0,1
37930,37933,37961,0,0,1
37666,37961,37962,0,0,1
37946,37962,37963,0,0,1
37954,37963,37964,0,0,1
37965,37964,37960,1,0,0
36841,35004,37966,0,0,1,981
36839,37966,37967,0,0,1
37968,37967,37969,1,0,1
37970,37969,37519,1,0,0
37130,37116,37971,0,0,1,8405
37113,37971,37972,0,0,1
37973,37972,37974,1,0,1
37851,37974,37848,0,0,0
37707,37273,37975,0,0,1,211
37976,37975,37977,1,0,1
37978,37979,37980,1,1,1
37981,37980,37982,1,0,1
36459,37982,37983,0,0,1
37871,37983,37984,0,0,1
37867,37869,37985,0,0,1
37695,37985,37986,0,0,1
37690,37693,37987,0,0,1
37977,37987,37988,0,0,1
37986,37984,37989,0,0,1
37692,37989,37988,0,0,0
37188,36221,37990,0,0,1,9928
37185,37990,37991,0,0,1
37183,37186,37992,0,0,1
35388,37992,37993,0,0,1
35385,37993,37994,0,0,1
37632,37994,37995,0,0,1
37996,37995,37997,1,0,1
37998,37997,37999,1,0,1
38000,37999,38001,1,0,1
38002,38003,38004,1,1,1
38005,38004,38006,1,0,1
38007,38006,38008,1,0,1
38009,38008,38010,1,0,1
36166,38011,38012,0,1,1
38013,36197,38014,1,0,1
38015,38016,38017,1,1,1
38018,38017,38019,1,0,1
36163,38020,38021,0,1,1
37991,36159,38022,0,0,1
38001,38022,38023,0,0,1
38010,38023,38024,0,0,1
38025,38024,38026,1,0,1
38014,38012,38027,0,0,1
38019,38027,38028,0,0,1
38021,38028,38026,0,0,0
35468,35475,38029,0,0,1,2775
35436,38029,38030,0,0,1
35437,38030,38031,0,0,1
38032,35433,38033,1,0,1
38034,38033,38035,1,0,1
35446,38035,38036,0,0,1
35442,35470,38037,0,0,1
35439,35443,38038,0,0,1
38031,35440,38039,0,0,1
38037,38036,38040,0,0,1
38038,38040,38039,0,0,0
37647,37649,38041,0,0,1,19159
3996,38041,38042,0,0,1
38043,38042,38044,1,0,1
38045,38044,38046,1,0,1
38047,38046,38048,1,0,1
38049,38048,38050,1,0,1
38051,38050,38052,1,0,1
38053,38052,38054,1,0,1
38055,38054,38056,1,0,1
37652,38056,37662,0,0,0
32140,32244,38057,1,1,1,2775
38058,38057,38059,1,0,1
32137,32134,38060,1,1,1
32136,38060,38059,1,0,0
36609,36666,38061,0,0,1,2775
36295,38061,38062,0,0,1
35259,38062,38063,0,0,1
38064,38063,38065,1,0,1
37387,36788,38066,0,0,1,2262
37529,38066,38067,0,0,1
38068,38067,38069,1,0,1
38070,38069,38071,1,0,1
38072,38071,38073,1,0,1
38074,38073,36792,1,0,0
37677,37685,38075,0,0,1,1749
36481,37678,38076,0,0,1
36477,36479,38077,0,0,1
37862,38077,38078,0,0,1
37125,38078,38079,0,0,1
37103,38079,38080,0,0,1
37100,37104,38081,0,0,1
38075,38081,38082,0,0,1
38076,38082,38080,0,0,0
38083,37728,38084,1,0,1,33744
38085,38084,38086,1,0,1
38087,38086,38088,1,0,1
38089,38088,36083,1,0,0
37402,37404,38090,0,0,1,457
37886,38090,38091,0,0,1
36179,37884,38092,0,0,1
38093,38092,38094,1,0,1
38095,38096,38097,1,1,1
38098,38097,38099,1,0,1
38100,38099,38101,1,0,1
38102,38101,38103,1,0,1
38104,38103,38105,1,0,1
38106,38107,38108,1,1,1
38109,38108,38110,1,0,1
38111,38112,38113,1,1,1
38114,38113,38115,1,0,1
37406,38115,38116,0,0,1
38091,38116,38117,0,0,1
38094,38117,38118,0,0,1
38105,38118,38110,0,0,0
37754,37426,38119,0,0,1,10969
38120,37752,38121,1,0,1
38122,38121,38123,1,0,1
38124,38123,38125,1,0,1
38126,38127,38128,1,1,1
37429,38128,38129,0,0,1
38119,38129,38125,0,0,0
38130,35431,38131,1,0,1,9175
38132,38131,38133,1,0,1
38134,38133,38135,1,0,1
38136,38135,38137,1,0,1
38138,38139,38140,1,1,1
35448,37740,38141,0,0,1
35445,35449,38142,0,0,1
38034,38142,38143,0,0,1
38137,35434,38144,0,0,1
38141,38140,38145,0,0,1
38143,38145,38146,0,0,1
38032,38146,38144,0,0,0
37654,35428,38147,0,0,1,9176
38148,38147,38149,1,0,1
38132,38150,38151,0,1,1
38130,38151,38149,0,0,0
38152,32163,38153,1,1,1,1750
38154,38153,38155,1,0,1
38156,38157,38158,1,1,1
4955,38159,38160,0,1,1
38161,38160,38162,1,0,1
38163,38162,38164,1,0,1
38165,38164,38166,1,0,1
38167,38166,38168,1,0,1
32159,38168,38169,1,0,1
38155,38169,38158,0,0,0
37240,35239,38170,0,0,1,1751
38171,38170,38172,1,0,1
38173,38172,38174,1,0,1
35245,38175,38176,0,1,1
35241,38176,38177,0,0,1
35242,38177,38174,0,0,0
36745,36765,38178,0,0,1,10454
38179,38178,38180,1,0,1
38181,38182,38183,1,1,1
38184,38183,38185,1,0,1
36741,38186,38187,0,1,1
36739,38187,38188,0,0,1
4712,38188,38189,1,0,1
4714,38189,38190,1,0,1
38191,38190,38192,1,0,1
38193,38192,38194,1,0,1
38195,38194,38196,1,0,1
38197,38196,38198,1,0,1
4722,38198,38199,1,0,1
38200,4721,38201,1,1,1
4852,38202,38203,1,1,1
38204,38203,38205,1,0,1
38206,38207,38208,1,1,1
38209,38208,38210,1,0,1
38211,38210,38212,1,0,1
38213,38214,38215,1,1,1
38216,38217,38218,1,1,1
36748,38218,38219,0,0,1
36769,38219,38220,0,0,1
38180,38220,38221,0,0,1
38199,38185,38222,0,0,1
38201,38222,38223,0,0,1
38224,38223,38225,1,0,1
38212,38205,38226,0,0,1
38221,38215,38227,0,0,1
38228,38227,38229,1,0,1
38226,38225,38230,0,0,1
38231,38230,38229,1,0,0
37772,37840,38232,0,0,1,9941
38233,38232,38234,1,0,1
38235,38234,38236,1,0,1
37844,38236,37842,0,0,0
37443,37900,38237,0,0,1,9942
38238,38237,38239,1,0,1
38240,38241,38242,1,1,1
38243,38242,38244,1,0,1
38245,38246,38247,1,1,1
37628,38248,38249,0,1,1
37625,38249,38250,0,0,1
37894,38250,38251,0,0,1
38239,37895,38252,0,0,1
38244,38252,38253,0,0,1
38247,38253,38251,0,0,0
3993,3997,38254,0,0,1,10967
3991,3994,38255,0,0,1
38256,38255,38257,1,0,1
38258,38257,38259,1,0,1
38260,38259,38261,1,0,1
38049,38261,38262,0,0,1
38047,38262,38263,0,0,1
38045,38263,38264,0,0,1
38043,38264,38254,0,0,0
38265,37467,38266,1,0,1,2774
38267,38266,38268,1,0,1
38269,38268,38270,1,0,1
38271,38272,38273,1,1,1
38157,38273,38274,0,0,1
38154,38274,38275,0,0,1
38152,38275,38270,0,0,0
35197,35199,38276,0,0,1,9941
36594,38277,38278,0,1,1
36605,38278,38279,0,0,1
36591,38279,38280,0,0,1
35201,38280,38276,0,0,0
37350,37353,38281,0,0,1,9941
37347,38281,38282,0,0,1
38283,38284,38285,1,1,1
38286,38287,38288,1,1,1
38289,38290,38291,1,1,1
37355,38291,38292,0,0,1
37356,38292,38293,0,0,1
37352,38293,38294,0,0,1
38285,38282,38295,0,0,1
38288,38295,38294,0,0,0
36743,38179,38296,0,0,1,10455
38186,38296,38297,0,0,1
38181,38184,38298,0,0,1
38228,38182,38299,0,0,1
38297,38299,38298,0,0,0
38300,37527,38301,1,0,1,981
38302,38303,38304,1,1,1
4696,38304,38305,1,0,1
38306,38305,38307,1,0,1
38308,38307,38309,1,0,1
38310,38309,38311,1,0,1
38072,38311,38312,0,0,1
38070,38312,38313,0,0,1
38301,38068,38314,0,0,1
38315,38314,38313,1,0,0
37408,37879,38316,0,0,1,10953
37417,37409,38317,0,0,1
38114,38317,38318,0,0,1
38319,38318,38320,1,0,1
38321,38320,38322,1,0,1
38323,38322,38324,1,0,1
38325,38324,38326,1,0,1
38327,38326,38328,1,0,1
38329,38328,38316,1,0,0
37630,37996,38330,0,0,1,9927
38248,38330,38331,0,0,1
38332,38245,38333,1,0,1
38334,38333,38335,1,0,1
38336,38335,38337,1,0,1
38338,38339,38340,1,1,1
38341,38340,38342,1,0,1
38343,38342,38344,1,0,1
38002,38344,38345,0,0,1
38000,38003,38346,0,0,1
38331,37998,38347,0,0,1
38337,38347,38348,0,0,1
38349,38348,38350,1,0,1
38345,38350,38346,0,0,0
38053,38055,38351,0,0,1,10966
38260,38051,38352,0,0,1
38258,38352,38353,0,0,1
38354,38353,38355,1,0,1
4860,38355,38356,0,0,1
38357,38356,38358,1,0,1
38359,38358,38360,1,0,1
38361,38360,38362,1,0,1
38363,38362,38364,1,0,1
38148,38364,38365,0,0,1
37651,38365,38351,0,0,0
38065,36669,38366,0,0,1,1751
38367,38366,38368,1,0,1
38369,38368,38370,1,0,1
38371,38370,38372,1,0,1
38373,38372,38374,1,0,1
38375,38376,38377,1,1,1
37905,38377,38378,0,0,1
38374,37906,38379,0,0,1
38380,38379,38378,1,0,0
37922,37791,38381,0,0,1,9940
38382,38381,38383,1,0,1
38384,38383,38385,1,0,1
38386,38387,38388,1,1,1
38389,38388,38390,1,0,1
37236,38391,38392,0,1,1
37358,38392,38393,0,0,1
38289,38393,38394,0,0,1
38286,38290,38395,0,0,1
38283,38287,38396,0,0,1
38385,38284,38397,0,0,1
38394,38390,38398,0,0,1
38395,38398,38399,0,0,1
38396,38399,38397,0,0,0
37796,37798,38400,0,0,1,14037
36895,38400,38401,0,0,1
37947,38402,38403,0,1,1
37800,38403,38404,0,0,1
38401,37801,38405,0,0,1
38406,38405,38404,1,0,0
36970,37472,38407,1,0,1,12501
38408,38407,38409,1,0,1
37480,38410,38411,0,1,1
37501,38411,38412,0,0,1
37476,38412,38413,0,0,1
37477,38413,38414,0,0,1
37474,38414,38409,0,0,0
37717,37705,38415,0,0,1,212
38416,38415,38417,1,0,1
38418,38417,38419,1,0,1
38420,38419,38421,1,0,1
38422,38421,38423,1,0,1
38424,38423,38425,1,0,1
38426,38427,38428,1,1,1
38429,38430,38431,1,1,1
38432,38431,38433,1,0,1
38434,38433,38435,1,0,1
38436,38435,38437,1,0,1
38438,38437,38439,1,0,1
38440,38439,38441,1,0,1
38442,38441,38443,1,0,1
38444,38443,38445,1,0,1
38446,38447,38448,1,1,1
38449,38448,38450,1,0,1
38451,38450,38452,1,0,1
38453,38454,38455,1,1,1
38456,38457,38458,1,1,1
37109,38459,38460,0,1,1
38461,38462,38463,1,1,1
37978,38464,38465,0,1,1
37976,37979,38466,0,0,1
38425,38466,38467,0,0,1
38445,38468,38469,0,1,1
38470,38469,38471,1,0,1
38472,38471,38473,1,0,1
38455,38452,38474,0,0,1
38458,38474,38475,0,0,1
38460,38475,38476,0,0,1
38477,38476,38478,1,0,1
38479,38478,38480,1,0,1
38465,38463,38481,0,0,1
38467,38481,38482,0,0,1
38483,38482,38484,1,0,1
38473,38428,38485,0,0,1
38480,38485,38484,0,0,0
38486,36177,38487,1,0,1,1737
38488,38487,38489,1,0,1
38096,38489,38093,0,0,0
37441,37444,38490,0,0,1,2774
38491,38492,38493,1,1,1
38494,38495,38496,1,1,1
38497,38496,38498,1,0,1
38241,38498,38499,0,0,1
38238,38499,38500,0,0,1
38490,38500,38493,0,0,0
3983,4150,38501,0,0,1,10967
3981,38501,38502,0,0,1
38503,38502,38504,1,0,1
38505,38504,38506,1,0,1
38507,38508,38509,1,1,1
38510,38511,38512,1,1,1
4110,38513,38514,0,1,1
3975,38514,38515,0,0,1
3976,38515,38516,0,0,1
3973,38516,38517,0,0,1
4888,4892,38518,0,0,1
38519,38518,38520,1,0,1
38521,38520,38522,1,0,1
38523,38522,38524,1,0,1
38525,38526,38527,1,1,1
38528,38529,38530,1,1,1
4881,38530,38531,0,0,1
38532,38531,38533,1,0,1
3989,38533,38534,0,0,1
3985,38534,38535,0,0,1
38506,3986,38536,0,0,1
38517,38512,38537,0,0,1
38538,38537,38539,1,0,1
38524,38539,38540,0,0,1
38535,38541,38542,0,1,1
38540,38509,38543,0,0,1
38542,38527,38544,0,0,1
38536,38544,38543,0,0,0
32143,32139,38545,1,1,1,10967
32142,38545,38546,1,0,1
32148,32145,38547,1,1,1
38548,38547,38549,1,0,1
38550,38549,38551,1,0,1
38552,38551,38553,1,0,1
38554,38553,38555,1,0,1
38556,38555,38557,1,0,1
38558,38557,38559,1,0,1
32131,38559,38560,1,0,1
38058,38560,38546,0,0,0
32157,32237,38561,1,1,1,2775
32160,32156,38562,1,1,1
38167,38562,38563,0,0,1
38564,38563,38565,1,0,1
38566,38567,38568,1,1,1
32152,38568,38569,1,0,1
32154,38569,38570,1,0,1
38561,38570,38565,0,0,0
38310,38074,38571,0,0,1,9173
38308,38571,38572,0,0,1
4695,38306,38573,1,0,1
4699,38573,38574,1,0,1
4702,4698,38575,1,1,1
36791,38575,38576,0,0,1
38572,38576,38574,0,0,0
38577,37846,38578,1,0,1,2261
38579,38578,38580,1,0,1
38581,38582,38583,1,1,1
38584,38583,38585,1,0,1
38586,38587,38588,1,1,1
38589,38588,38590,1,0,1
38591,38592,38593,1,1,1
38594,38593,38595,1,0,1
38596,38595,38597,1,0,1
38598,38597,38599,1,0,1
38600,38599,38601,1,0,1
38602,38601,38603,1,0,1
38604,38603,38605,1,0,1
38606,38605,38607,1,0,1
38608,38607,38609,1,0,1
38610,38609,38611,1,0,1
38612,38613,38614,1,1,1
5023,38615,38616,0,1,1
5024,38616,38617,0,0,1
38618,38617,38619,1,0,1
37523,38619,38620,0,0,1
37521,38620,38621,0,0,1
37970,38621,38622,0,0,1
37968,38622,38623,0,0,1
36836,38623,38624,0,0,1
38580,38624,38625,0,0,1
38626,38625,38627,1,0,1
38585,38627,38628,0,0,1
38611,38590,38629,0,0,1
38614,38629,38630,0,0,1
38631,38630,38628,1,0,0
38464,37981,38632,0,0,1,12499
38461,38632,38633,0,0,1
36466,38634,38635,0,1,1
36463,38635,38636,0,0,1
38633,36461,38637,0,0,1
38638,38637,38636,1,0,0
38325,38327,38639,0,0,1,10952
38640,38323,38641,1,0,1
38642,38641,38643,1,0,1
38644,38643,38645,1,0,1
38646,38645,38647,1,0,1
38648,38647,38639,1,0,0
38111,38319,38649,0,0,1,8649
38650,38649,38651,1,0,1
38652,38651,38653,1,0,1
38654,38655,38656,1,1,1
38102,38657,38658,0,1,1
38659,38658,38660,1,0,1
38661,38660,38662,1,0,1
38663,38662,38664,1,0,1
38665,38664,38666,1,0,1
38653,38666,38656,0,0,0
36193,36195,38667,0,0,1,9929
36162,38667,38668,0,0,1
38018,38020,38669,0,0,1
38015,38669,38670,0,0,1
38013,38016,38671,0,0,1
38668,38671,38670,0,0,0
38243,38246,38672,0,0,1,8918
38497,38240,38673,0,0,1
38674,38494,38675,1,0,1
38676,38677,38678,1,1,1
38679,38678,38680,1,0,1
38334,38680,38681,0,0,1
38332,38681,38682,0,0,1
38672,38682,38683,0,0,1
38673,38683,38675,0,0,0
38375,36573,38684,0,1,1,9943
38376,38684,38685,0,0,1
38369,38371,38686,0,0,1
38687,38686,38688,1,0,1
38689,38688,38690,1,0,1
38691,38690,38692,1,0,1
38693,38692,38694,1,0,1
38695,38694,38696,1,0,1
38697,38696,38698,1,0,1
38699,38698,38700,1,0,1
38685,36570,38701,0,1,1
38380,38701,38702,0,0,1
38700,38373,38703,0,0,1
36568,38703,38702,1,0,0
37241,38171,38704,0,0,1,11223
37238,38704,38705,0,0,1
38391,38705,38706,0,0,1
38707,38706,38708,1,0,1
38709,38708,38710,1,0,1
38711,38712,38713,1,1,1
38714,38713,38715,1,0,1
38173,38715,38710,0,0,0
37855,37773,38716,0,0,1,10453
38717,38716,38718,1,0,1
38719,38718,38720,1,0,1
38721,38720,38722,1,0,1
38723,38724,38725,1,1,1
38726,38727,38728,1,1,1
38729,38728,38730,1,0,1
38731,38730,38732,1,0,1
38733,38732,38734,1,0,1
38735,38736,38737,1,1,1
38738,38739,38740,1,1,1
38741,38740,38742,1,0,1
38592,38742,38743,0,0,1
38589,38743,38744,0,0,1
38586,38744,38745,0,0,1
38584,38587,38746,0,0,1
38747,38748,38749,1,1,1
38577,38750,38751,0,1,1
38235,38751,38752,0,0,1
38722,38233,38753,0,0,1
38734,38725,38754,0,0,1
38737,38754,38755,0,0,1
38745,38755,38756,0,0,1
38746,38756,38757,0,0,1
38581,38757,38758,0,0,1
38752,38749,38759,0,0,1
38753,38759,38758,0,0,0
38760,38085,38761,1,0,1,29648
38762,38763,38764,1,1,1
38089,38764,38765,0,0,1
38761,38087,38766,0,0,1
38767,38766,38765,1,0,0
38491,38495,38768,0,0,1,10966
37439,38492,38769,0,0,1
38770,38769,38771,1,0,1
38772,38773,38774,1,1,1
38775,38774,38776,1,0,1
38676,38776,38777,0,0,1
38677,38777,38778,0,0,1
38674,38778,38779,0,0,1
38768,38779,38771,0,0,0
38122,38124,38780,0,0,1,9945
37750,38120,38781,0,0,1
37746,37748,38782,0,0,1
38783,38782,38784,1,0,1
38785,38784,38786,1,0,1
38787,38786,38788,1,0,1
38789,38788,38790,1,0,1
38127,38790,38791,0,0,1
38780,38791,38781,0,0,0
38363,38150,38792,0,0,1,41936
38361,38792,38793,0,0,1
38794,38793,38795,1,0,1
38796,38795,38797,1,0,1
38798,38797,38799,1,0,1
38800,38799,38801,1,0,1
38802,38803,38804,1,1,1
38805,38806,38807,1,1,1
38808,38807,38809,1,0,1
38139,38809,38810,0,0,1
38134,38136,38811,0,0,1
38801,38811,38812,0,0,1
38804,38812,38813,0,0,1
38814,38813,38810,1,0,0
38815,35247,38816,1,0,1,984
38817,38816,38818,1,0,1
38819,38818,38820,1,0,1
38821,38820,38822,1,0,1
38823,38822,38824,1,0,1
38825,38824,38826,1,0,1
35249,35253,38827,0,0,1
35250,38827,38826,0,0,0
38714,38175,38828,0,0,1,3032
38829,38828,38830,1,0,1
38831,38830,38832,1,0,1
38833,38834,38835,1,1,1
38836,38837,38838,1,1,1
38839,38838,38840,1,0,1
35252,38840,38841,0,0,1
38825,38841,38842,0,0,1
38823,38842,38843,0,0,1
38821,38843,38844,0,0,1
38817,38819,38845,0,0,1
35244,38815,38846,0,0,1
38832,38846,38847,0,0,1
38844,38835,38848,0,0,1
38845,38848,38847,0,0,0
36917,37810,38849,0,0,1,9942
38850,38849,38851,1,0,1
38852,38851,38853,1,0,1
38854,38853,38855,1,0,1
38856,38855,37812,1,0,0
38638,38634,38857,0,0,1,8404
38462,38857,38858,0,0,1
38479,38858,38859,0,0,1
38477,38859,38860,0,0,1
37859,37106,38861,0,0,1
36465,38861,38860,0,0,0
38762,36086,38862,0,0,1,28880
38767,38763,38863,0,0,1
38864,38863,38865,1,0,1
38866,38865,38867,1,0,1
38868,38867,38869,1,0,1
38870,38869,38871,1,0,1
38872,38873,38874,1,1,1
38875,38874,38876,1,0,1
38877,38876,38878,1,0,1
38879,38878,38880,1,0,1
38881,38880,38882,1,0,1
38883,38882,38884,1,0,1
38885,38884,38886,1,0,1
38887,38886,38888,1,0,1
38889,38888,38890,1,0,1
38891,38890,38892,1,0,1
38893,38892,38894,1,0,1
38895,38894,38896,1,0,1
38897,38896,38898,1,0,1
35591,38898,38899,0,0,1
36097,38899,38900,0,0,1
36098,38900,38901,0,0,1
36109,38901,38902,0,0,1
36094,38902,38903,0,0,1
36095,38903,38904,0,0,1
36092,38904,38905,0,0,1
36090,38905,38906,0,0,1
36088,38906,38907,0,0,1
38862,38907,38871,0,0,0
38665,38321,38908,0,0,1,8648
38663,38908,38909,0,0,1
38910,38911,38912,1,1,1
38913,38914,38915,1,1,1
38916,38915,38917,1,0,1
38918,38917,38919,1,0,1
38646,38919,38920,0,0,1
38644,38920,38921,0,0,1
38642,38921,38922,0,0,1
38640,38922,38923,0,0,1
38912,38909,38924,0,0,1
38925,38924,38923,1,0,0
38109,38112,38926,0,0,1,458
38106,38926,38927,0,0,1
38104,38107,38928,0,0,1
38657,38928,38929,0,0,1
38654,38929,38930,0,0,1
38655,38930,38931,0,0,1
38652,38931,38932,0,0,1
38650,38932,38927,0,0,0
38357,38359,38933,0,0,1,2774
4861,38933,38934,0,0,1
38796,38935,38936,0,1,1
38794,38936,38934,0,0,0
3988,38256,38937,0,0,1,8407
38532,38937,38938,0,0,1
4879,38938,38939,0,0,1
4866,4876,38940,0,0,1
4863,38940,38941,0,0,1
38354,38941,38939,0,0,0
38165,38564,38942,0,0,1,1751
5009,38161,38943,0,0,1
5006,38943,38944,0,0,1
38945,38944,38946,1,0,1
38947,38946,38948,1,0,1
38949,38948,38950,1,0,1
38566,38950,38951,0,0,1
38942,38567,38952,0,0,1
38163,38952,38951,0,0,0
38953,38267,38954,1,0,1,10966
4957,38954,38955,0,0,1
4958,38955,38956,0,0,1
38159,4954,38957,0,0,1
38156,38957,38958,0,0,1
38271,38958,38959,0,0,1
38269,38272,38960,0,0,1
38956,38960,38959,0,0,0
38961,38382,38962,1,0,1,1748
38963,38962,38964,1,0,1
38965,38964,38966,1,0,1
38387,38966,38384,0,0,0
37943,37928,38967,0,0,1,9940
38968,37941,38969,1,0,1
38970,38969,38971,1,0,1
38972,38971,38973,1,0,1
38974,38975,38976,1,1,1
38977,38976,38978,1,0,1
38979,38978,38980,1,0,1
38981,38980,38982,1,0,1
38983,38984,38985,1,1,1
38986,38987,38988,1,1,1
38989,38988,38990,1,0,1
38991,38990,38992,1,0,1
38993,38994,38995,1,1,1
38996,38997,38998,1,1,1
38999,39000,39001,1,1,1
39002,39001,39003,1,0,1
39004,39003,39005,1,0,1
39006,39005,39007,1,0,1
39008,39007,39009,1,0,1
39010,39009,39011,1,0,1
39012,39013,39014,1,1,1
39015,39016,39017,1,1,1
39018,39019,39020,1,1,1
39021,39020,39022,1,0,1
39023,39022,39024,1,0,1
39025,39024,39026,1,0,1
39027,39026,39028,1,0,1
39029,39028,39030,1,0,1
37919,38961,39031,0,0,1
38967,37920,39032,0,0,1
38973,39032,39033,0,0,1
39034,39033,39035,1,0,1
38985,38982,39036,0,0,1
38992,39036,39037,0,0,1
38995,39037,39038,0,0,1
38998,39038,39039,0,0,1
39011,39040,39041,0,1,1
39014,39041,39042,0,0,1
39030,39017,39043,0,0,1
39044,39043,39045,1,0,1
39031,39045,39046,0,0,1
39039,39035,39047,0,0,1
39042,39047,39046,0,0,0
38402,37949,39048,0,0,1,15061
39049,39048,39050,1,0,1
39051,39050,39052,1,0,1
39053,39052,39054,1,0,1
37965,37956,39055,0,0,1
37953,39055,39056,0,0,1
39054,37951,39057,0,0,1
39058,39057,39056,1,0,0
36896,38406,39059,0,0,1,9942
39060,39059,39061,1,0,1
39062,39061,39063,1,0,1
39064,39063,39065,1,0,1
39066,39067,39068,1,1,1
39069,39068,39070,1,0,1
37935,39070,39071,0,0,1
37958,39071,39072,0,0,1
39058,37955,39073,0,0,1
39053,39073,39074,0,0,1
39065,39049,39075,0,0,1
39076,39075,39077,1,0,1
39074,39072,39078,0,0,1
39051,39078,39077,0,0,0
38856,37814,39079,0,0,1,1750
39080,39079,39081,1,0,1
39082,39081,39083,1,0,1
39084,39083,39085,1,0,1
39086,39087,39088,1,1,1
39089,39088,39090,1,0,1
39060,39090,39091,0,0,1
36893,39091,39085,0,0,0
39092,38408,39093,1,0,1,8405
39094,39093,39095,1,0,1
36975,39095,39096,1,0,1
37482,36979,39097,0,1,1
37479,39097,39098,0,0,1
38410,39098,39096,0,0,0
38747,38750,39099,0,0,1,14549
38582,38748,39100,0,0,1
38626,39100,39101,0,0,1
38579,39101,39099,0,0,0
35662,35354,39102,0,0,1,37840
35659,39102,39103,0,0,1
35660,39103,39104,0,0,1
35653,35657,39105,0,0,1
39106,39105,39107,1,0,1
39108,39107,39109,1,0,1
39110,39109,39111,1,0,1
39112,39111,39113,1,0,1
35359,39113,39114,0,0,1
35356,35360,39115,0,0,1
39104,35357,39116,0,0,1
35656,39116,39117,0,0,1
39114,39117,39115,0,0,0
38679,38336,39118,0,0,1,9158
38775,39118,39119,0,0,1
39120,39119,39121,1,0,1
39122,39121,39123,1,0,1
39124,39123,38349,1,0,0
38126,37428,39125,0,0,1,16854
38789,39125,39126,0,0,1
38787,39126,39127,0,0,1
38785,39127,39128,0,0,1
39129,39128,39130,1,0,1
39131,39130,39132,1,0,1
39133,39132,39134,1,0,1
38525,38541,39135,0,0,1,10966
38526,39135,39136,0,0,1
38523,39136,39137,0,0,1
39138,39139,39140,1,1,1
39141,39142,39143,1,1,1
38529,39143,39144,0,0,1
39137,39144,39140,0,0,0
38949,32150,39145,0,1,1,1750
38947,39145,39146,0,0,1
38945,39146,39147,0,0,1
5007,39147,39148,0,0,1
39149,5004,39150,1,0,1
3927,39150,39151,0,0,1
3928,39151,39152,0,0,1
32118,39152,39153,1,0,1
39154,39153,39155,1,0,1
39156,39155,39157,1,0,1
39158,39157,39148,1,0,0
35257,38064,39159,0,0,1,9944
39160,39159,39161,1,0,1
39162,39161,39163,1,0,1
38689,39163,39164,0,0,1
38687,39164,38367,0,0,0
37937,37939,39165,0,0,1,14036
39069,39165,39166,0,0,1
39167,39166,39168,1,0,1
39169,39168,39170,1,0,1
39171,39170,39172,1,0,1
39173,39172,38968,1,0,0
37832,36913,39174,0,0,1,10966
37829,39174,39175,0,0,1
37830,39175,39176,0,0,1
39177,39176,39178,1,0,1
39179,39180,39181,1,1,1
38850,39182,39183,0,1,1
39178,39183,39181,0,0,0
38216,36747,39184,0,0,1,10453
39185,39184,39186,1,0,1
39187,39186,39188,1,0,1
4738,4736,39189,1,1,1
4856,39189,39190,1,0,1
4845,39190,39191,1,0,1
36750,39191,39192,0,0,1
39188,36751,39193,0,0,1
4734,39193,39192,1,0,0
4693,4841,39194,1,1,1,981
39195,39194,39196,1,0,1
4690,39196,39197,1,0,1
4839,39197,4848,1,0,1
37525,38300,39198,0,0,1,213
38618,39198,39199,0,0,1
5029,39199,39200,0,0,1
5028,39200,39201,0,0,1
39202,39201,39203,1,0,1
39204,39203,39205,1,0,1
39206,39205,39207,1,0,1
39208,39207,39209,1,0,1
39210,39211,39212,1,1,1
39213,39214,39215,1,1,1
39216,39217,39218,1,1,1
5223,39219,39220,1,1,1
5225,39220,39221,1,0,1
5228,39221,39222,1,0,1
5231,5227,39223,1,1,1
39224,39223,39225,1,0,1
4679,39225,39226,1,0,1
4683,39226,39227,1,0,1
4682,39227,39228,1,0,1
4686,39228,39229,1,0,1
39195,4688,39230,0,1,1
4692,39230,39231,1,0,1
38302,39231,39232,0,0,1
38315,38303,39233,0,0,1
39209,39233,39234,0,0,1
39212,39234,39235,0,0,1
39215,39235,39236,0,0,1
39218,39236,39237,0,0,1
39222,39237,39238,0,0,1
39229,39238,39239,0,0,1
4685,39239,39232,1,0,0
37714,38416,39240,0,0,1,211
37568,39240,39241,0,0,1
37564,39241,39242,0,0,1
37565,39242,39243,0,0,1
39244,37562,39245,1,0,1
39246,39245,39247,1,0,1
39248,39247,39249,1,0,1
39250,39251,39252,1,1,1
39253,39252,39254,1,0,1
39255,39256,39257,1,1,1
39258,39257,39259,1,0,1
39260,39261,39262,1,1,1
39263,39262,39264,1,0,1
39265,39266,39267,1,1,1
39268,39267,39269,1,0,1
39270,39269,39271,1,0,1
39272,39271,39273,1,0,1
39274,39273,39275,1,0,1
39276,39277,39278,1,1,1
39279,39278,39280,1,0,1
39281,39282,39283,1,1,1
39284,39285,39286,1,1,1
39287,39288,39289,1,1,1
39290,39289,39291,1,0,1
39292,39293,39294,1,1,1
39295,39294,39296,1,0,1
39297,39298,39299,1,1,1
39300,39301,39302,1,1,1
39303,39304,39305,1,1,1
39306,39307,39308,1,1,1
39309,39308,39310,1,0,1
39311,39310,39312,1,0,1
5515,39312,39313,1,0,1
5521,5518,39314,1,1,1
39315,5523,39316,1,1,1
39317,39316,39318,1,0,1
5527,39318,39319,1,0,1
39320,5530,39321,1,1,1
39322,39323,39324,1,1,1
39325,39326,39327,1,1,1
39328,39327,39329,1,0,1
39330,39329,39331,1,0,1
39332,39331,39333,1,0,1
39334,39335,39336,1,1,1
39337,39338,39339,1,1,1
39340,39341,39342,1,1,1
39343,39342,39344,1,0,1
39345,39344,39346,1,0,1
39347,39348,39349,1,1,1
39350,39351,39352,1,1,1
39353,39352,39354,1,0,1
39355,39356,39357,1,1,1
39358,39357,39359,1,0,1
39360,39359,39361,1,0,1
38440,39362,39363,0,1,1
38438,39363,39364,0,0,1
38434,38436,39365,0,0,1
39366,38432,39367,1,0,1
38420,39367,39368,0,0,1
39243,38418,39369,0,0,1
37579,39369,39370,0,0,1
39254,39371,39372,0,1,1
39264,39259,39373,0,0,1
39280,39275,39374,0,0,1
39291,39286,39375,0,0,1
39296,39375,39376,0,0,1
39302,39299,39377,0,0,1
39305,39377,39378,0,0,1
39379,39378,39380,1,0,1
39314,39313,39381,0,0,1
39319,5520,39382,0,1,1
39321,39382,39383,0,0,1
39333,39324,39384,0,0,1
39336,39384,39385,0,0,1
39339,39386,39387,0,1,1
39349,39346,39388,0,0,1
39361,39354,39389,0,0,1
39390,39389,39391,1,0,1
39364,39391,39392,0,0,1
39370,39368,39393,0,0,1
39249,39393,39394,0,0,1
39373,39372,39395,0,0,1
39374,39396,39397,0,1,1
39283,39397,39398,0,0,1
39380,39376,39399,0,0,1
39381,39399,39400,0,0,1
39383,39400,39401,0,0,1
39385,39401,39402,0,0,1
39387,39402,39403,0,0,1
39388,39403,39404,0,0,1
39394,39365,39405,0,0,1
39395,39405,39406,0,0,1
39404,39398,39407,0,0,1
39392,39407,39406,0,0,0
37596,37542,39408,0,0,1,978
39409,37594,39410,1,0,1
39411,39410,39412,1,0,1
39413,39412,39414,1,0,1
39415,39414,39416,1,0,1
39417,39418,39419,1,1,1
39420,39421,39422,1,1,1
39423,39422,39424,1,0,1
39425,39426,39427,1,1,1
39428,39427,39429,1,0,1
39430,39431,39432,1,1,1
39433,39432,39434,1,0,1
39435,39436,39437,1,1,1
39438,39437,39439,1,0,1
39440,39441,39442,1,1,1
39443,39442,39444,1,0,1
39445,39444,39446,1,0,1
39447,39446,39448,1,0,1
39449,39448,39450,1,0,1
39451,39450,39452,1,0,1
39453,39452,39454,1,0,1
39455,39454,39456,1,0,1
39457,39458,39459,1,1,1
39274,39460,39461,0,1,1
39462,39461,39463,1,0,1
39464,39463,39465,1,0,1
39466,39465,39467,1,0,1
39468,39469,39470,1,1,1
39268,39471,39472,0,1,1
39265,39472,39473,0,0,1
39474,39473,39475,1,0,1
39476,39475,39477,1,0,1
39261,39477,39478,0,0,1
39258,39478,39479,0,0,1
39480,39479,39481,1,0,1
39482,39481,39483,1,0,1
39484,39483,39485,1,0,1
39486,39487,39488,1,1,1
39489,39488,39490,1,0,1
39491,39490,39492,1,0,1
39493,39492,39494,1,0,1
39244,39494,39495,0,0,1
37560,39495,39496,0,0,1
37557,39496,39497,0,0,1
37554,37558,39498,0,0,1
37551,37555,39499,0,0,1
37548,37552,39500,0,0,1
37576,37549,39501,0,0,1
37546,39501,39502,0,0,1
39408,37544,39503,0,0,1
39416,39503,39504,0,0,1
39424,39419,39505,0,0,1
39429,39505,39506,0,0,1
39439,39434,39507,0,0,1
39456,39507,39508,0,0,1
39467,39459,39509,0,0,1
39470,39509,39510,0,0,1
39497,39485,39511,0,0,1
39499,39498,39512,0,0,1
39500,39512,39513,0,0,1
39502,39513,39514,0,0,1
39504,39514,39515,0,0,1
39506,39515,39516,0,0,1
39508,39517,39518,0,1,1
39510,39518,39519,0,0,1
39511,39519,39516,0,0,0
39134,37431,39520,0,0,1,8662
39521,39522,39523,1,1,1
39524,39523,39525,1,0,1
39526,39525,39527,1,0,1
39528,39529,39530,1,1,1
39531,39532,39533,1,1,1
39534,39535,39536,1,1,1
39537,39538,39539,1,1,1
39540,39539,39541,1,0,1
39542,39543,39544,1,1,1
39545,39546,39547,1,1,1
39548,39547,39549,1,0,1
39550,39549,39551,1,0,1
39552,39553,39554,1,1,1
39555,39554,39556,1,0,1
39557,39556,39558,1,0,1
39559,39560,39561,1,1,1
39562,39563,39564,1,1,1
39565,39564,39566,1,0,1
39567,39566,39568,1,0,1
39569,39568,39570,1,0,1
39527,39571,39572,0,1,1
39530,39572,39573,0,0,1
39574,39573,39575,1,0,1
39541,39536,39576,0,0,1
39558,39551,39577,0,0,1
39561,39577,39578,0,0,1
39579,39578,39580,1,0,1
39575,39520,39581,0,0,1
39533,39581,39582,0,0,1
39583,39582,39584,1,0,1
39576,39584,39585,0,0,1
39586,39585,39587,1,0,1
39580,39544,39588,0,0,1
39570,39588,39587,0,0,0
38808,38138,39589,0,0,1,9174
39590,39589,39591,1,0,1
39592,39593,39594,1,1,1
39595,39596,39597,1,1,1
39598,39597,39599,1,0,1
39600,39599,39601,1,0,1
39602,39601,39603,1,0,1
39604,39603,39605,1,0,1
39606,39605,39607,1,0,1
39608,39607,39609,1,0,1
37742,39609,39610,0,0,1
39591,39610,39594,0,0,0
38965,38386,39611,0,0,1,1747
38963,39611,39612,0,0,1
39044,39612,39613,0,0,1
39614,39613,39615,1,0,1
39616,39615,39617,1,0,1
39618,39619,39620,1,1,1
39621,39620,39622,1,0,1
39623,39624,39625,1,1,1
39626,39627,39628,1,1,1
39629,39630,39631,1,1,1
39632,39631,39633,1,0,1
39634,39635,39636,1,1,1
38709,39637,39638,0,1,1
38389,38707,39639,0,0,1
39617,39639,39640,0,0,1
39625,39622,39641,0,0,1
39628,39641,39642,0,0,1
39643,39642,39644,1,0,1
39633,39644,39645,0,0,1
39636,39645,39646,0,0,1
39638,39646,39640,0,0,0
38217,39185,39647,0,0,1,14549
38213,39647,39648,0,0,1
38231,38214,39649,0,0,1
38211,39649,39650,0,0,1
39651,39650,39652,1,0,1
4731,39652,39653,1,0,1
39187,39653,39648,0,0,0
37111,37973,39654,0,0,1,8404
38459,39654,39655,0,0,1
38453,38457,39656,0,0,1
39657,38454,39658,1,0,1
38717,39658,39659,0,0,1
37853,39659,39660,0,0,1
39655,37850,39661,0,0,1
38456,39661,39662,0,0,1
39656,39662,39660,0,0,0
38910,38925,39663,0,0,1,456
39664,38911,39665,1,0,1
39666,39665,39667,1,0,1
39668,39669,39670,1,1,1
39671,39670,39672,1,0,1
39673,39672,39674,1,0,1
39675,39674,39676,1,0,1
38913,39676,39677,0,0,1
38914,39677,39678,0,0,1
39663,39678,39667,0,0,0
37437,38770,39679,0,0,1,10965
37435,39679,39680,0,0,1
39681,39682,39683,1,1,1
39684,39683,39685,1,0,1
39686,39687,39688,1,1,1
39689,39688,39690,1,0,1
39691,39690,39692,1,0,1
39120,39122,39693,0,0,1
38772,39693,39694,0,0,1
39680,38773,39695,0,0,1
39685,39695,39696,0,0,1
39692,39696,39694,0,0,0
37744,38783,39697,0,0,1,8662
39608,39697,39698,0,0,1
39699,39698,39700,1,0,1
39701,39700,39702,1,0,1
39703,39702,39704,1,0,1
39705,39704,39706,1,0,1
39707,39706,39708,1,0,1
39131,39708,39129,0,0,0
38802,38814,39709,0,0,1,982
39710,38803,39711,1,0,1
39596,39711,39712,0,0,1
39592,39712,39713,0,0,1
39593,39713,39714,0,0,1
38805,39590,39715,0,0,1
39709,38806,39716,0,0,1
39714,39716,39715,0,0,0
38935,38798,39717,0,0,1,1750
4947,39717,39718,0,0,1
39719,39718,39720,1,0,1
39721,39720,39722,1,0,1
39723,39724,39725,1,1,1
39726,39725,39727,1,0,1
39595,39727,39728,0,0,1
39710,39728,39729,0,0,1
39722,38800,39730,0,0,1
39731,39730,39729,1,0,0
39141,38528,39732,0,0,1,2774
39138,39142,39733,0,0,1
39139,39733,39734,0,0,1
38521,39734,39735,0,0,1
38519,39735,39736,0,0,1
4885,4889,39737,0,0,1
4883,4886,39738,0,0,1
39732,39738,39739,0,0,1
39736,39739,39737,0,0,0
3978,38503,39740,0,0,1,10968
38513,3979,39741,0,0,1
38510,39741,39742,0,0,1
38511,39742,39743,0,0,1
38507,39743,39744,0,0,1
38508,39744,39745,0,0,1
38505,39745,39740,0,0,0
38711,38829,39746,0,0,1,11224
39747,39746,39748,1,0,1
39749,39748,39750,1,0,1
38837,39751,39752,0,1,1
38833,39752,39753,0,0,1
38831,38834,39754,0,0,1
39750,39754,39753,0,0,0
38100,38659,39755,0,0,1,8648
39756,39755,39757,1,0,1
39758,39757,39759,1,0,1
39760,39759,39761,1,0,1
39762,39761,39763,1,0,1
39764,39763,39765,1,0,1
39766,39765,39767,1,0,1
39768,39767,39769,1,0,1
39770,39769,39771,1,0,1
39772,39771,39773,1,0,1
39774,39773,39775,1,0,1
39776,39775,39777,1,0,1
39778,39777,39779,1,0,1
39664,39779,38661,0,0,0
39569,37433,39780,0,0,1,16855
39781,39780,39782,1,0,1
39783,39782,39784,1,0,1
39785,39784,39682,1,0,0
39158,32147,39786,0,1,1,10966
39787,39788,39789,1,1,1
39790,39791,39792,1,1,1
39793,39792,39794,1,0,1
38548,39795,39796,0,1,1
39786,39796,39797,0,0,1
39789,39797,39794,0,0,0
39066,39167,39798,0,0,1,9941
39799,39798,39800,1,0,1
38974,39800,39801,0,0,1
39034,38975,39802,0,0,1
38972,39802,39803,0,0,1
38970,39803,39804,0,0,1
39173,39804,39805,0,0,1
39171,39805,39806,0,0,1
39169,39806,39801,0,0,0
38209,39651,39807,0,0,1,10453
38206,39807,39808,0,0,1
38204,38207,39809,0,0,1
4854,39809,39810,1,0,1
4732,39810,39808,1,0,0
4716,38191,39811,1,0,1,10453
4719,39811,39812,1,0,1
4718,39812,39813,1,0,1
38197,4829,39814,0,1,1
38195,39814,39815,0,0,1
38193,39815,39813,0,0,0
38470,38472,39816,0,0,1,8404
39817,39816,39818,1,0,1
39819,39818,39820,1,0,1
39821,39820,38447,1,0,0
39675,38916,39822,0,0,1,199
39671,39673,39823,0,0,1
39824,39823,39825,1,0,1
39826,39825,39827,1,0,1
39828,39827,39829,1,0,1
39830,39829,39831,1,0,1
39832,39831,39833,1,0,1
39834,39833,39822,1,0,0
39835,36168,39836,1,0,1,1735
39837,39836,39838,1,0,1
39839,39840,39841,1,1,1
39842,39843,39844,1,1,1
36172,39844,39845,0,0,1
39838,39845,39841,0,0,0
39846,38025,39847,1,0,1,8903
39848,39847,39849,1,0,1
39850,39849,39851,1,0,1
39852,39851,39853,1,0,1
39854,39855,39856,1,1,1
39857,39856,39858,1,0,1
39859,39837,39860,1,0,1
39861,39862,39863,1,1,1
39853,39864,39865,0,1,1
39858,39865,39866,0,0,1
39860,39866,39863,0,0,0
39681,39684,39867,0,0,1,42704
39868,39785,39869,1,0,1
39870,39871,39872,1,1,1
39873,39872,39874,1,0,1
39689,39874,39875,0,0,1
39686,39875,39876,0,0,1
39867,39687,39877,0,0,1
39869,39877,39876,0,0,0
4935,4877,39878,0,0,1,215
4949,4874,39879,0,0,1
4933,39879,39880,0,0,1
4870,39880,39881,0,0,1
4871,39881,39882,0,0,1
4868,39882,39883,0,0,1
39878,4865,39884,0,0,1
4873,39884,39883,0,0,0
38556,38558,39885,0,0,1,10966
38552,38554,39886,0,0,1
39887,39886,39888,1,0,1
32129,32126,39889,1,1,1
32132,32128,39890,1,1,1
39885,39890,39891,0,0,1
39888,39891,39889,0,0,0
35654,39892,39893,0,1,1,37840
35650,39893,39894,0,0,1
35651,39894,39895,0,0,1
35647,39895,39896,0,0,1
39897,39898,39899,1,1,1
39900,39899,39901,1,0,1
39902,39901,39903,1,0,1
39904,39903,39896,1,0,0
39905,38486,39906,1,0,1,9929
39907,39906,39908,1,0,1
39758,39909,39910,0,1,1
39756,39910,39911,0,0,1
38098,39911,39912,0,0,1
38095,39912,39913,0,0,1
38488,39913,39908,0,0,0
39914,36174,39915,1,0,1,9928
39916,39915,39917,1,0,1
39918,39917,39919,1,0,1
39920,39921,39922,1,1,1
39760,39923,39924,0,1,1
39909,39924,39925,0,0,1
39907,39925,39926,0,0,1
39905,39926,39927,0,0,1
39919,39927,39922,0,0,0
39864,38011,39928,0,0,1,9159
39861,39928,39929,0,0,1
39862,39929,39930,0,0,1
39859,39930,39931,0,0,1
39835,39931,39932,0,0,1
36169,39932,36165,0,0,0
38343,38005,39933,0,0,1,9925
38341,39933,39934,0,0,1
39935,39934,39936,1,0,1
39937,39938,39939,1,1,1
39940,39939,39941,1,0,1
39942,39941,39943,1,0,1
39944,39943,39945,1,0,1
39946,39947,39948,1,1,1
39949,39950,39951,1,1,1
39952,39951,39953,1,0,1
39945,39954,39955,0,1,1
39948,39955,39956,0,0,1
39953,39957,39958,0,1,1
39936,39958,39956,0,0,0
39873,39691,39959,0,0,1,42688
39960,39959,39961,1,0,1
39962,39961,39963,1,0,1
39964,39963,39965,1,0,1
38338,39935,39966,0,0,1
38339,39966,39967,0,0,1
39124,39967,39965,0,0,0
38839,35255,39968,0,0,1,9175
39751,38836,39969,0,0,1
39970,39969,39971,1,0,1
39972,39971,39973,1,0,1
39974,39973,39975,1,0,1
39976,39977,39978,1,1,1
39979,39980,39981,1,1,1
39982,39981,39983,1,0,1
39984,39983,39985,1,0,1
38691,39985,39986,0,0,1
39162,39986,39987,0,0,1
39968,39160,39988,0,0,1
39975,39988,39989,0,0,1
39978,39989,39987,0,0,0
38712,39747,39990,0,0,1,9939
39637,39990,39991,0,0,1
39634,39991,39992,0,0,1
39632,39635,39993,0,0,1
39994,39993,39995,1,0,1
39996,39995,39997,1,0,1
39998,39997,39992,1,0,0
39179,39182,39999,0,0,1,8406
40000,39180,40001,1,0,1
40002,40001,40003,1,0,1
40004,40005,40006,1,1,1
40007,40006,40008,1,0,1
40009,40008,40010,1,0,1
40011,40010,40012,1,0,1
38854,40012,40013,0,0,1
39999,38852,40014,0,0,1
40003,40014,40013,0,0,0
36981,37485,40015,1,0,1,214
36987,36985,40016,1,1,1
40017,36989,40018,1,1,1
40019,40018,40020,1,0,1
37003,37000,40021,1,1,1
37002,40021,40022,1,0,1
40023,37005,40024,1,1,1
40025,40024,40026,1,0,1
40027,40026,40028,1,0,1
40029,40028,40030,1,0,1
40015,37825,40031,0,0,1
40020,40016,40032,0,0,1
40022,40032,40033,0,0,1
40031,40030,40034,0,0,1
36983,40034,40033,1,0,0
38200,38224,40035,0,0,1,2262
4727,4724,40036,1,1,1
4729,4726,40037,1,1,1
38202,40037,40038,0,0,1
40035,40038,40036,0,0,0
38451,39657,40039,0,0,1,14548
38449,40039,40040,0,0,1
39821,38446,40041,0,0,1
40042,40041,40043,1,0,1
40044,40043,40045,1,0,1
38724,40045,40046,0,0,1
38721,40046,40047,0,0,1
38719,40047,40040,0,0,0
39778,39666,40048,0,0,1,2760
40049,40048,40050,1,0,1
40051,40050,40052,1,0,1
40053,40052,39669,1,0,0
38007,38009,40054,0,0,1,8901
39952,40054,40055,0,0,1
40056,40055,40057,1,0,1
40058,40057,40059,1,0,1
40060,40059,40061,1,0,1
40062,40061,40063,1,0,1
40064,40065,40066,1,1,1
39846,40066,40063,0,0,0
39705,39707,40067,0,0,1,8661
40068,40067,40069,1,0,1
40070,40071,40072,1,1,1
40073,40074,40075,1,1,1
40076,40075,40077,1,0,1
40078,40077,40079,1,0,1
40080,40079,40081,1,0,1
40082,40081,40083,1,0,1
40084,40083,40085,1,0,1
39545,40085,40086,0,0,1
39571,40087,40088,0,1,1
39133,40088,40089,0,0,1
40069,40089,40090,0,0,1
40091,40090,40092,1,0,1
40072,40092,40093,0,0,1
40094,40093,40086,1,0,0
39604,39606,40095,0,0,1,9942
39600,39602,40096,0,0,1
40078,40097,40098,0,1,1
40076,40098,40099,0,0,1
40100,40101,40102,1,1,1
39701,40102,40103,0,0,1
40095,39699,40104,0,0,1
40096,40104,40105,0,0,1
40099,40105,40103,0,0,0
39795,38550,40106,0,0,1,19159
39793,40106,40107,0,0,1
40108,40107,40109,1,0,1
32123,40109,39887,1,0,0
39089,39062,40110,0,0,1,1749
40111,40112,40113,1,1,1
40114,40113,40115,1,0,1
39076,40115,40116,0,0,1
39064,40116,40110,0,0,0
40117,39084,40118,1,0,1,10966
40119,40120,40121,1,1,1
39086,40121,40122,0,0,1
40118,39087,40123,0,0,1
40124,40123,40122,1,0,0
40125,39082,40126,1,0,1,10965
40127,40128,40129,1,1,1
40130,40129,40131,1,0,1
40132,40133,40134,1,1,1
40135,40134,40136,1,0,1
40137,40138,40139,1,1,1
40124,40139,40140,0,0,1
40126,40117,40141,0,0,1
40131,40141,40142,0,0,1
40136,40142,40140,0,0,0
40011,39080,40143,0,0,1,2773
40144,40143,40145,1,0,1
40146,40145,40147,1,0,1
40023,40148,40149,0,1,1
37010,37007,40150,1,1,1
37013,40150,40151,1,0,1
37070,37012,40152,1,1,1
40153,40152,40154,1,0,1
40155,40156,40157,1,1,1
40158,40157,40159,1,0,1
40160,40159,40161,1,0,1
40162,40161,40163,1,0,1
40164,40165,40166,1,1,1
40167,40166,40168,1,0,1
40169,40168,40170,1,0,1
40171,40172,40173,1,1,1
40174,40175,40176,1,1,1
40177,40178,40179,1,1,1
40180,40179,40181,1,0,1
40182,40183,40184,1,1,1
40185,40184,40186,1,0,1
40187,40188,40189,1,1,1
40112,40189,40190,0,0,1
40119,40190,40191,0,0,1
40120,40191,40192,0,0,1
40137,40192,40193,0,0,1
40138,40193,40194,0,0,1
40135,40194,40195,0,0,1
40132,40195,40196,0,0,1
40130,40133,40197,0,0,1
40125,40128,40198,0,0,1
40147,40198,40199,0,0,1
40149,40199,40200,0,0,1
40151,37008,40201,0,1,1
40154,40201,40202,0,0,1
40163,40202,40203,0,0,1
40170,40203,40204,0,0,1
40205,40204,40206,1,0,1
40173,40206,40207,0,0,1
40176,40207,40208,0,0,1
40181,40208,40209,0,0,1
40210,40209,40211,1,0,1
40186,40211,40212,0,0,1
40196,40212,40213,0,0,1
40197,40213,40214,0,0,1
40127,40214,40200,0,0,0
40029,37827,40215,0,0,1,213
40027,40215,40216,0,0,1
40025,40216,40217,0,0,1
40146,40148,40218,0,0,1
40009,40144,40219,0,0,1
40007,40219,40220,0,0,1
40004,40220,40221,0,0,1
40002,40005,40222,0,0,1
39177,40000,40223,0,0,1
40217,40223,40224,0,0,1
40218,40224,40225,0,0,1
40221,40225,40222,0,0,0
38422,38424,40226,0,0,1,8404
39366,40226,40227,0,0,1
38429,40227,40228,0,0,1
38430,40228,40229,0,0,1
38426,38468,40230,0,0,1
38483,38427,40231,0,0,1
40229,40231,40230,0,0,0
39830,39832,40232,0,0,1,14023
40233,39828,40234,1,0,1
40235,40234,40236,1,0,1
40237,40236,40238,1,0,1
40239,40238,40240,1,0,1
40241,40240,40232,1,0,0
40053,39668,40242,0,0,1,9928
40243,40242,40244,1,0,1
40245,40244,40246,1,0,1
40247,40248,40249,1,1,1
40250,40251,40252,1,1,1
40253,40254,40255,1,1,1
40239,40256,40257,0,1,1
40235,40237,40258,0,0,1
39824,39826,40259,0,0,1
40249,40246,40260,0,0,1
40252,40260,40261,0,0,1
40262,40261,40263,1,0,1
40257,40255,40264,0,0,1
40258,40264,40265,0,0,1
40233,40265,40266,0,0,1
40259,40266,40263,0,0,0
39842,36171,40267,0,0,1,9927
39839,39843,40268,0,0,1
40269,40268,40270,1,0,1
40271,40272,40273,1,1,1
40274,40275,40276,1,1,1
40277,40276,40278,1,0,1
40279,40278,40280,1,0,1
40281,40280,40282,1,0,1
40283,40282,40284,1,0,1
39916,39918,40285,0,0,1
36175,39914,40286,0,0,1
40267,40286,40287,0,0,1
40270,40287,40288,0,0,1
40284,40273,40289,0,0,1
39921,40289,40290,0,0,1
40288,40285,40291,0,0,1
40292,40291,40290,1,0,0
39528,39574,40293,0,0,1,12758
39526,39529,40294,0,0,1
39524,40294,40295,0,0,1
39521,40295,40296,0,0,1
40297,40298,40299,1,1,1
39537,40299,40300,0,0,1
39538,40300,40301,0,0,1
39534,40301,40302,0,0,1
39583,39535,40303,0,0,1
39531,40303,40304,0,0,1
40293,39532,40305,0,0,1
40296,40305,40306,0,0,1
40302,40306,40304,0,0,0
39799,38977,40307,0,0,1,10966
40114,39067,40308,0,0,1
40187,40111,40309,0,0,1
40310,40309,40311,1,0,1
40312,40313,40314,1,1,1
40315,40316,40317,1,1,1
40318,40319,40320,1,1,1
40321,40322,40323,1,1,1
40324,40323,40325,1,0,1
40326,40325,40327,1,0,1
40328,40327,40329,1,0,1
40330,40329,40331,1,0,1
40332,40331,40333,1,0,1
38987,40333,40334,0,0,1
40335,38983,40336,1,0,1
40337,40338,40339,1,1,1
40340,40341,40342,1,1,1
38984,40343,40344,0,1,1
38981,40344,40345,0,0,1
38979,40345,40346,0,0,1
40307,40346,40347,0,0,1
40308,40347,40348,0,0,1
40317,40314,40349,0,0,1
40334,40350,40351,0,1,1
40336,40351,40352,0,0,1
40348,40342,40353,0,0,1
40311,40353,40354,0,0,1
40352,40320,40355,0,0,1
40339,40355,40356,0,0,1
40357,40356,40358,1,0,1
40354,40359,40360,0,1,1
40349,40360,40361,0,0,1
40362,40361,40358,1,0,0
4768,36956,40363,1,1,1,8405
4771,40363,40364,1,0,1
40365,40364,40366,1,0,1
40367,40366,40368,1,0,1
40369,40368,40370,1,0,1
36952,40371,40372,1,1,1
37064,36954,40373,1,1,1
40370,40373,40372,0,0,0
40064,39848,40374,0,0,1,8902
39855,40375,40376,0,1,1
39852,40376,40377,0,0,1
39850,40377,40374,0,0,0
39783,39868,40378,0,0,1,10950
39567,39781,40379,0,0,1
40380,40379,40381,1,0,1
40382,40381,40383,1,0,1
40384,40383,40385,1,0,1
40386,40385,40387,1,0,1
40388,40387,40389,1,0,1
40390,40389,40391,1,0,1
40392,40391,40393,1,0,1
40394,40393,40395,1,0,1
40396,39937,40397,1,0,1
40398,40397,40399,1,0,1
40400,40399,40401,1,0,1
39870,40402,40403,0,1,1
40378,39871,40404,0,0,1
40401,40395,40405,0,0,1
40403,40405,40404,0,0,0
39703,40068,40406,0,0,1,469
40100,40406,40407,0,0,1
40101,40407,40408,0,0,1
40073,40408,40409,0,0,1
40074,40409,40410,0,0,1
40070,40094,40411,0,0,1
40091,40071,40412,0,0,1
40410,40412,40411,0,0,0
39726,39598,40413,0,0,1,9943
40414,40413,40415,1,0,1
40416,40415,40417,1,0,1
40418,40417,40419,1,0,1
40420,40419,40421,1,0,1
40422,40421,40423,1,0,1
40424,40425,40426,1,1,1
40427,40428,40429,1,1,1
40430,40429,40431,1,0,1
40432,40431,40433,1,0,1
40434,40435,40436,1,1,1
40437,40438,40439,1,1,1
40440,40439,40441,1,0,1
40442,40443,40444,1,1,1
40445,40446,40447,1,1,1
40448,40449,40450,1,1,1
40451,40450,40452,1,0,1
40453,40452,40454,1,0,1
40455,40454,40456,1,0,1
40457,40456,40458,1,0,1
40459,40458,40460,1,0,1
40461,40462,40463,1,1,1
40464,40465,40466,1,1,1
40467,40466,40468,1,0,1
40469,40468,40470,1,0,1
40471,40470,40472,1,0,1
40473,40474,40475,1,1,1
39552,40475,40476,0,0,1
40477,40476,40478,1,0,1
40479,40480,40481,1,1,1
40482,40481,40483,1,0,1
40080,40484,40485,0,1,1
40097,40485,40486,0,0,1
40423,40486,40487,0,0,1
40426,40487,40488,0,0,1
40444,40441,40489,0,0,1
40490,40489,40491,1,0,1
40447,40491,40492,0,0,1
40460,40492,40493,0,0,1
40463,40493,40494,0,0,1
40472,40494,40495,0,0,1
40478,40495,40496,0,0,1
40488,40497,40498,0,1,1
40433,40498,40499,0,0,1
40500,40499,40501,1,0,1
40496,40436,40502,0,0,1
40483,40502,40501,0,0,0
5026,39202,40503,0,0,1,2261
40504,40503,40505,1,0,1
40506,40505,40507,1,0,1
40508,40507,40509,1,0,1
40510,40509,40511,1,0,1
40512,40511,40513,1,0,1
40514,40513,39204,1,0,0
40515,40516,40517,1,1,1,10454
40518,40517,40519,1,0,1
40520,40521,40522,1,1,1
40523,40524,40525,1,1,1
40526,40525,40527,1,0,1
40528,40527,40529,1,0,1
40530,40529,40531,1,0,1
40519,40532,40533,0,1,1
40522,40533,40531,0,0,0
39946,39957,40534,0,0,1,1733
39944,39947,40535,0,0,1
40536,40535,40537,1,0,1
40538,40537,40539,1,0,1
39949,40539,40540,0,0,1
39950,40540,40534,0,0,0
40400,40402,40541,0,0,1,1733
40398,40541,40542,0,0,1
39954,39938,40543,0,0,1
39964,40543,40544,0,0,1
39960,39962,40545,0,0,1
40542,40545,40546,0,0,1
40396,40546,40544,0,0,0
3971,38538,40547,0,0,1,215
4940,4896,40548,0,0,1
4894,40548,40549,0,0,1
4891,40549,40547,0,0,0
40550,40551,40552,1,1,1,18133
40553,40552,40554,1,0,1
40555,40554,40556,1,0,1
36562,40557,40558,0,1,1
36598,40558,40559,0,0,1
40560,40559,40561,1,0,1
40562,40561,40563,1,0,1
40564,40563,40565,1,0,1
40566,40565,40567,1,0,1
40568,40567,40556,1,0,0
38699,36566,40569,0,1,1,18134
40570,38695,40571,1,0,1
40572,40571,40573,1,0,1
40553,40573,40574,1,0,1
40555,40574,40575,1,0,1
36561,40557,40576,1,1,1
40569,36564,40577,0,1,1
38697,40577,40578,0,0,1
40575,40578,40576,0,0,0
39998,39749,40579,0,0,1,11220
39996,40579,40580,0,0,1
39994,40580,40581,0,0,1
40582,39629,40583,1,0,1
40584,40583,40585,1,0,1
39972,40585,40586,0,0,1
39970,40586,40581,0,0,0
38989,38991,40587,0,0,1,9941
40332,38986,40588,0,0,1
40589,40588,40590,1,0,1
39000,40590,40591,0,0,1
38996,39040,40592,0,0,1
38993,38997,40593,0,0,1
40587,38994,40594,0,0,1
40591,40594,40595,0,0,1
40592,40595,40593,0,0,0
40340,40343,40596,0,0,1,15061
40359,40341,40597,0,0,1
40357,40597,40598,0,0,1
40337,40598,40599,0,0,1
40338,40599,40600,0,0,1
40335,40600,40596,0,0,0
40601,40602,40603,1,1,1,212
40371,40603,40604,1,0,1
36949,40604,40605,0,0,1
36946,36950,40606,0,0,1
37060,36947,40607,0,0,1
40608,40607,40609,1,0,1
40610,40609,40611,1,0,1
40605,40611,40606,0,0,0
40612,40613,40614,1,1,1,2260
40615,40616,40617,1,1,1
40618,40619,40620,1,1,1
40621,40622,40623,1,1,1
40624,40623,40625,1,0,1
4775,40625,40626,0,0,1
4773,4776,40627,0,0,1
4770,40627,40628,0,0,1
40365,40628,40629,1,0,1
40367,40629,40630,1,0,1
40369,40630,40631,1,0,1
40601,40631,40632,0,0,1
40633,40602,40634,1,0,1
40635,40636,40637,1,1,1
40614,40638,40639,0,1,1
40620,40617,40640,0,0,1
40626,40640,40641,0,0,1
40634,40632,40642,0,0,1
40637,40642,40643,0,0,1
40639,40643,40641,0,0,0
40538,40056,40644,0,0,1,709
40062,40645,40646,0,1,1
40060,40646,40647,0,0,1
40058,40647,40644,0,0,0
40087,39522,40648,0,0,1,16856
39542,39546,40649,0,0,1
39543,40649,40650,0,0,1
39586,40650,40651,0,0,1
39540,40651,40652,0,0,1
40297,40652,40653,0,0,1
40298,40653,40648,0,0,0
4945,4953,40654,0,0,1,215
40655,40654,40656,1,0,1
40657,40658,40659,1,1,1
4924,40659,40660,0,0,1
4922,4925,40661,0,0,1
4920,40661,40662,0,0,1
40663,40662,40664,1,0,1
40665,40664,40666,1,0,1
40667,40666,40668,1,0,1
40669,40668,40670,1,0,1
40671,40670,40672,1,0,1
40673,40672,40674,1,0,1
40675,40674,40676,1,0,1
40677,40676,40678,1,0,1
40679,40680,40681,1,1,1
40682,40681,40683,1,0,1
40684,40683,40685,1,0,1
40686,40685,40687,1,0,1
40688,40689,40690,1,1,1
40691,40692,40693,1,1,1
40694,40695,40696,1,1,1
40697,40698,40699,1,1,1
40700,40699,40701,1,0,1
40702,40701,40703,1,0,1
40704,40703,40705,1,0,1
40706,40707,40708,1,1,1
39719,40709,40710,0,1,1
40656,40710,40711,0,0,1
40712,40711,40713,1,0,1
40660,40713,40714,0,0,1
40687,40678,40715,0,0,1
40690,40715,40716,0,0,1
40696,40693,40717,0,0,1
40705,40717,40718,0,0,1
40714,40708,40719,0,0,1
40716,40719,40718,0,0,0
40720,4962,40721,1,0,1,18134
40722,40721,40723,1,0,1
40724,40723,40725,1,0,1
40726,40725,40727,1,0,1
40728,40729,40730,1,1,1
40731,40730,40732,1,0,1
40733,40732,40734,1,0,1
40735,40734,40736,1,0,1
40737,40738,40739,1,1,1
40740,40739,40741,1,0,1
40742,40741,40743,1,0,1
4979,40743,40744,0,0,1
4977,4980,40745,0,0,1
40746,40747,40748,1,1,1
40727,40748,40749,0,0,1
40736,40750,40751,0,1,1
40752,40751,40753,1,0,1
40754,40753,40755,1,0,1
40744,40755,40756,0,0,1
40745,40756,40749,0,0,0
36596,40560,40757,0,0,1,14037
40758,40757,40759,1,0,1
40250,40262,40760,0,0,1,9929
40247,40251,40761,0,0,1
40248,40761,40762,0,0,1
40763,40762,40764,1,0,1
40765,40764,40766,1,0,1
40767,40768,40769,1,1,1
40770,40771,40772,1,1,1
40773,40774,40775,1,1,1
40253,40775,40776,0,0,1
40254,40776,40777,0,0,1
40760,40777,40778,0,0,1
40769,40766,40779,0,0,1
40772,40779,40780,0,0,1
40781,40780,40778,1,0,0
39723,40414,40782,0,0,1,1751
40783,40782,40784,1,0,1
40785,40786,40787,1,1,1
40788,40787,40789,1,0,1
40790,40789,40791,1,0,1
40416,40791,40784,0,0,0
40709,39721,40792,0,0,1,1751
40706,40792,40793,0,0,1
40704,40707,40794,0,0,1
40702,40794,40795,0,0,1
40796,40795,40797,1,0,1
40798,40799,40800,1,1,1
40801,40802,40803,1,1,1
40793,40803,40804,0,0,1
40797,40804,40800,0,0,0
39790,40108,40805,0,0,1,15062
39787,39791,40806,0,0,1
39156,39788,40807,0,0,1
39154,40807,40808,0,0,1
32117,40808,40809,1,0,1
32121,40809,40810,1,0,1
32120,40810,40811,1,0,1
40805,32124,40812,0,1,1
40806,40812,40811,0,0,0
40584,39974,40813,0,0,1,17364
40814,40815,40816,1,1,1
40817,40816,40818,1,0,1
40819,40820,40821,1,1,1
39979,40821,40822,0,0,1
39976,39980,40823,0,0,1
40813,39977,40824,0,0,1
40818,40824,40825,0,0,1
40822,40825,40823,0,0,0
40188,40310,40826,0,0,1,10965
40185,40826,40827,0,0,1
40828,40827,40829,1,0,1
40830,40829,40831,1,0,1
40832,40833,40834,1,1,1
40835,40836,40837,1,1,1
40838,40837,40839,1,0,1
40840,40839,40841,1,0,1
40842,40841,40843,1,0,1
40844,40843,40845,1,0,1
40846,40847,40848,1,1,1
40849,40850,40851,1,1,1
40852,40853,40854,1,1,1
40855,40854,40856,1,0,1
40857,40856,40858,1,0,1
40859,40858,40860,1,0,1
40861,40860,40862,1,0,1
40863,39002,40864,1,0,1
40865,40864,40866,1,0,1
40326,40866,40867,0,0,1
40868,40324,40869,1,0,1
40870,40871,40872,1,1,1
40313,40872,40873,0,0,1
40831,40873,40874,0,0,1
40834,40874,40875,0,0,1
40845,40875,40876,0,0,1
40848,40876,40877,0,0,1
40862,40878,40879,0,1,1
40877,40869,40880,0,0,1
40881,40880,40882,1,0,1
40879,40851,40883,0,0,1
40882,40867,40884,0,0,1
40885,40884,40883,1,0,0
40886,39819,40887,1,0,1,18644
38723,38727,40888,0,0,1
40044,40888,40889,0,0,1
40042,40889,40887,0,0,0
37589,37592,40890,0,0,1,977
40891,40892,40893,1,1,1
35635,40894,40895,0,1,1
40896,35633,40897,1,0,1
40898,40899,40900,1,1,1
40901,40902,40903,1,1,1
40904,40905,40906,1,1,1
40907,40908,40909,1,1,1
35629,40910,40911,0,1,1
35625,35627,40912,0,0,1
35621,35623,40913,0,0,1
35619,40913,40914,0,0,1
40915,35617,40916,1,0,1
40917,40918,40919,1,1,1
39441,40919,40920,0,0,1
39438,40920,40921,0,0,1
39435,40921,40922,0,0,1
39433,39436,40923,0,0,1
39517,39431,40924,0,0,1
39428,40924,40925,0,0,1
39423,39426,40926,0,0,1
39417,39421,40927,0,0,1
39415,39418,40928,0,0,1
39413,40928,40929,0,0,1
39409,39411,40930,0,0,1
40890,40930,40931,0,0,1
40893,40931,40932,0,0,1
40897,40895,40933,0,0,1
40900,40933,40934,0,0,1
40903,40934,40935,0,0,1
40936,40935,40937,1,0,1
40911,40909,40938,0,0,1
40922,40916,40939,0,0,1
40923,40939,40940,0,0,1
39430,40940,40941,0,0,1
40925,40941,40942,0,0,1
39425,40942,40943,0,0,1
40926,40943,40944,0,0,1
40927,39420,40945,0,0,1
40929,40945,40946,0,0,1
40932,40946,40947,0,0,1
40937,40947,40948,0,0,1
40949,40948,40950,1,0,1
40906,40950,40951,0,0,1
40938,40951,40952,0,0,1
40912,40952,40953,0,0,1
40914,40953,40944,0,0,0
39776,40049,40954,0,0,1,456
40955,39774,40956,1,0,1
40957,40956,40958,1,0,1
40765,40959,40960,0,1,1
40245,40763,40961,0,0,1
40051,40243,40962,0,0,1
40954,40962,40963,0,0,1
40958,40963,40964,0,0,1
40960,40964,40961,0,0,0
39857,39840,40965,0,0,1,9926
40966,40965,40967,1,0,1
40968,40969,40970,1,1,1
40971,40970,40972,1,0,1
40973,40974,40975,1,1,1
40976,40975,40977,1,0,1
40271,40978,40979,0,1,1
40980,40979,40981,1,0,1
40972,40967,40982,0,0,1
40983,40982,40984,1,0,1
40977,40984,40981,0,0,0
40375,39854,40985,0,0,1,9158
40986,40985,40987,1,0,1
40988,40987,40989,1,0,1
40990,40991,40992,1,1,1
40392,40992,40993,0,0,1
40994,40993,40995,1,0,1
40996,40995,40997,1,0,1
40998,40997,40999,1,0,1
41000,40999,41001,1,0,1
41002,41003,41004,1,1,1
41005,41004,41006,1,0,1
41007,41006,41008,1,0,1
41009,41008,41010,1,0,1
41011,41010,41012,1,0,1
41013,41014,41015,1,1,1
40969,41015,41016,0,0,1
40989,40966,41017,0,0,1
41018,41017,41019,1,0,1
41001,41019,41020,0,0,1
41021,41020,41022,1,0,1
41012,41022,41016,0,0,0
40536,40645,41023,0,0,1,965
39942,41023,41024,0,0,1
41025,41024,41026,1,0,1
41027,41026,41028,1,0,1
41029,41028,41030,1,0,1
41031,41030,41032,1,0,1
40986,41032,40065,0,0,0
40550,40572,41033,0,1,1,14037
40568,40551,41034,0,0,1
41035,41034,41036,1,0,1
41037,41036,41038,1,0,1
41039,41038,41040,1,0,1
41041,41042,41043,1,1,1
39984,41043,41044,1,0,1
38693,41044,41045,1,0,1
40570,41045,41046,1,0,1
41033,41046,41040,0,0,0
40315,40362,41047,0,0,1,2774
40312,40316,41048,0,0,1
40870,41048,41049,0,0,1
40871,41049,41050,0,0,1
40868,41050,41051,0,0,1
40321,41051,41052,0,0,1
40322,41052,41053,0,0,1
40318,40350,41054,0,0,1
41047,40319,41055,0,0,1
41053,41055,41054,0,0,0
41056,41057,41058,1,1,1,2261
41059,41058,41060,1,0,1
37044,41060,41061,0,0,1
37041,37045,41062,0,0,1
41063,41064,41065,1,1,1
41066,41067,41068,1,1,1
41061,41069,41070,0,1,1
41065,41062,41071,0,0,1
41068,41071,41070,0,0,0
40801,39731,41072,0,0,1,2775
40798,40802,41073,0,0,1
41074,41073,41075,1,0,1
41076,41075,41077,1,0,1
40786,41077,41078,0,0,1
40783,41078,41079,0,0,1
39724,41079,41072,0,0,0
40330,40589,41080,0,0,1,19158
40865,40328,41081,0,0,1
40863,41081,41082,0,0,1
38999,41082,41080,0,0,0
4783,4780,41083,1,1,1,10453
4833,4782,41084,1,1,1
4786,41084,41085,1,0,1
4785,41085,41086,1,0,1
41087,41086,41088,1,0,1
41089,41088,41090,1,0,1
41091,41090,41092,1,0,1
41093,41092,41094,1,0,1
41095,41096,41097,1,1,1
40624,41097,41098,1,0,1
41094,41083,41099,0,0,1
41098,41100,41101,0,1,1
4778,41101,41099,1,0,0
38631,38615,41102,0,0,1,10453
38612,41102,41103,0,0,1
41104,41105,41106,1,1,1
40504,41107,41108,0,1,1
41103,41108,41106,0,0,0
40770,40781,41109,0,0,1,1737
40767,40771,41110,0,0,1
40959,40768,41111,0,0,1
41112,41113,41114,1,1,1
41115,41114,41116,1,0,1
41117,41118,41119,1,1,1
41120,41119,41121,1,0,1
41122,41121,41123,1,0,1
40774,41123,41124,0,0,1
41109,41124,41125,0,0,1
41110,41125,41126,0,0,1
41111,41126,41116,0,0,0
39920,39923,41127,0,0,1,1735
41128,40283,41129,1,0,1
41130,41129,41131,1,0,1
39762,41132,41133,0,1,1
41127,41133,41131,0,0,0
40980,40269,41134,0,0,1,1735
40272,41134,40292,0,0,0
40394,39940,41135,0,0,1,9157
40990,41135,41136,0,0,1
40991,41136,41137,0,0,1
41031,40988,41138,0,0,1
41027,41029,41139,0,0,1
41137,41025,41140,0,0,1
41138,41018,41141,0,0,1
41139,41141,41140,0,0,0
41142,41143,41144,1,1,1,14037
41145,41146,41147,1,1,1
41148,41149,41150,1,1,1
41151,41150,41152,1,0,1
41153,41154,41155,1,1,1
41156,41155,41157,1,0,1
41158,41157,41159,1,0,1
41144,41159,41160,0,0,1
41147,41160,41152,0,0,0
40746,4964,41161,0,0,1,14038
4974,40747,41162,0,0,1
5013,4975,41163,0,0,1
4971,41163,41164,0,0,1
4972,41164,41165,0,0,1
5022,41165,41166,0,0,1
4968,41166,41167,0,0,1
4969,41167,41168,0,0,1
4966,41168,41169,0,0,1
41161,41169,41162,0,0,0
39565,40380,41170,0,0,1,10951
41171,39562,41172,1,0,1
41173,41172,41174,1,0,1
41175,41176,41177,1,1,1
41178,41179,41180,1,1,1
41181,41180,41182,1,0,1
41183,41182,41184,1,0,1
40386,41184,41185,0,0,1
40384,41185,41186,0,0,1
41170,40382,41187,0,0,1
41174,41187,41188,0,0,1
41177,41188,41186,0,0,0
41189,40084,41190,1,0,1,9942
41191,41192,41193,1,1,1
40480,41193,41194,0,0,1
39553,40477,41195,0,0,1
39550,41195,41196,0,0,1
39548,41196,41197,0,0,1
41190,41197,41194,0,0,0
40484,40082,41198,0,0,1,9944
40497,41198,41199,0,0,1
40482,41199,41200,0,0,1
41191,40479,41201,0,0,1
41189,41192,41202,0,0,1
41200,41202,41201,0,0,0
40819,39982,41203,0,0,1,18135
40817,40820,41204,0,0,1
41205,40814,41206,1,0,1
41207,41206,41208,1,0,1
41209,41208,41210,1,0,1
41203,41041,41211,0,1,1
41204,41211,41210,0,0,0
38444,39817,41212,0,0,1,10452
39362,38442,41213,0,0,1
41214,41213,41215,1,0,1
41216,41215,41217,1,0,1
41218,41217,41219,1,0,1
41220,41219,41221,1,0,1
41222,41221,41223,1,0,1
38739,41224,41225,0,1,1
41226,38735,41227,1,0,1
41228,41227,41229,1,0,1
41230,41229,41231,1,0,1
41232,41231,41233,1,0,1
41234,41233,41235,1,0,1
41236,41235,41237,1,0,1
41238,41239,41240,1,1,1
38726,41241,41242,0,1,1
41212,40886,41243,0,0,1
41237,41225,41244,0,0,1
41240,41244,41245,0,0,1
41243,41242,41246,0,0,1
41223,41246,41245,0,0,0
40799,41074,41247,0,0,1,10967
40796,41247,41248,0,0,1
40700,41248,41249,0,0,1
41250,41249,41251,1,0,1
40785,41251,41076,0,0,0
41252,41253,41254,1,1,1,18134
41255,41254,41256,1,0,1
41257,41256,41258,1,0,1
41209,41258,41259,1,0,1
41039,41042,41260,0,0,1
41037,41260,41261,0,0,1
41262,41261,41259,1,0,0
39630,40582,41263,0,0,1,9940
41264,41263,41265,1,0,1
41266,41267,41268,1,1,1
41269,41268,41270,1,0,1
41205,41270,41271,0,0,1
40815,41271,41265,0,0,0
41272,41273,41274,1,1,1,10453
41275,41274,41276,1,0,1
41277,41276,41278,1,0,1
41279,41278,41280,1,0,1
41281,41282,41283,1,1,1
41284,41283,41280,1,0,0
41132,39764,41285,0,0,1,9928
41130,41285,41286,0,0,1
40281,41128,41287,0,0,1
41288,41287,41289,1,0,1
41290,41289,41291,1,0,1
41292,41291,41293,1,0,1
41294,41293,41295,1,0,1
39766,41295,41286,0,0,0
39579,39563,41296,0,0,1,8663
39559,41296,41297,0,0,1
41298,39560,41299,1,0,1
41300,41299,41301,1,0,1
41302,41301,41303,1,0,1
41304,41303,41305,1,0,1
41306,41305,41307,1,0,1
41171,41307,41297,0,0,0
36993,36991,41308,1,1,1,8405
36996,41308,41309,1,0,1
41310,41309,40017,1,0,0
41104,41107,41311,0,0,1,14549
38613,41105,41312,0,0,1
38610,41312,41313,0,0,1
38608,41313,41314,0,0,1
38604,38606,41315,0,0,1
41316,41315,41317,1,0,1
41318,41317,41319,1,0,1
40506,41320,41321,0,1,1
41311,41321,41322,0,0,1
41314,41322,41319,0,0,0
39772,40955,41323,0,0,1,8649
41324,41323,41325,1,0,1
41326,41325,41327,1,0,1
41328,41327,41329,1,0,1
41330,41329,41331,1,0,1
41332,41333,41334,1,1,1
41335,41336,41337,1,1,1
41338,41337,41339,1,0,1
41340,41339,41341,1,0,1
41342,41341,41343,1,0,1
41344,41343,41345,1,0,1
41346,41345,41347,1,0,1
41348,41347,41349,1,0,1
41350,41349,41351,1,0,1
41352,41351,41353,1,0,1
41354,41355,41356,1,1,1
41357,41356,41358,1,0,1
41359,41360,41361,1,1,1
41362,41363,41364,1,1,1
41365,41364,41366,1,0,1
41353,41334,41367,0,0,1
41358,41368,41369,0,1,1
41361,41369,41370,0,0,1
41366,41370,41371,0,0,1
41372,41371,41373,1,0,1
41331,41373,41367,0,0,0
40968,40971,41374,0,0,1,14022
41011,41014,41375,0,0,1
41009,41375,41376,0,0,1
41377,41376,41378,1,0,1
41379,41380,41381,1,1,1
40274,41381,41382,0,0,1
40275,41382,41383,0,0,1
40978,41383,41384,0,0,1
40976,41384,41385,0,0,1
40973,41385,41386,0,0,1
40983,40974,41387,0,0,1
41374,41387,41388,0,0,1
41013,41388,41389,0,0,1
41378,41389,41386,0,0,0
40998,41000,41390,0,0,1,9926
40994,40996,41391,0,0,1
40390,41391,41392,0,0,1
40388,41392,41393,0,0,1
41183,41393,41394,0,0,1
41395,41394,41396,1,0,1
41397,41398,41399,1,1,1
41400,41401,41402,1,1,1
41021,41402,41403,0,0,1
41390,41403,41404,0,0,1
41399,41396,41405,0,0,1
41406,41405,41404,1,0,0
41306,41173,41407,0,0,1,10952
41408,41407,41409,1,0,1
41410,41409,41411,1,0,1
41412,41411,41413,1,0,1
41414,41413,41415,1,0,1
41416,41415,41417,1,0,1
41418,41417,41419,1,0,1
41420,41421,41422,1,1,1
41423,41424,41425,1,1,1
41426,41425,41427,1,0,1
41178,41427,41428,0,0,1
41175,41179,41429,0,0,1
41419,41176,41430,0,0,1
41431,41430,41432,1,0,1
41422,41432,41433,0,0,1
41434,41433,41435,1,0,1
41428,41435,41429,0,0,0
41436,3967,41437,1,0,1,215
4905,41437,41438,0,0,1
4900,4902,41439,0,0,1
4898,41439,41438,0,0,0
39008,39010,41440,0,0,1,18133
41441,39006,41442,1,0,1
41443,41442,41444,1,0,1
41445,41446,41447,1,1,1
41448,41449,41450,1,1,1
39016,41450,41451,0,0,1
39012,41451,41452,0,0,1
41440,39013,41453,0,0,1
41444,41453,41454,0,0,1
41447,41454,41452,0,0,0
41455,40830,41456,1,0,1,15060
41457,41456,41458,1,0,1
41459,41458,41460,1,0,1
41461,41460,41462,1,0,1
40174,41462,41463,0,0,1
41464,41463,41465,1,0,1
40836,41466,41467,0,1,1
40832,41467,41468,0,0,1
40833,41468,41465,0,0,0
41112,41115,41469,0,0,1,9929
41470,41469,41471,1,0,1
41342,41472,41473,0,1,1
41474,41475,41476,1,1,1
41477,41478,41479,1,1,1
41471,41118,41480,0,0,1
41481,41480,41482,1,0,1
41476,41473,41483,0,0,1
41479,41483,41484,0,0,1
41482,41117,41485,0,0,1
41486,41485,41484,1,0,0
40957,41113,41487,0,0,1,8393
41372,41487,41488,0,0,1
41365,41488,41489,0,0,1
41362,41489,41490,0,0,1
41491,41492,41493,1,1,1
41494,41495,41496,1,1,1
41470,41496,41497,0,0,1
41490,41497,41493,0,0,0
41498,41499,41500,1,1,1,14037
41501,41502,41503,1,1,1
41504,41503,41505,1,0,1
41506,41507,41508,1,1,1
41509,41510,41511,1,1,1
41512,41511,41513,1,0,1
41500,41513,41514,0,0,1
41505,41514,41508,0,0,0
39643,41264,41515,0,0,1,9939
39626,41515,41516,0,0,1
39627,41516,41517,0,0,1
41518,39623,41519,1,0,1
41520,41519,41521,1,0,1
41266,41521,41522,0,0,1
41267,41522,41517,0,0,0
41523,40861,41524,1,0,1,9942
41449,41525,41526,0,1,1
41445,41526,41527,0,0,1
41443,41446,41528,0,0,1
39004,41441,41529,0,0,1
41524,41529,41530,0,0,1
41527,41530,41528,0,0,0
40828,41455,41531,0,0,1,2772
40182,41531,41532,0,0,1
40210,40183,41533,0,0,1
40180,41533,41534,0,0,1
40177,41534,41535,0,0,1
40178,41535,41536,0,0,1
41461,41536,41537,0,0,1
41459,41537,41538,0,0,1
41457,41538,41532,0,0,0
41318,41320,41539,0,0,1,10453
38602,41316,41540,0,0,1
38600,41540,41541,0,0,1
38598,41541,41542,0,0,1
41543,38594,41544,1,0,1
41545,41546,41547,1,1,1
41548,41547,41549,1,0,1
41550,41549,41551,1,0,1
41552,41551,41553,1,0,1
41554,41553,41555,1,0,1
41556,41555,41557,1,0,1
41558,41557,41559,1,0,1
41560,41559,41561,1,0,1
41562,41563,41564,1,1,1
41565,41564,41566,1,0,1
41567,41568,41569,1,1,1
41570,41571,41572,1,1,1
41573,41574,41575,1,1,1
41576,41575,41577,1,0,1
41578,41577,41579,1,0,1
41580,41581,41582,1,1,1
41583,41582,41584,1,0,1
41585,41586,41587,1,1,1
41588,41589,41590,1,1,1
41591,41592,41593,1,1,1
41594,41593,41595,1,0,1
41596,41595,41597,1,0,1
41598,41597,41599,1,0,1
41600,41601,41602,1,1,1
41603,41602,41604,1,0,1
41605,41604,41606,1,0,1
41607,41606,41608,1,0,1
41609,41608,41610,1,0,1
41611,41612,41613,1,1,1
41614,41615,41616,1,1,1
41617,41618,41619,1,1,1
41620,41621,41622,1,1,1
41623,41622,41624,1,0,1
41625,41624,41626,1,0,1
41627,41628,41629,1,1,1
41630,41629,41631,1,0,1
41632,41633,41634,1,1,1
41635,41636,41637,1,1,1
41638,41639,41640,1,1,1
41641,41640,41642,1,0,1
39206,41642,41643,0,0,1
41644,40514,41645,1,0,1
41646,41645,41647,1,0,1
41648,41649,41650,1,1,1
40510,41651,41652,0,1,1
41539,40508,41653,0,0,1
41544,38596,41654,0,0,1
41561,41654,41655,0,0,1
41566,41655,41656,0,0,1
41569,41656,41657,0,0,1
41584,41579,41658,0,0,1
41659,41658,41660,1,0,1
41599,41590,41661,0,0,1
41613,41610,41662,0,0,1
41663,41662,41664,1,0,1
41616,41664,41665,0,0,1
41626,41619,41666,0,0,1
41667,41666,41668,1,0,1
41631,41668,41669,0,0,1
41634,41670,41671,0,1,1
41643,41637,41672,0,0,1
41652,41650,41673,0,0,1
41657,41542,41674,0,0,1
41660,41675,41676,0,1,1
41661,41677,41678,0,1,1
41665,41679,41680,0,1,1
41669,41681,41682,0,1,1
41671,41682,41683,0,0,1
41684,41683,41685,1,0,1
41672,41686,41687,0,1,1
41647,41687,41688,0,0,1
41689,41688,41690,1,0,1
41674,41653,41691,0,0,1
41572,41691,41692,0,0,1
41678,41587,41693,0,0,1
41680,41693,41694,0,0,1
41685,41694,41695,0,0,1
41690,41695,41696,0,0,1
41692,41673,41697,0,0,1
41676,41697,41698,0,0,1
41696,41699,41700,0,1,1
41701,41700,41698,1,0,0
41302,41304,41702,0,0,1,455
41703,41300,41704,1,0,1
41705,41704,41706,1,0,1
41707,41706,41708,1,0,1
41709,41708,41710,1,0,1
41711,41710,41712,1,0,1
41713,41712,41714,1,0,1
41715,41716,41717,1,1,1
41408,41718,41719,0,1,1
41702,41719,41720,0,0,1
41714,41720,41717,0,0,0
39555,39557,41721,0,0,1,471
40473,41721,41722,0,0,1
41723,41722,41724,1,0,1
41703,41724,41298,0,0,0
41725,41726,41727,1,1,1,215
41728,41729,41730,1,1,1
41731,41732,41733,1,1,1
41734,41733,41735,1,0,1
41736,41735,41737,1,0,1
41727,41738,41739,0,1,1
41730,41739,41740,0,0,1
41741,41740,41737,1,0,0
41091,41093,41742,0,0,1,8405
41743,41742,41744,1,0,1
41745,41744,41746,1,0,1
41747,41746,41748,1,0,1
41749,41750,41751,1,1,1
41752,41751,41753,1,0,1
41754,41753,41755,1,0,1
41087,41756,41757,0,1,1
41758,41757,41759,1,0,1
41760,41759,41761,1,0,1
41762,41761,41763,1,0,1
41764,41763,41765,1,0,1
41766,41765,41767,1,0,1
41768,41767,41769,1,0,1
41770,41769,41771,1,0,1
41772,41771,41773,1,0,1
41095,40621,41774,0,1,1
41100,41096,41775,0,0,1
41748,41775,41776,0,0,1
41777,41776,41778,1,0,1
41755,41778,41779,0,0,1
41773,41779,41774,0,0,0
35641,35645,41780,0,0,1,37840
35639,35642,41781,0,0,1
41782,41781,41783,1,0,1
41784,41783,41785,1,0,1
41786,41785,41787,1,0,1
41788,41789,41790,1,1,1
41791,41792,41793,1,1,1
41780,41793,41794,0,0,1
41787,41794,41790,0,0,0
41477,41120,41795,0,0,1,1736
41796,41795,41797,1,0,1
41798,41797,41799,1,0,1
41800,41799,41801,1,0,1
41802,41803,41804,1,1,1
41805,41804,41806,1,0,1
41807,41806,41808,1,0,1
41809,41808,41810,1,0,1
41811,41810,41801,1,0,0
41007,41377,41812,0,0,1,11207
41813,41812,41814,1,0,1
41815,41814,41816,1,0,1
41817,41818,41819,1,1,1
41820,41821,41822,1,1,1
41379,41822,41823,0,0,1
41380,41823,41824,0,0,1
41816,41824,41819,0,0,0
41397,41406,41825,0,0,1,9927
41826,41398,41827,1,0,1
41828,41827,41829,1,0,1
41830,41829,41831,1,0,1
41400,41003,41832,0,0,1
41825,41401,41833,0,0,1
41831,41833,41832,0,0,0
41718,41410,41834,0,0,1,2759
41835,41716,41836,1,0,1
41837,41838,41839,1,1,1
41840,41841,41842,1,1,1
41843,41842,41844,1,0,1
41845,41844,41846,1,0,1
41414,41416,41847,0,0,1
41834,41412,41848,0,0,1
41715,41848,41849,0,0,1
41836,41849,41850,0,0,1
41839,41850,41851,0,0,1
41846,41851,41852,0,0,1
41853,41852,41847,1,0,0
40432,40500,41854,0,0,1,9944
40430,41854,41855,0,0,1
40427,41855,41856,0,0,1
41857,41856,41858,1,0,1
41859,41858,41860,1,0,1
41861,41862,41863,1,1,1
40434,41863,41864,0,0,1
41860,40435,41865,0,0,1
41866,41865,41864,1,0,0
41867,3964,41868,1,0,1,8407
41869,41868,41870,1,0,1
41871,41872,41873,1,1,1
3954,41873,41874,0,0,1
41875,3952,41876,1,0,1
4904,41876,41877,0,0,1
41436,41877,41878,0,0,1
41870,41878,41874,0,0,0
40752,40754,41879,0,0,1,9944
40735,41879,41880,0,0,1
41881,41882,41883,1,1,1
40738,41883,41880,0,0,0
41525,41448,41884,0,0,1,9941
41885,41884,41886,1,0,1
41887,41886,41888,1,0,1
39018,41888,41889,0,0,1
39019,41889,39015,0,0,0
41756,41089,41890,0,0,1,213
41752,41754,41891,0,0,1
41777,41750,41892,0,0,1
41747,41892,41893,0,0,1
41745,41893,41894,0,0,1
41890,41743,41895,0,0,1
41891,41895,41896,0,0,1
41749,41896,41894,0,0,0
41897,38733,41898,1,0,1,2261
41228,41899,41900,0,1,1
38736,41226,41901,0,0,1
41898,41901,41900,0,0,0
41494,41481,41902,0,0,1,9930
41491,41495,41903,0,0,1
41904,41903,41905,1,0,1
41344,41905,41906,0,0,1
41472,41906,41907,0,0,1
41486,41907,41902,0,0,0
41908,39770,41909,1,0,1,10953
41910,41911,41912,1,1,1
41913,41912,41914,1,0,1
41915,41914,41916,1,0,1
41917,41916,41918,1,0,1
41919,41918,41920,1,0,1
41921,41920,41922,1,0,1
41923,41924,41925,1,1,1
41326,41925,41926,0,0,1
41324,41926,41927,0,0,1
41909,41927,41922,0,0,0
41292,41294,41928,0,0,1,10952
40279,41288,41929,0,0,1
41930,41929,41931,1,0,1
41932,41931,41933,1,0,1
41911,41933,41934,0,0,1
39768,41908,41935,0,0,1
41928,41935,41936,0,0,1
41290,41936,41934,0,0,0
41820,40277,41937,0,0,1,11208
41817,41821,41938,0,0,1
41939,41818,41940,1,0,1
41941,41940,41942,1,0,1
41943,41942,41944,1,0,1
41945,41944,41946,1,0,1
41947,41946,41948,1,0,1
41930,41948,41949,0,0,1
41937,41949,41938,0,0,0
41002,41005,41950,0,0,1,10951
41830,41950,41951,0,0,1
41952,41953,41954,1,1,1
41955,41954,41956,1,0,1
41813,41957,41958,0,1,1
41951,41958,41956,0,0,0
41181,41395,41959,0,0,1,2759
41960,41426,41961,1,0,1
41962,41963,41964,1,1,1
41965,41964,41966,1,0,1
41967,41966,41968,1,0,1
5128,41969,41970,0,1,1
41971,41970,41972,1,0,1
41973,41974,41975,1,1,1
41976,41975,41977,1,0,1
41978,41977,41979,1,0,1
41980,41981,41982,1,1,1
41983,41984,41985,1,1,1
41986,41985,41987,1,0,1
41988,41987,41989,1,0,1
41990,41989,41991,1,0,1
41826,41991,41992,0,0,1
41959,41992,41993,0,0,1
41961,41993,41994,0,0,1
41979,41972,41995,0,0,1
41996,41995,41997,1,0,1
41994,41982,41998,0,0,1
41997,41968,41999,0,0,1
42000,41999,41998,1,0,0
40471,40474,42001,0,0,1,1751
40469,42001,42002,0,0,1
40467,42002,42003,0,0,1
42004,42003,42005,1,0,1
42006,42005,42007,1,0,1
41705,42007,41723,0,0,0
40697,41250,42008,0,0,1,1750
42009,42008,42010,1,0,1
42011,42010,42012,1,0,1
42013,42012,42014,1,0,1
42015,42014,42016,1,0,1
40418,42016,42017,0,0,1
40790,42017,40788,0,0,0
39029,39614,42018,0,0,1,1748
39027,42018,42019,0,0,1
39025,42019,42020,0,0,1
42021,42020,42022,1,0,1
42023,42022,42024,1,0,1
42025,42024,42026,1,0,1
42027,42026,42028,1,0,1
42029,42028,42030,1,0,1
39619,42030,39616,0,0,0
5044,4788,42031,1,1,1,213
42032,42031,42033,1,0,1
42034,42035,42036,1,1,1
41762,42036,42037,0,0,1
41760,42037,42038,0,0,1
41758,42038,42033,0,0,0
41923,41328,42039,0,0,1,2761
41921,41924,42040,0,0,1
41917,41919,42041,0,0,1
42042,42041,42043,1,0,1
42044,42043,42045,1,0,1
42046,42045,42047,1,0,1
42048,42047,42049,1,0,1
41330,42050,42051,0,1,1
42039,42051,42052,0,0,1
42040,42052,42049,0,0,0
41420,41434,42053,0,0,1,2760
42054,42053,42055,1,0,1
42056,42055,42057,1,0,1
41960,41963,42058,0,0,1
41423,42058,42059,0,0,1
41424,42059,42057,0,0,0
41431,41421,42060,0,0,1,10951
41418,42060,42061,0,0,1
41845,41853,42062,0,0,1
42063,41843,42064,1,0,1
42065,42066,42067,1,1,1
42056,41962,42068,0,0,1
42061,42054,42069,0,0,1
42062,42069,42070,0,0,1
42064,42070,42071,0,0,1
42067,42071,42068,0,0,0
40881,40885,42072,0,0,1,15060
42073,40847,42074,1,0,1
42075,42074,42076,1,0,1
40855,42076,42077,0,0,1
40852,42077,42078,0,0,1
40878,40853,42079,0,0,1
40849,42079,42080,0,0,1
40850,42080,42081,0,0,1
42072,42081,42082,0,0,1
40846,42082,42078,0,0,0
42083,42084,42085,1,1,1,10453
42086,42087,42088,1,1,1
42089,42088,42090,1,0,1
42091,42090,42092,1,0,1
42093,42092,42094,1,0,1
42095,42094,42096,1,0,1
42097,42096,42098,1,0,1
42099,42098,42085,1,0,0
41638,42100,42101,1,1,1,2261
39208,41641,42102,1,1,1
39211,42102,42103,1,0,1
42104,42103,42105,1,0,1
42106,42107,42108,1,1,1
42109,42110,42111,1,1,1
5219,42111,42112,0,0,1
42113,42112,42114,1,0,1
42115,42114,42116,1,0,1
42117,42118,42119,1,1,1
41630,42119,42120,1,0,1
41670,42120,42121,1,0,1
41633,42121,42122,1,0,1
42101,42122,42123,0,0,1
42105,42123,42124,0,0,1
42108,42124,42125,0,0,1
42116,42126,42127,0,1,1
42118,42127,42125,0,0,0
41359,41363,42128,0,0,1,8394
42129,42128,42130,1,0,1
41346,42130,42131,0,0,1
41904,42131,41492,0,0,0
41947,41932,42132,0,0,1,3016
42133,41945,42134,1,0,1
42135,42134,42136,1,0,1
42137,42136,42138,1,0,1
42139,42138,42140,1,0,1
42141,42140,42142,1,0,1
41910,42142,42132,0,0,0
41713,41835,42143,0,0,1,8647
41711,42143,42144,0,0,1
42145,42144,42146,1,0,1
41965,42147,42148,0,1,1
42065,42148,42149,0,0,1
42066,42149,42150,0,0,1
42063,42150,42151,0,0,1
41840,42151,42152,0,0,1
41841,42152,42153,0,0,1
41837,42153,42154,0,0,1
41838,42154,42146,0,0,0
41269,41207,42155,0,0,1,19412
41520,42155,42156,0,0,1
42157,42156,42158,1,0,1
42159,42158,42160,1,0,1
42161,42160,42162,1,0,1
41255,42162,41257,1,0,1
41357,41360,42163,0,0,1,8650
41368,41355,42164,0,0,1
41352,42164,42165,0,0,1
41350,42165,42166,0,0,1
41348,42166,42167,0,0,1
42163,42129,42168,0,0,1
41354,42168,42167,0,0,0
41955,41957,42169,0,0,1,10952
42170,41952,42171,1,0,1
42172,42171,42173,1,0,1
42174,42175,42176,1,1,1
42177,42176,42178,1,0,1
41941,42178,42179,0,0,1
41939,42179,42180,0,0,1
41815,42180,42181,0,0,1
42169,42181,42173,0,0,0
41990,41828,42182,0,0,1,2760
41988,42182,42183,0,0,1
42184,41986,42185,1,0,1
42186,42185,42187,1,0,1
42188,42187,42189,1,0,1
42133,42190,42191,0,1,1
42177,41943,42192,0,0,1
42172,42175,42193,0,0,1
42183,41953,42194,0,0,1
42192,42191,42195,0,0,1
42174,42195,42196,0,0,1
42193,42196,42197,0,0,1
42194,42170,42198,0,0,1
42189,42198,42199,0,0,1
42200,42199,42197,1,0,0
40428,41857,42201,0,0,1,18136
40424,42201,42202,0,0,1
41861,40438,42203,0,0,1
41862,42203,42204,0,0,1
41866,42204,42205,0,0,1
41859,42205,42202,0,0,0
40694,40698,42206,0,0,1,214
42207,42206,42208,1,0,1
42209,42208,42210,1,0,1
42211,42212,42213,1,1,1
40684,42213,42214,0,0,1
40682,42214,42215,0,0,1
42216,42215,42217,1,0,1
42218,42217,42219,1,0,1
42009,42219,42210,0,0,0
3965,41867,42220,0,0,1,215
3962,42220,42221,0,0,1
3960,42221,42222,0,0,1
3958,42222,42223,0,0,1
41871,3956,42224,0,0,1
41869,41872,42225,0,0,1
42223,42225,42224,0,0,0
5002,39149,42226,0,0,1,1751
42227,42226,42228,1,0,1
42229,42228,42230,1,0,1
42231,42232,42233,1,1,1
42234,42235,42236,1,1,1
42237,42238,42239,1,1,1
42240,42241,42242,1,1,1
42243,42244,42245,1,1,1
42246,42245,42247,1,0,1
42248,4911,42249,1,0,1
42250,42251,42252,1,1,1
3937,42253,42254,0,1,1
3934,3938,42255,0,0,1
3932,3935,42256,0,0,1
42233,42230,42257,0,0,1
42258,42257,42259,1,0,1
42236,42259,42260,0,0,1
42242,42261,42262,0,1,1
42249,42247,42263,0,0,1
42252,42263,42264,0,0,1
42254,42264,42265,0,0,1
42255,42265,42266,0,0,1
42260,3930,42267,0,0,1
42239,42267,42268,0,0,1
42266,42262,42269,0,0,1
42256,42269,42268,0,0,0
40742,4982,42270,0,0,1,14038
40740,42270,42271,0,0,1
41881,40737,42272,0,0,1
42273,42274,42275,1,1,1
4989,4992,42276,0,0,1
4987,42276,42277,0,0,1
4984,42277,42278,0,0,1
5019,4985,42279,0,0,1
42271,42279,42280,0,0,1
42272,42280,42281,0,0,1
42275,42281,42278,0,0,0
40171,40175,42282,0,0,1,2772
40205,40172,42283,0,0,1
40169,42283,42284,0,0,1
40167,42284,42285,0,0,1
42286,42285,42287,1,0,1
42288,42287,42289,1,0,1
42290,42289,42291,1,0,1
42292,42291,42293,1,0,1
41464,42293,42282,0,0,0
42294,42295,42296,1,1,1,212
42297,42298,42299,1,1,1
42300,42299,42301,1,0,1
42302,42301,42303,1,0,1
42304,42303,42305,1,0,1
42306,42307,42308,1,1,1
5053,42309,42310,0,1,1
42311,42310,42312,1,0,1
42313,42312,42314,1,0,1
5048,42315,42316,0,1,1
5046,5049,42317,0,0,1
42035,42032,42318,1,1,1
42319,42034,42320,1,1,1
42321,42320,42322,1,0,1
42323,42324,42325,1,1,1
41772,42326,42327,1,1,1
40622,42327,42328,0,0,1
40618,42328,42329,0,0,1
40619,42329,42330,0,0,1
42331,42330,42332,1,0,1
42333,42332,42334,1,0,1
42335,42336,42337,1,1,1
42338,42337,42339,1,0,1
42296,42339,42340,0,0,1
42341,42340,42342,1,0,1
42305,42342,42343,0,0,1
42308,42343,42344,0,0,1
42314,42344,42345,0,0,1
42346,42345,42347,1,0,1
42316,42348,42349,0,1,1
42318,42317,42350,0,0,1
42322,42350,42351,0,0,1
42325,42351,42352,0,0,1
42334,42353,42354,0,1,1
42355,42354,42356,1,0,1
42347,42356,42357,0,0,1
42349,42357,42352,0,0,0
42093,42095,42358,0,0,1,2262
42091,42358,42359,0,0,1
42360,42089,42361,1,0,1
42362,42363,42364,1,1,1
42365,42364,42366,1,0,1
42367,42368,42369,1,1,1
42370,42369,42371,1,0,1
42372,42371,42373,1,0,1
42374,42373,42375,1,0,1
42376,42375,42377,1,0,1
42378,42379,42380,1,1,1
42381,42382,42383,1,1,1
42384,42383,42385,1,0,1
42359,42385,42386,0,0,1
42361,42386,42387,0,0,1
42366,42387,42388,0,0,1
42377,42388,42380,0,0,0
41684,41686,42389,0,0,1,18645
42100,41632,42390,1,0,1
41639,42390,42391,0,0,1
41635,42391,42392,0,0,1
41636,42392,42389,0,0,0
38729,38731,42393,0,0,1,2260
41241,42393,42394,0,0,1
41238,42394,42395,0,0,1
41239,42395,42396,0,0,1
41234,41236,42397,0,0,1
41230,41232,42398,0,0,1
41899,42398,42399,0,0,1
42396,41897,42400,0,0,1
42397,42400,42399,0,0,0
42048,42050,42401,0,0,1,10953
42402,42403,42404,1,1,1
42405,42406,42407,1,1,1
41335,42408,42409,0,1,1
41332,41336,42410,0,0,1
42401,41333,42411,0,0,1
42404,42411,42412,0,0,1
42409,42407,42413,0,0,1
42410,42413,42412,0,0,0
41913,41915,42414,0,0,1,10952
42141,42414,42415,0,0,1
42416,42415,42417,1,0,1
42418,42417,42419,1,0,1
42044,42419,42042,0,0,0
42006,41707,42420,0,0,1,1735
42004,42420,42421,0,0,1
40464,42421,42422,0,0,1
42423,42422,42424,1,0,1
42425,42426,42427,1,1,1
42428,42427,42424,1,0,0
40691,40695,42429,0,0,1,8406
40688,40692,42430,0,0,1
40686,40689,42431,0,0,1
42211,42431,42432,0,0,1
42212,42432,42433,0,0,1
42209,42433,42434,0,0,1
42429,42207,42435,0,0,1
42430,42435,42434,0,0,0
42436,5000,42437,1,0,1,9943
42438,42437,42439,1,0,1
42440,42439,42441,1,0,1
42442,42441,42443,1,0,1
42444,42443,42445,1,0,1
42229,42446,42447,0,1,1
42227,42447,42445,0,0,0
42448,42449,42450,1,1,1,14037
42451,42452,42453,1,1,1
42454,42453,42455,1,0,1
42456,42455,42457,1,0,1
42458,42457,42459,1,0,1
42460,42459,42450,1,0,0
42075,40857,42461,0,0,1,10964
40844,42073,42462,0,0,1
40840,40842,42463,0,0,1
42464,42463,42465,1,0,1
42466,42467,42468,1,1,1
42469,42470,42471,1,1,1
42472,42473,42474,1,1,1
42475,42476,42477,1,1,1
40838,42478,42479,0,1,1
40835,42479,42480,0,0,1
41466,42480,42481,0,0,1
42292,42481,42482,0,0,1
42483,42482,42484,1,0,1
42485,42486,42487,1,1,1
42488,42489,42490,1,1,1
42491,42490,42492,1,0,1
39023,42021,42493,0,0,1
41885,41887,42494,0,0,1
41523,42494,42495,0,0,1
40859,42495,42496,0,0,1
42461,42496,42497,0,0,1
42468,42465,42498,0,0,1
42477,42474,42499,0,0,1
42484,42499,42500,0,0,1
42487,42500,42501,0,0,1
42493,42492,42502,0,0,1
39021,42502,42503,0,0,1
42497,42503,42504,0,0,1
42462,42504,42505,0,0,1
42501,42506,42507,0,1,1
42505,42508,42509,0,1,1
42507,42510,42511,0,1,1
42509,42512,42513,0,1,1
42498,42513,42514,0,0,1
42511,42471,42515,0,0,1
42516,42515,42514,1,0,0
4929,40655,42517,0,0,1,8406
4927,42517,42518,0,0,1
40657,42518,42519,0,0,1
40658,42519,40712,0,0,0
42520,40733,42521,1,0,1,9941
42522,42521,42523,1,0,1
42524,42523,42525,1,0,1
42526,42525,42527,1,0,1
42528,42527,42529,1,0,1
42530,42529,42531,1,0,1
42532,42533,42534,1,1,1
42535,42534,42536,1,0,1
42537,42536,42538,1,0,1
42539,42538,42540,1,0,1
42541,42540,42542,1,0,1
42543,42544,42545,1,1,1
42546,42545,42547,1,0,1
42548,42547,42549,1,0,1
42550,42549,42551,1,0,1
42552,42551,42553,1,0,1
42554,42553,42555,1,0,1
42556,42555,42557,1,0,1
42558,42559,42560,1,1,1
42561,42562,42563,1,1,1
42564,42565,42566,1,1,1
42567,42568,42569,1,1,1
42570,42569,42571,1,0,1
4991,42571,42572,0,0,1
42273,42572,42573,0,0,1
42274,42573,42574,0,0,1
41882,42574,42575,0,0,1
42557,42542,42576,0,0,1
42560,42576,42577,0,0,1
42575,42578,42579,0,1,1
42577,42580,42581,0,1,1
42563,42581,42582,0,0,1
42579,42583,42584,0,1,1
42582,42531,42585,0,0,1
42566,42585,42584,0,0,0
41764,41766,42586,0,0,1,213
42319,42586,42587,1,0,1
42321,42587,42588,1,0,1
42324,42588,42589,1,0,1
42590,42589,41768,1,0,0
41651,40512,42591,0,0,1,18646
41648,42591,42592,0,0,1
41649,42592,42593,0,0,1
41689,41701,42594,0,0,1
41646,42594,42595,0,0,1
41644,42595,42593,0,0,0
41474,41478,42596,0,0,1,8648
41340,41475,42597,0,0,1
42598,42597,42599,1,0,1
42600,42599,42601,1,0,1
42602,42601,42603,1,0,1
42604,42603,42605,1,0,1
42606,42605,42607,1,0,1
42608,42607,42609,1,0,1
41796,42609,42596,0,0,0
42418,42046,42610,0,0,1,9928
42611,42610,42612,1,0,1
42613,42612,42614,1,0,1
42615,42616,42617,1,1,1
42618,42619,42620,1,1,1
42621,42620,42622,1,0,1
42623,42622,42624,1,0,1
42403,42624,42625,0,0,1
42614,42625,42617,0,0,0
42626,37042,42627,1,1,1,8405
42628,42627,42629,1,0,1
42630,42629,42631,1,0,1
42632,42631,42633,1,0,1
37039,42633,37079,1,0,1
39390,41214,42634,0,0,1,2259
42635,39360,42636,1,0,1
42637,42636,42638,1,0,1
41218,42638,42639,0,0,1
41216,42639,42634,0,0,0
42200,42190,42640,0,0,1,2759
42188,42640,42641,0,0,1
42642,42641,42643,1,0,1
42644,42645,42646,1,1,1
42647,42646,42648,1,0,1
42649,42648,42650,1,0,1
42651,42650,42652,1,0,1
42653,42652,42654,1,0,1
42655,42654,42656,1,0,1
42657,42656,42643,1,0,0
42428,41709,42658,0,0,1,454
42659,42658,42660,1,0,1
42661,42660,42662,1,0,1
42663,42662,42664,1,0,1
42665,42664,42666,1,0,1
5065,42666,42667,0,0,1
5062,42667,42668,0,0,1
42669,42668,42145,1,0,0
42015,40420,42670,0,0,1,9942
42671,42670,42672,1,0,1
42673,42672,42674,1,0,1
42675,42676,42677,1,1,1
40437,42677,42678,0,0,1
40425,42678,42679,0,0,1
40422,42679,42674,0,0,0
42218,42011,42680,0,0,1,2774
40679,42216,42681,0,0,1
42682,42681,42683,1,0,1
42684,42683,42685,1,0,1
42686,42687,42688,1,1,1
42689,42688,42690,1,0,1
42691,42690,42692,1,0,1
42693,42692,42694,1,0,1
42695,42694,42696,1,0,1
42697,42696,42698,1,0,1
42699,42700,42701,1,1,1
42702,42701,42703,1,0,1
42704,42703,42705,1,0,1
42706,42705,42707,1,0,1
42708,42707,42709,1,0,1
42671,42710,42711,0,1,1
42013,42711,42712,0,0,1
42680,42712,42713,0,0,1
42685,42713,42714,0,0,1
42698,42714,42715,0,0,1
42716,42715,42709,1,0,0
3949,41875,42717,0,0,1,2774
42718,42717,42719,1,0,1
42720,42719,42721,1,0,1
42722,42721,42723,1,0,1
42724,42723,4907,1,0,0
4998,42436,42725,0,0,1,9944
42726,4996,42727,1,0,1
42728,42727,42729,1,0,1
42730,42729,42731,1,0,1
42732,42731,42733,1,0,1
42734,42733,42735,1,0,1
42736,42735,42737,1,0,1
42438,42737,42725,0,0,0
38893,38895,42738,0,0,1,29648
38891,42738,42739,0,0,1
38889,42739,42740,0,0,1
38887,42740,42741,0,0,1
38883,38885,42742,0,0,1
42743,42742,42744,1,0,1
42745,42744,42746,1,0,1
42747,42746,42748,1,0,1
42749,42748,42750,1,0,1
42751,42750,42752,1,0,1
42753,42752,42754,1,0,1
42755,42754,42756,1,0,1
42757,42756,42758,1,0,1
42759,42758,42760,1,0,1
35602,42760,42761,0,0,1
35599,42761,42762,0,0,1
35597,42762,42763,0,0,1
35595,42763,42764,0,0,1
35593,42764,42765,0,0,1
38897,42765,42741,0,0,0
42608,41798,42766,0,0,1,456
42767,42606,42768,1,0,1
42769,42768,42770,1,0,1
41802,42770,42771,0,0,1
41800,41803,42772,0,0,1
42766,42772,42771,0,0,0
42408,41338,42773,0,0,1,10952
42405,42773,42774,0,0,1
42402,42406,42775,0,0,1
42623,42775,42776,0,0,1
42777,42776,42778,1,0,1
42779,42778,42780,1,0,1
42781,42780,42782,1,0,1
42600,42602,42783,0,0,1
42774,42598,42784,0,0,1
42782,42784,42783,0,0,0
42139,42416,42785,0,0,1,2248
42786,42785,42787,1,0,1
42788,42787,42789,1,0,1
42790,42789,42791,1,0,1
42619,42792,42793,0,1,1
42615,42793,42794,0,0,1
42616,42794,42795,0,0,1
42613,42795,42796,0,0,1
42611,42796,42791,0,0,0
42657,42135,42797,0,0,1,3015
42655,42797,42798,0,0,1
42799,42798,42800,1,0,1
42801,42800,42802,1,0,1
42803,42802,42804,1,0,1
42805,42804,42806,1,0,1
42807,42806,42808,1,0,1
42809,42808,42810,1,0,1
42811,42810,42812,1,0,1
42813,42812,42814,1,0,1
42815,42814,42816,1,0,1
42786,42788,42817,0,0,1
42137,42817,42816,0,0,0
41996,42000,42818,0,0,1,10951
42819,41976,42820,1,0,1
41984,42820,42821,0,0,1
41980,42821,42822,0,0,1
42818,41981,42823,0,0,1
41978,42823,42822,0,0,0
42824,42825,42826,1,1,1,9171
39621,42826,42827,1,0,1
39624,42827,42828,1,0,1
41518,42828,42829,1,0,1
42157,42829,42830,1,0,1
42831,42830,42832,1,0,1
42833,42832,42834,1,0,1
42512,42508,42835,0,0,1,2772
42836,42516,42837,1,0,1
42838,42837,42839,1,0,1
42840,42841,42842,1,1,1
42023,42843,42844,0,1,1
42491,42844,42845,0,0,1
42488,42845,42846,0,0,1
42835,42489,42847,0,0,1
42839,42847,42848,0,0,1
42842,42848,42846,0,0,0
42669,42147,42849,0,0,1,455
5063,42849,42850,0,0,1
5131,42850,42851,0,0,1
41969,42851,41967,0,0,0
42570,4994,42852,0,0,1,18134
42853,42852,42854,1,0,1
42855,42854,42726,1,0,0
42590,41770,42856,0,0,1,8404
42323,42856,42857,1,0,1
42353,42857,42326,1,0,1
41567,41571,42858,0,0,1,18646
42859,42858,42860,1,0,1
42861,42860,42862,1,0,1
41574,42863,42864,0,1,1
41675,42864,42865,0,0,1
41570,42865,42862,0,0,0
40901,40936,42866,0,0,1,37840
40898,40902,42867,0,0,1
40896,40899,42868,0,0,1
35631,42868,42869,0,0,1
40907,40910,42870,0,0,1
40904,40908,42871,0,0,1
40949,40905,42872,0,0,1
42866,42872,42873,0,0,1
42867,42873,42874,0,0,1
42870,42869,42875,0,0,1
42871,42875,42874,0,0,0
40461,40465,42876,0,0,1,1751
40459,40462,42877,0,0,1
40457,42877,42878,0,0,1
42879,42878,42880,1,0,1
42423,42880,42876,0,0,0
42231,42258,42881,0,0,1,1750
42882,42881,42883,1,0,1
42884,42883,42885,1,0,1
42886,42887,42888,1,1,1
42261,42888,42889,0,0,1
42237,42889,42890,0,0,1
42234,42238,42891,0,0,1
42235,42891,42892,0,0,1
42885,42892,42893,0,0,1
42894,42893,42890,1,0,0
42734,42736,42895,0,0,1,18135
42730,42732,42896,0,0,1
42897,42896,42898,1,0,1
42899,42898,42900,1,0,1
42901,42900,42902,1,0,1
42903,42902,42904,1,0,1
42905,42904,42906,1,0,1
42442,42444,42907,0,0,1
42895,42440,42908,0,0,1
42906,42908,42907,0,0,0
42909,42910,42911,1,1,1,979
5206,42912,42913,0,1,1
5204,42913,42914,0,0,1
5198,5200,42915,0,0,1
42916,42917,42918,1,1,1
5186,42918,42919,0,0,1
42920,5184,42921,1,0,1
42922,42921,42923,1,0,1
42924,42925,42926,1,1,1
42841,42927,42928,1,1,1
42929,42928,42930,1,0,1
42931,42930,42932,1,0,1
42933,42932,42934,1,0,1
42029,42934,42935,1,0,1
42824,39618,42936,0,1,1
42834,42825,42937,0,0,1
42911,42937,42938,0,0,1
42914,42938,42939,0,0,1
42919,42915,42940,0,0,1
42926,42923,42941,0,0,1
42942,42941,42943,1,0,1
42939,42936,42944,0,0,1
5202,42944,42945,0,0,1
42943,42940,42946,0,0,1
42935,42946,42945,0,0,0
42025,42027,42947,0,0,1,980
42843,42947,42948,0,0,1
42840,42948,42949,0,0,1
42931,42929,42950,1,1,1
42933,42950,42949,1,0,0
42381,42951,42952,0,1,1,10453
42953,42952,42954,1,0,1
42955,42954,42956,1,0,1
42957,42956,42958,1,0,1
42959,42958,42960,1,0,1
42961,42960,42962,1,0,1
42963,42964,42965,1,1,1
42966,42965,42967,1,0,1
42968,42967,42969,1,0,1
42970,42969,42971,1,0,1
42972,42973,42974,1,1,1
42975,42976,42977,1,1,1
42962,42977,42978,0,0,1
42971,42979,42980,0,1,1
42974,42980,42978,0,0,0
42104,39210,42981,1,0,1,10453
42107,42981,42982,1,0,1
42106,42982,42983,1,0,1
42110,42126,42984,1,1,1
42985,42984,42986,1,0,1
42987,42986,42988,1,0,1
42989,42988,42990,1,0,1
39214,42990,42983,0,0,0
42781,42604,42991,0,0,1,2760
42992,42779,42993,1,0,1
42994,42993,42995,1,0,1
42996,42995,42997,1,0,1
42998,42997,42999,1,0,1
43000,42999,43001,1,0,1
43002,43001,43003,1,0,1
41807,43004,43005,0,1,1
42769,41805,43006,0,0,1
42991,42767,43007,0,0,1
43003,43007,43008,0,0,1
43005,43008,43006,0,0,0
42815,42790,43009,0,0,1,2247
43010,42813,43011,1,0,1
43012,43011,43013,1,0,1
43014,43013,43015,1,0,1
43016,43015,43017,1,0,1
43018,43017,43019,1,0,1
43020,43019,43021,1,0,1
42618,43021,43022,0,0,1
42792,43022,43009,0,0,0
41983,42184,43023,0,0,1,2247
41973,42819,43024,0,0,1
43025,43024,43026,1,0,1
43027,43026,43028,1,0,1
43029,43028,43030,1,0,1
43031,43032,43033,1,1,1
43034,43033,43035,1,0,1
42644,43036,43037,0,1,1
42642,42645,43038,0,0,1
43023,42186,43039,0,0,1
43030,43039,43040,0,0,1
43035,43040,43041,0,0,1
43037,43041,43038,0,0,0
3946,3950,43042,0,0,1,10967
3944,3947,43043,0,0,1
3942,43043,43044,0,0,1
3940,43044,43045,0,0,1
43046,43045,43047,1,0,1
43048,43047,43049,1,0,1
42718,43049,43042,0,0,0
43050,42578,43051,1,0,1,11220
43052,43051,43053,1,0,1
43054,43055,43056,1,1,1
43057,43056,43058,1,0,1
43059,43058,43060,1,0,1
42853,43060,43061,0,0,1
42567,43061,43062,0,0,1
43053,42568,43063,0,0,1
43064,43063,43062,1,0,0
42564,42583,43065,0,0,1,1749
42561,42565,43066,0,0,1
43067,43068,43069,1,1,1
43070,43071,43072,1,1,1
43073,43072,43074,1,0,1
43075,43074,43076,1,0,1
43077,43076,43078,1,0,1
43050,43078,43079,0,0,1
43065,43079,43080,0,0,1
43069,43066,43081,0,0,1
43082,43081,43080,1,0,0
42989,39213,43083,0,0,1,8405
42109,42985,43084,1,0,1
5221,43084,43085,1,0,1
39219,43085,43086,0,0,1
39216,43086,43087,0,0,1
43083,39217,43088,0,0,1
42987,43088,43087,0,0,0
41565,41568,43089,0,0,1,18647
41573,43090,43091,0,1,1
42863,43091,43092,0,0,1
42861,43092,43093,0,0,1
42859,43093,43089,0,0,0
41222,41224,43094,0,0,1,2260
42637,41220,43095,0,0,1
39358,42635,43096,0,0,1
43097,43096,43098,1,0,1
43099,43098,43100,1,0,1
43101,43100,43102,1,0,1
43103,43104,43105,1,1,1
43106,43107,43108,1,1,1
43109,43108,43110,1,0,1
43111,43110,43112,1,0,1
43113,43114,43115,1,1,1
43116,43115,43117,1,0,1
43118,43117,43119,1,0,1
43120,39343,43121,1,0,1
43122,43123,43124,1,1,1
43125,43124,43126,1,0,1
41552,43126,43127,0,0,1
43128,43127,43129,1,0,1
43130,43129,43131,1,0,1
43132,43131,43133,1,0,1
41546,43134,43135,0,1,1
41543,43135,43136,0,0,1
38591,43136,43137,0,0,1
38741,43137,43138,0,0,1
38738,43138,43139,0,0,1
43094,43139,43140,0,0,1
43102,43095,43141,0,0,1
43142,43141,43143,1,0,1
43112,43105,43144,0,0,1
43119,43144,43145,0,0,1
43121,43146,43147,0,1,1
43133,43147,43148,0,0,1
43149,43148,43150,1,0,1
43140,43151,43152,0,1,1
43143,43152,43153,0,0,1
43145,43153,43150,0,0,0
39246,39248,43154,0,0,1,210
39493,43154,43155,0,0,1
39491,43155,43156,0,0,1
39256,43157,43158,0,1,1
39253,43158,43159,0,0,1
39250,43159,43160,0,0,1
39251,43160,43161,0,0,1
39371,43161,43156,0,0,0
43162,38866,43163,1,0,1,29648
38870,38873,43164,0,0,1
38868,43164,43163,0,0,0
42425,42659,43165,0,0,1,9927
42879,42426,43166,0,0,1
40455,43166,43167,0,0,1
43168,43167,43169,1,0,1
43170,43169,43171,1,0,1
43172,43171,43173,1,0,1
43174,43173,43175,1,0,1
43176,43175,43177,1,0,1
42661,43177,43165,0,0,0
42710,42673,43178,0,0,1,10966
42704,42706,43179,0,0,1
43180,43179,43181,1,0,1
43182,43181,43183,1,0,1
43184,43183,43185,1,0,1
40443,43185,43186,0,0,1
42675,40440,43187,0,0,1
43178,42676,43188,0,0,1
42708,43188,43189,0,0,1
43186,43189,43187,0,0,0
40677,40680,43190,0,0,1,214
43191,43190,43192,1,0,1
43193,43192,43194,1,0,1
43195,43196,43197,1,1,1
42687,43198,43199,0,1,1
42684,43199,43200,0,0,1
42682,43200,43201,0,0,1
43194,43201,43197,0,0,0
42446,42232,43202,0,0,1,9942
42905,43202,43203,0,0,1
42901,42903,43204,0,0,1
43205,42899,43206,1,0,1
43207,43206,43208,1,0,1
43209,43210,43211,1,1,1
43212,43213,43214,1,1,1
43215,43214,43216,1,0,1
43217,43216,43218,1,0,1
43219,43220,43221,1,1,1
43222,43221,43223,1,0,1
43224,43223,43225,1,0,1
43226,43225,43227,1,0,1
43228,43229,43230,1,1,1
43231,43230,43232,1,0,1
43233,43232,43234,1,0,1
43235,43234,43236,1,0,1
42246,43237,43238,0,1,1
42243,43238,43239,0,0,1
43240,43239,43241,1,0,1
43242,43243,43244,1,1,1
42886,42241,43245,0,0,1
42894,42887,43246,0,0,1
42882,42884,43247,0,0,1
43203,43247,43248,0,0,1
43204,43248,43249,0,0,1
43208,43249,43250,0,0,1
43211,43250,43251,0,0,1
43252,43251,43253,1,0,1
43218,43253,43254,0,0,1
43227,43254,43255,0,0,1
43256,43255,43257,1,0,1
43236,43258,43259,0,1,1
43241,43259,43260,0,0,1
43244,43260,43261,0,0,1
43245,43262,43263,0,1,1
43257,43246,43264,0,0,1
43261,43264,43263,0,0,0
43077,43052,43265,0,0,1,3028
43075,43265,43266,0,0,1
43073,43266,43267,0,0,1
43268,43267,43269,1,0,1
43270,43269,43271,1,0,1
43272,43273,43274,1,1,1
43275,43274,43276,1,0,1
43277,43276,43278,1,0,1
43054,43278,43279,0,0,1
43055,43279,43280,0,0,1
43064,43280,43271,0,0,0
42478,42464,43281,0,0,1,10965
42475,43281,43282,0,0,1
42476,43282,43283,0,0,1
42472,43283,43284,0,0,1
42473,43284,43285,0,0,1
42510,42506,43286,0,0,1
42469,43286,43287,0,0,1
42470,43287,43288,0,0,1
42466,43288,43289,0,0,1
42467,43289,43285,0,0,0
42378,42382,43290,0,0,1,10454
43291,43290,43292,1,0,1
43293,43292,43294,1,0,1
42963,43294,43295,0,0,1
42979,42964,43296,0,0,1
42961,43296,43297,0,0,1
42959,43297,43298,0,0,1
42957,43298,43299,0,0,1
42953,42955,43300,0,0,1
43295,43300,43299,0,0,0
43004,41809,43301,0,0,1,1704
43302,43301,43303,1,0,1
43304,43303,43305,1,0,1
42621,42777,43306,0,0,1,9927
43020,43306,43307,0,0,1
43308,43307,43309,1,0,1
43310,43309,43311,1,0,1
43312,43311,43313,1,0,1
43314,43313,43315,1,0,1
43316,43317,43318,1,1,1
43319,43318,43320,1,0,1
43321,43320,43322,1,0,1
43323,43322,43324,1,0,1
43325,43324,43326,1,0,1
42992,43326,43315,0,0,0
43176,42663,43327,0,0,1,10951
43328,43327,43329,1,0,1
43330,43329,43331,1,0,1
43332,43331,43333,1,0,1
43334,43333,43335,1,0,1
40442,40490,43336,0,0,1,9942
43184,43336,43337,0,0,1
43182,43337,43338,0,0,1
43180,43338,43339,0,0,1
43340,42702,43341,1,0,1
40449,43341,43342,0,0,1
40445,43342,43343,0,0,1
40446,43343,43339,0,0,0
43048,42720,43344,0,0,1,2775
42253,43046,43345,0,0,1
42250,43345,43346,0,0,1
42248,42251,43347,0,0,1
4909,43347,43348,0,0,1
42724,43348,43349,0,0,1
42722,43349,43350,0,0,1
43344,43350,43346,0,0,0
42855,42728,43351,0,0,1,18133
43059,43351,43352,0,0,1
43353,43352,43354,1,0,1
43355,43354,43356,1,0,1
43205,43356,42897,0,0,0
43067,43082,43357,0,0,1,1748
42562,43068,43358,0,0,1
42558,43358,43359,0,0,1
43360,43359,43361,1,0,1
43362,43363,43364,1,1,1
42550,43365,43366,0,1,1
43367,43366,43368,1,0,1
43369,43368,43370,1,0,1
43371,43372,43373,1,1,1
43374,43373,43375,1,0,1
43268,43376,43377,0,1,1
43070,43377,43378,0,0,1
43357,43071,43379,0,0,1
43361,43379,43380,0,0,1
43364,43380,43381,0,0,1
43370,43381,43382,0,0,1
43375,43382,43378,0,0,0
43000,43002,43383,0,0,1,8616
43384,43383,43385,1,0,1
43386,43387,43388,1,1,1
43304,43388,43389,0,0,1
43302,43389,43385,0,0,0
43335,42665,43390,0,0,1,2758
43391,43390,43392,1,0,1
5078,43392,43393,0,0,1
5079,43393,43394,0,0,1
5134,5076,43395,0,0,1
5073,43395,43396,0,0,1
5071,43396,43397,0,0,1
5069,43397,43398,0,0,1
43394,5067,43399,0,0,1
5075,43399,43398,0,0,0
42379,43291,43400,0,0,1,14549
42376,43400,43401,0,0,1
43402,43401,43403,1,0,1
43404,43403,43405,1,0,1
43406,43407,43408,1,1,1
43409,43410,43411,1,1,1
43412,43411,43413,1,0,1
43414,43413,43415,1,0,1
42968,43415,43416,0,0,1
42966,43416,43417,0,0,1
43405,43293,43418,0,0,1
43408,43418,43417,0,0,0
43419,42996,43420,1,0,1,10952
43421,43420,43422,1,0,1
43423,43422,43424,1,0,1
43425,43424,43426,1,0,1
43427,43426,43428,1,0,1
43384,43429,43430,0,1,1
42998,43430,43428,0,0,0
43325,42994,43431,0,0,1,9928
43323,43431,43432,0,0,1
43433,43432,43434,1,0,1
43435,43434,43436,1,0,1
43437,43436,43438,1,0,1
43439,43438,43419,1,0,0
43018,43308,43440,0,0,1,1735
43441,43442,43443,1,1,1
43316,43443,43444,0,0,1
43317,43444,43445,0,0,1
43314,43445,43446,0,0,1
43440,43310,43447,0,0,1
43448,43447,43449,1,0,1
43446,43450,43451,0,1,1
43312,43451,43449,0,0,0
43195,43198,43452,0,0,1,8406
43453,43196,43454,1,0,1
43455,43454,43456,1,0,1
43457,43456,43458,1,0,1
43459,43458,43460,1,0,1
43461,43460,43462,1,0,1
42686,43462,43452,0,0,0
40675,43191,43463,0,0,1,9942
40671,40673,43464,0,0,1
43465,43464,43466,1,0,1
43459,43466,43467,0,0,1
43457,43467,43468,0,0,1
43455,43468,43469,0,0,1
43453,43469,43470,0,0,1
43193,43470,43463,0,0,0
42374,43402,43471,0,0,1,10454
43472,43471,43473,1,0,1
43474,43475,43476,1,1,1
43406,43410,43477,0,0,1
43473,43404,43478,0,0,1
43477,43476,43479,0,0,1
43407,43479,43478,0,0,0
42362,42365,43480,0,0,1,10453
43481,43480,43482,1,0,1
43483,43482,43484,1,0,1
43485,43484,43486,1,0,1
43487,43486,42368,1,0,0
39489,43157,43488,0,0,1,979
39484,39487,43489,0,0,1
39480,39482,43490,0,0,1
43488,39255,43491,0,0,1
39486,43491,43492,0,0,1
43489,43492,43490,0,0,0
42290,42483,43493,0,0,1,2771
43494,43493,43495,1,0,1
43496,43495,43497,1,0,1
42924,43498,43499,1,1,1
42942,43499,43500,1,0,1
42927,43500,43501,1,0,1
42838,43501,43502,0,0,1
42836,43502,43503,0,0,1
42485,43503,43504,0,0,1
42486,43504,43497,0,0,0
43505,43506,43507,1,1,1,8405
43508,43507,43509,1,0,1
43510,43509,43511,1,0,1
43512,43511,37035,1,0,1
43513,43514,43515,1,1,1,8404
43516,43515,43517,1,0,1
37032,43517,43518,1,0,1
43512,43518,43519,0,0,1
43510,43519,43520,0,0,1
43508,43520,43521,0,0,1
43522,43505,43523,1,0,1
43524,43523,43521,1,0,0
41562,43090,43525,0,0,1,10454
41560,41563,43526,0,0,1
43527,43528,43529,1,1,1
43530,43531,43532,1,1,1
43533,43534,43535,1,1,1
43536,43535,43537,1,0,1
43538,43539,43540,1,1,1
43541,43540,43542,1,0,1
41576,43543,43544,0,1,1
43525,43544,43545,0,0,1
43529,43526,43546,0,0,1
43532,43546,43547,0,0,1
43548,43547,43549,1,0,1
43537,43549,43550,0,0,1
43551,43550,43552,1,0,1
43542,43552,43545,0,0,0
43099,43101,43553,0,0,1,2259
39355,43097,43554,0,0,1
43114,43555,43556,0,1,1
43111,43556,43557,0,0,1
43109,43557,43558,0,0,1
43106,43558,43559,0,0,1
43103,43107,43560,0,0,1
43142,43104,43561,0,0,1
43553,43561,43562,0,0,1
43559,43554,43563,0,0,1
43560,43563,43562,0,0,0
43427,43429,43564,0,0,1,8617
43565,43564,43566,1,0,1
43567,43566,43568,1,0,1
43569,43568,43387,1,0,0
42809,42811,43570,0,0,1,1735
42807,43570,43571,0,0,1
43572,43573,43574,1,1,1
43012,43575,43576,0,1,1
43571,43010,43577,0,0,1
43574,43577,43578,0,0,1
43579,43578,43576,1,0,0
41971,41974,43580,0,0,1,1735
5129,43580,43581,0,0,1
43582,43581,43025,1,0,0
43170,43172,43583,0,0,1,18120
40453,43168,43584,0,0,1
43585,43584,43586,1,0,1
43587,43586,43588,1,0,1
43589,43588,43590,1,0,1
43591,43590,43592,1,0,1
43174,43328,43593,0,0,1
43592,43583,43594,0,0,1
43330,43594,43593,0,0,0
42697,42716,43595,0,0,1,726
43596,43595,43597,1,0,1
43598,43597,43599,1,0,1
43600,43599,43601,1,0,1
43602,43603,43604,1,1,1
43605,43606,43607,1,1,1
42699,43607,43608,0,0,1
43601,42700,43609,0,0,1
43610,43609,43611,1,0,1
43604,43611,43608,0,0,0
43262,42240,43612,0,0,1,9943
43242,43612,43613,0,0,1
43240,43243,43614,0,0,1
42244,43614,43613,0,0,0
43355,43207,43615,0,0,1,9941
43212,43616,43617,0,1,1
43252,43213,43618,0,0,1
43209,43618,43619,0,0,1
43615,43210,43620,0,0,1
43617,43620,43619,0,0,0
43621,43622,43623,1,1,1,9172
5623,43624,43625,1,1,1
5627,43625,43626,1,0,1
43627,43626,43628,1,0,1
43629,43628,43630,1,0,1
43631,43632,43633,1,1,1
42526,43634,43635,0,1,1
43623,43635,43636,0,0,1
43630,43636,43633,0,0,0
43637,5490,43638,1,0,1,2260
43639,43638,43640,1,0,1
43641,43640,43642,1,0,1
43643,43642,43644,1,0,1
43645,43644,43646,1,0,1
43647,43646,43648,1,0,1
41621,43648,43649,1,0,1
43650,43649,43651,1,0,1
42117,41627,43652,0,1,1
43653,43652,43654,1,0,1
43655,43654,43651,1,0,0
43423,43425,43656,0,0,1,10953
43421,43656,43657,0,0,1
43439,43657,43658,0,0,1
43659,43660,43661,1,1,1
43565,43661,43658,0,0,0
43662,42801,43663,1,0,1,9928
43664,43663,43665,1,0,1
43666,43667,43668,1,1,1
43573,43668,43669,0,0,1
42805,43669,43670,0,0,1
42803,43670,43665,0,0,0
42653,42799,43671,0,0,1,1735
42651,43671,43672,0,0,1
43673,43672,43674,1,0,1
43675,43674,43662,1,0,0
43334,43391,43676,0,0,1,9927
43677,43676,43678,1,0,1
43679,43678,5081,1,0,0
43591,43332,43680,0,0,1,19144
43681,43680,43682,1,0,1
43683,43684,43685,1,1,1
43677,43686,43687,0,1,1
43682,43687,43685,0,0,0
43605,43340,43688,0,0,1,8918
43606,43688,43689,0,0,1
43602,43689,43690,0,0,1
43691,43603,43692,1,0,1
43693,43692,43694,1,0,1
43695,43694,43696,1,0,1
43697,43696,43698,1,0,1
43585,43698,43699,0,0,1
40451,43699,43700,0,0,1
40448,43700,43690,0,0,0
42695,43596,43701,0,0,1,8918
43702,42693,43703,1,0,1
43704,43703,43705,1,0,1
43706,43705,43707,1,0,1
43708,43707,43709,1,0,1
43710,43709,43711,1,0,1
43712,43711,43713,1,0,1
43714,43713,43715,1,0,1
43716,43715,43717,1,0,1
43718,43717,43719,1,0,1
43720,43719,43721,1,0,1
43598,43721,43701,0,0,0
40667,40669,43722,0,0,1,1750
43723,43722,43724,1,0,1
43725,43724,43726,1,0,1
43727,43726,43728,1,0,1
43729,43728,43730,1,0,1
43731,43730,43732,1,0,1
43733,43732,43734,1,0,1
43735,43734,43736,1,0,1
43737,43736,43738,1,0,1
42691,43702,43739,0,0,1
43461,42689,43740,0,0,1
43465,43740,43741,0,0,1
43738,43741,43739,0,0,0
43634,42528,43742,0,0,1,14036
43631,43742,43743,0,0,1
43744,43743,43745,1,0,1
42533,43746,43747,0,1,1
42580,43747,43748,0,0,1
42530,43748,43745,0,0,0
43572,43579,43749,0,0,1,9927
43666,43749,43750,0,0,1
43675,43664,43751,0,0,1
43673,43751,43752,0,0,1
42649,43752,43753,0,0,1
43754,43753,43755,1,0,1
43756,43755,43757,1,0,1
43758,43757,43759,1,0,1
43760,43759,43761,1,0,1
43762,43761,43763,1,0,1
43764,43763,43765,1,0,1
43766,43765,43767,1,0,1
43768,43767,43769,1,0,1
43770,43769,43771,1,0,1
43772,43773,43774,1,1,1
43775,43774,43776,1,0,1
43777,43776,43778,1,0,1
43779,43780,43781,1,1,1
43782,43783,43784,1,1,1
43785,43784,43786,1,0,1
43787,43786,43788,1,0,1
43789,43788,43790,1,0,1
43014,43790,43791,0,0,1
43575,43791,43792,0,0,1
43771,43667,43793,0,0,1
43778,43793,43794,0,0,1
43795,43794,43796,1,0,1
43792,43781,43797,0,0,1
43750,43797,43796,0,0,0
39353,39356,43798,0,0,1,212
39350,43798,43799,0,0,1
39351,43799,43800,0,0,1
39345,39348,43801,0,0,1
43118,43146,43802,0,0,1
43555,43113,43803,0,0,1
43800,43803,43804,0,0,1
39347,43804,43805,0,0,1
43802,43801,43806,0,0,1
43116,43806,43805,0,0,0
43016,43448,43807,0,0,1,1734
43789,43807,43808,0,0,1
43809,43808,43810,1,0,1
43811,43810,43812,1,0,1
43813,43812,43814,1,0,1
43815,43814,43816,1,0,1
43817,43816,43450,1,0,0
43237,4913,43818,0,0,1,1750
43819,43235,43820,1,0,1
43821,43820,43822,1,0,1
4916,43822,43818,0,0,0
43353,43616,43823,0,0,1,9173
43057,43823,43824,0,0,1
43277,43824,43825,0,0,1
43826,43825,43827,1,0,1
43828,43827,43215,1,0,0
42559,43360,43829,0,0,1,1749
42554,42556,43830,0,0,1
43365,42552,43831,0,0,1
43362,43831,43832,0,0,1
43829,43363,43833,0,0,1
43830,43833,43832,0,0,0
43629,43632,43834,0,0,1,10964
43627,43834,43835,0,0,1
43836,5626,43837,1,1,1
43838,43837,43839,1,0,1
42532,43839,43840,0,0,1
43746,43840,43841,0,0,1
43744,43841,43835,0,0,0
41583,41659,43842,0,0,1,14549
43843,43842,43844,1,0,1
41586,43844,41699,0,0,0
39476,39260,43845,0,0,1,979
39474,43845,43846,0,0,1
39266,43846,43847,0,0,1
39396,43847,39263,0,0,0
43034,43036,43848,0,0,1,10439
43849,43848,43850,1,0,1
43851,43850,43852,1,0,1
43853,43852,43854,1,0,1
43855,43854,43856,1,0,1
43857,43856,43858,1,0,1
43859,43858,43860,1,0,1
43861,43860,43862,1,0,1
43863,43862,43864,1,0,1
43865,43864,43866,1,0,1
43867,43866,43868,1,0,1
43754,43868,42647,0,0,0
43718,43720,43869,0,0,1,8917
43714,43716,43870,0,0,1
43710,43712,43871,0,0,1
43872,43871,43873,1,0,1
43874,43873,43875,1,0,1
43876,43875,43877,1,0,1
43878,43877,43879,1,0,1
43880,43879,43881,1,0,1
43600,43881,43882,0,0,1
43869,43882,43870,0,0,0
43883,40663,43884,1,0,1,214
43885,43884,43886,1,0,1
4915,4918,43887,0,0,1,2774
43821,43887,43888,0,0,1
43889,43819,43890,1,0,1
43891,43892,43893,1,1,1
43894,43893,43895,1,0,1
43896,43897,43898,1,1,1
43899,43900,43901,1,1,1
43902,43901,43903,1,0,1
43904,43903,43905,1,0,1
43906,43905,43907,1,0,1
43908,43907,43909,1,0,1
43883,43909,43910,0,0,1
43895,43890,43911,0,0,1
43898,43911,43912,0,0,1
43910,43913,43914,0,1,1
43888,43914,43912,0,0,0
5196,5213,43915,1,1,1,2772
5195,43915,43916,1,0,1
42917,43916,43917,1,0,1
5188,42916,43918,1,1,1
5190,43918,43919,1,0,1
5193,43919,43920,1,0,1
5192,43920,43917,1,0,0
41667,41628,43921,0,0,1,18645
41623,41625,43922,0,0,1
41620,43922,43923,0,0,1
43650,43923,43921,1,0,0
43659,43567,43924,0,0,1,8618
43925,43924,43926,1,0,1
43927,43926,43928,1,0,1
43929,43930,43931,1,1,1
43932,43933,43934,1,1,1
43935,43936,43937,1,1,1
43928,43937,43938,0,0,1
43931,43938,43934,0,0,0
43697,43587,43939,0,0,1,18123
43940,43939,43941,1,0,1
43942,43941,43943,1,0,1
43944,43943,43945,1,0,1
43946,43945,43947,1,0,1
43681,43947,43589,0,0,0
43880,43610,43948,0,0,1,725
43878,43948,43949,0,0,1
43950,43876,43951,1,0,1
43952,43951,43953,1,0,1
43954,43953,43955,1,0,1
43956,43955,43957,1,0,1
43958,43957,43959,1,0,1
43691,43959,43949,0,0,0
43735,43737,43960,0,0,1,9942
43731,43733,43961,0,0,1
43962,43961,43963,1,0,1
43964,43963,43965,1,0,1
43704,43965,43960,0,0,0
40665,43723,43966,0,0,1,8406
43886,43966,43967,0,0,1
43885,43967,43968,0,0,1
43908,43968,43969,0,0,1
43906,43969,43970,0,0,1
43971,43970,43972,1,0,1
43973,43972,43725,1,0,0
43974,37027,43975,1,1,1,2261
43976,43975,43977,1,0,1
43978,43977,43979,1,0,1
43980,43981,43982,1,1,1
43983,43982,43984,1,0,1
43985,43984,43986,1,0,1
43987,43986,43988,1,0,1
43989,43988,43990,1,0,1
43991,43990,43992,1,0,1
43993,43992,43994,1,0,1
43995,43994,43996,1,0,1
43997,43998,43999,1,1,1
44000,44001,44002,1,1,1
44003,44002,44004,1,0,1
40158,44004,44005,0,0,1
44006,40155,44007,1,0,1
37023,44008,44009,1,1,1
43979,44009,44010,0,0,1
43996,44010,44011,0,0,1
43999,44011,44012,0,0,1
44013,44012,44014,1,0,1
44005,44014,44007,0,0,0
4807,4628,44015,1,1,1,10453
4631,44015,44016,1,0,1
4630,44016,44017,1,0,1
4634,4810,44018,1,1,1
4633,44018,44019,1,0,1
5713,44019,44017,1,0,0
44020,41580,44021,1,0,1,18647
44022,44023,44024,1,1,1
41589,44025,44026,0,1,1
41677,44026,44027,0,0,1
41585,44027,44028,0,0,1
43843,44028,44029,0,0,1
44021,44029,44024,0,0,0
43541,43543,44030,0,0,1,14549
41591,44030,44031,0,0,1
41592,44031,44032,0,0,1
41588,44032,44033,0,0,1
44025,44033,44034,0,0,1
44022,44034,44035,0,0,1
44023,44035,44036,0,0,1
44020,44036,44037,0,0,1
41581,44037,41578,0,0,0
43973,43727,44038,0,0,1,11222
44039,44038,44040,1,0,1
44041,44040,44042,1,0,1
44043,44042,44044,1,0,1
44045,44044,44046,1,0,1
44047,44046,44048,1,0,1
43962,44048,43729,0,0,0
44049,43679,44050,1,0,1,10951
44051,44050,44052,1,0,1
43944,44053,44054,0,1,1
44055,44054,44056,1,0,1
44057,44056,44058,1,0,1
44059,44058,44060,1,0,1
44061,44060,44062,1,0,1
44063,44062,44064,1,0,1
44065,44064,44066,1,0,1
5083,44067,44068,0,1,1
44052,44068,44069,0,0,1
44070,44069,44066,1,0,0
43683,43686,44071,0,0,1,10952
43946,43684,44072,0,0,1
44053,44072,44073,0,0,1
44070,44073,44074,0,0,1
44051,44074,44075,0,0,1
44049,44075,44071,0,0,0
43950,43874,44076,1,1,1,41680
44077,44078,44079,1,1,1
44080,44079,44081,1,0,1
44082,44081,44083,1,0,1
44084,44083,44085,1,0,1
44086,44085,44087,1,0,1
44088,44086,44089,1,0,1
44090,44089,44091,1,0,1
43708,44091,44092,1,0,1
43872,44092,44093,1,0,1
44076,44093,44087,0,0,0
43494,43496,44094,0,0,1,980
42288,44094,44095,0,0,1
40164,42286,44096,0,0,1
44097,44096,44098,1,0,1
44099,44100,44101,1,1,1
44102,44103,44104,1,1,1
43998,44104,44105,0,0,1
44106,44105,44107,1,0,1
44108,44107,44109,1,0,1
44110,44109,44111,1,0,1
44112,44111,44113,1,0,1
44114,44113,44115,1,0,1
44116,44117,44118,1,1,1
44119,44118,44120,1,0,1
44121,44120,44122,1,0,1
44123,44122,44124,1,0,1
44125,44124,44126,1,0,1
44127,44128,44129,1,1,1
44130,44131,44132,1,1,1
42925,44133,44134,1,1,1
43498,44134,44135,0,0,1
44115,44101,44136,0,0,1
44126,44136,44137,0,0,1
44132,44138,44139,0,1,1
44135,44140,44141,0,1,1
44095,44141,44142,0,0,1
44137,44143,44144,0,1,1
44129,44144,44145,0,0,1
44146,44145,44147,1,0,1
44148,44147,44149,1,0,1
44142,44139,44150,0,0,1
44098,44150,44151,0,0,1
44149,44152,44153,0,1,1
44151,44154,44155,0,1,1
44156,44155,44153,1,0,0
44157,37073,44158,1,1,1,2261
44159,44158,44160,1,0,1
44161,44162,44163,1,1,1
37018,44163,44164,1,0,1
37021,44164,44165,1,0,1
37020,44165,44160,1,0,0
44008,37024,44166,0,1,1,2262
40156,44006,44167,0,0,1
40153,44167,44168,0,0,1
44161,37015,44169,0,1,1
44166,44157,44170,0,0,1
44169,37016,44171,0,1,1
44170,44159,44172,0,0,1
44171,44168,44173,0,0,1
44162,44173,44172,0,0,0
44174,37026,44175,1,1,1,2260
43980,44175,44176,0,0,1
43978,43981,44177,0,0,1
43976,44177,44178,0,0,1
43974,44178,44176,0,0,0
43536,43551,44179,0,0,1,10453
43548,43534,44180,0,0,1
43530,44180,44181,0,0,1
43531,44181,44182,0,0,1
43527,44182,44183,0,0,1
44184,44183,44185,1,0,1
44186,44185,44187,1,0,1
44188,44187,44189,1,0,1
44190,44189,44191,1,0,1
44192,44191,44193,1,0,1
44179,43539,44194,0,0,1
44193,43533,44195,0,0,1
44196,44195,44194,1,0,0
43149,43151,44197,0,0,1,10452
43132,44197,44198,0,0,1
43128,43130,44199,0,0,1
41548,41550,44200,0,0,1
44198,43134,44201,0,0,1
44200,44199,44202,0,0,1
41545,44202,44201,0,0,0
43777,43795,44203,0,0,1,10439
44204,44203,44205,1,0,1
44206,44205,43780,1,0,0
5144,43582,44207,0,0,1,2246
5125,44207,44208,0,0,1
5122,5126,44209,0,0,1
43849,5123,44210,0,0,1
43031,44210,44211,0,0,1
43029,43032,44212,0,0,1
44208,43027,44213,0,0,1
44209,44213,44214,0,0,1
44211,44214,44212,0,0,0
43226,43256,44215,0,0,1,14037
44216,43224,44217,1,0,1
44218,44217,44219,1,0,1
44220,44219,44221,1,0,1
44222,44221,44223,1,0,1
43228,44223,44224,0,0,1
43229,44224,44225,0,0,1
43258,44225,44215,0,0,0
43828,43217,44226,0,0,1,17366
44227,44226,44228,1,0,1
44229,44228,44230,1,0,1
44231,44230,44232,1,0,1
44233,44232,44234,1,0,1
44235,44236,44237,1,1,1
43219,44238,44239,0,1,1
44234,43220,44240,0,0,1
44237,44240,44239,0,0,0
43275,43826,44241,0,0,1,10452
44242,44241,44243,1,0,1
44244,44245,44246,1,1,1
44247,44248,44249,1,1,1
44250,44249,44251,1,0,1
44229,44252,44253,0,1,1
44227,44253,44254,0,0,1
44243,44254,44255,0,0,1
44246,44255,44251,0,0,0
43376,43270,44256,0,0,1,2260
43374,44256,44257,0,0,1
44258,44257,44259,1,0,1
44260,44261,44262,1,1,1
44263,44262,44264,1,0,1
44265,44266,44267,1,1,1
44268,44267,44269,1,0,1
44270,44271,44272,1,1,1
44273,44272,44274,1,0,1
44275,44274,44276,1,0,1
44277,44276,44278,1,0,1
44248,44278,44279,0,0,1
44244,44279,44280,0,0,1
44242,44245,44281,0,0,1
43272,44281,44282,0,0,1
44259,43273,44283,0,0,1
44284,44283,44285,1,0,1
44264,44285,44286,0,0,1
44280,44269,44287,0,0,1
44282,44287,44286,0,0,0
44196,43538,44288,0,0,1,2261
44190,44192,44289,0,0,1
44184,44186,44290,0,0,1
43528,44290,44291,0,0,1
41558,44291,44292,0,0,1
41556,44292,44293,0,0,1
41554,44293,44294,0,0,1
43125,44294,44295,0,0,1
44296,43122,44297,1,0,1
44298,44299,44300,1,1,1
44301,44302,44303,1,1,1
44304,44305,44306,1,1,1
41601,44307,44308,0,1,1
41679,44308,44309,0,0,1
41598,44309,44310,0,0,1
41596,44310,44311,0,0,1
44288,41594,44312,0,0,1
44289,44312,44313,0,0,1
44188,44313,44314,0,0,1
44295,44314,44315,0,0,1
44297,44315,44316,0,0,1
44300,44316,44317,0,0,1
44303,44317,44318,0,0,1
44306,44318,44311,0,0,0
44206,43779,44319,0,0,1,2247
43775,44204,44320,0,0,1
44321,44320,44322,1,0,1
44323,44322,44324,1,0,1
44325,44324,44326,1,0,1
44327,44326,44328,1,0,1
44329,44328,44330,1,0,1
44331,44330,44332,1,0,1
43783,44333,44334,0,1,1
44319,44334,44332,0,0,0
43768,43770,44335,0,0,1,1735
43766,44335,44336,0,0,1
43764,44336,44337,0,0,1
44338,44339,44340,1,1,1
44321,44340,44341,0,0,1
43772,44341,44342,0,0,1
43773,44342,44337,0,0,0
44343,44344,44345,1,1,1,1735
44346,44347,44348,1,1,1
44349,44348,44350,1,0,1
44351,44352,44353,1,1,1
44354,44355,44356,1,1,1
44357,44356,44358,1,0,1
44350,44345,44359,0,0,1
44353,44359,44358,0,0,0
44360,43693,44361,1,0,1,10966
44362,44363,44364,1,1,1
44365,44366,44367,1,1,1
44368,44367,44369,1,0,1
44361,44369,44364,0,0,0
44370,43958,44371,1,0,1,10965
44372,44373,44374,1,1,1
44375,44376,44377,1,1,1
44077,44377,44378,1,0,1
44379,44380,44381,1,1,1
44382,44381,44383,1,0,1
44384,44383,44385,1,0,1
44386,44387,44388,1,1,1
44389,44388,44390,1,0,1
44391,44392,44393,1,1,1
44394,44393,44395,1,0,1
44396,44395,44397,1,0,1
44398,44397,44399,1,0,1
44400,44399,44401,1,0,1
44402,44403,44404,1,1,1
44360,44405,44406,0,1,1
44371,44406,44407,0,0,1
44374,44407,44408,0,0,1
44409,44408,44410,1,0,1
44378,44410,44411,0,0,1
44080,44411,44412,1,0,1
44385,44412,44413,0,0,1
44414,44413,44415,1,0,1
44390,44415,44416,0,0,1
44401,44416,44404,0,0,0
43954,43956,44417,0,0,1,2773
44078,43952,44418,1,0,1
44375,44418,44419,0,0,1
44376,44419,44420,0,0,1
44409,44420,44421,0,0,1
44372,44421,44422,0,0,1
44373,44422,44423,0,0,1
44370,44423,44417,0,0,0
44039,44424,44425,1,1,1,11221
44426,44041,44427,1,1,1
44428,44429,44430,1,1,1
44431,44430,44432,1,0,1
44433,44432,44434,1,0,1
44425,44434,44427,0,0,0
44435,44424,44436,1,0,1,8405
44437,44438,44439,1,1,1
44440,44439,44441,1,0,1
43904,44441,44442,1,0,1
43971,44442,44436,1,0,0
41614,41681,44443,0,0,1,2261
44444,44443,44445,1,0,1
44446,44445,44447,1,0,1
43643,43641,44448,1,1,1
44449,44450,44451,1,1,1
41618,44452,44453,0,1,1
44447,44453,44454,0,0,1
44448,44454,44451,0,0,0
43660,43925,44455,0,0,1,10920
43437,44455,44456,0,0,1
43435,44456,44457,0,0,1
44458,44457,44459,1,0,1
44460,44459,44461,1,0,1
44462,44461,44463,1,0,1
44464,44465,44466,1,1,1
44467,44466,44468,1,0,1
44469,44468,44470,1,0,1
43927,44470,44463,0,0,0
43787,43809,44471,0,0,1,2758
44472,43785,44473,1,0,1
44474,44473,44475,1,0,1
43815,44476,44477,0,1,1
43813,44477,44478,0,0,1
44471,43811,44479,0,0,1
44475,44479,44478,0,0,0
44333,43782,44480,0,0,1,1734
44331,44480,44481,0,0,1
44482,44481,44483,1,0,1
44484,44483,44485,1,0,1
44486,44485,44487,1,0,1
44488,44487,44489,1,0,1
44490,44489,44472,1,0,0
44368,43695,44491,0,0,1,18120
44492,44491,44493,1,0,1
44494,44493,44495,1,0,1
44057,44495,44496,0,0,1
44055,44496,44497,0,0,1
43942,44497,43940,0,0,0
44498,44088,44499,1,0,1,2773
44500,44499,44501,1,0,1
43706,44501,44090,1,0,0
44502,44503,44504,1,1,1,725
44505,44504,44506,1,0,1
44507,44506,44508,1,0,1
43964,44047,44509,1,1,1
44500,44509,44510,0,0,1
44511,44512,44513,1,1,1
44514,44513,44515,1,0,1
44508,44516,44517,0,1,1
44045,44517,44518,1,0,1
44510,44518,44515,0,0,0
42539,42541,44519,0,0,1,18133
44520,42537,44521,1,0,1
44522,44521,44523,1,0,1
44524,44523,44525,1,0,1
44526,44525,44527,1,0,1
42544,44527,44519,0,0,0
43932,43936,44528,0,0,1,8617
43929,43933,44529,0,0,1
44530,44529,44531,1,0,1
44532,44531,44528,1,0,0
43867,43756,44533,0,0,1,8391
43865,44533,44534,0,0,1
44535,44534,44536,1,0,1
44537,44536,43758,1,0,0
5120,43851,44538,0,0,1,9926
44539,5118,44540,1,0,1
44541,44540,44542,1,0,1
43859,44542,44543,0,0,1
43857,44543,44544,0,0,1
43855,44544,44545,0,0,1
43853,44545,44538,0,0,0
44428,44546,44547,0,1,1,3029
44429,44547,44548,0,0,1
44426,44548,44549,0,0,1
44507,44043,44550,0,1,1
44505,44550,44551,0,0,1
44502,44551,44549,0,0,0
43900,43913,44552,1,1,1,2773
43899,44552,44553,1,0,1
44440,43902,44554,0,1,1
44437,44554,44555,0,0,1
44556,44555,44557,1,0,1
44558,44557,44559,1,0,1
44560,44559,44561,1,0,1
44562,44561,44563,1,0,1
44564,44565,44566,1,1,1
44567,44568,44569,1,1,1
44570,44569,44571,1,0,1
44572,44571,44573,1,0,1
44574,44573,44575,1,0,1
44576,44575,44577,1,0,1
44578,44577,44579,1,0,1
44580,44579,44581,1,0,1
44582,44581,44583,1,0,1
44584,44585,44586,1,1,1
43897,43894,44587,1,1,1
43896,44587,44588,1,0,1
44553,44588,44589,0,0,1
44566,44563,44590,0,0,1
44591,44590,44592,1,0,1
44593,44592,44594,1,0,1
44586,44595,44596,0,1,1
44594,44589,44597,0,0,1
44583,44597,44596,0,0,0
44238,43222,44598,0,0,1,18645
44235,44598,44599,0,0,1
44600,44599,44601,1,0,1
44602,44601,44603,1,0,1
44604,44605,44606,1,1,1
44607,44606,44608,1,0,1
44609,44608,44610,1,0,1
44218,44610,44611,0,0,1
44216,44611,44603,0,0,0
44252,44231,44612,0,0,1,18644
44275,44277,44613,0,0,1
44614,44613,44615,1,0,1
44605,44615,44616,0,0,1
44602,44616,44617,0,0,1
44600,44617,44618,0,0,1
44612,44233,44619,0,0,1
44250,44619,44620,0,0,1
44618,44247,44621,0,0,1
44236,44621,44620,0,0,0
43367,43369,44622,0,0,1,9940
44623,42548,44624,1,0,1
44625,44626,44627,1,1,1
44258,44627,44628,0,0,1
43371,44628,44629,0,0,1
44622,43372,44630,0,0,1
44624,44630,44629,0,0,0
44526,42543,44631,0,0,1,18134
44524,44631,44632,0,0,1
44633,44522,44634,1,0,1
44635,44634,44636,1,0,1
44637,44638,44639,1,1,1
44640,44639,44641,1,0,1
44642,44641,44643,1,0,1
44632,44643,44636,0,0,0
44644,43838,44645,1,0,1,9940
44646,44645,44647,1,0,1
44633,44647,44648,0,0,1
44520,44648,42535,0,0,0
5629,43836,44649,1,0,1,10963
44650,5631,44651,1,1,1
5652,44651,44652,1,0,1
44653,44652,44654,1,0,1
44655,44654,44656,1,0,1
44644,44656,44649,0,0,0
4640,4638,44657,1,1,1,10453
4645,4642,44658,1,1,1
5700,44658,44659,1,0,1
44660,44659,44661,1,0,1
44662,44661,44663,1,0,1
44664,44663,44665,1,0,1
5709,44665,44657,1,0,0
43321,43433,44666,0,0,1,10951
43441,43319,44667,0,0,1
44668,43442,44669,1,0,1
44670,44669,44671,1,0,1
44672,44671,44673,1,0,1
44674,44673,44675,1,0,1
44666,44458,44676,0,0,1
44667,44676,44675,0,0,0
44677,44329,44678,1,0,1,199
44679,44678,44680,1,0,1
44681,44680,44482,1,0,0
43861,43863,44682,0,0,1,2246
44541,44682,44683,0,0,1
44684,44683,44685,1,0,1
44686,44685,44687,1,0,1
44688,44687,44689,1,0,1
44690,44689,44691,1,0,1
44692,44691,44693,1,0,1
44694,44693,44695,1,0,1
44338,44323,44696,0,0,1
44697,44696,44698,1,0,1
44699,44698,44700,1,0,1
44701,44700,44702,1,0,1
44703,44702,44704,1,0,1
44705,44704,44706,1,0,1
44707,44706,44708,1,0,1
44709,44710,44711,1,1,1
44712,44711,44713,1,0,1
43760,44714,44715,0,1,1
44537,44715,44716,0,0,1
44695,44535,44717,0,0,1
44708,44717,44718,0,0,1
44719,44718,44720,1,0,1
44713,44720,44716,0,0,0
44067,5085,44721,0,0,1,1735
44061,44063,44722,0,0,1
44723,44722,44724,1,0,1
5095,5099,44725,0,0,1
5092,5096,44726,0,0,1
5089,5093,44727,0,0,1
5087,5090,44728,0,0,1
44721,44728,44729,0,0,1
44065,44729,44730,0,0,1
44725,44724,44731,0,0,1
44726,44731,44732,0,0,1
44727,44732,44730,0,0,0
44516,44733,44734,0,1,1,8918
44514,44734,44511,0,0,0
44222,43231,44735,0,0,1,9941
44609,44220,44736,0,0,1
44607,44736,44737,0,0,1
44582,44737,44738,1,0,1
44739,44738,44740,1,0,1
44741,44740,44742,1,0,1
44743,44744,44745,1,1,1
44735,44745,44742,0,0,0
44130,44140,44746,0,0,1,9172
44138,44131,44747,0,0,1
44154,44747,44748,0,0,1
44749,44148,44750,1,0,1
44751,44752,44753,1,1,1
44754,44755,44756,1,1,1
44757,44756,44758,1,0,1
44759,44758,44760,1,0,1
44761,44762,44763,1,1,1
44764,44763,44765,1,0,1
44766,44765,44767,1,0,1
5181,44767,44768,1,0,1
42920,44768,44769,1,0,1
42922,44769,44770,1,0,1
44133,44770,44771,0,0,1
44746,44771,44772,0,0,1
44750,44748,44773,0,0,1
44753,44773,44774,0,0,1
44760,44774,44772,0,0,0
43930,44530,44775,0,0,1,8616
44469,44775,44776,0,0,1
44467,44776,44777,0,0,1
44714,43762,44778,0,0,1,2247
44712,44778,44779,0,0,1
44719,44710,44780,0,0,1
44707,44780,44781,0,0,1
44705,44781,44782,0,0,1
44703,44782,44783,0,0,1
44701,44783,44784,0,0,1
44697,44699,44785,0,0,1
44339,44785,44786,0,0,1
44779,44786,44787,0,0,1
44709,44787,44784,0,0,0
44788,44789,44790,1,1,1,10966
44791,44790,44792,1,0,1
44793,44792,44794,1,0,1
44795,44794,44796,1,0,1
44797,42346,44798,1,1,1,8404
44799,44798,44800,1,0,1
44801,44802,44803,1,1,1
42315,44804,44805,1,1,1
5051,44805,44806,1,0,1
42313,42311,44807,1,1,1
44800,44807,44808,0,0,1
44803,44808,44806,0,0,0
44804,42348,44809,0,1,1,16596
44801,44809,44810,0,0,1
44802,44810,44811,0,0,1
44799,44811,44797,0,0,0
44452,41617,44812,0,0,1,18645
44449,44812,44813,0,0,1
44450,44813,44814,0,0,1
43645,44814,43647,1,0,1
39468,39471,44815,0,0,1,979
39469,44815,44816,0,0,1
39466,44816,44817,0,0,1
39462,39464,44818,0,0,1
39272,44818,44819,0,0,1
39270,44819,44817,0,0,0
44674,44460,44820,0,0,1,10919
44821,44820,44822,1,0,1
44823,44822,44824,1,0,1
44825,44826,44827,1,1,1
44828,44827,44829,1,0,1
44830,44829,44831,1,0,1
44832,44833,44834,1,1,1
44835,44836,44837,1,1,1
44465,44837,44838,0,0,1
44824,44462,44839,0,0,1
44840,44839,44841,1,0,1
44831,44841,44842,0,0,1
44834,44842,44838,0,0,0
44625,44284,44843,0,0,1,1748
44844,44843,44845,1,0,1
44846,44845,44847,1,0,1
44848,44847,44849,1,0,1
44850,44849,44851,1,0,1
44852,44851,44853,1,0,1
44260,44854,44855,0,1,1
44261,44855,44853,0,0,0
44642,42546,44856,0,0,1,18132
44640,44856,44857,0,0,1
44858,44857,44859,1,0,1
44860,44859,44861,1,0,1
44862,44863,44864,1,1,1
44865,44864,44866,1,0,1
44867,44866,44868,1,0,1
44869,44868,44870,1,0,1
44623,44871,44872,0,1,1
44861,44872,44870,0,0,0
5635,5633,44873,1,1,1,10964
44874,5638,44875,1,1,1
44876,44875,44877,1,0,1
44878,44877,44879,1,0,1
44880,44879,44881,1,0,1
5650,44882,44883,1,1,1
44650,44883,44884,0,0,1
44873,44884,44881,0,0,0
5665,5663,44885,1,1,1,2772
5641,44885,44886,1,0,1
5645,5643,44887,1,1,1
5648,44887,44888,1,0,1
44882,5647,44889,0,1,1
44880,44889,44890,0,0,1
44878,44890,44891,0,0,1
44876,44891,44892,0,0,1
5637,44874,44893,1,0,1
44886,44893,44894,0,0,1
5640,44894,44895,1,0,1
44888,44895,44892,0,0,0
44896,43985,44897,1,0,1,2260
44898,44899,44900,1,1,1
44901,44902,44903,1,1,1
44904,44903,44905,1,0,1
44906,44905,44907,1,0,1
44908,44909,44910,1,1,1
44911,44910,44912,1,0,1
44913,44912,44914,1,0,1
44915,44914,44916,1,0,1
44917,44916,44918,1,0,1
44919,44918,44920,1,0,1
44921,44920,44922,1,0,1
44923,44922,44924,1,0,1
44925,44926,44927,1,1,1
44928,44927,44929,1,0,1
44930,44929,44931,1,0,1
44108,44932,44933,0,1,1
43995,44106,44934,0,0,1
43993,44934,44935,0,0,1
43991,44935,44936,0,0,1
44897,43987,44937,0,0,1
44938,44937,44939,1,0,1
44900,44939,44940,0,0,1
44907,44940,44941,0,0,1
44942,44941,44943,1,0,1
44933,44931,44944,0,0,1
44943,43989,44945,0,0,1
44944,44924,44946,0,0,1
44936,44946,44945,0,0,0
39224,4680,44947,0,1,1,2260
4668,5233,44948,1,1,1
4815,44948,44949,1,0,1
4672,44949,44950,1,0,1
4674,4671,44951,1,1,1
4677,44951,44952,1,0,1
44947,4676,44953,0,1,1
5230,44953,44954,1,0,1
44950,44954,44952,0,0,0
44476,43817,44955,0,0,1,10950
44488,44490,44956,0,0,1
44957,44956,44958,1,0,1
44959,44958,44960,1,0,1
44961,44962,44963,1,1,1
44955,44668,44964,0,0,1
44474,44964,44965,0,0,1
44960,44965,44963,0,0,0
44365,44492,44966,0,0,1,8390
44967,44966,44968,1,0,1
44969,44970,44971,1,1,1
44972,44971,44973,1,0,1
44974,44975,44976,1,1,1
44977,5098,44978,1,0,1
44979,44980,44981,1,1,1
44982,44983,44984,1,1,1
44968,44985,44986,0,1,1
44987,44986,44988,1,0,1
44973,44988,44989,0,0,1
44978,44976,44990,0,0,1
44981,44990,44991,0,0,1
44984,44991,44989,0,0,0
44992,44993,44994,1,1,1,10965
44995,44994,44996,1,0,1
44997,44996,44791,1,0,0
44739,44741,44998,0,0,1,1749
44999,44595,45000,1,1,1
43889,43892,45001,0,0,1
43233,45001,45002,0,0,1
44743,45002,45003,0,0,1
44998,44744,45004,0,0,1
45000,45004,45003,0,0,0
40162,40165,45005,0,0,1,981
44003,40160,45006,0,0,1
45007,45006,45008,1,0,1
45009,45008,45010,1,0,1
45011,45010,45012,1,0,1
44103,45013,45014,0,1,1
44099,45014,45015,0,0,1
45016,45015,45017,1,0,1
45018,45017,45019,1,0,1
44097,45020,45021,0,1,1
45005,45021,45022,0,0,1
45012,45022,45023,0,0,1
45024,45023,45019,1,0,0
44662,44664,45025,0,0,1,10452
5702,44660,45026,1,0,1
5704,45026,45027,1,0,1
5794,45027,45028,1,0,1
5707,45028,45029,1,0,1
5706,45029,45030,1,0,1
5710,45030,45025,1,0,0
44539,44684,45031,0,0,1,198
5116,45031,45032,0,0,1
5112,5114,45033,0,0,1
45034,45033,45035,1,0,1
44686,45035,45032,0,0,0
44494,44059,45036,0,0,1,8391
44985,45036,45037,0,0,1
44982,45037,45038,0,0,1
44983,45038,45039,0,0,1
44979,45039,45040,0,0,1
44980,45040,45041,0,0,1
44977,45041,44723,0,0,0
44362,44366,45042,0,0,1,8406
44405,44363,45043,0,0,1
44402,45043,45044,0,0,1
45045,45044,45046,1,0,1
45047,45046,45048,1,0,1
44970,45049,45050,0,1,1
44987,45050,45051,0,0,1
44967,45051,45052,0,0,1
45042,45052,45048,0,0,0
44869,44871,45053,0,0,1,14036
45054,45053,45055,1,0,1
45056,45055,45057,1,0,1
45058,45057,45059,1,0,1
44844,45059,44626,0,0,0
44832,44836,45060,0,0,1,9895
44830,44833,45061,0,0,1
45062,45061,45063,1,0,1
45064,45063,45060,1,0,0
44670,44672,45065,0,0,1,10918
44959,44962,45066,0,0,1
45067,45066,45068,1,0,1
45069,45068,45070,1,0,1
45071,45070,45072,1,0,1
45073,45074,45075,1,1,1
45076,45075,45077,1,0,1
45078,45077,45079,1,0,1
45080,45079,45081,1,0,1
45082,45083,45084,1,1,1
45085,45084,45086,1,0,1
44825,45086,45087,0,0,1
44826,45087,45088,0,0,1
44840,45088,45089,0,0,1
44823,45089,45090,0,0,1
44821,45090,45091,0,0,1
45065,45091,45092,0,0,1
44961,45092,45093,0,0,1
45081,45072,45094,0,0,1
45095,45094,45093,1,0,0
44486,44957,45096,0,0,1,10406
45097,45096,45098,1,0,1
45099,45100,45101,1,1,1
45102,45101,45103,1,0,1
45104,45103,45105,1,0,1
45106,45105,45107,1,0,1
45108,45107,45109,1,0,1
45067,45109,45098,0,0,0
44795,45110,45111,0,1,1,10967
45112,45111,45113,1,0,1
45114,45113,45115,1,0,1
45116,45115,45117,1,0,1
44392,45117,44389,0,0,0
45118,45119,45120,1,1,1,8917
45121,45120,45122,1,0,1
44995,45122,45123,1,0,1
45124,45123,45125,1,0,1
45126,45127,45128,1,1,1
45129,45128,45125,1,0,0
5658,45130,45131,0,1,1,2770
5656,45131,45132,0,0,1
44653,5654,45133,1,0,1
45134,45133,45135,1,0,1
45136,45135,45137,1,0,1
45138,45137,45139,1,0,1
45140,45139,45141,1,0,1
45142,45141,45143,1,0,1
45144,45143,45145,1,0,1
45146,45145,45147,1,0,1
45148,45149,45150,1,1,1
45151,45150,45152,1,0,1
45153,45152,45154,1,0,1
45155,45154,45156,1,0,1
45157,45156,45158,1,0,1
45159,45158,45160,1,0,1
45132,45160,45147,0,0,0
45161,44681,45162,1,0,1,2214
45163,45162,45164,1,0,1
45165,45164,45166,1,0,1
45167,45168,45169,1,1,1
45170,45169,45171,1,0,1
45172,45171,45173,1,0,1
45069,45174,45175,0,1,1
45108,45175,45176,0,0,1
45106,45176,45177,0,0,1
45104,45177,45178,0,0,1
45102,45178,45179,0,0,1
45097,45100,45180,0,0,1
44484,45180,45181,0,0,1
45166,45181,45182,0,0,1
45173,45183,45184,0,1,1
45179,45184,45185,0,0,1
45099,45185,45182,0,0,0
45186,44327,45187,1,0,1,2726
45188,45189,45190,1,1,1
45191,45192,45193,1,1,1
45194,45195,45196,1,1,1
45197,45198,45199,1,1,1
45200,45199,45201,1,0,1
45202,45201,45203,1,0,1
45204,45205,45206,1,1,1
45207,45208,45209,1,1,1
45210,45209,45211,1,0,1
45212,45211,45213,1,0,1
45214,45215,45216,1,1,1
44677,45216,45217,0,0,1
45187,45217,45218,0,0,1
45190,45218,45219,0,0,1
45193,45219,45220,0,0,1
45206,45203,45221,0,0,1
45222,45221,45223,1,0,1
45224,45223,45225,1,0,1
45220,45213,45226,0,0,1
45196,45226,45225,0,0,0
5105,5138,45227,0,0,1,9926
45228,45227,45229,1,0,1
45230,45229,45231,1,0,1
45232,45231,45233,1,0,1
45234,45235,45236,1,1,1
45237,45238,45239,1,1,1
45233,45239,45236,0,0,0
44400,44403,45240,0,0,1,213
44398,45240,45241,0,0,1
45242,45241,45243,1,0,1
45244,45245,45246,1,1,1
45247,45248,45249,1,1,1
45250,45251,45252,1,1,1
45047,45252,45253,0,0,1
45045,45253,45254,0,0,1
45246,45243,45255,0,0,1
45249,45255,45254,0,0,0
44997,44793,45256,0,0,1,19158
45124,45256,45257,1,0,1
45258,45257,45259,1,0,1
45260,45261,45262,1,1,1
45263,45262,45264,1,0,1
45265,45266,45267,1,1,1
45268,45269,45270,1,1,1
45112,45271,45272,0,1,1
45259,45272,45273,0,0,1
45264,45273,45274,0,0,1
45267,45274,45270,0,0,0
44646,44635,45275,0,0,1,8404
45134,44655,45276,1,0,1
45277,45276,45278,1,0,1
45279,45278,45280,1,0,1
44638,45280,45275,0,0,0
44828,45062,45281,0,0,1,9894
45085,45281,45282,0,0,1
45283,45282,45284,1,0,1
45285,45284,45286,1,0,1
45214,44679,45287,0,0,1,2727
45288,45289,45290,1,1,1
45161,45291,45292,0,1,1
45287,45292,45290,0,0,0
45293,44694,45294,1,0,1,166
45295,45294,45296,1,0,1
45192,45296,45297,0,0,1
45188,45297,45298,0,0,1
45189,45298,45299,0,0,1
45186,45299,44325,0,0,0
45300,45293,45301,1,1,1,2214
45302,45303,45304,1,1,1
45305,45304,45306,1,0,1
45307,45306,45308,1,0,1
45309,45308,45310,1,0,1
45311,45309,45312,1,0,1
45313,45312,45314,1,0,1
44688,45314,45315,1,0,1
44692,44690,45316,1,1,1
45301,45316,45317,0,0,1
45310,45317,45315,0,0,0
45237,5140,45318,0,0,1,454
45234,45238,45319,0,0,1
45320,45319,45321,1,0,1
45322,45321,45323,1,0,1
45324,45323,45325,1,0,1
5108,45325,45318,0,0,0
45326,45327,45328,1,1,1,8406
45329,45330,45331,1,1,1
45332,45331,45333,1,0,1
5101,45333,45334,0,0,1
44974,45334,45335,0,0,1
44972,44975,45336,0,0,1
45337,45336,45338,1,0,1
45328,45338,45335,0,0,0
45049,44969,45339,0,0,1,214
45250,45339,45340,0,0,1
45247,45251,45341,0,0,1
45244,45248,45342,0,0,1
45343,45245,45344,1,0,1
45345,45344,45346,1,0,1
45347,45346,45348,1,0,1
45349,45350,45351,1,1,1
45352,45353,45354,1,1,1
45355,45356,45357,1,1,1
45358,45359,45360,1,1,1
45361,45360,45362,1,0,1
45363,45362,45364,1,0,1
45365,45366,45367,1,1,1
45327,45368,45369,0,1,1
45337,45369,45370,0,0,1
45340,45370,45371,0,0,1
45341,45371,45372,0,0,1
45342,45372,45373,0,0,1
45354,45351,45374,0,0,1
45375,45374,45376,1,0,1
45364,45357,45377,0,0,1
45367,45378,45379,0,1,1
45373,45379,45380,0,0,1
45376,45348,45381,0,0,1
45382,45381,45383,1,0,1
45377,45383,45380,0,0,0
45268,45271,45384,0,0,1,10966
45385,45384,45386,1,0,1
45387,45388,45389,1,1,1
44394,45389,45390,0,0,1
44391,45390,45391,0,0,1
45116,45391,45392,0,0,1
45114,45392,45386,0,0,0
45279,44637,45393,0,0,1,9940
45394,45395,45396,1,1,1
45397,45398,45399,1,1,1
44863,45400,45401,0,1,1
44860,45401,45402,0,0,1
44858,45402,45403,0,0,1
45396,45393,45404,0,0,1
45405,45404,45406,1,0,1
45399,45406,45403,0,0,0
45407,45408,45409,1,1,1,2770
45410,45411,45412,1,1,1
45413,45414,45415,1,1,1
45416,45417,45418,1,1,1
45419,45418,45420,1,0,1
45421,45420,45422,1,0,1
45423,45422,45424,1,0,1
45425,45424,45426,1,0,1
45427,45426,45428,1,0,1
45412,45409,45429,0,0,1
45415,45429,45428,0,0,0
45020,44156,45430,0,0,1,9172
45018,45430,45431,0,0,1
44100,45016,45432,0,0,1
44143,45432,45433,0,0,1
44152,45433,45431,0,0,0
45434,45435,45436,1,1,1,2259
45437,45436,45438,1,0,1
45439,45438,45440,1,0,1
45441,45442,45443,1,1,1
45444,45445,45446,1,1,1
45447,45446,45448,1,0,1
5739,45449,45450,0,1,1
5736,45450,45451,0,0,1
5734,45451,45452,0,0,1
5731,45452,45453,0,0,1
45454,45453,45455,1,0,1
45456,45455,45457,1,0,1
45458,45457,45459,1,0,1
45460,45459,45461,1,0,1
5727,45462,45463,0,1,1
5723,5725,45464,0,0,1
45465,45464,45466,1,0,1
45467,45466,45468,1,0,1
45443,45440,45469,0,0,1
45470,45469,45471,1,0,1
45448,45471,45472,0,0,1
45461,45472,45473,0,0,1
45463,45473,45468,0,0,0
39340,43120,45474,0,0,1,212
39337,39341,45475,0,0,1
39386,39338,45476,0,0,1
39334,45476,45477,0,0,1
39332,39335,45478,0,0,1
39328,39330,45479,0,0,1
45480,45479,45481,1,0,1
45482,45483,45484,1,1,1
45485,45486,45487,1,1,1
44299,45487,45488,0,0,1
44296,45488,45489,0,0,1
43123,45489,45490,0,0,1
45474,45490,45491,0,0,1
45477,45475,45492,0,0,1
45478,45492,45493,0,0,1
45481,45493,45494,0,0,1
45484,45494,45491,0,0,0
45080,45095,45495,0,0,1,10917
45496,45495,45497,1,0,1
45498,45497,45499,1,0,1
45500,45499,45501,1,0,1
45502,45501,45503,1,0,1
45504,45503,45505,1,0,1
45506,45507,45508,1,1,1
45509,45510,45511,1,1,1
45512,45511,45513,1,0,1
45514,45513,45515,1,0,1
45083,45515,45516,0,0,1
45505,45516,45508,0,0,0
45517,45518,45519,1,1,1,166
45520,45519,45521,1,0,1
45313,45521,45522,0,0,1
45311,45522,45523,0,0,1
5107,5110,45524,0,0,1,1702
45324,45524,45525,0,0,1
45526,45525,45527,1,0,1
45528,45529,45530,1,1,1
45531,45532,45533,1,1,1
45527,45533,45530,0,0,0
45534,45387,45535,1,0,1,2773
45536,45537,45538,1,1,1
45539,45540,45541,1,1,1
45542,45541,45543,1,0,1
45544,45543,45545,1,0,1
45546,45545,45547,1,0,1
45548,45547,45549,1,0,1
45550,45549,45551,1,0,1
45552,45551,45553,1,0,1
45554,45553,45555,1,0,1
45556,45555,45557,1,0,1
45558,45557,45559,1,0,1
45560,45559,45561,1,0,1
45562,45561,45563,1,0,1
45564,45563,45565,1,0,1
45345,45565,45566,0,0,1
45242,45343,45567,0,0,1
44396,45567,45568,0,0,1
45535,45568,45569,0,0,1
45538,45569,45570,0,0,1
45571,45570,45566,1,0,0
44273,44614,45572,0,0,1,2772
44268,44271,45573,0,0,1
45574,45575,45576,1,1,1
45577,45578,45579,1,1,1
45580,45581,45582,1,1,1
45583,45584,45585,1,1,1
45586,45587,45588,1,1,1
45589,45588,45590,1,0,1
45591,45590,45592,1,0,1
45593,45592,45594,1,0,1
44570,45595,45596,1,1,1
45597,45596,45598,1,0,1
45599,45600,45601,1,1,1
44578,45602,45603,1,1,1
44604,44580,45604,0,1,1
45572,45604,45605,0,0,1
45576,45573,45606,0,0,1
45579,45606,45607,0,0,1
45582,45607,45608,0,0,1
45585,45608,45609,0,0,1
45598,45594,45610,0,0,1
45601,45610,45611,0,0,1
45603,45611,45612,0,0,1
45605,45612,45613,0,0,1
44270,45613,45609,0,0,0
44867,45054,45614,0,0,1,9940
45615,45614,45616,1,0,1
45617,45618,45619,1,1,1
44848,45619,45620,0,0,1
45058,44846,45621,0,0,1
45616,45056,45622,0,0,1
45623,45622,45624,1,0,1
45620,45624,45621,0,0,0
45625,44751,45626,1,0,1,9173
45627,45626,45628,1,0,1
45629,45628,45630,1,0,1
45631,45630,45632,1,0,1
45633,45634,45635,1,1,1
45636,45635,45637,1,0,1
45638,45637,45639,1,0,1
45640,45641,45642,1,1,1
45643,45644,45645,1,1,1
45646,45645,45647,1,0,1
45648,45647,45649,1,0,1
45650,45651,45652,1,1,1
45653,45652,45654,1,0,1
45655,45654,45656,1,0,1
45657,45656,45658,1,0,1
45659,45658,45660,1,0,1
44755,45660,45661,0,0,1
45642,45639,45662,0,0,1
45661,45663,45664,0,1,1
45662,45632,45665,0,0,1
45666,45665,45667,1,0,1
45649,45667,45664,0,0,0
45009,45011,45668,0,0,1,9173
44000,45007,45669,0,0,1
44001,45669,45670,0,0,1
44013,45670,45671,0,0,1
43997,45671,45672,0,0,1
44102,45672,45673,0,0,1
45013,45673,45674,0,0,1
45024,45674,45668,0,0,0
45300,45295,45675,1,0,1,1702
45303,45675,45676,1,0,1
45302,45676,45677,1,0,1
45678,45677,45679,1,0,1
45194,45198,45680,0,0,1
45191,45195,45681,0,0,1
45679,45681,45680,0,0,0
44146,44749,45682,0,0,1,13268
44127,45682,45683,0,0,1
44128,45683,45684,0,0,1
44121,44123,45685,0,0,1
45686,45687,45688,1,1,1
45627,45689,45690,0,1,1
44752,45625,45691,0,0,1
45684,45691,45692,0,0,1
44125,45692,45693,0,0,1
45688,45685,45694,0,0,1
45690,45694,45693,0,0,0
39457,39460,45695,0,0,1,979
39455,39458,45696,0,0,1
39453,45696,45697,0,0,1
39449,39451,45698,0,0,1
39277,45698,45699,0,0,1
45695,45699,45697,0,0,0
45082,45283,45700,0,0,1,9893
45514,45700,45701,0,0,1
45702,45701,45703,1,0,1
45704,45703,45705,1,0,1
45706,45705,45707,1,0,1
45708,45707,45285,1,0,0
45078,45496,45709,0,0,1,12453
45710,45076,45711,1,0,1
45712,45711,45713,1,0,1
45714,45713,45715,1,0,1
45716,45715,45717,1,0,1
45502,45718,45719,0,1,1
45500,45719,45720,0,0,1
45498,45720,45721,0,0,1
45709,45721,45717,0,0,0
45288,45291,45722,0,0,1,1702
45723,45724,45725,1,1,1
45726,45727,45728,1,1,1
45729,45730,45731,1,1,1
45732,45731,45733,1,0,1
45734,45733,45735,1,0,1
45073,45710,45736,0,0,1
45737,45736,45738,1,0,1
45739,45740,45741,1,1,1
45183,45168,45742,0,0,1
45722,45163,45743,0,0,1
45725,45743,45744,0,0,1
45728,45744,45745,0,0,1
45738,45746,45747,0,1,1
45741,45747,45748,0,0,1
45749,45748,45750,1,0,1
45745,45165,45751,0,0,1
45750,45735,45752,0,0,1
45742,45752,45751,0,0,0
45332,5103,45753,0,0,1,8918
45754,45753,45755,1,0,1
45756,45755,45757,1,0,1
45758,45757,45759,1,0,1
45760,45761,45762,1,1,1
45763,45764,45765,1,1,1
45766,45765,45767,1,0,1
45768,45767,45769,1,0,1
45770,45769,45771,1,0,1
45772,45773,45774,1,1,1
45775,45774,45776,1,0,1
45777,45776,45778,1,0,1
45779,45780,45781,1,1,1
45782,45783,45784,1,1,1
45785,45786,45787,1,1,1
45788,45787,45789,1,0,1
45230,45790,45791,0,1,1
45759,45228,45792,0,0,1
45762,45792,45793,0,0,1
45771,45793,45794,0,0,1
45778,45794,45795,0,0,1
45781,45795,45796,0,0,1
45789,45784,45797,0,0,1
45791,45797,45796,0,0,0
45265,45269,45798,0,0,1,19157
45263,45266,45799,0,0,1
45260,45799,45800,0,0,1
45801,45800,45802,1,0,1
45803,45802,45804,1,0,1
45805,45804,45806,1,0,1
45807,45806,45808,1,0,1
45385,45808,45798,0,0,0
45394,45405,45809,0,0,1,9939
45810,45809,45811,1,0,1
45812,45811,45813,1,0,1
45615,45814,45815,0,1,1
44865,45815,45816,0,0,1
44862,45816,45817,0,0,1
45400,45817,45818,0,0,1
45397,45818,45819,0,0,1
45398,45819,45813,0,0,0
44766,5182,45820,0,1,1,2772
45821,45820,45822,1,0,1
45823,45824,45825,1,1,1
45826,45825,45827,1,0,1
45828,45827,45829,1,0,1
45830,45831,45832,1,1,1
5174,45833,45834,1,1,1
5176,45834,45835,1,0,1
5179,45835,45836,1,0,1
5178,45836,45837,1,0,1
5210,45837,45838,1,0,1
45822,45838,45839,0,0,1
45829,45839,45832,0,0,0
44757,44759,45840,0,0,1,981
45659,44754,45841,0,0,1
45657,45841,45842,0,0,1
45655,45842,45843,0,0,1
45844,45843,45845,1,0,1
45846,45847,45848,1,1,1
45849,45848,45850,1,0,1
44762,45851,45852,0,1,1
45840,45852,45853,0,0,1
45845,45853,45850,0,0,0
45640,45666,45854,0,0,1,981
45638,45641,45855,0,0,1
45856,45855,45857,1,0,1
45858,45857,45859,1,0,1
45643,45859,45860,0,0,1
45644,45860,45854,0,0,0
42298,45861,45862,0,1,1,211
42341,45862,45863,0,0,1
42294,45863,45864,0,0,1
42338,42295,45865,0,0,1
45866,45865,45867,1,0,1
45868,45867,45869,1,0,1
45870,45869,45871,1,0,1
45872,45866,45873,1,0,1
45874,45873,45875,1,0,1
45876,45875,45877,1,0,1
45878,45877,45879,1,0,1
45880,45879,45881,1,0,1
45882,45881,45883,1,0,1
45884,45883,45885,1,0,1
45886,45885,45887,1,0,1
45888,45889,45890,1,1,1
45891,45892,45893,1,1,1
45894,45893,45895,1,0,1
45896,45895,45897,1,0,1
45898,45897,45899,1,0,1
45900,45901,45902,1,1,1
45903,45904,45905,1,1,1
45906,45905,45907,1,0,1
45908,45907,45909,1,0,1
45910,45911,45912,1,1,1
45913,45912,45914,1,0,1
45915,45916,45917,1,1,1
45918,45917,45919,1,0,1
45864,45920,45921,0,1,1
45871,45921,45922,0,0,1
45887,45868,45923,0,0,1
45890,45923,45924,0,0,1
45899,45925,45926,0,1,1
45927,45926,45928,1,0,1
45909,45902,45929,0,0,1
45914,45929,45930,0,0,1
45931,45930,45932,1,0,1
45919,45932,45933,0,0,1
45922,45933,45934,0,0,1
45870,45934,45935,0,0,1
45924,45935,45928,0,0,0
45172,45174,45936,0,0,1,10406
45170,45936,45937,0,0,1
45167,45937,45938,0,0,1
45739,45749,45939,0,0,1
45737,45740,45940,0,0,1
45074,45940,45941,0,0,1
45071,45941,45942,0,0,1
45938,45942,45939,0,0,0
45232,45235,45943,0,0,1,8902
45790,45943,45944,0,0,1
45788,45944,45945,0,0,1
45785,45945,45946,0,0,1
45947,45948,45949,1,1,1
45320,45950,45951,0,1,1
45946,45951,45949,0,0,0
45368,45326,45952,0,0,1,213
45365,45952,45953,0,0,1
45954,45953,45955,1,0,1
45956,45957,45958,1,1,1
45754,45958,45959,0,0,1
45329,45959,45960,0,0,1
45330,45960,45955,0,0,0
45277,45395,45961,0,0,1,210
45136,45961,45962,1,0,1
45138,45962,45963,1,0,1
45964,45963,45965,1,0,1
45966,45965,45967,1,0,1
45968,45969,45970,1,1,1
45971,45970,45972,1,0,1
45973,45972,45974,1,0,1
45975,45974,45976,1,0,1
45977,45978,45979,1,1,1
45980,45979,45981,1,0,1
45982,45981,45983,1,0,1
45984,45983,45985,1,0,1
45986,45987,45988,1,1,1
45989,45990,45991,1,1,1
45992,45991,45993,1,0,1
45994,45995,45996,1,1,1
45997,45996,45998,1,0,1
45999,45998,46000,1,0,1
46001,46000,46002,1,0,1
46003,46002,46004,1,0,1
46005,46004,46006,1,0,1
46007,46006,46008,1,0,1
46009,46010,46011,1,1,1
46012,46013,46014,1,1,1
45810,46014,46015,0,0,1
45967,46015,46016,0,0,1
45976,46016,46017,0,0,1
45985,46017,46018,0,0,1
45993,45988,46019,0,0,1
46008,46020,46021,0,1,1
46011,46021,46022,0,0,1
46018,46022,46019,0,0,0
46023,45512,46024,1,0,1,8357
46025,46026,46027,1,1,1
46028,46027,46029,1,0,1
46030,46031,46032,1,1,1
46033,46032,46034,1,0,1
46035,46034,46036,1,0,1
45702,46037,46038,0,1,1
46024,46038,46039,0,0,1
46029,46039,46040,0,0,1
46041,46040,46036,1,0,0
45506,45510,46042,0,0,1,8357
46043,46042,46044,1,0,1
46045,46044,46046,1,0,1
46047,46046,46048,1,0,1
46049,46048,46050,1,0,1
46051,46050,46052,1,0,1
45716,45718,46053,0,0,1,16550
46054,45714,46055,1,0,1
46056,46055,46057,1,0,1
46058,46059,46060,1,1,1
46043,46060,46061,0,0,1
45507,46061,46062,0,0,1
45504,46062,46063,0,0,1
46053,46063,46057,0,0,0
45215,45289,46064,0,0,1,1703
45212,46064,46065,0,0,1
46066,46065,45724,1,0,0
46067,45388,46068,1,0,1,2774
46069,46068,46070,1,0,1
45536,46070,46071,0,0,1
45537,46071,45534,0,0,0
45805,45807,46072,0,0,1,10965
45801,45803,46073,0,0,1
46074,45261,46075,1,0,1
46076,46075,46077,1,0,1
45540,46077,46078,0,0,1
45571,46078,46079,0,0,1
46069,46079,46080,0,0,1
46072,46067,46081,0,0,1
46073,46081,46080,0,0,0
46082,46083,46084,1,1,1,17109
46085,46086,46087,1,1,1,10965
46088,46089,46090,1,1,1
44568,46090,46091,0,0,1
44593,46091,46092,0,0,1
44564,44591,46093,0,0,1
46094,44562,46095,1,0,1
46096,46095,46097,1,0,1
46083,46097,46098,0,0,1
46087,46098,46099,0,0,1
46093,46092,46100,0,0,1
44565,46100,46099,0,0,0
45851,44761,46101,0,0,1,980
45849,46101,46102,0,0,1
45846,46102,46103,0,0,1
46104,45847,46105,1,0,1
45823,46105,46106,0,0,1
45824,46106,46107,0,0,1
45821,46107,46108,0,0,1
44764,46108,46103,0,0,0
45689,45629,46109,0,0,1,9172
45686,46109,46110,0,0,1
44119,45687,46111,0,0,1
46112,46111,46113,1,0,1
46114,46113,46115,1,0,1
46116,46115,46117,1,0,1
46118,46117,46119,1,0,1
46120,46119,46121,1,0,1
45634,46121,46122,0,0,1
45631,46122,46110,0,0,0
46123,42307,46124,1,1,1,2260
46125,46126,46127,1,1,1
46128,46129,46130,1,1,1
46131,46132,46133,1,1,1
42300,46134,46135,1,1,1
46124,42304,46136,0,1,1
46127,46136,46137,0,0,1
46138,46137,46139,1,0,1
46133,46130,46140,0,0,1
46135,46140,46141,0,0,1
46139,42302,46142,0,1,1
46143,46142,46141,1,0,0
46144,43639,46145,1,1,1,10452
46146,46145,46147,1,0,1
46148,46147,46149,1,0,1
46150,46151,46152,1,1,1
41609,46153,46154,0,1,1
46155,41607,46156,1,0,1
5564,46156,46157,1,0,1
5566,46157,46158,1,0,1
46159,46160,46161,1,1,1
46162,46161,46163,1,0,1
46164,46163,46165,1,0,1
46166,46167,46168,1,1,1
5587,46168,46169,1,0,1
46170,46169,46171,1,0,1
46172,46171,46173,1,0,1
46174,46175,46176,1,1,1
46177,46176,46178,1,0,1
43637,46178,46179,1,0,1
46149,46179,46180,0,0,1
46154,46152,46181,0,0,1
46165,46158,46182,0,0,1
46183,46182,46184,1,0,1
46173,46184,46185,0,0,1
46186,46185,46187,1,0,1
46180,46188,46189,0,1,1
46181,46189,46187,0,0,0
46190,44446,46191,1,0,1,10453
46148,46151,46192,0,0,1
46146,46192,46193,0,0,1
46144,46193,46191,0,0,0
45485,44298,46194,0,0,1,213
45482,45486,46195,0,0,1
46196,45483,46197,1,0,1
46198,46197,46199,1,0,1
46200,46199,46201,1,0,1
44302,46201,46202,0,0,1
46194,46202,46195,0,0,0
45746,45712,46203,0,0,1,8358
46204,46203,46205,1,0,1
46206,46205,46207,1,0,1
46045,46208,46209,0,1,1
46058,46209,46210,0,0,1
46059,46210,46211,0,0,1
46056,46211,46212,0,0,1
46054,46212,46207,0,0,0
46213,46214,46215,1,1,1,165
45528,46215,46216,1,0,1
45532,46216,46217,1,0,1
45518,46217,46218,0,0,1
45956,45756,46219,0,0,1,8917
46220,45957,46221,1,0,1
46222,46223,46224,1,1,1
45764,46224,46225,0,0,1
45760,46225,46226,0,0,1
45761,46226,46227,0,0,1
46219,45758,46228,0,0,1
46221,46228,46227,0,0,0
45617,44850,46229,0,0,1,2772
46230,45618,46231,1,0,1
46232,46231,46233,1,0,1
46234,46233,46235,1,0,1
46236,46237,46238,1,1,1
46239,46238,46240,1,0,1
44266,46240,46241,0,0,1
44263,46241,46242,0,0,1
44854,46242,46243,0,0,1
46229,44852,46244,0,0,1
46235,46244,46243,0,0,0
41663,41615,46245,0,0,1,2260
41611,46245,46246,0,0,1
46153,41612,46247,0,0,1
46150,46247,46248,0,0,1
46190,46248,46249,0,0,1
44444,46249,46246,0,0,0
46250,45706,46251,1,0,1,8357
46252,46251,46253,1,0,1
46037,45704,46254,0,0,1,165
46255,46035,46256,1,0,1
46252,46256,46257,0,0,1
46250,46257,46254,0,0,0
46052,45509,46258,0,0,1,12452
46051,46258,46259,0,0,1
46260,46261,46262,1,1,1
46263,46264,46265,1,1,1
46266,46265,46267,1,0,1
46268,46267,46269,1,0,1
46270,46269,46271,1,0,1
46272,46271,46273,1,0,1
46274,46273,46275,1,0,1
46028,46275,46276,0,0,1
46023,46026,46277,0,0,1
46259,46277,46278,0,0,1
46279,46278,46280,1,0,1
46276,46262,46281,0,0,1
46025,46281,46280,0,0,0
45210,46066,46282,0,0,1,9895
46283,46282,46284,1,0,1
46285,46284,46286,1,0,1
46287,46286,46288,1,0,1
46289,46290,46291,1,1,1
46292,46291,46293,1,0,1
46294,46295,46296,1,1,1
46297,46296,46298,1,0,1
45727,46298,46299,0,0,1
45723,46299,46300,0,0,1
46293,46288,46301,0,0,1
46302,46301,46300,1,0,0
45222,45224,46303,0,0,1,10918
45204,46303,46304,0,0,1
46305,46306,46307,1,1,1
46285,46308,46309,0,1,1
46283,46309,46310,0,0,1
45207,46310,46311,0,0,1
45208,46311,46312,0,0,1
46304,46312,46307,0,0,0
46313,46314,46315,1,1,1,677
46316,46315,46317,1,0,1
45947,46317,46318,1,0,1
45950,46318,46319,1,0,1
45322,46319,46320,1,0,1
46321,46320,46322,1,0,1
46323,46322,46324,1,0,1
46213,46324,46325,0,0,1
46326,46325,46327,1,0,1
46328,45366,46329,1,0,1,8918
46330,46331,46332,1,1,1
46333,46332,46334,1,0,1
46335,46334,46336,1,0,1
46337,46336,46338,1,0,1
46222,46338,46339,0,0,1
46220,46223,46340,0,0,1
45954,46340,46341,0,0,1
46329,46341,46339,0,0,0
45363,45378,46342,0,0,1,726
45361,46342,46343,0,0,1
46330,46344,46345,0,1,1
46328,46331,46346,0,0,1
46343,46346,46345,0,0,0
46347,45814,46348,1,0,1,1747
46349,46348,46350,1,0,1
46351,46350,46352,1,0,1
46353,46352,46354,1,0,1
46355,46354,46356,1,0,1
46357,46356,46358,1,0,1
46359,46358,46360,1,0,1
46230,46360,45623,0,0,0
46009,46013,46361,0,0,1,211
46007,46010,46362,0,0,1
46363,46362,46364,1,0,1
46365,46364,46366,1,0,1
46355,46367,46368,0,1,1
46351,46353,46369,0,0,1
46347,46349,46370,0,0,1
46012,45812,46371,0,0,1
46368,46366,46372,0,0,1
46369,46372,46373,0,0,1
46371,46370,46374,0,0,1
46361,46374,46373,0,0,0
45142,45140,46375,1,1,1,1746
45144,46375,46376,1,0,1
45149,45146,46377,1,1,1
46378,45148,46379,1,1,1
46380,46379,46381,1,0,1
46382,46381,46383,1,0,1
46384,46383,46385,1,0,1
45968,46385,46386,0,0,1
45966,45969,46387,0,0,1
45964,46387,46388,0,0,1
46376,46388,46389,0,0,1
46377,46389,46386,0,0,0
46390,45858,46391,1,0,1,8405
45663,46392,46393,0,1,1
45648,46393,46394,0,0,1
45646,46394,46391,0,0,0
45636,45856,46395,0,0,1,8404
46120,45633,46396,0,0,1
46397,46118,46398,1,0,1
46399,46398,46400,1,0,1
46401,46400,46402,1,0,1
46403,46404,46405,1,1,1
5167,46405,46406,1,0,1
5170,46406,46407,1,0,1
46408,46407,46409,1,0,1
45650,46409,46410,0,0,1
45651,46410,46411,0,0,1
46392,46411,46412,0,0,1
46390,46412,46413,0,0,1
46395,46413,46414,0,0,1
46396,46414,46402,0,0,0
5729,46415,46416,1,1,1,10452
5732,46416,46417,1,0,1
45456,45454,46418,1,1,1
46419,45458,46420,1,1,1
46417,46420,46418,0,0,0
46421,45480,46422,1,0,1,8404
46423,46424,46425,1,1,1
46426,46425,46427,1,0,1
46428,46427,46429,1,0,1
46198,46429,46430,0,0,1
46196,46430,46422,0,0,0
5589,5591,46431,0,0,1,8404
46170,46431,46432,1,0,1
46433,46432,46434,1,0,1
46177,46434,46435,1,0,1
5488,46435,46436,0,0,1
46428,46200,46437,0,0,1,212
46426,46437,46438,0,0,1
46423,46438,46439,0,0,1
46440,46441,46442,1,1,1
46443,46442,46444,1,0,1
46445,46444,46446,1,0,1
46447,46446,46448,1,0,1
46449,46448,46450,1,0,1
46451,46450,46452,1,0,1
44305,46453,46454,0,1,1
44301,46454,46455,0,0,1
46439,46455,46456,0,0,1
46457,46456,46452,1,0,0
39447,39276,46458,0,0,1,210
46459,40917,46460,1,0,1
46461,46462,46463,1,1,1
46464,46465,46466,1,1,1
46467,46466,46468,1,0,1
46469,46470,46471,1,1,1
46472,46473,46474,1,1,1
46475,46474,46476,1,0,1
46477,46476,46478,1,0,1
46479,46478,46480,1,0,1
46481,46482,46483,1,1,1
46484,46485,46486,1,1,1
46487,46486,46488,1,0,1
46489,46490,46491,1,1,1
46492,46491,46493,1,0,1
46494,46493,46495,1,0,1
46496,46495,46497,1,0,1
46498,46497,46499,1,0,1
46500,46499,46501,1,0,1
46502,46503,46504,1,1,1
46505,46504,46506,1,0,1
46507,46508,46509,1,1,1
46510,46509,46511,1,0,1
46512,46511,46513,1,0,1
46514,46515,46516,1,1,1
46517,46518,46519,1,1,1
46520,46519,46521,1,0,1
46522,46521,46523,1,0,1
46524,46523,46525,1,0,1
46526,46525,46527,1,0,1
46528,46527,46529,1,0,1
46530,46529,46531,1,0,1
46532,46531,46533,1,0,1
39307,46533,46534,0,0,1
39379,46534,46535,0,0,1
39303,46535,46536,0,0,1
39300,39304,46537,0,0,1
39297,39301,46538,0,0,1
39295,39298,46539,0,0,1
39292,46539,46540,0,0,1
39290,39293,46541,0,0,1
39287,46541,46542,0,0,1
39284,39288,46543,0,0,1
39281,39285,46544,0,0,1
39279,39282,46545,0,0,1
46458,46545,46546,0,0,1
39445,46546,46547,0,0,1
39443,46547,46548,0,0,1
46460,39440,46549,0,0,1
46468,46463,46550,0,0,1
46551,46550,46552,1,0,1
46471,46552,46553,0,0,1
46483,46554,46555,0,1,1
46488,46556,46557,0,1,1
46501,46557,46558,0,0,1
46506,46559,46560,0,1,1
46513,46560,46561,0,0,1
46516,46561,46562,0,0,1
46536,46562,46563,0,0,1
46537,46563,46564,0,0,1
46538,46564,46565,0,0,1
46542,46540,46566,0,0,1
46544,46543,46567,0,0,1
46548,46567,46568,0,0,1
46549,46568,46569,0,0,1
46553,46569,46570,0,0,1
46480,46570,46571,0,0,1
46555,46571,46572,0,0,1
46565,46558,46573,0,0,1
46566,46573,46572,0,0,0
46297,45726,46574,0,0,1,9894
46575,46294,46576,1,0,1
46577,46578,46579,1,1,1
46580,46579,46581,1,0,1
46582,46581,46583,1,0,1
45729,46583,46584,0,0,1
46574,45730,46585,0,0,1
46576,46585,46584,0,0,0
46292,46302,46586,0,0,1,8358
46587,46588,46589,1,1,1
46590,46589,46591,1,0,1
46592,46591,46593,1,0,1
46594,46593,46595,1,0,1
46578,46595,46596,0,0,1
46575,46596,46597,0,0,1
46586,46295,46598,0,0,1
46289,46598,46597,0,0,0
46308,46287,46599,0,0,1,9894
46305,46599,46600,0,0,1
45205,46306,46601,0,0,1
46602,46601,46603,1,0,1
46604,46603,46605,1,0,1
46606,46605,46607,1,0,1
46587,46607,46608,0,0,1
46290,46588,46609,0,0,1
46600,46609,46608,0,0,0
46610,46611,46612,1,1,1,165
46613,46614,46615,1,1,1
46616,46615,46617,1,0,1
46618,46617,46619,1,0,1
46620,46619,46621,1,0,1
46622,46621,46623,1,0,1
46624,46623,46612,1,0,0
45782,45786,46625,0,0,1,726
45779,45783,46626,0,0,1
46627,46626,46628,1,0,1
46629,46628,46630,1,0,1
46631,46630,46632,1,0,1
46633,46632,46634,1,0,1
46635,46636,46637,1,1,1
46316,46637,46638,1,0,1
45948,46638,46639,0,0,1
46625,46639,46634,0,0,0
46640,46641,46642,1,1,1,15060
46088,46642,46643,0,0,1
46085,46089,46644,0,0,1
46645,46644,46646,1,0,1
46647,46646,46643,1,0,0
46648,46649,46650,1,1,1,10964
46651,46650,46652,1,0,1
45593,46652,46653,1,0,1
44567,45595,46654,0,1,1
46640,46654,46655,0,0,1
46656,46655,46657,1,0,1
46658,46657,46659,1,0,1
46660,46659,46661,1,0,1
46662,46661,46653,1,0,0
46104,45826,46663,0,0,1,10964
45844,46663,46664,0,0,1
45653,46664,46665,0,0,1
5172,46408,46666,1,0,1
45833,46666,46667,0,0,1
45830,46667,46668,0,0,1
45828,45831,46669,0,0,1
46665,46669,46668,0,0,0
46451,46453,46670,0,0,1,213
46449,46670,46671,0,0,1
46447,46671,46672,0,0,1
46673,46672,46674,1,0,1
46675,46676,46677,1,1,1
46678,46677,46679,1,0,1
41600,46679,46680,0,0,1
44307,46680,46681,0,0,1
44304,46681,46674,0,0,0
45734,46204,46682,0,0,1,166
46683,46682,46684,1,0,1
46685,46684,46686,1,0,1
46047,46687,46688,0,1,1
46208,46688,46689,0,0,1
46206,46689,46686,0,0,0
46690,46691,46692,1,1,1,725
46693,46692,46694,1,0,1
46695,46696,46697,1,1,1
46698,46697,46699,1,0,1
46700,46701,46702,1,1,1
46703,46702,46704,1,0,1
46705,46704,46706,1,0,1
46707,46706,46708,1,0,1
46709,46708,46710,1,0,1
46627,46711,46712,1,1,1
46629,46712,46713,1,0,1
46633,46631,46714,1,1,1
46636,46714,46715,1,0,1
46635,46715,46716,1,0,1
46313,46716,46717,0,0,1
46718,46717,46719,1,0,1
46720,46719,46721,1,0,1
46722,46721,46723,1,0,1
46724,46723,46725,1,0,1
46694,46725,46726,0,0,1
46699,46726,46727,0,0,1
46728,46727,46729,1,0,1
46710,46729,46713,0,0,0
46335,46337,46730,0,0,1,12501
46731,46730,46732,1,0,1
46733,46732,46734,1,0,1
46735,46736,46737,1,1,1
45768,46738,46739,0,1,1
45766,46739,46740,0,0,1
46734,45763,46741,0,0,1
46737,46741,46740,0,0,0
45375,45382,46742,0,0,1,726
45352,46742,46743,0,0,1
46744,46745,46746,1,1,1
45359,46747,46748,0,1,1
45355,46748,46749,0,0,1
45356,46749,46750,0,0,1
46743,46750,46746,0,0,0
46751,46076,46752,1,0,1,3029
46753,46752,46754,1,0,1
46755,46754,45539,1,0,0
46359,46232,46756,0,0,1,1748
46367,46357,46757,0,0,1
46365,46757,46758,0,0,1
46236,46759,46760,0,1,1
46234,46237,46761,0,0,1
46756,46761,46762,0,0,1
46758,46762,46760,0,0,0
46116,46397,46763,0,0,1,212
46764,46114,46765,1,0,1
46766,46765,46767,1,0,1
46768,46767,46769,1,0,1
46401,46404,46770,0,0,1
46763,46399,46771,0,0,1
46769,46771,46770,0,0,0
46186,46188,46772,0,0,1,14548
46433,46172,46773,1,0,1
46174,46773,46774,0,0,1
46175,46774,46772,0,0,0
46687,46049,46775,0,0,1,165
46776,46685,46777,1,0,1
46778,46779,46780,1,1,1
46781,46780,46782,1,0,1
46783,46782,46784,1,0,1
46785,46784,46786,1,0,1
46787,46788,46789,1,1,1
46790,46791,46792,1,1,1
46793,46794,46795,1,1,1
46796,46263,46797,1,0,1
46775,46798,46799,0,1,1
46777,46799,46800,0,0,1
46789,46786,46801,0,0,1
46797,46795,46802,0,0,1
46803,46802,46804,1,0,1
46800,46804,46805,0,0,1
46801,46806,46807,0,1,1
46808,46807,46809,1,0,1
46805,46792,46810,0,0,1
46811,46810,46809,1,0,0
46604,46606,46812,0,0,1,9893
45202,46602,46813,0,0,1
46814,46813,46815,1,0,1
46816,46815,46817,1,0,1
46818,46819,46820,1,1,1
46821,46820,46822,1,0,1
46823,46824,46825,1,1,1
46826,46827,46828,1,1,1
46829,46828,46830,1,0,1
46831,46832,46833,1,1,1
46590,46834,46835,0,1,1
46812,46835,46836,0,0,1
46817,46836,46837,0,0,1
46822,46837,46838,0,0,1
46830,46825,46839,0,0,1
46833,46839,46838,0,0,0
45777,45780,46840,0,0,1,726
45775,46840,46841,0,0,1
46842,46841,46711,1,0,1
46344,46333,46843,0,0,1,8406
45358,46843,46844,0,0,1
46845,46844,46846,1,0,1
46847,46846,46848,1,0,1
46849,46848,46850,1,0,1
46851,46850,46731,1,0,0
44116,46112,46852,0,0,1,211
46853,46852,46854,1,0,1
46855,44926,46856,1,0,1
46857,46858,46859,1,1,1
46860,46861,46862,1,1,1
46863,46864,46865,1,1,1
46866,46865,46867,1,0,1
46868,46867,46869,1,0,1
46870,46871,46872,1,1,1
46873,46874,46875,1,1,1
46876,46875,46877,1,0,1
46878,46879,46880,1,1,1
46881,46880,46882,1,0,1
46883,46884,46885,1,1,1
46886,46885,46887,1,0,1
46888,46889,46890,1,1,1
46891,46892,46893,1,1,1
46894,46893,46895,1,0,1
46403,46895,46896,0,0,1
46766,46768,46897,0,0,1
46854,46764,46898,0,0,1
44925,46898,46899,0,0,1
46856,46899,46900,0,0,1
46869,46862,46901,0,0,1
46872,46901,46902,0,0,1
46903,46902,46904,1,0,1
46877,46904,46905,0,0,1
46882,46905,46906,0,0,1
46887,46906,46907,0,0,1
46896,46890,46908,0,0,1
46897,46908,46909,0,0,1
46900,46909,46910,0,0,1
46907,46859,46911,0,0,1
46912,46911,46910,1,0,0
46274,46041,46913,0,0,1,8356
46272,46913,46914,0,0,1
46270,46914,46915,0,0,1
46916,46917,46918,1,1,1
46030,46918,46919,0,0,1
46031,46919,46915,0,0,0
46798,46279,46920,0,0,1,8357
46796,46803,46921,0,0,1
46264,46921,46922,0,0,1
46260,46922,46923,0,0,1
46261,46923,46920,0,0,0
46582,45732,46924,0,0,1,8357
46925,46924,46926,1,0,1
46927,46926,46928,1,0,1
46929,46930,46931,1,1,1
46932,46933,46934,1,1,1
46935,46934,46936,1,0,1
46937,46938,46939,1,1,1
46592,46939,46940,0,0,1
46941,46942,46943,1,1,1
46779,46944,46945,0,1,1
46811,46806,46946,0,0,1
46683,46776,46947,0,0,1
46928,46947,46948,0,0,1
46949,46948,46950,1,0,1
46931,46950,46951,0,0,1
46936,46952,46953,0,1,1
46943,46940,46954,0,0,1
46945,46954,46955,0,0,1
46951,46946,46956,0,0,1
46953,46956,46957,0,0,1
46958,46957,46955,1,0,0
46735,46738,46959,0,0,1,8405
46960,46961,46962,1,1,1
45773,46962,46963,0,0,1
46959,45770,46964,0,0,1
46965,46964,46963,1,0,0
46966,46849,46967,1,0,1,8405
46968,46967,46969,1,0,1
46970,46971,46972,1,1,1
46973,46972,46974,1,0,1
46975,46976,46977,1,1,1
46978,46977,46979,1,0,1
46733,46980,46981,0,1,1
46851,46981,46982,0,0,1
46969,46982,46983,0,0,1
46974,46983,46979,0,0,0
46984,46985,46986,1,1,1,10964
46987,46986,46988,1,0,1
46989,46988,46990,1,0,1
45544,46991,46992,0,1,1
45542,46992,46993,0,0,1
46755,46993,46994,0,0,1
46753,46994,46990,0,0,0
44114,44117,46995,0,0,1,212
44110,44112,46996,0,0,1
44932,46996,46997,0,0,1
44930,46997,46998,0,0,1
44928,46998,46999,0,0,1
46853,46999,46995,0,0,0
46937,46594,47000,0,0,1,12453
46958,46938,47001,0,0,1
46935,47001,47002,0,0,1
47003,46932,47004,1,0,1
46925,47004,47005,0,0,1
46580,47005,47006,0,0,1
46577,47006,47007,0,0,1
47000,47007,47002,0,0,0
46831,46834,47008,0,0,1,12453
46829,46832,47009,0,0,1
47010,46826,47011,1,0,1
47012,47011,47013,1,0,1
46781,47013,47014,0,0,1
46778,47014,47015,0,0,1
46944,47015,47016,0,0,1
46941,47016,47017,0,0,1
46942,47017,47018,0,0,1
47008,47018,47009,0,0,0
47019,47020,47021,1,1,1,8869
47022,47021,47023,1,0,1
47024,47025,47026,1,1,1
47027,47026,47028,1,0,1
47029,47028,47030,1,0,1
47031,47030,47032,1,0,1
47033,47032,47034,1,0,1
47035,47034,47036,1,0,1
47037,47038,47039,1,1,1
47023,47039,47040,0,0,1
47041,47040,47036,1,0,0
46744,46747,47042,0,0,1,8918
45353,46745,47043,0,0,1
47044,47043,47045,1,0,1
47046,47045,47047,1,0,1
47048,47047,47049,1,0,1
46845,47050,47051,0,1,1
47042,47051,47049,0,0,0
45564,45347,47052,0,0,1,8406
47053,47052,47054,1,0,1
47055,47054,47056,1,0,1
47057,47058,47059,1,1,1
47060,47061,47062,1,1,1
47044,47062,47063,0,0,1
45349,47063,47064,0,0,1
47056,45350,47065,0,0,1
47059,47065,47064,0,0,0
47066,47067,47068,1,1,1,10968
47069,47068,47070,1,0,1
47071,47072,47073,1,1,1
47074,47073,47075,1,0,1
46984,47075,47070,0,0,0
47072,47069,47076,1,1,1,11224
47077,47076,47078,1,0,1
47079,47078,47080,1,0,1
47081,47080,47082,1,0,1
47083,47082,47084,1,0,1
47085,47084,47086,1,0,1
47087,47086,47066,1,0,1
46239,44265,47088,0,0,1,2771
46759,47088,47089,0,0,1
46363,47089,47090,0,0,1
46005,47090,47091,0,0,1
46003,47091,47092,0,0,1
45578,47093,47094,0,1,1
45574,47094,47095,0,0,1
45575,47095,47092,0,0,0
39325,46421,47096,0,0,1,212
39322,39326,47097,0,0,1
47098,47097,47099,1,0,1
47100,47099,47101,1,0,1
47102,47101,47103,1,0,1
47104,47103,47105,1,0,1
47106,47105,47096,1,0,0
46268,46917,47107,0,0,1,676
47108,47107,47109,1,0,1
47110,47111,47112,1,1,1
47113,47114,47115,1,1,1
47116,47117,47118,1,1,1
47119,47118,47120,1,0,1
47121,47122,47123,1,1,1
47124,47123,47125,1,0,1
47126,47127,47128,1,1,1
47129,47128,47130,1,0,1
47131,47130,47132,1,0,1
47133,47134,47135,1,1,1
47136,47137,47138,1,1,1
47139,47140,47141,1,1,1
47142,47143,47144,1,1,1
47145,47146,47147,1,1,1
47148,47147,47149,1,0,1
47150,47149,47151,1,0,1
47152,47151,47153,1,0,1
47154,47153,47155,1,0,1
47156,47155,47157,1,0,1
47158,47157,47159,1,0,1
47160,47159,47161,1,0,1
5358,47161,47162,0,0,1
5355,47162,47163,0,0,1
5349,5353,47164,0,0,1
5381,5350,47165,0,0,1
5347,47165,47166,0,0,1
5344,47166,47167,0,0,1
47168,5345,47169,1,0,1
47170,47169,47171,1,0,1
47172,47173,47174,1,1,1
47175,47174,47176,1,0,1
47109,47176,47177,0,0,1
47178,47177,47179,1,0,1
47112,47179,47180,0,0,1
47115,47180,47181,0,0,1
47132,47125,47182,0,0,1
47135,47182,47183,0,0,1
47184,47183,47185,1,0,1
47144,47141,47186,0,0,1
47167,47164,47187,0,0,1
47171,47187,47188,0,0,1
47181,47188,47189,0,0,1
47120,47189,47190,0,0,1
47185,47190,47191,0,0,1
47186,47138,47192,0,0,1
47163,47192,47193,0,0,1
5352,47193,47191,0,0,0
46818,46821,47194,0,0,1,13989
47195,47194,47196,1,0,1
47197,47196,47198,1,0,1
47199,47198,47200,1,0,1
47201,47202,47203,1,1,1
47204,47203,47205,1,0,1
47010,47205,47206,0,0,1
46827,47206,47207,0,0,1
46823,47207,47208,0,0,1
46824,47208,47200,0,0,0
47209,47210,47211,1,1,1,8357
47212,47213,47214,1,1,1
47215,47214,47216,1,0,1
47217,47216,47218,1,0,1
47219,47218,47220,1,0,1
47221,47220,47222,1,0,1
47223,47222,47224,1,0,1
46816,47224,47211,0,0,0
45560,45562,47225,0,0,1,213
47226,47227,47228,1,1,1
47229,47228,47230,1,0,1
47231,47230,47232,1,0,1
47233,47234,47235,1,1,1
47236,47235,47237,1,0,1
47238,47237,47239,1,0,1
47240,47239,47241,1,0,1
47058,47241,47242,0,0,1
47055,47242,47243,0,0,1
47053,47243,47244,0,0,1
47225,47244,47232,0,0,0
45602,44576,47245,0,1,1,10964
45597,45600,47246,0,0,1
44572,47246,47247,1,0,1
47245,44574,47248,0,1,1
45599,47248,47247,0,0,0
47249,47250,47251,1,1,1,14548
47252,47251,47253,1,0,1
47254,47253,47255,1,0,1
47256,47255,47257,1,0,1
47258,47259,47260,1,1,1
47261,47262,47263,1,1,1
47264,47263,47265,1,0,1
47257,47266,47267,0,1,1
47260,47267,47265,0,0,0
46424,46457,47268,0,0,1,9940
47106,47268,47269,0,0,1
47104,47269,47270,0,0,1
47271,47270,47272,1,0,1
47273,47272,47274,1,0,1
47275,47274,47276,1,0,1
47277,47276,47278,1,0,1
5538,5536,47279,1,1,1
47280,47279,47281,1,0,1
47282,47281,47283,1,0,1
47284,47285,47286,1,1,1
47287,47288,47289,1,1,1
47290,47291,47292,1,1,1
47293,47292,47294,1,0,1
47295,47294,47296,1,0,1
46440,47297,47298,0,1,1
47278,46441,47299,0,0,1
47283,47299,47300,0,0,1
47286,47300,47301,0,0,1
47289,47301,47302,0,0,1
47296,47303,47304,0,1,1
47298,47304,47302,0,0,0
46793,46266,47305,0,0,1,8868
46790,46794,47306,0,0,1
47307,47306,47308,1,0,1
47111,47308,47309,0,0,1
47178,47309,47310,0,0,1
47108,47310,47305,0,0,0
47223,46819,47311,0,0,1,1701
47312,47311,47313,1,0,1
47314,47313,47315,1,0,1
47316,47315,47317,1,0,1
47318,47317,47319,1,0,1
47197,47319,47195,0,0,0
47048,47050,47320,0,0,1,16599
47060,47046,47321,0,0,1
47322,47321,47323,1,0,1
47324,47325,47326,1,1,1
46966,47326,47327,0,0,1
46847,47327,47328,0,0,1
47320,47328,47323,0,0,0
47329,47330,47331,1,1,1,19156
47332,47331,46660,1,0,0
47261,47333,47334,0,1,1,10452
47258,47262,47335,0,0,1
47254,47256,47336,0,0,1
47337,47252,47338,1,0,1
47339,47338,47340,1,0,1
47341,47340,47342,1,0,1
47343,47342,47344,1,0,1
47345,47344,47346,1,0,1
47347,47346,47348,1,0,1
47334,47349,47350,0,1,1
47335,47350,47351,0,0,1
47259,47351,47352,0,0,1
47336,47352,47348,0,0,0
46164,46183,47353,0,0,1,2260
46162,47353,47354,0,0,1
47355,46159,47356,1,0,1
46166,5584,47357,0,1,1
47354,46167,47358,0,0,1
47356,47358,47357,0,0,0
46678,41603,47359,0,0,1,8405
47360,46675,47361,1,0,1
47362,47363,47364,1,1,1
47365,47364,47366,1,0,1
47367,47366,47368,1,0,1
5546,47369,47370,1,1,1
47371,47370,47372,1,0,1
5561,47372,47373,1,0,1
46155,47373,47374,0,0,1
47359,41605,47375,0,0,1
47368,47376,47377,0,1,1
47375,47374,47378,0,0,1
47361,47378,47377,0,0,0
46952,46933,47379,0,0,1,8358
46929,47379,47380,0,0,1
46949,46930,47381,0,0,1
46927,47381,47382,0,0,1
47003,47382,47380,0,0,0
46618,47383,47384,0,1,1,8869
47385,47384,47386,1,0,1
47129,47387,47388,0,1,1
47126,47388,47389,0,0,1
47390,47389,47391,1,0,1
47219,47391,47392,0,0,1
47217,47392,47393,0,0,1
47215,47393,47394,0,0,1
47386,47212,47395,0,0,1
47396,47395,47394,1,0,0
45878,47397,47398,1,1,1,980
47399,47398,47400,1,0,1
45894,47400,47401,1,0,1
47402,47401,47403,1,0,1
47404,47403,47405,1,0,1
47406,47407,47408,1,1,1
45903,47408,47409,1,0,1
47410,47409,47411,1,0,1
47412,47411,47413,1,0,1
47414,47413,47415,1,0,1
47416,47415,47417,1,0,1
47405,44899,47418,0,0,1
47419,47418,47417,1,0,0
47012,46783,47420,0,0,1,8869
47204,47420,47421,0,0,1
47201,47421,47422,0,0,1
47199,47202,47423,0,0,1
47318,47423,47424,0,0,1
47425,47424,47426,1,0,1
47121,47426,47427,0,0,1
47428,47427,47429,1,0,1
47430,47429,47422,1,0,0
47221,47312,47431,0,0,1,165
47390,47431,47432,0,0,1
47124,47127,47433,0,0,1
47425,47433,47434,0,0,1
47316,47434,47435,0,0,1
47314,47435,47432,0,0,0
46965,46961,47436,0,0,1,213
46736,47436,47437,0,0,1
46980,47437,47438,0,0,1
47439,46978,47440,1,0,1
47441,47440,47442,1,0,1
47443,47444,47445,1,1,1
47446,47447,47448,1,1,1
47449,47448,47450,1,0,1
47451,47450,47452,1,0,1
47453,47452,47454,1,0,1
46703,47454,47455,1,0,1
47442,47438,47456,0,0,1
47445,47456,47455,0,0,0
47457,47458,47459,1,1,1,2769
47460,47459,47461,1,0,1
47462,47463,47464,1,1,1
47465,47464,47466,1,0,1
47467,47466,47468,1,0,1
47469,47470,47471,1,1,1
47461,47471,47468,0,0,0
5738,45449,47472,1,1,1,10452
5741,47472,47473,1,0,1
47474,5744,47475,1,1,1
45439,47475,47476,1,0,1
47477,47476,47478,1,0,1
47479,47478,47480,1,0,1
47481,47480,47482,1,0,1
47483,47482,47484,1,0,1
45447,47485,47486,1,1,1
47473,47486,47484,0,0,0
46445,46673,47487,0,0,1,9941
47297,46443,47488,0,0,1
47295,47488,47489,0,0,1
47490,47293,47491,1,0,1
47376,47492,47493,0,1,1
47360,47493,47494,0,0,1
46676,47494,47495,0,0,1
47489,47487,47496,0,0,1
47491,47496,47495,0,0,0
47025,47041,47497,1,1,1,8868
47498,47024,47499,1,1,1
47150,47499,47500,0,0,1
47148,47500,47501,0,0,1
47145,47501,47502,0,0,1
47503,47502,47504,1,0,1
47019,47504,47505,1,0,1
47022,47505,47497,1,0,0
47506,47507,47508,1,1,1,8917
47509,47508,47510,1,0,1
47511,47510,47512,1,0,1
47513,47512,47514,1,0,1
47027,47515,47516,0,1,1
47498,47516,47514,1,0,0
47057,47061,47517,0,0,1,8917
47240,47517,47518,0,0,1
47519,47518,47520,1,0,1
47521,47520,47522,1,0,1
47523,47524,47525,1,1,1
47526,47525,47527,1,0,1
47528,47527,47529,1,0,1
47530,47529,47531,1,0,1
47532,47533,47534,1,1,1
47535,47536,47537,1,1,1
47538,47537,47539,1,0,1
47540,47541,47542,1,1,1
47543,47544,47545,1,1,1
46971,47545,47546,0,0,1
46968,47546,47547,0,0,1
47324,47547,47548,0,0,1
47325,47548,47549,0,0,1
47322,47549,47550,0,0,1
47531,47551,47552,0,1,1
47534,47552,47553,0,0,1
47539,47553,47554,0,0,1
47555,47554,47556,1,0,1
47550,47557,47558,0,1,1
47556,47559,47560,0,1,1
47558,47542,47561,0,0,1
47522,47561,47560,0,0,0
47562,47563,47564,1,1,1,19159
47071,47564,47077,0,0,1
45882,45880,47565,1,1,1,212
45889,45886,47566,1,1,1
45925,45888,47567,1,1,1
45892,47567,47568,1,0,1
45891,47568,47569,1,0,1
47399,47569,47570,0,0,1
47565,47570,47571,0,0,1
45884,47571,47566,1,0,0
47449,47572,47573,1,1,1,724
47451,47573,47574,1,0,1
47453,47574,47575,1,0,1
46700,47575,47576,0,0,1
46728,46701,47577,0,0,1
46698,47577,47578,0,0,1
46693,46696,47579,0,0,1
46690,47579,47580,0,0,1
47581,47580,47582,1,0,1
47583,47582,47584,1,0,1
47585,47586,47587,1,1,1
47576,47587,47588,0,0,1
47578,47588,47589,0,0,1
46695,47589,47584,0,0,0
47590,47591,47592,1,1,1,212
46973,47592,47593,1,0,1
46976,47593,47594,1,0,1
46975,47594,47595,1,0,1
47441,47439,47596,1,1,1
47444,47596,47597,1,0,1
47443,47597,47598,1,0,1
47599,47447,47600,1,1,1
47601,47600,47602,1,0,1
47603,47601,47604,1,0,1
47595,47604,47605,0,0,1
47598,47605,47602,0,0,0
46991,45546,47606,0,0,1,2772
47607,47606,47608,1,0,1
47609,47610,47611,1,1,1
47612,47611,47613,1,0,1
47614,47613,47615,1,0,1
47616,47615,47617,1,0,1
47618,47617,47619,1,0,1
47620,47621,47622,1,1,1
47623,47622,47624,1,0,1
47625,47624,47626,1,0,1
47627,47626,47628,1,0,1
47629,47628,47630,1,0,1
45554,47631,47632,0,1,1
47633,47632,47634,1,0,1
45548,47635,47636,0,1,1
47608,47636,47637,0,0,1
47619,47637,47638,0,0,1
47639,47638,47640,1,0,1
47630,47640,47634,0,0,0
47641,45580,47642,1,0,1,1747
47643,47642,47644,1,0,1
47645,47644,47646,1,0,1
47647,47646,47648,1,0,1
47649,47648,47650,1,0,1
47651,47650,47652,1,0,1
47653,47652,47654,1,0,1
47655,47654,45584,1,0,0
45973,45975,47656,0,0,1,978
47657,47656,47658,1,0,1
47659,47658,47660,1,0,1
47661,47660,45978,1,0,0
47662,47663,47664,1,1,1,2259
47665,47664,47666,1,0,1
47667,47666,47668,1,0,1
47669,47668,47670,1,0,1
44908,47670,47671,0,0,1
44942,44909,47672,0,0,1
44906,47672,47671,0,0,0
5695,5780,47673,1,1,1,10452
4654,5694,47674,1,1,1
5690,5687,47675,1,1,1
5689,47675,47676,1,0,1
5692,47676,47677,1,0,1
47673,47677,47674,0,0,0
46160,47355,47678,0,0,1,8404
5568,47678,47679,1,0,1
5571,47679,47680,1,0,1
47681,47680,47682,1,0,1
47683,47682,47684,1,0,1
47685,47684,47686,1,0,1
5578,47687,47688,1,1,1
5582,47688,47689,1,0,1
5585,5581,47690,1,1,1
47686,47690,47689,0,0,0
47102,47271,47691,0,0,1,1748
47692,47691,47693,1,0,1
47694,47693,47695,1,0,1
47696,47695,47697,1,0,1
5534,47697,47698,1,0,1
47277,47698,47699,0,0,1
47275,47699,47273,0,0,0
46791,47307,47700,0,0,1,677
47114,47700,47110,0,0,0
47701,47702,47703,1,1,1,2771
47704,47705,47706,1,1,1
47655,47706,47707,1,0,1
47708,47709,47710,1,1,1
45586,47710,47711,1,0,1
47712,47711,47713,1,0,1
47714,47713,47715,1,0,1
47703,47716,47717,0,1,1
47707,47717,47715,0,0,0
47093,45577,47718,0,0,1,211
46001,47718,47719,0,0,1
45999,47719,47720,0,0,1
47721,45997,47722,1,0,1
47723,47722,47724,1,0,1
47725,47726,47727,1,1,1
47641,47727,47728,0,0,1
45581,47728,47729,0,0,1
47720,47729,47724,0,0,0
5237,5235,47730,1,1,1,213
47731,47730,47732,1,0,1
47733,47732,47734,1,0,1
47735,47734,47736,1,0,1
47737,47736,4666,1,0,1
35612,35615,47738,0,0,1,32976
35610,47738,47739,0,0,1
35606,35608,47740,0,0,1
35604,47740,47741,0,0,1
42759,35601,47742,0,0,1
47743,47742,47744,1,0,1
47745,47744,47746,1,0,1
47747,47748,47749,1,1,1
47750,47749,47751,1,0,1
47752,47751,47753,1,0,1
47754,47753,47755,1,0,1
47756,47755,47757,1,0,1
47758,47757,47759,1,0,1
47760,47759,47761,1,0,1
47762,47761,47763,1,0,1
47764,47765,47766,1,1,1
47767,47768,47769,1,1,1
47770,47769,47771,1,0,1
47772,47771,47773,1,0,1
47774,47773,47775,1,0,1
47776,47775,47777,1,0,1
47778,47777,47779,1,0,1
47780,47779,47781,1,0,1
46522,47781,47782,0,0,1
46520,47782,47783,0,0,1
46517,47783,47784,0,0,1
47785,47784,47786,1,0,1
47787,47786,47788,1,0,1
47789,47788,47790,1,0,1
47791,47790,47792,1,0,1
47793,47792,47794,1,0,1
47795,47794,47796,1,0,1
47797,47796,47798,1,0,1
47799,47798,47800,1,0,1
47801,47800,47802,1,0,1
47803,47802,47804,1,0,1
46489,47804,47805,0,0,1
47806,47805,47807,1,0,1
47808,47807,47809,1,0,1
47810,47809,47811,1,0,1
47812,47811,47813,1,0,1
47814,47813,47815,1,0,1
47816,47817,47818,1,1,1
47819,47820,47821,1,1,1
47822,47823,47824,1,1,1
47825,47824,47826,1,0,1
47827,47826,47828,1,0,1
47829,47828,47830,1,0,1
47831,47830,47832,1,0,1
47833,47834,47835,1,1,1
40915,47835,47836,0,0,1
35614,47836,47837,0,0,1
47739,47837,47838,0,0,1
47741,47838,47839,0,0,1
47746,47839,47840,0,0,1
47766,47763,47841,0,0,1
47815,47841,47842,0,0,1
47818,47842,47843,0,0,1
47821,47843,47844,0,0,1
47832,47844,47845,0,0,1
47846,47845,47840,1,0,0
47847,47661,47848,1,0,1,2770
47849,47848,47850,1,0,1
47851,47852,47853,1,1,1
47854,47853,47855,1,0,1
47856,47855,47857,1,0,1
45977,47858,47859,0,1,1
47850,47859,47857,0,0,0
44921,44923,47860,0,0,1,2259
44917,44919,47861,0,0,1
47862,47861,47863,1,0,1
47864,47863,47865,1,0,1
47866,47865,47867,1,0,1
47868,47867,47869,1,0,1
47870,47869,47871,1,0,1
47872,47871,47873,1,0,1
47874,47873,47875,1,0,1
47876,47875,47877,1,0,1
47878,47877,47879,1,0,1
47880,47879,47881,1,0,1
47882,47881,47883,1,0,1
46864,47884,47885,0,1,1
46860,47885,47886,0,0,1
46861,47886,47887,0,0,1
46857,47887,47888,0,0,1
46855,46858,47889,0,0,1
47860,47889,47890,0,0,1
47883,47890,47888,0,0,0
47483,47485,47891,0,0,1,2260
47477,47479,47892,0,0,1
45442,47892,47893,1,0,1
45470,45441,47894,1,1,1
45445,47894,47895,1,0,1
47891,45444,47896,0,1,1
47481,47896,47897,0,0,1
47893,47897,47895,0,0,0
47287,47303,47898,0,0,1,1748
47284,47288,47899,0,0,1
47282,47285,47900,0,0,1
5541,47280,47901,1,0,1
47902,5540,47903,1,1,1
47904,47903,47905,1,0,1
47362,47906,47907,0,1,1
47492,47363,47908,0,0,1
47490,47908,47909,0,0,1
47290,47909,47910,0,0,1
47898,47291,47911,0,0,1
47899,47911,47912,0,0,1
47900,47912,47913,0,0,1
47901,47913,47914,0,0,1
47905,47914,47915,0,0,1
47907,47915,47910,0,0,0
47100,47692,47916,0,0,1,8404
39323,47098,47917,0,0,1
39320,47917,47918,0,0,1
5532,47918,47919,1,0,1
47696,47919,47920,0,0,1
47694,47920,47916,0,0,0
47921,46787,47922,1,0,1,164
47923,47922,47924,1,0,1
47117,47924,47925,0,0,1
47113,47925,46808,0,0,0
47926,46785,47927,1,0,1,8356
47928,47927,47929,1,0,1
47930,47929,47931,1,0,1
47116,47932,47933,0,1,1
47923,47933,47934,0,0,1
47921,47934,47935,0,0,1
46788,47935,47931,0,0,0
47428,47430,47936,0,0,1,16548
47122,47936,47937,0,0,1
47119,47937,47938,0,0,1
47930,47932,47939,0,0,1
47928,47939,47940,0,0,1
47926,47940,47938,0,0,0
47941,47942,47943,1,1,1,724
47944,47943,47945,1,0,1
47152,47507,47946,1,0,1
47947,47946,47948,1,0,1
47949,47948,47950,1,0,1
47951,47950,47952,1,0,1
47953,47952,47954,1,0,1
47955,47956,47957,1,1,1
47958,47957,47959,1,0,1
47960,47959,47961,1,0,1
47962,47963,47964,1,1,1
47965,47964,47966,1,0,1
47954,47945,47967,0,0,1
47961,47967,47966,0,0,0
47965,47942,47968,0,0,1,8916
47962,47968,47969,0,0,1
47599,47970,47971,0,1,1
47972,47446,47973,1,1,1
47974,47973,47975,1,0,1
47976,47974,47977,1,0,1
47969,47977,47978,0,0,1
47971,47978,47975,0,0,0
46384,45971,47979,0,0,1,211
47980,47979,47981,1,0,1
47982,47981,47983,1,0,1
47984,47983,47985,1,0,1
47986,47987,47988,1,1,1
47989,47988,47990,1,0,1
47991,47990,47992,1,0,1
47993,47992,47994,1,0,1
47995,47994,47996,1,0,1
47997,47996,47998,1,0,1
47999,47998,48000,1,0,1
48001,48000,48002,1,0,1
48003,48004,48005,1,1,1
48006,48005,48007,1,0,1
48008,48007,48009,1,0,1
47657,48009,48010,0,0,1
48002,48011,48012,0,1,1
48013,48012,48014,1,0,1
48010,48015,48016,0,1,1
47985,48016,48014,0,0,0
48017,48018,48019,1,1,1,209
48020,48019,48021,1,0,1
48022,48023,48024,1,1,1
48025,48024,48026,1,0,1
47463,48026,48027,0,0,1
47460,48027,48028,0,0,1
47457,48028,48029,0,0,1
48030,48029,48031,1,0,1
48032,48033,48034,1,1,1
48035,48036,48037,1,1,1
48021,48037,48038,0,0,1
48031,48039,48040,0,1,1
48038,48034,48041,0,0,1
48042,48041,48043,1,0,1
48044,48043,48045,1,0,1
48040,48046,48047,0,1,1
48045,48048,48049,0,1,1
48050,48049,48047,1,0,0
45896,47402,48051,1,0,1,979
45927,45898,48052,1,1,1
45901,48052,48053,1,0,1
45904,45900,48054,1,1,1
47406,48054,48055,0,0,1
47419,47407,48056,0,0,1
47404,48056,48057,0,0,1
48051,48057,48058,0,0,1
48053,48058,48055,0,0,0
47143,47396,48059,0,0,1,677
47139,48059,48060,0,0,1
47140,48060,48061,0,0,1
47136,48061,48062,0,0,1
47137,48062,48063,0,0,1
47133,47184,48064,0,0,1
47131,47134,48065,0,0,1
47387,48065,48066,0,0,1
48063,48066,48064,0,0,0
48067,48068,48069,1,1,1,10964
48070,48069,48071,1,0,1
48072,48073,48074,1,1,1
48075,48074,48076,1,0,1
47609,48076,48077,0,0,1
47607,47610,48078,0,0,1
48071,48078,48077,0,0,0
48079,48080,48081,1,1,1,10963
48082,48081,48083,1,0,1
47712,48083,48084,0,0,1
45591,45589,48085,1,1,1
46651,48085,48084,0,0,0
45982,45984,48086,0,0,1,3026
48087,48086,48088,1,0,1
48089,48088,48090,1,0,1
48091,48090,48092,1,0,1
48093,48092,48094,1,0,1
45986,45990,48095,0,0,1
45987,48095,48094,0,0,0
46891,48096,48097,0,1,1,210
46888,46892,48098,0,0,1
46912,46889,48099,0,0,1
46886,48099,48100,0,0,1
48101,48100,48102,1,0,1
48097,48103,48104,0,1,1
48098,48104,48102,0,0,0
44898,44902,48105,0,0,1,2772
47416,48105,48106,0,0,1
48107,48106,48108,1,0,1
48109,48108,48110,1,0,1
48111,48110,48112,1,0,1
48113,48114,48115,1,1,1
48116,48117,48118,1,1,1
48112,48118,48115,0,0,0
47733,47735,48119,0,0,1,8405
5239,47731,48120,1,0,1
5242,48120,48121,1,0,1
48122,48121,48123,1,0,1
48124,48125,48126,1,1,1
48127,48128,48129,1,1,1
48130,48129,48131,1,0,1
48132,48133,48134,1,1,1
48119,48134,48135,0,0,1
48123,48135,48136,0,0,1
48126,48136,48131,0,0,0
47540,47557,48137,0,0,1,17109
47555,47541,48138,0,0,1
47538,48138,48139,0,0,1
48140,48139,48141,1,0,1
47544,48141,48137,0,0,0
47725,47643,48142,0,0,1,979
47723,47726,48143,0,0,1
48144,48145,48146,1,1,1
48147,48148,48149,1,1,1
48150,48149,48151,1,0,1
47651,48151,48152,0,0,1
47649,48152,48153,0,0,1
47647,48153,48154,0,0,1
47645,48154,48155,0,0,1
48142,48155,48156,0,0,1
48143,48156,48146,0,0,0
46382,47980,48157,0,0,1,210
48158,48157,48159,1,0,1
48160,48159,48161,1,0,1
47984,48162,48163,0,1,1
48161,47982,48164,0,0,1
48165,48164,48163,1,0,0
48166,48023,48167,1,1,1,210
48168,48169,48170,1,1,1
48171,48170,48172,1,0,1
48173,48172,48174,1,0,1
48175,48174,48176,1,0,1
48177,48176,48178,1,0,1
48179,48178,48180,1,0,1
48039,48180,48167,1,0,0
45437,48181,48182,1,1,1,212
47474,48182,48183,0,0,1
5743,48183,48184,1,0,1
48185,5746,48186,1,1,1
48187,48188,48189,1,1,1
48190,48189,48191,1,0,1
48192,48193,48194,1,1,1
48195,48194,48196,1,0,1
48197,48198,48199,1,1,1
48200,48201,48202,1,1,1
48203,48204,48205,1,1,1
48206,48205,48207,1,0,1
48208,48209,48210,1,1,1
48211,48210,48212,1,0,1
48184,48212,48213,0,0,1
48186,48213,48214,0,0,1
48191,48214,48215,0,0,1
48196,48215,48216,0,0,1
48199,48216,48217,0,0,1
48202,48217,48207,0,0,0
47371,5562,48218,0,1,1,213
5545,48218,48219,1,0,1
5601,5548,48220,1,1,1
5551,48220,48221,1,0,1
48222,48221,48223,1,0,1
48224,48225,48226,1,1,1
5559,48226,48227,1,0,1
48219,48227,48223,0,0,0
47904,47906,48228,0,0,1,8404
5543,47902,48229,1,0,1
5598,48229,48230,1,0,1
47367,47369,48231,0,0,1
48228,47365,48232,0,0,1
48230,48232,48231,0,0,0
48233,47947,48234,1,1,1,692
48235,48236,48237,1,1,1
48238,48237,48239,1,0,1
47158,48239,48240,0,0,1
47156,48240,48241,0,0,1
47154,48241,48234,0,0,0
47956,47953,48242,1,1,1,980
48233,48243,48244,0,1,1
47949,48244,48245,1,0,1
48242,47951,48246,0,1,1
48247,48246,48245,1,0,0
47236,47238,48248,0,0,1,725
48249,47233,48250,1,0,1
47523,48250,48251,0,0,1
47524,48251,48252,0,0,1
47551,48252,48253,0,0,1
47521,47559,48254,0,0,1
48248,47519,48255,0,0,1
48253,48255,48254,0,0,0
48256,47231,48257,1,0,1,8405
47528,48257,48258,0,0,1
47526,48258,48259,0,0,1
48249,48259,47234,0,0,0
48260,48261,48262,1,1,1,19155
48263,48264,48265,1,1,1
48266,48265,48267,1,0,1
48268,48267,48269,1,0,1
48270,48269,48271,1,0,1
48272,48271,48273,1,0,1
48274,48275,48276,1,1,1
48277,48278,48279,1,1,1
48262,48279,48280,0,0,1
48273,48280,48276,0,0,0
45980,48087,48281,0,0,1,2769
47856,47858,48282,0,0,1
47854,48282,48283,0,0,1
47851,48283,48284,0,0,1
48285,48284,48286,1,0,1
48091,48287,48288,0,1,1
48089,48288,48289,0,0,1
48281,48289,48286,0,0,0
48290,48291,48292,1,1,1,10963
48293,48292,48294,1,0,1
48295,48296,48297,1,1,1
48298,48297,48299,1,0,1
48300,48301,48302,1,1,1
48303,48171,48304,1,0,1
48299,48294,48305,0,0,1
48306,48305,48307,1,0,1
48304,48302,48308,0,0,1
48309,48308,48307,1,0,0
5241,48122,48310,1,0,1,8404
5245,48310,48311,1,0,1
48128,48312,48313,0,1,1
48124,48313,48314,0,0,1
48125,48314,48311,0,0,0
5557,5603,48315,1,1,1,8405
48224,5556,48316,0,1,1
48222,48225,48317,0,0,1
5550,48317,48318,1,0,1
5554,48318,48319,1,0,1
5553,48319,48320,1,0,1
48315,48320,48316,0,0,0
45552,47633,48321,0,0,1,10964
45550,48321,47635,0,0,0
48150,47653,48322,0,0,1,3026
48147,48322,48323,0,0,1
48324,48325,48326,1,1,1
48327,48328,48329,1,1,1
48330,48331,48332,1,1,1
48333,48334,48335,1,1,1
48336,48335,48337,1,0,1
48338,48337,48339,1,0,1
47704,48339,48340,1,0,1
48326,48323,48341,0,0,1
48329,48341,48342,0,0,1
48332,48342,48343,0,0,1
48344,48343,48340,1,0,0
46020,45995,48345,0,0,1,209
48093,45989,48346,0,0,1
48287,48346,48347,0,0,1
48348,48347,48349,1,0,1
48350,48349,48351,1,0,1
48352,48351,48353,1,0,1
48354,48355,48356,1,1,1
48357,48356,48358,1,0,1
48359,48358,48360,1,0,1
48345,48360,48361,0,0,1
45992,48361,48353,0,0,0
48298,48306,48362,0,0,1,10964
48293,48296,48363,0,0,1
48364,48363,48365,1,0,1
48366,48365,48367,1,0,1
48368,48367,48369,1,0,1
48370,48371,48372,1,1,1
48373,48372,48374,1,0,1
48173,48374,48375,0,0,1
48300,48375,48376,0,0,1
48301,48376,48377,0,0,1
48362,48377,48378,0,0,1
48295,48378,48369,0,0,0
44901,44904,48379,0,0,1,10452
48116,48379,48380,0,0,1
48381,48380,48382,1,0,1
48383,48382,47663,1,0,0
48133,4660,48384,0,1,1,213
48130,48384,48385,0,0,1
5244,48312,48386,1,0,1
5248,48386,48387,1,0,1
48385,5685,48388,0,1,1
48127,48388,48387,0,0,0
48389,47702,48390,1,0,1,2770
48391,48390,48392,1,0,1
48393,48392,48394,1,0,1
48395,48394,48396,1,0,1
48397,48396,48398,1,0,1
48338,48398,48399,1,0,1
47705,48399,47701,0,0,0
48144,48148,48400,0,0,1,978
47721,48145,48401,0,0,1
45994,48401,48402,0,0,1
48359,48402,48403,0,0,1
48404,48403,48405,1,0,1
48325,48405,48400,0,0,0
48008,47659,48406,0,0,1,2771
48006,48406,48407,0,0,1
48408,48407,48409,1,0,1
48410,48411,48412,1,1,1
47991,48412,48413,0,0,1
48414,48413,48415,1,0,1
48416,48415,48417,1,0,1
48418,48417,48419,1,0,1
47849,48419,48420,0,0,1
48409,47847,48421,0,0,1
48422,48421,48420,1,0,0
48423,45153,48424,1,1,1,210
48425,48424,48426,1,0,1
48427,48426,48428,1,0,1
48429,48428,48430,1,0,1
48431,48430,48432,1,0,1
48433,48434,48435,1,1,1
46380,48435,48436,0,0,1
46378,48436,48437,0,0,1
45151,48437,48432,1,0,0
45913,45931,48438,0,0,1,210
48439,48440,48441,1,1,1
48442,48441,48443,1,0,1
48444,48443,48445,1,0,1
48446,48445,48447,1,0,1
48448,48447,48449,1,0,1
45916,48449,48438,0,0,0
47833,40918,48450,0,0,1,209
48451,48450,48452,1,0,1
48453,47822,48454,1,0,1
47808,47810,48455,0,0,1
47806,48455,48456,0,0,1
46487,46490,48457,0,0,1
46484,48457,48458,0,0,1
46556,46485,48459,0,0,1
46481,48459,48460,0,0,1
46554,46482,48461,0,0,1
46479,48461,48462,0,0,1
46477,48462,48463,0,0,1
46475,48463,48464,0,0,1
48465,46472,48466,1,0,1
46465,48466,48467,0,0,1
46459,46462,48468,0,0,1
48452,48468,48469,0,0,1
48456,48454,48470,0,0,1
48458,48470,48471,0,0,1
48460,48471,48472,0,0,1
48464,48472,48473,0,0,1
48467,48473,48474,0,0,1
46461,48474,48469,0,0,0
48475,47172,48476,1,0,1,932
48477,48478,48479,1,1,1
48480,48479,48481,1,0,1
48482,48481,48483,1,0,1
48484,48483,48485,1,0,1
48486,48485,48476,1,0,0
47170,47173,48487,0,0,1,931
47168,48487,48488,0,0,1
5374,5376,48489,0,0,1
48490,48491,48492,1,1,1
48493,48494,48495,1,1,1
48484,48495,48496,0,0,1
48482,48496,48497,0,0,1
48480,48497,48498,0,0,1
48475,48478,48499,0,0,1
48488,48499,48500,0,0,1
5378,48500,48501,0,0,1
48492,48489,48502,0,0,1
48503,48502,48504,1,0,1
48498,48504,48505,0,0,1
48477,48505,48501,0,0,0
47229,48256,48506,0,0,1,8916
48507,47226,48508,1,0,1
48509,48508,48510,1,0,1
47532,48511,48512,0,1,1
47533,48512,48513,0,0,1
47530,48513,48514,0,0,1
48510,48506,48515,0,0,1
48516,48515,48514,1,0,0
47616,47618,48517,0,0,1,2771
48518,47614,48519,1,0,1
48520,48519,48521,1,0,1
48522,48521,48523,1,0,1
48524,48525,48526,1,1,1
48527,48528,48529,1,1,1
48530,48529,48531,1,0,1
47620,48531,48532,0,0,1
47639,47621,48533,0,0,1
48517,48533,48534,0,0,1
48523,48534,48535,0,0,1
48526,48535,48532,0,0,0
48373,48175,48536,0,0,1,2771
48537,48536,48538,1,0,1
48539,48540,48541,1,1,1
48542,48543,48544,1,1,1
48545,48546,48547,1,1,1
48548,48549,48550,1,1,1
48551,48550,48552,1,0,1
48553,48552,48554,1,0,1
48555,48554,48556,1,0,1
48557,48558,48559,1,1,1
48177,48560,48561,0,1,1
48538,48561,48562,0,0,1
48544,48541,48563,0,0,1
48556,48547,48564,0,0,1
48562,48559,48565,0,0,1
48563,48565,48564,0,0,0
46884,48566,48567,0,1,1,10452
46881,48567,48568,0,0,1
48569,48568,48570,1,0,1
48571,48570,48572,1,0,1
48573,48572,48574,1,0,1
48575,48574,48576,1,0,1
48577,48576,48578,1,0,1
48371,48578,48368,0,0,0
48579,48270,48580,1,0,1,10963
48581,48580,48582,1,0,1
48583,48582,48584,1,0,1
48585,48584,48586,1,0,1
48587,48586,48588,1,0,1
48589,48590,48591,1,1,1
48592,48591,48593,1,0,1
48594,48593,48595,1,0,1
48272,48595,48588,0,0,0
48357,48404,48596,0,0,1,3025
48354,48596,48597,0,0,1
48598,48597,48599,1,0,1
48600,48599,48601,1,0,1
48602,48601,48603,1,0,1
48604,48605,48606,1,1,1
48607,48608,48609,1,1,1
48344,48609,48610,0,0,1
48330,48610,48611,0,0,1
48327,48331,48612,0,0,1
48324,48328,48613,0,0,1
48603,48613,48614,0,0,1
48606,48614,48615,0,0,1
48611,48615,48612,0,0,0
47852,48285,48616,0,0,1,210
48418,48616,48617,0,0,1
48618,48617,48348,1,0,0
48117,48381,48619,0,0,1,10964
48113,48619,48620,0,0,1
48621,48620,48622,1,0,1
48623,48624,48625,1,1,1
48626,48627,48628,1,1,1
48629,48630,48631,1,1,1
48632,48631,48633,1,0,1
47662,48634,48635,0,1,1
48383,48635,48636,0,0,1
48625,48622,48637,0,0,1
48628,48637,48638,0,0,1
48633,48638,48636,0,0,0
45558,47227,48639,0,0,1,212
48640,48639,48641,1,0,1
48642,48641,48643,1,0,1
48644,48643,48645,1,0,1
48646,48647,48648,1,1,1
47627,48648,48649,0,0,1
47625,48649,48650,0,0,1
48651,48650,48652,1,0,1
48653,48652,48654,1,0,1
48655,48656,48657,1,1,1
48507,48658,48659,0,1,1
48645,48659,48660,0,0,1
48661,48660,48662,1,0,1
48654,48662,48657,0,0,0
48663,47612,48664,1,0,1,979
48665,48666,48667,1,1,1
48668,48669,48670,1,1,1
48671,48670,48672,1,0,1
48520,48672,48673,0,0,1
48664,48518,48674,0,0,1
48667,48674,48673,0,0,0
48594,48675,48676,0,1,1,9171
48677,48676,48678,1,0,1
48679,48678,48680,1,0,1
48669,48680,48681,0,0,1
48665,48681,48682,0,0,1
48666,48682,48683,0,0,1
48663,48683,48075,0,0,0
48684,48685,48686,1,1,1,979
48687,48686,48688,1,0,1
48689,48690,48691,1,1,1
48692,48693,48694,1,1,1
48695,48694,48696,1,0,1
48581,48696,48697,0,0,1
48698,48697,48699,1,0,1
48688,48700,48701,0,1,1
48691,48701,48699,0,0,0
48702,48703,48704,1,1,1,5073
48684,48704,48705,1,0,1
48706,48705,48707,1,0,1
48708,48707,48709,1,0,1
48710,48711,48712,1,1,1
48391,48713,48714,0,1,1
48715,48714,48716,1,0,1
48709,48715,48717,0,0,1
48712,48717,48716,0,0,0
48013,48015,48718,0,0,1,212
48001,48718,48719,0,0,1
47999,48719,48720,0,0,1
47993,47995,48721,0,0,1
48410,48721,48722,0,0,1
48411,48722,48723,0,0,1
48422,48723,48724,0,0,1
48408,48724,48725,0,0,1
48003,48725,48726,0,0,1
48720,48004,48727,0,0,1
47997,48727,48726,0,0,0
48560,48179,48728,0,0,1,2770
48557,48728,48729,0,0,1
48558,48729,48730,0,0,1
48553,48555,48731,0,0,1
48732,48551,48733,1,0,1
48734,48733,48735,1,0,1
48736,48735,48737,1,0,1
48738,48737,48739,1,0,1
48046,48739,48740,1,0,1
48730,48740,48731,0,0,0
47414,48107,48741,0,0,1,9172
47412,48741,48742,0,0,1
48743,48742,48744,1,0,1
48745,48744,48746,1,0,1
48747,48748,48749,1,1,1
48750,48751,48752,1,1,1
48753,48754,48755,1,1,1
48756,48757,48758,1,1,1
48759,48760,48761,1,1,1
48762,48761,48763,1,0,1
48764,48765,48766,1,1,1
48767,48768,48769,1,1,1
48770,48771,48772,1,1,1
48773,48772,48774,1,0,1
48109,48774,48775,0,0,1
48752,48749,48776,0,0,1
48755,48776,48777,0,0,1
48758,48777,48778,0,0,1
48766,48763,48779,0,0,1
48769,48779,48780,0,0,1
48775,48781,48782,0,1,1
48746,48782,48783,0,0,1
48778,48783,48780,0,0,0
48784,48785,48786,1,1,1,723
48787,48788,48789,1,1,1
48790,48791,48792,1,1,1
48793,48792,48794,1,0,1
48795,48794,48796,1,0,1
48797,48798,48799,1,1,1
48800,48799,48801,1,0,1
48802,48801,48803,1,0,1
48804,48803,48805,1,0,1
48806,48807,48808,1,1,1
48809,48808,48810,1,0,1
48811,48810,48812,1,0,1
48786,48813,48814,0,1,1
48815,48814,48816,1,0,1
48796,48789,48817,0,0,1
48805,48818,48819,0,1,1
48812,48819,48820,0,0,1
48816,48820,48817,0,0,0
48355,48598,48821,0,0,1,37072
48822,48821,48823,1,0,1
48824,48823,48825,1,0,1
48826,48827,48828,1,1,1
48829,48828,48830,1,0,1
48600,48830,48825,0,0,0
48831,5570,48832,1,1,1,12500
48833,48832,48834,1,0,1
48835,48834,48836,1,0,1
5579,48837,48838,1,1,1
47687,48838,48839,0,0,1
47685,48839,48840,0,0,1
47683,48840,48841,0,0,1
47681,48841,48836,0,0,0
47631,45556,48842,0,0,1,8404
47629,48842,48843,0,0,1
48646,48843,48844,0,0,1
48647,48844,48845,0,0,1
48644,48661,48846,0,0,1
48642,48846,48847,0,0,1
48640,48847,48845,0,0,0
48706,48687,48848,1,0,1,5074
48708,48848,48849,1,0,1
48850,48851,48852,1,1,1
48853,48852,48854,1,0,1
48693,48854,48855,0,0,1
48689,48855,48856,0,0,1
48690,48856,48849,0,0,0
48395,48393,48857,1,1,1,978
48336,48397,48858,0,1,1
48859,48858,48860,1,0,1
48861,48860,48862,1,0,1
48713,48862,48857,1,0,0
48829,48602,48863,0,0,1,39888
48864,48826,48865,1,0,1
48866,48865,48867,1,0,1
48868,48867,48869,1,0,1
48334,48869,48870,0,0,1
48607,48870,48871,0,0,1
48608,48871,48872,0,0,1
48604,48872,48873,0,0,1
48605,48873,48863,0,0,0
48433,48158,48874,0,0,1,1747
48875,48874,48876,1,0,1
48877,48876,48878,1,0,1
48577,48370,48879,0,0,1,10963
48575,48879,48880,0,0,1
48881,48880,48882,1,0,1
48542,48546,48883,0,0,1
48539,48543,48884,0,0,1
48537,48540,48885,0,0,1
48882,48885,48886,0,0,1
48883,48886,48884,0,0,0
47880,47882,48887,0,0,1,210
48888,48887,48889,1,0,1
48890,48889,48891,1,0,1
48892,48891,48893,1,0,1
46871,48894,48895,0,1,1
46868,48895,48896,0,0,1
46866,48896,48897,0,0,1
47884,46863,48898,0,0,1
48893,48898,48899,0,0,1
48900,48899,48897,1,0,0
48901,47862,48902,1,0,1,2771
48903,48904,48905,1,1,1
48906,48907,48908,1,1,1
48909,48908,48910,1,0,1
48911,48910,48912,1,0,1
48913,48912,48914,1,0,1
48915,48914,48916,1,0,1
48917,48916,48918,1,0,1
47864,47866,48919,0,0,1
48902,48919,48920,0,0,1
48905,48920,48921,0,0,1
48922,48921,48918,1,0,0
48923,44915,48924,1,0,1,2772
48925,48924,48926,1,0,1
48927,48926,48928,1,0,1
48922,48907,48929,0,0,1
48903,48929,48930,0,0,1
48901,48904,48931,0,0,1
48928,48931,48932,0,0,1
48906,48932,48930,0,0,0
48933,44913,48934,1,0,1,1748
48935,48934,48936,1,0,1
48937,48936,48938,1,0,1
48939,48938,48940,1,0,1
48941,48940,48942,1,0,1
48927,48943,48944,0,1,1
48925,48944,48945,0,0,1
48923,48945,48942,0,0,0
47669,44911,48946,0,0,1,1747
47667,48946,48947,0,0,1
48948,48949,48950,1,1,1
48951,48952,48953,1,1,1
48954,48953,48955,1,0,1
48956,48955,48957,1,0,1
48958,48957,48959,1,0,1
48960,48959,48961,1,0,1
48962,48963,48964,1,1,1
48965,48966,48967,1,1,1
48968,48967,48969,1,0,1
48970,48969,48971,1,0,1
48972,48971,48973,1,0,1
48911,48973,48974,0,0,1
48943,48909,48975,0,0,1
48941,48975,48976,0,0,1
48939,48976,48977,0,0,1
48935,48937,48978,0,0,1
48947,48933,48979,0,0,1
48950,48980,48981,0,1,1
48961,48981,48982,0,0,1
48974,48964,48983,0,0,1
48977,48983,48984,0,0,1
48978,48984,48985,0,0,1
48979,48985,48982,0,0,0
48986,48987,48988,1,1,1,10452
48989,48990,48991,1,1,1
48992,48991,48993,1,0,1
48994,48995,48996,1,1,1
48997,48996,48998,1,0,1
48999,48998,49000,1,0,1
48988,49001,49002,0,1,1
48993,49002,49000,0,0,0
49003,48236,49004,1,0,1,691
49005,49006,49007,1,1,1
49008,49009,49010,1,1,1
49011,49010,49012,1,0,1
49013,49012,49014,1,0,1
49015,49016,49017,1,1,1
49018,49019,49020,1,1,1
49021,49022,49023,1,1,1
49024,49023,49025,1,0,1
5389,49026,49027,0,1,1
5464,5390,49028,0,0,1
5462,49028,49029,0,0,1
49030,5460,49031,1,0,1
5451,49031,49032,0,0,1
5385,49032,49033,0,0,1
5364,49033,49034,0,0,1
5362,49034,49035,0,0,1
5360,49035,49036,0,0,1
47160,5357,49037,0,0,1
48238,49037,49038,0,0,1
48235,49038,49039,0,0,1
49004,49039,49040,0,0,1
49007,49040,49041,0,0,1
49014,49041,49042,0,0,1
49017,49042,49043,0,0,1
49020,49043,49044,0,0,1
49025,49044,49045,0,0,1
49027,49045,49046,0,0,1
49029,49046,49036,0,0,0
48695,48583,49047,0,0,1,2770
48853,48692,49048,0,0,1
49049,49048,49050,1,0,1
49051,49050,49052,1,0,1
49053,49052,49054,1,0,1
49055,49054,49056,1,0,1
49057,49056,49058,1,0,1
48590,49058,49059,0,0,1
48587,49059,49060,0,0,1
48585,49060,49047,0,0,0
49061,48736,49062,1,0,1,2769
49063,49062,49064,1,0,1
49065,49064,49066,1,0,1
48042,49066,49067,1,0,1
48044,49067,49068,1,0,1
48050,49068,48738,1,0,0
47878,48888,49069,0,0,1,2258
49070,49069,49071,1,0,1
49072,49073,49074,1,1,1
49075,49074,49076,1,0,1
49077,49076,49078,1,0,1
49079,49080,49081,1,1,1
49082,49083,49084,1,1,1
46903,49085,49086,0,1,1
46870,49086,49087,0,0,1
48894,49087,49088,0,0,1
48892,48900,49089,0,0,1
49071,48890,49090,0,0,1
49081,49078,49091,0,0,1
49092,49091,49093,1,0,1
49084,49093,49094,0,0,1
49088,49094,49095,0,0,1
49089,49095,49090,0,0,0
45906,47410,49096,1,0,1,979
45908,49096,49097,1,0,1
45911,49097,49098,1,0,1
49099,45910,49100,1,1,1
49101,49100,49102,1,0,1
49103,49102,49104,1,0,1
49105,49104,49106,1,0,1
49107,49106,49108,1,0,1
49109,49108,49110,1,0,1
49111,49110,49112,1,0,1
49113,49112,49114,1,0,1
49115,49114,49116,1,0,1
48743,49116,49098,0,0,0
49117,49118,49119,1,1,1,2261
49120,49119,49121,1,0,1
49122,49121,49123,1,0,1
49124,49125,49126,1,1,1
49127,49128,49129,1,1,1
49130,49131,49132,1,1,1
49133,49134,49135,1,1,1
49136,49135,49137,1,0,1
49123,49138,49139,0,1,1
49126,49139,49140,0,0,1
49129,49140,49141,0,0,1
49132,49141,49137,0,0,0
39317,5528,49142,0,1,1,8404
39315,49142,5525,0,0,1
48592,48677,49143,0,0,1,978
49057,48589,49144,0,0,1
49145,49144,49146,1,0,1
49147,49146,49148,1,0,1
49149,49148,49150,1,0,1
49151,49150,49152,1,0,1
49153,49154,49155,1,1,1
49156,49155,49157,1,0,1
49158,49159,49160,1,1,1
49161,49162,49163,1,1,1
49164,49165,49166,1,1,1
49167,49166,49168,1,0,1
49169,49168,49170,1,0,1
49171,49170,49172,1,0,1
49173,49174,49175,1,1,1
49176,49175,49177,1,0,1
49178,49179,49180,1,1,1
49181,49182,49183,1,1,1
48671,49184,49185,0,1,1
49143,48679,49186,0,0,1
49172,49163,49187,0,0,1
49188,49187,49189,1,0,1
49180,49177,49190,0,0,1
49183,49190,49191,0,0,1
49186,48668,49192,0,0,1
49152,49192,49193,0,0,1
49189,49194,49195,0,1,1
49193,49185,49196,0,0,1
49197,49196,49198,1,0,1
49195,49160,49199,0,0,1
49198,49191,49200,0,0,1
49157,49200,49199,0,0,0
48878,48160,49201,0,0,1,1746
48877,49201,49202,0,0,1
48434,48875,49203,0,0,1
49204,49203,49205,1,0,1
49206,49205,49207,1,0,1
49208,49207,49209,1,0,1
49210,49209,49211,1,0,1
49212,49211,49213,1,0,1
49214,49215,49216,1,1,1
48165,49216,49217,0,0,1
49202,49217,49213,0,0,0
46878,48569,49218,0,0,1,10964
49219,49220,49221,1,1,1
48549,49221,49222,0,0,1
48545,49222,49223,0,0,1
48881,49223,49224,0,0,1
48573,49224,49225,0,0,1
49218,48571,49226,0,0,1
49227,49226,49225,1,0,0
49228,48992,49229,1,0,1,14548
49230,49229,49231,1,0,1
49232,49231,49233,1,0,1
49234,49235,49236,1,1,1
49237,49236,49238,1,0,1
49239,49238,49240,1,0,1
49241,49240,49242,1,0,1
49243,49242,49244,1,0,1
48994,49244,49245,0,0,1
48995,49245,49233,0,0,0
49184,48522,49246,0,0,1,979
49178,49182,49247,0,0,1
49176,49179,49248,0,0,1
49249,49248,49250,1,0,1
49251,49250,49252,1,0,1
49253,49252,49254,1,0,1
48527,49254,49255,0,0,1
48524,48528,49256,0,0,1
49246,48525,49257,0,0,1
49181,49257,49258,0,0,1
49247,49258,49259,0,0,1
49255,49259,49256,0,0,0
48868,48333,49260,0,0,1,37840
49261,49260,49262,1,0,1
49263,49262,49264,1,0,1
49265,49264,49266,1,0,1
49267,49266,49268,1,0,1
49269,49268,49270,1,0,1
49271,49270,49272,1,0,1
49273,49272,49274,1,0,1
49275,49274,49276,1,0,1
49277,49276,49278,1,0,1
48851,49279,49280,0,1,1
48711,49280,49281,1,0,1
48861,48710,49282,0,1,1
48859,49282,49283,0,0,1
49278,49283,49281,0,0,0
48632,48634,49284,0,0,1,10452
49285,49284,49286,1,0,1
49287,49288,49289,1,1,1
49290,49289,49291,1,0,1
49292,49291,49293,1,0,1
49294,49295,49296,1,1,1
49297,49296,49298,1,0,1
48980,49299,49300,0,1,1
47665,49300,49301,0,0,1
49286,49301,49302,0,0,1
49293,49302,49298,0,0,0
48773,48111,49303,0,0,1,15059
49304,49303,49305,1,0,1
49306,49305,49307,1,0,1
49308,49307,49309,1,0,1
49310,49309,49311,1,0,1
49312,49311,49313,1,0,1
49314,49313,49315,1,0,1
48621,49315,48114,0,0,0
49243,49316,49317,0,1,1,10452
49239,49241,49318,0,0,1
49232,49235,49319,0,0,1
49230,49319,49320,0,0,1
49321,49320,49322,1,0,1
49323,49322,49324,1,0,1
49325,49324,49326,1,0,1
49327,49328,49329,1,1,1
49330,49329,49331,1,0,1
49317,49331,49332,0,0,1
49318,49332,49333,0,0,1
49326,49234,49334,0,0,1
49333,49335,49336,0,1,1
49237,49336,49334,0,0,0
46467,46551,49337,0,0,1,977
46464,49337,49338,0,0,1
48465,49338,49339,0,0,1
46469,46473,49340,0,0,1
46470,49340,49339,0,0,0
47623,48651,49341,0,0,1,211
48530,49341,49342,0,0,1
49251,49253,49343,0,0,1
49173,49249,49344,0,0,1
49345,49344,49346,1,0,1
49171,49347,49348,0,1,1
49349,49169,49350,1,0,1
48800,49350,49351,1,0,1
49352,49351,49353,1,0,1
48653,49353,49354,0,0,1
49343,49342,49355,0,0,1
49346,49355,49356,0,0,1
49348,49356,49354,0,0,0
48917,47868,49357,0,0,1,2258
49358,49357,49359,1,0,1
49360,49359,49361,1,0,1
49362,49361,47870,1,0,0
48352,48822,49363,0,0,1,39632
49364,49363,49365,1,0,1
49366,49367,49368,1,1,1
49369,49370,49371,1,1,1
49372,49371,49373,1,0,1
49374,49373,49375,1,0,1
49376,49375,49377,1,0,1
49378,49377,49379,1,0,1
49380,49379,49381,1,0,1
49382,49381,49383,1,0,1
49384,49383,49385,1,0,1
49386,49385,49387,1,0,1
49388,49387,49389,1,0,1
48824,49389,49390,0,0,1
49365,49390,49368,0,0,0
49391,48350,49392,1,0,1,2769
49393,49392,49394,1,0,1
49366,49370,49395,0,0,1
49364,49367,49396,0,0,1
49394,49396,49395,0,0,0
48416,48618,49397,0,0,1,2770
49398,49397,49399,1,0,1
49400,49401,49402,1,1,1
48011,47987,49403,0,0,1
48162,49403,49404,0,0,1
49214,49404,49405,0,0,1
49212,49215,49406,0,0,1
49407,49408,49409,1,1,1
49410,49411,49412,1,1,1
49413,49412,49414,1,0,1
49415,49414,49416,1,0,1
49417,49416,49418,1,0,1
49419,49420,49421,1,1,1
49369,49421,49422,0,0,1
49393,49422,49423,0,0,1
49391,49423,49424,0,0,1
49399,49424,49425,0,0,1
49426,49425,49427,1,0,1
49405,49402,49428,0,0,1
49409,49406,49429,0,0,1
49430,49429,49431,1,0,1
49432,49431,49433,1,0,1
49427,49418,49434,0,0,1
49428,49434,49433,0,0,0
49400,47986,49435,0,0,1,210
49426,49401,49436,0,0,1
49398,49436,49437,0,0,1
48414,49437,49438,0,0,1
47989,49438,49435,0,0,0
46876,46879,49439,0,0,1,3027
49440,49439,49441,1,0,1
49442,49441,49443,1,0,1
49219,48548,49444,0,0,1
49227,49220,49445,0,0,1
49443,49445,49444,0,0,0
48767,48781,49446,0,0,1,9173
48764,48768,49447,0,0,1
49448,49447,49449,1,0,1
49450,49449,49451,1,0,1
49452,49451,49453,1,0,1
49304,49454,49455,0,1,1
48770,49455,49456,0,0,1
49446,48771,49457,0,0,1
49453,49457,49456,0,0,0
5332,5298,49458,0,0,1,211
5294,49458,49459,0,0,1
5292,5295,49460,0,0,1
5289,49460,49461,0,0,1
49462,49463,49464,1,1,1
49465,49466,49467,1,1,1
49459,49467,49468,0,0,1
49461,49468,49464,0,0,0
49082,49085,49469,0,0,1,2259
49092,49083,49470,0,0,1
49079,49470,49471,0,0,1
49472,49080,49473,1,0,1
49440,49473,49474,0,0,1
46873,49474,49475,0,0,1
49469,46874,49476,0,0,1
49471,49476,49475,0,0,0
5766,5769,49477,0,0,1,2259
5764,49477,49478,0,0,1
5760,5762,49479,0,0,1
49480,49479,49481,1,0,1
49482,49481,49483,1,0,1
5797,49483,49484,0,0,1
49485,49484,49486,1,0,1
49487,49486,49488,1,0,1
5768,49488,49478,0,0,0
49055,49145,49489,0,0,1,977
49053,49489,49490,0,0,1
49491,49490,49492,1,0,1
49493,49492,49494,1,0,1
49495,49496,49497,1,1,1
49156,49497,49498,0,0,1
49153,49498,49499,0,0,1
49197,49154,49500,0,0,1
49147,49149,49501,0,0,1
49494,49501,49502,0,0,1
49499,49503,49504,0,1,1
49500,49504,49505,0,0,1
49151,49505,49502,0,0,0
48960,48963,49506,0,0,1,1746
48958,49506,49507,0,0,1
49508,48956,49509,1,0,1
49510,49511,49512,1,1,1
49513,49512,49514,1,0,1
49515,49514,49516,1,0,1
49517,49518,49519,1,1,1
49520,49521,49522,1,1,1
49523,49522,49524,1,0,1
49525,49524,49526,1,0,1
48968,49526,49527,0,0,1
48965,49527,49528,0,0,1
48962,48966,49529,0,0,1
49507,49529,49530,0,0,1
49509,49530,49531,0,0,1
49516,49531,49532,0,0,1
49519,49532,49528,0,0,0
48629,49285,49533,0,0,1,9941
49534,49533,49535,1,0,1
49536,49535,49537,1,0,1
49538,49537,49539,1,0,1
49540,49539,49541,1,0,1
49542,49541,49543,1,0,1
49544,49543,49545,1,0,1
49546,49545,49288,1,0,0
49452,49454,49547,0,0,1,9941
49450,49547,49548,0,0,1
48762,48765,49549,0,0,1
49550,49549,49551,1,0,1
49552,49551,49553,1,0,1
49554,49553,49555,1,0,1
49556,49555,49557,1,0,1
49558,49559,49560,1,1,1
49561,49560,49562,1,0,1
49563,49562,49564,1,0,1
49308,49564,49565,0,0,1
49306,49565,49566,0,0,1
49548,49566,49567,0,0,1
49448,49567,49557,0,0,0
48850,49049,49568,0,0,1,39632
49279,49568,49569,0,0,1
49275,49277,49570,0,0,1
49571,49570,49572,1,0,1
49573,49574,49575,1,1,1
49576,49577,49578,1,1,1
49579,49578,49580,1,0,1
49581,49580,49582,1,0,1
49569,49582,49583,0,0,1
49572,49583,49575,0,0,0
49206,49584,49585,1,1,1,1745
49208,49585,49586,1,0,1
49587,49586,49588,1,0,1
49589,49588,49590,1,0,1
49591,48018,49592,1,0,1
49593,49591,49594,1,0,1
49595,49596,49597,1,1,1
49590,49597,49598,0,0,1
49592,49599,49600,0,1,1
49594,49600,49598,0,0,0
47876,49070,49601,0,0,1,1746
49602,49601,49603,1,0,1
49604,49603,49605,1,0,1
49606,49607,49608,1,1,1
49609,49608,49610,1,0,1
49611,49610,49612,1,0,1
49613,49612,49614,1,0,1
49615,49614,49616,1,0,1
49617,49616,49618,1,0,1
49073,49618,49605,0,0,0
48442,48444,49619,0,0,1,1746
49620,48439,49621,1,0,1
49622,49621,49623,1,0,1
49624,49623,49619,1,0,0
49581,49051,49625,0,0,1,37840
49576,49579,49626,0,0,1
49627,49626,49628,1,0,1
49629,49628,49630,1,0,1
49631,49630,49632,1,0,1
49633,49634,49635,1,1,1
49636,49635,49637,1,0,1
49638,49637,49639,1,0,1
49640,49639,49641,1,0,1
49642,49643,49644,1,1,1
49645,49644,49646,1,0,1
49647,49646,49648,1,0,1
49649,49648,49650,1,0,1
49651,49650,49652,1,0,1
49653,49654,49655,1,1,1
49495,49656,49657,0,1,1
49493,49503,49658,0,0,1
49491,49658,49659,0,0,1
49625,49659,49660,0,0,1
49632,49660,49661,0,0,1
49652,49641,49662,0,0,1
49663,49662,49664,1,0,1
49655,49664,49665,0,0,1
49657,49665,49666,0,0,1
49496,49666,49661,0,0,0
49077,49472,49667,0,0,1,3026
49668,49667,49669,1,0,1
49670,49669,49671,1,0,1
49672,49671,49673,1,0,1
48732,49673,49442,0,0,0
48915,49358,49674,0,0,1,3027
48972,48913,49675,0,0,1
49676,49675,49677,1,0,1
49362,47872,49678,0,0,1
49674,49360,49679,0,0,1
49677,49679,49678,0,0,0
48626,48630,49680,0,0,1,9940
48623,48627,49681,0,0,1
49314,48624,49682,0,0,1
49683,49682,49684,1,0,1
49685,49684,49686,1,0,1
49687,49686,49688,1,0,1
49538,49540,49689,0,0,1
49534,49536,49690,0,0,1
49680,49690,49691,0,0,1
49681,49691,49692,0,0,1
49688,49692,49689,0,0,0
49693,49694,49695,1,1,1,9939
49696,49695,49697,1,0,1
49698,49697,49699,1,0,1
49700,49701,49702,1,1,1
49703,49702,49704,1,0,1
49705,49704,49699,1,0,0
48188,48185,49706,1,1,1,211
49707,49708,49709,1,1,1
49710,49711,49712,1,1,1
49482,5796,49713,0,0,1
5758,49480,49714,0,0,1
49715,49714,49716,1,0,1
5750,49717,49718,0,1,1
5748,49718,49719,0,0,1
49706,49719,49720,0,0,1
49709,49720,49721,0,0,1
49716,49713,49722,0,0,1
49721,49723,49724,0,1,1
49722,49712,49725,0,0,1
49726,49725,49724,1,0,0
49727,49728,49729,1,1,1,8404
49730,49729,49731,1,0,1
49732,49731,49733,1,0,1
49734,49733,49735,1,0,1
49736,49735,49737,1,0,1
49738,49737,49739,1,0,1
49740,49739,49741,1,0,1
47834,48451,49742,0,0,1,33744
47846,49742,49743,0,0,1
47829,47831,49744,0,0,1
47827,49744,49745,0,0,1
47825,49745,49743,0,0,0
49746,38875,49747,1,0,1,28848
49748,49749,49750,1,1,1
49751,49750,49752,1,0,1
49753,49752,49754,1,0,1
38879,49754,49755,0,0,1
38877,49755,49747,0,0,0
49756,49075,49757,1,0,1,1746
49758,49757,49759,1,0,1
49760,49759,49761,1,0,1
49762,49763,49764,1,1,1
49668,49765,49766,0,1,1
49761,49766,49764,0,0,0
49617,49072,49767,0,0,1,1745
49611,49613,49768,0,0,1
49609,49768,49769,0,0,1
49770,49769,49771,1,0,1
49772,49771,49773,1,0,1
49774,49775,49776,1,1,1
49762,49765,49777,0,0,1
49758,49760,49778,0,0,1
49767,49756,49779,0,0,1
49615,49779,49780,0,0,1
49773,49780,49781,0,0,1
49777,49776,49782,0,0,1
49763,49782,49783,0,0,1
49778,49783,49781,0,0,0
5754,5752,49784,1,1,1,212
49715,5756,49785,1,1,1
49726,49785,49786,1,0,1
49723,49786,49787,1,0,1
49717,49787,49784,1,0,0
42755,42757,49788,0,0,1,28880
42753,49788,49789,0,0,1
42749,42751,49790,0,0,1
49791,49790,49792,1,0,1
49793,49794,49795,1,1,1
47748,49795,49796,0,0,1
47745,49796,49797,0,0,1
47743,49797,49798,0,0,1
49789,49798,49792,0,0,0
49753,38881,49799,0,0,1,29616
49751,49799,49800,0,0,1
49801,49800,49802,1,0,1
49803,49802,49804,1,0,1
49805,49804,49806,1,0,1
49807,49808,49809,1,1,1
49810,49809,49811,1,0,1
49812,49813,49814,1,1,1
49815,49814,49816,1,0,1
49817,49818,49819,1,1,1
49820,49819,49821,1,0,1
49822,49821,49823,1,0,1
49824,49823,49825,1,0,1
49826,49825,49827,1,0,1
49828,49829,49830,1,1,1
49831,49832,49833,1,1,1
49834,49833,49835,1,0,1
49836,49835,49837,1,0,1
49838,49837,49839,1,0,1
49840,49839,49841,1,0,1
49842,49841,49843,1,0,1
49844,49843,49845,1,0,1
49846,49845,49847,1,0,1
49848,49847,49849,1,0,1
49850,49849,49851,1,0,1
49852,49851,49853,1,0,1
49854,49853,49855,1,0,1
49856,49855,49857,1,0,1
49858,49857,49859,1,0,1
49860,49859,49861,1,0,1
42745,49862,49863,0,1,1
42743,49863,49864,0,0,1
49806,49864,49865,0,0,1
49811,49865,49866,0,0,1
49816,49866,49867,0,0,1
49827,49867,49868,0,0,1
49830,49868,49861,0,0,0
49174,49345,49869,0,0,1,979
49188,49869,49347,0,0,0
49407,49430,49870,0,0,1,2769
49871,49870,49872,1,0,1
49873,49872,49874,1,0,1
49875,49876,49877,1,1,1
49878,49877,49879,1,0,1
49880,49881,49882,1,1,1
49883,49882,49884,1,0,1
49411,49884,49885,0,0,1
49432,49885,49886,0,0,1
49874,49886,49879,0,0,0
48759,49550,49887,0,0,1,14036
49888,49887,49889,1,0,1
49890,49889,49891,1,0,1
49892,49893,49894,1,1,1
49895,49894,49896,1,0,1
49897,49896,49898,1,0,1
49899,49898,49900,1,0,1
49558,49901,49902,0,1,1
49556,49559,49903,0,0,1
49554,49903,49904,0,0,1
49891,49552,49905,0,0,1
49906,49905,49907,1,0,1
49908,49907,49909,1,0,1
49902,49900,49910,0,0,1
49904,49910,49909,0,0,0
48756,48760,49911,0,0,1,9941
49912,49911,49913,1,0,1
49914,49915,49916,1,1,1
49892,49916,49917,0,0,1
49908,49893,49918,0,0,1
49906,49918,49919,0,0,1
49890,49919,49920,0,0,1
49913,49888,49921,0,0,1
49917,49921,49920,0,0,0
49113,49115,49922,0,0,1,9171
49109,49111,49923,0,0,1
49924,49107,49925,1,0,1
49926,49925,49927,1,0,1
49928,49927,49929,1,0,1
49930,49929,49931,1,0,1
49932,49931,49933,1,0,1
48747,49933,49934,0,0,1
48745,48748,49935,0,0,1
49922,49935,49936,0,0,1
49923,49936,49934,0,0,0
49937,49938,49939,1,1,1,9940
49940,49939,49941,1,0,1
49942,49943,49944,1,1,1
49945,49946,49947,1,1,1
49948,49949,49950,1,1,1
49951,49952,49953,1,1,1
49954,49955,49956,1,1,1
49957,49958,49959,1,1,1
49960,49961,49962,1,1,1
49963,49962,49964,1,0,1
49965,49964,49966,1,0,1
49967,49968,49969,1,1,1
49970,49971,49972,1,1,1
49973,49974,49975,1,1,1
49976,49977,49978,1,1,1
49698,49978,49979,0,0,1
49941,49696,49980,0,0,1
49944,49980,49981,0,0,1
49947,49981,49982,0,0,1
49950,49982,49983,0,0,1
49953,49983,49984,0,0,1
49966,49959,49985,0,0,1
49975,49972,49986,0,0,1
49979,49987,49988,0,1,1
49984,49988,49989,0,0,1
49985,49956,49990,0,0,1
49969,49990,49991,0,0,1
49986,49991,49989,0,0,0
48203,49992,49993,0,1,1,8404
48200,48204,49994,0,0,1
48197,48201,49995,0,0,1
49946,49995,49996,0,0,1
49942,49996,49997,0,0,1
49943,49997,49998,0,0,1
49940,49998,49999,0,0,1
49993,49937,50000,0,0,1
49994,50000,49999,0,0,0
49388,48827,50001,0,0,1,2770
50002,49386,50003,1,0,1
50004,50003,50005,1,0,1
50006,50005,50007,1,0,1
48866,49261,50008,0,0,1
50001,48864,50009,0,0,1
50007,50009,50008,0,0,0
49382,49384,50010,0,0,1,2769
50011,49380,50012,1,0,1
50013,50012,50014,1,0,1
50015,50014,50016,1,0,1
50017,50016,50018,1,0,1
50019,50018,50020,1,0,1
49263,50021,50022,0,1,1
50006,50022,50023,0,0,1
50004,50023,50024,0,0,1
50010,50002,50025,0,0,1
50020,50025,50024,0,0,0
50026,49417,50027,1,0,1,977
50028,50029,50030,1,1,1
50031,50032,50033,1,1,1
49883,50033,50034,0,0,1
50035,49880,50036,1,0,1
50037,50036,50038,1,0,1
50039,50038,50040,1,0,1
49420,50041,50042,0,1,1
50027,50042,50043,0,0,1
50030,50043,50044,0,0,1
50034,50044,50040,0,0,0
49410,49413,50045,0,0,1,978
50031,50045,50046,0,0,1
50028,50032,50047,0,0,1
50026,50029,50048,0,0,1
49415,50048,50049,0,0,1
50046,50049,50047,0,0,0
49210,49408,50050,0,0,1,209
49587,50050,50051,1,0,1
50052,50051,50053,1,0,1
50054,50053,50055,1,0,1
50056,50055,50057,1,0,1
50058,50057,50059,1,0,1
50060,50059,50061,1,0,1
50062,50061,49871,1,0,0
49670,49672,50063,0,0,1,3025
49774,50063,50064,0,0,1
50065,50064,50066,1,0,1
50067,50066,50068,1,0,1
49061,50068,48734,0,0,0
49676,47874,50069,0,0,1,3026
48970,50069,50070,0,0,1
49525,50070,50071,0,0,1
50072,50071,50073,1,0,1
50074,50073,50075,1,0,1
50076,50077,50078,1,1,1
50079,50078,50080,1,0,1
49602,50081,50082,0,1,1
50075,50082,50080,0,0,0
50083,49546,50084,1,0,1,9172
50085,50086,50087,1,1,1
50088,50089,50090,1,1,1
49542,50091,50092,0,1,1
49687,50092,50093,0,0,1
50094,50093,50095,1,0,1
50096,50097,50098,1,1,1
50099,50100,50101,1,1,1
49290,50101,50102,0,0,1
50084,49287,50103,0,0,1
50087,50103,50104,0,0,1
50095,50105,50106,0,1,1
50107,50106,50108,1,0,1
50102,50109,50110,0,1,1
50104,50110,50111,0,0,1
50112,50111,50113,1,0,1
50108,50090,50114,0,0,1
50098,50114,50113,0,0,0
50091,49544,50115,0,0,1,9173
50105,50115,50116,0,0,1
50088,50116,50117,0,0,1
50112,50089,50118,0,0,1
50085,50118,50119,0,0,1
50086,50119,50120,0,0,1
50083,50120,50117,0,0,0
50121,49685,50122,1,0,1,9171
50123,50122,50124,1,0,1
50125,50124,50126,1,0,1
50127,50126,50128,1,0,1
50129,50128,50130,1,0,1
50131,50132,50133,1,1,1
50107,50133,50134,0,0,1
50094,50134,50130,0,0,0
49312,49683,50135,0,0,1,13267
50136,50135,50137,1,0,1
50125,50138,50139,0,1,1
50123,50139,50140,0,0,1
50121,50140,50137,0,0,0
49563,49310,50141,0,0,1,9172
49901,49561,50142,0,0,1
49897,49899,50143,0,0,1
50144,50143,50145,1,0,1
50146,50145,50147,1,0,1
50148,50147,50149,1,0,1
50127,50150,50151,0,1,1
50138,50151,50152,0,0,1
50141,50136,50153,0,0,1
50149,50142,50154,0,0,1
50152,50154,50153,0,0,0
48753,48757,50155,0,0,1,9173
48750,48754,50156,0,0,1
49932,48751,50157,0,0,1
50158,50157,50159,1,0,1
50160,50161,50162,1,1,1
49912,50162,50163,0,0,1
50155,50163,50164,0,0,1
50156,50164,50159,0,0,0
49924,49105,50165,1,1,1,5074
50166,50167,50168,1,1,1
50169,50168,50170,1,0,1
50171,50170,50172,1,0,1
50173,50174,50175,1,1,1
50176,50175,50177,1,0,1
50178,50177,50179,1,0,1
50180,50179,50181,1,0,1
50182,50181,50183,1,0,1
50184,50185,50186,1,1,1
50187,50186,50188,1,0,1
49103,49622,50189,1,0,1
50165,50189,50190,0,0,1
50183,50172,50191,0,0,1
50188,50191,50190,0,0,0
50192,49727,50193,1,0,1,12500
50194,50195,50196,1,1,1
50197,50196,50198,1,0,1
50199,50198,50200,1,0,1
49732,49734,50201,0,0,1
50193,49730,50202,0,0,1
50200,50202,50201,0,0,0
48503,48494,50203,0,0,1,932
48490,50203,50204,0,0,1
50041,49419,50205,0,0,1,37840
50206,50205,50207,1,0,1
50208,50207,50209,1,0,1
49376,50210,50211,0,1,1
49374,50211,50212,0,0,1
49372,50212,50209,0,0,0
49589,50052,50213,1,0,1,37072
50214,48017,50215,1,1,1
50216,50215,50217,1,0,1
50218,50217,50219,1,0,1
50220,50219,50221,1,0,1
50222,50221,50223,1,0,1
50224,50223,50225,1,0,1
50060,50225,50226,0,0,1
50058,50226,50227,0,0,1
50056,50227,50228,0,0,1
50213,50054,50229,0,0,1
49599,50229,50228,1,0,0
49297,49299,50230,0,0,1,9940
49292,49295,50231,0,0,1
50099,50231,50232,0,0,1
50233,50232,50234,1,0,1
50235,50234,50236,1,0,1
48948,48952,50237,0,0,1
48949,50237,50238,0,0,1
50230,50238,50239,0,0,1
49294,50239,50236,0,0,0
49976,49701,50240,0,0,1,9173
50241,50240,50242,1,0,1
50243,50242,50244,1,0,1
50245,50244,50246,1,0,1
50247,50246,50248,1,0,1
50249,50250,50251,1,1,1
50252,50253,50254,1,1,1
50255,50254,50256,1,0,1
50257,50256,50258,1,0,1
50259,50258,50260,1,0,1
50261,50260,50262,1,0,1
50263,50262,50264,1,0,1
50265,50264,50266,1,0,1
50267,50268,50269,1,1,1
50248,50269,50270,0,0,1
50251,50270,50266,0,0,0
50271,48785,50272,1,0,1,722
50273,50272,50274,1,0,1
50275,50276,50277,1,1,1
48791,50277,50278,0,0,1
48787,50278,50279,0,0,1
48788,50279,50280,0,0,1
48815,50280,50281,0,0,1
48784,50281,50274,0,0,0
49167,49349,50282,0,0,1,979
50283,50282,50284,1,0,1
50285,50284,50286,1,0,1
50287,50286,50288,1,0,1
50289,50288,50290,1,0,1
50291,50290,50292,1,0,1
50293,50292,50294,1,0,1
50295,50296,50297,1,1,1
50298,50297,50299,1,0,1
50300,50301,50302,1,1,1
50303,50302,50304,1,0,1
50305,50304,50306,1,0,1
48797,50306,50307,1,0,1
50294,50307,50299,0,0,0
50308,49063,50309,1,0,1,39632
50310,50309,50311,1,0,1
50312,50311,50313,1,0,1
50214,50313,50314,0,0,1
48020,50314,49065,1,0,0
50065,50067,50315,0,0,1,39888
50316,50315,50317,1,0,1
50318,50317,50319,1,0,1
50310,50320,50321,0,1,1
50308,50321,50319,0,0,0
50081,49604,50322,0,0,1,1745
50079,50322,50323,0,0,1
50324,50323,50325,1,0,1
50326,50325,50327,1,0,1
50328,50327,50329,1,0,1
50330,50329,50331,1,0,1
50332,50331,49607,1,0,0
50185,50333,50182,0,1,0,9172
49973,49987,50334,0,0,1,9942
50335,50334,50336,1,0,1
50337,50252,50338,1,0,1
50339,50340,50341,1,1,1
50336,50341,50338,0,0,0
48195,48198,50342,0,0,1,1748
48192,50342,50343,0,0,1
48190,48193,50344,0,0,1
50345,50344,50346,1,0,1
49955,50346,50347,0,0,1
49951,50347,50348,0,0,1
49952,50348,50349,0,0,1
49948,50349,50350,0,0,1
49945,49949,50351,0,0,1
50343,50351,50350,0,0,0
5607,5496,50352,1,1,1,8404
50353,50352,50354,1,0,1
50355,50354,50356,1,0,1
50357,50358,50359,1,1,1
50360,50361,50362,1,1,1
5494,50362,50363,1,0,1
50356,50363,50359,0,0,0
5516,5609,50364,1,1,1,1748
39311,50364,50365,0,0,1
50366,50365,50367,1,0,1
50368,50367,50369,1,0,1
50370,50371,50372,1,1,1
5513,5510,50373,1,1,1
50369,50373,50374,0,0,1
50375,50374,50372,1,0,0
48798,48818,50376,1,1,1,211
50377,50303,50378,1,0,1
50379,50380,50381,1,1,1
50382,50381,50383,1,0,1
50384,50383,50385,1,0,1
50386,50387,50388,1,1,1
48793,50388,50389,1,0,1
50376,48795,50390,0,1,1
50305,50390,50391,0,0,1
50378,50391,50392,0,0,1
50385,50392,50389,0,0,0
50062,49873,50393,0,0,1,39632
50224,50393,50394,0,0,1
50395,50396,50397,1,1,1
50398,50399,50400,1,1,1
50035,50400,50401,0,0,1
49881,50401,50402,0,0,1
49878,50402,50403,0,0,1
49875,50403,50404,0,0,1
50394,49876,50405,0,0,1
50406,50405,50407,1,0,1
50397,50407,50404,0,0,0
49930,50158,50408,0,0,1,9172
49928,50408,50409,0,0,1
50410,50409,50411,1,0,1
50169,50411,50412,1,0,1
50413,50414,50415,1,1,1
49915,50415,50416,0,0,1
50160,50416,50417,0,0,1
50161,50417,50412,0,0,0
50339,49977,50418,0,0,1,9174
50337,50340,50419,0,0,1
50253,50419,50420,0,0,1
50249,50420,50421,0,0,1
50247,50250,50422,0,0,1
50245,50422,50423,0,0,1
50243,50423,50424,0,0,1
50241,50424,50425,0,0,1
50418,50425,50421,0,0,0
50019,50021,50426,0,0,1,39632
50017,50426,50427,0,0,1
50428,50429,50430,1,1,1
49265,50430,50427,0,0,0
49772,49775,50431,0,0,1,38608
49606,49770,50432,0,0,1
50330,50332,50433,0,0,1
50434,50328,50435,1,0,1
50436,50435,50437,1,0,1
50431,50316,50438,0,0,1
50432,50438,50439,0,0,1
50433,50439,50437,0,0,0
50109,50100,50440,0,0,1,1747
50096,50440,50441,0,0,1
50442,50441,50443,1,0,1
50444,50443,50445,1,0,1
50446,50447,50448,1,1,1
50449,50448,50450,1,0,1
50451,50452,50453,1,1,1
50233,50453,50454,0,0,1
50445,50454,50450,0,0,0
50150,50129,50455,0,0,1,978
50148,50455,50456,0,0,1
50457,50456,50458,1,0,1
50459,50460,50461,1,1,1
50462,50461,50463,1,0,1
50464,50463,50465,1,0,1
50466,50465,50467,1,0,1
50468,50469,50470,1,1,1
50097,50470,50471,0,0,1
50131,50471,50472,0,0,1
50458,50132,50473,0,0,1
50467,50473,50472,0,0,0
49748,49801,50474,0,0,1,32176
49749,50474,50475,0,0,1
50476,50475,50477,1,0,1
50478,50479,50480,1,1,1
50481,50482,50483,1,1,1
50484,50485,50486,1,1,1
50487,50486,50488,1,0,1
49817,50488,50489,0,0,1
49815,49818,50490,0,0,1
49812,50490,50491,0,0,1
49810,49813,50492,0,0,1
49807,50492,50493,0,0,1
49805,49808,50494,0,0,1
49803,50494,50495,0,0,1
50477,50495,50496,0,0,1
50480,50496,50497,0,0,1
50483,50497,50498,0,0,1
50499,50498,50500,1,0,1
50491,50489,50501,0,0,1
50493,50501,50500,0,0,0
50502,48954,50503,1,0,1,2770
50504,50505,50506,1,1,1
50507,50508,50509,1,1,1
50452,50509,50510,0,0,1
50449,50510,50511,0,0,1
50512,50511,50513,1,0,1
50514,50513,50515,1,0,1
50516,50515,50517,1,0,1
50518,50517,50519,1,0,1
50520,50519,50521,1,0,1
50522,50521,50523,1,0,1
50524,50523,50525,1,0,1
49508,49511,50526,0,0,1
50503,50526,50527,0,0,1
50506,50527,50528,0,0,1
50525,50529,50530,0,1,1
49510,50530,50528,0,0,0
50235,48951,50531,0,0,1,2771
50451,50531,50532,0,0,1
50507,50532,50533,0,0,1
50508,50533,50534,0,0,1
50504,50529,50535,0,0,1
50502,50505,50536,0,0,1
50534,50536,50535,0,0,0
49016,49013,50537,1,1,1,690
50538,50537,50539,1,0,1
50540,50539,50541,1,0,1
50542,50541,50543,1,0,1
50544,50543,50545,1,0,1
50546,50545,49011,1,0,1
50076,50324,50547,0,0,1,3025
50072,50074,50548,0,0,1
49523,50548,50549,0,0,1
50550,50549,50551,1,0,1
50552,50551,50553,1,0,1
50554,50553,50555,1,0,1
50547,50326,50556,0,0,1
50077,50556,50555,0,0,0
49895,50144,50557,0,0,1,980
49914,50557,50558,0,0,1
50413,50558,50559,0,0,1
50414,50559,50560,0,0,1
50171,50560,50561,1,0,1
50174,50561,50562,1,0,1
50563,50562,50564,1,0,1
50565,50566,50567,1,1,1
50568,50567,50569,1,0,1
50570,50569,50571,1,0,1
50457,50571,50572,0,0,1
50146,50572,50564,0,0,0
48187,49708,50573,1,0,1,1747
50345,50573,50574,1,0,1
50575,49954,50576,1,1,1
50577,50576,50578,1,0,1
50579,50578,50580,1,0,1
50581,50580,50582,1,0,1
50583,50582,50574,1,0,0
50361,50584,50585,0,1,1,8403
50357,50585,50586,0,0,1
50358,50586,50587,0,0,1
5502,50587,50588,1,0,1
50222,50406,50589,0,0,1,37840
50590,50589,50591,1,0,1
50592,50591,50593,1,0,1
50594,50595,50596,1,1,1
50398,50037,50597,0,0,1
50395,50399,50598,0,0,1
50596,50593,50599,0,0,1
50597,50600,50601,0,1,1
50598,50601,50602,0,0,1
50396,50602,50599,0,0,0
49158,49194,50603,0,0,1,977
49656,49159,50604,0,0,1
49653,50604,50605,0,0,1
49654,50605,50606,0,0,1
49663,50606,50607,0,0,1
49651,50607,50608,0,0,1
49645,49647,50609,0,0,1
49164,50283,50610,0,0,1
49161,49165,50611,0,0,1
50603,49162,50612,0,0,1
50608,50612,50613,0,0,1
49649,50613,50614,0,0,1
50609,50614,50615,0,0,1
50610,50615,50611,0,0,0
50039,50206,50616,0,0,1,33744
50594,50600,50617,0,0,1
50595,50617,50618,0,0,1
50619,50618,50620,1,0,1
50621,50620,50622,1,0,1
50623,50622,50624,1,0,1
50625,50624,50626,1,0,1
50627,50626,50628,1,0,1
50629,50628,50630,1,0,1
50011,50013,50631,0,0,1
49378,50631,50632,0,0,1
50210,50632,50633,0,0,1
50616,50208,50634,0,0,1
50630,50634,50633,0,0,0
50552,50554,50635,0,0,1,34512
49520,50550,50636,0,0,1
50637,50636,50638,1,0,1
50639,50638,50640,1,0,1
50641,50640,50642,1,0,1
50643,50642,50644,1,0,1
50645,50644,50646,1,0,1
50647,50646,50648,1,0,1
50649,50648,50650,1,0,1
50651,50650,50652,1,0,1
50436,50653,50654,0,1,1
50635,50434,50655,0,0,1
50652,50655,50654,0,0,0
50468,50442,50656,0,0,1,1746
50657,50656,50658,1,0,1
50659,50658,50660,1,0,1
50661,50662,50663,1,1,1
50664,50663,50665,1,0,1
50666,50667,50668,1,1,1
50512,50668,50669,0,0,1
50446,50669,50670,0,0,1
50447,50670,50671,0,0,1
50444,50671,50672,0,0,1
50660,50672,50665,0,0,0
50673,50674,50675,1,1,1,980
50676,50677,50678,1,1,1
50679,50678,50680,1,0,1
50681,50682,50683,1,1,1
50684,50685,50686,1,1,1
50675,50687,50688,0,1,1
50680,50688,50689,0,0,1
50683,50689,50690,0,0,1
50691,50690,50686,1,0,0
50692,50693,50694,1,1,1,5042
50695,50694,50696,1,0,1
50697,50696,50698,1,0,1
50699,50698,50700,1,0,1
50701,50702,50703,1,1,1
50704,50703,50705,1,0,1
50386,50706,50707,1,1,1
48790,50707,50708,0,0,1
50275,50708,50709,0,0,1
50710,50709,50711,1,0,1
50712,50711,50713,1,0,1
50714,50713,50715,1,0,1
50716,50715,50717,1,0,1
50700,50717,50705,0,0,0
50428,49267,50718,0,0,1,33744
50719,50720,50721,1,1,1
49571,50721,50722,0,0,1
49273,50722,50723,0,0,1
49271,50723,50724,0,0,1
50718,49269,50725,0,0,1
50726,50725,50724,1,0,0
50015,50429,50727,0,0,1,35536
50629,50727,50728,0,0,1
50729,50728,50730,1,0,1
50731,50730,50732,1,0,1
50733,50732,50734,1,0,1
50735,50736,50737,1,1,1
49574,50738,50739,0,1,1
50719,50739,50740,0,0,1
50726,50720,50741,0,0,1
50734,50741,50742,0,0,1
50737,50742,50740,0,0,0
50653,50318,50743,0,0,1,35792
50651,50743,50744,0,0,1
50745,50744,50746,1,0,1
50747,50746,50748,1,0,1
50749,50748,50750,1,0,1
50216,50750,50751,0,0,1
50312,50751,50320,0,0,0
50173,50563,50752,1,0,1,979
50753,50752,50754,1,0,1
50755,50754,50756,1,0,1
50757,50758,50759,1,1,1
50760,50761,50762,1,1,1
50763,50762,50764,1,0,1
50460,50764,50765,0,0,1
50570,50765,50766,0,0,1
50568,50766,50767,0,0,1
50565,50767,50768,0,0,1
50756,50566,50769,0,0,1
50759,50769,50768,0,0,0
5320,5318,50770,1,1,1,211
5263,50770,50771,1,0,1
50772,50771,50773,1,0,1
5260,50774,50775,1,1,1
50773,5259,50776,0,1,1
50777,50776,50775,1,0,0
50778,50779,50780,1,1,1,1747
50781,50782,50783,1,1,1
50784,50783,50785,1,0,1
50786,50785,50787,1,0,1
50788,50787,50789,1,0,1
50790,50789,50791,1,0,1
50792,50793,50794,1,1,1
50795,50794,50796,1,0,1
50797,50798,50799,1,1,1
50800,50799,50801,1,0,1
50802,50803,50804,1,1,1
50805,50804,50806,1,0,1
50807,50806,50808,1,0,1
39306,50808,50809,1,0,1
50366,39309,50810,1,1,1
50811,50375,50812,1,1,1
5508,50812,50813,0,0,1
50814,50813,50815,1,0,1
50816,50815,50817,1,0,1
5504,50818,50819,0,1,1
50820,50819,50821,1,0,1
50780,50821,50822,0,0,1
50791,50822,50823,0,0,1
50796,50823,50824,0,0,1
50801,50824,50825,0,0,1
50809,50826,50827,0,1,1
50810,50827,50828,0,0,1
50368,50828,50829,1,0,1
50825,50817,50830,0,0,1
50831,50830,50832,1,0,1
50833,50832,50829,1,0,0
50834,50835,50836,1,1,1,674
50837,50838,50839,1,1,1
50840,50841,50842,1,1,1
50843,50842,50844,1,0,1
50845,50844,50846,1,0,1
50847,50846,50848,1,0,1
50849,50848,50850,1,0,1
50836,50851,50852,0,1,1
50839,50852,50850,0,0,0
50384,50387,50853,0,0,1,946
50382,50853,50854,0,0,1
50855,50379,50856,1,0,1
50857,50856,50858,1,0,1
50702,50699,50859,1,1,1
50701,50859,50860,1,0,1
50706,50704,50861,1,1,1
50854,50861,50862,0,0,1
50858,50862,50860,0,0,0
49513,49515,50863,0,0,1,35792
50524,50863,50864,0,0,1
50865,50864,50866,1,0,1
50867,50866,50868,1,0,1
50637,50869,50870,0,1,1
49521,50870,50871,0,0,1
49517,50871,50872,0,0,1
49518,50872,50868,0,0,0
49974,50335,50873,0,0,1,9941
49970,50873,50874,0,0,1
49967,49971,50875,0,0,1
50876,50877,50878,1,1,1
50255,50879,50880,0,1,1
50874,50880,50881,0,0,1
50875,50881,50878,0,0,0
49026,5392,50882,0,0,1,946
49024,50882,50883,0,0,1
49021,50883,50884,0,0,1
49018,49022,50885,0,0,1
50886,50885,50887,1,0,1
50888,50887,50889,1,0,1
50890,50889,50891,1,0,1
50892,50891,50884,1,0,0
50893,50538,50894,1,1,1,947
50895,50894,50896,1,0,1
50897,50896,50898,1,0,1
50899,50898,50900,1,0,1
50901,50900,50902,1,0,1
50886,50902,50903,0,0,1
49019,50903,49015,0,0,0
49642,50285,50904,0,0,1,977
49640,49643,50905,0,0,1
50906,50905,50907,1,0,1
50908,50909,50910,1,1,1
50911,50912,50913,1,1,1
50914,50915,50916,1,1,1
50287,50916,50917,0,0,1
50904,50917,50918,0,0,1
50907,50918,50919,0,0,1
50910,50919,50913,0,0,0
50466,50469,50920,0,0,1,1745
50921,50920,50922,1,0,1
50923,50922,50924,1,0,1
50925,50924,50926,1,0,1
50661,50926,50927,0,0,1
50662,50927,50928,0,0,1
50659,50928,50657,0,0,0
50929,50755,50930,1,1,1,5073
50931,50930,50932,1,0,1
50933,50934,50935,1,1,1
50936,50935,50937,1,0,1
50938,50937,50939,1,0,1
50940,50939,50941,1,0,1
50942,50941,50943,1,0,1
50944,50945,50946,1,1,1
50947,50948,50949,1,1,1
50950,50951,50952,1,1,1
50953,50952,50954,1,0,1
50955,50954,50956,1,0,1
50957,50956,50958,1,0,1
50959,50960,50961,1,1,1
50962,50963,50964,1,1,1
50965,50964,50966,1,0,1
50965,50967,50968,0,1,1
50753,50176,50969,1,0,1
50958,50949,50970,0,0,1
50966,50961,50971,0,0,1
50967,50971,50972,0,0,1
50969,50968,50973,0,0,1
50932,50973,50974,0,0,1
50943,50974,50975,0,0,1
50946,50975,50976,0,0,1
50970,50976,50977,0,0,1
50978,50977,50972,1,0,0
50691,50685,50979,0,0,1,979
50681,50979,50980,0,0,1
50981,50682,50982,1,0,1
50983,50982,50984,1,0,1
50985,50984,50986,1,0,1
50987,50986,50988,1,0,1
50963,50988,50989,1,0,1
50990,50989,50980,1,0,0
50991,50992,50993,1,1,1,1746
50994,50995,50996,1,1,1
50997,50996,50998,1,0,1
50999,51000,51001,1,1,1
51002,51001,51003,1,0,1
51004,51003,51005,1,0,1
51006,51005,51007,1,0,1
51008,51009,51010,1,1,1
50993,51010,51011,0,0,1
50998,51011,51007,0,0,0
50300,50377,51012,0,0,1,3026
51013,51012,51014,1,0,1
51015,51014,51016,1,0,1
51017,51016,51018,1,0,1
51019,51020,51021,1,1,1
51022,51023,51024,1,1,1
50855,51025,51026,0,1,1
50380,51026,51027,0,0,1
51018,51027,51028,0,0,1
51021,51028,51024,0,0,0
50914,50289,51029,0,0,1,978
50911,50915,51030,0,0,1
51031,51030,51032,1,0,1
51033,51032,51034,1,0,1
51013,51035,51036,0,1,1
50298,50301,51037,0,0,1
50293,50296,51038,0,0,1
51029,50291,51039,0,0,1
51034,51039,51040,0,0,1
51037,51036,51041,0,0,1
50295,51041,51042,0,0,1
51038,51042,51040,0,0,0
51043,50220,51044,1,0,1,977
51045,51046,51047,1,1,1
50590,51047,51044,0,0,0
50879,50257,51048,0,0,1,8405
50876,51048,51049,0,0,1
49965,49968,51050,0,0,1
51051,49963,51052,1,0,1
51053,51052,51054,1,0,1
50259,51055,51056,0,1,1
51049,51056,51057,0,0,1
50877,51057,51058,0,0,1
51050,51058,51054,0,0,0
51059,51060,51061,1,1,1,211
5282,51062,51063,1,1,1
5284,51063,51064,1,0,1
5287,51064,51065,1,0,1
5286,51065,51061,1,0,0
51066,5396,51067,1,0,1,946
5402,51068,51069,0,1,1
5400,51069,51070,0,0,1
5398,51070,51067,0,0,0
50892,5394,51071,0,0,1,5042
50890,51071,51072,0,0,1
50888,51072,51073,0,0,1
50901,51073,51074,0,0,1
51075,51074,51076,1,0,1
51077,51076,51078,1,0,1
51079,51078,51066,1,0,0
49573,49577,51080,0,0,1,29649
50738,51080,51081,0,0,1
51082,51081,51083,1,0,1
51084,51083,51085,1,0,1
51086,51085,51087,1,0,1
51088,51089,51090,1,1,1
51091,51090,51092,1,0,1
51093,51092,51094,1,0,1
49627,51094,51087,0,0,0
50625,50627,51095,0,0,1,29648
50623,51095,51096,0,0,1
50621,51096,51097,0,0,1
50592,50619,51098,0,0,1
51099,51098,51100,1,0,1
51101,51100,51102,1,0,1
50745,51102,51103,0,0,1
50649,51103,51104,0,0,1
51105,50647,51106,1,0,1
51107,51106,51108,1,0,1
51109,51110,51111,1,1,1
51112,51113,51114,1,1,1
51115,51116,51117,1,1,1
51118,51117,51119,1,0,1
51120,51119,51121,1,0,1
51122,51121,51123,1,0,1
51124,51123,51125,1,0,1
51126,51125,51127,1,0,1
51128,51127,51129,1,0,1
51130,51129,51131,1,0,1
51132,51131,51133,1,0,1
51134,51133,51135,1,0,1
51136,51135,51137,1,0,1
51138,51137,51139,1,0,1
51140,51139,51141,1,0,1
51142,51141,51143,1,0,1
51144,51143,51145,1,0,1
51146,51145,51147,1,0,1
51148,51149,51150,1,1,1
51151,51150,51152,1,0,1
51153,51154,51155,1,1,1
51156,51157,51158,1,1,1
51159,51158,51160,1,0,1
51161,51162,51163,1,1,1
51164,51163,51165,1,0,1
51166,51167,51168,1,1,1
51169,51168,51170,1,0,1
51171,51170,51172,1,0,1
51173,51172,51174,1,0,1
51175,51176,51177,1,1,1
51178,51179,51180,1,1,1
51181,51180,51182,1,0,1
51183,51184,51185,1,1,1
51186,51187,51188,1,1,1
51189,51188,51190,1,0,1
51191,51192,51193,1,1,1
51194,51193,51195,1,0,1
51196,51195,51197,1,0,1
51091,51197,51198,0,0,1
51088,51198,51199,0,0,1
51086,51089,51200,0,0,1
51201,51200,51202,1,0,1
51203,51202,51204,1,0,1
51205,51204,51206,1,0,1
51207,51208,51209,1,1,1
51097,51209,51210,0,0,1
51104,51210,51211,0,0,1
51108,51211,51212,0,0,1
51111,51212,51213,0,0,1
51114,51213,51214,0,0,1
51215,51214,51216,1,0,1
51147,51216,51217,0,0,1
51152,51217,51218,0,0,1
51155,51218,51219,0,0,1
51160,51219,51220,0,0,1
51165,51220,51221,0,0,1
51174,51221,51222,0,0,1
51177,51222,51223,0,0,1
51182,51223,51224,0,0,1
51185,51224,51225,0,0,1
51206,51199,51226,0,0,1
51225,51227,51228,0,1,1
51190,51228,51226,0,0,0
50522,50865,51229,0,0,1,35536
50520,51229,51230,0,0,1
51231,51232,51233,1,1,1
51234,51233,51235,1,0,1
51236,51235,51237,1,0,1
50639,51237,51238,0,0,1
50869,51238,51239,0,0,1
51230,50867,51240,0,0,1
51241,51240,51239,1,0,0
50814,5506,51242,1,1,1,1748
50816,51242,50818,1,0,1
50912,51031,51243,0,0,1,33744
50908,51243,51244,0,0,1
50909,51244,51245,0,0,1
49638,50906,51246,0,0,1
49636,51246,51247,0,0,1
51248,51247,51249,1,0,1
51194,51249,51250,0,0,1
51251,51191,51252,1,0,1
51253,51252,51254,1,0,1
51255,51254,51256,1,0,1
51257,51256,51258,1,0,1
51259,51258,51260,1,0,1
51261,51260,51262,1,0,1
51033,51262,51263,0,0,1
51245,51263,51250,0,0,0
49631,49634,51264,0,0,1,977
49629,51264,51265,0,0,1
51093,51265,51266,0,0,1
51196,51266,51267,0,0,1
51248,51267,49633,0,0,0
51227,51208,51268,0,0,1,31440
51203,51205,51269,0,0,1
51084,51201,51270,0,0,1
51082,51270,51271,0,0,1
50735,51271,51272,0,0,1
50733,50736,51273,0,0,1
50729,50731,51274,0,0,1
51207,51274,51275,0,0,1
51268,51275,51276,0,0,1
51269,51276,51277,0,0,1
51272,51277,51273,0,0,0
50464,50921,51278,0,0,1,979
50459,50462,51279,0,0,1
51280,51279,51281,1,0,1
51282,51281,51283,1,0,1
50923,51283,51278,0,0,0
51053,51055,51284,0,0,1,8404
51285,51286,51287,1,1,1
51288,51287,51289,1,0,1
51290,51289,51291,1,0,1
50261,51291,51284,0,0,0
51022,51025,51292,0,0,1,2993
51019,51023,51293,0,0,1
51294,51293,51295,1,0,1
51296,51295,51297,1,0,1
51298,51297,51299,1,0,1
50692,51299,51300,1,0,1
50697,50695,51301,1,1,1
50857,51301,51302,0,0,1
51292,51302,51300,0,0,0
50749,50218,51303,0,0,1,33744
50747,51303,51304,0,0,1
51101,51304,51305,0,0,1
51045,51099,51306,0,0,1
51046,51306,51307,0,0,1
51043,51307,51305,0,0,0
51308,50664,51309,1,0,1,39888
51310,51309,51311,1,0,1
51312,51311,51313,1,0,1
51314,51315,51316,1,1,1
51317,51318,51319,1,1,1
50516,51319,51320,0,0,1
50514,51320,51321,0,0,1
50666,51321,51322,0,0,1
51313,50667,51323,0,0,1
51316,51323,51322,0,0,0
51282,50925,51324,0,0,1,978
50763,51280,51325,0,0,1
51326,51327,51328,1,1,1
51329,51328,51330,1,0,1
51331,51330,51332,1,0,1
51333,51334,51335,1,1,1
51308,51336,51337,0,1,1
51332,51325,51338,0,0,1
51335,51338,51339,0,0,1
51337,51340,51341,0,1,1
51324,51341,51339,0,0,0
49862,42747,51342,0,0,1,28848
49860,51342,51343,0,0,1
49858,51343,51344,0,0,1
49856,51344,51345,0,0,1
49852,49854,51346,0,0,1
49850,51346,51347,0,0,1
49846,49848,51348,0,0,1
51349,51348,51350,1,0,1
47747,51350,51351,0,0,1
49793,51351,51352,0,0,1
49791,49794,51353,0,0,1
51345,51353,51354,0,0,1
51347,51354,51352,0,0,0
5457,49030,51355,0,0,1,2994
5480,5458,51356,0,0,1
5478,51356,51357,0,0,1
5455,51357,51358,0,0,1
5453,51358,51355,0,0,0
51317,50518,51359,0,0,1,35792
51314,51318,51360,0,0,1
51361,51360,51362,1,0,1
51363,51362,51364,1,0,1
51231,51365,51366,0,1,1
51241,51232,51367,0,0,1
51359,51367,51368,0,0,1
51364,51368,51366,0,0,0
51035,51015,51369,0,0,1,35760
51261,51369,51370,0,0,1
51371,51370,51372,1,0,1
51373,51374,51375,1,1,1
51376,51375,51377,1,0,1
51378,51377,51379,1,0,1
51380,51379,51381,1,0,1
51382,51381,51383,1,0,1
51384,51383,51385,1,0,1
51386,51385,51387,1,0,1
51294,51388,51389,0,1,1
51020,51389,51390,0,0,1
51372,51017,51391,0,0,1
51392,51391,51393,1,0,1
51387,51393,51390,0,0,0
47823,48453,51394,0,0,1,32977
47819,51394,51395,0,0,1
47820,51395,51396,0,0,1
47816,51396,51397,0,0,1
47817,51397,51398,0,0,1
47814,51398,47812,0,0,0
51399,51400,51401,1,1,1,5041
51402,51401,51403,1,0,1
51404,51403,51405,1,0,1
51406,51405,51407,1,0,1
51408,51407,51409,1,0,1
51410,51411,51412,1,1,1
51413,51412,51414,1,0,1
51415,51414,51416,1,0,1
51417,51416,51418,1,0,1
51419,51418,51420,1,0,1
51421,51420,51422,1,0,1
51423,51422,51424,1,0,1
51425,51424,51426,1,0,1
51427,51426,51428,1,0,1
51429,51430,51431,1,1,1
51432,51431,51433,1,0,1
51434,51433,51435,1,0,1
51436,51437,51438,1,1,1
51378,51439,51440,1,1,1
51441,51380,51442,1,1,1
51443,51442,51444,1,0,1
51445,51444,51446,1,0,1
51298,51447,51448,1,1,1
50693,51448,51449,0,0,1
50716,51449,51450,0,0,1
51451,51450,51452,1,0,1
51453,51452,51454,1,0,1
51451,51453,51455,0,0,1
51456,51455,51457,1,0,1
51075,51457,51458,1,0,1
51428,51409,51459,0,0,1
51435,51459,51460,0,0,1
51438,51460,51461,0,0,1
51462,51461,51463,1,0,1
51464,51463,51465,1,0,1
51446,51440,51466,0,0,1
51454,51466,51467,0,0,1
51465,51458,51468,0,0,1
51469,51468,51470,1,0,1
51471,51470,51467,1,0,0
51472,51336,51473,1,0,1,37840
51474,51475,51476,1,1,1
51326,51477,51478,0,1,1
51479,51478,51480,1,0,1
51481,51480,51482,1,0,1
51483,51482,51484,1,0,1
51485,51484,51486,1,0,1
51473,51310,51487,0,0,1
51486,51476,51488,0,0,1
51312,51488,51487,0,0,0
51333,51340,51489,0,0,1,977
51331,51334,51490,0,0,1
51477,51329,51491,0,0,1
51474,51491,51492,0,0,1
51475,51492,51493,0,0,1
51489,51472,51494,0,0,1
51490,51494,51493,0,0,0
51288,51495,51496,0,1,1,211
51285,51496,51497,0,0,1
51498,51497,51499,1,0,1
51500,51499,51501,1,0,1
51502,51501,51503,1,0,1
50985,51504,51505,0,1,1
50983,51505,51503,0,0,0
51051,51286,51506,0,0,1,9171
49960,51506,51507,0,0,1
51508,51507,51509,1,0,1
51510,51509,51511,1,0,1
51512,51511,51498,1,0,0
5271,5324,51513,1,1,1,211
5327,5270,51514,1,1,1
5274,51514,51515,1,0,1
51516,5273,51517,1,1,1
51518,51517,51519,1,0,1
51520,51519,51521,1,0,1
51522,51521,51523,1,0,1
5265,51523,51524,1,0,1
5268,51524,51525,1,0,1
51513,51525,51515,0,0,0
5446,5449,51526,0,0,1,691
5441,51526,51527,0,0,1
5438,51527,51528,0,0,1
5436,51528,5367,0,0,0
51529,50995,51530,1,1,1,9939
51531,51530,51532,1,0,1
51533,51532,51534,1,0,1
51535,51534,51536,1,0,1
51537,51536,50991,1,0,1
51257,51259,51538,0,0,1,33712
51253,51255,51539,0,0,1
51540,51539,51541,1,0,1
51542,51541,51543,1,0,1
51544,51543,51545,1,0,1
51371,51545,51538,0,0,0
51485,51315,51546,0,0,1,33744
51481,51483,51547,0,0,1
51548,51549,51550,1,1,1
50936,51550,51551,1,0,1
50938,51551,51552,1,0,1
50942,50940,51553,1,1,1
50948,50944,51554,1,1,1
50951,50947,51555,1,1,1
51556,51555,51557,1,0,1
51558,51559,51560,1,1,1
51561,51560,51562,1,0,1
51563,51564,51565,1,1,1
51566,51565,51567,1,0,1
51568,51567,51569,1,0,1
51570,51569,51571,1,0,1
51572,51573,51574,1,1,1
51575,51574,51576,1,0,1
51577,51576,51578,1,0,1
51130,51578,51579,0,0,1
51126,51128,51580,0,0,1
51124,51580,51581,0,0,1
51582,51122,51583,1,0,1
51363,51583,51584,0,0,1
51546,51361,51585,0,0,1
51547,51585,51586,0,0,1
51552,51586,51587,0,0,1
51553,51587,51588,0,0,1
51562,51589,51590,0,1,1
51571,51590,51591,0,0,1
51579,51591,51592,0,0,1
51581,51592,51593,0,0,1
51588,51584,51594,0,0,1
50945,51594,51595,1,0,1
51554,51595,51596,0,0,1
51557,51596,51593,0,0,0
5404,5408,51597,0,0,1,689
5405,51597,51598,0,0,1
51068,51598,51599,0,0,1
51079,51599,51600,0,0,1
51601,51600,51602,1,0,1
51603,51602,51604,1,0,1
51605,51604,51606,1,0,1
51607,51608,51609,1,1,1,5074
51610,51609,51611,1,0,1
51612,51613,51614,1,1,1
51615,51616,51617,1,1,1
51512,51617,51618,1,0,1
51500,51618,51619,1,0,1
51620,51619,51621,1,0,1
51622,51621,51623,1,0,1
51624,51623,51625,1,0,1
51626,51627,51628,1,1,1
51629,51628,51630,1,0,1
51631,51630,51632,1,0,1
51633,51632,51634,1,0,1
51635,51634,51636,1,0,1
51637,51636,51638,1,0,1
51639,51640,51641,1,1,1
51614,51611,51642,0,0,1
51625,51642,51643,0,0,1
51644,51643,51645,1,0,1
51638,51645,51641,0,0,0
51646,51647,51648,1,1,1,1746
51649,51650,51651,1,1,1
51652,51651,51653,1,0,1
51654,51653,51655,1,0,1
51656,51655,51657,1,0,1
51648,51658,51659,0,1,1
51657,51660,51661,0,1,1
51662,51661,51659,1,0,0
5443,5447,51663,0,0,1,2994
5485,5444,51664,0,0,1
5474,51664,51665,0,0,1
5440,51665,51663,0,0,0
51388,51296,51666,0,0,1,39856
51386,51666,51667,0,0,1
51384,51667,51668,0,0,1
51382,51668,51669,0,0,1
51441,51669,51670,1,0,1
51443,51670,51671,1,0,1
51445,51671,51447,1,0,1
51192,51251,51672,0,0,1,29616
51189,51672,51673,0,0,1
51186,51673,51674,0,0,1
51183,51187,51675,0,0,1
51184,51675,51676,0,0,1
51181,51676,51677,0,0,1
51178,51677,51678,0,0,1
51175,51179,51679,0,0,1
51173,51176,51680,0,0,1
51171,51680,51681,0,0,1
51166,51169,51682,0,0,1
51164,51167,51683,0,0,1
51684,51683,51685,1,0,1
51686,51685,51687,1,0,1
51688,51687,51689,1,0,1
51690,51689,51691,1,0,1
51692,51691,51693,1,0,1
51694,51693,51695,1,0,1
51696,51695,51697,1,0,1
51698,51697,51699,1,0,1
51700,51701,51702,1,1,1
51703,51704,51705,1,1,1
51706,51707,51708,1,1,1
51709,51708,51710,1,0,1
51711,51712,51713,1,1,1
51714,51715,51716,1,1,1
51717,51716,51718,1,0,1
51719,51720,51721,1,1,1
51722,51721,51723,1,0,1
51724,51723,51725,1,0,1
51726,51727,51728,1,1,1
51729,51728,51730,1,0,1
51731,51730,51732,1,0,1
51733,51732,51734,1,0,1
51735,51734,51736,1,0,1
51737,51736,51738,1,0,1
51739,51740,51741,1,1,1
51742,51743,51744,1,1,1
51745,51746,51747,1,1,1
51748,51749,51750,1,1,1
51751,51752,51753,1,1,1
51415,51754,51755,1,1,1
51756,51755,51757,1,0,1
51758,51757,51759,1,0,1
51760,51759,51761,1,0,1
51762,51763,51764,1,1,1
51765,51766,51767,1,1,1
51430,51768,51769,1,1,1
51770,51769,51771,1,0,1
51772,51771,51773,1,0,1
51373,51774,51775,0,1,1
51776,51775,51777,1,0,1
51778,51777,51779,1,0,1
51780,51781,51782,1,1,1
51783,51784,51785,1,1,1
51786,51785,51787,1,0,1
51788,51789,51790,1,1,1
51791,51790,51792,1,0,1
51793,51792,51794,1,0,1
51795,51796,51797,1,1,1
51542,51797,51798,0,0,1
51540,51798,51799,0,0,1
51674,51799,51800,0,0,1
51678,51800,51801,0,0,1
51681,51679,51802,0,0,1
51699,51682,51803,0,0,1
51713,51710,51804,0,0,1
51718,51804,51805,0,0,1
51738,51725,51806,0,0,1
51741,51806,51807,0,0,1
51744,51807,51808,0,0,1
51747,51808,51809,0,0,1
51750,51809,51810,0,0,1
51753,51810,51811,0,0,1
51812,51811,51813,1,0,1
51761,51813,51814,0,0,1
51764,51814,51815,0,0,1
51767,51815,51816,0,0,1
51773,51816,51817,0,0,1
51779,51817,51818,0,0,1
51819,51818,51820,1,0,1
51782,51820,51821,0,0,1
51822,51821,51823,1,0,1
51824,51823,51825,1,0,1
51787,51825,51826,0,0,1
51794,51827,51828,0,1,1
51801,51828,51829,0,0,1
51802,51829,51830,0,0,1
51826,51805,51831,0,0,1
51830,51832,51833,0,1,1
51803,51833,51834,0,0,1
51702,51834,51835,0,0,1
51705,51835,51831,0,0,0
51836,51504,51837,1,0,1,978
51629,51837,51838,1,0,1
51631,51838,51839,1,0,1
51840,51841,51842,1,1,1
51843,51842,51844,1,0,1
50953,51844,51845,1,0,1
51846,51845,51847,1,0,1
51848,51847,51849,1,0,1
51850,51849,51851,1,0,1
50959,51851,51852,1,0,1
51839,50987,51853,0,0,1
51633,51853,51852,1,0,0
51510,51854,51855,1,1,1,3026
51615,51855,51856,0,0,1
51857,51856,51858,1,0,1
51859,51535,51860,1,0,1,9171
51650,51860,51861,0,0,1
51862,51861,51863,1,0,1
51864,51865,51866,1,1,1
51867,51866,51868,1,0,1
51869,51868,51863,1,0,0
51870,51871,51872,1,1,1,2994
51873,51874,51875,1,1,1
51876,51875,51877,1,0,1
51878,51877,51872,1,0,0
50760,51327,51879,0,0,1,5074
51880,51879,51881,1,0,1
51882,51881,51883,1,0,1
51884,51885,51886,1,1,1
50931,51886,51887,1,0,1
50934,51887,51888,1,0,1
50933,51888,51889,1,0,1
51548,51889,51890,0,0,1
51479,51549,51891,0,0,1
51883,51891,51890,0,0,0
51620,51502,51892,1,0,1,979
51622,51892,51893,1,0,1
51644,51624,51894,1,1,1
51627,51894,51895,1,0,1
51626,51895,51896,1,0,1
51836,51896,51893,0,0,0
5369,5372,51897,0,0,1,674
5434,51897,51898,0,0,1
5432,51898,51899,0,0,1
5430,51899,51900,0,0,1
51402,51603,51901,1,0,1,2993
51404,51901,51902,1,0,1
51903,51904,51905,1,1,1
51605,51906,51907,0,1,1
51902,51907,51905,0,0,0
51795,51544,51908,0,0,1,31664
51796,51908,51909,0,0,1
51793,51909,51910,0,0,1
51827,51789,51911,0,0,1
51786,51832,51912,0,0,1
51783,51912,51913,0,0,1
51824,51784,51914,0,0,1
51822,51914,51915,0,0,1
51780,51915,51916,0,0,1
51819,51781,51917,0,0,1
51778,51917,51918,0,0,1
51776,51918,51919,0,0,1
51374,51919,51920,0,0,1
51392,51920,51921,0,0,1
51910,51921,51922,0,0,1
51791,51922,51923,0,0,1
51788,51923,51924,0,0,1
51913,51911,51925,0,0,1
51916,51925,51924,0,0,0
51610,51613,51926,0,0,1,5073
51607,51926,51927,0,0,1
51639,51608,51928,0,0,1
51929,51928,51930,1,0,1
51931,51932,51933,1,1,1
51616,51933,51934,0,0,1
51612,51934,51935,0,0,1
51927,51935,51930,0,0,0
51936,51937,51938,1,1,1,3025
51939,51938,51940,1,0,1
51941,51940,51942,1,0,1
51943,51944,51945,1,1,1
51946,51945,51947,1,0,1
51948,51947,51949,1,0,1
51950,51949,51942,1,0,0
51951,51952,51953,1,1,1,1746
51954,51953,51955,1,0,1
51956,51955,51957,1,0,1
51958,51959,51960,1,1,1
51961,51962,51963,1,1,1
51964,51963,51965,1,0,1
51966,51965,51967,1,0,1
51957,51967,51960,0,0,0
51376,51439,51968,0,1,1,33712
51772,51774,51969,0,0,1
51770,51969,51970,0,0,1
51429,51970,51971,1,0,1
51432,51971,51972,1,0,1
51973,51972,51974,1,0,1
51975,51974,51976,1,0,1
51977,51976,51978,1,0,1
51979,51978,51980,1,0,1
51469,51980,51981,1,0,1
51471,51981,51968,1,0,0
51982,51983,51984,1,1,1,1746
51985,51986,51987,1,1,1
51988,51987,51989,1,0,1
51990,51989,51991,1,0,1
51992,51991,51993,1,0,1
51994,51993,51995,1,0,1
51996,51995,51997,1,0,1
51998,51997,51984,1,0,0
50833,50831,51999,1,1,1,1746
50826,51999,52000,1,0,1
50803,52000,52001,1,0,1
46528,50802,52002,0,1,1
52003,52002,52004,1,0,1
52005,52004,52006,1,0,1
52007,52006,52008,1,0,1
52009,52008,52010,1,0,1
52011,52012,52013,1,1,1
52014,52013,52015,1,0,1
52016,52015,52017,1,0,1
52018,52019,52020,1,1,1
52021,52022,52023,1,1,1
52024,52023,52025,1,0,1
52026,52027,52028,1,1,1
52029,52030,52031,1,1,1
50790,52031,52032,1,0,1
50793,52032,52033,1,0,1
50792,52033,52034,1,0,1
50798,50795,52035,1,1,1
52001,50800,52036,0,1,1
52010,52036,52037,0,0,1
52017,52037,52038,0,0,1
52039,52038,52040,1,0,1
52025,52020,52041,0,0,1
52028,52041,52042,0,0,1
52034,52043,52044,0,1,1
52035,52044,52045,0,0,1
52040,50797,52046,0,1,1
52042,52046,52045,0,0,0
51606,5407,52047,0,0,1,2994
51906,52047,52048,0,0,1
51903,52048,52049,0,0,1
52050,52049,5411,1,0,0
50761,51880,52051,0,0,1,978
50757,52051,52052,0,0,1
50929,50758,52053,1,0,1
51884,52053,52054,0,0,1
51885,52054,52055,0,0,1
51882,52055,52052,0,0,0
51864,51867,52056,0,0,1,3027
52057,51865,52058,1,0,1
52059,52058,52060,1,0,1
52061,52060,52062,1,0,1
52063,52064,52065,1,1,1
52066,52065,52067,1,0,1
52056,52067,52062,0,0,0
51464,51462,52068,1,1,1,37808
51979,52068,52069,0,0,1
51975,51977,52070,0,0,1
51973,52070,52071,0,0,1
51437,51434,52072,1,1,1
51436,52072,52073,1,0,1
52069,52073,52071,0,0,0
51850,50960,52074,0,1,1,5074
51848,52074,52075,0,0,1
51846,52075,52076,0,0,1
50955,52076,52077,1,0,1
50957,52077,50978,1,0,1
52078,50643,52079,1,0,1,30416
51109,51113,52080,0,0,1
51107,51110,52081,0,0,1
51105,52081,52082,0,0,1
50645,52082,52083,0,0,1
52079,52083,52080,0,0,0
46498,46500,52084,0,0,1,209
46494,46496,52085,0,0,1
52086,52085,52087,1,0,1
46508,52088,52089,0,1,1
46505,52089,52090,0,0,1
46502,52090,52091,0,0,1
46559,46503,52092,0,0,1
52084,52092,52093,0,0,1
52087,52093,52091,0,0,0
52094,52095,52096,1,1,1,3027
52097,52098,52099,1,1,1,3025
52100,52099,52101,1,0,1
52102,52101,52103,1,0,1
52104,52105,52106,1,1,1
52107,52108,52109,1,1,1
52110,52111,52112,1,1,1
52113,52112,52114,1,0,1
52115,52114,52116,1,0,1
52117,52118,52119,1,1,1
52120,52119,52121,1,0,1
52122,52121,52123,1,0,1
52124,52123,52125,1,0,1
52103,52126,52127,0,1,1
52106,52127,52128,0,0,1
52109,52128,52129,0,0,1
52130,52129,52131,1,0,1
52125,52116,52132,0,0,1
52133,52132,52131,1,0,0
51990,51992,52134,0,0,1,3027
52135,51988,52136,1,0,1
52137,52136,52138,1,0,1
52139,52138,52140,1,0,1
52141,52142,52143,1,1,1
52144,52145,52146,1,1,1
52147,52148,52149,1,1,1
52150,52149,52151,1,0,1
52134,52151,52152,0,0,1
52143,52140,52153,0,0,1
52146,52153,52152,0,0,0
52154,51841,52155,1,1,1,5073
52156,52157,52158,1,1,1
52159,52158,52160,1,0,1
52161,52162,52163,1,1,1
51563,52163,52164,1,0,1
52165,52164,52166,1,0,1
52167,52168,52169,1,1,1
52170,52169,52171,1,0,1
51637,52170,52172,0,0,1
51635,52172,52173,0,0,1
52160,52155,52174,0,0,1
52175,52174,52176,1,0,1
52166,52176,52177,0,0,1
52171,52178,52179,0,1,1
52173,52179,52177,0,0,0
52180,52181,52182,1,1,1,3025
52183,52184,52185,1,1,1
52186,52185,52187,1,0,1
52188,52187,52189,1,0,1
52190,52191,52192,1,1,1
52193,52192,52194,1,0,1
52195,52194,52196,1,0,1
52197,52196,52198,1,0,1
52199,52200,52201,1,1,1
52182,52202,52203,0,1,1
52189,52203,52204,0,0,1
52198,52204,52201,0,0,0
51904,52050,52205,0,0,1,178
51406,52205,52206,1,0,1
52207,52206,52208,1,0,1
52209,52208,52210,1,0,1
52211,52210,52212,1,0,1
52213,52212,52214,1,0,1
52215,52216,52217,1,1,1
52218,52217,52219,1,0,1
52220,52219,52221,1,0,1
52222,52221,52223,1,0,1
5417,52224,52225,0,1,1
5470,52225,52226,0,0,1
5413,52226,52227,0,0,1
5410,5414,52228,0,0,1
52214,52228,52229,0,0,1
52223,52229,52227,0,0,0
52157,52154,52230,1,1,1,977
51558,52231,52232,0,1,1
51589,51559,52233,0,0,1
51556,52233,52234,0,0,1
50950,52234,52235,1,0,1
51843,52235,52236,0,0,1
52230,51840,52237,0,0,1
52232,52237,52236,0,0,0
52162,52175,52238,1,1,1,37840
51564,52161,52239,0,1,1
51561,52239,52240,0,0,1
52156,52231,52241,1,0,1
52238,52159,52242,0,1,1
52240,52242,52241,0,0,0
52199,52202,52243,0,0,1,977
52244,52243,52245,1,0,1
52246,52245,52247,1,0,1
52248,52247,52249,1,0,1
52250,52249,52251,1,0,1
52252,52251,52253,1,0,1
52254,52255,52256,1,1,1
52102,52256,52257,0,0,1
52100,52257,52258,0,0,1
52259,52258,52253,1,0,0
52260,52261,52262,1,1,1,3025
52263,52264,52265,1,1,1,3026
52266,52267,52268,1,1,1
52269,52270,52271,1,1,1
52272,52271,52273,1,0,1
52029,52273,52274,1,0,1
50788,52274,52275,0,0,1
52276,52275,52277,1,0,1
52265,52260,52278,0,0,1
52268,52278,52277,0,0,0
46492,52086,52279,0,0,1,32977
47803,52279,52280,0,0,1
47801,52280,52281,0,0,1
47799,52281,52282,0,0,1
47795,47797,52283,0,0,1
47791,47793,52284,0,0,1
52285,52284,52286,1,0,1
46510,52286,52287,0,0,1
52088,46507,52288,0,0,1
52282,52288,52289,0,0,1
52283,52289,52287,0,0,0
52285,46512,52290,0,0,1,209
52291,47789,52292,1,0,1
52293,52292,52294,1,0,1
52295,52294,52296,1,0,1
52297,52298,52299,1,1,1
47785,52300,52301,0,1,1
46518,52301,52302,0,0,1
46514,52302,52303,0,0,1
46515,52303,52304,0,0,1
52296,52290,52305,0,0,1
52306,52305,52307,1,0,1
52299,52307,52304,0,0,0
52308,52309,52310,1,1,1,35792
52122,52310,52311,0,0,1
52117,52120,52312,0,0,1
52115,52118,52313,0,0,1
52314,52313,52315,1,0,1
52105,52316,52317,0,1,1
52318,52317,52319,1,0,1
52191,52320,52321,0,1,1
52322,52321,52323,1,0,1
52324,52323,52325,1,0,1
52269,52326,52327,1,1,1
52328,52327,52329,1,0,1
52330,52329,52331,1,0,1
52332,52331,52333,1,0,1
52334,52335,52336,1,1,1
52337,52338,52339,1,1,1
52340,52341,52342,1,1,1
52343,52344,52345,1,1,1
52346,52345,52347,1,0,1
52348,52349,52350,1,1,1
52351,52350,52352,1,0,1
52353,52352,52354,1,0,1
52355,52356,52357,1,1,1
51573,52358,52359,0,1,1
51570,52359,52360,0,0,1
51568,52360,52361,0,0,1
51566,52361,52362,0,0,1
52363,52362,52364,1,0,1
52311,52364,52365,0,0,1
52312,52365,52366,0,0,1
52315,52366,52367,0,0,1
52319,52367,52368,0,0,1
52369,52368,52370,1,0,1
52325,52370,52371,0,0,1
52333,52371,52372,0,0,1
52336,52372,52373,0,0,1
52339,52373,52374,0,0,1
52342,52374,52375,0,0,1
52376,52375,52377,1,0,1
52347,52377,52378,0,0,1
52357,52354,52379,0,0,1
52380,52379,52378,1,0,0
52107,52130,52381,0,0,1,977
52382,52383,52384,1,1,1
52385,52384,52386,1,0,1
52111,52386,52381,0,0,0
52200,52244,52387,0,0,1,37840
52197,52387,52388,0,0,1
52195,52388,52389,0,0,1
52193,52389,52390,0,0,1
52250,52391,52392,0,1,1
52248,52392,52393,0,0,1
52246,52393,52390,0,0,0
52026,52043,52394,0,0,1,3025
52395,52394,52396,1,0,1
52397,52398,52399,1,1,1
52330,52399,52400,0,0,1
52328,52400,52401,0,0,1
52272,52401,52402,1,0,1
52030,52402,52396,0,0,0
51349,47750,52403,0,0,1,32944
49844,52403,52404,0,0,1
52405,52404,52406,1,0,1
52407,52406,52408,1,0,1
52409,52408,47752,1,0,0
51408,52207,52410,1,0,1,177
51411,52410,52411,1,0,1
52412,51410,52413,1,1,1
52414,52413,52415,1,0,1
52416,52417,52418,1,1,1
52215,52418,52419,0,0,1
52216,52419,52420,0,0,1
52211,52213,52421,0,0,1
52411,52209,52422,0,0,1
52415,52422,52423,0,0,1
52420,52424,52425,0,1,1
52421,52425,52423,0,0,0
51236,50641,52426,0,0,1,31440
52427,51234,52428,1,0,1
51118,52428,52429,0,0,1
51115,52429,52430,0,0,1
51116,52430,52431,0,0,1
51215,52431,52432,0,0,1
51112,52432,52433,0,0,1
52078,52433,52426,0,0,0
52024,52027,52434,0,0,1,3026
52021,52434,52435,0,0,1
52436,52435,52437,1,0,1
52332,52335,52438,0,0,1
52397,52438,52439,0,0,1
52395,52398,52440,0,0,1
52437,52440,52439,0,0,0
52382,52385,52441,0,0,1,39888
52108,52383,52442,0,0,1
52104,52442,52443,0,0,1
52316,52443,52444,0,0,1
52314,52444,52445,0,0,1
52113,52445,52446,0,0,1
52110,52446,52441,0,0,0
52039,52019,52447,0,0,1,1745
52016,52447,52448,0,0,1
52449,52448,52450,1,0,1
52451,52450,52452,1,0,1
52453,52454,52455,1,1,1
52456,52457,52458,1,1,1
52338,52458,52459,0,0,1
52334,52459,52460,0,0,1
52436,52460,52461,0,0,1
52022,52461,52462,0,0,1
52018,52462,52463,0,0,1
52455,52452,52464,0,0,1
52465,52464,52463,1,0,0
52014,52449,52466,0,0,1,37840
52011,52466,52467,0,0,1
52468,52467,52469,1,0,1
52470,52469,52471,1,0,1
52472,52473,52474,1,1,1
52451,52474,52471,0,0,0
52007,52009,52475,0,0,1,977
52005,52475,52476,0,0,1
52477,52476,52478,1,0,1
52479,52478,52480,1,0,1
52481,52480,52482,1,0,1
52483,52484,52485,1,1,1
52470,52485,52486,0,0,1
52468,52486,52487,0,0,1
52012,52487,52482,0,0,0
52295,52306,52488,0,0,1,37072
52293,52488,52489,0,0,1
52291,52489,52490,0,0,1
52300,47787,52491,0,0,1
52297,52491,52492,0,0,1
52298,52492,52490,0,0,0
52190,52391,52493,0,0,1,33744
52320,52493,52494,0,0,1
52369,52494,52495,0,0,1
52254,52318,52496,0,0,1
52252,52255,52497,0,0,1
52495,52497,52496,0,0,0
51413,52412,52498,1,0,1,945
51754,52498,52499,0,0,1
52500,52501,52502,1,1,1
52503,52504,52505,1,1,1
52506,52505,52507,1,0,1
51743,52507,52508,0,0,1
52509,52508,52510,1,0,1
52511,52510,52512,1,0,1
52513,52514,52515,1,1,1
52516,52515,52517,1,0,1
52518,52517,52519,1,0,1
52416,52519,52520,0,0,1
52424,52417,52521,0,0,1
52414,52521,52522,0,0,1
52502,52499,52523,0,0,1
52524,52523,52525,1,0,1
52526,52525,52527,1,0,1
52512,52527,52528,0,0,1
52520,52528,52522,0,0,0
51582,51365,52529,0,0,1,31696
51120,52529,52427,0,0,0
52453,52465,52530,0,0,1,34512
52531,52532,52533,1,1,1
52534,52535,52536,1,1,1
52537,52536,52538,1,0,1
52539,52538,52540,1,0,1
52541,52540,52542,1,0,1
52543,52542,52544,1,0,1
52545,52544,52546,1,0,1
52348,52546,52547,0,0,1
52349,52547,52548,0,0,1
52346,52548,52549,0,0,1
52343,52549,52550,0,0,1
52344,52550,52551,0,0,1
52376,52551,52552,0,0,1
52340,52552,52553,0,0,1
52337,52341,52554,0,0,1
52456,52554,52555,0,0,1
52530,52457,52556,0,0,1
52557,52556,52558,1,0,1
52553,52533,52559,0,0,1
52555,52559,52558,0,0,0
52560,46526,52561,1,0,1,1745
52562,52561,52563,1,0,1
52564,52563,52565,1,0,1
52477,52565,52003,0,0,0
52472,52454,52566,0,0,1,33744
52483,52473,52567,0,0,1
52568,52484,52569,1,0,1
52570,52571,52572,1,1,1
47780,52572,52573,0,0,1
47778,52573,52574,0,0,1
47776,52574,52575,0,0,1
47774,52575,52576,0,0,1
47772,52576,52577,0,0,1
52578,52577,52579,1,0,1
52580,52579,52581,1,0,1
52582,52581,52583,1,0,1
52584,52583,52585,1,0,1
52586,52585,52587,1,0,1
52588,52587,52589,1,0,1
52590,52589,52591,1,0,1
52592,52591,52593,1,0,1
52537,52593,52594,0,0,1
52534,52594,52595,0,0,1
52535,52595,52596,0,0,1
52531,52596,52597,0,0,1
52532,52597,52598,0,0,1
52566,52557,52599,0,0,1
52567,52599,52600,0,0,1
52569,52600,52598,0,0,0
52562,52564,52601,0,0,1,37840
52602,52601,52603,1,0,1
52604,52603,52605,1,0,1
52606,52605,52607,1,0,1
52571,52608,52609,0,1,1
52568,52609,52610,0,0,1
52481,52610,52611,0,0,1
52479,52611,52607,0,0,0
52560,52602,52612,0,0,1,1746
46524,52612,52613,0,0,1
52608,52570,52614,0,0,1
52606,52614,52615,0,0,1
52604,52615,52613,0,0,0
51768,51427,52616,0,1,1,29617
51762,51766,52617,0,0,1
51760,51763,52618,0,0,1
51758,52618,52619,0,0,1
51417,51756,52620,1,0,1
51419,52620,52621,1,0,1
51421,52621,52622,1,0,1
51423,52622,52623,1,0,1
52616,51425,52624,0,1,1
51765,52624,52625,0,0,1
52617,52625,52626,0,0,1
52619,52626,52623,0,0,0
47754,47756,52627,0,0,1,32960
52409,52627,52628,0,0,1
52629,52628,52630,1,0,1
52631,52630,52632,1,0,1
52633,52632,52634,1,0,1
52635,52634,52636,1,0,1
52637,52636,52638,1,0,1
52639,52638,52640,1,0,1
52641,52640,52642,1,0,1
52643,52644,52645,1,1,1
52646,52645,52647,1,0,1
52648,52649,52650,1,1,1
52651,52652,52653,1,1,1
52654,52655,52656,1,1,1
52657,52658,52659,1,1,1
52580,52659,52660,0,0,1
52578,52660,52661,0,0,1
47770,52661,52662,0,0,1
47767,52662,52663,0,0,1
47768,52663,52664,0,0,1
47764,52664,52665,0,0,1
47762,47765,52666,0,0,1
47760,52666,52667,0,0,1
52642,47758,52668,0,0,1
52647,52668,52669,0,0,1
52650,52669,52670,0,0,1
52653,52670,52671,0,0,1
52656,52671,52672,0,0,1
52665,52672,52667,0,0,0
49842,52405,52673,0,0,1,33712
49838,49840,52674,0,0,1
49834,49836,52675,0,0,1
49828,49832,52676,0,0,1
49826,49829,52677,0,0,1
49824,52677,52678,0,0,1
49822,52678,52679,0,0,1
52680,49820,52681,1,0,1
52682,52681,52683,1,0,1
52684,52683,52685,1,0,1
52686,52685,52687,1,0,1
52688,52687,52689,1,0,1
52690,52689,52691,1,0,1
52692,52691,52693,1,0,1
52694,52693,52695,1,0,1
52696,52697,52698,1,1,1
52699,52700,52701,1,1,1
52702,52703,52704,1,1,1
52705,52706,52707,1,1,1
52708,52709,52710,1,1,1
52711,52710,52712,1,0,1
52713,52714,52715,1,1,1
52716,52715,52717,1,0,1
52718,52717,52719,1,0,1
52720,52719,52721,1,0,1
52722,52721,52723,1,0,1
52724,52725,52726,1,1,1
52727,52728,52729,1,1,1
52629,52729,52730,0,0,1
52407,52730,52731,0,0,1
52673,52731,52732,0,0,1
52674,52732,52733,0,0,1
52675,52733,52734,0,0,1
49831,52734,52735,0,0,1
52676,52735,52736,0,0,1
52679,52736,52737,0,0,1
52695,52737,52738,0,0,1
52698,52738,52739,0,0,1
52740,52739,52741,1,0,1
52701,52741,52742,0,0,1
52704,52742,52743,0,0,1
52707,52743,52744,0,0,1
52723,52712,52745,0,0,1
52726,52745,52746,0,0,1
52747,52746,52744,1,0,0
52500,52524,52748,0,0,1,37808
51812,52501,52749,0,0,1
51751,52749,52750,0,0,1
52751,52752,52753,1,1,1
52754,52755,52756,1,1,1
51746,52757,52758,0,1,1
51742,52758,52759,0,0,1
52526,52504,52760,0,0,1
52748,52760,52761,0,0,1
52753,52750,52762,0,0,1
52759,52763,52764,0,1,1
52506,52764,52765,0,0,1
52762,52761,52766,0,0,1
52767,52766,52768,1,0,1
52765,52756,52769,0,0,1
52503,52769,52768,0,0,0
52518,52218,52770,0,0,1,177
52771,52516,52772,1,0,1
52773,52772,52774,1,0,1
52775,52774,52776,1,0,1
52777,52778,52779,1,1,1
52780,52779,52781,1,0,1
5416,52781,52782,0,0,1
52224,52782,52783,0,0,1
52222,52783,52784,0,0,1
52220,52784,52785,0,0,1
52770,52785,52776,0,0,0
52751,52767,52786,0,0,1,33712
51752,52752,52787,0,0,1
51748,52787,52788,0,0,1
51749,52788,52789,0,0,1
51745,52789,52790,0,0,1
52757,52790,52791,0,0,1
52754,52763,52792,0,0,1
52786,52755,52793,0,0,1
52791,52793,52792,0,0,0
52794,52795,52796,1,1,1,689
52797,52796,52798,1,0,1
52799,52798,52800,1,0,1
52801,52802,52803,1,1,1
52804,52803,52805,1,0,1
52806,52807,52808,1,1,1
52809,52808,52810,1,0,1
52811,52812,52813,1,1,1
52814,52815,52816,1,1,1
52817,52818,52819,1,1,1
52820,52821,52822,1,1,1
52823,52824,52825,1,1,1
52826,52825,52827,1,0,1
52780,52827,52828,1,0,1
5419,52828,52829,1,0,1
5424,5421,52830,1,1,1
5426,5423,52831,1,1,1
52832,52831,52833,1,0,1
52834,52833,52835,1,0,1
52836,52837,52838,1,1,1
52800,52839,52840,0,1,1
52810,52805,52841,0,0,1
52813,52841,52842,0,0,1
52819,52843,52844,0,1,1
52829,52822,52845,0,0,1
52830,52845,52846,0,0,1
52838,52834,52847,0,0,1
52848,52847,52849,1,0,1
52840,52849,52850,0,0,1
52842,52850,52851,0,0,1
52844,52816,52852,0,0,1
52846,52852,52853,0,0,1
52835,52853,52851,0,0,0
51739,52509,52854,0,0,1,29617
51737,51740,52855,0,0,1
51735,52855,52856,0,0,1
51731,51733,52857,0,0,1
52858,52857,52859,1,0,1
52860,52859,52861,1,0,1
52862,52861,52863,1,0,1
52513,52863,52864,0,0,1
52511,52514,52865,0,0,1
52854,52865,52866,0,0,1
52856,52866,52864,0,0,0
52727,52631,52867,0,0,1,33728
52747,52728,52868,0,0,1
52724,52868,52869,0,0,1
52722,52725,52870,0,0,1
52718,52720,52871,0,0,1
52872,52873,52874,1,1,1
52875,52876,52877,1,1,1
52878,52879,52880,1,1,1
52881,52882,52883,1,1,1
52884,52883,52885,1,0,1
52886,52887,52888,1,1,1
52889,52890,52891,1,1,1
52892,52891,52893,1,0,1
52894,52895,52896,1,1,1
52897,52898,52899,1,1,1
52900,52901,52902,1,1,1
52903,52902,52904,1,0,1
52905,52906,52907,1,1,1
52908,52909,52910,1,1,1
52911,52910,52912,1,0,1
52913,52914,52915,1,1,1
52916,52917,52918,1,1,1
52919,52918,52920,1,0,1
52921,52920,52922,1,0,1
52923,52924,52925,1,1,1
52926,52927,52928,1,1,1
52929,52928,52930,1,0,1
52931,52930,52932,1,0,1
52933,52932,52934,1,0,1
52639,52935,52936,0,1,1
52637,52936,52937,0,0,1
52635,52937,52938,0,0,1
52867,52633,52939,0,0,1
52869,52939,52940,0,0,1
52870,52940,52941,0,0,1
52874,52871,52942,0,0,1
52943,52942,52944,1,0,1
52877,52944,52945,0,0,1
52880,52945,52946,0,0,1
52885,52946,52947,0,0,1
52888,52947,52948,0,0,1
52893,52948,52949,0,0,1
52896,52949,52950,0,0,1
52951,52950,52952,1,0,1
52904,52899,52953,0,0,1
52907,52953,52954,0,0,1
52912,52955,52956,0,1,1
52915,52956,52957,0,0,1
52922,52957,52958,0,0,1
52938,52934,52959,0,0,1
52941,52959,52960,0,0,1
52952,52960,52961,0,0,1
52958,52954,52962,0,0,1
52925,52962,52961,0,0,0
52862,52771,52963,0,0,1,28849
52858,52860,52964,0,0,1
51729,52964,52965,0,0,1
52966,52965,52967,1,0,1
52968,52967,52969,1,0,1
52970,52969,52971,1,0,1
52778,52972,52973,0,1,1
52775,52973,52974,0,0,1
52963,52773,52975,0,0,1
52971,52975,52976,0,0,1
52977,52976,52974,1,0,0
51726,52966,52978,0,0,1,28848
51724,51727,52979,0,0,1
52980,52979,52981,1,0,1
52968,52981,52978,0,0,0
52972,52777,52982,0,0,1,29361
52977,52982,52983,0,0,1
52984,52983,52985,1,0,1
52986,52985,52987,1,0,1
52988,52989,52990,1,1,1
52817,52990,52991,1,0,1
52821,52991,52992,1,0,1
52820,52992,52993,1,0,1
52824,52993,52994,1,0,1
52826,52823,52995,1,1,1
52987,52995,52996,0,0,1
52997,52996,52994,1,0,0
52998,52999,53000,1,1,1,29360
53001,53000,53002,1,0,1
53003,53004,53005,1,1,1
53006,53007,53008,1,1,1
53009,53010,53011,1,1,1
53012,53013,53014,1,1,1
53015,53014,53016,1,0,1
51694,53016,53017,1,0,1
51696,53017,53018,1,0,1
51698,53018,53019,1,0,1
51701,53019,53020,1,0,1
51700,53020,53021,1,0,1
51704,53021,53022,1,0,1
51703,53022,53023,1,0,1
51707,53023,53024,1,0,1
51706,53024,53025,1,0,1
51709,53025,53026,1,0,1
51712,53026,53027,1,0,1
51711,53027,53028,1,0,1
51715,53028,53029,1,0,1
51714,53029,53030,1,0,1
51717,53030,53031,1,0,1
51720,53031,53032,1,0,1
51719,53032,53033,1,0,1
51722,53033,53034,1,0,1
52980,53034,53035,1,0,1
52970,53035,53036,1,0,1
52984,53036,53037,1,0,1
52986,53037,53038,1,0,1
52997,53038,53039,1,0,1
52989,53039,53040,1,0,1
52988,53040,53041,1,0,1
52818,53041,53042,0,0,1
53043,53042,53044,1,0,1
53045,53044,53046,1,0,1
53047,53046,53048,1,0,1
53049,53048,53050,1,0,1
52806,53050,53051,0,0,1
53052,53051,53053,1,0,1
53054,53053,53055,1,0,1
53056,53055,53057,1,0,1
53058,53057,53059,1,0,1
53060,53059,53061,1,0,1
53062,53061,53063,1,0,1
52795,53064,53065,0,1,1
52839,53065,53066,0,0,1
53067,53066,53068,1,0,1
53002,53067,53069,0,0,1
53005,53069,53070,0,0,1
53008,53070,53071,0,0,1
53011,53071,53072,0,0,1
53073,53072,53074,1,0,1
53063,53074,53068,0,0,0
52935,52641,53075,0,0,1,35776
52933,53075,53076,0,0,1
52931,53076,53077,0,0,1
52923,52927,53078,0,0,1
52921,52924,53079,0,0,1
52919,53079,53080,0,0,1
53081,53080,53082,1,0,1
53083,53082,53084,1,0,1
53085,53084,53086,1,0,1
53087,53086,53088,1,0,1
53089,53090,53091,1,1,1
52649,53092,53093,0,1,1
52646,53093,53094,0,0,1
52643,53094,53095,0,0,1
53077,52644,53096,0,0,1
52929,53096,53097,0,0,1
53088,53078,53098,0,0,1
53099,53098,53100,1,0,1
53091,53100,53101,0,0,1
53097,53095,53102,0,0,1
52926,53102,53101,0,0,0
53043,52843,53103,1,1,1,29361
53049,53047,53104,1,1,1
52809,53104,53105,1,0,1
52812,53105,53106,1,0,1
52811,53106,53107,1,0,1
52815,53107,53108,1,0,1
53103,52814,53109,0,1,1
53045,53109,53108,1,0,0
53092,52648,53110,0,0,1,34496
53089,53110,53111,0,0,1
53099,53090,53112,0,0,1
53087,53112,53113,0,0,1
53083,53085,53114,0,0,1
52916,53081,53115,0,0,1
53116,53115,53117,1,0,1
53118,53117,53119,1,0,1
53120,53119,53121,1,0,1
53122,53123,53124,1,1,1
53125,53124,53126,1,0,1
53127,53126,53128,1,0,1
53129,53128,53130,1,0,1
53131,53132,53133,1,1,1
53134,53135,53136,1,1,1
53137,53136,53138,1,0,1
52655,53138,53139,0,0,1
52651,53139,53140,0,0,1
52652,53140,53141,0,0,1
53111,53141,53142,0,0,1
53113,53142,53143,0,0,1
53114,53143,53144,0,0,1
53130,53121,53145,0,0,1
53133,53145,53146,0,0,1
53147,53146,53144,1,0,0
52355,52380,53148,0,0,1,35536
52353,52356,53149,0,0,1
52351,53149,53150,0,0,1
52545,53150,53151,0,0,1
52541,52543,53152,0,0,1
52539,53152,53153,0,0,1
52592,53153,53154,0,0,1
53155,53154,53156,1,0,1
53157,53156,53158,1,0,1
53159,53158,53160,1,0,1
53161,53160,53162,1,0,1
53163,53162,53164,1,0,1
53165,53164,53166,1,0,1
53167,53166,53168,1,0,1
53169,53168,53170,1,0,1
53171,53170,53172,1,0,1
53173,53172,53174,1,0,1
53175,53174,53176,1,0,1
53177,53178,53179,1,1,1
53180,53181,53182,1,1,1
53183,53182,53184,1,0,1
53185,53184,53186,1,0,1
53187,53188,53189,1,1,1
53190,53189,53191,1,0,1
53192,53191,53193,1,0,1
53194,53193,53195,1,0,1
53196,53195,53197,1,0,1
53198,53197,53199,1,0,1
53200,53199,53201,1,0,1
53202,53201,53203,1,0,1
51577,53203,53204,0,0,1
51575,53204,53205,0,0,1
51572,53205,53206,0,0,1
52358,53206,53207,0,0,1
53151,53148,53208,0,0,1
53176,53208,53209,0,0,1
53179,53209,53210,0,0,1
53186,53211,53212,0,1,1
53210,53207,53213,0,0,1
53214,53213,53212,1,0,0
53215,53052,53216,1,1,1,33457
53217,53218,53219,1,1,1
52797,53219,53220,1,0,1
52802,52799,53221,1,1,1
52801,53221,53222,1,0,1
52807,52804,53223,1,1,1
53216,53223,53224,0,0,1
53225,53224,53226,1,0,1
53220,53226,53222,0,0,0
52657,52582,53227,0,0,1,33728
53228,53227,53229,1,0,1
53230,53231,53232,1,1,1
53233,53232,53234,1,0,1
53235,53234,53236,1,0,1
53237,53238,53239,1,1,1
53240,53239,53241,1,0,1
53242,53241,53243,1,0,1
53244,53245,53246,1,1,1
53247,53248,53249,1,1,1
53250,53251,53252,1,1,1
53253,53254,53255,1,1,1
53256,53257,53258,1,1,1
53259,53260,53261,1,1,1
53262,53261,53263,1,0,1
53264,53263,53265,1,0,1
53266,53265,53267,1,0,1
53268,53267,53269,1,0,1
53270,53271,53272,1,1,1
53273,53272,53274,1,0,1
53275,53274,53276,1,0,1
53277,53278,53279,1,1,1
53280,53281,53282,1,1,1
52588,53283,53284,0,1,1
52584,52586,53285,0,0,1
53229,53285,53286,0,0,1
53236,53286,53287,0,0,1
53243,53287,53288,0,0,1
53246,53288,53289,0,0,1
53290,53289,53291,1,0,1
53249,53291,53292,0,0,1
53252,53292,53293,0,0,1
53255,53293,53294,0,0,1
53258,53294,53295,0,0,1
53269,53295,53296,0,0,1
53276,53296,53297,0,0,1
53279,53297,53298,0,0,1
53282,53298,53299,0,0,1
53300,53299,53284,1,0,0
53054,53215,53301,1,0,1,33456
53056,53301,53302,1,0,1
53303,53302,53304,1,0,1
53062,53305,53306,1,1,1
53064,53306,53307,1,0,1
52794,53307,53308,1,0,1
53217,53308,53309,0,0,1
53225,53218,53310,0,0,1
53304,53310,53309,0,0,0
53137,52654,53311,0,0,1,35520
53134,53311,53312,0,0,1
53147,53135,53313,0,0,1
53131,53313,53314,0,0,1
53129,53132,53315,0,0,1
53127,53315,53316,0,0,1
53317,53316,53318,1,0,1
53319,53318,53320,1,0,1
53321,53320,53322,1,0,1
53323,53322,53324,1,0,1
53325,53324,53326,1,0,1
53230,53326,53327,0,0,1
53231,53327,53328,0,0,1
53228,53328,53329,0,0,1
52658,53329,53330,0,0,1
53312,53330,53314,0,0,0
53202,51132,53331,0,0,1,31440
53200,53331,53332,0,0,1
53198,53332,53333,0,0,1
53196,53333,53334,0,0,1
53194,53334,53335,0,0,1
53192,53335,53336,0,0,1
53190,53336,53337,0,0,1
53338,53339,53340,1,1,1
53341,53340,53342,1,0,1
51684,53342,53343,0,0,1
51161,53343,53344,0,0,1
51162,53344,53345,0,0,1
51159,53345,53346,0,0,1
51156,53346,53347,0,0,1
51157,53347,53348,0,0,1
51153,53348,53349,0,0,1
51154,53349,53350,0,0,1
51151,53350,53351,0,0,1
51148,53351,53352,0,0,1
51149,53352,53353,0,0,1
51146,53353,53354,0,0,1
51144,53354,53355,0,0,1
51142,53355,53356,0,0,1
51140,53356,53357,0,0,1
51138,53357,53358,0,0,1
51136,53358,53359,0,0,1
51134,53359,53337,0,0,0
53283,52590,53360,0,0,1,35520
53300,53360,53361,0,0,1
53277,53281,53362,0,0,1
53275,53278,53363,0,0,1
53273,53363,53364,0,0,1
53365,53270,53366,1,0,1
53367,53366,53368,1,0,1
53369,53370,53371,1,1,1
53372,53371,53373,1,0,1
53374,53373,53375,1,0,1
53376,53375,53377,1,0,1
53378,53377,53379,1,0,1
53380,53381,53382,1,1,1
53383,53384,53385,1,1,1
53386,53385,53387,1,0,1
53188,53387,53388,0,0,1
53389,53185,53390,1,0,1
53391,53390,53392,1,0,1
53393,53392,53394,1,0,1
53395,53394,53396,1,0,1
53397,53396,53398,1,0,1
53399,53398,53400,1,0,1
53401,53402,53403,1,1,1
53404,53403,53405,1,0,1
53165,53405,53406,0,0,1
53163,53406,53407,0,0,1
53159,53161,53408,0,0,1
53361,53155,53409,0,0,1
53280,53409,53410,0,0,1
53362,53410,53411,0,0,1
53364,53411,53412,0,0,1
53368,53412,53413,0,0,1
53379,53413,53414,0,0,1
53415,53414,53416,1,0,1
53388,53382,53417,0,0,1
53400,53417,53418,0,0,1
53419,53418,53420,1,0,1
53408,53407,53421,0,0,1
53416,53157,53422,0,0,1
53420,53423,53424,0,1,1
53421,53424,53422,0,0,0
53004,53001,53425,1,1,1,29616
53007,53003,53426,1,1,1
53006,53426,53427,1,0,1
53010,53427,53428,1,0,1
53073,53009,53429,1,1,1
53013,53429,53430,1,0,1
53012,53430,53431,1,0,1
53432,53431,53433,1,0,1
53434,53433,53435,1,0,1
53436,53435,53437,1,0,1
53438,53437,53439,1,0,1
53440,53439,53441,1,0,1
53425,53442,53443,0,1,1
53428,53443,53441,0,0,0
53444,50487,53445,1,0,1,36272
53446,53445,53447,1,0,1
53448,53447,52680,1,0,0
53173,53175,53449,0,0,1,23254
53450,53449,53451,1,0,1
53214,53452,53453,0,1,1
53177,53453,53454,0,0,1
53178,53454,53451,0,0,0
50481,50499,53455,0,0,1,32177
50478,50482,53456,0,0,1
53457,50479,53458,1,0,1
53459,53458,53460,1,0,1
53461,53460,53462,1,0,1
53463,53462,53464,1,0,1
53465,53464,53466,1,0,1
50485,53467,53468,0,1,1
53455,53468,53469,0,0,1
53456,53469,53466,0,0,0
50484,53444,53470,0,0,1,3505
53467,53470,53471,0,0,1
53465,53471,53472,0,0,1
53463,53472,53473,0,0,1
53461,53473,53474,0,0,1
53459,53474,53475,0,0,1
53476,53477,53478,1,1,1
53479,53478,53480,1,0,1
53481,53480,53482,1,0,1
53483,53484,53485,1,1,1
53486,53485,53487,1,0,1
53488,53487,53489,1,0,1
53475,53489,53482,0,0,0
53171,53450,53490,0,0,1,39632
53169,53490,53491,0,0,1
53167,53491,53492,0,0,1
53404,53492,53493,0,0,1
53180,53494,53495,0,1,1
53211,53181,53496,0,0,1
53452,53496,53497,0,0,1
53493,53497,53495,0,0,0
53498,53476,53499,1,0,1,3506
53500,53499,53501,1,0,1
53502,53503,53504,1,1,1
53505,53504,53506,1,0,1
53507,53508,53509,1,1,1
53484,53509,53510,0,0,1
53481,53510,53511,0,0,1
53479,53511,53512,0,0,1
53501,53512,53506,0,0,0
53513,53448,53514,1,0,1,37808
53515,53514,53516,1,0,1
52688,53517,53518,0,1,1
52686,53518,53519,0,0,1
52684,53519,53520,0,0,1
52682,53520,53516,0,0,0
53488,53446,53521,0,0,1,7601
53522,53523,53524,1,1,1
53515,53524,53525,0,0,1
53513,53525,53521,0,0,0
53526,53527,53528,1,1,1,5041
53507,53528,53529,1,0,1
53483,53529,53530,1,0,1
53523,53486,53531,1,1,1
53532,52690,53533,1,1,1
53534,53533,53535,1,0,1
53536,53535,53537,1,0,1
53538,53537,53539,1,0,1
53540,53541,53542,1,1,1
53543,53542,53544,1,0,1
53545,53546,53547,1,1,1
53545,53548,53549,0,1,1
53530,53549,53550,0,0,1
53531,53550,53551,0,0,1
53522,53551,53552,1,0,1
53517,53552,53553,1,0,1
53539,53553,53554,0,0,1
53547,53544,53555,0,0,1
53548,53555,53554,0,0,0
53532,52692,53556,1,0,1,37808
53557,53556,53558,1,0,1
53559,53560,53561,1,1,1
52740,53561,53562,0,0,1
52696,53562,53563,0,0,1
52694,52697,53564,0,0,1
53558,53564,53563,0,0,0
53565,53500,53566,1,0,1,3507
53567,53566,53568,1,0,1
53569,53568,53570,1,0,1
53571,53572,53573,1,1,1
53574,53575,53576,1,1,1
53577,53578,53579,1,1,1
53502,53579,53580,0,0,1
53503,53580,53581,0,0,1
53570,53581,53582,0,0,1
53573,53582,53576,0,0,0
53577,53505,53583,0,0,1,1714
53584,53583,53585,1,0,1
53586,53585,53587,1,0,1
53588,53587,53589,1,0,1
53590,53589,53591,1,0,1
53592,53591,53593,1,0,1
53594,53593,53595,1,0,1
53596,53595,53597,1,0,1
53598,53597,53599,1,0,1
53600,53599,53601,1,0,1
53602,53601,53603,1,0,1
53526,53603,53508,1,0,0
53574,53578,53604,0,0,1,1715
53571,53575,53605,0,0,1
53567,53569,53606,0,0,1
53607,53606,53608,1,0,1
53609,53608,53610,1,0,1
53611,53612,53613,1,1,1
53614,53615,53616,1,1,1
53586,53616,53617,0,0,1
53584,53617,53618,0,0,1
53604,53618,53619,0,0,1
53605,53619,53620,0,0,1
53572,53620,53621,0,0,1
53610,53621,53613,0,0,0
52894,52951,53622,0,0,1,35520
53623,53622,53624,1,0,1
53625,53624,52898,1,0,0
53626,53609,53627,1,0,1,9908
53628,53629,53630,1,1,1
53631,53632,53633,1,1,1
53634,53633,53635,1,0,1
53636,53635,53637,1,0,1
53638,53637,53639,1,0,1
53640,53639,53641,1,0,1
53642,53643,53644,1,1,1
53645,53646,53647,1,1,1
53648,53649,53650,1,1,1
53627,53612,53651,0,0,1
53644,53641,53652,0,0,1
53647,53652,53653,0,0,1
53651,53654,53655,0,1,1
53653,53630,53656,0,0,1
53657,53656,53658,1,0,1
53659,53658,53660,1,0,1
53655,53650,53661,0,0,1
53662,53661,53660,1,0,0
53663,53664,53665,1,1,1,2993
53666,53665,53667,1,0,1
53668,53667,53669,1,0,1
53546,53669,53543,0,0,0
53654,53611,53670,0,0,1,9907
53648,53670,53671,0,0,1
53649,53671,53672,0,0,1
53588,53659,53673,0,0,1
53614,53673,53674,0,0,1
53615,53674,53672,0,0,0
53675,53676,53677,1,1,1,5042
53678,53677,53679,1,0,1
53680,53679,53681,1,0,1
53682,53683,53684,1,1,1
53538,53684,53685,1,0,1
53541,53685,53681,1,0,0
53664,53540,53686,1,1,1,946
53687,53686,53688,1,0,1
53689,53688,53676,1,0,0
53534,53557,53690,1,0,1,945
53691,53690,53692,1,0,1
53693,53692,53694,1,0,1
53695,53696,53697,1,1,1
52708,53697,53698,0,0,1
53699,53698,53700,1,0,1
53701,53702,53703,1,1,1
53704,53705,53706,1,1,1
52700,53707,53708,0,1,1
53559,53708,53709,0,0,1
53560,53709,53710,0,0,1
53694,53710,53711,0,0,1
53703,53700,53712,0,0,1
53706,53712,53711,0,0,0
53657,53590,53713,0,0,1,9907
53642,53646,53714,0,0,1
53640,53643,53715,0,0,1
53716,53715,53717,1,0,1
53598,53717,53718,0,0,1
53594,53596,53719,0,0,1
53713,53592,53720,0,0,1
53645,53720,53721,0,0,1
53714,53721,53722,0,0,1
53718,53722,53719,0,0,0
53723,53662,53724,1,0,1,9909
53725,53724,53726,1,0,1
53727,53726,53728,1,0,1
53729,53728,53730,1,0,1
53731,53730,53732,1,0,1
53632,53733,53734,0,1,1
53628,53734,53735,0,0,1
53629,53735,53732,0,0,0
53323,53325,53736,0,0,1,32960
53737,53321,53738,1,0,1
53739,53740,53741,1,1,1
53238,53741,53742,0,0,1
53235,53742,53743,0,0,1
53233,53743,53744,0,0,1
53736,53744,53738,0,0,0
53600,53716,53745,1,1,1,2994
53746,53745,53747,1,0,1
53748,53747,53749,1,0,1
53750,53749,53751,1,0,1
53752,53751,53753,1,0,1
53625,52897,53754,0,0,1,961
53755,53754,53756,1,0,1
53757,53756,53758,1,0,1
53759,53758,53760,1,0,1
53761,53760,53762,1,0,1
53763,53762,52901,1,0,0
53678,53680,53764,0,0,1,947
53689,53675,53765,0,0,1
53766,53765,53767,1,0,1
53768,53767,53769,1,0,1
53770,53769,53771,1,0,1
53772,53771,53773,1,0,1
53774,53773,53775,1,0,1
53776,53775,53777,1,0,1
53778,53777,53779,1,0,1
53780,53779,53781,1,0,1
53782,53783,53784,1,1,1
53785,53784,53786,1,0,1
53787,53786,53788,1,0,1
53789,53790,53791,1,1,1
53792,53793,53794,1,1,1
53795,53796,53797,1,1,1
53798,53797,53799,1,0,1
53764,53683,53800,0,0,1
53781,53800,53801,0,0,1
53788,53802,53803,0,1,1
53794,53791,53804,0,0,1
53799,53804,53805,0,0,1
53803,53801,53806,0,0,1
53807,53806,53805,1,0,0
53401,53494,53808,0,0,1,39616
53419,53402,53809,0,0,1
53399,53809,53810,0,0,1
53811,53397,53812,1,0,1
53813,53812,53814,1,0,1
53815,53816,53817,1,1,1
53818,53817,53819,1,0,1
53820,53821,53822,1,1,1
53391,53822,53823,0,0,1
53183,53389,53824,0,0,1
53808,53824,53825,0,0,1
53814,53810,53826,0,0,1
53819,53826,53827,0,0,1
53823,53828,53829,0,1,1
53825,53829,53827,0,0,0
53682,53536,53830,0,1,1,946
53798,53830,53831,0,0,1
53795,53831,53832,0,0,1
53833,53832,53834,1,0,1
53835,53836,53837,1,1,1
53838,53837,53839,1,0,1
53840,53841,53842,1,1,1
53843,53844,53845,1,1,1
53846,53845,53847,1,0,1
53848,53847,53849,1,0,1
53850,53851,53852,1,1,1
53853,53852,53854,1,0,1
53855,53854,53856,1,0,1
53693,53856,53857,0,0,1
53691,53857,53858,0,0,1
53834,53858,53859,0,0,1
53839,53859,53860,0,0,1
53842,53860,53861,0,0,1
53849,53862,53863,0,1,1
53864,53863,53861,1,0,0
53865,53866,53867,1,1,1,5042
53868,53867,53869,1,0,1
53870,53869,53871,1,0,1
53872,53871,53873,1,0,1
53638,53873,53753,1,0,0
52917,53116,53874,0,0,1,35776
53875,52911,53876,1,0,1
53877,53876,53878,1,0,1
53123,53878,53879,0,0,1
53120,53879,53880,0,0,1
53874,53118,53881,0,0,1
52913,53881,53882,0,0,1
52914,53882,53880,0,0,0
53883,53623,53884,1,0,1,2753
53885,53886,53887,1,1,1
53888,53887,53889,1,0,1
53757,53889,53890,0,0,1
53884,53755,53891,0,0,1
53892,53891,53890,1,0,0
52892,52895,53893,0,0,1,961
53894,52889,53895,1,0,1
53896,53895,53897,1,0,1
53898,53897,53899,1,0,1
53900,53899,53901,1,0,1
53902,53901,53903,1,0,1
53904,53903,53905,1,0,1
53906,53905,53907,1,0,1
53908,53907,53909,1,0,1
53883,53909,53893,0,0,0
53707,52699,53910,0,0,1,37808
53704,53910,53911,0,0,1
53705,53911,53912,0,0,1
53699,53702,53913,0,0,1
52705,52709,53914,0,0,1
52702,52706,53915,0,0,1
53912,52703,53916,0,0,1
53701,53916,53917,0,0,1
53913,53917,53918,0,0,1
53914,53918,53915,0,0,0
53919,53725,53920,1,0,1,14005
53921,53922,53923,1,1,1
53924,53925,53926,1,1,1
53727,53926,53927,0,0,1
53920,53927,53923,0,0,0
53928,52903,53929,1,0,1,961
52909,53930,53931,0,1,1
52955,53931,53932,0,0,1
52905,53932,53933,0,0,1
52906,53933,53929,0,0,0
53761,53763,53934,0,0,1,3009
53935,53888,53936,1,0,1
53937,53936,53938,1,0,1
53939,53938,53940,1,0,1
53941,53942,53943,1,1,1
53928,53943,53944,0,0,1
52900,53944,53945,0,0,1
53934,53945,53946,0,0,1
53759,53946,53940,0,0,0
52886,52890,53947,0,0,1,33729
52884,52887,53948,0,0,1
53949,53948,53950,1,0,1
53951,53950,53952,1,0,1
53894,53952,53947,0,0,0
53438,53440,53953,0,0,1,29360
53434,53436,53954,0,0,1
53955,53954,53956,1,0,1
53957,53956,53953,1,0,0
53958,53959,53960,1,1,1,947
53961,53960,53962,1,0,1
53963,53962,53964,1,0,1
53965,53966,53967,1,1,1
53968,53969,53970,1,1,1
53971,53970,53972,1,0,1
53973,53972,53974,1,0,1
53975,53974,53976,1,0,1
53977,53976,53978,1,0,1
53979,53978,53980,1,0,1
53981,53982,53983,1,1,1
53984,53985,53986,1,1,1
53987,53986,53988,1,0,1
53989,53988,53990,1,0,1
53636,53990,53991,1,0,1
53872,53991,53992,0,0,1
53870,53992,53993,0,0,1
53868,53993,53994,0,0,1
53967,53964,53995,0,0,1
53980,53995,53996,0,0,1
53994,53997,53998,0,1,1
53996,53999,54000,0,1,1
53983,54000,53998,0,0,0
53951,53896,54001,0,0,1,962
54002,54001,54003,1,0,1
54004,54003,54005,1,0,1
54006,54005,54007,1,0,1
54008,54009,54010,1,1,1
54011,54010,54012,1,0,1
54013,54012,54014,1,0,1
54015,54014,54016,1,0,1
54017,54016,54018,1,0,1
53898,54019,54020,0,1,1
54007,54020,54018,0,0,0
52881,53949,54021,0,0,1,961
54022,54021,54023,1,0,1
54024,54025,54026,1,1,1
52875,54027,54028,0,1,1
54029,54028,54030,1,0,1
54031,54030,54032,1,0,1
54033,54032,54034,1,0,1
54035,54034,54036,1,0,1
54037,54038,54039,1,1,1
54040,54039,54041,1,0,1
54042,54041,54043,1,0,1
54044,54043,54045,1,0,1
54046,54045,54047,1,0,1
54048,54049,54050,1,1,1
54051,54052,54053,1,1,1
54054,54053,54055,1,0,1
54009,54055,54056,0,0,1
54006,54056,54057,0,0,1
54004,54057,54058,0,0,1
54002,54058,54059,0,0,1
54023,54059,54060,0,0,1
54026,54060,54061,0,0,1
54047,54036,54062,0,0,1
54050,54062,54063,0,0,1
54064,54063,54065,1,0,1
54061,54066,54067,0,1,1
54068,54067,54065,1,0,0
53924,53729,54069,0,0,1,9141
53921,53925,54070,0,0,1
54071,53922,54072,1,0,1
54073,54074,54075,1,1,1
54076,54075,54077,1,0,1
54078,54077,54079,1,0,1
54080,54081,54082,1,1,1
54083,54082,54084,1,0,1
54085,54084,54086,1,0,1
54087,54088,54089,1,1,1
53731,54089,54090,0,0,1
54069,54090,54091,0,0,1
54070,54091,54092,0,0,1
54072,54092,54093,0,0,1
54094,54093,54095,1,0,1
54079,54096,54097,0,1,1
54098,54097,54099,1,0,1
54086,54099,54095,0,0,0
53937,53939,54100,0,0,1,3010
53885,53935,54101,0,0,1
54102,54101,54103,1,0,1
54104,54103,54105,1,0,1
54106,54105,54107,1,0,1
54108,54107,54109,1,0,1
54110,54109,54111,1,0,1
54112,54111,54113,1,0,1
53941,54113,54114,0,0,1
53942,54114,54100,0,0,0
54087,53733,54115,0,0,1,11188
54116,54115,54117,1,0,1
54118,54119,54120,1,1,1
54083,54120,54121,0,0,1
54122,54121,54123,1,0,1
54124,54123,54125,1,0,1
54126,54125,54127,1,0,1
53631,54128,54129,0,1,1
54117,54129,54130,0,0,1
54131,54130,54127,1,0,0
53930,52908,54132,0,0,1,3009
54112,54132,54133,0,0,1
54108,54110,54134,0,0,1
54135,54134,54136,1,0,1
54137,54136,54138,1,0,1
53122,54138,54139,0,0,1
53877,54139,54140,0,0,1
53875,54140,54133,0,0,0
54141,53892,54142,1,0,1,2754
54143,54144,54145,1,1,1
53900,54145,54146,0,0,1
54019,54146,54147,0,0,1
54017,54147,54148,0,0,1
54149,54148,54150,1,0,1
54151,54150,54152,1,0,1
54153,54154,54155,1,1,1
54156,54155,54157,1,0,1
54158,54157,54159,1,0,1
54104,54159,54160,0,0,1
54102,54160,54161,0,0,1
53886,54161,54162,0,0,1
54142,54162,54163,0,0,1
54164,54163,54152,1,0,0
52878,52882,54165,0,0,1,37824
54027,52879,54166,0,0,1
54068,54166,54167,0,0,1
54024,54167,54168,0,0,1
54022,54025,54169,0,0,1
54165,54169,54168,0,0,0
54170,54171,54172,1,1,1,948
54173,54172,54174,1,0,1
54175,54174,54176,1,0,1
54177,54176,54178,1,0,1
54179,54178,54180,1,0,1
54181,54180,53772,1,0,0
53985,53997,54182,1,1,1,948
54183,53984,54184,1,1,1
54185,54184,54186,1,0,1
54187,54186,54188,1,0,1
53977,54188,54189,1,0,1
53982,53979,54190,1,1,1
54182,53981,54191,0,1,1
54189,54191,54190,0,0,0
54128,53634,54192,0,0,1,2996
54126,54192,54193,0,0,1
54194,54193,54195,1,0,1
54196,54195,54197,1,0,1
54198,54199,54200,1,1,1
54201,54202,54203,1,1,1
54185,54203,54204,0,0,1
54183,54204,54205,0,0,1
53987,54205,54206,1,0,1
54197,53989,54207,0,1,1
54200,54207,54206,0,0,0
53906,53908,54208,0,0,1,962
53902,53904,54209,0,0,1
54143,54209,54210,0,0,1
54164,54144,54211,0,0,1
54141,54211,54212,0,0,1
54208,54212,54210,0,0,0
54085,54088,54213,0,0,1,11189
54118,54213,54214,0,0,1
54119,54214,54215,0,0,1
54131,54215,54116,0,0,0
54216,53125,54217,1,0,1,2753
54218,54217,54219,1,0,1
54220,54219,53317,1,0,0
54106,54135,54221,0,0,1,194
54158,54221,54222,0,0,1
54223,54224,54225,1,1,1
54226,54225,54227,1,0,1
54228,54227,54229,1,0,1
54230,54231,54232,1,1,1
54233,54234,54235,1,1,1
54236,54235,54237,1,0,1
54238,54239,54240,1,1,1
54241,54242,54243,1,1,1
54244,54243,54245,1,0,1
54246,54247,54248,1,1,1
54249,54248,54250,1,0,1
54251,54252,54253,1,1,1
54216,54253,54254,0,0,1
54137,54254,54255,0,0,1
54229,54222,54256,0,0,1
54257,54256,54258,1,0,1
54232,54258,54259,0,0,1
54237,54260,54261,0,1,1
54240,54261,54262,0,0,1
54245,54262,54263,0,0,1
54250,54263,54264,0,0,1
54255,54264,54259,0,0,0
53787,53807,54265,0,0,1,2995
53785,54265,54266,0,0,1
54267,54268,54269,1,1,1
54270,54271,54272,1,1,1
53793,54273,54274,0,1,1
53789,54274,54275,0,0,1
53790,54275,54276,0,0,1
54269,54266,54277,0,0,1
54272,54277,54276,0,0,0
54201,54187,54278,0,0,1,2995
54198,54202,54279,0,0,1
54199,54279,54280,0,0,1
54281,54280,54282,1,0,1
53971,54282,54283,1,0,1
53973,54283,54284,1,0,1
53975,54284,54278,1,0,0
53818,53828,54285,0,0,1,23237
53813,53816,54286,0,0,1
53811,54286,54287,0,0,1
53395,54287,54288,0,0,1
53393,54288,54289,0,0,1
53820,54289,54290,0,0,1
54285,53821,54291,0,0,1
53815,54291,54290,0,0,0
53776,53778,54292,0,0,1,948
54293,53774,54294,1,0,1
54295,54294,54296,1,0,1
54297,54296,54298,1,0,1
53802,54298,54299,0,0,1
53780,54299,54292,0,0,0
54300,53737,54301,1,0,1,37056
54302,54301,54303,1,0,1
54304,54305,54306,1,1,1
54307,54308,54309,1,1,1
53237,54309,54310,0,0,1
53739,54310,54311,0,0,1
54303,53740,54312,0,0,1
54306,54312,54313,0,0,1
54314,54313,54311,1,0,0
54220,53319,54315,0,0,1,193
54251,54218,54316,0,0,1
54249,54252,54317,0,0,1
54318,54317,54319,1,0,1
54320,54319,54321,1,0,1
54322,54323,54324,1,1,1
54325,54326,54327,1,1,1
54328,54329,54330,1,1,1
54331,54332,54333,1,1,1
54334,54333,54335,1,0,1
54336,54335,54337,1,0,1
54307,54337,54338,0,0,1
54308,54338,54339,0,0,1
54304,54314,54340,0,0,1
54300,54302,54341,0,0,1
54315,54341,54342,0,0,1
54316,54342,54343,0,0,1
54321,54343,54344,0,0,1
54324,54344,54345,0,0,1
54327,54345,54346,0,0,1
54347,54346,54348,1,0,1
54330,54348,54349,0,0,1
54340,54339,54350,0,0,1
54305,54350,54349,0,0,0
54351,54015,54352,1,0,1,2755
54353,54352,54354,1,0,1
54355,54354,54356,1,0,1
54357,54356,54358,1,0,1
54359,54358,54360,1,0,1
54361,54360,54362,1,0,1
54363,54362,54364,1,0,1
54365,54364,54366,1,0,1
54367,54368,54369,1,1,1
54370,54371,54372,1,1,1
54153,54372,54373,0,0,1
54151,54154,54374,0,0,1
54366,54149,54375,0,0,1
54373,54369,54376,0,0,1
54374,54376,54375,0,0,0
54377,54378,54379,1,1,1,5057
52876,54379,54380,1,0,1
54029,54380,54381,1,0,1
54382,54381,54383,1,0,1
54384,54385,54386,1,1,1
54387,54386,54388,1,0,1
54389,54390,54391,1,1,1
54392,54391,54393,1,0,1
54394,54393,54395,1,0,1
54396,54395,54397,1,0,1
54398,54399,54400,1,1,1
54401,54400,54402,1,0,1
54383,54403,54404,0,1,1
54397,54388,54405,0,0,1
54402,54405,54404,0,0,0
54403,54378,54406,0,0,1,37824
54401,54406,54407,0,0,1
54408,54407,54409,1,0,1
54410,54408,54411,1,0,1
54412,54411,54413,1,0,1
52873,54413,54414,1,0,1
52943,52872,54415,1,1,1
54377,54415,54416,0,0,1
54409,54416,54414,0,0,0
53695,52711,54417,0,0,1,37808
54418,54417,54419,1,0,1
54420,54421,54422,1,1,1
54423,54422,54424,1,0,1
52713,54424,54425,0,0,1
52714,54425,54419,0,0,0
54426,53792,54427,1,0,1,2995
54428,54429,54430,1,1,1
54431,54430,54432,1,0,1
54433,54432,54434,1,0,1
54435,54434,54436,1,0,1
53835,54437,54438,0,1,1
53833,53836,54439,0,0,1
54427,53796,54440,0,0,1
54438,54436,54441,0,0,1
54439,54441,54440,0,0,0
54270,54273,54442,0,0,1,2996
54267,54271,54443,0,0,1
53782,54268,54444,0,0,1
54445,54444,54446,1,0,1
54447,54446,54448,1,0,1
54429,54448,54449,0,0,1
54426,54449,54450,0,0,1
54442,54450,54443,0,0,0
54423,52716,54451,0,0,1,5041
54418,54421,54452,0,0,1
53696,54452,54453,0,0,1
53855,54453,54454,0,0,1
54455,54454,54456,1,0,1
54457,54456,54458,1,0,1
54451,54412,54459,0,1,1
54458,54420,54460,0,0,1
54461,54460,54459,1,0,0
54462,53242,54463,1,0,1,33729
54464,54463,54465,1,0,1
54466,54465,54467,1,0,1
54468,54469,54470,1,1,1
53290,54470,54471,0,0,1
53244,54471,54472,0,0,1
54467,53245,54473,0,0,1
54474,54473,54472,1,0,0
54336,53240,54475,0,0,1,961
54476,54475,54477,1,0,1
54478,54477,54479,1,0,1
54480,54479,54481,1,0,1
54482,54481,54483,1,0,1
54484,54483,54485,1,0,1
54486,54487,54488,1,1,1
54489,54488,54490,1,0,1
54491,54490,54492,1,0,1
54493,54492,54494,1,0,1
54495,54494,54496,1,0,1
54497,54496,54498,1,0,1
54499,54498,54500,1,0,1
54501,54500,54502,1,0,1
54503,54502,54504,1,0,1
53248,54504,54505,0,0,1
54468,54505,54506,0,0,1
54469,54506,54507,0,0,1
54474,54507,54508,0,0,1
54466,54508,54509,0,0,1
54464,54509,54510,0,0,1
54462,54510,54485,0,0,0
54226,54228,54511,0,0,1,195
54156,54224,54512,0,0,1
54370,54512,54513,0,0,1
54371,54513,54514,0,0,1
54239,54367,54515,0,0,1
54236,54515,54516,0,0,1
54233,54516,54517,0,0,1
54260,54234,54518,0,0,1
54230,54518,54519,0,0,1
54511,54257,54520,0,0,1
54223,54520,54521,0,0,1
54514,54521,54522,0,0,1
54519,54517,54523,0,0,1
54231,54523,54522,0,0,0
54048,54064,54524,0,0,1,962
54046,54049,54525,0,0,1
54526,54044,54527,1,0,1
54051,54527,54528,0,0,1
54066,54052,54529,0,0,1
54524,54529,54530,0,0,1
54525,54530,54528,0,0,0
54297,53783,54531,0,0,1,180
54532,54531,54533,1,0,1
54534,54533,54535,1,0,1
54536,54537,54538,1,1,1
54539,54540,54541,1,1,1
54445,54541,54542,0,0,1
54535,54542,54538,0,0,0
54543,54544,54545,1,1,1,179
54546,54545,54547,1,0,1
54295,54547,54548,1,0,1
54532,54548,54549,1,0,1
54534,54549,54550,1,0,1
54551,54537,54552,1,1,1
54553,54552,54554,1,0,1
54555,54554,54556,1,0,1
54557,54558,54559,1,1,1
54560,54561,54562,1,1,1
54563,54562,54564,1,0,1
54565,54564,54566,1,0,1
54567,54566,54568,1,0,1
54550,54568,54569,0,0,1
54556,54569,54559,0,0,0
54080,54122,54570,0,0,1,9140
54081,54570,54571,0,0,1
54098,54571,54572,0,0,1
54078,54572,54573,0,0,1
54076,54573,54574,0,0,1
54575,54574,54576,1,0,1
54577,54576,54578,1,0,1
54194,54579,54580,0,1,1
54124,54580,54578,0,0,0
54196,54281,54581,0,0,1,948
54579,54581,54582,0,0,1
54577,54582,54583,0,0,1
54584,54583,54585,1,0,1
54586,54585,54587,1,0,1
54588,54589,54590,1,1,1
54591,54590,54592,1,0,1
54593,54592,54594,1,0,1
54595,54594,54596,1,0,1
53969,53965,54597,1,1,1
53968,54597,54598,1,0,1
54587,54598,54599,0,0,1
54600,54599,54601,1,0,1
54602,54601,54596,1,0,0
54603,54244,54604,1,0,1,195
54605,54606,54607,1,1,1
54608,54609,54610,1,1,1
54611,54610,54612,1,0,1
54613,54612,54614,1,0,1
54615,54614,54616,1,0,1
54617,54616,54618,1,0,1
54619,54620,54621,1,1,1
54622,54621,54623,1,0,1
54624,54623,54625,1,0,1
54626,54625,54627,1,0,1
54628,54627,54629,1,0,1
54604,54247,54630,0,0,1
54607,54630,54631,0,0,1
54618,54631,54632,0,0,1
54629,54633,54634,0,1,1
54246,54634,54632,0,0,0
54635,54368,54636,1,0,1,195
54637,54636,54638,1,0,1
54639,54640,54641,1,1,1
54642,54641,54643,1,0,1
54644,54643,54645,1,0,1
54242,54645,54646,0,0,1
54238,54646,54638,0,0,0
54363,54365,54647,0,0,1,8388
54648,54647,54649,1,0,1
54650,54649,54651,1,0,1
54652,54651,54635,1,0,0
54385,54382,54653,1,1,1,5058
54654,54653,54655,1,0,1
54656,54657,54658,1,1,1
54659,54658,54660,1,0,1
54661,54660,54662,1,0,1
54663,54662,54664,1,0,1
54665,54664,54666,1,0,1
54667,54668,54669,1,1,1
54031,54669,54670,0,0,1
54655,54670,54666,0,0,0
54437,53838,54671,0,0,1,2994
54433,54435,54672,0,0,1
54673,54672,54674,1,0,1
53843,54674,54675,0,0,1
53844,54675,54676,0,0,1
53862,54676,54677,0,0,1
53840,54677,54678,0,0,1
53841,54678,54671,0,0,0
54665,54668,54679,0,0,1,5057
54663,54679,54680,0,0,1
54681,54680,54682,1,0,1
54037,54682,54683,0,0,1
54035,54038,54684,0,0,1
54033,54684,54685,0,0,1
54667,54685,54683,0,0,0
54447,54428,54686,0,0,1,947
54539,54686,54687,0,0,1
54688,54687,54689,1,0,1
54690,54689,54691,1,0,1
54692,54691,54693,1,0,1
54694,54693,54695,1,0,1
54696,54695,54697,1,0,1
54698,54699,54700,1,1,1
54701,54700,54702,1,0,1
53846,54702,54703,0,0,1
54673,54703,54704,0,0,1
54431,54704,54697,0,0,0
54705,54706,54707,1,1,1,946
54544,54707,54708,0,0,1
54709,54567,54710,1,0,1
54711,54710,54712,1,0,1
54713,54712,54708,1,0,0
54241,54603,54714,0,0,1,8387
54644,54714,54715,0,0,1
54716,54715,54717,1,0,1
54609,54718,54719,0,1,1
54605,54719,54720,0,0,1
54606,54720,54717,0,0,0
54721,54361,54722,1,0,1,11204
54723,54722,54724,1,0,1
54725,54724,54726,1,0,1
54727,54728,54729,1,1,1
54648,54730,54731,0,1,1
54726,54731,54729,0,0,0
54732,54359,54733,1,0,1,8388
54734,54735,54736,1,1,1
54737,54738,54739,1,1,1
54740,54741,54742,1,1,1
54743,54742,54744,1,0,1
54745,54744,54746,1,0,1
54747,54748,54749,1,1,1
54750,54749,54751,1,0,1
54752,54751,54753,1,0,1
54754,54753,54755,1,0,1
54756,54755,54757,1,0,1
54758,54759,54760,1,1,1
54761,54760,54762,1,0,1
54763,54762,54764,1,0,1
54765,54766,54767,1,1,1
54768,54767,54769,1,0,1
54770,54769,54771,1,0,1
54772,54771,54773,1,0,1
54774,54773,54775,1,0,1
54776,54777,54778,1,1,1
54779,54780,54781,1,1,1
54782,54783,54784,1,1,1
54785,54786,54787,1,1,1
54788,54789,54790,1,1,1
54725,54790,54791,0,0,1
54723,54791,54792,0,0,1
54721,54792,54793,0,0,1
54733,54793,54794,0,0,1
54736,54794,54795,0,0,1
54739,54795,54796,0,0,1
54746,54797,54798,0,1,1
54757,54798,54799,0,0,1
54775,54800,54801,0,1,1
54778,54801,54802,0,0,1
54781,54802,54803,0,0,1
54804,54803,54805,1,0,1
54787,54784,54806,0,0,1
54796,54806,54807,0,0,1
54799,54807,54808,0,0,1
54805,54764,54809,0,0,1
54810,54809,54808,1,0,0
54013,54351,54811,0,0,1,2754
54812,54011,54813,1,0,1
54814,54813,54815,1,0,1
54735,54815,54816,0,0,1
54732,54816,54817,0,0,1
54355,54357,54818,0,0,1
54811,54353,54819,0,0,1
54817,54819,54818,0,0,0
54820,54821,54822,1,1,1,5042
53853,54823,54824,1,1,1
54455,54824,54825,1,0,1
54457,54825,54826,1,0,1
54827,54828,54829,1,1,1
54830,54829,54831,1,0,1
54832,54833,54834,1,1,1
54835,54836,54837,1,1,1
54838,54837,54839,1,0,1
54840,54839,54841,1,0,1
54822,54841,54842,0,0,1
54831,54826,54843,0,0,1
54844,54843,54845,1,0,1
54834,54845,54846,0,0,1
54847,54846,54842,1,0,0
54848,54094,54849,1,0,1,949
54850,54849,54851,1,0,1
54852,54851,54853,1,0,1
54854,54853,54855,1,0,1
54856,54855,54857,1,0,1
54858,54857,54859,1,0,1
54860,54861,54862,1,1,1
54588,54862,54863,0,0,1
54864,54863,54865,1,0,1
54866,54865,54867,1,0,1
54584,54867,54868,0,0,1
54575,54868,54869,0,0,1
54073,54869,54870,0,0,1
54074,54870,54871,0,0,1
54096,54871,54859,0,0,0
54054,54008,54872,0,0,1,194
54873,54526,54874,1,0,1
54740,54874,54875,0,0,1
54876,54875,54877,1,0,1
54878,54879,54880,1,1,1
54881,54880,54882,1,0,1
54883,54882,54884,1,0,1
54812,54884,54885,0,0,1
54872,54885,54877,0,0,0
54681,54040,54886,0,0,1,962
54661,54886,54887,0,0,1
54747,54888,54889,0,1,1
54745,54748,54890,0,0,1
54743,54890,54891,0,0,1
54042,54873,54892,0,0,1
54887,54892,54893,0,0,1
54889,54893,54891,0,0,0
54830,54827,54894,1,1,1,5041
54844,54894,54895,1,0,1
54896,54895,54897,1,0,1
54898,54897,54899,1,0,1
54836,54847,54900,1,1,1
54901,54835,54902,1,1,1
54899,54902,54900,0,0,0
54903,54904,54905,1,1,1,178
54906,54905,54907,1,0,1
54908,54907,54909,1,0,1
54910,54911,54912,1,1,1
54698,54912,54913,1,0,1
53848,54701,54914,1,1,1
53864,54914,54915,1,0,1
53851,54915,54916,1,0,1
53850,54916,54917,1,0,1
54820,54823,54918,0,0,1
54919,54918,54920,1,0,1
54921,54920,54922,1,0,1
54909,54923,54924,0,1,1
54913,54925,54926,0,1,1
54917,54926,54927,0,0,1
54922,54927,54924,0,0,0
54325,54347,54928,0,0,1,194
54322,54326,54929,0,0,1
54930,54929,54931,1,0,1
54932,54933,54934,1,1,1
54935,54934,54936,1,0,1
54937,54936,54938,1,0,1
54939,54938,54940,1,0,1
54328,54332,54941,0,0,1
54928,54329,54942,0,0,1
54931,54942,54943,0,0,1
54940,54943,54941,0,0,0
54628,54318,54944,0,0,1,194
54624,54626,54945,0,0,1
54946,54945,54947,1,0,1
54948,54947,54949,1,0,1
54950,54949,54951,1,0,1
54323,54951,54952,0,0,1
54320,54952,54944,0,0,0
54953,54652,54954,1,0,1,8387
54772,54954,54955,0,0,1
54956,54955,54957,1,0,1
54640,54957,54637,0,0,0
54730,54650,54958,0,0,1,11205
54727,54958,54959,0,0,1
54788,54728,54960,0,0,1
54961,54960,54962,1,0,1
54963,54962,54964,1,0,1
54774,54964,54965,0,0,1
54953,54965,54959,0,0,0
53268,53271,54966,0,0,1,34496
53264,53266,54967,0,0,1
53262,54967,54968,0,0,1
53370,54969,54970,0,1,1
53367,54970,54971,0,0,1
54966,53365,54972,0,0,1
54968,54972,54971,0,0,0
54950,54930,54973,0,0,1,195
54948,54973,54974,0,0,1
54975,54976,54977,1,1,1
54978,54979,54980,1,1,1
54932,54980,54981,0,0,1
54933,54981,54982,0,0,1
54974,54982,54977,0,0,0
54881,54883,54983,0,0,1,195
54876,54879,54984,0,0,1
54741,54984,54985,0,0,1
54797,54985,54986,0,0,1
54737,54986,54987,0,0,1
54738,54987,54988,0,0,1
54814,54734,54989,0,0,1
54983,54989,54990,0,0,1
54878,54990,54988,0,0,0
54536,54540,54991,0,0,1,948
54551,54991,54992,1,0,1
54993,54992,54994,1,0,1
54995,54994,54996,1,0,1
54997,54996,54998,1,0,1
54690,54999,55000,0,1,1
54688,55000,54998,0,0,0
54586,54600,55001,0,0,1,9140
54866,55001,55002,0,0,1
54864,55002,55003,0,0,1
54589,55003,54602,0,0,0
54503,53247,55004,0,0,1,37824
54501,55004,55005,0,0,1
54499,55005,55006,0,0,1
53254,55007,55008,0,1,1
53250,55008,55009,0,0,1
53251,55009,55006,0,0,0
54334,54476,55010,0,0,1,2754
55011,55010,55012,1,0,1
55013,55014,55015,1,1,1
55016,55017,55018,1,1,1
55019,55020,55021,1,1,1
54935,55022,55023,0,1,1
54978,55023,55024,0,0,1
55025,55024,55026,1,0,1
55027,55026,55028,1,0,1
55029,55030,55031,1,1,1
55032,54486,55033,1,0,1
55034,55035,55036,1,1,1
55037,55038,55039,1,1,1
54478,55040,55041,0,1,1
55012,55041,55042,0,0,1
55015,55042,55043,0,0,1
55028,55021,55044,0,0,1
55031,55044,55045,0,0,1
55043,55039,55046,0,0,1
55018,55046,55047,0,0,1
55045,55048,55049,0,1,1
55033,55049,55050,0,0,1
55036,55050,55051,0,0,1
55052,55051,55047,1,0,0
54937,54939,55053,0,0,1,2753
55022,55053,55054,0,0,1
55019,55054,55055,0,0,1
55020,55055,55056,0,0,1
55016,55048,55057,0,0,1
55013,55017,55058,0,0,1
55011,55014,55059,0,0,1
54331,55059,55060,0,0,1
55056,55060,55061,0,0,1
55057,55061,55058,0,0,0
54642,54716,55062,0,0,1,1731
54639,55062,55063,0,0,1
54770,54956,55064,0,0,1
54768,55064,55065,0,0,1
55066,55065,55067,1,0,1
54608,55067,55068,0,0,1
54718,55068,55063,0,0,0
54789,54961,55069,0,0,1,8389
54785,55069,55070,0,0,1
54782,54786,55071,0,0,1
54804,54810,55072,0,0,1
54779,55072,55073,0,0,1
54780,55073,55074,0,0,1
54963,54777,55075,0,0,1
55070,55075,55076,0,0,1
55071,55076,55077,0,0,1
55074,54783,55078,0,0,1
54776,55078,55077,0,0,0
53341,51686,55079,0,0,1,29648
53338,55079,55080,0,0,1
51690,55081,55082,0,1,1
51688,55082,55080,0,0,0
55037,55040,55083,0,0,1,2753
55052,55038,55084,0,0,1
55034,55084,55085,0,0,1
55032,55035,55086,0,0,1
54487,55086,55087,0,0,1
54482,54484,55088,0,0,1
55083,54480,55089,0,0,1
55085,55089,55090,0,0,1
55087,55090,55088,0,0,0
55091,54617,55092,1,0,1,196
55093,55092,55094,1,0,1
55095,55094,55096,1,0,1
54620,55096,54633,0,0,0
54975,54979,55097,0,0,1,2755
54946,54976,55098,0,0,1
54622,55098,55099,0,0,1
55100,55099,55101,1,0,1
55027,55030,55102,0,0,1
55097,55025,55103,0,0,1
55101,55103,55102,0,0,0
54911,54925,55104,1,1,1,179
54699,54910,55105,0,1,1
55106,55105,55107,1,0,1
55108,55107,55109,1,0,1
55110,55109,55111,1,0,1
55112,55113,55114,1,1,1
55115,55116,55117,1,1,1
54906,55117,55118,1,0,1
54908,55118,55119,1,0,1
55104,55119,55120,0,0,1
55111,55120,55114,0,0,0
53378,53415,55121,0,0,1,39616
53376,55121,55122,0,0,1
53372,53374,55123,0,0,1
55124,55123,55125,1,0,1
53383,55125,55126,0,0,1
53380,53384,55127,0,0,1
53423,53381,55128,0,0,1
55122,55128,55129,0,0,1
55126,55129,55127,0,0,0
54384,54654,55130,1,0,1,194
55131,54387,55132,1,1,1
55133,55132,55134,1,0,1
55135,55136,55137,1,1,1
55138,55137,55139,1,0,1
54657,55139,55140,0,0,1
55130,55140,55134,0,0,0
54856,54858,55141,0,0,1,9141
54852,54854,55142,0,0,1
54593,55143,55144,0,1,1
54591,55144,55145,0,0,1
54860,55145,55146,0,0,1
54861,55146,55147,0,0,1
55141,55147,55142,0,0,0
55138,54656,55148,0,0,1,196
55149,55148,55150,1,0,1
54888,54750,55151,0,0,1
54659,55151,55150,0,0,0
54553,54993,55152,1,0,1,8372
55153,55152,55154,1,0,1
55155,55154,55156,1,0,1
55157,55156,55158,1,0,1
55159,55158,55160,1,0,1
55007,53253,55161,0,0,1,38592
55162,55161,55163,1,0,1
55164,55163,55165,1,0,1
55166,55165,55167,1,0,1
53260,55168,55169,0,1,1
53256,55169,55170,0,0,1
53257,55170,55167,0,0,0
54495,54497,55171,0,0,1,1729
54491,54493,55172,0,0,1
55173,55172,55174,1,0,1
55164,55166,55175,0,0,1
55171,55162,55176,0,0,1
55174,55176,55175,0,0,0
55108,55110,55177,0,0,1,2995
55178,55177,55179,1,0,1
55116,55180,55181,0,1,1
55112,55181,55182,0,0,1
55113,55182,55179,0,0,0
54558,54555,55183,1,1,1,8371
54561,54557,55184,1,1,1
55185,55184,55186,1,0,1
55157,55186,55187,0,0,1
55155,55187,55188,0,0,1
55153,55188,55183,0,0,0
54615,55091,55189,0,0,1,8388
54613,55189,55190,0,0,1
55191,55190,55093,1,0,0
55192,54800,55193,1,0,1,1731
55194,55193,54766,1,0,0
54761,54763,55195,0,0,1,9923
55196,55195,55192,1,0,0
54754,54756,55197,0,0,1,9923
55198,55197,54759,1,0,0
55199,55136,55200,1,1,1,177
55201,55200,55202,1,0,1
55203,55202,55204,1,0,1
55205,55204,55133,1,0,1
54694,54696,55206,0,0,1,180
55207,55206,55208,1,0,1
55178,55208,55106,0,0,0
55160,54995,55209,0,0,1,9140
55210,55209,54997,1,0,0
54904,55211,55201,0,1,0,177
55131,54390,55212,1,0,1,178
55205,55212,55213,0,0,1
55203,55213,55214,0,0,1
54923,55214,54921,0,0,0
54394,54840,54392,0,0,0,5042
54713,53958,54711,0,0,0,946
55215,54563,53963,1,0,0,179
54901,54838,55216,1,0,1,5057
54461,54828,55217,1,0,1
54410,55217,55218,0,0,1
54398,55218,55219,0,0,1
54396,54399,55220,0,0,1
55216,55220,55219,0,0,0
54821,54919,54389,0,0,0,5057
55221,53999,55222,1,0,1,947
54170,55222,55223,1,0,1
54173,55223,55224,1,0,1
54175,55224,55225,1,0,1
55226,55227,55228,1,1,1
54293,54181,55229,1,1,1
54546,55229,55230,0,0,1
54705,54543,55231,0,0,1
53959,54706,55232,0,0,1
55225,55232,55233,0,0,1
55230,55228,55234,0,0,1
55231,55234,55233,0,0,0
54709,53961,54565,0,0,0,947
53770,55235,55236,1,1,1,5042
54171,55236,55237,1,0,1
53865,55221,55238,0,0,1
53866,55238,55237,0,0,0
53766,53687,55239,1,1,1,2994
55235,53768,55240,0,1,1
53752,55240,55241,0,0,1
53750,55241,55242,0,0,1
53663,55242,55239,0,0,0
53746,53748,55243,0,0,1,2993
53527,53602,55244,0,1,1
53668,55244,55245,0,0,1
53666,55245,55243,0,0,0
52999,55246,55247,0,1,1,689
52848,55247,52836,0,0,0
55248,55249,52264,1,1,0,3026
52326,52324,55250,1,1,1,3025
52266,52270,55251,0,0,1
52263,52267,55252,0,0,1
55253,55252,55254,1,0,1
55248,55253,55255,0,0,1
52261,55249,55256,0,0,1
51964,55256,55257,0,0,1
55258,55257,55259,1,0,1
55260,55259,55261,1,0,1
55254,55251,55262,0,0,1
55261,55255,55263,0,0,1
55250,55263,55262,0,0,0
50786,52276,55264,0,0,1,1746
50781,50784,55265,0,0,1
51952,55265,55266,0,0,1
51966,55266,55267,0,0,1
52262,55267,55264,0,0,0
51937,51931,51857,0,0,0,3025
55268,55269,55270,1,1,1,5073
55271,55270,55272,1,0,1
51936,55272,55273,0,0,1
51932,55273,55274,0,0,1
51929,55274,55275,0,0,1
51939,52096,55276,0,1,1,3026
55271,55276,55277,0,0,1
52168,55268,55278,0,0,1
52308,55278,55279,1,0,1
52259,52097,55280,1,1,1
52181,55280,55281,1,0,1
52180,55281,55282,1,0,1
52184,55282,55283,1,0,1
52322,52188,55284,1,1,1
55260,55284,55285,0,0,1
55258,55285,55286,0,0,1
55287,51961,55288,1,0,1
51985,55288,55289,1,0,1
52135,55289,55290,1,0,1
52137,55290,55291,1,0,1
52139,55291,55292,1,0,1
52145,52141,55293,1,1,1
52148,52144,55294,1,1,1
55295,52147,55296,1,1,1
55297,55296,55298,1,0,1
51660,55298,55299,1,0,1
51862,55299,55300,1,0,1
52064,52061,55301,1,1,1
51869,52066,55302,1,1,1
51537,55302,55303,1,0,1
50992,55303,55304,0,0,1
51950,51858,55305,0,0,1
51946,51948,55306,0,0,1
51941,51944,55307,0,0,1
52095,55307,55308,1,0,1
55279,55277,55309,0,0,1
52124,55309,55310,1,0,1
55292,55286,55311,0,0,1
52142,55311,55312,1,0,1
55293,55312,55313,0,0,1
55304,52063,55314,0,1,1
55305,55314,55315,0,0,1
55306,55315,55316,0,0,1
51943,55316,55317,0,0,1
55308,55317,55318,0,0,1
52094,55318,55319,1,0,1
55310,55319,55320,0,0,1
52133,55320,55321,1,0,1
55313,52186,55322,0,1,1
55294,55322,55323,0,0,1
55321,55301,55324,0,0,1
55323,52183,55325,0,1,1
55300,55325,55326,0,0,1
55324,52059,55327,0,1,1
52126,55327,55328,1,0,1
55326,55283,55329,0,0,1
55328,52057,55330,0,1,1
52098,55330,55329,1,0,0
52167,51640,55331,0,0,1,5074
55269,55331,55275,0,0,0
51002,51004,55332,0,0,1,1746
50581,55332,50579,0,0,0
49958,50575,55333,1,0,1,1746
49961,49957,55334,1,1,1
51508,55334,55335,1,0,1
51854,55335,55336,0,0,1
51008,55336,55333,0,0,0
49462,49466,55337,0,0,1,1747
51062,49463,55338,1,0,1
5280,55338,55339,0,0,1
5278,55339,55340,0,0,1
51516,5276,55341,1,0,1
51520,51518,55342,1,1,1
5262,5266,55343,0,0,1
50772,55343,55344,1,0,1
50774,50777,55345,1,1,1
55346,55347,55348,1,1,1
51000,55348,55349,0,0,1
50997,55349,55350,0,0,1
50994,55350,55351,0,0,1
51529,55351,55352,1,0,1
51531,55352,55353,1,0,1
51533,55353,55354,1,0,1
55355,55354,55356,1,0,1
55357,55356,55358,1,0,1
51652,55358,55359,1,0,1
51656,51654,55360,1,1,1
51662,55360,55361,1,0,1
51658,55361,55362,1,0,1
55297,51646,55363,0,1,1
55295,55363,55364,0,0,1
52150,55364,55365,1,0,1
51994,55365,55366,1,0,1
51996,55366,55367,1,0,1
51998,55367,55368,1,0,1
51983,55368,55369,1,0,1
51986,51982,55370,1,1,1
51962,55287,55371,0,0,1
51958,55371,55372,0,0,1
51956,51959,55373,0,0,1
50782,51951,55374,0,0,1
50778,55374,55375,0,0,1
50779,55375,55376,0,0,1
55337,55376,55377,0,0,1
55340,55377,55378,0,0,1
55341,55378,55379,0,0,1
55344,51522,55380,0,1,1
55345,55380,55381,0,0,1
5257,55381,55382,0,0,1
55362,55359,55383,0,0,1
51647,55383,55384,1,0,1
55372,55370,55385,0,0,1
55373,55385,55386,0,0,1
51954,55386,55387,0,0,1
55379,55387,55388,0,0,1
55382,55342,55389,0,0,1
55384,55389,55390,0,0,1
55369,55390,55388,0,0,0
50542,50712,55391,0,0,1,5042
50893,50540,55392,1,0,1
50897,50895,55393,1,1,1
51456,50899,55394,0,1,1
50714,55394,55395,0,0,1
55392,55391,55396,0,0,1
55393,55396,55395,0,0,0
50999,50583,55397,0,0,1,1747
51009,50577,51006,0,0,0,1747
50710,50544,55398,0,0,1,690
50276,55398,50273,0,0,0
50674,55399,55400,1,1,1,9172
50677,50673,55401,1,1,1
55402,55401,55403,1,0,1
50981,55404,55405,1,1,1
51495,55405,55406,1,0,1
51290,55406,55407,1,0,1
50263,55407,55408,1,0,1
50265,55408,55409,1,0,1
50268,55409,55410,1,0,1
55411,55410,55412,1,0,1
50333,55412,55413,0,0,1
55400,55413,55403,0,0,0
49008,55414,55415,1,1,1,722
50546,55415,50271,0,0,0
55416,55411,55417,1,0,1,5074
55418,55417,55419,1,0,1
50187,55420,55421,0,1,1
50184,55421,55419,0,0,0
50178,50180,55422,0,0,1,5074
50990,50962,55423,1,0,1
50684,55423,55424,1,0,1
50687,55424,55425,1,0,1
55399,55425,55422,0,0,0
55346,55397,55426,0,0,1,211
5255,55347,55427,0,0,1
49710,5677,55428,0,0,1
55426,49707,55429,0,0,1
55427,55429,55430,0,0,1
55428,5679,55431,0,0,1
55430,49711,55432,0,0,1
5252,55432,55431,0,0,0
55420,49624,55433,0,0,1,1746
49703,55433,55434,1,0,1
49705,55434,55435,1,0,1
55436,55435,55437,1,0,1
48036,49595,48032,0,0,0,1745
5671,5675,55438,0,0,1,2259
5668,5672,55439,0,0,1
5669,55439,55440,0,0,1
49487,55440,55441,0,0,1
49485,55441,55438,0,0,0
5501,50820,55442,0,0,1,211
50588,55442,55443,1,0,1
50360,50584,55444,1,1,1
5492,55444,55445,0,0,1
49465,55445,55443,0,0,0
48809,48811,55446,0,0,1,723
47958,47960,55447,0,0,1
48247,47955,55448,1,0,1
48243,55448,55449,1,0,1
49003,55449,55450,1,0,1
49006,55450,55451,1,0,1
49005,55451,55452,1,0,1
55414,49009,55453,0,1,1
48813,55453,55454,0,0,1
55446,55454,55455,0,0,1
55447,55455,55452,0,0,0
48446,48448,55456,0,0,1,210
55437,55456,55457,0,0,1
55458,55457,55459,1,0,1
55460,55459,55461,1,0,1
48703,55462,48389,0,1,0,2770
55463,48079,55464,1,0,1,10963
48261,55464,55465,1,0,1
48264,48260,55466,1,1,1
55467,48263,55468,1,1,1
55465,48082,55469,0,0,1
55466,55469,55468,0,0,0
48048,48033,55470,0,0,1,209
55471,48030,55472,1,0,1
45155,55472,55473,0,0,1
48423,55473,55474,1,0,1
48425,55474,55475,1,0,1
48427,55475,55476,1,0,1
48431,48429,55477,1,1,1
49204,55477,55478,1,0,1
49584,55478,55479,0,0,1
55470,55479,55476,0,0,0
49596,48035,49593,0,0,0,209
55480,55481,55482,1,1,1,8916
47590,55482,55483,0,0,1
47603,47591,55484,0,0,1
55485,47970,55486,1,0,1
55483,55486,55484,0,0,0
48804,48807,55487,0,0,1,724
48802,55487,55488,0,0,1
49352,55488,55489,1,0,1
48656,55489,55490,1,0,1
48655,55490,55491,1,0,1
48658,55491,55492,1,0,1
48516,48509,55493,1,1,1
47536,48511,55494,1,1,1
48140,47535,55495,1,1,1
47543,55495,55496,1,0,1
46970,55496,55497,1,0,1
55480,55497,55498,0,0,1
55481,55498,55499,0,0,1
55485,55499,55500,0,0,1
47963,55500,55501,0,0,1
48806,55501,55502,0,0,1
55493,55492,55503,0,0,1
55494,55503,55502,0,0,0
48266,55467,55504,1,0,1,2771
48579,48268,55505,1,1,1
48698,55505,55506,1,0,1
48700,55506,55507,1,0,1
48685,55507,55508,1,0,1
48702,55508,55509,0,0,1
55462,55509,55510,0,0,1
47716,55510,55511,0,0,1
47714,55511,55504,0,0,0
55512,47581,55513,1,0,1,724
55514,47585,55515,1,0,1,724
46722,46724,47513,0,0,0,8917
55471,45157,47458,0,0,0,2769
47079,47329,55516,0,0,1,19156
47563,55516,55517,1,0,1
46987,47074,55518,1,1,1
48068,46989,55519,1,1,1
48073,48070,55520,1,1,1
55521,55522,55523,1,1,1
48275,55523,55524,1,0,1
48278,48274,55525,1,1,1
48277,55525,55526,1,0,1
55463,55526,55527,0,0,1
55528,55527,55529,1,0,1
47332,55530,55531,0,1,1
55517,55531,55532,0,0,1
55519,55518,55533,0,0,1
48067,55533,55534,1,0,1
55520,55534,55535,0,0,1
55524,55535,55536,0,0,1
55532,55529,55537,0,0,1
47562,55537,55536,1,0,0
46648,48080,55528,0,0,0,19156
46656,46658,55538,0,0,1,11224
46641,55538,55539,0,0,1
47081,55539,47330,0,0,0
46314,46718,55540,0,0,1,8869
47033,55540,47031,0,0,0
47029,46720,47515,0,0,0,725
47511,46691,55541,0,0,1,725
47509,55541,55542,0,0,1
47506,55542,55543,0,0,1
47944,55543,55544,0,0,1
47976,47941,55545,0,0,1
55515,55546,55547,0,1,1
55548,55514,55549,1,0,1
55513,55549,55550,0,0,1
55544,55512,55551,0,0,1
55547,55545,55552,0,0,1
55550,55552,55551,0,0,0
47583,47586,55548,0,0,0,725
47972,55546,47572,0,0,0,725
46649,55530,46662,0,0,0,10964
55553,55554,55555,1,1,1,15060
47087,55555,55556,0,0,1
47083,47085,55557,0,0,1
46647,55557,55558,0,0,1
46645,55558,55559,0,0,1
55560,55559,55556,1,0,0
46436,5302,5306,0,0,0,8404
55561,55562,55563,1,1,1,677
55564,55565,55566,1,1,1
55567,55566,55568,1,0,1
47142,55568,55569,1,0,1
47503,47146,55570,1,1,1
47020,55570,55571,0,0,1
47037,55571,55572,0,0,1
47035,47038,55573,0,0,1
46327,55573,55574,0,0,1
55575,46326,55576,1,0,1
55569,55563,55577,0,0,1
55572,55577,55578,0,0,1
55574,55578,55576,0,0,0
55579,55580,55581,1,1,1,165
55582,55583,55584,1,1,1
55585,55584,55586,1,0,1
55562,55587,55588,0,1,1
55575,55588,55589,0,0,1
46214,55589,55590,0,0,1
46218,55590,55591,0,0,1
55592,55591,55593,1,0,1
55586,55581,55594,0,0,1
55595,55594,55593,1,0,0
55596,46086,55560,1,0,0,10965
46074,45258,55597,1,1,1,17109
46751,55597,55598,1,0,1
46985,55598,55599,1,0,1
47067,55599,55600,1,0,1
55553,55600,55601,0,0,1
55554,55601,55602,0,0,1
55596,55602,55603,0,0,1
46084,55603,45127,0,0,0
45918,45920,55604,0,0,1,211
45915,55604,55605,0,0,1
55461,55605,55606,0,0,1
55436,55458,55607,0,0,1
49694,55607,55608,1,0,1
49938,49693,55609,1,1,1
49992,55609,55610,1,0,1
48206,55610,55611,1,0,1
48209,55611,55612,1,0,1
45434,48181,55613,0,1,1
55606,55613,55614,0,0,1
55608,55460,55615,0,0,1
55612,55615,55616,0,0,1
48208,55616,55617,1,0,1
48211,55617,55614,1,0,0
45307,45523,55618,0,0,1,166
45305,55618,55619,0,0,1
45678,55619,55620,1,0,1
46814,45200,55621,1,1,1
47210,55621,55622,1,0,1
47213,47209,55623,1,1,1
47383,55623,55624,1,0,1
46620,55624,55625,1,0,1
46622,55625,55626,1,0,1
46624,55626,55627,1,0,1
46614,46610,55628,1,1,1
55565,46613,55629,0,1,1
55561,55629,55630,0,0,1
55587,55630,55631,0,0,1
55595,55631,55632,0,0,1
55585,55632,55633,0,0,1
55582,55633,55634,0,0,1
55579,55583,55635,0,0,1
55620,55592,55636,0,0,1
45197,55636,55637,1,0,1
55627,55622,55638,0,0,1
46611,55638,55639,1,0,1
55628,55639,55640,0,0,1
55634,55640,55641,0,0,1
55635,55641,55642,0,0,1
55580,55642,55637,0,0,0
42306,42309,55643,0,0,1,2259
46123,55643,55644,1,0,1
46126,55644,55645,1,0,1
46143,46138,55646,1,1,1
46129,55646,55647,1,0,1
46128,55647,55648,1,0,1
46134,46131,55649,1,1,1
42297,55649,55650,0,0,1
45861,55650,55651,0,0,1
45435,55651,55652,0,0,1
5055,45465,55653,0,0,1
5059,55653,55654,0,0,1
55645,55654,55655,0,0,1
46125,55655,55656,1,0,1
55648,55656,55657,0,0,1
55652,46132,55658,0,1,1
45467,55658,55657,0,0,0
55659,45408,55660,1,0,1,2770
55661,55660,55662,1,0,1
55663,55662,55664,1,0,1
47467,47470,55665,0,0,1,2770
47462,47465,55666,0,0,1
48025,55666,55667,0,0,1
48166,48022,55668,1,0,1
48169,55668,55669,1,0,1
48303,48168,55670,1,1,1
48309,55670,55671,1,0,1
48291,55671,55672,1,0,1
48364,48290,55673,1,1,1
48566,48366,55674,1,1,1
55675,55674,55676,1,0,1
55677,55676,55678,1,0,1
48103,55678,55679,1,0,1
5163,55679,55680,0,0,1
5161,55680,55681,0,0,1
5159,55681,55682,0,0,1
5155,5157,55683,0,0,1
45130,55683,55684,0,0,1
45159,55684,55685,0,0,1
47469,55685,55686,0,0,1
55665,55686,55687,0,0,1
55667,55687,55688,0,0,1
55669,55688,55689,0,0,1
55672,55689,55690,0,0,1
55673,55690,55682,0,0,0
46096,46082,55691,0,0,1,8917
44560,46094,55692,0,0,1
45129,55692,55693,0,0,1
45126,55693,55691,0,0,0
55694,44733,55695,1,0,1,8918
44382,55696,55697,1,1,1
44414,44384,55698,1,1,1
44387,55698,55699,1,0,1
45110,44386,55700,1,1,1
44796,55700,55701,1,0,1
55702,55701,55703,1,0,1
55704,55703,55705,1,0,1
55695,55705,55706,0,0,1
55707,55706,55708,1,0,1
55697,55708,55699,0,0,0
44556,44558,55709,0,0,1,2773
55710,55709,45119,1,0,0
44788,55711,55712,1,1,1,3029
55713,55712,44546,1,0,0
55714,55715,55716,1,1,1,725
55707,55716,55717,0,0,1
55694,55717,55718,0,0,1
44512,55718,55719,0,0,1
55702,55704,55720,0,0,1,725
44789,55720,55721,1,0,1
55711,55721,44503,0,0,0
44084,44498,55722,0,0,1,2773
44082,55722,55723,0,0,1
44380,55723,55724,1,0,1
55696,44379,55725,0,1,1
55714,55725,55726,0,0,1
55719,55715,55727,0,0,1
55724,55727,55726,0,0,0
44435,44438,55728,0,0,1,8405
45121,44992,55729,0,1,1
55710,45118,55730,0,0,1
55728,55730,55731,0,0,1
55732,55731,55729,1,0,0
44993,55713,55733,1,0,1,11221
44433,55732,55734,0,0,1
44431,55734,55733,0,0,0
5216,42113,55735,0,0,1,2260
5217,55735,55736,0,0,1
43655,55736,55737,0,0,1
43653,55737,42115,0,0,0
55738,55739,55740,1,1,1,979
43621,55740,55741,1,0,1
43624,55741,55742,1,0,1
5624,55742,55743,0,0,1
42912,55743,55744,0,0,1
42909,55744,55745,0,0,1
42910,55745,55746,0,0,1
42524,55747,55748,1,1,1,9171
55738,43622,55749,0,1,1
55746,55739,55750,0,0,1
42833,55750,55751,0,0,1
55748,55751,55749,0,0,0
42355,42336,55752,0,0,1,212
42333,55752,55753,0,0,1
42628,55754,55755,1,1,1
42632,42630,55756,1,1,1
37037,55756,55757,0,0,1
43506,55757,55758,1,0,1
43522,55758,55759,1,0,1
43514,43524,55760,1,1,1
37033,43516,55761,0,1,1
37029,55761,55762,0,0,1
44174,37030,55763,1,0,1
43983,55763,55764,1,0,1
44896,55764,55765,1,0,1
44938,55765,55766,1,0,1
47397,55766,55767,1,0,1
45876,55767,55768,0,0,1
45874,55768,55769,0,0,1
45872,55769,55770,0,0,1
42335,55770,55771,0,0,1
55753,55771,55772,0,0,1
55759,55755,55773,0,0,1
55762,43513,55774,0,1,1
55772,55774,55775,0,0,1
55773,42331,55776,0,0,1
55760,55776,55775,0,0,0
55777,55778,55779,1,1,1,18134
41253,55779,41262,0,0,0
40635,40638,41057,0,0,0,2261
55780,41035,55778,1,0,0,14037
55781,55782,55783,1,1,1,14037
55784,40724,55785,1,1,1
55786,55785,55787,1,0,1
55788,55787,55789,1,0,1
40759,55789,55790,0,0,1
55791,40758,55792,1,0,1
55783,55792,55790,0,0,0
40633,40636,55793,0,0,1,2260
55794,55793,41056,1,0,0
41066,41069,55795,0,0,1,2260
41063,41067,55796,0,0,1
42626,41064,55797,1,0,1
55754,55797,55798,0,0,1
40615,55798,55799,0,0,1
40616,55799,55800,0,0,1
40612,55800,55801,0,0,1
55795,40613,55802,0,0,1
55796,55802,55801,0,0,0
37051,37054,55803,0,0,1,212
37049,55803,55804,0,0,1
41059,37047,55805,0,0,1
40610,55794,55806,0,0,1
55804,40608,55807,0,0,1
55805,55807,55806,0,0,0
40562,40564,55808,0,0,1,18133
55788,55808,55809,0,0,1
55784,55786,55810,0,0,1
40726,55810,55811,1,0,1
40729,40750,55812,1,1,1
40731,40728,55813,1,1,1
42522,42520,55814,1,1,1
55747,55814,55815,0,0,1
55816,55815,55817,1,0,1
55777,55817,55818,0,0,1
55780,55818,55819,0,0,1
55811,55809,55820,0,0,1
55812,55820,55821,0,0,1
55819,55813,55822,0,0,1
40566,55822,55821,0,0,0
42159,42831,55823,1,0,1,18133
42161,55823,55824,1,0,1
41252,55824,55816,0,0,0
55825,38277,55826,1,0,1,9941
55827,55826,55828,1,0,1
55829,55828,55830,1,0,1
55831,55830,55832,1,0,1
55833,55832,55834,1,0,1
55835,37179,55836,1,0,1,9169
37268,55836,55837,1,0,1
37703,55837,55838,1,0,1
37710,55838,55839,1,0,1
37776,55839,55840,1,0,1
37572,55840,55841,1,0,1
55842,37176,55843,1,0,1,1745
37306,55843,55844,1,0,1
37300,55844,55845,1,0,1
55846,36814,55847,1,0,1,9172
36781,55847,55848,1,0,1
37508,55848,55849,1,0,1
37507,55849,55850,1,0,1
37510,55850,55851,1,0,1
37392,55851,55852,1,0,1
55853,55852,36816,1,0,0
55854,55855,55856,1,1,1,5074
55857,55856,55858,1,0,1
55859,55857,55860,1,0,1
55861,55860,55862,1,0,1
34407,55862,55863,1,0,1
34154,55863,55864,1,0,1
32771,34156,55865,1,1,1
35561,55865,55866,0,0,1
36663,55866,55867,0,0,1
55868,55867,55869,1,0,1
55858,55869,55864,0,0,0
36531,55870,55871,0,1,1,3026
36529,36532,55872,0,0,1
36527,55872,55873,0,0,1
36450,36525,55874,1,0,1
36454,55874,55875,1,0,1
37875,55875,55876,1,0,1
37293,55876,55877,1,0,1
37297,55877,55878,1,0,1
37296,55878,55879,1,0,1
55842,55879,55880,0,0,1
36656,55880,55881,0,0,1
36657,55881,55882,0,0,1
55871,55882,55873,0,0,0
55853,36652,55883,0,0,1,42704
37383,55883,55884,1,0,1
55834,36593,55885,0,0,1,9942
55833,55885,55886,0,0,1
55781,40722,55887,0,1,1
55782,55887,55888,0,0,1
55791,55888,55886,0,0,0
34387,36512,55889,0,0,1,978
36357,34764,55890,0,0,1,9941
36355,55890,55891,0,0,1
36429,55891,36426,0,0,0
37535,55892,55893,1,1,1,18133
35020,55893,55894,1,0,1
36416,36419,55895,0,0,1
36428,36417,55896,0,0,1
36353,55896,55897,0,0,1
55894,55897,55895,0,0,0
37382,55884,55898,1,0,1,1748
37532,55898,55899,1,0,1
37534,55899,55900,1,0,1
37516,55900,55901,1,0,1
35008,55901,55902,1,0,1
36352,55892,55903,0,0,1
36351,55903,55902,0,0,0
55904,36345,55905,1,0,1,41936
55906,55905,55907,1,0,1
36773,55907,55908,1,0,1
36777,55908,55909,1,0,1
36776,55909,55910,1,0,1
36779,55910,55846,1,0,0
35120,35570,55911,1,0,1,5073
35340,55911,55912,0,0,1
35953,55912,55913,0,0,1
35951,55913,55914,0,0,1
55915,55916,55917,1,1,1
55918,55917,55919,1,0,1
35572,55919,55914,0,0,0
55920,55915,55921,1,0,1,5073
55854,55921,55922,0,0,1
55855,55922,55923,0,0,1
55924,55923,55918,1,0,0
55845,35944,55925,0,0,1,5073
37299,55925,55926,1,0,1
37269,55926,55835,1,0,0
37540,55841,55927,1,0,1,5073
40892,37590,55928,1,1,1
40894,40891,55929,1,1,1
35637,55929,55930,1,0,1
41782,55930,55931,1,0,1
41784,55931,55932,1,0,1
41786,55932,55933,1,0,1
41789,55933,55934,1,0,1
41788,55934,55935,1,0,1
41792,55935,55936,1,0,1
41791,55936,55937,1,0,1
35644,55937,55938,1,0,1
39902,39900,55939,1,1,1
39904,55939,55940,1,0,1
39106,39892,55941,1,1,1
39108,55941,55942,1,0,1
39110,55942,55943,1,0,1
35362,39112,55944,1,1,1
34405,55944,55945,1,0,1
55861,55945,55946,0,0,1
55920,55859,55947,0,0,1
55948,55947,55949,1,0,1
55950,55949,55951,1,0,1
55952,55951,55953,1,0,1
35948,55916,55954,0,0,1
55927,55954,55955,0,0,1
37585,55955,55956,1,0,1
37584,55956,55957,1,0,1
37587,55957,55958,1,0,1
55928,55958,55959,0,0,1
55943,55940,55960,0,0,1
55946,55960,55961,0,0,1
55953,55961,55962,0,0,1
55959,55948,55963,0,0,1
55962,39897,55964,0,1,1
55963,55950,55965,0,0,1
55938,55965,55966,0,0,1
55964,39898,55967,0,1,1
55966,55952,55968,0,0,1
35648,55968,55967,1,0,0
36446,35076,55969,1,1,1,5073
36522,55969,55970,0,0,1
36519,55970,55971,0,0,1
36520,55971,55972,0,0,1
36516,55972,55973,0,0,1
36517,55973,55974,0,0,1
36514,55974,55975,0,0,1
36511,55975,55976,0,0,1
55977,55976,55978,1,0,1
55979,55978,55980,1,0,1
55981,55980,55982,1,0,1
35909,55982,55983,0,0,1
34384,55889,55977,0,0,0,5073
55868,55924,35574,0,0,0,3025
55984,35341,35955,1,0,0,978
32176,35213,35193,0,0,0,1749
36554,35187,55985,1,0,1,1749
37324,55985,55986,1,0,1
37328,37326,55987,1,1,1
37331,37338,55988,1,1,1
37760,37330,55989,1,1,1
55990,55991,55992,1,1,1
37465,55992,55993,1,0,1
55994,55993,55995,1,0,1
4960,55996,55997,1,1,1
40720,55997,55998,1,0,1
55831,55998,55999,0,0,1
55829,55999,56000,0,0,1
55827,56000,56001,0,0,1
55825,56001,56002,0,0,1
35194,56002,56003,0,0,1
55986,35195,56004,0,0,1
55987,56004,56005,0,0,1
55988,56005,56006,0,0,1
55989,56006,56007,0,0,1
55995,56007,56003,0,0,0
35215,35217,56008,0,0,1,1750
35191,56008,35189,0,0,0
34766,34768,56009,0,0,1,212
36424,56009,56010,0,0,1
36422,56010,56011,0,0,1
35024,56011,56012,1,0,1
35088,56013,56014,1,1,1,5074
56015,35087,56016,1,1,1
56017,56016,56018,1,0,1
56019,56018,56020,1,0,1
56021,56020,56022,1,0,1
34679,56022,56023,0,0,1
56024,34677,56025,1,0,1
56014,56025,56023,0,0,0
32014,56017,32010,0,0,0,5074
55981,34381,55979,0,0,0,1746
36534,34386,55870,0,0,0,1746
56026,34241,56027,1,0,1,9172
34664,56027,56028,1,0,1
34663,56028,56029,1,0,1
35057,35316,56030,1,1,1
56031,35072,56032,1,1,1
56033,56032,56034,1,0,1
56030,56029,56035,0,0,1
35033,56035,56034,1,0,0
56031,56036,56037,0,1,1,3026
35064,56037,56038,1,0,1
35074,56038,56039,1,0,1
34127,55983,56040,0,0,1
34124,56040,56041,0,0,1
34120,34122,56042,0,0,1
56039,56042,56043,0,0,1
35073,56043,56041,1,0,0
56036,56033,33783,0,0,0,3027
56044,56045,56046,1,1,1,42704
56047,56046,56048,1,0,1
56049,56050,56051,1,1,1
55906,56051,56052,0,0,1
55904,56052,56053,0,0,1
33526,56053,56054,0,0,1
33527,56054,56048,0,0,0
35543,56055,56056,1,1,1,41168
35307,56056,56057,1,0,1
34738,56057,56058,1,0,1
56059,56058,56060,1,0,1
56061,56060,56062,1,0,1
33501,56062,56063,0,0,1
33502,56063,56064,0,0,1
56065,56064,56066,1,0,1
34727,56059,56067,1,0,1,41936
34730,34726,56068,1,1,1
34865,56068,56069,1,0,1
34340,56069,56070,1,0,1
34343,56070,56071,1,0,1
34212,34344,56072,1,1,1
56073,56072,56074,1,0,1
56075,56074,56076,1,0,1
56077,56076,56078,1,0,1
33303,56078,56079,0,0,1
56067,56061,56080,0,0,1
56071,56080,56081,0,0,1
34328,56081,56079,1,0,0
56082,56083,56084,1,1,1,1750
33686,56084,56085,1,0,1
56086,33668,56087,1,1,1
33294,56087,56085,0,0,0
56088,56089,56090,1,1,1,43216
56091,56090,33155,1,0,0
33128,33113,56092,0,0,1,8404
56012,56092,56093,0,0,1
34672,34991,56094,1,1,1
34674,56094,56095,1,0,1
56026,34675,56096,0,1,1
56093,56096,56095,0,0,0
33069,33055,56097,0,0,1,42704
56091,56097,56098,0,0,1
56099,56098,56100,1,0,1
56101,56100,56102,1,0,1
33877,56103,56104,1,1,1,5073
34398,33880,56105,1,1,1
35367,56105,56106,1,0,1
35347,56106,56107,1,0,1
33983,56107,56108,0,0,1
33997,56108,56109,0,0,1
32941,33995,56110,0,0,1
32962,56110,56111,0,0,1
56104,56111,56109,0,0,0
33505,56112,56113,1,1,1,41936
34520,56113,56114,1,0,1
34522,56114,56115,1,0,1
34503,56115,56116,1,0,1
56117,56118,56119,1,1,1
34739,34505,56120,1,1,1
34592,56120,56121,1,0,1
34631,34638,56122,1,1,1
34900,56122,56123,1,0,1
36058,35896,56124,1,1,1
36061,36057,56125,1,1,1
36641,56125,56126,1,0,1
56047,56126,56127,0,0,1
56044,56127,56128,0,0,1
56045,56128,56129,0,0,1
56130,56129,56131,1,0,1
56102,56132,56133,0,1,1
56088,56099,56134,0,0,1
32865,56089,56135,0,0,1
56116,56135,56136,0,0,1
56119,56136,56137,0,0,1
56121,56137,56138,0,0,1
56124,34899,56139,0,1,1
56131,56139,56140,0,0,1
56133,56140,56141,0,0,1
56101,56141,56142,0,0,1
56138,56134,56143,0,0,1
56123,56143,56142,0,0,0
33523,56130,56144,0,0,1,41936
33520,33524,56145,0,0,1
56146,33521,56147,1,0,1
33345,56147,56148,1,0,1
33347,56148,56149,1,0,1
33349,56149,56150,1,0,1
33353,33351,56151,1,1,1
32628,33355,56152,1,1,1
33054,56152,56153,0,0,1
56132,56153,56154,0,0,1
56145,56144,56155,0,0,1
56150,56155,56156,0,0,1
56151,56156,56154,0,0,0
5811,32658,56157,0,0,1,209
33875,33182,56158,1,1,1
32664,56103,56159,0,0,1
32662,56159,56160,0,0,1
56157,32660,56161,0,0,1
56158,56161,56160,0,0,0
56065,56162,32365,0,1,0,43728
33320,56163,56164,1,1,1,42704
33322,56164,56165,1,0,1
33462,56165,56166,1,0,1
33461,56166,56167,1,0,1
33705,56167,56168,1,0,1
33343,56168,56169,1,0,1
33334,33331,56170,1,1,1
33828,56170,56171,1,0,1
34032,56171,56172,1,0,1
34074,56172,56173,1,0,1
33932,56173,56174,1,0,1
33935,56174,56175,1,0,1
33920,56175,56176,1,0,1
33838,56176,56177,1,0,1
33841,33855,56178,1,1,1
34959,56178,56179,1,0,1
35541,56179,56180,1,0,1
35540,56180,56181,1,0,1
56055,56181,56182,0,0,1
56066,56182,56183,0,0,1
56162,56183,56184,0,0,1
56169,32248,56185,0,0,1
33332,56185,56186,1,0,1
56177,56186,56187,0,0,1
56184,33837,56188,0,1,1
32250,56188,56187,0,0,0
32224,32182,56189,0,0,1,2774
35211,32179,56190,0,0,1
35219,56190,56191,1,0,1
56192,56191,56193,1,0,1
56194,56193,56195,1,0,1
33676,56195,56196,1,0,1
33680,56196,56197,1,0,1
33679,56197,56198,1,0,1
33684,33682,56199,1,1,1
56082,56199,56200,0,0,1
56083,56200,56201,0,0,1
56189,56201,56198,0,0,0
32462,29975,56202,1,0,1,1746
32412,56202,56203,1,0,1
33577,32414,56204,1,1,1
32427,33870,56205,1,1,1
35106,56205,56206,1,0,1
35108,56206,56207,1,0,1
56013,56207,56208,0,0,1
56024,56208,56209,0,0,1
56203,29978,56210,0,0,1
56209,33576,56211,0,1,1
32054,56211,56212,0,0,1
56210,32052,56213,0,0,1
56204,56213,56212,0,0,0
56021,32011,56019,0,0,0,1746
35091,56015,56214,1,0,1,1746
35957,35090,56215,0,1,1
55984,56215,56216,0,0,1
32013,56216,56214,0,0,0
33506,56077,56217,1,0,1,43216
56112,56217,56218,0,0,1
31936,56218,31963,0,0,0
31250,31253,56219,0,0,1,41936
33138,56219,56220,1,0,1
31585,56220,56221,1,0,1
33318,31584,56222,1,1,1
56163,56222,56223,0,0,1
31761,56223,56221,0,0,0
30280,30284,31527,0,0,0,212
29938,56224,56225,0,1,1,1746
29991,29939,56226,0,0,1
29935,56226,56227,0,0,1
56228,56227,56229,1,0,1
31164,56229,56225,0,0,0
30560,30902,30557,0,0,0,214
30920,30900,56230,0,0,1,214
56086,56230,56231,0,0,1
33667,56231,56232,1,0,1
33670,56232,56233,1,0,1
33688,56233,30524,1,0,0
30729,30720,56234,0,0,1,5074
30727,56234,56235,0,0,1
56236,30725,56237,1,0,1
56238,56237,56239,1,0,1
30013,56239,56240,1,0,1
32325,56240,56241,1,0,1
30024,56241,56242,1,0,1
31661,56242,56243,1,0,1
31663,56243,56244,1,0,1
26600,56244,56235,0,0,0
30899,30903,56245,0,0,1,1750
30562,56245,30559,0,0,0
32532,32536,56246,0,0,1,210
32533,56246,56247,0,0,1
32530,56247,56248,0,0,1
56249,32528,56250,1,0,1
33591,56250,56251,1,0,1
33310,56251,56252,1,0,1
33312,33309,56253,1,1,1
33315,56253,56254,1,0,1
30014,33314,56255,1,1,1
56238,56255,56256,0,0,1
30489,56236,56257,0,0,1
30511,56257,56258,0,0,1
56248,56258,56259,0,0,1
56252,56259,56260,0,0,1
56254,56260,56256,0,0,0
29432,29434,56261,0,0,1,211
31526,56261,30281,0,0,0
31534,31536,56262,0,0,1,211
31532,56262,56263,0,0,1
5799,56263,30283,0,0,0
26595,26598,56264,0,0,1,7634
26593,56264,30164,0,0,0
28402,32050,56265,1,0,1,1747
27675,56265,29933,0,0,0
56266,29780,56267,1,0,1,210
29946,56268,56269,0,1,1
30420,56269,56270,1,0,1
30423,30419,56271,1,1,1
30426,30422,56272,1,1,1
29941,30425,56273,0,1,1
56224,56273,56274,0,0,1
56270,56275,56276,0,1,1
56271,56276,56277,0,0,1
56274,56272,56278,0,0,1
56267,56278,56277,0,0,0
26964,56279,56280,1,1,1,9940
26968,56280,56281,1,0,1
26967,56281,56282,1,0,1
30360,26970,56283,1,1,1
29950,56283,56284,0,0,1
56285,56284,56286,1,0,1
56287,56286,56288,1,0,1
56289,56288,56290,1,0,1
29247,56290,56282,0,0,0
28090,28671,28866,0,0,0,9940
28864,28673,56291,0,0,1,1747
26965,56291,56279,1,0,0
24186,24188,56292,0,0,1,14035
26957,24183,56293,1,0,1
26960,56293,56294,1,0,1
28859,26959,56295,0,1,1
28867,28860,56296,0,0,1
28091,56296,56297,0,0,1
56292,28100,56298,0,0,1
56294,56298,56299,0,0,1
56295,56299,56297,0,0,0
27593,26436,27792,0,0,0,3031
56287,56289,56300,0,0,1,211
29948,56285,56301,0,0,1
56268,29945,56302,0,0,1
56275,56302,56303,0,0,1
56266,56303,56304,0,0,1
27659,56304,56305,0,0,1
56300,56305,56301,0,0,0
27670,27673,56306,0,0,1,211
56228,56306,56307,0,0,1
29936,56307,29932,0,0,0
26516,56308,56309,0,1,1,43984
26448,56309,56310,0,0,1
27601,27786,56311,0,0,1
27599,56311,56310,0,0,0
56312,25391,27592,1,0,0,979
56313,27408,24160,1,0,0,18132
25424,56312,56314,0,0,1,978
25422,56314,56315,0,0,1
25420,56315,27287,0,0,0
56316,56317,56318,1,1,1,9940
56319,56318,26824,1,0,0
24670,56320,56321,0,1,1,42176
56322,56321,26652,1,0,0
26650,56320,56323,0,0,1,42176
56324,26647,56325,1,0,1
31208,56325,56326,1,0,1
30313,56326,56327,1,0,1
30294,56327,56328,1,0,1
56329,56328,56330,1,0,1
56331,56330,56332,1,0,1
56333,56332,56323,1,0,0
26587,26589,56334,0,0,1,3538
56335,56334,56336,1,0,1
29276,27589,56337,1,0,1
29279,29275,56338,1,1,1
30142,29278,56339,1,1,1
30158,56339,56340,0,0,1
30169,56340,56341,0,0,1
30166,30168,56342,0,0,1
26591,56342,56343,0,0,1
56336,56343,56344,0,0,1
56337,56344,56345,0,0,1
56338,56345,56341,0,0,0
30719,30162,56346,0,0,1,3538
26601,56346,26597,0,0,0
56347,26236,56317,1,0,0,1748
26235,56347,56348,0,0,1,42704
56349,56348,56350,1,0,1
24191,56350,56351,0,0,1
56313,24164,56352,0,0,1
56353,56352,56354,1,0,1
56319,56354,56355,0,0,1
56351,56316,56356,0,0,1
24163,56356,56355,0,0,0
27409,56353,56357,0,0,1,42704
27406,56357,26815,0,0,0
28001,56358,56359,1,1,1,43728
28000,56359,56360,1,0,1
56361,28005,56362,1,1,1
56363,56362,56364,1,0,1
28699,56364,56365,1,0,1
29208,56365,56366,1,0,1
29198,56366,56367,1,0,1
30731,29197,56368,1,1,1
30385,56368,56369,1,0,1
30376,56369,56370,1,0,1
29730,29872,56371,1,1,1
29735,29733,56372,1,1,1
29865,29727,56373,1,1,1
29668,56373,56374,1,0,1
29659,56374,56375,1,0,1
28724,56375,56376,1,0,1
56377,56376,56378,1,0,1
56379,56378,56380,1,0,1
26451,28126,56381,0,1,1
56308,56381,56382,0,0,1
26188,56382,56383,0,0,1
26177,56383,56384,0,0,1
26175,56384,56385,0,0,1
56360,56385,56386,0,0,1
28003,56386,56387,1,0,1
56367,56387,56388,0,0,1
56371,56370,56389,0,0,1
56372,56389,56390,0,0,1
56380,29728,56391,0,1,1
28133,56391,56392,1,0,1
56388,56392,56390,0,0,0
26315,56393,56394,1,1,1,1747
26318,56394,56395,1,0,1
28209,56395,56396,1,0,1
27581,56396,56397,0,0,1
27292,56397,56398,0,0,1
27289,56398,56399,0,0,1
56400,56399,56401,1,0,1
26087,56401,56402,0,0,1
26095,56402,26092,0,0,0
23692,26074,25994,0,0,0,8404
56403,25995,56404,1,0,1,8405
56405,56406,56407,1,1,1
56408,56405,56409,1,0,1
25976,56409,56410,1,0,1
25981,25978,56411,1,1,1
26553,56411,56412,1,0,1
26893,56412,56413,1,0,1
26896,56413,56414,1,0,1
27107,56414,56415,1,0,1
27109,27106,56416,1,1,1
26914,56416,56417,1,0,1
26424,26573,56418,1,1,1
26429,26427,56419,1,1,1
26076,56419,56420,0,0,1
56404,26073,56421,0,0,1
56407,56421,56422,0,0,1
56410,56422,56423,0,0,1
56415,56423,56424,0,0,1
56417,56424,56425,0,0,1
56418,56425,56420,0,0,0
56426,56427,56428,1,1,1,1749
56429,56428,56430,1,0,1
25993,56431,56432,0,1,1
56433,56432,56434,1,0,1
25970,56434,56435,1,0,1
25974,56435,56436,1,0,1
25973,56436,56437,1,0,1
56408,56437,56430,0,0,0
56438,56426,56439,1,0,1,1749
26001,56439,56440,0,0,1
25711,56440,25707,0,0,0
56403,56406,56441,0,0,1,1749
56438,56441,56427,0,0,0
25701,25720,56442,0,0,1,725
25971,56442,56433,1,0,0
25722,25708,56443,0,0,1,725
56431,56443,56429,0,0,0
25717,25704,3354,0,0,0,8405
56444,56445,56446,1,1,1,9172
56447,56446,25621,1,0,0
56448,25528,56449,1,0,1,41168
24166,56449,56450,0,0,1
24167,56450,56349,0,0,0
56322,25446,24668,0,0,0,43200
27286,56400,25418,0,0,0,3539
27591,25390,56335,0,0,0,3539
56447,25296,56451,0,0,1,979
23995,23998,56452,0,0,1,1749
25276,56452,25274,0,0,0
23988,23991,56453,0,0,1,1749
25678,56453,56454,0,0,1
25688,25679,56455,0,0,1
25675,56455,56456,0,0,1
25672,25676,56457,0,0,1
25670,25673,56458,0,0,1
25254,56458,56459,0,0,1
25282,25251,56460,0,0,1
56454,56460,56461,0,0,1
56456,56461,56462,0,0,1
56459,56457,56463,0,0,1
25250,56463,56462,0,0,0
56451,56464,56465,0,1,1,980
56444,56465,56466,0,0,1
25153,56445,56467,0,0,1
25151,56467,56468,0,0,1
56469,56468,56470,1,0,1
56471,56470,56472,1,0,1
26313,56472,56473,1,0,1
26312,56473,56474,1,0,1
56393,56474,56466,0,0,0
26093,56464,25298,0,0,0,980
56475,24707,56476,1,0,1,8405
56477,56476,56478,1,0,1
24139,56479,56480,1,1,1
24713,56480,56481,1,0,1
24715,56481,56482,1,0,1
23888,56482,56483,0,0,1
23889,56483,56478,0,0,0
24672,24675,56484,0,0,1,43712
56329,56331,56485,0,0,1
30293,56485,56486,1,0,1
56487,56486,56488,1,0,1
56489,56488,56490,1,0,1
31798,56490,56491,1,0,1
31865,56491,56492,1,0,1
31867,56492,56493,1,0,1
31870,56493,56494,1,0,1
56495,56494,56496,1,0,1
56497,56496,56498,1,0,1
31018,56498,56499,1,0,1
31003,56499,56500,1,0,1
31421,56500,56501,1,0,1
31223,56501,56502,1,0,1
30375,56502,56503,1,0,1
28714,56503,56504,1,0,1
28716,56504,56505,1,0,1
28694,28690,56506,1,1,1
56361,56507,56508,0,1,1
28007,56508,56509,1,0,1
28009,56509,56510,1,0,1
28011,56510,56511,1,0,1
56358,28012,56512,0,1,1
56484,56512,56513,0,0,1
56505,56333,56514,0,0,1
28691,56514,56515,1,0,1
56506,56515,56516,0,0,1
56511,56516,56513,0,0,0
25445,56517,24666,0,1,0,43712
24470,24474,56518,0,0,1,41152
56519,24471,56520,1,0,1
56521,56520,56522,1,0,1
23792,56522,56523,0,0,1
23789,56523,56524,0,0,1
24805,56524,56525,1,0,1
24796,56525,56526,1,0,1
25452,56526,56527,0,0,1
25450,56527,56528,0,0,1
25448,56528,56529,0,0,1
56517,56529,56518,0,0,0
24435,56530,56531,0,1,1,2262
24443,56532,24441,0,1,0,2262
28099,24161,27400,0,0,0,9940
23900,24010,23732,0,0,0,2260
24132,25272,56533,1,0,1,213
24136,56533,56534,1,0,1
24135,56534,56535,1,0,1
24154,56535,56536,1,0,1
56479,56536,56537,0,0,1
56477,56537,56538,0,0,1
56539,56538,56540,1,0,1
23997,56540,25271,0,0,0
23990,23993,56541,0,0,1,213
25280,25283,56542,0,0,1
25278,56542,56541,0,0,0
23902,23904,56543,0,0,1,10453
24008,56543,56544,0,0,1
23726,23730,56545,1,1,1
24709,56545,56544,0,0,0
23796,23768,56546,0,0,1,1734
56547,56546,56548,1,0,1
56549,23738,24002,1,0,0,2261
26086,23694,56550,0,0,1,212
56551,56552,56553,1,1,1,3014
56554,56553,56555,1,0,1
23606,56555,56556,0,0,1
23594,23574,56557,0,0,1,1749
56539,56557,56475,0,0,0
56548,56558,56559,0,1,1,198
56560,56547,56561,1,0,1
24496,56561,56562,0,0,1
24638,24635,56563,1,1,1
24637,56563,56564,1,0,1
24632,24629,56565,1,1,1
24490,56565,56566,0,0,1
56567,56566,56568,1,0,1
56569,56568,56570,1,0,1
56571,56570,56572,1,0,1
56573,56572,56574,1,0,1
56575,56574,56576,1,0,1
56577,56578,56579,1,1,1
23377,56579,56580,0,0,1
23378,56580,56581,0,0,1
56554,56581,56582,0,0,1
56551,56582,56583,0,0,1
56556,56552,56584,0,0,1
56585,56584,56586,1,0,1
56564,56562,56587,0,0,1
56583,56576,56588,0,0,1
56586,56588,56589,0,0,1
56587,56559,56590,0,0,1
24630,56590,56589,1,0,0
23767,23613,56591,0,0,1,198
56558,56591,56585,0,0,0
23803,23797,56592,0,0,1,198
23794,56592,56593,0,0,1
56521,56593,56594,0,0,1
56519,56594,56560,0,0,0
23229,23303,56595,0,0,1,723
23365,56595,56596,1,0,1
23368,56596,56597,1,0,1
23367,56597,56598,1,0,1
23374,23372,56599,1,1,1
23362,56599,56600,1,0,1
23501,56600,56601,1,0,1
23089,23503,56602,1,1,1
24236,56602,56603,1,0,1
24238,56603,56604,1,0,1
56605,56604,56606,1,0,1
23307,56606,56607,0,0,1
56598,23305,56608,0,0,1
23370,56608,56609,1,0,1
56601,56609,56607,0,0,0
21954,22950,56610,1,0,1,212
21958,56610,56611,1,0,1
56612,56613,56614,1,1,1
23580,23520,56615,0,1,1
23721,56615,56616,1,0,1
24006,56616,56617,0,0,1
24004,56617,56618,0,0,1
24001,56618,56619,0,0,1
56549,56619,56620,0,0,1
23256,23246,56621,0,0,1
56611,56621,56622,0,0,1
23518,56622,56623,1,0,1
56620,56614,56624,0,0,1
23245,56624,56623,0,0,0
23299,23301,56625,0,0,1,707
56626,56625,56627,1,0,1
56628,56627,23217,1,0,0
23023,23255,56629,1,0,1,12500
23025,56629,56630,1,0,1
56631,23005,56632,1,1,1
22952,56632,56630,0,0,0
56633,56634,56635,1,1,1,42704
56636,23187,56637,1,1,1
22272,56638,56639,1,1,1
24169,24172,56640,0,0,1
56448,56640,56641,0,0,1
22885,56641,56642,0,0,1
56643,22904,56644,1,0,1
56635,56644,56645,0,0,1
56637,56645,56646,0,0,1
56639,56646,56647,0,0,1
56642,24171,56648,0,0,1
22906,56648,56647,0,0,0
22772,22776,56649,0,0,1,2774
56650,56649,56651,1,0,1
56652,56651,56653,1,0,1
56654,56653,56655,1,0,1
56631,22754,56656,0,0,1,16597
23004,56656,56657,1,0,1
23007,56657,56658,1,0,1
22399,22159,56659,1,1,1
56660,22401,56661,1,1,1
56658,56661,56659,0,0,0
22669,22663,56662,0,0,1,8404
56660,56662,56663,0,0,1
22405,22403,56664,1,1,1
22407,56664,56665,1,0,1
56666,56665,56663,1,0,0
56550,22615,56667,0,0,1,3028
26085,56667,56668,0,0,1
26013,56668,56669,1,0,1
26004,56669,56670,1,0,1
26283,26003,56671,1,1,1
26584,56671,56672,1,0,1
26577,56672,56673,1,0,1
26339,56673,56674,1,0,1
56471,56674,56675,0,0,1
56469,56675,56676,0,0,1
22614,56676,56670,0,0,0
5930,5932,22456,0,0,0,2775
56628,22413,56677,0,0,1,708
23296,56626,56678,0,0,1
23312,56678,56679,1,0,1
56680,56679,56681,1,0,1
21786,56681,56677,0,0,0
56575,56578,56682,0,0,1,199
56573,56682,56683,0,0,1
56569,56571,56684,0,0,1
56567,56684,56685,0,0,1
24488,56685,56686,0,0,1
24486,56686,56687,0,0,1
24265,56687,56688,1,0,1
24267,56688,56689,1,0,1
24257,56689,56690,1,0,1
24031,24256,56691,1,1,1
24033,56691,56692,1,0,1
24035,56692,56693,1,0,1
24367,24019,56694,1,1,1
24379,56694,56695,1,0,1
24285,56695,56696,1,0,1
24268,56696,56697,1,0,1
23552,56697,56698,1,0,1
23277,56698,56699,1,0,1
22451,56699,56700,1,0,1
22453,56700,56701,1,0,1
2926,56701,56702,0,0,1
2924,56702,56703,0,0,1
56704,56703,56705,1,0,1
6055,56705,56706,0,0,1
6053,56706,56707,0,0,1
56708,56709,56710,1,1,1
23262,23706,56711,1,1,1
23392,23261,56712,1,1,1
23396,23394,56713,1,1,1
23268,23386,56714,1,1,1
56715,56714,56716,1,0,1
23318,23315,56717,1,1,1
23272,56717,56718,1,0,1
6051,56718,56719,0,0,1
6047,56719,56720,0,0,1
6061,6048,56721,0,0,1
6045,56721,56722,0,0,1
22131,6043,56723,0,0,1
22136,56723,56724,0,0,1
22129,56724,56725,0,0,1
22126,56725,56726,0,0,1
56577,56726,56727,0,0,1
56683,56727,56728,0,0,1
56693,56690,56729,0,0,1
24020,56729,56730,1,0,1
56710,56707,56731,0,0,1
23703,56731,56732,1,0,1
23705,56732,56733,1,0,1
56711,56733,56734,0,0,1
56716,23387,56735,0,1,1
56720,56736,56737,0,1,1
56722,56737,56738,0,0,1
56734,56730,56739,0,0,1
56712,56739,56740,0,0,1
56738,56735,56741,0,0,1
56740,56728,56742,0,0,1
23391,56742,56743,1,0,1
56713,56743,56741,0,0,0
56744,22100,56745,1,0,1,1748
56746,56747,56748,1,1,1
56666,56748,56749,0,0,1
22409,56749,56750,1,0,1
22411,56750,56751,1,0,1
22165,22397,56752,1,1,1
21999,56752,56753,0,0,1
56745,56753,56751,0,0,0
21994,56746,22662,0,0,0,1748
22099,21544,56754,0,0,1,212
22011,56754,56755,0,0,1
21547,56755,21543,0,0,0
56744,56747,21996,0,0,0,18134
6057,21897,56756,0,0,1,1735
56704,56756,56757,0,0,1
2922,56757,56758,0,0,1
2920,56758,21896,0,0,0
22412,21633,21783,0,0,0,196
21464,21780,56759,0,0,1,8404
22013,56759,56760,1,0,1
22015,56760,56761,1,0,1
22017,56761,56762,1,0,1
22020,56762,56763,1,0,1
22259,56763,56764,1,0,1
23188,22261,56765,1,1,1
56633,56765,56766,0,0,1
56767,56766,56768,1,0,1
56769,56768,56770,1,0,1
56771,56772,56773,1,1,1
56774,56773,56775,1,0,1
56764,56776,56777,0,1,1
22262,56777,56778,1,0,1
56770,56778,56775,0,0,0
21564,56771,56779,0,0,1,8404
56780,56779,56781,1,0,1
22381,56782,56783,1,1,1,10455
22373,56783,56784,1,0,1
56785,56784,21724,1,0,0
21639,56786,56787,1,1,1,14550
21645,21641,56788,1,1,1
56789,56788,56790,1,0,1
56791,56790,56792,1,0,1
22370,56792,56793,1,0,1
56782,22369,56794,0,1,1
21649,56794,56795,0,0,1
56787,6272,56796,0,0,1
56793,21642,56797,0,1,1
56795,56797,56798,0,0,1
21658,56798,56796,0,0,0
21784,21635,21330,0,0,0,964
56769,56772,56799,0,0,1,212
56634,56767,56800,0,0,1
56643,56800,56801,0,0,1
21566,56801,56802,0,0,1
21563,56802,56799,0,0,0
56803,21552,56804,1,0,1,12500
56781,56804,56805,0,0,1
21608,56780,56806,0,0,1
21246,56806,56805,0,0,0
56776,21559,56807,0,0,1,12500
56774,56807,56803,0,0,0
56808,22009,21546,1,0,0,9940
21782,21466,56809,0,0,1,212
21311,21557,56810,1,0,1
20583,56810,56809,0,0,0
21166,21447,21162,0,0,0,8404
21326,21328,56811,0,0,1,2244
56812,56811,56813,1,0,1
56814,56813,56815,1,0,1
56816,56815,56817,1,0,1
21480,56817,21625,1,0,0
20076,20078,56818,0,0,1,16596
21554,21306,56819,0,1,1
21551,56819,56820,0,0,1
21247,56820,56818,0,0,0
56812,56821,21197,0,1,0,2245
21165,21168,56822,0,0,1,12500
21445,56822,56823,0,0,1
21174,21180,56824,0,0,1,12500
56808,56824,56825,0,0,1
22007,56825,56826,0,0,1
21886,21848,56827,1,1,1
21888,56827,56828,1,0,1
21875,21872,56829,1,1,1
21693,56829,56830,1,0,1
21448,56830,56831,0,0,1
21163,56831,56832,0,0,1
56828,56826,56833,0,0,1
21873,56833,56832,1,0,0
3262,3265,56834,0,0,1,8406
3259,56834,56835,0,0,1
20784,56835,56836,0,0,1
20782,56836,3264,0,0,0
21443,56823,56837,0,0,1,9940
21460,56837,20584,0,0,0
19866,19868,56838,0,0,1,12502
3273,56838,56839,0,0,1
3271,56839,20318,0,0,0
18530,20254,56840,0,0,1,14036
20084,56840,20082,0,0,0
20387,21251,56841,1,0,1,9941
20243,56841,20080,0,0,0
20312,20316,56842,0,0,1,8406
20310,20313,56843,0,0,1
20551,56843,56844,1,0,1
20323,56844,56845,1,0,1
19900,20322,56846,1,1,1
56847,56846,56848,1,0,1
56849,56848,56850,1,0,1
56851,56850,56852,1,0,1
20315,19870,56853,0,0,1
56842,56853,56854,0,0,1
56845,56854,56852,0,0,0
56855,56856,19780,1,1,0,42192
56857,56858,56859,1,1,1,43728
56785,56860,56861,0,1,1
22372,56861,56862,1,0,1
22375,56862,56863,1,0,1
22379,22377,56864,1,1,1
56791,56864,56865,0,0,1
56789,56865,56866,0,0,1
21644,56866,56867,1,0,1
6267,56867,56868,0,0,1
56869,56868,56870,1,0,1
56871,56870,56872,1,0,1
21022,21427,56873,1,1,1
21024,56873,56874,1,0,1
20194,56874,56875,1,0,1
20432,56875,56876,1,0,1
20436,20434,56877,1,1,1
19910,56877,56878,1,0,1
19586,19909,56879,1,1,1
56880,56879,56881,1,0,1
56882,56881,56883,1,0,1
19524,19592,56884,1,1,1
17571,19527,56885,1,1,1
56886,56885,56887,1,0,1
19505,56887,56888,0,0,1
19503,56888,56889,0,0,1
56855,56889,56890,0,0,1
56856,56890,56891,0,0,1
56872,56863,56892,0,0,1
56876,56892,56893,0,0,1
56884,56883,56894,0,0,1
56891,56894,56895,0,0,1
56893,56859,56896,0,0,1
56878,56896,56895,0,0,0
20992,19779,56897,1,0,1,43728
20995,56897,56898,1,0,1
20997,20994,56899,1,1,1
21002,20999,56900,1,1,1
23172,56900,56901,1,0,1
23176,23174,56902,1,1,1
56903,56902,56904,1,0,1
56905,56904,56906,1,0,1
21723,56906,56907,0,0,1
56860,56907,56908,0,0,1
56898,56858,56909,0,0,1
56899,56909,56910,0,0,1
21000,56910,56911,1,0,1
56908,56901,56912,0,0,1
56857,56912,56911,0,0,0
56913,19296,56914,1,0,1,1494
19130,19116,56915,0,0,1,1750
19127,56915,56916,0,0,1
56914,56916,56917,0,0,1
56918,56913,56919,1,0,1
6339,56920,56921,0,1,1
6337,6340,56922,0,0,1
6335,56922,56923,0,0,1
56917,56923,56924,0,0,1
56919,56924,56921,0,0,0
6352,19335,56925,0,0,1,1750
56920,56925,56918,0,0,0
56926,19076,56927,1,0,1,42688
56928,19071,56929,1,0,1,42688
56930,56931,19042,1,1,0,41168
56932,18694,19037,1,0,0,41168
19059,19061,56933,0,0,1,41168
56849,56851,56934,0,0,1
19902,56847,56935,1,0,1
56936,56935,56937,1,0,1
56938,56937,56939,1,0,1
56940,56939,56941,1,0,1
56933,56942,56943,0,1,1
56934,56943,56941,0,0,0
56944,18949,56945,1,0,1,11110
19429,56945,56946,1,0,1
19428,56946,56947,1,0,1
19432,56947,18216,1,0,0
13947,18791,56948,0,0,1,708
13944,56948,56949,0,0,1
13942,13945,56950,0,0,1
13940,56950,56951,0,0,1
21478,13938,56952,1,0,1
56816,56952,56953,0,0,1
56814,56953,56954,0,0,1
56821,56954,56955,0,0,1
56956,56955,56957,1,0,1
56958,56957,56959,1,0,1
18794,56960,56961,0,1,1
56949,56961,56962,0,0,1
56951,56962,56959,0,0,0
21191,21193,56963,0,0,1,708
19784,21189,56964,1,0,1
20402,56964,56965,1,0,1
56966,20404,56967,1,1,1
56956,56967,56968,0,0,1
21195,56968,56969,0,0,1
56963,56969,56965,0,0,0
18702,56970,56971,0,1,1,42704
56940,56942,56972,0,0,1,42704
56938,56972,56973,0,0,1
19904,56936,56974,1,0,1
19906,56974,56975,1,0,1
19871,56975,56976,1,0,1
19765,56976,56977,1,0,1
20178,19755,56978,1,1,1
19767,56978,56979,0,0,1
19499,56979,56980,0,0,1
56981,56980,56982,1,0,1
19065,56982,56983,0,0,1
19062,19066,56984,0,0,1
56985,56984,56986,1,0,1
56971,56986,56987,0,0,1
18700,56987,56988,0,0,1
18698,56988,56989,0,0,1
56990,56989,56991,1,0,1
56973,56991,56992,0,0,1
56977,56992,56993,0,0,1
19756,56993,56983,1,0,0
18696,56990,19038,0,0,0,42704
56994,56931,56995,1,0,1,43728
56932,56995,56996,0,0,1
18691,56996,56997,0,0,1
18692,56997,56998,0,0,1
17683,56998,56999,0,0,1
18673,56999,56930,0,0,0
19040,19043,56994,0,0,0,43728
18532,18515,57000,0,0,1,9940
20252,57000,57001,0,0,1
57002,57001,57003,1,0,1
18042,18044,57004,0,0,1,43968
57005,57004,57006,1,0,1
18128,57006,57007,1,0,1
18132,57007,57008,1,0,1
57009,57008,57010,1,0,1
57011,57012,57013,1,1,1
57014,57015,57016,1,1,1
57010,57016,57013,0,0,0
57017,57018,57019,1,1,1,2757
57020,57019,57021,1,0,1
17883,57021,57022,0,0,1
57023,57020,57024,1,0,1,43712
18475,57025,57026,1,1,1
18138,57026,57027,1,0,1
18142,18140,57028,1,1,1
57005,18129,57029,0,1,1
17708,57029,57030,0,0,1
57027,57024,57031,0,0,1
57028,57031,57030,0,0,0
57014,17684,57032,0,0,1,43712
57015,57032,57033,0,0,1
18484,57011,57034,1,0,1
18487,18483,57035,1,1,1
18580,57035,57036,1,0,1
18999,57036,57037,1,0,1
19023,57037,57038,1,0,1
19450,19022,57039,1,1,1
18678,57039,57040,0,0,1
18675,57040,57041,0,0,1
57033,18672,57042,0,0,1
57034,57042,57043,0,0,1
57038,57043,57041,0,0,0
56970,17688,57044,0,0,1,43712
57045,57044,57046,1,0,1
56927,57046,57047,0,0,1
57048,56926,57049,1,0,1
56929,57049,57050,0,0,1
57051,56928,57052,1,0,1
56886,57052,57053,0,0,1
17574,57053,57054,1,0,1
18504,57054,57055,1,0,1
18506,57055,57056,1,0,1
17605,57056,57057,1,0,1
57058,57057,57059,1,0,1
57047,57059,57050,0,0,0
19063,56985,57045,0,0,0,43712
19074,19077,57048,0,0,0,43712
19068,19072,57060,0,0,1,43712
56981,19069,57061,0,0,1
19506,57061,57062,0,0,1
57051,57062,57060,0,0,0
57063,17671,57064,1,0,1,10950
17983,57064,57065,1,0,1
18482,57065,57066,1,0,1
57025,18476,57067,0,1,1
57023,57067,57068,0,0,1
57017,57068,57069,0,0,1
57022,57018,57070,0,0,1
17670,57070,57071,0,0,1
57066,57071,57069,0,0,0
17808,17393,57072,1,0,1,10854
17984,57072,57073,1,0,1
57063,57073,57074,0,0,1
17478,57074,57075,0,0,1
17475,57075,17392,0,0,0
17079,17476,57076,1,0,1,14950
2630,17078,57077,0,1,1
17397,57077,57078,0,0,1
17395,57078,57076,0,0,0
57079,57080,16905,1,1,0,16596
57058,16686,57081,0,0,1,10950
17931,17608,57082,1,1,1
17935,17933,57083,1,1,1
17728,17726,57084,1,1,1
57085,17730,57086,1,1,1
57087,57086,57088,1,0,1
17186,57088,57089,1,0,1
57090,57089,57091,1,0,1
57081,57091,57092,0,0,1
57083,57082,57093,0,0,1
57084,17937,57094,0,1,1
57092,57094,57093,0,0,0
57095,16630,57096,1,0,1,9941
17422,57096,57097,1,0,1
17425,57097,57098,1,0,1
18080,57098,57099,1,0,1
18082,57099,57100,1,0,1
18070,57100,57101,1,0,1
16810,16914,57102,1,1,1
57103,57102,57104,1,0,1
15185,57104,57105,0,0,1
16631,15186,57106,0,0,1
57101,57106,57105,0,0,0
16610,16626,57107,0,0,1,212
57079,57107,57108,0,0,1
16464,16467,57109,0,0,1,14533
57110,57109,57111,1,0,1
16364,57111,57112,1,0,1
20250,57002,57113,0,0,1,1748
20393,57113,57114,1,0,1
20379,57114,57115,1,0,1
20100,57115,57116,1,0,1
20092,57116,57117,1,0,1
20011,20009,57118,1,1,1
19366,57118,57119,1,0,1
18765,57119,57120,1,0,1
18769,18767,57121,1,1,1
18771,57121,57122,1,0,1
57123,18760,57124,1,1,1
57125,57124,57126,1,0,1
16390,57127,57128,0,1,1
16388,57128,57129,0,0,1
57108,57129,57130,0,0,1
57080,57130,57131,0,0,1
57132,57131,57133,1,0,1
57003,57133,57134,0,0,1
57120,57117,57135,0,0,1
18764,57135,57136,1,0,1
57122,57136,57137,0,0,1
57126,57137,57134,0,0,0
16903,57132,18514,0,0,0,1748
57127,16314,57138,0,0,1,9940
57125,57138,57139,0,0,1
18546,18772,57140,1,1,1
17444,57140,57141,1,0,1
17641,57141,57142,1,0,1
17643,57142,57143,1,0,1
17648,17645,57144,1,1,1
17650,17647,57145,1,1,1
17423,17638,57146,1,1,1
57095,57146,57147,0,0,1
57139,57147,57148,0,0,1
57144,57143,57149,0,0,1
57148,57145,57150,0,0,1
57123,57150,57149,0,0,0
16172,16158,57151,0,0,1,14550
6066,16170,57152,0,0,1
6125,57152,57151,0,0,0
57153,57154,57155,1,1,1,8404
16890,57155,57156,0,0,1
16891,57156,57157,0,0,1
16888,57157,57158,0,0,1
16622,57158,57159,0,0,1
16620,57159,57160,0,0,1
16618,57160,16096,0,0,0
6120,15357,57161,0,0,1,43216
17298,57161,57162,1,0,1
6234,57162,57163,0,0,1
6232,57163,57164,0,0,1
6229,57164,57165,0,0,1
6227,6230,57166,0,0,1
57167,57166,57168,1,0,1
57169,57168,57170,1,0,1
15361,57170,57171,0,0,1
15359,57171,57165,0,0,0
57172,57173,57174,1,1,1,9942
57175,57174,57176,1,0,1
15284,57176,57177,0,0,1
16321,13853,57178,0,0,1,42704
16627,57178,57179,0,0,1
15220,57179,57180,0,0,1
15218,57180,13854,0,0,0
57181,57169,57182,1,0,1,42704
15109,57182,15116,0,0,0
17185,57090,57183,1,0,1,10438
57110,57183,15056,0,0,0
6074,6078,57184,0,0,1,14549
6071,6075,57185,0,0,1
6069,6072,57186,0,0,1
14893,57186,57187,0,0,1
57184,57187,57185,0,0,0
57181,14837,57188,0,0,1,1750
57167,57188,57189,0,0,1
6225,57189,6223,0,0,0
14537,2182,57190,1,0,1,1750
14850,57190,57191,1,0,1
57192,57191,57193,1,0,1
57173,57193,57194,0,0,1
14546,57177,57195,0,0,1
14547,57195,57196,0,0,1
14558,57196,57194,0,0,0
57197,14502,57198,1,0,1,10453
6083,57198,6080,0,0,0
57199,57200,57201,1,1,1,2246
14280,57201,14313,0,0,0
57202,14031,57203,1,0,1,1750
20406,56966,57204,1,0,1,709
20408,57204,57205,1,0,1
20410,57205,57206,1,0,1
20412,57206,57207,1,0,1
20414,57207,57208,1,0,1
20399,57208,57209,1,0,1
19793,57209,57210,1,0,1
57211,19782,57212,1,1,1
13951,57212,57213,0,0,1
13952,57213,57214,0,0,1
18792,13949,57215,0,0,1
18797,57215,57216,0,0,1
57217,18796,57218,1,0,1
57210,57218,57219,0,0,1
57214,57219,57216,0,0,0
56960,57217,56958,0,0,0,709
14911,14909,57220,1,1,1,41168
14141,14138,57221,1,1,1
14140,57221,57222,1,0,1
57223,57222,57224,1,0,1
57225,57224,57226,1,0,1
13834,57226,57227,0,0,1
57220,15215,57228,0,0,1
14136,57228,57227,1,0,0
57192,57172,57229,0,0,1,8406
14852,57229,57230,1,0,1
16174,57230,57231,1,0,1
16176,16173,57232,1,1,1
16178,57232,57233,1,0,1
16199,16181,57234,1,1,1
18163,57234,57235,1,0,1
18518,18436,57236,0,1,1
16899,57236,57237,0,0,1
16897,57237,57238,0,0,1
16893,16895,57239,0,0,1
57153,57239,57240,0,0,1
13514,57154,57241,0,0,1
57175,57241,57242,0,0,1
57231,57242,57243,0,0,1
57233,57243,57244,0,0,1
57235,57244,57245,0,0,1
57238,57245,57240,0,0,0
6605,6609,57246,0,0,1,2245
13419,57246,57247,1,0,1
13663,57247,57248,1,0,1
13665,57248,57249,1,0,1
13669,13667,57250,1,1,1
13859,13888,57251,1,1,1
15070,13858,57252,0,1,1
15068,57252,57253,0,0,1
15066,57253,57254,0,0,1
14987,57254,57255,1,0,1
14980,57255,57256,1,0,1
16460,15061,57257,0,0,1
16466,57257,57258,0,0,1
57259,57258,57260,1,0,1
57199,57260,57261,0,0,1
57200,57261,57262,0,0,1
13303,57262,57263,0,0,1
13332,13301,57264,0,0,1
57249,57264,57265,0,0,1
57250,57265,57266,0,0,1
57251,57266,57267,0,0,1
57256,57267,57268,0,0,1
57263,14979,57269,0,1,1
13300,57269,57268,0,0,0
57112,57259,57270,0,0,1,2245
16369,16367,57271,1,1,1
14282,57271,57272,0,0,1
14279,14283,57273,0,0,1
57270,57273,57272,0,0,0
13277,13279,57274,0,0,1,42704
57225,57274,57275,0,0,1
57223,57275,57276,0,0,1
13557,14122,57277,1,1,1
13696,13559,57278,1,1,1
57279,57280,57281,1,1,1
57282,57281,57283,1,0,1
57278,57277,57284,0,0,1
57283,13691,57285,0,1,1
57276,57285,57284,0,0,0
2100,2103,13077,0,0,0,9174
57286,12770,57287,1,0,1,1494
57288,57289,57290,1,1,1
57291,57290,57292,1,0,1
57293,57294,57295,1,1,1
12773,57296,57297,0,1,1
12772,57297,57298,0,0,1
57287,57298,57299,0,0,1
57292,57299,57295,0,0,0
11793,12107,11818,0,0,0,212
12047,12051,57300,0,0,1,2262
12048,57300,57301,0,0,1
57203,12045,57302,0,0,1
57303,57202,57304,1,0,1
1185,57305,57306,0,1,1
1181,57306,57307,0,0,1
1182,57307,57308,0,0,1
1520,57308,57309,0,0,1
1178,57309,57310,0,0,1
1176,1179,57311,0,0,1
1170,1172,57312,0,0,1
57313,57312,57314,1,0,1
12050,57314,57315,0,0,1
57301,57315,57316,0,0,1
57310,57304,57317,0,0,1
57316,1174,57318,0,0,1
12044,57318,57319,0,0,1
57317,57302,57320,0,0,1
57311,57320,57319,0,0,0
1190,1193,57321,0,0,1,2262
57305,57321,57322,0,0,1
57303,57322,14029,0,0,0
11767,11941,11764,0,0,0,1750
12121,12123,57323,0,0,1,41168
12004,12119,57324,1,0,1
10719,57324,57325,0,0,1
11792,57325,57323,0,0,0
11816,11790,57326,0,0,1,41168
57282,57326,57327,0,0,1
57279,57327,57328,0,0,1
12264,57329,57330,1,1,1
12267,57330,57331,1,0,1
12106,57331,57332,0,0,1
11789,57332,57328,0,0,0
11766,11769,57333,0,0,1,3030
11939,57333,57334,0,0,1
11937,57334,2093,0,0,0
2098,11760,57335,0,0,1,3030
11934,57335,57336,0,0,1
11935,57336,11762,0,0,0
13329,6629,57337,0,0,1,2261
13326,57337,57338,0,0,1
13327,57338,57339,0,0,1
13324,57339,57340,0,0,1
14305,13322,57341,0,0,1
6102,57341,57342,0,0,1
14810,6099,57343,1,0,1
57344,14812,57345,1,1,1
57346,57345,57347,1,0,1
11708,57348,57349,0,1,1
57340,11705,57350,0,0,1
57343,57342,57351,0,0,1
14809,57351,57352,1,0,1
57347,57352,57353,0,0,1
57349,57353,57350,0,0,0
57354,11597,57355,1,0,1,1750
57356,57355,57357,1,0,1
57358,57357,11600,1,0,0
57359,1167,57360,1,0,1,1750
57361,57360,57362,1,0,1
57288,57362,57363,0,0,1
57289,57363,57364,0,0,1
57286,57364,57365,0,0,1
11593,57365,57366,0,0,1
11617,57366,57313,0,0,0
11512,11514,57367,0,0,1,43216
6423,57367,57368,0,0,1
6434,57368,57369,0,0,1
6432,57369,6421,0,0,0
57370,57371,57372,1,1,1,869
57373,57372,57374,1,0,1
11449,57374,57375,0,0,1
7082,11290,57376,0,0,1,10853
7080,7083,57377,0,0,1
6574,57377,57376,0,0,0
7028,11273,10943,0,0,0,14948
7036,11271,7033,0,0,0,14948
57378,10869,57379,1,0,1,10453
11041,57379,11056,0,0,0
57380,57381,57382,1,1,1,18646
11310,11331,57383,1,1,1
11313,11309,57384,1,1,1
11402,11312,57385,1,1,1
11480,11372,57386,1,1,1
6438,57386,57387,0,0,1
10947,57387,57388,0,0,1
10951,57388,57389,0,0,1
57390,57389,57391,1,0,1
57392,57391,57393,1,0,1
57383,57382,57394,0,0,1
57384,57394,57395,0,0,1
57385,57395,57393,0,0,0
1780,6876,57396,1,0,1,2660
10961,57396,57397,1,0,1
10963,57397,57398,1,0,1
11262,57398,57399,1,0,1
11275,57399,10944,0,0,0
57400,57401,57402,1,1,1,981
14500,57403,57404,0,1,1
14174,57404,57405,1,0,1
13806,12514,57406,1,1,1
13812,13810,57407,1,1,1
13816,13814,57408,1,1,1
12526,13802,57409,1,1,1
12528,57409,57410,1,0,1
13219,57410,57411,1,0,1
13221,57411,57412,1,0,1
13223,57412,57413,1,0,1
13227,13225,57414,1,1,1
12537,13215,57415,1,1,1
11162,11159,57416,1,1,1
11164,57416,57417,1,0,1
57418,57417,57419,1,0,1
57420,57419,57421,1,0,1
57422,10923,57423,1,0,1
10920,57422,57424,0,0,1
57373,57424,57425,0,0,1
57426,57425,57427,1,0,1
6566,57427,57428,0,0,1
11710,57428,57429,0,0,1
11707,57429,57430,0,0,1
57431,57430,57432,1,0,1
57405,57402,57433,0,0,1
57406,57433,57434,0,0,1
13808,57434,57435,1,0,1
57407,57435,57436,0,0,1
57408,57436,57437,0,0,1
57413,57437,57438,0,0,1
57414,57438,57439,0,0,1
57415,57439,57440,0,0,1
57421,57440,57441,0,0,1
57423,57441,57432,0,0,0
57346,57348,57442,0,0,1,981
57344,57442,57443,0,0,1
14803,57443,57444,1,0,1
6085,14819,57445,0,1,1
57197,6082,57446,0,0,1
57403,57446,57447,0,0,1
57400,57447,57448,0,0,1
57431,57401,57449,0,0,1
57444,57449,57450,0,0,1
57445,57450,57448,0,0,0
57392,57451,57452,0,1,1,14550
57390,57452,10874,0,0,0
11051,11054,57453,0,0,1,14549
57380,11296,57454,0,1,1
57455,57454,57456,1,0,1
10872,57456,57453,0,0,0
10717,10720,57457,0,0,1,213
10714,57457,57458,0,0,1
10283,57458,57459,0,0,1
10902,57459,57460,1,0,1
10884,57460,11795,1,0,0
10562,10564,57461,0,0,1,10454
57455,57461,57462,0,0,1
57381,57462,57451,0,0,0
10351,10353,10335,0,0,0,43216
57463,10349,10337,1,0,0,1749
57464,57465,57466,1,1,1,1749
57467,57468,57469,1,1,1
57470,57469,57471,1,0,1
57472,57471,57473,1,0,1
57474,57473,57475,1,0,1
10342,57475,57476,0,0,1
57466,10333,57477,0,0,1
57478,57477,57476,1,0,0
10743,10715,57479,0,0,1,1749
57480,10744,57481,1,0,1
9743,57481,57482,0,0,1
9740,9744,57483,0,0,1
9738,9741,57484,0,0,1
9735,57484,57485,0,0,1
7284,9736,57486,0,0,1
10273,57486,57487,0,0,1
10286,57487,57488,0,0,1
57479,57488,57489,0,0,1
57483,57482,57490,0,0,1
57485,57490,57489,0,0,0
57491,57492,10165,1,1,0,982
10064,10097,57493,0,0,1,1637
57494,57493,57495,1,0,1
57496,57495,57497,1,0,1
57467,57498,57499,0,1,1
57478,57468,57500,0,0,1
57464,57500,57501,0,0,1
10067,57465,57502,0,0,1
57499,57497,57503,0,0,1
57501,57503,57502,0,0,0
57504,10061,57505,1,0,1,1637
57496,57505,57494,0,0,0
10088,10048,57506,0,0,1,1637
57426,6569,57507,0,0,1
57370,57507,57508,0,0,1
57371,57508,57509,0,0,1
57375,57509,57506,0,0,0
6923,10002,57510,0,0,1,2262
6921,57510,57511,0,0,1
10184,57511,57512,1,0,1
10207,57512,6631,1,0,0
57513,57514,57515,1,1,1,2262
57358,57515,57516,0,0,1
57517,57354,57518,1,0,1
57296,57518,57519,0,0,1
57293,57519,57520,0,0,1
57361,57291,57521,0,0,1
1168,57359,57522,0,0,1
1469,57522,57523,0,0,1
1165,57523,57524,0,0,1
1160,1163,57525,0,0,1
1152,1154,57526,0,0,1
1466,1150,57527,0,0,1
1147,1464,57528,0,0,1
1145,57528,57529,0,0,1
1143,57529,57530,0,0,1
16574,16570,57531,1,1,1
16606,16573,57532,1,1,1
16608,57532,57533,1,0,1
16791,16594,57534,1,1,1
15430,16793,57535,1,1,1
15432,57535,57536,1,0,1
15437,57536,57537,1,0,1
15434,57537,57538,1,0,1
2169,57538,57539,0,0,1
2166,57539,57540,0,0,1
2167,57540,57541,0,0,1
2164,57541,57542,0,0,1
2161,57542,57543,0,0,1
2159,2162,57544,0,0,1
2152,2155,57545,0,0,1
2150,57545,57546,0,0,1
11190,57546,57547,1,0,1
11193,11189,57548,1,1,1
11195,11192,57549,1,1,1
10936,11198,57550,1,1,1
10941,10939,57551,1,1,1
10929,10926,57552,1,1,1
10190,57552,57553,1,0,1
10195,10193,57554,1,1,1
6917,57554,57555,0,0,1
6915,57555,57556,0,0,1
9916,57556,57557,0,0,1
9917,57557,57558,0,0,1
9929,57558,57559,0,0,1
9913,57559,57560,0,0,1
9914,57560,57561,0,0,1
57520,57356,57562,0,0,1
57294,57562,57563,0,0,1
57525,1162,57564,0,0,1
57526,1156,57565,0,0,1
57530,57527,57566,0,0,1
16566,57566,57567,1,0,1
57543,57534,57568,0,0,1
57544,57568,57569,0,0,1
2157,57569,57570,0,0,1
57548,57547,57571,0,0,1
57553,10927,57572,0,1,1
57561,57572,57573,0,0,1
57563,57516,57574,0,0,1
57564,57524,57575,0,0,1
1158,57575,57576,0,0,1
57565,57576,57577,0,0,1
57567,1149,57578,0,0,1
57570,16595,57579,0,1,1
57573,57551,57580,0,0,1
57577,57521,57581,0,0,1
57578,57581,57582,0,0,1
57579,57533,57583,0,0,1
57580,57550,57584,0,0,1
57583,57531,57585,0,0,1
57584,11173,57586,0,1,1
57574,57586,57587,0,0,1
57585,16546,57588,0,1,1
57587,57549,57589,0,0,1
57588,57582,57590,0,0,1
2154,57590,57591,0,0,1
57571,57591,57589,0,0,0
9910,9944,57592,0,0,1,2262
9947,9911,57593,0,0,1
9908,9937,57594,0,0,1
1271,9906,57595,0,0,1
1268,57595,57596,0,0,1
1265,57596,57597,0,0,1
1485,1266,57598,0,0,1
1263,57598,57599,0,0,1
1261,57599,57600,0,0,1
1255,1257,57601,0,0,1
11168,1250,57602,1,0,1
1243,11170,57603,0,1,1
11604,57603,57604,0,0,1
11602,57604,57605,0,0,1
57513,57605,57606,0,0,1
57592,57514,57607,0,0,1
57597,57594,57608,0,0,1
57600,57608,57609,0,0,1
57601,1259,57610,0,0,1
57606,57602,57611,0,0,1
57609,9942,57612,0,0,1
57610,57612,57613,0,0,1
57611,1253,57614,0,0,1
57607,57614,57615,0,0,1
57593,57615,57613,0,0,0
11598,57517,12767,0,0,0,2262
57616,9798,57617,1,0,1,9829
57618,57617,9787,1,0,0
9757,7228,9755,0,0,0,1750
9670,57619,57620,1,1,1,2150
9672,57620,57621,1,0,1
6515,57621,57622,0,0,1
6511,57622,57623,0,0,1
6512,57623,57624,0,0,1
6545,57624,57625,0,0,1
6509,57625,57626,0,0,1
6507,57626,57627,0,0,1
10211,57627,57628,1,0,1
10208,57628,57629,1,0,1
6500,57629,57630,0,0,1
6498,57630,57631,0,0,1
6495,57631,57632,0,0,1
10001,6496,57633,1,0,1
9404,57633,57634,1,0,1
9732,57634,57635,1,0,1
8798,57635,57636,0,0,1
9649,57636,57637,0,0,1
57638,9648,57639,1,0,1
57632,57639,57637,0,0,0
57640,57641,57642,1,1,1,10455
9624,57643,57644,1,1,1
9644,9642,57645,1,1,1
9802,57645,57646,1,0,1
1339,57646,57647,0,0,1
9554,1335,57648,0,0,1
9552,57648,57649,0,0,1
57650,9549,57651,1,0,1
57652,57651,57653,1,0,1
57654,57655,57656,1,1,1
57642,57656,57657,0,0,1
57644,57657,57658,0,0,1
57647,57658,57659,0,0,1
57653,57649,57660,0,0,1
57659,57661,57662,0,1,1
1337,57662,57660,0,0,0
9547,57641,9545,0,0,0,10455
57654,9536,57663,0,0,1,14549
57664,9541,57665,1,0,1,14549
9646,57665,57666,1,0,1
9640,57666,57667,1,0,1
57640,57643,57668,0,0,1
57667,9543,57669,0,0,1
9625,57669,57668,1,0,0
57670,9514,57671,1,0,1,14550
9062,9550,57672,1,0,1,10454
9522,9066,57673,0,1,1
9518,9520,57674,0,0,1
57675,9516,57676,1,0,1
57673,57672,57677,0,0,1
57674,57677,57676,0,0,0
9509,9512,57678,0,0,1,10454
57663,57678,57679,0,0,1
57655,57679,57680,0,0,1
57652,57661,57681,0,0,1
57650,57681,57682,0,0,1
57675,57682,57683,0,0,1
57671,57683,57684,0,0,1
57670,57684,57680,0,0,0
57463,57685,57686,0,1,1,2261
10346,57686,57687,0,0,1
10347,57687,57688,0,0,1
57474,10341,57689,0,0,1
57472,57689,57690,0,0,1
57470,57690,57691,0,0,1
57498,57691,57692,0,0,1
57693,57692,57694,1,0,1
57695,57694,57696,1,0,1
57378,57696,57697,0,0,1
10870,57697,57698,0,0,1
10380,57698,57699,1,0,1
10384,10382,57700,1,1,1
10386,57700,57701,1,0,1
10388,57701,57702,1,0,1
10177,10371,57703,1,1,1
10179,10176,57704,1,1,1
10181,57704,57705,1,0,1
9888,10172,57706,1,1,1
9890,57706,57707,1,0,1
9849,57707,57708,1,0,1
9854,9852,57709,1,1,1
9856,57709,57710,1,0,1
57711,57712,57713,1,1,1
9638,9762,57714,1,1,1
57664,57714,57715,0,0,1
9486,57715,57716,0,0,1
9491,57716,57717,0,0,1
9489,57717,57718,0,0,1
9484,57718,57719,0,0,1
9468,9470,57720,0,0,1
57618,9463,57721,0,0,1
57616,57721,57722,0,0,1
57688,57722,57723,0,0,1
57699,10344,57724,0,0,1
57702,57724,57725,0,0,1
57703,57725,57726,0,0,1
57705,57726,57727,0,0,1
57708,10173,57728,0,1,1
57710,57728,57729,0,0,1
57713,57729,57730,0,0,1
57719,9763,57731,0,1,1
57720,57731,57732,0,0,1
57723,9466,57733,0,0,1
57727,57733,57734,0,0,1
57730,57734,57732,0,0,0
9796,57685,57735,0,0,1,2261
10071,57735,10330,0,0,0
57736,57504,57737,1,0,1,2261
57420,57738,57739,0,1,1
57418,57739,57740,0,0,1
11144,57740,57741,1,0,1
11043,57741,57742,0,0,1
11040,57742,57743,0,0,1
57695,57743,57744,0,0,1
57693,57744,57737,0,0,0
57736,57738,57745,0,0,1,2261
10058,10062,57746,0,0,1
10909,57746,57745,0,0,0
57747,57748,9274,1,1,0,3030
57749,9207,57750,1,0,1,2788
57751,9201,57752,1,0,1,2788
7016,7018,57753,0,0,1,2662
9668,57753,57754,1,0,1
57638,57619,57755,0,0,1
8867,57755,57756,0,0,1
8865,57756,57757,0,0,1
8863,57757,57754,0,0,0
8673,8694,8637,0,0,0,2660
8701,8703,57758,0,0,1,2148
6962,8699,57759,0,0,1
6958,57759,57760,0,0,1
57761,57760,57762,1,0,1
8665,57762,57758,0,0,0
8659,8661,57763,0,0,1,10853
6964,57763,57764,0,0,1
6970,8655,6968,0,0,0,10853
57764,8638,8693,0,0,0,10341
57765,57766,57767,1,1,1,2149
7531,57768,57769,1,1,1
6980,57769,57770,0,0,1
6976,57770,57771,0,0,1
7005,6977,57772,0,0,1
6974,57772,57773,0,0,1
57774,8612,57775,1,0,1
57776,57775,57777,1,0,1
57778,57779,57780,1,1,1
57781,57782,57783,1,1,1
57784,57783,57785,1,0,1
57767,57785,57786,0,0,1
57771,57786,57787,0,0,1
57777,57773,57788,0,0,1
57789,57788,57790,1,0,1
57780,57790,57787,0,0,0
57784,57766,57791,0,0,1,2149
8550,57791,8548,0,0,0
7590,7592,8541,0,0,0,2148
7529,7586,57792,1,0,1,2148
57768,57792,57793,0,0,1
8546,57765,57794,0,0,1
8543,57794,57793,0,0,0
57781,8525,57795,0,0,1,2148
57778,57782,57796,0,0,1
57779,57796,57797,0,0,1
57776,57789,57798,0,0,1
57774,57798,57799,0,0,1
8524,57799,57800,0,0,1
57795,57800,57797,0,0,0
6959,57761,57801,0,0,1,2149
6956,57801,57802,0,0,1
8751,57802,57803,1,0,1
8749,57803,57804,1,0,1
8736,8732,57805,1,1,1
6940,8735,57806,0,1,1
9004,6937,57807,1,0,1
9003,57807,57808,1,0,1
9009,9006,57809,1,1,1
9012,9008,57810,1,1,1
9011,57810,57811,1,0,1
9015,57811,57812,1,0,1
9014,57812,57813,1,0,1
57814,57813,57815,1,0,1
57816,57815,57817,1,0,1
57818,57817,57819,1,0,1
8262,57820,57821,0,1,1
8263,57821,57822,0,0,1
8260,57822,57823,0,0,1
8286,8258,57824,0,0,1
57804,8253,57825,0,0,1
8733,57825,57826,1,0,1
57808,57806,57827,0,0,1
57809,57827,57828,0,0,1
57823,57819,57829,0,0,1
8257,57829,57830,0,0,1
57826,8255,57831,0,0,1
57805,57831,57832,0,0,1
57830,57828,57833,0,0,1
57824,57833,57832,0,0,0
57834,57835,57836,1,1,1,982
8223,57836,57837,0,0,1
8219,57837,57838,0,0,1
7388,7390,57839,0,0,1,982
7386,57839,7874,0,0,0
7863,7856,57840,0,0,1,982
7861,57840,57841,0,0,1
8167,57841,57842,0,0,1
8164,57842,57843,0,0,1
8165,57843,57844,0,0,1
8157,8161,57845,1,0,1
8159,8151,57846,0,1,1
8203,57846,57847,0,0,1
7319,57847,57848,0,0,1
7316,57848,57849,0,0,1
57844,7314,57850,0,0,1
57845,57850,57851,0,0,1
8152,57851,57849,1,0,0
7793,7796,57852,0,0,1,2662
57853,57852,57854,1,0,1
57855,57854,57856,1,0,1
7780,57857,7798,0,1,0,2662
57858,57859,57860,1,1,1,2662
57861,57860,57862,1,0,1
57863,57862,57864,1,0,1
57865,57866,57867,1,1,1
57868,57867,57869,1,0,1
57870,57869,57871,1,0,1
57872,57871,57873,1,0,1
57874,57873,57875,1,0,1
57876,57875,57877,1,0,1
57878,57877,57879,1,0,1
7774,57879,57880,0,0,1
7778,57880,57864,0,0,0
7791,57881,57882,0,1,1,2150
57883,57882,7773,1,0,0
8692,8690,57884,1,1,1,2150
8681,8679,57885,1,1,1
8685,8683,57886,1,1,1
8272,8687,57887,0,1,1
8269,8289,57888,0,0,1
8267,57888,57889,0,0,1
57890,8265,57891,1,0,1
57892,57893,57894,1,1,1
57895,57894,57896,1,0,1
57897,57896,57898,1,0,1
57897,57899,57900,0,1,1
57892,57895,57901,0,0,1
57890,57893,57902,0,0,1
57820,57902,57903,0,0,1
57818,57903,57904,0,0,1
57816,57904,57905,0,0,1
57814,57905,57906,0,0,1
8845,57906,57907,0,0,1
8842,57907,57908,0,0,1
8838,8840,57909,0,0,1
8834,8836,57910,0,0,1
8832,57910,57911,0,0,1
8826,8828,57912,0,0,1
8125,8824,57913,1,0,1
8127,57913,57914,1,0,1
8129,57914,57915,1,0,1
8133,8131,57916,1,1,1
8135,57916,57917,1,0,1
7802,7785,57918,0,0,1
7782,57918,57919,0,0,1
57920,7779,57921,1,0,1
57922,57921,57923,1,0,1
57857,57920,57924,0,0,1
57925,57924,57926,1,0,1
57927,57926,57928,1,0,1
57856,57928,57929,0,0,1
57853,57855,57930,0,0,1
57881,57930,57931,0,0,1
57878,57931,57932,0,0,1
57876,57932,57933,0,0,1
57872,57874,57934,0,0,1
57865,57868,57935,0,0,1
57863,57866,57936,0,0,1
7756,57859,57937,0,0,1
7752,57937,57938,0,0,1
57939,7753,57940,1,0,1
57941,57940,57942,1,0,1
57943,57942,57944,1,0,1
57945,57946,57947,1,1,1
57948,57947,57949,1,0,1
57950,57949,57951,1,0,1
7740,57952,57953,0,1,1
7737,57953,57954,0,0,1
7735,57954,57955,0,0,1
8047,7733,57956,1,0,1
8050,57956,57957,1,0,1
8049,57957,57958,1,0,1
7681,57958,57959,0,0,1
8279,57959,57960,0,0,1
8277,8280,57961,0,0,1
8274,57961,57962,0,0,1
57884,8271,57963,0,0,1
57889,57887,57964,0,0,1
57891,57964,57965,0,0,1
57898,57965,57966,0,0,1
57909,57908,57967,0,0,1
57911,57967,57968,0,0,1
57917,57915,57969,0,0,1
57923,57919,57970,0,0,1
57922,57970,57971,0,0,1
57933,57929,57972,0,0,1
57934,57972,57973,0,0,1
57938,57858,57974,0,0,1
57944,57974,57975,0,0,1
57955,57951,57976,0,0,1
57960,57976,57977,0,0,1
57962,57977,57978,0,0,1
8275,57978,57979,0,0,1
57963,57979,57980,0,0,1
8677,57980,57981,1,0,1
57966,8688,57982,0,1,1
57968,57901,57983,0,0,1
8830,57983,57984,0,0,1
57912,57984,57985,0,0,1
57971,57969,57986,0,0,1
57975,57861,57987,0,0,1
57981,57987,57988,0,0,1
8676,57988,57989,1,0,1
57885,57989,57990,0,0,1
57886,57990,57991,0,0,1
57985,57900,57992,0,0,1
57986,57992,57993,0,0,1
57991,57936,57994,0,0,1
57993,57899,57995,0,0,1
57973,57995,57996,0,0,1
57870,57996,57997,0,0,1
57994,57935,57998,0,0,1
57982,57998,57997,0,0,0
57950,57952,57999,0,0,1,2150
57948,57999,58000,0,0,1
7795,7799,58001,0,0,1,2150
57927,58001,57925,0,0,0
7746,7729,58002,0,0,1,2149
7724,58003,58004,1,1,1
58005,58004,58002,1,0,0
58006,58007,58008,1,1,1,2149
7769,58009,58010,0,1,1
7767,58010,58011,0,0,1
7765,58011,58012,0,0,1
7772,7761,58013,0,0,1
58014,58013,58015,1,0,1
7747,58015,58016,1,0,1
7750,58016,58017,1,0,1
58018,7751,58019,1,1,1
7742,58019,58020,0,0,1
58012,58008,58021,0,0,1
7763,58021,58022,0,0,1
58017,7760,58023,0,0,1
58020,58023,58024,0,0,1
7739,58024,58025,0,0,1
58000,58025,58022,0,0,0
57939,57941,58026,0,0,1,2149
58009,58026,58027,0,0,1
58006,58027,58028,0,0,1
57945,58007,58029,0,0,1
57946,58029,58030,0,0,1
57943,58030,58028,0,0,0
7727,58005,58031,1,0,1,2277
7728,58031,58032,1,0,1
58033,58032,7691,1,0,0
8522,8538,58034,1,0,1,2276
7662,8523,58035,0,1,1
7658,58035,58036,0,0,1
7659,58036,58037,0,0,1
7656,58037,58038,0,0,1
7653,58038,58039,0,0,1
7651,7654,58040,0,0,1
7646,7649,58041,0,0,1
7644,7647,58042,0,0,1
58043,58042,58044,1,0,1
7607,58044,58045,0,0,1
58034,7594,58046,0,0,1
58039,58046,58047,0,0,1
58040,58047,58048,0,0,1
58045,58041,58049,0,0,1
7596,58049,58048,0,0,0
8544,7588,8540,0,0,0,2276