-169.316542,23.873556,0,22,23,571,572
-172.535889,22.262546,0,572,609,610,611
-172.547489,22.134505,0,22,573,574,606,610
-165.868332,28.525677,1,2,570,597,598
-168.279749,27.597138,1,571,572,598,605,608,609
-166.644256,26.409824,1,2,23,24,571
-156.004004,28.264615,2,3,4,24,25,570
-153.331547,28.524634,3,4,568,569
-155.190495,28.929451,3,569,570,596,597
-152.532434,26.536143,4,5,25,26,567,568
-147.471485,26.669751,5,6,26,27,565,566
-150.394231,26.674437,5,566,567
-145.331186,27.069362,6,7,8,9,10,27,28,29,30,563,564
-146.926989,27.728498,6,564,565
-142.128202,28.531637,7,8,106,107,561,562
-145.337643,27.324323,7,562,563
-140.80199,27.724213,8,9,106,2179
-141.601887,25.341749,9,10,2082,2083,2136,2179,2180,2186
-144.532102,23.859043,10,11,12,13,14,15,16,17,28,2082
-143.992206,21.862348,11,12,2134
-143.73549,21.869666,11,2082,2083,2084,2134,2135
-144.016043,21.738512,12,13,1912,1913,2134,2135,2142
-145.886299,20.407971,13,14,1897,1898,1912
-146.130838,20.398208,14,15,1770,1897
-147.185751,20.788155,15,16,1770,1771,1772,1774
-149.829873,22.934567,16,17,64,65,66,78,1769,1773,1774
-150.938844,24.412084,17,18,28,29,63,64
-163.459549,20.132245,18,19,20,21,29,30,1050,1051
-155.467234,22.80597,18,62,63,1051,1055,1056
-169.863505,18.017478,19,20,574,575,576,577,578,579,580,581,599,600,601,602,606
-168.26344,17.344369,19,575,1050
-170.134503,20.66428,20,21,573,574
-167.996293,21.592148,21,22,23,24,25,26,27,30,573
-162.667144,-0.930376,31,32,33,34,53,54,1041,1042
-167.76108,-2.002331,31,482,483,1042
-169.3269,-3.59941,31,52,53,483,484,485,489
-158.385671,2.800283,32,33,897,898,1342
-161.075112,3.188271,32,898,899,1040,1041
-158.120393,1.994004,33,34,1342,1343,1344,1345,1346,1347,1355
-151.453221,-1.204104,34,54,55,56,57,58,59,60,1354,1355
-134.40651,-2.803972,35,36,1671,2424,2425
-138.653057,-0.541223,35,1352,1353,2416,2425,2426
-139.72343,-1.212375,35,36,37,38,39,40,55,1353,1354
-139.202759,-4.12815,36,37,1670,1671,1672,1682,1683,1684,1685
-140.25984,-3.603782,37,38,1669,1670
-140.260168,-2.667927,38,39,1668,1669
-144.53204,-2.672001,39,40,1667,1668
-145.59702,-1.868484,40,41,55,56,1666,1667
-147.443088,-1.878706,41,56,57,443,444
-146.685521,-2.397611,41,444,445,1666
-155.187218,-7.467644,42,43,442,463,464,465,468
-151.73262,-4.528262,42,443,444,445,446,447,448,449,463
-150.645863,-2.258679,42,43,44,45,46,57,58,443
-159.991915,-9.060564,43,44,442
-163.745695,-11.200612,44,45,441,442,462,467,468,469
-164.539454,-11.194645,45,46,441,870,871
-164.549998,-10.655363,46,47,48,58,59,870
-165.320499,-9.072817,47,48,868,869
-166.676823,-9.069405,47,869,870,871,872,873,874,875,878
-165.32502,-7.7334,48,49,50,59,60,868
-169.056066,-6.264473,49,50,867,876,877
-165.601065,-7.726905,49,868,869,877,878
-164.807217,-4.938537,50,51,52,53,54,60,866,867
-166.908694,-4.403088,51,52,484,865
-165.040169,-4.94245,51,865,866
-156.539469,20.128638,61,62,63,64,77,78,79,1052
-158.416133,20.125881,61,1052,1053,1054,1055,1056
-165.320013,16.66572,61,76,77,839,840,1053
-156.530527,20.261528,62,1052,1056
-152.78916,21.070127,65,66,1590,1591
-150.141749,21.05588,65,1591,1592,1769
-153.594771,21.063799,66,78,79,1590
-148.276349,14.804277,67,68,1775,1776,1777,1778,1779,1780,1781,1782,1783,1784,1785
-149.588062,16.1363,67,1596,1775
-153.593311,19.862379,67,68,69,70,71,72,73,74,75,76,77,79,1590,1591,1592,1593,1594,1595,1596
-147.456952,13.478418,68,69,844,845,1785
-149.077974,12.93657,69,70,844
-151.979591,11.208815,70,71,844,845,846,860,861
-153.305181,11.199152,71,72,843,859,860
-158.922724,14.135112,72,73,843
-159.983975,13.338365,73,74,842,843,858,859
-160.267056,14.544074,74,75,841,842
-162.962005,15.337938,75,76,840,841
-142.683336,48.591664,80,81,82,83,84,85,86,87,91,227
-143.65,48.958332,80,227,228,229,230,232
-142.850008,49.525,80,90,91,92,228
-137.350008,46.658332,81,82,225,226
-142.516672,46.091664,81,226,227,231,232,233,2155,2156,2157,2158,9979
-137.330787,46.673281,82,83,225,2495,2496,9945,9946,9947,9948
-137.333359,48.127228,83,84,2363,2364,2494,2495
-137.331038,49.994445,84,85
-137.878772,50.000175,85,86,2365,2366,2367
-139.458101,52.137295,86,87,2079,2080,2358,2366
-142.938959,51.596466,87,88,91,92,1512,1513,2080,2081
-145.304671,49.863139,88,89,90,92,10024,10025
-145.324299,49.993286,88,1511,1512,10025
-145.552035,49.807078,89,90,228,229,1870,1871,10022,10023
-145.584906,49.870635,89,10023,10024
-143.726796,35.343841,93,94,1942,1989,1990,2005,2006
-145.060293,34.261311,93,1988,1989
-145.07877,32.923544,93,94,95,96,97,98,99,100,101,102,103,104,105,109,1941,1987,1988
-141.060984,34.932381,94,95
-140.250591,35.198142,95,96
-138.664815,34.930833,96,97,1943
-137.33277,35.32767,97,98,1943,1990,2006,2007
-134.659852,34.663902,98,99,1944,1991,1992,2007,2008,2009,2011,2012
-136.525984,33.478466,99,100
-134.396422,33.466093,100,101,1944,1945,1991
-136.267542,32.794009,101,102,1945,2476
-137.335544,31.876744,102,103,2476,2477,2478,2479,2480,2482,2483
-135.219569,28.80296,103,104,2181,2482
-135.198615,28.53272,104,105,2180,2181,2182,2183,2184,2185,2186
-138.679681,28.520103,105,106,107,108,109,2179,2180
-142.12167,28.656506,107,108,560,561,1939,1940
-140.79091,29.342566,108,109,1940,1941
-118.1268,16.395005,110,142,143,3235,3236,3238
-119.206413,16.002681,110
-120.241417,16.394342,110,141,142,2947,2948
-118.934536,14.008668,111,112,2951,3237
-118.924014,15.209829,111,3236,3237,3238
-116.822087,16.381937,111,112,143,144,3236
-114.946374,12.934323,112,113,114,115,116,117,118,119,144,145,2951,2952
-112.801771,9.997536,113,114
-114.933883,12.148844,113,2952,2953
-111.203907,9.603602,114,115,3276,3277,3347,3348
-106.92274,8.667995,115,116,3348,3349
-105.062887,9.862825,116,117,3349,3350,3758,3759
-106.399904,11.083629,117,118,3757,3758
-102.662405,11.332588,118,119,3756,3757
-102.117591,12.266056,119,120,121,122,145,153,154,3756
-100.778873,12.532594,120,121,3755
-98.654997,11.592026,120,3755,3756,3757,3758,3759,3760,3761,3762,3763,3789,3790,3793
-99.472481,13.073002,121,122,3754,3755,3788,3789
-100.791626,14.53041,122,154,155,3753,3754
-96.266428,15.998028,123,124,3751,3752
-98.666537,15.334502,123,3752,3753,3754,3787,3788
-99.46949,15.996686,123,124,155,156,3753
-95.729142,16.798094,124,125,146,147,148,149,150,151,152,156,3751
-91.989449,16.666368,125,126,127,128,129,146,3750
-94.121306,15.867239,125,3750,3751,3752,3786,3787
-90.444141,15.586472,126,127,209,210,211,212,213,218,219,3784,3785
-92.554394,15.190764,126,3750,3785,3786
-91.083336,16.075,127,128,217,218
-92.416672,19.325,128,129,216,217
-94.683336,21.425,129,130,146,147,216
-95.216672,24.841664,130,131,132,147,148,215
-94.050008,24.108332,130,215,216,217,218,219,220
-100.005349,26.140544,131,132,3738,3739,9744,9745
-94.526817,25.703985,131,214,215,220,9737,9745,9755
-101.07239,24.003525,132,133,134,135,148,149,3739,3740
-105.357071,24.534003,133,134,3741,3742
-104.023813,24.803782,133,3740,3741
-105.087063,22.004536,134,135,3742,3743
-105.86509,21.327312,135,149,150,3553,3554,3555,3556,3557,3736,3743
-111.193983,19.874106,136,137,3447,3448
-112.525806,20.527385,136,3446,3447,3511
-108.273626,20.670034,136,137,150,151,3510,3511,3554
-111.992959,17.868463,137,138,151,152,3448,3449
-115.195618,17.614163,138,152,153,154,155,156
-112.259924,17.860332,138,3449,3450,3451,3452,3453
-118.399928,19.462926,139,140,3163,3164,3165,3166,3169
-116.542278,18.658448,139,3162,3163,3441
-117.337519,18.130449,139,140,141,142,143,144,145,153,3441,3442,3450,3451
-120.004296,18.936784,140,141,2946,2947,3164
-93.060532,43.331967,157,158,9801,9802
-92.901361,43.555589,157,204,205,9789,9790,9802
-91.850008,43.591664,157,158,159,186,196,197,198,199,205,206,207
-92.277004,42.656277,158,159,4178,9800,9801
-88.52745,42.531543,159,186,187,4178,4179
-97.604577,38.945558,160,161,3384,3385
-97.057148,40.926817,160,3385,3386,4180
-88.522385,42.133967,160,161,187,188,4179,4180,4183,4184
-97.066681,38.129823,161,188,189,190,191,192,193,194,195,3383,3384
-100.533367,38.529805,162,163,189,190,3382
-99.727052,39.860668,162,3382,3383,3384,3385,3386,3387,3409,3410
-99.72591,39.471873,162,189,3383
-99.725254,37.999054,163,190,191,3380,3381
-101.603213,38.263792,163,3381,3382,3408,3409
-104.51813,37.864501,164,165,3408,3409,3410,3417,3418
-101.065165,37.870758,164,3380,3381,3408
-100.784169,36.794731,164,165,166,167,168,169,170,171,191,192,3380
-104.554934,37.733354,165,166,3416,3417
-99.751742,34.405098,166,167,3379,3407,3415,3416
-96.810346,33.595702,167,168,3379
-94.139739,32.13377,168,169,3378,3379,3406,3407
-92.800569,32.931281,169,170,3377,3378
-90.143699,33.070938,170,171,3376,3377
-88.80255,32.662549,171,172,173,174,192,193,3376
-86.667101,31.595651,172,173,3375
-88.51586,31.199813,172,3375,3376,3377,3378,3405,3406
-84.812595,31.601329,173,174,3374,3375,3404,3405
-83.745476,33.595194,174,175,176,177,178,179,180,193,194,3374
-80.095929,33.833561,175,176,208,5096,9588,9589
-80.285811,33.461198,175,3373,3374,3404,5096,9676,9677
-80.150008,34.025,176,177,208
-79.829629,34.355781,177,178,208,9587,9588,9595,9596
-78.921264,36.137102,178,179,4959,9595
-83.469086,38.129813,179,180,4958,4959,4963,4964
-83.467742,38.397117,180,181,182,183,184,185,194,195,4957,4958
-80.545436,41.470197,181,182,5078,5079
-78.142306,41.063372,181,4956,4957,5079,5080
-80.549831,41.596513,182,183,5078
-80.542915,42.934372,183,184,197,198,5078,5079,5080,5081,9605
-82.650008,42.358332,184,185,196,197
-86.650008,42.091664,185,186,187,188,195,196
-80.538074,43.870873,198,199,5087,5088,9605
-80.538801,43.998107,199,200,201,206,4990,4991,5086,5087
-82.936161,46.258635,200,201,4436,4437,4438,4439,4441,4983
-81.60084,45.724385,200,4983,4984,4991
-85.600591,44.007938,201,206,207,4437
-87.723525,46.129631,202,203,4439,4440,4441
-85.864999,45.341427,202
-87.208312,44.013417,202,203,204,205,207,4437,4438
-91.738744,45.188975,203,204,4440,9790,9791
-89.3167,17.074169,209,210,3792,3799,3800,3801,4447,4448
-90.394185,15.59584,209,3784,3792
-90.104246,18.136223,210,211,4448,4449
-90.154952,19.602679,211,212,4449,4450
-90.377442,19.601552,212,213,4450,4451
-92.82205,22.934351,213,214,219,220,4451,4452
-91.454472,25.459164,214,4442,4452,4453,9755,9756
-139.194539,42.002958,221,222
-144.565462,43.336573,221,1529,1530,2086
-144.277173,43.998239,221,222,223,224,231,233,1529,1867,1868
-137.860621,42.802008,222,223,2405,2456,2457,2458,2459,2460,2461,2462,2463
-137.328285,43.734524,223,224
-137.329378,45.876553,224,225,226,231,2484,9945
-144.003213,46.812479,229,230,1869,1870
-143.471196,46.800639,230,232,233,1868,1869
-176.793763,-83.730229,234,235,253,254
-180.0,-82.8,234,252,253
-180.0,-90.0,234,235,242,243
-174.403372,-81.728301,235,236,243,244,245,254,255
-167.74632,-81.198185,236,237,238,244,256,257
-174.424018,-81.209682,236,255,256
-162.396667,-81.476687,237,238,258,259,260,261,262,263,264,274,277,278
-165.870275,-80.942332,237,257,258
-162.919605,-82.809855,238,244,245,259
-143.476649,-85.999159,239,240,1560,1561
-154.38341,-83.474889,239,260,261,1544,1545,1546,1547,1561,1562
-156.272594,-83.864664,239,240,241,242,243,245,259,260
-139.721922,-88.407059,240,241,1559,1560
-140.0,-90.0,241,242,1558,1559
-154.115764,-75.750671,246,269,270,294,295
-148.535866,-75.993666,246,295,296,297,301
-147.23613,-76.444396,246,265,268,269,296,10046,10047
-164.013815,-74.939136,247,248,271,272,293
-159.722905,-74.008788,247,293,294,295,300,301,302,303
-159.73269,-74.807064,247,270,271,294
-168.524914,-74.936658,248,249,250,251,272,273,292
-167.72359,-74.397504,248,292,293,299,300
-173.875782,-73.997853,249,250,290,291
-168.544206,-74.672218,249,291,292,298,299
-173.88791,-74.134346,250,251,289,290
-179.462784,-76.676469,251,252,253,254,255,256,257,258,273,274,288,289
-180.0,-76.666667,252,288
-144.000655,-81.065436,261,262,1544,2021,2022
-146.392819,-79.477373,262,263,2020,2021
-146.360016,-78.678171,263,264,2019,2020
-145.055451,-77.200625,264,265,275,276,278,2018,2019,10047
-149.416672,-77.325,265,266,268,275
-151.083336,-78.008336,266,267,275,276
-151.050008,-76.925,266,267,268,269,270,271,272,273,274,277
-152.450008,-78.325,267,276,277,278
-141.04173,-72.671501,279,280,2228,2229
-140.00274,-74.676122,279,2229,2230,2233,9989
-141.920943,-75.634521,279,280,281,282,283,284,297,301,302,2018,9989,10046,10047
-141.068484,-71.752879,280,281,1026,1035,1036,2227,2228
-143.20041,-72.13081,281,282,1026
-154.941358,-73.069562,282,283,1025,1026,1034,1035
-158.667613,-73.722554,283,284,1024,1025
-161.606874,-73.732275,284,302,303,1023,1024
-170.123897,-71.326625,285,286,327,328
-168.813366,-71.469165,285,326,327,1021,1022
-169.354713,-74.001232,285,286,287,298,299,300,303,1022,1023
-177.85708,-72.131427,286,287,328,329,338,339,340
-180.0,-72.666667,287,288,289,290,291,298,304,305,306,329
-146.816672,-76.275,296,297,10046
-164.782188,-51.867691,304,305,371,372
-180.0,-55.866667,304,341,372,373
-162.129244,-51.606894,305,306,370,371
-157.328808,-50.533726,306,307,308,309,329,330,331,332,333,334,339,369,370
-155.983728,-50.396019,307,308,367,368,1436
-157.332904,-50.400542,307,368,369
-152.512466,-50.932416,308,309,1436,1437,1438,1439,1440,1441,1442,1443,1448,1449
-143.731509,-55.464886,309,310,330,1448
-140.79863,-57.066177,310,311,312,313,330,331,1446,1447
-143.457777,-55.467195,310,1447,1448,1449
-140.278694,-57.593916,311,312,1444,1445,1760,1761
-140.249804,-57.059389,311,1445,1446
-142.124076,-57.591191,312,313,1759,1760
-145.340557,-57.198127,313,314,315,331,332,1759
-149.326193,-57.067117,314,315,1757,1758
-146.928317,-57.599763,314,1758,1759,1760,1761,1762,1763,1764,1768
-149.582837,-56.405615,315,316,332,333,1333,1756,1757
-153.612111,-56.269859,316,317,333,334,1331,1332
-151.462892,-56.798871,316,1332,1333,1340,1341
-158.656111,-56.267364,317,334,339,340,1330
-157.344199,-56.528943,317,1330,1331
-154.131504,-60.137327,318,319,320,321,322,323,335,1337,1338
-154.133582,-60.000499,318,1338,1339
-158.654122,-56.666365,318,335,336,337,338,340,1330,1331,1332,1339,1340
-149.352723,-61.199268,319,320,1742,1748,1751,1754,1765
-148.528313,-60.265576,319,1336,1337,1754
-150.391785,-63.068176,320,321,1257,1258,1720,1742
-150.422341,-63.747667,321,322,1258,1259
-153.346903,-66.663344,322,323,1259,1260
-154.386816,-66.663461,323,324,335,336,1260,1261
-155.476527,-67.59321,324,325,336,337
-153.084523,-67.32984,324,1261,1262,1266,1267
-160.546874,-69.598782,325,326,327,328,337,338,1020,1263
-155.455807,-68.399624,325,1262,1263,1264,1265,1267
-161.883351,-70.257769,326,1020,1021
-179.471012,-51.199596,341,342,343,344,345,373,374,390,391
-180.0,-51.2,341,391
-177.620528,-48.131823,342,343,388,389,778,789
-179.428422,-49.595009,342,389,390
-173.842235,-46.786958,343,344,788,789,790
-173.339649,-46.811718,344,345,787,788
-169.585094,-44.927567,345,346,374,375,786,787
-167.462357,-44.148186,346,347,348,349,375,376,784,785
-169.582454,-44.662858,346,785,786
-168.507103,-41.599793,347,348,396,783
-169.336196,-41.860921,347,783,784
-167.474676,-38.121889,348,349,395,396,397,400,401,930
-165.333161,-34.667579,349,376,377,929,930,931
-165.603174,-33.196355,350,378,379,819,820
-168.279903,-34.400617,350,820,821,927,928
-165.330231,-34.53268,350,377,378,928,929
-165.623655,-28.008803,351,380,381,382,383,384,385,808,809
-166.676878,-29.477082,351,809,810
-165.865629,-32.128864,351,379,380,810,811,819
-166.128285,-27.057962,352,353,354,355,381,382,890,891
-169.31439,-27.589945,352,807,883,889,890
-167.21361,-27.331091,352,381,807,808
-162.649707,-26.13079,353,354,1196,1197,1199,10036,10037
-165.86446,-26.393421,353,884,885,886,887,891,10036
-155.182165,-29.193916,354,355,1198,1199,1323,1324
-151.477023,-31.063234,355,356,357,382,383,1323
-147.730468,-33.596778,356,357,1321,1322
-150.922549,-31.074711,356,1322,1323,1324,1329
-147.738567,-33.873715,357,358,359,360,361,383,384,1321
-145.615309,-34.78929,358,359,2054,2055
-145.590328,-34.660042,358,1320,1321,1322,1328,1329,2055,2056
-146.114837,-34.796183,359,360,2054
-146.131708,-38.276687,360,361,2054,2055,2056,2057,2058,2059,2060,2061,2062,2063,2068,2069
-145.612889,-39.98809,361,362,363,364,365,366,384,385,2067,2068
-144.265981,-42.137378,362,363,1271,1272,2029,2030
-143.700581,-41.746501,362,2030,2031,2067
-154.917011,-45.336263,363,364,1270,1271
-155.194461,-45.343527,364,365,1269,1270
-159.742554,-47.745042,365,366,1268,1269
-160.250843,-47.733228,366,367,368,369,370,371,372,373,374,375,376,377,378,379,380,385,1268
-155.981868,-50.266275,367,1268,1269,1270,1271,1272,1273,1275,1436,1437
-175.174713,-45.475753,386,387,778,779,780,781,782,789,790
-174.930145,-41.608644,386,399,779
-180.0,-41.2,386,387,388,389,390,391,392,393,394,395,399,400
-177.075343,-47.204515,387,388,778
-174.931221,-36.803951,392,393,405,406
-180.0,-39.733333,392,402,403,406,407
-172.797648,-36.807007,393,394,405,924,925,926,927,928,929,931
-167.730666,-37.867874,394,395,930,931
-170.656558,-40.268919,396,397,782,783,784,785,786,787,788,790
-171.983316,-40.272089,397,398,401,781,782
-174.389286,-41.062211,398,399,400,401,779,780
-173.046885,-41.329162,398,780,781
-178.161034,-32.525144,402,403,409,410
-180.0,-32.533333,402,409
-175.448016,-31.999869,403,407,408,410,411,818,824,825
-172.01168,-35.066847,404,405,406,407,408,924
-171.994147,-35.204173,404,822,823,924,925
-171.737721,-35.072119,404,408,823,824
-180.0,-30.952342,409,410,411,416,417
-175.47826,-31.86021,411,412,413,414,415,417,418,812,813,818
-174.386762,-29.59889,412,413,805,880,881
-174.398247,-29.735088,412,805,806,813
-174.423948,-26.809852,413,414,422,879,880
-175.19018,-26.799569,414,415,422,423
-180.0,-27.333333,415,416,418,419,420,421,423
-177.350008,-31.041668,416,417,418
-175.476148,-24.125734,419,420,426,427,829,830
-180.0,-26.133333,419,424,425,427
-174.670073,-24.152475,420,421,830,831
-174.402956,-26.664105,421,422,423,831,832,879
-176.783285,-22.008274,424,425,435,436
-180.0,-22.0,424,428,429,436
-172.79766,-21.596781,425,426,427,434,435
-171.460339,-22.543955,426,433,434,828,829
-173.876922,-20.667441,428,429,459,460
-180.0,-20.133333,428,437,438,460,461
-171.467483,-21.193323,429,430,431,432,433,434,435,436,458,459
-163.494117,-19.724463,430,431,1043,1085,1086,1087
-164.80257,-19.461582,430,457,458,1086
-168.812786,-22.009889,431,432,1043,1044,1045,1046,1049,10041
-169.818881,-22.538335,432,433,827,828,10041,10042
-175.210227,-13.465228,437,438,475,476
-180.0,-15.2,437,470,471,472,476
-170.66484,-14.122434,438,439,440,461,462,466,467,474,475
-166.915961,-11.599313,439,440,473,872,873
-168.28074,-12.133476,439,473,474
-164.524773,-11.457932,440,441,462,871,872
-146.679701,-3.471783,445,446,1665,1666,1667,1668,1669,1670,1681,1682
-148.277208,-5.197059,446,447,1665
-148.769879,-8.26535,447,448,1665,1680,1681
-149.862773,-9.60738,448,449,1664,1679,1680
-152.257332,-9.999778,449,450,451,463,464,1299,1664
-152.80044,-13.59448,450,451,1297,1298
-150.137963,-13.46626,450,1298,1299,1300,1301,1302,1303,1304,1305,1308
-153.591379,-14.412183,451,452,453,454,455,464,465,1297
-154.670439,-15.456319,452,453,1295,1296
-152.796142,-15.471673,452,1296,1297,1298,1307,1308
-155.735663,-16.005272,453,454,1080,1081,1294,1295
-158.695089,-15.461608,454,455,1079,1080
-164.782965,-15.196689,455,465,468,469,1078,1079
-165.617473,-17.609567,456,457,458,459,460,461,466,1077
-165.625514,-16.13639,456,1077,1078,1079,1080,1081,1082,1083,1084,1085,1087
-165.868803,-16.133295,456,466,467,469,1078
-164.012206,-19.198278,457,1077,1086,1087
-174.940809,-8.003266,470,471,486,487,863
-180.0,-9.2,470,477,478,487,488
-174.658275,-8.404118,471,472,863,874,875
-170.138021,-9.339604,472,473,474,475,476,873,874
-171.474228,-2.536927,477,478,500,501
-180.0,-6.133333,477,490,501,502
-171.205082,-2.5438,478,479,480,481,482,483,488,489,500
-169.086286,0.256222,479,480,499,504,505
-171.200776,-1.855288,479,500,501,502,503,505
-168.805704,0.270291,480,481,499,1038
-169.335519,-1.342708,481,482,1038,1039,1040,1041,1042
-168.796173,-5.068975,484,485,864,865,866,867,876
-172.252001,-4.279981,485,486,487,488,489,864
-173.340958,-6.528134,486,863,864,875,876,877,878
-176.256852,-1.611721,490,502,503,507
-180.0,-2.533333,490,506,507
-180.0,6.8,491,492,508,509,510
-180.0,0.4,491,506
-175.723201,-0.132583,491,492,493,494,495,496,497,498,503,504,505,506,507
-173.851246,6.006441,492,493,510,523,524
-172.807296,5.596744,493,494,522,523,905,906
-170.644517,4.141808,494,495,904,905,976
-170.944756,2.667704,495,496,976,977,979
-169.346353,2.407124,496,497,978,979,991
-169.609266,2.145385,497,498,991,997
-168.270292,0.797576,498,499,504,996,997,1038,1039
-175.463108,10.25157,508,509,525,526,530,531
-180.0,9.2,508,511,526
-173.894398,7.327645,509,510,524,525
-178.130631,17.073941,511,512,513,514,526,527,528,531,534,535,586
-180.0,16.8,511,535,536
-173.588744,16.12676,512,513,585,600,601
-173.622825,16.658998,512,586,587,588,589,601,602
-176.285481,16.532614,513,514,584,585
-177.070203,15.729294,514,515,516,527,584
-175.748283,14.121441,515,516,582,583
-174.679132,14.936089,515,583,584,585,599,600
-176.808907,14.418326,516,517,518,527,528,582
-176.257858,12.806546,517,518,580,581
-175.991652,13.607378,517,581,582,583,599
-176.268084,12.532316,518,519,528,529,530,531,579,580
-174.376435,11.44808,519,520,521,529,836,837,856,857,892
-175.443005,12.533598,519,578,579,836
-170.665417,9.198178,520,521,908,909
-170.676927,10.281507,520,892,909,910
-172.008349,8.009289,521,522,523,524,525,529,530,907,908
-168.802035,6.535013,522,906,907
-178.668456,19.873886,532,533,588,589
-177.064658,20.393324,532,589,590,602,606,610,611
-180.0,20.533333,532,533,536,537,538,539,590
-179.181744,19.064716,533,534,535,536,587,588
-177.053392,17.461298,534,586,587
-177.346706,27.857998,537,538,618,619
-180.0,26.4,537,612,619,620
-172.798687,27.738841,538,539,617,618
-171.458138,28.802477,539,590,591,607,608,609,611,616,617
-170.951403,32.814213,540,541,542,591,603,604,607,615
-174.392735,29.729801,540,615,616,617,618,619,620,621
-172.783362,29.593641,540,591,616
-176.545241,32.267068,541,542,613,614
-174.648201,31.864803,541,614,615,621
-175.748224,33.079933,542,543,544,592,593,603,613
-180.0,32.266667,543,544,612
-177.088484,32.274509,543,612,613,614,620,621
-180.0,35.866667,544,545,546,592,622,623,624,628,629
-176.535917,34.802523,545,546,794,814
-176.798928,35.458893,545,628,791,792,793,794
-176.012262,34.261137,546,547,592,593,814,817
-169.326699,35.338673,547,548,549,550,551,552,553,593,603,604,937,938
-171.185359,35.20438,547,816,817,938
-162.668025,36.273884,548,549,935,936,1171
-166.400657,36.403087,548,936,937
-158.416753,35.342873,549,550,1170,1171,1172,1174,1175
-158.935498,34.803763,550,551,1169,1170,1309
-158.124709,34.404285,551,552,1205,1309,1310,1311,1312,1313,1314,1315
-158.373876,32.401615,552,553,1205,1208,1209,1210
-162.143367,30.814689,553,604,605,607,608,1207,1208
-157.060754,32.540393,554,555,1206,1209,1210
-159.482097,31.725341,554,1207,1208,1210
-161.299965,30.795622,554,555,594,595,596,597,598,605,1207
-156.815978,32.546253,555,556,557,558,559,594,1206
-155.181446,34.270325,556,557,1216,1420
-156.00799,34.134933,556,1205,1206,1209,1216,1217,1315
-152.522915,34.272361,557,558,1419,1420,1421,1424
-152.525593,34.130889,558,559,1419,1521
-154.656379,31.460632,559,594,595,1521,1522,1523,1524,1525
-143.464397,29.469212,560,1524,1525,1939
-151.197811,30.138324,560,561,562,563,564,565,566,567,568,569,595,596,1525
-167.7249,16.540356,575,576,838,1050,1051,1054,1055
-168.793839,13.869175,576,577,837,838,839,840,841,842,857,858
-174.652072,13.065259,577,578,836,837
-177.578716,41.465096,622,623,633,767,768,776
-180.0,38.266667,622,632,633
-171.207961,42.518458,623,624,775,776,777
-170.926188,42.532896,624,629,630,631,774,775,980
-170.127808,39.063662,625,626,815,816,932,933,934,935,936,937,938
-170.134906,39.334478,625,932,990
-170.897389,39.734934,625,626,627,630,980,981,982,983,984,985,986,987,988,989,990
-172.250575,38.648675,626,627,792,793,815
-173.861152,39.327471,627,630,631,791,792
-177.329648,37.060553,628,629,631,791
-179.479706,42.526207,632,633,638,767
-180.0,42.4,632,638,639
-175.223353,45.740568,634,635,640,771,772,803,804
-177.337994,46.800346,634,646,647,804
-180.0,44.933333,634,639,640,641,642,647
-178.39121,45.07413,635,640,641,769,770
-176.793195,44.665154,635,770,771
-176.784662,43.592551,636,637,768,776,777
-176.80865,43.995832,636,769,770,771,772,773,774,775,777
-179.202688,44.267557,636,637,641,642,769
-179.4402,44.00159,637,638,639,642,767,768
-172.258202,49.997257,643,644,795,796,917
-170.919641,50.673388,643,657,917,918
-180.0,55.066667,643,644,645,646,647,648,649,650,651,652,653,654,655,656,657
-174.922028,49.739451,644,645,795
-174.940955,49.460197,645,646,795,796,797,798,799,800,801,802,803,804
-177.625384,63.4729,648,649,675,676
-180.0,67.466667,648,658,659,660,661,676,677
-175.461149,61.329605,649,650,674,675
-171.726545,59.466404,650,651,674
-171.449435,59.457007,651,652,673,674,675,676,677,678,679,680,682
-169.612817,56.66315,652,653,673
-169.319792,56.665039,653,654,672,673,681,682
-169.333727,54.138326,654,655,671,672
-168.254974,52.267594,655,656,671,1006,1007
-169.59917,50.933085,656,657,918,919,1006
-173.59975,72.139883,658,659,692,693
-180.0,73.866667,658,683,684,685,686,693
-173.327677,72.13452,659,660,691,692
-164.017327,66.406739,660,661,690,691
-158.94899,64.807303,661,662,663,664,665,677,678,689,690
-157.863959,64.267648,662,663,713,1359
-158.684117,64.801984,662,688,689,713,714
-155.449582,62.920379,663,664,1358,1359,1360,1361,1367
-155.461725,62.528944,664,665,1357,1358
-153.591362,60.80366,665,666,667,678,679,1357
-153.056541,58.942198,666,667,1356,1365,1366
-153.081525,60.808464,666,1357,1358,1366,1367
-158.135148,55.332585,667,668,669,670,679,680,1356
-159.487677,54.133553,668,669,1108,1109,1284
-157.878769,54.398582,668,1284,1285,1356,1364,1365
-162.401461,53.873161,669,670,1107,1108
-164.280597,54.134649,670,680,681,682,1060,1107
-167.487844,53.330031,671,672,681,1007,1008,1060,1061,1063
-178.960231,79.595019,683,684,718,719
-180.0,80.933333,683,694,695,696,697,698,719,720
-172.798101,76.529053,684,685,718
-172.534863,76.527847,685,686,717,718,719,720,721,722,727
-171.473692,74.40744,686,687,688,689,690,691,692,693,716,717
-161.601644,67.343116,687,688,714,715
-161.59735,67.617459,687,715,716
-174.921801,82.527739,694,695,756
-180.0,85.2,694,728,729,730,731,732,733,756,757
-174.652258,82.544772,695,696,755,756,757,758,759,760,765,766
-171.448218,79.079026,696,697,754,755
-171.480506,78.792323,697,698,753,754
-168.789427,77.195642,698,699,700,701,720,721,753
-168.265861,76.786627,699,700,751,752
-168.26338,77.207241,699,752,753,754,755,764,765
-164.519795,73.73263,700,701,750,751
-162.664486,72.135692,701,721,722,749,750
-149.077268,65.348069,702,703,746,747
-150.362005,66.661869,702,747,748,749,750,751,752,763,764
-151.457324,66.659655,702,703,704,723,748
-144.273991,62.662525,703,704,745,746
-142.943857,61.069955,704,705,706,707,723,724,744,745
-140.273289,59.730512,705,706,2173,2174,2175,2178,2262
-140.26109,59.875232,705,743,744,2262,2263
-141.862786,58.403637,706,707,2172,2173
-141.857333,57.992032,707,708,709,710,724,725,2172
-145.335304,57.069125,708,709,1286,1287
-140.827227,56.93469,708,1287,1288,2172,2173,2177,2178
-145.611355,57.065188,709,710,1286,1362,1363
-149.353708,59.076413,710,711,712,725,726,1362
-152.54107,61.733563,711,712,1360,1361
-149.600946,59.069685,711,1361,1362,1363,1364,1365,1366,1367
-152.554149,61.872597,712,713,714,715,716,717,726,727,1359,1360
-156.011505,68.258375,722,723,724,725,726,727,748,749
-171.2,90.0,728,729,939
-180.0,90.0,728
-171.468625,89.339015,729,730,939,940,941,942,966
-162.92484,85.071342,730,731,965,966,967,968,974,1114
-162.94298,84.676847,731,732,1113,1114,1137,1138
-163.452065,84.680371,732,733,1113
-163.46824,83.729852,733,734,757,758,1113,1137
-160.016038,80.129545,734,735,758,759,1136
-162.930592,83.726412,734,1136,1137,1138,1139,1140,1141,1147,1148
-159.197892,78.396923,735,736,759,760,1134,1135
-159.72379,80.139255,735,1135,1136,1146,1147
-155.994169,73.729481,736,737,738,760,761,766,1133
-156.022331,73.998676,736,1133,1134
-152.819235,72.398452,737,738,1131,1132
-152.815286,72.539679,737,1132,1133,1134,1135,1146
-149.352102,70.666732,738,739,740,761,1131
-142.933862,64.803381,739,740,1129,1130
-149.058447,70.665998,739,1130,1131,1132,1145,1146,1147,1148,1149,1150
-142.945755,64.672317,740,761,762,763,764,765,766,1128,1129
-138.695142,61.998673,741,742,743,744,745,746,747,762,763,1126,1127
-138.654035,62.393547,741,1127,1128,1129,1130,1144,1145
-138.949824,62.396322,741,762,1128
-137.603877,60.798579,742,743,2263,2264,2464,2465,2466,2467,2468,2469,2475
-137.614257,61.067591,742,1126,2464
-172.012796,44.805677,772,773,802,803
-168.784551,44.658045,773,774,801,802,980,981
-173.872664,36.134275,793,794,814,815,816,817
-172.000866,49.987293,796,797,917,918,919,920,921,922,923
-173.339231,49.058054,797,798,923
-170.961461,47.989176,798,799,922,923
-167.210287,45.731681,799,800,921,922,1064
-167.20016,45.603732,800,801,981,982,1064,1065,1066,1067,1068,1069,1070
-173.613591,-29.349473,805,806,881,882
-169.877761,-28.261373,806,807,808,809,810,811,812,813,882,883
-169.865234,-32.137941,811,812,818,819,820,821,825
-171.179522,-35.326085,821,822,823,824,825,926,927
-171.981308,-35.332993,822,925,926
-172.150008,-23.608336,826,827,828,829,830,831,832,835
-171.207127,-24.260859,826,827,975,10034,10035,10042,10043
-171.210942,-24.265592,826,834,835,975
-171.195,-26.002254,832,833,834,835,879,880,881,882,883,888,889
-170.903599,-24.470916,833,834,975,10034,10045
-170.397997,-24.820819,833,886,887,888,10045
-165.868549,16.659519,838,839,1053,1054
-146.942342,12.9256,845,846,1621,1622,1784,1785
-152.541265,9.610555,846,847,861,862,1621
-149.889652,6.391445,847,848,849,850,851,852,853,854,855,862,1648
-149.854939,7.736411,847,1621,1622,1648,1649,1650,1651,1660,1661
-151.442785,3.736848,848,849,1610,1611,1646,1647
-149.062632,6.398809,848,1647,1648,1659,1660
-152.813484,3.728523,849,850,895,896,1343,1344,1610
-154.932716,4.404014,850,851,895
-157.32539,4.003937,851,852,895,896,897,898,899,900,901,911
-162.123778,6.008829,852,853,911,912,915
-165.604746,7.867673,853,854,894,914,915,916
-168.271378,10.128302,854,855,893,894
-168.267865,10.262738,855,856,857,858,859,860,861,862,893
-169.077242,10.264557,856,892,893,894,910,913,914
-166.409921,-24.008476,884,885,10035,10043,10044
-165.067062,-25.193791,884,10036,10037,10038,10039,10040,10044
-170.392357,-24.812459,885,886,10034,10035,10045
-167.116672,-27.091668,887,888,889,890,891
-154.660399,3.747409,896,897,1342,1343
-162.391541,3.590205,899,900,995,996,1039,1040
-162.675282,4.921638,900,901,994,995
-162.647668,5.198267,901,911,912,993,994,1058,1059
-166.930553,4.127291,902,903,977,978,979,992
-165.372864,4.940356,902,992,993,1059
-167.724584,6.389652,902,903,904,905,906,907,908,909,910,913,1057,1058,1059
-170.366555,4.137219,903,904,976,977
-163.994105,6.929058,912,915,916,1057,1058
-167.727004,6.801861,913,914,916,1057
-169.059592,50.264411,919,920,1006,1007,1008,1009,1010,1011,1012,1013
-167.205142,49.333304,920,921,1013,1064,1065
-169.578535,39.075555,932,933,989,990,998
-163.178898,37.066231,933,934,998,999,1000,1001,1004,1005
-162.658963,36.396499,934,935,1003,1004,1171,1172
-157.333333,90.0,939,940,1400
-157.325099,89.59914,940,941,1400,1401,1402,1403,1413,1414
-151.709247,86.537369,941,942,1412,1413
-151.741315,86.397566,942,943,944,945,946,966,967,1412
-144.256656,84.669042,943,944,1410,1411
-147.219362,85.874387,943,1411,1412,1413,1414,1415
-144.276051,84.401771,944,945,1409,1410
-141.611401,83.337432,945,946,1408,1409
-141.591813,83.056554,946,947,948,949,950,951,952,953,967,968,1407,1408
-137.053788,81.466738,947,948,1405,1406,1806,1807
-140.274904,83.053712,947,1406,1407
-133.056876,78.806875,948,949,1805,1806,2638
-133.088488,78.529869,949,950,2638,2639,2640,2645
-130.96902,74.663448,950,951,2644,2645
-128.546562,72.396191,951,952,2643,2644
-127.997796,69.729049,952,953,2642,2643
-127.996143,68.66754,953,954,955,968,969,970,971,972,973,974,2641,2642
-125.850308,67.736354,954,955,2805,2966
-125.859736,67.857996,954,2641,2805,2806
-125.861637,64.795288,955,956,957,958,959,960,969,2966,2967,2968,2969
-126.651175,63.591736,956,957,2723,2724,2940
-125.055345,64.1318,956,2940,2941,2969
-130.927035,62.386331,957,958,2468,2469,2723
-131.460555,62.402146,958,959,1121,1122,1123,1124,1142,2467,2468
-132.265385,63.848725,959,960,1120,1121
-137.861707,66.664183,960,961,969,970,1120
-142.947529,71.986887,961,962,970,971,1118,1119
-138.391679,66.662454,961,1119,1120,1121,1141,1142,1143,1148,1149
-148.511479,75.713374,962,971,972,1116,1117
-148.54975,75.594693,962,1117,1118
-157.335051,80.539467,963,964,1115,1139,1140
-155.741123,79.06275,963,1116,1117,1118,1119,1140,1141
-155.48831,79.071626,963,964,972,973,1116
-158.907832,83.064201,964,965,973,974,1115
-159.477303,83.061143,965,1114,1115,1138,1139
-168.532474,2.132895,978,991,992,993,994,995,996,997
-163.194361,44.931621,982,983,1070,1159
-161.880599,44.522027,983,984,1159,1160,1161,1162,1163,1164,1165
-160.802753,43.474499,984,985,1165,1241
-159.980747,42.403686,985,986,1211,1241,1242,1243,1244,1245,1246,1247
-160.539882,40.537295,986,987,1211,1223,1224
-161.872494,39.86384,987,988,999,1000,1222,1223
-168.543239,38.932909,988,989,998,999
-161.347777,39.877408,1000,1001,1222
-160.01346,40.403592,1001,1002,1005,1221,1222,1223,1224,1227
-162.678082,37.467148,1002,1003,1004,1005,1166,1167,1168,1173
-159.46631,38.532027,1002,1166,1220,1221
-160.800994,36.935044,1003,1172,1173,1175
-163.187498,52.813485,1008,1009,1062,1063
-161.59093,52.401635,1009,1010,1062,1176
-162.939922,50.928509,1010,1011,1100,1176,1177,1178,1192,1194,1195
-164.000172,49.860956,1011,1012,1071,1072,1100,1101,1102,1103,1104,1106
-166.952483,49.3333,1012,1013,1065,1066,1071
-146.139018,-69.202223,1014,1015,1016,1031,1032,10031,10032
-146.135568,-68.258502,1014,10032,10033
-145.603954,-68.200942,1014,1029,1030,1031,1252,10028,10033
-147.120792,-69.434951,1015,1016,1017,1018,1248,1249,10029,10030
-146.648322,-69.199229,1015,10030,10031
-145.650008,-69.891668,1016,1017,1032,1033
-145.983336,-72.008336,1017,1018,1019,1033,1034,1035,1036,1037
-148.253227,-69.999941,1018,1019,1248
-159.991171,-69.996002,1019,1020,1021,1022,1023,1024,1025,1034,1248,1249,1250,1263,1264
-138.948433,-67.467775,1027,1028,1722,1723,2368,2369
-138.392177,-71.072328,1027,2369,2370,2371,2372,2388
-138.674387,-71.066436,1027,1028,1029,1030,1036,1037,2226,2227,2370
-139.974599,-67.59143,1028,1029,1252,1253,1722
-144.850008,-68.541668,1030,1031,1032,1033,1037
-162.402978,-19.731037,1043,1044,1084,1085,1200,1201,1202,1203,1204
-157.627366,-20.13735,1044,1045,1204,1368
-157.597142,-21.730543,1045,1046,1368,1374,1375
-156.792229,-22.262256,1046,1047,1048,1049,1233,1234,1373,1374
-161.067847,-22.807635,1047,1048,1231,1232,10039,10040
-159.999236,-22.93632,1047,1232,1233
-162.68473,-22.940584,1048,1049,10040,10041,10042,10043,10044
-160.252445,53.199473,1060,1061,1107,1108,1109,1110,1111,1112
-160.505124,52.526356,1061,1062,1063,1112,1176,1177
-166.944259,48.659444,1066,1067,1071,1072,1073,1074,1075,1076
-165.096071,47.343068,1067,1068,1076
-162.130821,46.136437,1068,1069,1075,1076,1160,1161
-162.134519,45.466362,1069,1070,1159,1160
-159.732856,48.261988,1072,1073,1105,1106
-159.73163,46.670218,1073,1074,1105,1276
-159.460988,46.267756,1074,1075,1161,1162,1276,1277,1278,1281,1282
-159.199489,-16.809354,1081,1082,1294
-157.592725,-17.599455,1082,1083,1200,1201,1294,1295,1296,1306,1307
-162.404026,-19.590617,1083,1084,1200
-163.989164,23.730839,1088,1089,1090,1091,1092,1093,1094,1099
-165.606025,21.982073,1088
-165.608773,21.871921,1088,1098,1099
-164.532013,25.070731,1089,1090
-164.806592,23.731408,1089
-163.699755,26.139147,1090,1091
-162.405237,25.201837,1091,1092
-161.065402,26.130526,1092,1093
-161.879677,25.203282,1093,1094
-160.809271,24.671631,1094,1095,1096,1097,1098,1099
-157.316048,26.121664,1095,1096
-160.288262,25.723711,1095
-158.939553,22.52673,1096,1097
-159.470612,22.796524,1097,1098
-159.9994,50.394429,1100,1101,1191,1192
-158.149037,50.529743,1101,1102,1190,1191
-157.621674,49.870269,1102,1103,1189,1190,1379
-156.787543,49.063553,1103,1104,1379,1380,1381,1382,1383,1384
-156.540959,47.588304,1104,1105,1106,1276,1277,1384
-158.949521,53.594215,1109,1110,1284,1285,1293
-154.923721,53.342266,1110,1111,1178,1193,1195,1292,1293
-156.555756,52.934728,1111,1112,1177,1178
-133.588473,62.530275,1122,1123,2147,2148
-133.583727,62.257039,1122,2148,2149,2466,2467
-137.31944,65.343953,1123,1124,2146,2147
-140.26314,66.932798,1124,1142,1143,2145,2146
-136.792182,61.586918,1125,1126,1127,1144,2150,2464,2465
-140.256242,65.082218,1125,2150,2151
-143.997275,67.864449,1125,1144,1145,1150,2145,2146,2147,2148,2149,2151
-144.003222,68.258135,1143,1149,1150,2145
-161.856714,-3.868222,1151,1152
-162.153815,-3.851403,1151
-160.246187,-6.266754,1151,1152,1153,1154,1157,1158
-158.412538,-4.789019,1152,1153
-156.259563,-3.877251,1153,1154
-153.632188,-4.133005,1154,1155,1156,1158
-154.932512,-5.871115,1155,1156
-154.130558,-5.864561,1155
-158.412755,-7.068125,1156,1157,1158
-163.218947,-6.525382,1157
-159.482978,45.864503,1162,1163,1280,1281
-157.875939,44.92361,1163,1164,1242,1243,1280
-160.290552,43.459137,1164,1165,1241,1242
-158.135959,37.869313,1166,1167,1220
-157.85418,37.872181,1167,1168,1219,1220,1221,1227,1228,1230
-157.86944,37.606534,1168,1173,1174,1175,1218,1219,1311,1312
-158.396226,34.92976,1169,1309,1310
-158.408155,35.064232,1169,1170,1174,1310,1311
-142.409781,54.934234,1179,1180,1289,1290,2165
-143.458053,54.929057,1179,1290,1291
-147.224595,53.204802,1179,1180,1181,1182,1183,1184,1193,1291,1292
-142.682054,54.527955,1180,1181,2076,2165,2166,2167,2168,2170
-144.813089,51.858526,1181,1182,1514,1515,2076,2077,2078,2079,2080,2081
-146.67625,51.459482,1182,1183,1515,1516,1519,1520
-152.278385,52.55095,1183,1184
-154.941523,52.52094,1184,1193,1194,1195,1516,1517,1518,1520
-154.670545,52.135813,1185,1186,1536,1537
-154.652596,52.264061,1185,1509,1526,1527,1537,1538
-154.927899,52.246708,1185,1186,1187,1188,1189,1190,1191,1192,1194,1509,1517
-152.008146,50.801229,1186,1187,1536,1711,1712
-152.292239,48.790527,1187,1188,1380,1381,1711
-154.111614,50.803859,1188,1189,1379,1380
-158.933626,-25.186698,1196,1197,1239,1316
-161.588939,-25.606278,1196,1231,1232,1233,1234,1239,1240,10037,10038
-156.52913,-27.342172,1197,1198,1199,1316,1317,1318,1325
-156.011429,-27.332232,1198,1324,1325,1326,1327,1328,1329
-156.812065,-17.601696,1201,1202,1306,1369,1370,1376
-154.115423,-18.801537,1202,1203,1369
-153.320189,-19.071267,1203,1204,1368,1369,1375,1376,1377,1378
-156.515133,40.932125,1211,1212,1213,1214,1215,1224,1227,1228,1247
-155.748559,40.804587,1212,1213,1425,1435
-156.536773,41.064681,1212,1246,1247,1431,1432,1433,1434,1435
-155.746802,40.665637,1213,1214,1425,1426,1427,1428,1429,1430
-156.260329,38.669532,1214,1215,1416,1430
-157.066929,36.928823,1215,1228,1229,1230,1416,1422
-154.389878,35.078869,1216,1217,1225,1420,1421
-154.924962,35.604236,1217,1225,1226,1314,1315
-157.602034,36.928776,1218,1312,1313
-157.33861,36.931908,1218,1219,1226,1229,1230,1313,1314
-154.945368,35.995111,1225,1226,1229,1421,1422,1423,1424
-161.582743,-25.059524,1231,10038,10039
-154.381523,-22.135565,1234,1235,1236,1237,1238,1240,1373,1565,1566,1578,1579
-152.534229,-22.922727,1235,1236,1501,1502,1503,1504,1508
-152.527834,-22.795187,1235,1500,1501,1577,1578
-155.453494,-23.600314,1236,1237,1450
-155.985088,-23.859578,1237,1238,1317,1318,1450,1472,1473
-158.934894,-25.07818,1238,1239,1240,1316,1317
-156.264464,43.991131,1243,1244,1279,1280,1281,1282,1283
-157.337975,43.063915,1244,1245,1279,1390
-155.720616,42.663018,1245,1246,1390,1391,1392,1398,1399,1431
-148.816672,-68.908336,1249,1250,10029
-148.916672,-68.108336,1250,1251,1264,1265,10028,10029,10030,10031,10032,10033
-146.583336,-67.758336,1251,1252,1253,1254,1255,1256,1257,1258,1259,1260,1261,1266,10028
-152.616672,-67.375,1251,1265,1266,1267
-138.923496,-67.070061,1253,1254,1721,1722,1723,1724,1725,1726,1743
-140.543879,-65.863839,1254,1255,1721
-142.140071,-63.864421,1255,1256,1720,1721,1742,1743,1744,1748
-142.667826,-63.868596,1256,1257,1720
-155.476527,-67.593209,1262
-144.256435,-44.811646,1272,1273,2029
-143.718854,-45.735793,1273,1274,1275,2028,2029,2030,2031,2032,2033,2049,2050,2051,2052,2053
-152.269406,-49.076545,1274,1275,1437,1438
-146.137644,-47.46974,1274,1438,1439,2028
-155.748116,46.807549,1277,1278,1383,1384
-154.915249,46.530884,1278,1282,1283,1382,1383,1391,1392
-156.252267,43.8635,1279,1283,1390,1391
-148.252541,56.273266,1285,1286,1287,1288,1289,1290,1291,1292,1293,1363,1364
-141.337695,56.002601,1288,1289,2165,2166,2176,2177
-151.482841,-11.195253,1299,1300,1664,1678,1679
-148.537715,-10.807877,1300,1301,1677,1678
-146.664342,-11.205075,1301,1302,1677,1885,1886
-147.716491,-14.928524,1302,1303,1885
-147.746735,-15.066639,1303,1304,1568,1569,1885,1886,1887,1888,1889,1892,1894,1895
-149.60699,-15.607257,1304,1305,1568,1582,1583
-154.400715,-17.060014,1305,1306,1307,1308,1370,1582
-151.210891,-27.193217,1318,1325,1326,1471,1472
-142.935537,-32.262959,1319,1320,1468,2056,2057
-142.957171,-31.998244,1319,1468,1469
-148.003936,-29.198601,1319,1320,1327,1328,1469,1470
-151.23655,-27.324876,1326,1327,1470,1471
-149.590067,-57.331478,1333,1334,1341,1756
-148.827573,-57.737363,1334,1335,1336,1337,1338,1339,1340,1341,1755
-149.333746,-57.316899,1334,1755,1756,1757,1758,1767,1768
-147.189853,-59.866201,1335,1336,1754,1765,1766
-148.534733,-57.737236,1335,1755,1766,1767
-151.482321,3.462659,1344,1345,1610,1611,1618
-148.51435,2.260493,1345,1346,1617,1618,1619,1620
-150.675943,1.202407,1346,1347,1617
-149.078091,0.409061,1347,1348,1349,1350,1351,1352,1353,1354,1355,1616,1617,1620
-145.332087,1.466801,1348,1349,1640,1641
-145.32623,1.601713,1348,1615,1616,1641,1642
-145.061501,1.464458,1349,1350,1639,1640,2118
-142.919229,1.205682,1350,1351,2118,2119,2128,2129
-138.663182,-0.397708,1351,1352,2127,2128,2416
-154.130484,-18.659989,1370,1371,1372,1376,1377,1582,1583,1584,1589
-151.195064,-19.577895,1371,1372,1587,1588
-153.044751,-18.661591,1371,1588,1589
-151.211169,-19.86047,1372,1377,1378,1565,1566,1586,1587
-154.418662,-21.867513,1373,1374,1375,1378,1565
-152.274723,48.537024,1381,1382,1392,1393,1394,1395,1399,1711,1712,1713,1714,1717
-153.61812,16.41192,1385,1386
-153.587987,16.548335,1385
-157.330076,15.062852,1385,1386,1387,1388,1389
-153.592221,15.465205,1386,1387
-152.792224,14.797814,1387,1388
-153.60231,13.213706,1388,1389
-155.999776,13.604615,1389
-150.130174,47.738705,1393,1394,1605,1606,1607,1608,1609
-150.150852,48.010543,1393,1606,1717,1719
-151.984262,46.254278,1394,1395,1604,1605
-152.804853,46.273502,1395,1396,1397,1398,1399,1604
-153.623829,43.065206,1396,1397,1432,1433,1597
-153.081096,43.867965,1396,1597,1598,1604,1605,1609
-154.366348,43.065892,1397,1398,1431,1432
-149.333333,90.0,1400,1401,1815
-149.335492,89.872025,1401,1402,1786,1815,1839
-149.601816,89.199763,1402,1403,1786,1787,1788,1789,1809,1810
-143.992209,86.520585,1403,1404,1414,1415,1809
-140.258814,83.72155,1404,1405,1406,1407,1408,1409,1410,1411,1415,1808,1813,1814
-143.696204,86.541245,1404,1809,1810,1811,1814
-137.055849,82.001154,1405,1807,1808
-153.586815,36.133457,1416,1417,1418,1422,1423,1429,1430
-150.922475,34.66542,1417,1418,1686,1697,1698
-151.502645,35.991528,1417,1428,1429,1691,1692,1698,1699
-152.268728,34.136857,1418,1419,1423,1424,1521,1522,1686,1687,1688,1689,1690
-153.05253,40.666795,1425,1426,1434,1435,1603
-152.286079,40.415349,1426,1427,1602,1603,1700
-150.919382,39.603735,1427,1428,1691,1700,1701,1702,1703,1708,1709
-153.603237,41.600571,1433,1434,1597,1598,1599,1600,1601,1602,1603
-145.328795,-47.856681,1439,1440,2028,2048,2049
-144.277724,-50.671396,1440,1441,2047,2048
-145.053939,-53.068603,1441,1442,2046,2047
-139.742494,-56.122652,1442,1443,2045,2046
-139.463645,-56.924853,1443,1444,1445,1446,1447,1449,2044,2045,2311,2312
-139.989934,-57.615737,1444,1761,1762,2311
-154.397116,-23.603219,1450,1451,1452,1473,1474,1485
-149.588801,-23.072711,1451,1452,1486,1487,1488,1503,1504
-152.254943,-23.071923,1451,1485,1502,1503
-142.906473,-23.993424,1452,1474,1475,1486
-135.200374,-23.211509,1453,1454,1488,1504,1505,1506,1507,1508
-139.465043,-23.335924,1453
-141.59649,-24.007091,1453,1454,1455,1456,1457,1458,1459,1475,1476,1486,1487
-128.533363,-24.12656,1454,1455,1489,1490,1505,2788,2789
-128.522719,-24.271002,1455,1456,2789,2790
-128.519847,-25.727053,1456,1457,2447,2448,2790
-133.831442,-26.405324,1457,1458,2446,2447
-138.132339,-27.336761,1458,1459,2446
-138.166218,-27.997101,1459,1460,1476,1482,1483,1484,2446,2447,2448,2449,2451
-130.653029,-28.25952,1460,1461,1477,1478,1479,1483,2450
-132.282068,-28.136737,1460,2450,2451
-126.659161,-29.741352,1461,1462,1477,2502,2503,2820,2821,2827,2828
-128.24808,-27.33186,1461,2449,2450,2451
-129.34332,-29.19797,1462,1477,1478,2500,2501
-129.340897,-29.473382,1462,2501,2502
-126.415922,-33.729067,1463,1464,2062,2063,2864,2865,2866,2869
-127.742899,-32.128312,1463,2504,2505,2864
-129.326249,-32.000255,1463,1464,1465,1466,1467,1480,2505
-131.456499,-33.326726,1464,1465,2061,2062
-132.281856,-33.336176,1465,1466,2060,2061
-140.256451,-31.865783,1466,1467,2059,2060
-140.302339,-31.734547,1467,1480,1481,2058,2059
-141.881881,-31.732414,1468,1469,1470,1471,1472,1473,1474,1475,1476,1481,1482,2057,2058
-133.07248,-29.20115,1478,1479,2499,2500
-136.801381,-29.474137,1479,1483,1484,2499
-136.807425,-29.868196,1480,1481,1482,1484,2499,2500,2501,2502,2503,2504,2505
-155.453494,-23.600315,1485,1502
-139.465043,-23.335925,1487,1488
-128.102099,-22.388502,1489,1490,1491,2763,2767,9869
-126.645339,-23.207209,1489,2787,2788,9869,9870
-130.350008,-23.241668,1490,1491,1492,1505,1506
-128.784391,-22.00505,1491,1492,2766,2767
-130.430526,-22.008527,1492,1493,1494,1495,1496,1497,1498,1506,1507,2765,2766
-130.392481,-20.662935,1493,1494,2654,2655,2656,2657,2658,2659
-130.398734,-21.864122,1493,2659,2764,2765
-131.469744,-20.143003,1494,1495,2654,9952,9953
-133.595057,-20.140346,1495,1496,9951,9952,10014,10015,10016,10021
-139.742721,-19.058663,1496,1497,10013,10014
-141.516729,-19.558187,1497,1498,1499,1883,1884,10012,10013
-141.516672,-19.558336,1498,1499,1500,1501,1507,1508
-144.02222,-20.263683,1499,1500,1577,1882,1883
-154.659714,52.4053,1509,1517,1518,1526
-144.95,51.391664,1510,1511,1512,1513,1514,1515,1519
-145.715807,50.119881,1510,1511,1872,10022,10023,10024,10025
-149.054768,51.199542,1510,1518,1519,1520,1526,1527,1872,1873
-143.179491,51.585919,1513,1514,2081
-152.278385,52.550949,1516
-144.787356,30.261574,1522,1523,1690,1937,1938
-142.947182,29.724803,1523,1524,1938,1939,1940,1941,1987
-149.061127,50.940942,1527,1538,1539,1873,1874
-145.093723,44.398072,1528,1529,1530,1531,1532,1533,1534,1540,1867
-145.350248,46.652614,1528
-146.140311,47.608885,1528,1540,1541,1543,1866
-144.533814,42.400524,1530,1531,2085,2086,2087,2088,2089,2090,2091,2092
-145.617065,41.880732,1531,1532,1701,1702,2085
-148.01161,43.866655,1532,1533,1601,1602,1700,1701
-147.985793,43.996495,1533,1534,1600,1601,1715,1716,1718
-146.398573,47.055198,1534,1535,1540,1541,1715
-147.984548,50.001806,1535,1541,1542,1543,1713,1714
-148.008784,49.872988,1535,1714,1715,1717,1718,1719
-150.640593,51.20093,1536,1537,1538,1539,1542,1712,1713
-146.406518,49.865475,1539,1542,1543,1866,1874,1875
-140.796762,-80.393733,1544,1545,2022,2023,2026,2027
-131.989225,-79.467402,1545,1546,2023,2197
-130.136106,-79.333448,1546,1547,2197,2198
-129.600976,-79.331955,1547,1548,1549,1562,1563,2198,2199
-121.858721,-77.866324,1548,1549,3052,3053
-123.463249,-78.009327,1548,2199,2200,3036,3037,3038,3039,3053,3054
-116.005982,-76.798541,1549,1550,1551,1563,1564,3052
-111.992025,-76.667952,1550,1551,3050,3051
-115.98315,-76.675315,1550,3051,3052,3053,3054,3055,3057
-107.458693,-77.079784,1551,1552,1553,1554,1555,1556,1557,1564,3050
-105.857038,-76.130848,1552,1553,3048,3049
-107.449282,-76.52562,1552,3049,3050,3051,3056,3057
-101.042538,-77.859956,1553,1554,3047,3048,3994
-101.87096,-80.138207,1554,1555,3994,3995,3996,3997,3998,3999,4000,4004
-98.155629,-83.737098,1555,1556,4003,4004
-98.14285,-85.0635,1556,1557,4002,4003
-96.791726,-88.130897,1557,1558,1559,1560,1561,1562,1563,1564,4001,4002
-94.4,-90.0,1558,4001
-150.396054,-19.876264,1566,1579,1580,1585,1586
-148.806048,-15.60554,1567,1568,1569,1570,1571,1572,1573,1574,1575,1576,1581,1583,1584
-150.926916,-17.866887,1567,1584,1585,1586,1587,1588,1589
-149.334709,-18.80845,1567,1580,1581,1585
-145.598079,-15.202777,1569,1570,1891,1892,2072,2073
-146.130587,-15.733122,1570,1571,2073,2074
-145.326556,-16.138264,1571,1572,1877,1878,2074,2075
-144.548796,-17.455059,1572,1573,1878,1879
-145.879166,-17.737724,1573,1574,1879,1880
-145.857828,-18.389157,1574,1575,1880,1881,1882,1883,1884
-148.009657,-18.397298,1575,1576,1881
-148.019989,-18.925669,1576,1577,1578,1579,1580,1581,1881,1882
-150.124258,20.942842,1592,1593,1769,1773
-149.361221,20.934758,1593,1594,1772,1773,1774
-147.739501,18.801253,1594,1595,1771,1772,1896
-147.724432,18.661397,1595,1596,1775,1776,1896,1902
-151.214481,43.866805,1598,1599,1608,1609
-148.539661,44.001763,1599,1600,1607,1608,1716
-148.010196,46.808881,1606,1607,1716,1718,1719
-150.400189,3.466122,1611,1612,1618,1619,1646
-147.715348,3.732632,1612,1613,1614,1615,1616,1619,1620,1645
-150.405967,3.731313,1612,1645,1646,1647,1658,1659
-144.800079,3.6057,1613,1614,1643,1644
-145.590384,4.387657,1613,1644,1645,1657,1658
-146.141219,3.600514,1614,1615,1642,1643
-145.626174,12.942633,1622,1623,1624,1649,1783,1784,2093
-145.343274,10.934529,1623,1624,1904,2105,2106
-144.794897,11.461293,1623,2093,2094,2106,2107
-147.454045,9.877465,1624,1649,1650,1904,1905,1906,1909
-140.533608,6.804405,1625,1651,1652,1653,1654,1661,1662,1663,1907
-138.65823,7.740733,1625,1907,1908
-144.811005,8.532339,1625,1650,1651,1908,1909
-130.129177,6.673851,1626,1627,2402,2403
-133.338483,8.129117,1626,1905,1906,2403,2404
-133.351451,7.076569,1626,1627,1652,1906,1907,1908,1909
-130.142356,6.388744,1627,1628,1629,1630,1652,1653,2401,2402
-125.841112,5.213877,1628,1629,2889,2890,2912
-127.200892,6.272373,1628,2401,2902,2903,2912,2913
-127.195921,4.801945,1629,1630,2889
-127.199892,4.667688,1630,1653,1654,2889,2890,2891,2892,2893,2894,2895,2896,2897,2898,2900,2901
-121.589452,1.207445,1631,1632,2700,2701,2899
-123.480011,3.061325,1631,2899,2900,2901
-123.994937,3.04416,1631,1632,1633,1634,1635,1654,1655,1656,1662,2900
-122.659793,0.654863,1632,1633,2701,2702
-124.773372,0.661883,1633,1634,2417,2418,2702,2703
-127.728125,0.79943,1634,1635,2125,2126,2417
-129.04229,3.334114,1635,1636,1655,2125
-132.786518,3.730868,1636,1637,1655,1656,2123,2124
-131.993876,2.2684,1636,2124,2125,2126,2127,2128,2129
-136.258662,5.611215,1637,1656,1662,1663,2121,2122
-135.468388,3.193805,1637,2122,2123
-138.126767,2.136609,1638,1639,2118,2119
-136.290922,1.856947,1638,2119,2120,2121,2122,2123,2124,2129
-138.146765,3.197426,1638,1639,1640,1641,1642,1643,1644,1657,2120
-137.333828,5.589664,1657,1658,1659,1660,1661,1663,2120,2121
-133.060655,-3.987902,1671,1672,2283,2423,2424
-133.881908,-5.871922,1672,1673,1683,2283,2293,2294,2295
-138.425302,-4.395514,1673,1674,1683,1684,2284
-135.218688,-6.13416,1673,2284,2285,2286,2287,2288,2289,2294
-140.794286,-9.336769,1674,1675,1676,1684,1685,2285,2286
-137.071176,-6.936775,1674
-142.404827,-10.130168,1675,1676,1887,1888
-140.79254,-9.603258,1675,1888,1889,2286,2287
-145.075656,-9.869549,1676,1677,1678,1679,1680,1681,1682,1685,1886,1887
-148.806005,35.334158,1686,1687,1696,1697
-148.504643,35.335325,1687,1688,1695,1696,1854
-148.815071,34.533624,1688,1689,1854,1858
-145.856327,32.267026,1689,1690,1857,1858,1937
-148.797826,39.589543,1691,1692,1708,1860
-146.682528,37.741526,1692,1693,1699,1860,1861,1862,1863,1865
-148.550392,36.792944,1693,1694,1695,1696,1697,1698,1699,1859
-146.414624,37.062588,1693,1859,1864,1865
-148.261989,35.330342,1694,1695,1854,1855,1856,1857,1858
-148.266404,35.470819,1694,1855,1859,1864
-144.804667,40.927508,1702,1703,2085,2092
-144.004503,40.93509,1703,1709,1710,2091,2092
-141.597219,39.869034,1704,1705,2187
-140.803035,39.8568,1704,2089,2090,2187,2188
-142.147257,40.003199,1704,1705,1706,1707,1710,2090,2091
-141.596267,39.735983,1705,1706,2111,2112,2113,2114,2115,2116,2117,2187,2188,2194
-143.485332,39.075801,1706,1707,1861,1862,2111
-146.936011,40.12528,1707,1708,1709,1710,1860,1861
-138.929018,-67.192133,1723,1724,2368
-138.673762,-67.207696,1724,1725,2368,2369,2387,2388,2389,2390
-138.367499,-66.130875,1725,1726,2386,2387
-139.198668,-65.861341,1726,1727,1728,1729,1730,1731,1743,1744,2386
-136.683336,-63.375,1727,1728,1733,1734,1735,1736,1745
-137.580453,-66.066338,1727,1733,2384,2385,2386,2387,2390
-139.016672,-61.575,1728,1729,1745,1746,1749,1750,1753
-140.616672,-61.225,1729,1730,1732,1752,1753
-141.583336,-61.675,1730,1731,1732
-142.75,-60.841668,1731,1732,1744,1748,1751,1752
-136.013831,-66.2648,1733,1734,2383,2384
-133.589118,-65.60211,1734,1735,2382,2383
-131.473283,-66.131165,1735,1736,2381,2382
-131.201597,-65.733825,1736,1737,1745,1746,2380,2381,9910,9911
-132.316672,-64.691668,1737,1738,1746,1747,1749,10026
-131.198255,-65.00735,1737,9908,9909,9910,10026,10027
-133.882771,-63.192985,1738,1739,1747,2587,2588
-132.968905,-63.556299,1738,2588,9906,9907,10026,10027
-135.204811,-62.937121,1739,1740,1741,1747,1749,1750,2319
-133.857145,-62.936047,1739,2586,2587
-139.185455,-60.662515,1740,1741
-135.202156,-62.665631,1740,2319,2320
-141.055031,-60.666965,1741,1750,1751,1752,1753,1764,1765,1766,1767,1768
-138.680896,-58.26553,1762,1763,2311,2312,2313,2314,2315,2316,2317,2318,2321
-139.185455,-60.662516,1763,1764,2320,2321
-147.481975,18.79669,1770,1771,1896,1897,1898,1899,1900,1902,1903
-147.45383,18.661098,1776,1777,1901,1902,1903
-147.463459,18.256083,1777,1778,1901,1910
-146.137554,16.936676,1778,1779,1910,1911,1920
-142.9244,16.674213,1779,1780,1920,1922
-141.347636,16.264517,1780,1781,1919,1921,1922,2095
-140.252193,13.724832,1781,1782,2094,2095,2096,2097,2098,2107,2108
-142.952012,12.40526,1782,1783,2093,2094
-146.144479,89.871868,1786,1787,1838,1839,1840,1841,1842,1853
-138.938518,86.126495,1787,1788,1837,1838
-138.930158,85.983843,1788,1789,1836,1837
-135.734782,84.393268,1789,1790,1791,1810,1811,1836
-129.884422,81.603355,1790,1791,1834,1835
-135.183954,84.405233,1790,1835,1836,1837,1838,1852,1853
-129.865572,81.464408,1791,1811,1812,1813,1814,1833,1834
-124.570044,80.932059,1792,1793,1831,1832
-124.529823,81.193789,1792,1832,1833,1834,1835,1851,1852
-126.124978,81.196026,1792,1793,1812,1833
-114.925362,76.260279,1793,1794,1795,1796,1797,1798,1799,1800,1801,1802,1803,1804,1805,1806,1807,1808,1812,1813,1831
-109.353408,74.399008,1794,1795,1830
-109.341788,74.669482,1794,1830,1831,1832,1850,1851
-105.605612,72.926814,1795,1796,1829,1830,1849,1850
-105.318377,71.603852,1796,1797,1829,3676,3686,3687
-109.317961,69.710947,1797,1798,3147,3148,3685,3686
-110.132608,69.735994,1798,1799,2799,3146,3147
-114.922668,71.188727,1799,1800,2799,2800,2801,2802,2809,2810
-118.414838,72.542678,1800,1801,2798,2808,2809
-121.876895,74.257084,1801,1802,2797,2798
-121.882318,74.402659,1802,1803,2797
-123.188298,74.410285,1803,1804,2796,2797,2798,2807,2808
-128.785442,76.665411,1804,1805,2638,2639,2796
-122.4,90.0,1815,1839,1840,3106
-115.74035,87.478065,1816,1817,3117,3118
-119.993142,89.057917,1816,3118,3119,3120,3121
-120.821478,89.057413,1816,1817,1818,1840,1841,3106,3107,3119
-110.135569,83.871008,1817,1818,3116,3117
-110.13495,83.739535,1818,1819,1820,1841,1842,3115,3116
-101.856448,80.269368,1819,1820,3113,3114
-104.540901,81.588222,1819,3114,3115
-101.864734,80.00566,1820,1842,1843,1844,1845,1846,1847,1848,1849,1850,1851,1852,1853,3112,3113
-96.796616,78.801947,1821,1822,4048,4049,4050,4053,4262
-96.784633,79.329758,1821,4203,4204,4205,4207,4262,4263
-98.147193,79.200244,1821,1822,1823,1824,1843,3111,3112,4203
-97.866678,78.798936,1822,1823,4047,4048
-100.270014,76.795645,1823,1824,4047
-101.59932,75.592721,1824,1843,1844,4016,4017,4047,4048,4052,4053
-103.196927,72.93736,1825,1826,1845,1846,3922
-102.6824,73.595692,1825,3922,3923,3965,3966
-101.886481,75.066676,1825,1844,1845,3965,4016
-103.732998,72.663226,1826,1827,1846,1847,3921
-103.212769,72.671457,1826,3921,3922,3923,3924,3937
-104.775928,71.861155,1827,1828,1847,1848,3677
-103.702702,72.409758,1827,3677,3678,3921,3936,3937
-105.326577,71.73025,1828,1829,1848,1849,3676
-104.796569,71.739932,1828,3676,3677,3678,3679,3680,3681,3687,3688
-146.125449,36.39247,1855,1856,1863,1864,1865
-147.220137,35.202474,1856,1857
-145.584363,37.470059,1862,1863,1934,1935,2111,2117
-145.350248,46.652615,1866,1867,1868,1869,1870,1871,1875
-145.883336,49.841664,1871,1872,1873,1874,1875,10022
-141.442379,-15.911376,1876,1877,2075,9988,10019,10020
-140.850008,-17.191668,1876,10012,10013,10014,10020,10021
-141.983336,-18.341668,1876,1877,1878,1879,1880,1884,10012
-140.009863,-9.612405,1889,1893,1895,2271,2287,2288,2308
-142.670005,-11.867355,1890,1893,1894,1895,2131,2132
-139.721677,-11.326103,1890,2130,2131,2309,2310
-140.250317,-10.935688,1890,1893,2308,2309
-144.254802,-14.534176,1891,2071,2072,2133
-144.267366,-14.263326,1891,1892,1894,2132,2133
-144.527209,19.602005,1898,1899,1912,1913,1914,1915,1916,1917,1918,1919,1921
-143.47326,18.002634,1899,1900,1911,1920,1921,1922
-146.387462,18.530763,1900,1901,1903,1910,1911
-138.66689,9.459482,1904,1905,2105,2391,2392,2393,2394,2395,2396,2397,2398,2399,2400,2404
-143.456844,21.729264,1913,1914,2142,2144
-142.936917,21.068409,1914,1915,2141,2143,2144,2159
-142.94203,19.861041,1915,1916,2159,2164
-137.340955,16.404583,1916,1917,2163,2164,2427,2428
-138.397892,15.471541,1917,1918,2096,2097,2427
-140.296438,16.397268,1918,1919,2095,2096
-125.089114,43.325599,1923,1924,2648,2649,2666
-125.868644,45.338213,1923,2591,2592,2665,2666,2667,2668,2669,2670
-124.00761,45.323387,1923,1924,1984,1985,2592,2593,3035
-122.921277,42.259947,1924,1925,1926,1985,2002,2003,2649,2650
-124.018101,37.477973,1925,1926
-129.079312,39.731748,1925,2608,2609,2650,2651
-123.476939,37.070693,1926,2003,2004,2793,2794
-130.39548,34.801304,1927,1928,1929,1930,1931,1932,1986,2614,2615
-127.468085,33.463481,1927,2613,2614
-126.921486,32.664532,1927,1986,2011,2012,2013,2016
-131.482986,37.331132,1928,1929,2616,2617,2618,2619
-129.327344,36.001031,1928,2615,2616
-133.305619,37.725226,1929,1930,2580,2608,2609,2610,2611,2617
-134.412771,37.73278,1930,1931,2112,2113,2577,2578,2579,2580
-137.057232,37.195542,1931,1932,2113,2114
-141.861705,37.19809,1932,1933,1934,1935,1936,1986,2005,2006,2007,2011,2114,2115
-144.813842,37.858481,1933,1934,2116,2117
-143.737763,37.869201,1933,2115,2116
-146.125449,36.392471,1935,1936
-147.220138,35.202474,1936,1937,1938,1987,1988,1989,2005
-140.250591,35.198141,1942,1943,1990
-141.060983,34.932381,1942
-136.525985,33.478466,1944
-133.604647,32.533177,1945,1946,1991,1992,2476,2477
-131.745867,29.738999,1946,1947,1948,1992,1993,1994,2008
-132.539554,30.405607,1946,2477,2478
-129.613379,24.529048,1947,1948,2522,2523,2621,2622
-132.798474,28.525862,1947,2479,2480,2521,2522
-127.718149,22.389715,1948,1949,1950,1951,1952,1993,2622,2623,2624,2625,2626,2627,2628,2629,2630,2631,2632,2637
-124.261704,25.478929,1949,1950,2773,2774,2978
-121.338689,23.322231,1949,2623,2977,2978,2979,2982
-125.342963,24.927972,1950,1951,2774,2775
-129.337661,28.792613,1951,1952,2768,2769,2770,2771,2772,2775
-130.138194,29.063212,1952,1953,1993,1994,2768
-127.190705,30.797402,1953,1954,1955,1956,1994,2008,2009,2769,2770
-128.812454,29.473361,1953,2768,2769
-124.282919,28.805807,1954,1955,2915,2916,2970
-125.0935,28.804281,1954,2770,2771,2915
-123.73351,29.736679,1955,1956,2970,2971
-121.332214,29.193906,1956,1957,1995,1996,2009,2012,2013,2971,2972
-119.983242,28.391018,1957,1958,1959,1960,1961,1962,1963,1964,1995,2973,2974
-121.342208,28.399492,1957,2972,2973
-114.92389,27.464988,1958,1959,3266,3267,3499
-119.71726,26.136876,1958,2974,2975,3265,3266
-111.193522,27.599921,1959,1960,3486,3487,3499,3500
-112.25591,27.992317,1960,1961,3487,3488
-111.195949,28.668128,1961,1962,3488,3489
-114.14301,28.802014,1962,1963,3489,3490
-115.993206,30.541253,1963,1964
-119.725554,30.779352,1964,1965,1966,1995,1996,3286,3287,3288,3289
-121.337663,31.601809,1965,1966,3028,3029
-119.460351,31.984823,1965,3028,3286
-124.029826,32.532959,1966,1996,2013,2016,2017,3024,3029,3030
-116.79133,33.86966,1967,1968
-118.647937,36.271633,1967,3025,3031,3032
-117.338539,36.27127,1967,1968,1997,3025
-111.491225,33.462467,1968,1969,1970,1997,1998,1999,2000,2010
-110.645442,31.340687,1969,1970,3478,3479
-113.333036,31.997294,1969,3026,3027,3033,3477,3478
-107.470103,29.992741,1970,1971,1972,1973,1974,1975,1976,1977,1978,1979,1998,3479,3480
-109.86401,29.204444,1971,1972,3481
-110.157584,29.19582,1971,3480,3481,3482,3483,3484,3485,3486,3487,3488,3489,3490
-105.858078,27.721784,1972,1973,3481,3482,3736,3737,3738,3739,3740,3741,3742,3743
-102.409943,27.743503,1973,1974,3737,3864,3865
-105.613646,30.538245,1974,1975,3858,3859,3865,3866
-105.598983,31.075552,1975,1976,3858
-104.790064,33.208518,1976,1977,3858,3859,9706,9707
-105.330327,33.863582,1977,1978,9706,9830,9831
-109.858372,34.400815,1978,1979,9830
-112.798877,36.008989,1979,1998,1999,9829,9830,9831,9832,9833,9834,9835
-120.950008,39.608332,1980,1981,9991
-120.784356,39.565193,1980,3223,3224,9826,9827,9991,9992
-120.779665,38.798704,1980,1981,2000,2001,2002,2003,2004,2010,2014,2015,9827,9828
-121.816672,42.508332,1981,1982,1983,2001,9991,9992,9993,9994,9995,10009
-120.916672,44.741664,1982,1983,9990,10008,10010,10011
-119.450008,43.725,1982,10009,10011
-123.883336,45.208332,1983,1984,1985,2001,2002,9990
-123.962287,45.326757,1984,3035,9849,9850,9990,10008
-119.191795,37.603245,1997,2010,2014,3024,3025,3030,3031
-118.669816,37.868266,1999,2000,9828,9829
-125.041826,34.132775,2004,2015,2016,2017,2612,2794,2795
-121.859275,37.332198,2014,2015,2017,3024
-138.496342,-75.1865,2018,2019,2020,2021,2022,2025,2026,2195,2230,9977,9989
-132.536542,-77.205723,2023,2024,2027,2196,2197,2198,2199,2200,2201,2202,2203,2204,2205,2206,2207,2208,2209,2210,2211,2212,2213,2214,2215,2216,2217,2218,2219,2231,2232
-137.116672,-76.541668,2024,2025,2026,2027
-137.380129,-75.564681,2024,2025,2196,9977
-136.250676,-38.000144,2031,2032,2066,2067,2068,2069,2070
-133.611434,-38.000358,2032,2033,2065,2066
-127.992194,-36.134739,2033,2034,2035,2036,2050,2065
-127.472372,-36.000262,2034,2035,2064,2838,2839,2856,2857
-127.989634,-35.990151,2034,2064,2065,2066,2070
-126.412523,-37.192705,2035,2036,2856,2870
-127.184576,-38.130305,2036,2037,2038,2050,2051,2870,2871,2880
-136.290946,-43.068722,2037,2038,2234,2235
-125.585844,-39.870344,2037,2235,2236,2879,2880
-141.068577,-44.663636,2038,2039,2040,2041,2051,2052,2234
-138.931488,-46.661313,2039,2040,2296,2297
-136.797039,-47.2057,2039,2234,2235,2236,2237,2238,2239,2240,2241,2242,2250,2251,2297,2298,2307
-140.544651,-46.656299,2040,2041,2296
-140.504559,-47.195386,2041,2052,2053,2296,2297,2306,2307
-131.727082,-53.469928,2042,2043,2303,2304,2560,2561
-133.880169,-51.333843,2042,2304,2305
-134.127828,-51.336285,2042,2043,2044,2045,2046,2047,2048,2049,2053,2305,2306
-136.259927,-55.730595,2043,2044,2312,2313,2561,2562
-126.399352,-34.267928,2063,2064,2069,2070,2838,2868,2869
-141.406834,-14.217403,2071,2130,2131,2132,2133,9982,9983,9986,9987
-141.883336,-14.958336,2071,2072,2073,2074,2075,9987,9988
-141.871239,54.531258,2076,2077,2169,2170,2171
-139.722399,53.329631,2077,2078,2169,2322
-139.459207,52.393358,2078,2079,2322,2323,2347,2348,2358
-141.610237,23.609666,2083,2084,2136,2137,2138,2139,2140,2141,2143
-143.218096,21.859576,2084,2135,2142,2143,2144
-139.19454,42.002958,2086,2087,2189,2190,2405,2413,2414
-139.985343,40.534468,2087,2088,2189
-140.008593,39.875196,2088,2089,2188,2189,2190,2191,2192,2193,2194
-137.610255,14.93576,2097,2098,2427,2428,2442,2443
-130.404102,15.868967,2098,2108,2109,2441,2442
-123.719176,14.131858,2099,2100,2944,2945,2946,2947,2948,2949,2950,2958,2959
-121.61539,18.667862,2099,2439,2440,2945
-123.472809,17.868335,2099,2100,2109,2110,2440,2441
-126.13479,13.858449,2100,2101,2102,2103,2104,2110,2944
-125.866534,10.935857,2101,2102,2393,2394,2830
-125.604945,12.79935,2101,2830,2831,2944,2957,2958
-129.346345,11.330335,2102,2103,2392,2393
-134.682386,11.728572,2103,2104,2391,2392
-139.187108,11.735739,2104,2105,2106,2107,2108,2109,2110,2391
-135.469245,38.129194,2112,2193,2194,2577
-128.812543,0.532258,2126,2127,2416,2417,2418,2419,2420,2421,2426
-139.649554,-11.48493,2130,2310,9966,9983
-139.197832,25.333814,2136,2137,2185,2186
-136.808252,26.275127,2137,2138,2184,2185,2520
-134.387964,23.600857,2138,2139,2430,2431,2520,2521,2522,2523,2524,2525
-135.215587,22.125733,2139,2140,2160,2430
-139.188642,20.407941,2140,2141,2159,2160,2161,2162,2163,2164
-134.685489,62.266954,2149,2150,2151,2465,2466
-139.728075,31.344964,2152,2153
-140.798607,34.133051,2152
-143.724505,33.200494,2152,2153
-139.987558,31.326329,2153
-141.318953,45.736846,2154,2155,2158
-141.320295,45.200012,2154
-142.418765,45.191809,2154,2157,2158
-138.799904,46.499311,2155,9979,9980
-143.739275,48.657568,2156,2157
-142.661895,48.27004,2156,9979,9980,9981
-134.147165,21.316709,2160,2161,2429,2430,2431,2432,2433,2434,2435,2444
-134.941874,19.865436,2161,2162,2429
-134.419155,17.727943,2162,2163,2428,2429,2443,2444,2445
-141.081526,55.995521,2166,2167,2176,2268,2269
-138.368758,55.723172,2167,2168,2267,2268
-137.347774,55.475812,2168,2170,2171,2267,2323,2324,2325,2326,2327,2328,2329,2330,2348,2349
-139.753446,53.473366,2169,2171,2322,2323
-137.854159,57.332127,2174,2175,2261
-137.049413,57.329191,2174,2261,2262,2263,2264,2265,2266,2270
-138.667359,56.655192,2175,2176,2177,2178,2261,2269,2270
-134.132563,28.798648,2181,2182,2481,2482,2483
-134.120041,28.67127,2182,2183,2481
-133.828686,28.667734,2183,2184,2480,2481,2483,2520,2521
-134.422547,40.659659,2190,2191,2412,2413
-132.540589,40.393557,2191,2192,2411,2412,2646
-132.524606,40.262536,2192,2193,2577,2578,2646,2653
-138.116672,-74.675,2195,2230,2231,2232,2233
-137.516672,-75.058336,2195,2196,2231,9977
-123.469303,-77.740168,2200,2201,3036
-122.677134,-77.727908,2201,2202,3036,3037
-121.067734,-77.325243,2202,2203,3037,3038
-120.265512,-77.327616,2203,2204,3038,3039
-116.280578,-76.672088,2204,2205,3039,3040,3054,3055
-116.282397,-76.52805,2205,2206,3040
-113.053566,-76.268381,2206,2207
-113.079734,-76.121362,2207,2208,3041
-106.137963,-74.545335,2208,2209,2727,2728,3041,3042
-106.316443,-73.961739,2209,2210,2726,2727,9978
-107.413959,-73.733397,2210,2211,2751,2752,9882,9978
-109.863703,-73.733072,2211,2212,9881,9882,9883,9884,9885
-118.687092,-74.940851,2212,2213,9880,9881
-122.146489,-74.938401,2213,2214,9879,9880
-124.015786,-74.805541,2214,2215,9878,9879
-125.327096,-75.060939,2215,2216,9877,9878
-128.006276,-74.395282,2216,2217,9876,9877
-128.281466,-74.211858,2217,2218,2220,2221,2742,9876
-129.816672,-74.241668,2218,2219,2220
-130.816672,-73.608336,2219,2220,2221,2222,2223,2224,2225,2226,2227,2228,2229,2232,2233
-130.388025,-72.80776,2221,2222,2741,2742,2743,2758,2759
-130.378068,-72.532582,2222,2223,2740,2741
-129.874492,-69.331598,2223,2224,2372,2373,2374,2375,2376,2377,2378,2379,2380,2381,2382,2383,2384,2385,2388,2389,2739,2740
-135.196749,-71.208598,2224,2225,2371,2372
-135.712156,-71.59334,2225,2226,2370,2371
-121.325766,-40.670531,2236,2237,2878,2879
-120.797624,-40.670282,2237,2238,2877,2878,3122
-121.588101,-41.608412,2238,2239,3065,3066,3122,3130
-122.665276,-42.400022,2239,2240,3064,3065
-122.688703,-42.525754,2240,2241,3064
-122.668405,-43.607483,2241,2242,3064,3065,3066,3067,3068,3073,3074
-121.881536,-43.605357,2242,2243,2251,2254,2255,3072,3073
-122.383277,-45.20026,2243,2244,2245,2246,2255,2258,2259,2260,3077,3078,3079,3084
-122.11146,-44.523111,2243,3072,3077
-120.016985,-46.121135,2244,2245,3012,3013,3021,3082,3083
-120.267316,-45.463077,2244,3083,3084,3085
-121.059073,-46.53871,2245,2246,3012
-121.070598,-46.925712,2246,2256,2257,2259,3011,3012,3020,3021,3022,3023
-122.656516,-47.188621,2247,2248,2538,2539
-122.944335,-47.207054,2247,2539,2540,2541,2542
-122.422707,-47.197098,2247,2248,2252,2540,3010,3011,3019,3020
-122.647325,-46.801032,2248,2252,2253,2537,2538
-136.529939,-47.201437,2249,2250,2298,2532
-133.594607,-46.938665,2249,2532,2533,2534,2535,2536,2537,2538,2539,2542
-133.572685,-46.659222,2249,2250,2251,2254,2533
-122.408922,-46.934914,2252,2253,2256,3011
-121.601579,-46.526665,2253,2256,2257,2536,2537
-128.537994,-45.607905,2254,2255,2258,2533,2534
-121.596156,-46.412482,2257,2259,2260,2535,2536
-126.665814,-45.726823,2258,2260,2534,2535
-136.783153,60.00413,2264,2265,2474,2475
-134.932699,59.203073,2265,2266,2324,2325,2473,2474
-137.329464,55.73829,2266,2267,2268,2269,2270,2324
-138.85,-10.241668,2271,2272,2273,2288,2289
-138.949442,-10.396295,2271,2272,2308,2309,2310,9966,9974
-138.408605,-10.796095,2272,2273,9973,9974
-136.523096,-9.325332,2273,2274,2275,2276,2289,2294,2295,2512,9972,9973
-130.936861,-6.79583,2274,2275,2510,2511,2707
-134.164008,-9.074756,2274,2511,2512,2513,2514,2515,2516,2517,2518,2519
-130.942015,-5.870691,2275,2276,2706,2707,2708,2717,2718
-130.129128,-4.939808,2276,2290,2291,2292,2293,2295,2705,2706
-119.98834,-1.463911,2277,2278,2704,2715,2716
-120.5406,-3.461734,2277,2705,2706,2716,2717
-122.946783,-3.465416,2277,2278,2290,2705
-120.266009,-1.463754,2278,2279,2280,2290,2291,2704
-123.487139,-0.662798,2279,2280,2419,2420
-124.254118,-0.008572,2279,2418,2419,2703,2704,2714,2715
-125.624037,-2.265239,2280,2281,2282,2291,2292,2420,2421
-128.794216,-2.139801,2281,2282,2422
-129.316848,-1.870571,2281,2421,2422,2423,2424,2425,2426
-130.911467,-4.001332,2282,2283,2292,2293,2422,2423
-137.071177,-6.936775,2284,2285
-136.242265,-47.478158,2298,2299,2300,2301,2302,2303,2304,2305,2306,2307,2532,2541,2542
-123.741891,-51.062984,2299,2300,3009
-122.677457,-47.468896,2299,2540,2541,3009,3010
-124.013236,-53.198558,2300,2301,2557,2558,3009,3010,3018,3019
-129.341615,-53.464529,2301,2302,2558,2559
-131.216461,-53.319174,2302,2303,2559,2560
-134.114955,-56.929728,2313,2314,2562,2563
-130.656756,-57.73828,2314,2315,2563,2564
-132.545312,-58.409267,2315,2316,2564,2571,2572,2575
-130.402731,-60.528746,2316,2317
-131.479064,-61.459746,2317,2318,2565,2585,2586
-133.857144,-62.936047,2318,2319,2320,2321
-133.607601,59.201695,2325,2326,2472,2473
-128.262733,60.131602,2326,2327,2471,2472,2671,2672
-131.206139,58.131677,2327,2328,2671
-129.603716,57.331224,2328,2329,2671,2672,2673,2675,2676,2776
-128.547021,56.808787,2329,2330,2776,2777,2778,2779,2780,2781,2782
-129.041193,54.794852,2330,2331,2332,2349,2350,2782
-121.08037,54.004011,2331,2332,2963,2964,2965
-126.667741,55.865186,2331,2781,2782,2960,2961,2962,2964
-121.882064,53.202503,2332,2333,2350,2353,2356,2357,2963
-119.729248,50.397802,2333,2334,2335,2336,2337,2338,2339,2354,2355,2357
-119.730335,52.796675,2333,2963,2965,3215,3335,3336
-126.136905,48.410176,2334,2335,2603,2604
-123.483467,49.212868,2334,2602,2603,3061,3062
-130.127648,48.144187,2335,2336
-130.931048,48.267384,2336,2337
-130.930645,48.800825,2337,2338,2490,2491,2492,2497
-129.888989,49.200339,2338,2339,2491
-131.192264,49.065675,2339,2340,2351,2352,2354,2491,2492
-135.76809,48.38653,2340,2341,2342,2343,2351,2493
-132.252987,48.538572,2340
-137.066985,48.141241,2341,2342,2362,2363,2494
-136.526928,47.726235,2341,2493,2494,2495,2496,2498
-136.271403,50.263198,2342,2343,2361,2362
-132.26283,49.59972,2343,2344,2351,2352,2360,2361
-123.45256,50.260037,2344,2352,2354,2355,2530,2531
-131.742286,50.003903,2344,2360,2531
-131.201472,52.411525,2345,2353,2356,2527,2528
-131.202589,52.262229,2345,2528,2529
-122.676824,51.195536,2345,2355,2356,2357,2529,2530
-138.131992,51.334985,2346,2347,2358,2359,2366,2367
-136.800706,51.339266,2346,2359,2526
-134.667614,52.397319,2346,2347,2348,2349,2350,2353,2526,2527
-136.291734,50.931548,2359,2360,2361,2362,2363,2364,2365,2367,2526,2527,2528,2529,2530,2531
-137.331039,49.994445,2364,2365
-124.792757,-68.932708,2373,2374,2737,2738,2993,2994
-126.129299,-69.465411,2373,2738,2739
-122.947879,-68.288844,2374,2375,2989,2990,2992,2993,9957,9965
-123.450008,-68.141668,2375,2376,9964,9965
-122.516672,-66.808336,2376,2377,9963,9964
-123.716672,-65.425,2377,2378,9962,9963
-123.696836,-65.09936,2378,2379,9900,9901,9902,9903,9912,9913,9915,9961,9962
-126.678941,-65.721251,2379,2380,9911,9912
-137.950008,-67.175,2385,2389,2390
-125.907,10.271278,2394,2395,2661,2662,2829,2830,2831,2832,2833,2834,2835,2836,2837
-130.925687,9.06429,2395,2396,2660,2661
-131.178409,9.068048,2396,2397,2660
-131.189426,8.670553,2397,2398,2660,2661,2662
-127.993807,8.136341,2398,2399,2662,2829
-127.463754,7.059373,2399,2400,2829,2837
-126.657861,6.809051,2400,2401,2402,2403,2404,2836,2837,2902
-132.814064,41.997347,2405,2406,2414,2415,2463
-129.584104,43.187142,2406,2407,2408,2409,2410,2415,2461,2462
-131.724642,42.669021,2406,2462,2463
-126.930164,43.731981,2407,2408,2668,2669
-130.146777,44.132325,2407,2460,2461,2669,2670
-126.666326,43.728803,2408,2409,2667,2668
-125.872737,43.329916,2409,2410,2647,2648,2666,2667
-129.860309,41.195577,2410,2411,2412,2413,2414,2415,2647
-129.850775,40.934747,2411,2646,2647,2648,2649,2650,2651,2652,2653
-132.535379,22.392705,2431,2432,2525,2620
-133.064849,21.60899,2432,2433,2620,2635,2636
-132.520468,20.808162,2433,2434,2634,2635
-130.673717,19.993837,2434,2435,2633,2634
-131.975449,19.068268,2435,2436,2437,2444,2445,2633
-126.138484,19.880692,2436,2437,2631,2632
-129.06772,19.88421,2436,2632,2633,2634,2635,2636,2637
-125.094313,19.465899,2437,2438,2439,2440,2441,2442,2443,2445,2630,2631
-120.243732,18.926076,2438,2439,2945,2946,3164,3165
-120.781899,20.39535,2438,2629,2630,3165,3166
-128.270322,-27.070896,2448,2449,2783,2784,2785,2786,2787,2788,2789,2790
-137.872998,-15.737994,2452,2453,2454,2455,9984,10017,10018
-137.845383,-15.186642,2452,9967,9968,9984,9985
-133.590781,-14.011502,2452,2455,9949,9956,9968,9969,9975
-132.883336,-16.991668,2453,2454,9949,9950,9951,9952,9953,9954,9955,9956
-133.892395,-19.337044,2453,9950,10015,10016,10017
-134.450008,-14.858336,2454,2455,9949
-135.463267,43.725283,2456,2457,2488
-137.328284,43.734524,2456,2484,2485,2486,2487,2488
-132.268636,44.662845,2457,2458,2487,2488,2581,2582,2583,2584
-131.20948,44.254304,2458,2459,2584,2663
-131.210583,44.128755,2459,2460,2663,2664,2665,2670
-129.872153,61.071736,2469,2470,2471,2472,2473,2474,2475,2723,2724,2725
-126.934887,60.408452,2470,2471,2672,2673,2923,2924
-127.199268,61.191955,2470,2725,2924,2925,2934,2935,2936,2937,2939
-131.745868,29.738999,2478,2479
-136.269622,45.987138,2484,2485,2543,2544,2545,2546,2547,2548,9945,9946
-136.263091,45.737484,2485,2486,2543
-134.41652,45.730075,2486,2487,2543,2544,2581
-130.931049,48.267384,2489,2490,9931,9932
-134.798615,47.149109,2489,2547,2548,9932,9933,9947,9948
-135.85,47.825,2489,2490,2496,2497,2498,9948
-132.252986,48.538572,2492,2493,2497,2498
-127.193594,-30.80936,2503,2504,2820,2864,2865
-124.281061,-7.601521,2506,2507,2508,2509,2510,2511,2519,2677
-120.519023,-6.529555,2506,2677,2678,2679,2709,2710
-121.606288,-7.456765,2506,2518,2519,2678
-124.809242,-5.724229,2507,2508,2709,2710,2719,2721,2722
-123.491451,-6.400636,2507,2677,2709
-126.942117,-5.601064,2508,2509,2708,2718,2719
-129.854785,-6.263806,2509,2510,2707,2708
-136.79047,-10.539056,2512,2513,9971,9972
-133.593794,-12.808777,2513,2514,9970,9971
-132.720693,-13.153965,2514,2515,9942,9969,9970,9975,9976
-130.983336,-11.441668,2515,2516,9941,9942,9943,9944
-121.45,-7.808336,2516,2517,9940,9941
-121.282896,-7.789441,2517,2518,2678,2679,2680,2681,9939,9940
-130.403656,23.339218,2523,2524,2621
-130.405764,22.404017,2524,2525,2620,2621,2622,2636,2637
-133.872178,45.860383,2544,2545,2581,2582,2589,2597,2598
-133.569001,46.271136,2545,2546,2589,9886
-133.575192,46.362621,2546,2547,2606,2607,9886,9933
-136.002803,46.800928,2548,9946,9947
-126.403263,-60.547491,2549,2550,9924,9925,9926
-127.105428,-60.707933,2549,9901,9902,9925,9930
-127.450008,-60.641668,2549,2550,2551,2569,2570,9927,9928,9929,9930
-120.789314,-58.922182,2550,2551,3239,3240,3241,3244,9923,9924
-117.861808,-56.926569,2551,2570,2573,2574,3239,3255,3256,3257,3263
-112.81659,-55.068677,2552,2553,3257,3258,3259,3260,3261,3262,3263
-119.487089,-56.657046,2552,3256,3257
-120.521238,-56.670875,2552,2553,2554,2555,2556,2557,2558,2559,2560,2561,2562,2563,2564,2574,2575,2576,3256
-117.589288,-52.932643,2553,2554,3015,3258
-118.675427,-52.676392,2554,2555,3015,3016
-120.794661,-53.201069,2555,2556,3016,3017
-121.603046,-53.195498,2556,2557,3017,3018
-131.14251,-61.460847,2565,2566,2585,9905,9927,9928
-130.402731,-60.528747,2565,2566,2571
-128.916672,-59.675,2566,2567,2569,2571,2572,9927
-123.750008,-57.241668,2567,2568,2572,2575,2576
-123.850008,-58.041668,2567,2568,2569,2570,2573
-120.783336,-56.891668,2568,2573,2574,2576
-130.93403,40.251999,2578,2579,2652,2653
-129.32512,39.740883,2579,2580,2608,2651,2652
-128.812255,45.7266,2582,2583,2590,2591,2592,2593,2594,2595,2596,2598
-127.731312,45.199725,2583,2584,2663,2664
-133.216672,-63.125,2585,2586,2587,2588,9905,9906
-133.463379,46.290741,2589,2597,2599,2607,9886,9889,9890,9894
-127.469167,45.201258,2590,2591,2664,2665
-127.731311,45.199725,2590
-123.972055,45.341409,2593,2594,3035,9849,9896,9897,9898
-124.716672,46.458332,2594,2595,9891,9898
-127.850008,46.808332,2595,2596,9890,9891,9894,9895
-132.816672,45.875,2596,2597,2598,9890
-130.404485,47.063228,2599,2600,2601,2602,2603,2604,2605,2606,2607,9888
-131.464121,46.661845,2599,9888,9889
-121.597213,48.411695,2600,2601,3058,3063,9887
-121.873956,47.468341,2600,9887,9888,9889,9893,9894,9895
-123.462912,48.538618,2601,2602,3062,3063
-130.127647,48.144187,2604,2605,9931
-133.604521,46.796025,2605,2606,9931,9932,9933
-124.0181,37.477973,2609,2610,2792,2793
-128.815858,36.936019,2610,2611,2791,2792
-129.071999,36.938302,2611,2617,2618,2791
-126.921487,32.664532,2612,2613
-125.582884,34.128179,2612,2613,2614,2615,2616,2619,2795
-129.064794,36.8043,2618,2619,2791,2792,2793,2794,2795
-120.807321,23.334641,2623,2624,2976,2977,3264
-120.790099,23.202689,2624,2625,3264,3265,3266,3267,3268,3269,3270,3274
-120.302294,23.189896,2625,2626,3156,3273,3274
-120.794764,22.543738,2626,2627,3156,3157,3158,3159,3160,3161,3167,3168
-121.87639,21.73927,2627,2628,3167
-118.666413,20.397577,2628,2629,3166,3167,3168,3169
-128.790249,76.267264,2639,2640,2796,2807
-124.555432,72.667284,2640,2641,2642,2643,2644,2645,2806,2807,2808,2809,2810,2811
-127.745644,-15.455966,2654,2655,2812,2813,2814,2815,2816,2819,9953,9954
-127.197301,-15.463637,2655,2656,2818,2819,2884,2885
-126.412611,-16.527099,2656,2657,2885,2886
-125.077284,-21.191965,2657,2658,2763,2764,2765,2766,2767,2886,2887
-129.887412,-21.600905,2658,2659,2764
-127.198888,58.662839,2673,2674,2676,2922,2923
-128.547909,57.733444,2674,2675,2676,2777,2778
-127.199113,57.999463,2674,2778,2779,2922
-128.549493,57.335374,2675,2776,2777
-112.016672,-6.741668,2679,2680,2710,2720,2722
-109.650008,-7.408336,2680,2681,2682,2683,2684,2685,2711,2712,2713,2720
-120.813778,-8.272026,2681,2682,9938,9939
-122.372812,-12.00471,2682,2683,3093,3094,9937,9938
-122.142431,-11.995085,2683,2684,3094,3095
-116.787755,-11.333478,2684,2685,3095,3096,3435
-112.806926,-10.934683,2685,2686,2711,3435,3436,3591
-111.464286,-9.600265,2686,2687,2688,2689,2711,2712,3625
-111.444929,-10.12897,2686,3591,3592,3625,3631,3632
-107.47365,-7.466397,2687,2688,3626,3695
-111.202928,-9.610836,2687,3625,3626,3627,3628,3629,3632,3633
-106.941396,-7.065056,2688,2689,3689,3695,3696
-108.248332,-6.789599,2689,2690,2712,2713,3689
-108.263517,-4.804584,2690,2691,2692,2713,2720,2721,2722,3690
-106.659414,-5.872806,2690,3689,3690,3691,3696,3697
-105.057962,-4.807106,2691,2692,3691,3692,3693,3694,3697
-107.198453,-5.060805,2691,3690,3691
-105.344761,-3.996756,2692,2693,2714,2715,2716,2717,2718,2719,2721,3692
-100.251298,-3.207486,2693,2694,2695,2696,2697,2698,2699,2700,2701,2702,2703,2714,3693,3694,3946,3947
-104.255678,-4.010378,2693,3692,3693
-96.249168,-1.73741,2694,2695,3948,3949,4328,4329
-98.128588,-3.203587,2694,3947,3948
-94.673485,2.667158,2695,2696,3358,3359,4319,4329
-103.191857,0.921854,2696,2697,3359,3360
-109.612324,1.729345,2697,2698
-115.450089,1.184567,2698,2699,2897,2898,3461
-117.057401,0.802191,2699,2700,2898,2899,2901
-126.653254,63.066513,2724,2725,2934,2940,2941,2942,2943
-104.250008,-74.391668,2726,2727,2728,2729,2753,2754
-106.386235,-73.733533,2726,2752,2753,9978
-103.72942,-74.667337,2728,2729,3042,3043,3044,3045,3046,3047,3048,3049,3056
-99.987038,-72.925584,2729,2730,2731,2754,2755,3043,4108
-97.071101,-72.272242,2730,2731,4086
-97.075715,-72.40175,2730,4086,4087,4088,4089,4090,4091,4092,4093,4094,4108,4109
-93.619465,-68.015851,2731,2732,2733,2734,2755,2756,3702,4086,4087
-96.271243,-67.072585,2732,2733,3701,3713,3714
-91.443832,-67.743465,2732,3702,3703,3704,3705,3706,3707,3714,3715
-99.730802,-67.86846,2733,2734,3700,3701
-107.733771,-68.260144,2734,2756,2757,2998,2999,3700
-117.079601,-69.603866,2735,2736,2995,2996
-115.503122,-69.071239,2735,2996,2997,2998,2999,3000,3006,3007,3008
-116.544258,-70.144237,2735,2736,2737,2738,2739,2740,2741,2758,2997
-120.279858,-69.593383,2736,2737,2994,2995
-126.383336,-74.175,2742,2743,9875,9876,9877,9878,9879,9880,9881,9885
-124.016672,-72.725,2743,2744,2759,2760,9874,9875
-117.316672,-72.941668,2744,2745,2746,2760,2761,9873
-118.916672,-73.358336,2744,9873,9874
-112.483336,-73.041668,2745,2746,2747,9883,9884
-115.716672,-73.758336,2745,9873,9874,9875,9884,9885
-113.083336,-72.591668,2746,2747,2748,2749,2761,2762
-109.216672,-73.358336,2747,2748,2750,2751,9882,9883
-109.083336,-70.941668,2748,2749,2750
-106.416672,-69.191668,2749,2750,2751,2752,2753,2754,2755,2756,2757,2762
-115.726877,-70.141492,2757,2758,2759,2760,2761,2762,2997,2998
-124.988397,-21.206734,2763,2887,2888,9864,9865,9866,9869,9870,9871,9872
-127.182403,27.722931,2771,2772,2915,2916,2917,2920
-124.816441,26.01051,2772,2773,2774,2775,2919,2920,2921
-124.020814,25.997114,2773,2918,2919,2978,2979
-125.59567,57.470697,2779,2780,2922,2923,2924,2925,2926,2927,2928,2929,2930,2931,2932,2933
-124.824559,56.814052,2780,2781,2933,2960
-122.481199,-27.075829,2783,2784,2822,2823,2825,2826,9867
-128.248081,-27.33186,2783,2826,2827
-121.778771,-26.48048,2784,2785,3131,3132,3139,3140,9842,9867,9868
-121.592156,-24.792383,2785,2786,3086,3092,9841,9842,9843,9844
-122.393038,-24.401499,2786,2787,3086,9870,9871
-114.394254,67.736159,2799,2800,3146
-114.39438,67.323334,2800,2801,3145,3146,3147,3148,3149,3150,3151,3152,3153,3154,3155
-115.205932,67.335275,2801,2802,3144,3145
-121.349566,65.200289,2802,2803,2804,2810,2811,3144
-122.14302,64.938062,2803,2804,2967,2968,3142,3143
-121.351518,65.070778,2803,3143,3144,3145,3155
-122.124028,65.995311,2804,2805,2806,2811,2966,2967
-126.141228,-11.476851,2812,2813,9935,9943,9944
-128.540154,-14.534784,2812,9934,9935,9954,9955
-123.726619,-11.478625,2813,2814,9936,9937,9938,9939,9940,9941,9944
-125.062952,-13.473794,2814,2815,9936
-122.414219,-12.140084,2815,2816,3093
-122.416813,-13.069298,2816,2817,2818,2819,3093,3094,3095,3096,3097,3105
-122.120699,-14.666375,2817,2818,2883,2884,3103,3104
-121.623631,-14.669751,2817,3104,3105
-123.214606,-30.008873,2820,2821
-122.128232,-29.315697,2821,2822,2823,2824,2828,2840,2841
-122.122237,-27.059893,2822,2841,2842,9867,9868
-124.250008,-28.575,2823,2824,2825
-126.583336,-29.025,2824,2825,2826,2827,2828
-120.51525,9.873566,2831,2832,2904,2905,2956,2957
-123.734263,9.323656,2832,2833,2904
-122.379198,8.66614,2833,2834,2904,2905,2906,2907,2908,2909,2910,2911,2914
-122.413687,7.339645,2834,2835,2903,2913,2914
-124.004021,7.332793,2835,2836,2902,2903
-123.724122,-34.129122,2838,2839,2867,2868
-123.186848,-34.261652,2839,2857,2858,2859,2860,2861,2862,2863,2867
-123.214605,-30.008873,2840,2865,2866
-122.127989,-31.465095,2840,2841,2842,2843,2858,2866,2867,2868,2869
-121.843313,-27.064327,2842,2843,3131,9868
-115.487831,-26.5393,2843,2844,2845,2846,2847,2858,2859,3131,3132
-109.357258,-26.796627,2844,2845,3133,3609,3610
-115.44686,-26.385022,2844,3132,3133,3134,3140,3141
-111.723327,-28.791776,2845,2846,3421,3422,3423,3424,3431,3608,3609
-116.276838,-31.201756,2846,2847,3420,3421
-118.119952,-31.595307,2847,2848,2859,2860,3420
-118.148842,-32.668847,2848,2849,2860,2861,3419
-116.524845,-32.93726,2848,3419,3420,3421,3430,3431
-118.408163,-34.274191,2849,2861,2862,3428,3429
-117.883652,-33.59571,2849,3419,3429,3430
-111.20409,-35.726322,2850,2851,3569,3617,3618,3619,3620,3621,3622,3623,3624
-111.470892,-34.662973,2850,3426,3427,3617
-115.20187,-35.078705,2850,2851,2852,2853,2854,2855,2862,2863,3427,3428
-111.720632,-38.258184,2851,2852,3569,3570,3571,3572,3573,3575
-112.26415,-38.532456,2852,2853,2872,2873,3568,3574,3575
-115.988844,-37.321062,2853,2854,2872
-118.673964,-37.980946,2854,2855,2871,2872,2873,2874,2875,2876,2877,2878,2879,2880
-124.529793,-36.792316,2855,2856,2857,2863,2870,2871
-113.077668,-38.523829,2873,2874,3568
-113.070882,-38.785966,2874,2875,3558,3568,3574
-112.824812,-39.722703,2875,2876,3123,3558,3566,3567
-114.376366,-40.268668,2876,2877,3122,3123,3124,3125,3126,3127,3128,3129,3130
-117.614815,-18.930542,2881,2882,3100,3101,3432,3433
-117.61348,-19.51639,2881,3433,3434,9728,9865,9866
-120.250008,-19.408336,2881,2882,2888,9866
-121.361916,-17.595098,2882,2883,2884,2885,2886,2887,2888,3101,3102
-120.263817,-16.26335,2883,3102,3103
-119.471884,6.534387,2890,2891,2911,2912,2913,2914
-119.211818,6.538464,2891,2892,2910,2911,3342,3343,3344,3345,3364,3365
-113.874622,5.196943,2892,2893,3364
-111.753972,5.206168,2893,2894,3363,3364,3365,3366,3371
-110.925904,3.619437,2894,2895,3362,3363,3458,3459
-116.809346,3.997469,2895,2896,3458
-116.799411,2.933044,2896,2897,3458,3459,3460,3461
-120.55205,9.743472,2905,2906,2956
-119.741026,9.724987,2906,2907,2955,2956,2957,2958,2959,3275
-119.994152,8.665575,2907,2908,3275,3283,3284
-118.660091,7.997322,2908,2909,3283,3342,3343
-119.193689,7.341192,2909,2910,3342
-122.136353,27.9978,2916,2917,2970,2971,2972,2973,2974,2975,2976,2977,2981,2982
-125.074901,26.93887,2917,2920,2921,2980,2981
-122.124626,26.526027,2918,2979,2980,2981,2982
-124.269814,26.661531,2918,2919,2921,2980
-125.600302,61.338033,2925,2926,2938,2939
-125.333872,61.335248,2926,2927,2938
-121.876893,62.253729,2927,2928,2937,2938,2939,3170,3195,3196,3197,3198,3199,3200,3201,3202,3203,3204,3208,3209
-121.836205,61.740289,2928,2929,3170,3186
-121.591256,61.73523,2929,2930,3185,3186,3187,3188,3189,3190,3194
-120.521586,58.132153,2930,2931,3185,3210
-120.503741,57.075237,2931,2932,2961,2962,3210,3216,3217
-122.416844,57.065568,2932,2933,2960,2961
-124.223914,63.075536,2934,2935,2943
-121.844204,63.601895,2935,2936,2942,2943,3142,3143,3154,3155
-121.859818,63.467641,2936,2937,3153,3154,3195
-122.147493,64.807029,2941,2942,2968,2969,3142
-119.206412,16.002681,2948,2949,3234,3235
-120.539318,15.331533,2949,2950,3234
-121.072038,13.857151,2950,2951,2952,2953,2954,2955,2959,3234,3235,3237,3238
-112.801772,9.997536,2953,2954,3276
-115.48671,9.06154,2954,2955,3275,3276,3277,3284,3285
-121.595492,55.876348,2962,2964,2965,3215,3216
-120.82333,23.470318,2975,2976,3264,3265
-106.395024,-63.194413,2983,2984,3497,3498
-103.203151,-63.201077,2983,3496,3497,3893,3894
-103.202979,-63.224179,2983,2984,2985,2986,2987,3004,3894,3895,9697,9698,9861,9863
-115.200045,-63.465457,2984,2985,3498,9919,9920
-116.527588,-66.134557,2985,2986,9918,9919
-117.59265,-66.401597,2986,2987,9917,9918,9958,9959
-117.600504,-66.668364,2987,2988,2989,2990,2991,3004,3005,9958
-121.330156,-67.724257,2988,2989,9957
-120.773558,-66.664915,2988,9957,9958,9959,9960,9961,9962,9963,9964,9965
-121.516672,-68.708336,2990,2991,2992
-121.516672,-69.375,2991,2992,2993,2994,2995,2996,3005,3006
-106.394466,-67.858925,2999,3000,3699,3700,3701,3712,3713
-106.663924,-66.524849,3000,3001,3007,3699
-105.622867,-65.207075,3001,3002,3003,3007,3008,3698
-106.114721,-66.525769,3001,3698,3699,3711,3712
-103.272021,-64.113879,3002,3003,3708,3709,3710,9861,9862,9863
-104.261874,-65.197168,3002,3698,3710,3711
-104.55,-63.991668,3003,3004,3005,3006,3008,9861
-120.530984,-46.801977,3013,3021,3022,3245,3246
-119.759638,-46.801375,3013,3081,3082,3246,3247
-120.283084,-49.8687,3014,3015,3016,3017,3018,3019,3020,3023,3258,3259
-119.741921,-47.461601,3014,3245,3246,3247,3259,3260
-120.518666,-46.935044,3014,3022,3023,3245
-111.491225,33.462466,3026
-116.791331,33.86966,3026,3032,3033,3034
-114.688737,32.265087,3027,3033,3034,3287,3288
-115.205161,31.067892,3027,3288,3289,3477
-117.605431,32.80861,3028,3029,3030,3031,3032,3034,3286,3287
-113.053565,-76.268381,3040,3041,3042,3055,3056,3057
-97.603529,-72.93354,3043,3044,4107,4108,4109,4110,4111,4112,4113
-90.661955,-78.257364,3044,3045,4106,4107
-88.529522,-81.327713,3045,3046,3995,3996,4105,4106,4781
-98.917829,-78.000641,3046,3047,3994,3995
-119.850008,49.025,3058,3059,3060,3061,3062,3063,9845
-120.358704,48.147934,3058,9845,9846,9887,9892,9893,9899
-119.726361,50.002883,3059,3060,3321,3322,3323,3324,3337,3340,3341,9803
-119.729193,48.978616,3059,3318,9803,9804,9845,9846,9847
-119.729247,50.397802,3060,3061,3336,3337
-119.744161,-41.582351,3066,3067,3129,3130
-116.25759,-42.145,3067,3068,3128,3129
-112.815512,-41.602123,3068,3074,3075,3076,3127,3128
-105.055192,-45.601875,3069,3070,3249,3250,3867
-104.773169,-44.538404,3069,3125,3126,3867,3868
-109.07742,-43.19294,3069,3070,3071,3075,3126,3127
-106.405313,-45.599832,3070,3071,3079,3084,3085,3248,3249
-115.702411,-43.06829,3071,3075,3076,3078,3079
-116.812203,-43.069335,3072,3073,3074,3076,3077,3078
-119.184309,-47.467149,3080,3081,3247,3260,3261
-112.017783,-47.46368,3080,3248,3249,3250,3251,3252,3253,3254,3261,3262
-112.01698,-47.342051,3080,3081,3082,3083,3085,3248
-121.337774,-23.869674,3086,3087,3088,3089,3090,3091,3092,9871,9872
-117.612403,-19.988696,3087,3088,9728,9729,9864,9865
-121.87163,-21.724617,3087,9864,9872
-117.585675,-20.534611,3088,3089,9729,9730
-116.282555,-21.198958,3089,3090,3462,9730,9731
-115.986948,-22.265318,3090,3091,3462,3463,3464,3465,3466,3467
-119.998722,-24.387501,3091,3092,9840,9841
-115.726545,-13.187228,3096,3097,3435,3436,3437,3438,3439,3440
-117.592402,-15.731092,3097,3098,3099,3100,3101,3102,3103,3104,3105,3440
-113.066289,-16.398441,3098,3099,3529,3530
-113.868009,-15.598658,3098,3439,3440,3528,3529
-113.588083,-17.201933,3099,3100,3432,3530,3531
-102.4,90.0,3106,3107,3982
-102.392234,89.185689,3107,3108,3109,3119,3120,3982,3991
-101.354296,87.870762,3108,3109,3989,3990
-102.133264,89.201129,3108,3990,3991,3992,3993
-101.345571,87.198904,3109,3120,3121,3988,3989
-94.399949,82.125303,3110,3111,4203,4204,4409
-93.862114,82.526541,3110,3986,3987,4409,4410
-98.15353,85.062097,3110,3111,3112,3113,3114,3115,3116,3117,3118,3121,3987,3988
-107.482097,-42.414028,3123,3124,3565,3566
-102.939512,-44.138008,3124,3125,3564,3565,3868,3869
-109.320641,-26.657652,3133,3134,3610,3611,3640,3641,3642,3643,3644,3645,3646,3649
-109.329049,-25.588602,3134,3135,3141,3640
-109.875325,-24.811795,3135,3136,3137,3138,3139,3140,3141,9717,9718
-108.534904,-25.599409,3135,3640,3641,9718,9719,9720,9721
-110.450008,-23.858336,3136,3137,9836,9837,9838,9839,9840,9841,9844
-109.01181,-24.370236,3136,3634,9717,9836
-114.583336,-24.291668,3137,3138,9843,9844
-121.516672,-26.258336,3138,3139,9842,9843
-108.523192,68.788979,3148,3149,3576,3685
-111.477093,66.130764,3149,3150,3576,3577,3578,3579,3580,3581,3582,3589,3590
-113.065125,65.07313,3150,3151,3197,3198,3588,3589
-117.345108,64.398426,3151,3152,3196,3197
-120.257176,63.471202,3152,3153,3195,3196
-118.645821,22.527324,3156,3157,3272,3273
-116.236608,22.268465,3157,3158,3271,3272,3444
-114.387816,20.260959,3158,3159,3443,3444,3445,3446,3447,3448,3449,3453
-114.940328,19.206158,3159,3160,3443
-114.414379,18.796402,3160,3161,3443,3452,3453
-114.917443,18.123108,3161,3162,3163,3168,3169,3442,3451,3452
-116.505333,18.272918,3162,3441,3442
-118.38902,61.723107,3170,3171,3186,3187,3208
-115.720749,61.066983,3171,3172,3173,3187,3188,3457
-117.333935,62.264788,3171,3207,3208,3209,3454,3455,3456,3457
-112.788064,61.062874,3172,3173,3455,3456,3468,3475,3476
-114.418466,61.466693,3172,3456,3457
-115.98196,59.87073,3173,3188,3189,3468
-110.118168,59.19521,3174,3175,3472,3473
-112.261127,58.666673,3174,3473,3474,3491,3492
-114.117565,57.210728,3174,3175,3176,3177,3190,3191,3192,3193,3194,3492
-107.477521,59.470266,3175,3176,3471,3472,3716,3717,3718,3725,3726
-106.402877,59.201959,3176,3177,3724,3725
-106.927326,58.659932,3177,3178,3179,3191,3724
-105.046965,58.661593,3178,3179,3722,3723,3806
-104.79636,59.344103,3178,3723,3724,3725,3726
-106.687317,56.935561,3179,3180,3191,3192,3806,3807,3808,3809,3814,3815
-109.069957,56.530288,3180,3181,3182,3183,3184,3192,3193,3330,3331
-104.272977,56.542977,3180,3329,3330,3813,3814
-111.979998,54.940932,3181,3182,3332,3333,3334,3338,3339
-109.893149,55.474399,3181,3331,3332
-112.559114,55.328523,3182,3183,3211,3212,3333
-116.528868,56.530968,3183,3184,3211
-117.579511,56.533645,3184,3185,3193,3194,3210,3211,3212,3213,3217,3218
-115.999431,58.925999,3189,3190,3468,3475,3491,3492
-112.535049,65.068646,3198,3199,3588,3606
-112.544232,64.537222,3199,3200,3606,3607
-107.724591,63.990566,3200,3201,3586,3587,3607
-105.065055,63.19257,3201,3202,3585,3586
-103.715838,63.204226,3202,3203,3584,3585
-103.732113,62.795236,3203,3204,3583,3584,3884,3885
-105.05013,62.656103,3204,3205,3206,3207,3209,3884
-106.662592,61.738376,3205,3206,3469,3470,3816
-103.719736,62.278077,3205,3816,3817,3884,3885,3890
-108.793206,61.734188,3206,3207,3454,3469
-112.539069,54.268961,3212,3213,3333,3334
-113.889711,52.400726,3213,3214,3218,3334,3339,3340,3341
-115.455907,53.339481,3214,3215,3216,3217,3218,3335
-115.473614,52.405122,3214,3335,3336,3337,3340
-106.976909,35.329454,3219,3227,3228,3397,9999,10000
-106.666908,35.328222,3219,3397,3398,3803,3804
-105.439357,34.11855,3219,3226,3227,3804,3805,9715,9832,9833
-118.129338,41.186479,3220,3221,3222,3229,9996
-116.265203,39.333808,3220,9996,9997
-115.760766,38.140783,3220,3229,3230,3231,3233,9997,9998
-119.190182,41.603342,3221,3222,9994,9995
-116.796806,42.792478,3221,9995,9996,9997,9998,9999,10000,10001,10002,10003,10004,10005,10006,10007,10009,10010,10011
-119.192138,41.198981,3222,3223,3224,3229,3230,9993,9994
-120.796852,41.606887,3223,9992,9993
-116.15,38.358332,3224,3225,3230,3231,9826
-112.950008,36.241664,3225,3231,3232,3233,9825,9834,9835
-115.950008,37.558332,3225,9826,9827,9828,9829,9835
-107.650008,34.791664,3226,9825,9833,9834
-107.783336,35.508332,3226,3227,3228,3232,9825
-112.794298,36.950381,3228,3232,3233,9998,9999
-113.336676,-57.075322,3239,3240,3255,3532
-109.341019,-58.523152,3240,3241,3532,3543,3544
-110.38098,-59.997577,3241,3242,3243,3244,3493,3543
-114.127064,-60.140001,3242,3243
-111.985076,-61.854615,3242,3493,3494,3495,3496,3497,3498,9920,9921
-119.76366,-59.333988,3243,3244
-105.075178,-50.942568,3250,3251,3534,3535,3867,3868,3869,3870,3871,3883
-106.139221,-52.669326,3251,3252,3534
-106.114677,-53.328971,3252,3253,3533,3534,3535,3536,3537,3538,3539,3540,3541,3542,3545
-109.319622,-56.135374,3253,3254,3533
-109.305244,-56.392713,3254,3255,3262,3263,3532,3533,3544,3545
-113.839523,26.67026,3267,3268,3499,3500,3501,3502,3505,3506
-114.671987,25.86351,3268,3269,3504,3505
-112.516172,23.737386,3269,3270,3504,3546,3547
-113.338994,23.205191,3270,3271,3272,3273,3274,3507,3508,3546
-114.407459,22.795802,3271,3444,3445,3507
-106.941112,7.73842,3277,3278,3279,3280,3281,3282,3285,3347
-107.458366,6.677505,3278,3279,3346,3366,3367,3368,3369,3370,3371
-106.671175,7.727623,3278,3347,3348,3349,3350,3367
-110.941353,6.941461,3279,3280,3346
-113.077109,6.660855,3280,3281,3345,3346,3365,3366
-113.306703,6.682103,3281,3282,3344,3345
-117.614384,8.409517,3282,3283,3284,3285,3343,3344
-115.993205,30.541253,3289,3477,3478,3479,3480,3490
-118.941926,45.996924,3290,3291,3394,3395,3411,3412,10004,10005
-119.483527,46.144576,3290,9852,9853,10005,10006
-119.474001,48.002682,3290,3291,3292,3293,3294,3304,3305,9853,9854
-118.13204,46.269336,3291,3292,3393,3394
-118.133318,47.461084,3292,3293,3392,3393
-116.780162,47.069847,3293,3294,3391,3392
-112.541473,47.204645,3294,3305,3311,3312,3390,3391
-108.256673,41.596293,3295,3296,3387,3410,3411,3412,3413,3414,3418
-108.256289,42.116472,3295,3388,3389,3390,3391,3392,3393,3394,3411
-105.579455,42.126516,3295,3296,3297,3298,3306,3388
-98.118711,40.932869,3296,3297,3386,3387,4180,4181,4182,4184
-97.071969,42.133847,3297,3298,4176,4181
-97.071403,42.281982,3298,3299,3306,3307,4176
-92.791526,41.999436,3299,3307,3308,3309,3310,3313,3314,4177,4182,4183,4184
-94.92076,41.593551,3299,4176,4181,4182
-93.060408,42.133964,3300,3308,3309,9798,9799
-92.250994,42.530232,3300,4177,4178,4179,4183,9799,9800
-92.794423,42.144323,3300,3308
-104.016672,46.841664,3301,3302,9815,9816,9817,9818,9819,9820,9821,9822
-96.520041,43.962731,3301,9787,9788,9797,9816
-96.500173,43.601817,3301,3302,3309,3310,9797,9798
-107.083336,46.775,3302,3303,3310,3314,3315,9814,9815
-112.808244,48.762802,3303,3315,3316,3317,3320,9807,9808,9809,9810,9812,9813
-111.216672,48.591664,3303,9813,9814
-119.719054,47.996434,3304,9854,9855
-119.731514,48.139237,3304,3305,3311,3318,3319,9847,9855,9856,9857,9859
-107.208696,45.606688,3306,3307,3313,3388,3389
-114.418465,47.603139,3311,3312,3316,3319,3320
-112.531208,47.471052,3312,3313,3314,3315,3316,3389,3390
-117.983336,48.308332,3317,3318,3319,3320,9804,9805
-114.316672,48.925,3317,9805,9806,9810
-112.783336,50.775,3321,3322,9778
-113.085052,49.402201,3321,9778,9779,9803,9804,9805,9806,9808,9809
-108.627943,52.191611,3322,3323,9778,9779,9780,9811,9824
-108.533381,52.27138,3323,3324,9823,9824
-107.457401,53.995678,3324,3325,3338,3339,3341,9823
-101.783336,54.525,3325,3326,3327,3328,3329,3330,3331,3332,3338,9781
-104.838203,53.483568,3325,9781,9782,9811,9812,9813,9814,9815,9822,9823,9824
-96.308943,53.517658,3326,3327,4011,4012,9690,9795,9796
-99.150008,53.291664,3326,9781,9782,9783,9784,9785,9796
-101.882118,55.735351,3327,3328,3812,4010,4011
-103.222859,56.53069,3328,3329,3812,3813
-100.810415,8.540017,3350,3351,3352,3353,3354,3355,3367,3368,3759,3760
-95.986612,9.607886,3351,3352,4227,4228,4229,4230,4231,4232,4241
-97.052887,9.599053,3351,3760,3761,4228
-95.996071,8.927735,3352,3353,4226,4227
-97.072892,8.143616,3353,3354,4226
-94.960526,7.732315,3354,3355,4226,4227,4240,4241,4242
-97.605623,6.542806,3355,3356,3368,3369,4239,4240
-95.189235,4.797852,3356,3357,3369,3370,4237,4238
-96.823834,6.525724,3356,4238,4239
-96.529116,4.265,3357,3358,3359,3360,3361,3362,3363,3370,3371,4287
-94.412958,4.804239,3357,4236,4237,4287,4288
-94.653865,2.788822,3358,4287,4288,4297,4298,4319
-109.612324,1.729344,3360,3361,3460,3461
-110.963473,3.190058,3361,3362,3459,3460
-84.7813,29.842005,3372,3373,9665,9666,9677,9678,9681,9774
-85.583336,29.708332,3372,9774,9775
-88.885543,29.793004,3372,3373,3403,3404,3405,3406,3407,3415,9654,9655,9656,9669,9670,9772,9773,9775
-114.140327,43.606272,3395,3396,3412,3413,10002,10003
-114.675845,43.611824,3395,10003,10004
-106.947414,35.605656,3396,3397,3398,3413,3414,10000,10001
-113.358588,40.671887,3396,10001,10002
-105.317171,35.592671,3398,3399,3400,3401,3402,3403,3414,3415,3416,3417,3418,3803
-100.000415,32.803073,3399,3400,3802
-104.010382,33.721946,3399,3802,3803,3804,3805
-98.266805,31.934601,3400,3401,3802,3805,9714,9715,9746
-97.250008,31.625,3401,3402,9746,9751
-92.604134,30.164472,3402,3403,4336,9654,9751,9752,9753,9766
-112.809483,-31.727415,3422,3423,3512,3513
-111.982258,-31.468192,3422,3513,3514,3519,3520,3608
-113.055693,-31.749014,3423,3424,3512
-113.865336,-33.192653,3424,3425,3426,3427,3428,3429,3430,3431,3512,3513,3518,3519
-110.940543,-34.005446,3425,3426,3517,3617,3618
-111.458522,-33.198762,3425,3517,3518
-110.567037,-18.801539,3432,3433,3434,3522,3523,3531,9722,9723,9724,9727,9736
-114.150008,-19.658336,3434,9728,9729,9730,9731,9732,9733,9734,9735,9736
-112.810733,-11.192478,3436,3437,3591,3592,3599
-111.747855,-11.738821,3437,3438,3526,3527,3598,3599
-113.885403,-15.46313,3438,3439,3527,3528
-114.39602,22.269134,3445,3446,3507,3508,3509,3510,3511
-115.195619,17.614163,3450
-110.666269,60.7875,3454,3455,3469,3470,3471,3472,3473,3474,3476
-114.407932,-20.784086,3462,3463
-113.583559,-20.808285,3463,3464,9732,9733
-106.942352,-20.005987,3464,3465,3727,3735,9733,9734
-107.187555,-21.455195,3465,3466,3638,3639,3734,3735
-110.12337,-23.194952,3466,3467,3639,9837,9838
-112.511692,-22.937802,3467,9838,9839
-106.665828,61.20689,3470,3471,3716,3816,3817,3822
-114.405024,59.736245,3474,3475,3476,3491
-106.124425,27.734842,3482,3483,3552,3553,3736
-109.876346,27.731532,3483,3484,3551,3552
-109.871802,27.603231,3484,3485,3550,3551
-110.134806,27.592722,3485,3486,3500,3501,3549,3550
-106.120568,-58.80286,3493,3494,3542,3543,3544,3545
-102.655007,-59.732838,3494,3495,3541,3542,3891,3892
-104.825081,-62.140023,3495,3496,3892,3893
-109.336552,26.672534,3501,3502,3549
-108.275755,26.396095,3502,3503,3506,3549,3550,3551,3552,3553,3557
-110.668044,26.131529,3503,3504,3505,3506,3547,3548
-108.253243,24.679746,3503,3548,3556,3557
-112.529059,23.191776,3508,3509,3546,3547,3548,3555,3556
-108.264929,21.19297,3509,3510,3554,3555
-102.661617,-32.004213,3514,3515,3520,3521,3938,3939,3967
-101.338299,-31.472788,3514,3608,3609,3610,3611,3612,3613,3615,3616,3967,3968
-105.583516,-32.67533,3515,3516,3521,3620,3621
-103.441319,-33.206423,3515,3621,3622,3938
-109.053118,-31.996807,3516,3517,3518,3519,3520,3521,3618,3619
-106.400855,-32.941052,3516,3619,3620
-108.355011,-17.245526,3522,3523,3657,3658,3659,9725,9726
-109.550008,-18.558336,3522,9726,9727
-109.3288,-16.266575,3523,3524,3525,3526,3527,3528,3529,3530,3531,3657
-109.331685,-13.202797,3524,3525,3662,3663,3670,3671
-108.27677,-14.663802,3524,3656,3657,3658,3661,3670
-109.34077,-12.263738,3525,3526,3597,3598,3662
-98.402521,-48.404585,3535,3536,3882,3883
-98.409548,-49.999886,3536,3537,3881,3882
-99.47113,-51.865068,3537,3538,3880,3881
-98.91606,-52.393282,3538,3539,3879,3880,4057,4058
-101.310874,-56.408642,3539,3540,4058,4059
-101.325089,-59.19833,3540,3541,3891,4054,4059
-111.468576,-38.810067,3558,3559,3560,3567,3573,3574,3575
-109.870286,-38.524745,3559,3560,3571,3572
-111.474637,-38.528028,3559,3572,3573
-102.64468,-39.472509,3560,3561,3562,3563,3564,3565,3566,3567,3570,3571
-100.80811,-38.66023,3561,3562,3623,3624,3945
-101.587827,-38.528145,3561,3569,3570,3624
-96.292371,-40.934934,3562,3563,3944,3945,4114
-99.731464,-44.388188,3563,3564,3869,3870,4114,4115,4116,4117,4118,4119
-107.204185,68.796206,3576,3577,3684,3685,3686,3687,3688
-107.205674,68.524726,3577,3578,3683,3684
-101.584504,66.927182,3578,3579,3682,3683
-101.58181,66.7944,3579,3580,3682
-98.139856,66.675709,3580,3581,3681,3682,3683,3684,3688,4060,4061,4197,4198,4199,4200,4201,4202
-100.508275,63.729473,3581,3582,4060
-100.542752,63.459751,3582,3583,3584,3585,3586,3587,3590,3886,4060,4061,4062,4063,4064,4065,4081,4082
-102.656341,62.665962,3583,3885,3886,3887,3888,3889,3890
-111.719591,65.461299,3587,3588,3589,3590,3606,3607
-110.66435,-9.733183,3592,3593,3594,3595,3596,3597,3598,3599,3631
-106.927378,-9.606407,3593,3594,3630,3744
-110.664473,-9.59337,3593,3630,3631,3632,3633
-105.328651,-9.740258,3594,3595,3744,3745,3746,3747,3748,3749
-104.265817,-10.810578,3595,3596,3749,3830,3831
-106.136439,-11.860541,3596,3597,3662,3663,3830
-110.124817,15.578501,3600,3601
-110.947651,16.003395,3600
-111.725292,14.26159,3600,3601,3605
-110.13537,14.542593,3601,3602,3603,3604,3605
-107.446776,13.599258,3602,3603
-109.348514,15.206423,3602
-107.466323,12.404705,3603,3604
-112.52661,13.063093,3604,3605
-100.529189,-27.722244,3611,3612,3648,3649
-98.411597,-27.205678,3612,3613,3647,3648,4143,4144
-98.37884,-27.327229,3613,3614,3616,4142,4143,4192
-99.204719,-28.539221,3614,3615,3616,4120,4121,4122,4123,4124,4125,4130,4131
-97.861623,-28.000064,3614,4120,4192,4193,4194,4196
-97.85919,-29.607969,3615,3968,3969,4129,4130
-100.807218,-36.541443,3622,3623,3938,3939,3940,3941,3942,3943,3944,3945
-103.207864,-5.482957,3626,3627,3694,3695,3696,3697,3946
-103.474738,-7.451295,3627,3628,3946,3947,3948,3949,3950,3951,3952,3953,3954,3960
-101.859964,-7.470948,3628,3629,3745,3746,3960,3963,3964
-105.076246,-9.078704,3629,3630,3633,3744,3745
-108.483336,-24.558336,3634,3635,9717,9718,9721
-108.276482,-23.994225,3634,3635,3636,3637,3638,3639,9836,9837
-105.601354,-24.110648,3635,3636,3847,3848,9720,9721
-105.351054,-23.075986,3636,3637,3846,3847,3850,3851
-103.982695,-22.274154,3637,3638,3733,3734,3845,3846
-108.542226,-25.729849,3641,3642,9719
-105.865325,-25.201818,3642,3643
-105.059821,-25.208825,3643,3644,3838
-102.936122,-24.542368,3644,3645
-101.066308,-25.064267,3645,3646,3839,3840,3841,3842,3843,3844,3845,3846,3850
-99.727399,-26.539042,3646,3647,3648,3649,3839
-99.208312,-26.270087,3647,3839,3840,4133,4144,4145
-106.107955,-19.335556,3650,3651,3728,3729,3823,3824,3825,3826,3827,3828,3829
-106.639584,-19.589565,3650,3728,9724,9725,9726,9727
-108.001002,-17.601411,3650,3651,3652,3653,3654,3659,3660,9725
-106.134817,-18.933839,3651,3652,3823
-104.792025,-17.187894,3652,3653,3823,3824,3897,3898,3899,3909,3910
-104.556061,-16.796658,3653,3654,3668,3669,3675,3897
-106.38575,-16.005633,3654,3655,3656,3660,3661,3668
-104.533172,-14.396919,3655,3656,3669,3670,3671,3672,3673,3674,3675
-105.882757,-16.001486,3655,3668,3669
-107.183336,-15.958336,3658,3659,3660,3661
-104.269469,-12.648151,3663,3664,3671,3672,3830,3831,3832,3833,3837
-100.263401,-12.535582,3664,3665,3672,3673,3835,3836
-101.049376,-12.130347,3664,3836,3837
-101.609391,-15.201745,3665,3666,3667,3673,3674,4036
-98.138924,-12.403642,3665,3834,3835,4036,4037
-102.636779,-15.874121,3666,3667,3898,3899
-101.604558,-15.333865,3666,3899,3910,3911,4036,4037,4043,4044
-102.940691,-15.881073,3667,3674,3675,3897,3898
-101.867872,72.005804,3678,3679,3935,3936,4013
-101.863124,71.733513,3679,3680,4013,4014,4015
-94.127642,69.336428,3680,3681,4015,4197
-88.807682,-67.591669,3702,3703,4087,4088,4738,4739
-87.458866,-67.331603,3703,3704,4722,4739,4740
-87.459263,-67.193311,3704,3705,4213,4214,4722
-94.398086,-62.132732,3705,3706,4214,4215
-97.598609,-61.739926,3706,3707,4208,4209,4215,4216,4217,9701,9702
-100.290211,-62.922298,3707,3708,3709,3715,9700,9701
-102.676399,-63.462033,3708,9699,9700,9862
-98.45,-64.575,3709,3710,3711,3712,3713,3714,3715
-103.751271,60.405815,3716,3717,3821,3822
-98.394403,59.728553,3717,3718,3820,3821,4190,4191
-97.613853,59.736419,3718,3719,3720,3721,3722,3723,3726,4190,4243
-98.649246,58.398576,3719,3720,3808,3809,4158,4159
-97.056046,58.937923,3719,4158,4243,4244,4245,4246,4247,4248,4249,4250
-98.654245,58.520746,3720,3721,3807,3808
-102.664263,58.522135,3721,3722,3806,3807
-106.661863,-19.879767,3727,3728,3729,3730,3731,3732,3733,3734,3735,9723,9724
-106.930334,-19.867772,3727,9722,9723,9734,9735
-103.19179,-19.461504,3729,3730,3829
-101.583078,-19.467213,3730,3731,3828,3829,4026,4027
-101.613822,-20.27372,3731,3732,4026
-101.616019,-21.06835,3732,3733,3844,3845,4026,4027,4033,4034
-100.791868,27.328398,3737,3738,3863,3864,9743,9744
-97.334256,-9.725824,3746,3747,3959,3962,3963
-97.866412,-10.548359,3747,3748,3832,3833,3958,3959
-101.082483,-10.796218,3748,3749,3831,3832
-97.07646,10.797826,3761,3762,4228,4229
-95.73211,10.793568,3762,3763,4229,4230
-94.667026,11.334675,3763,3764,3765,3766,3790,4230,4231
-91.44898,9.194657,3764,3765,4232,4241,4242
-93.62316,10.12645,3764,4231,4232
-90.667712,9.195551,3765,3766,4233,4234,4235,4236,4237,4238,4239,4240,4242
-87.190577,12.398445,3766,3767,3768,3790,3793,3794,4233
-83.181735,10.540465,3767,3768,4836,4845,4846
-85.058832,11.066737,3767,4233,4234,4836
-82.380551,11.0619,3768,3794,3795,4837,4838,4846,4847,4848,4849
-78.373207,12.14414,3769,3770,3791,4840
-81.081621,13.197101,3769,4839,4840,4841,4842,4843,4847,4848
-79.211133,14.140873,3769,3791,3797,4839
-76.803703,13.465198,3770,3771,3772,3773,3774,3775,3776,3777,3778,3779,3780,3781,3782,3783,3791,3797,3798,5117,5118
-78.402563,11.861757,3770,4840,4841,5117
-74.668518,14.403468,3771,3772,5321,5322,5328,5333
-74.931113,13.45936,3771,5118,5119,5321
-73.875057,15.059976,3772,3773,5328
-71.184995,16.667409,3773,3774,5328,5329,5330,5331,5332,5333
-71.200922,16.927179,3774,3775,5329,5481,5488,5489
-72.012274,17.600274,3775,3776,5480,5481
-71.440233,18.39702,3776,3777,4761,4762,5479,5480
-74.14019,19.057545,3777,3778,4760,4761
-75.751022,17.992066,3778,3779,4759,4760
-78.114169,19.070413,3779,3780,4758,4759
-81.070794,18.392341,3780,3781,4757,4758
-83.756642,18.802465,3781,3782,4756,4757
-88.527758,17.730592,3782,3783,4755,4756
-89.083549,17.719267,3783,3798,3799,4447,4754,4755
-86.416672,12.508332,3784,3785,3786,3787,3788,3789,3792,3793,3794,3795,3796,3800
-83.223429,13.188242,3795,3796,4837
-81.88962,14.930901,3796,3800,3801,4837,4838
-81.06566,14.925528,3797,3798,3799,3801,4838,4839,4847
-98.931272,58.141617,3809,3810,3811,3815,4006,4007,4159,4160
-98.940525,56.417957,3810,3811,4008,4009
-98.938688,56.664004,3810,4007,4008
-101.863109,56.788425,3811,3812,3813,3814,3815,4009,4010
-100.014577,61.59232,3817,3818,3819,3820,3821,3822,3889,3890
-97.335213,61.34846,3818,3819,4172,4185
-98.383049,62.53056,3818,3888,3889,4163,4164,4165,4166,4167,4168,4169,4170,4171,4172
-97.324448,61.058205,3819,3820,4185,4186,4187,4188,4189,4191
-102.961812,-16.946602,3824,3825,3909
-100.78878,-15.857394,3825,3826,3908,3909,3910,3911,3912,3915
-98.684379,-17.455501,3826,3827,3907,3908,4028
-98.941994,-19.061182,3827,3828,4027,4028,4034,4035
-96.522069,-11.340688,3833,3834,3835,3836,3837,3957,3958,4218
-97.611622,-12.26226,3834,4037,4044,4045,4046,4218,4219,4220,4221,4222,4223,4224,4225
-102.936122,-24.542369,3838,3849,3850,3851
-105.865326,-25.201818,3838,3848,3849,9719,9720
-96.529859,-24.259788,3840,3841
-95.203642,-23.318412,3841,3842,4269,4348,4365
-94.135246,-22.271355,3842,3843,4318,4348
-96.278984,-21.602069,3843,3844,4033,4314,4315,4316,4317,4318
-105.05,-24.025,3847,3848,3849,3851
-103.469327,20.124734,3852,3853
-104.007367,20.393718,3852
-105.609201,19.063643,3852,3853,3854,3855,3857
-103.475688,19.864165,3853,3854
-103.198029,18.280988,3854,3855
-102.403991,15.859654,3855,3856,3857
-103.231873,16.540577,3856,3857
-103.185285,15.852055,3856
-104.559224,33.203416,3859,3860,3861,3866,9707,9708
-104.014433,31.064386,3860,3861,3916
-102.127537,31.07055,3860,3916,3917,9708,9709
-103.994771,30.270072,3861,3862,3863,3864,3865,3866,3916,3917,3920
-100.275118,28.276755,3862,3863,3918,3919,9742,9743
-101.837494,30.27436,3862,3919,3920
-95.232474,-46.008982,3870,3871,4119
-94.653874,-46.008788,3871,3872,3873,3874,3875,3876,3877,3878,3879,3880,3881,3882,3883,4118,4119
-86.958457,-45.594336,3872,3873,4635,4636,4637,4638,4648,4649
-90.919545,-43.205498,3872,4117,4118,4635
-86.978209,-47.596446,3873,3874,4647,4648
-82.663525,-49.733334,3874,3875,4646,4647
-81.324851,-51.595338,3875,3876,4645,4646
-82.392101,-51.991804,3876,3877,4644,4645,4944
-84.000874,-52.795341,3877,3878,4414,4944,4945,4946,4947,4948,4953,4954
-89.05107,-55.739259,3878,3879,4056,4057,4414,4415,4416,4417,4418,4419,4421,4422
-99.177254,62.806292,3886,3887,4080,4081
-98.933404,62.80238,3887,3888,4080,4163
-99.696695,-59.001776,3891,3892,3893,3894,3895,3896,4054,4055,9705
-101.683336,-62.358336,3895,3896,9697
-97.450008,-61.658336,3896,9697,9698,9699,9700,9701,9702,9703,9704,9705
-99.215506,-14.392267,3900,3901,4041,4045,4046
-99.729759,-14.673462,3900,4042,4043,4044,4046
-98.678665,-15.735897,3900,3901,3912,3913,3914,3915,4042
-96.528434,-15.202845,3901,3902,3913,4040,4041
-92.00361,-14.129432,3902,3903,3904,3905,3906,3913,3914,4038,4039
-93.361779,-14.134798,3902,4039,4040
-91.184795,-13.870357,3903,3904,4223,4224,4613,4614
-91.457947,-13.870669,3903,4038,4224,4225
-89.632327,-15.083181,3904,3905,4494,4495,4614,4615
-90.91581,-16.534983,3905,3906,4029,4030,4494
-95.20308,-17.467699,3906,3907,3908,3914,3915,4029
-95.207982,-17.731948,3907,4028,4029,4030,4031,4032,4035
-99.211666,-15.742754,3911,3912,4042,4043
-101.59009,31.060284,3917,3918,3919,3920,9709,9710,9740,9741
-98.671134,29.616675,3918,9741,9742
-98.953263,73.326677,3923,3924,3966,4025
-94.122483,73.729153,3924,3925,3926,3927,3928,3929,3930,3931,3932,3933,3934,3935,3936,3937,4024,4025
-90.919526,74.52914,3925,3926,4258,4259,4652,4653,4654,4655
-93.601355,74.136898,3925,4023,4024,4259
-86.121762,74.267246,3926,3927,4655
-85.607429,74.260193,3927,3928,4654,4655,4865,4866,4867,4868,4869,4870,4871
-85.082452,74.137407,3928,3929,4067,4871
-84.01124,72.276584,3929,3930,4066,4067,4068,4069,4070,4071,4083
-85.320714,71.060832,3930,3931,4066,4430,4431,4432,4433
-88.521774,70.67623,3931,3932,4429,4430
-93.349579,69.457609,3932,3933,4198,4199,4429
-93.581897,69.465212,3933,3934,4014,4015,4197,4198
-97.350922,72.134692,3934,3935,4013,4014
-100.007896,-31.602707,3939,3940,3967,3968,3969,3979,3980
-97.334328,-33.863407,3940,3941,3978,3979,4251
-96.251052,-36.805955,3941,3942,4251,4252,4253,4254,4255
-93.321852,-40.128783,3942,3943,4255,4423
-93.345243,-41.071605,3943,3944,4114,4115,4423,4424,4425,4426,4427,4428
-94.152215,-0.680148,3949,3950,4327,4328,4376,4377
-91.741009,-1.469938,3950,3951,4377,4378
-91.745764,-2.540207,3951,3952,4378,4379
-89.852379,-1.99971,3952,3953,4379,4380
-89.050522,-3.197512,3953,3954,4380,4400,4401,4402,4403
-90.945269,-4.405584,3954,3960,3961,3964,4381,4397,4398,4401
-94.67412,-5.595926,3955,3956,3961,3962,3963,3964,4382
-93.581005,-5.602013,3955,4381,4382,4383,4384,4385,4386,4387,4388,4397
-93.59102,-5.468932,3955,3961
-95.477029,-10.801332,3956,3957,3958,3959,3962,4343
-92.783895,-8.665729,3956,4343,4344,4382,4383
-95.456364,-10.939499,3957,4218,4219,4343,4344,4345,4347
-100.249755,74.665825,3965,3966,4016,4017,4018,4019,4020,4021,4022,4023,4024,4025
-91.990594,-31.732867,3969,3970,3980,3981,4129
-88.281084,-33.33971,3970,3971,3981,4128
-91.475704,-31.732804,3970,4128,4129,4130,4131,4132
-87.749297,-33.599068,3971,3972,3973,3974,3975,3976,3977,3978,3979,3980,3981,4126,4127
-87.711025,-33.321553,3971,4127,4128,4132
-81.615471,-36.671891,3972,3973,4810,4811,5024,5025,5026,5027,5028,5029
-81.589603,-36.528824,3972,4126,5024
-88.008783,-38.936772,3973,3974,4424,4425,4810
-88.266519,-38.934702,3974,3975,4254,4255,4423,4424
-88.282605,-38.133886,3975,3976,4253,4254
-94.664493,-34.407223,3976,3977,4252,4253
-94.675588,-34.138478,3977,3978,4251,4252
-96.533333,90.0,3982,3983,3991,3992,4307
-91.223654,85.991569,3983,3984,3985,3992,3993,4311
-94.134343,88.801476,3983,4307,4308,4311,4312
-90.95568,83.990456,3984,3985,4310,4486
-90.919612,85.995047,3984,4310,4311,4312,4313
-91.977463,83.460695,3985,3986,3987,3988,3989,3990,3993,4486,4493
-90.113604,83.214639,3986,4410,4411,4412,4413,4492,4493
-88.545298,-82.811478,3996,3997,4781,4782,4783,4798,4799
-87.206042,-84.38979,3997,3998,4798
-82.151541,-87.191932,3998,3999,4797,4798,4799,4800,4801,4803
-82.156936,-88.140281,3999,4000,4797
-79.2,-90.0,4000,4001,4002,4003,4004,4796,4797,4802,4803
-91.99724,54.806192,4005,4006,4007,4008,4009,4010,4011,4012,4150
-88.817871,55.589642,4005,4150,4151,4152,4153,4154,4155,4156,4157,4161
-86.422632,54.30407,4005,4012,4151,9689,9690,9696
-92.01861,54.929434,4006,4150,4160,4161,4162
-101.087827,75.58632,4017,4018,4051,4052
-100.543405,75.998686,4018,4019,4051
-100.549842,76.134037,4019,4020,4050,4051,4052,4053
-98.156105,76.263479,4020,4021,4049,4050,4173
-97.341996,75.59653,4021,4022,4173,4174,4175,4256
-97.318243,75.469579,4022,4023,4256,4257,4258,4259
-91.456403,-18.007743,4030,4031,4315,4316,4494,4495,4496,4497,4498,4499,4500,4555,4556
-92.290192,-17.989653,4031,4032,4314,4315
-96.004365,-19.459344,4032,4033,4034,4035,4314
-94.947624,-13.18803,4038,4039,4040,4041,4045,4225
-95.20296,78.006783,4049,4173,4174,4262,4263,4264,4265,4266,4267,4268
-99.916672,-58.741668,4054,4055,4056,4057,4058,4059
-93.604376,-58.266405,4055,4056,4421,9704,9705
-97.079754,66.664377,4061,4062,4202
-93.327356,67.341764,4062,4063,4201,4202
-91.466862,68.269609,4063,4064,4200,4201,4432,4433
-88.79925,68.804659,4064,4065,4431,4432
-86.65891,68.785498,4065,4066,4082,4083,4084,4085,4431
-81.068427,73.997026,4067,4068,4870,4871
-80.238873,74.132418,4068,4069,4869,4870,5097
-80.285004,73.994712,4069,4070,5097,5098,5099,5100,5101,5102,5103,5104
-78.391943,73.332017,4070,4071,5104
-76.266629,73.05999,4071,4072,4073,4074,4075,4083,4084,5103,5104
-73.331754,73.73911,4072,4073,5213,5214,5410,5411
-73.348032,73.868118,4072,5102,5103,5403,5404,5405,5411
-74.14607,71.606773,4073,4074,5139,5140,5213
-77.605407,71.600106,4074,4075,5138,5139
-79.477699,69.860592,4075,4076,4077,4078,4079,4084,4085,5138
-79.99463,67.463822,4076,4077,4932,4933,5056
-78.398627,68.403374,4076,5056,5057,5138,5139,5140,5141
-84.251179,64.396079,4077,4078,4712,4713,4932
-88.27385,64.798387,4078,4079,4300,4711,4712
-96.2962,63.998402,4079,4080,4081,4082,4085,4163,4164,4300,4301,4302,4306
-88.783766,-67.985699,4088,4089,4738
-86.936971,-67.999117,4089,4090,4737,4738,4739,4740,4746,4747
-84.26849,-69.057535,4090,4091,4737,4900
-84.259114,-69.610299,4091,4092,4900,4901,4902,4903,4927,4928
-81.612446,-71.197553,4092,4093,4926,4927
-81.59465,-71.342993,4093,4094,4925,4926
-77.866421,-73.195723,4094,4095,4109,4110,4925
-77.350014,-74.536944,4095,4096,4110,4111,4923,4924
-77.345278,-73.199901,4095,4924,4925,4926,4927,4928,4930
-75.48395,-77.32161,4096,4111,4112,4921,4922
-75.484059,-76.934227,4096,4922,4923
-67.75329,-83.067794,4097,4098,4787,4788,4918,4919
-70.920227,-80.395035,4097,4919,4920
-73.325314,-78.923754,4097,4098,4099,4100,4101,4102,4112,4113,4920,4921
-73.315685,-82.669565,4098,4099,4786,4787
-73.343677,-82.5339,4099,4100,4785,4786
-79.995424,-82.129512,4100,4101,4785
-81.877642,-82.138365,4101,4102,4784,4785,4786,4787,4788,4800,4801
-82.915387,-81.465748,4102,4103,4104,4105,4106,4107,4113,4784
-84.537498,-82.14344,4103,4104,4782,4783
-82.926463,-82.130066,4103,4783,4784,4799,4800
-84.545606,-81.603939,4104,4105,4781,4782
-90.675985,-42.530456,4115,4116,4428,4656
-90.669776,-42.797084,4116,4117,4635,4636,4656,4685,4686
-91.730795,-27.727417,4120,4121,4195,4196
-85.324526,-28.675609,4121,4122,4140,4141,4195
-75.477305,-31.072762,4122,4123,4139,4140
-71.469588,-33.473363,4123,4124,4138,4139,4659,5026,5027
-78.933257,-35.342647,4124,4125,5025,5026
-79.474275,-35.32839,4125,4126,4127,4131,4132,5024,5025
-95.198439,-24.266837,4133,4145,4148,4149,4281,4282,4283,4286
-96.52986,-24.259788,4133,4269,4282
-77.086797,-28.662033,4134,4135,4278,4279
-81.321935,-27.724455,4134,4279,4280,4281,4285,4286
-84.542084,-27.724981,4134,4135,4136,4137,4146,4280
-74.666294,-29.604822,4135,4136,4277,4278
-74.682637,-29.859094,4136,4137,4276,4277
-66.929231,-32.123422,4137,4138,4139,4140,4141,4146,4147,4275,4276
-66.654865,-32.126911,4138,4274,4275,4659,4660
-89.569209,-26.663156,4141,4147,4148,4149,4194,4195,4196
-97.612596,-27.333376,4142,4192,4193
-94.677183,-26.402872,4142,4143,4144,4145,4148,4193,4194
-87.222904,-27.065981,4146,4147,4149,4280,4281
-85.995306,54.338062,4151,4152,4766,4767,9639,9689
-85.333583,55.613893,4152,4153,4817,9638,9639,9640,9641
-87.99282,57.069339,4153,4154,4813,4814,4815,4816,4817
-88.009762,57.207454,4154,4155,4697,4813
-88.530969,57.475474,4155,4156,4247,4248,4697,4698
-89.344274,57.599725,4156,4157
-95.459013,57.057706,4157,4161,4162,4249,4250
-97.047913,57.611519,4158,4159,4160,4162,4250
-93.065427,62.937716,4164,4165,4305,4306
-93.071322,62.677342,4165,4166,4304,4305
-91.459769,62.394206,4166,4167,4303,4304,4471,4472
-92.262597,62.399614,4167,4168,4471
-92.267147,62.135398,4168,4169,4471,4472,4480
-91.205918,61.877302,4169,4170,4479,4480,4481
-91.47677,61.603138,4170,4171,4186,4187,4478,4479
-95.201494,61.338113,4171,4172,4185,4186
-92.817469,77.208363,4174,4175,4268,4404
-94.687632,75.854554,4175,4256,4257,4404,4408
-92.794424,42.144324,4177
-90.93297,61.074307,4187,4188,4260,4478
-97.060827,59.855192,4188,4189,4244,4245,4260,4261
-97.614978,59.863273,4189,4190,4191,4243,4244
-91.453572,68.536766,4199,4200,4429,4430,4433
-93.322117,81.470046,4204,4205,4338,4339,4409,4410,4413
-95.485761,80.129586,4205,4206,4207,4338
-95.995578,79.724879,4206,4207,4263,4264,4342
-94.410684,80.140253,4206,4338,4339,4340,4341,4342
-87.99926,-59.731479,4208,4209,4419,4420,4422
-91.458896,-60.279231,4208,4420,9702,9703
-82.687741,-60.123703,4209,4210,4211,4216,4418,4419
-80.796622,-59.736899,4210,4211,4724,4725,4998,4999
-81.604972,-59.730435,4210,4417,4418,4992,4993,4994,4999
-84.26601,-61.998917,4211,4216,4217,4723,4724
-81.044254,-66.121257,4212,4213,4722,4740,4747,4748
-77.861559,-63.072366,4212,4723,4724,4725,4741,4742,4743,4748
-79.430523,-63.07059,4212,4213,4214,4215,4217,4723
-91.72292,-10.668631,4219,4220,4346,4347
-90.413649,-10.669819,4220,4221,4346,4701,4702
-88.804072,-11.602983,4221,4222,4702,4703,4704,4705,4706,4707,4708,4709
-90.110126,-12.536006,4222,4223,4613,4703
-86.92139,8.130743,4234,4235,4289,4836,4844,4845
-88.005163,7.197331,4235,4236,4288,4289,4298,4299
-90.684695,58.816772,4245,4246,4261,4693
-90.411724,58.137742,4246,4247,4693,4694,4695,4698,4699
-89.344274,57.599724,4248,4249
-90.925115,75.467588,4257,4258,4407,4408,4652
-89.332668,60.534536,4260,4261,4477,4478,4479,4481,4693,4694
-91.206099,79.467625,4264,4265,4341,4342,4631
-90.931322,78.136699,4265,4266,4482,4631,4632,4633,4634
-92.246088,77.3304,4266,4267,4405,4482,4483,4484,4485
-92.25984,77.195855,4267,4268,4404,4405,4406,4407,4408
-91.978325,-23.873277,4269,4282,4283,4364,4365,4366,4367,4368,4369
-81.321656,-26.67494,4270,4271,4272,4284,4363
-85.347976,-26.000476,4270,4363,4364,4369
-86.663789,-26.003514,4270,4283,4284,4285,4286,4364
-80.252429,-26.65977,4271,4272,4361,4362
-80.2525,-26.402793,4271,4362,4363,4368,4369
-70.919353,-29.202955,4272,4273,4274,4275,4276,4277,4278,4279,4284,4285,4360,4361
-58.391954,-30.147129,4273,4274,4358,4359,4660,4661
-60.272862,-29.063354,4273,4359,4360
-85.861487,8.118585,4289,4290,4291,4292,4293,4294,4295,4296,4299,4844
-82.398231,9.330564,4290,4291,4843,4848,4849
-84.008071,9.054084,4290,4844,4845,4846,4849
-80.7972,9.056822,4291,4292,4842,4843
-83.70593,6.938999,4292,4293,4968,4969
-83.739413,6.80351,4293,4294,4322,4323,4969,4970,4971,4972,4973,4974,4976
-87.70876,5.461514,4294,4295,4321,4322
-87.996975,5.473238,4295,4296,4320,4321
-92.519117,3.20678,4296,4297,4298,4299,4320
-92.544745,3.068052,4297,4319,4320,4321,4322,4323,4324,4325,4326,4327,4328,4329
-89.865671,64.279179,4300,4301,4710,4711
-89.867901,63.588736,4301,4302,4710
-88.803775,62.796322,4302,4303,4304,4305,4306,4473,4710,4711,4712,4713,4714,4715
-91.470835,62.27592,4303,4472,4473,4474,4475,4476,4477,4480,4481
-92.8,90.0,4307,4308,4457
-91.478093,86.936866,4308,4309,4312,4313,4457,4458,4459,4460,4467,4468
-87.469279,83.86664,4309,4310,4313,4486,4487,4488,4489,4490,4491,4492,4493
-86.132358,84.407703,4309,4466,4467,4487
-91.190499,-18.531705,4316,4317,4349,4554,4555
-93.077914,-22.404313,4317,4318,4348,4349,4350,4351,4352,4353,4354,4365,4366
-83.724741,5.615235,4323,4324,4821,4970
-83.726447,4.271956,4324,4325,4820,4821,4822,4823,4824,4825,4826,4832,4833
-87.721453,2.264301,4325,4326,4375,4376,4377,4378,4379,4380,4396,4399,4400,4820
-93.340202,-0.142444,4326,4327,4376
-93.310851,29.458531,4330,4331,9749,9750
-93.335017,28.536379,4330,9750,9765,9769,9770,9771
-96.289847,30.532656,4330,4331,4332,4333,4334,4336,4337,9766,9767,9770
-92.796733,29.468054,4331,4332,9748,9749
-88.538247,28.266266,4332,4333,9747,9748
-86.397879,27.937895,4333,4334,9657,9747,9776,9777
-86.750008,28.725,4334,4335,4337,9656,9657,9670,9671,9672
-91.683336,29.875,4335,4336,4337,9654,9655
-89.483336,29.808332,4335,9655,9656
-91.727086,81.072865,4339,4340,4412,4413,4593
-90.386294,80.409241,4340,4341,4593,4594,4595,4596,4597,4598,4601,4631,4632
-87.473498,-7.86931,4344,4345,4383,4384,4700,4701,4702,4709
-90.397999,-9.590137,4345,4346,4347,4701
-89.843391,-18.946666,4349,4350,4554
-88.002373,-18.660062,4350,4351,4554,4555,4556,4574
-84.022504,-19.341382,4351,4352,4553,4574,4579
-74.667651,-21.465148,4352,4353,4553
-73.865502,-21.461815,4353,4354,4552,4553,4579,4581
-69.073245,-23.334015,4354,4355,4356,4357,4366,4367,4552
-67.204619,-23.602157,4355,4356,4550,4551
-67.208937,-23.329867,4355,4551,4552,4573,4581,4582,4586
-58.648463,-27.467888,4356,4357,4549,4550
-56.001559,-28.929071,4357,4358,4359,4360,4361,4362,4367,4368,4548,4549
-54.933797,-29.198663,4358,4547,4548,4661,4662
-83.73344,-2.803982,4370,4371,9633,9634
-84.810952,-2.941976,4370,9627,9628,9629,9630,9634
-84.769187,8.49E-4,4370,4371,4393,4394,9627
-80.270351,-1.586725,4371,4372,4373,4394,4395,9626,9632,9633
-81.350043,-0.144807,4372,4373,4830,4831
-78.144413,-0.127411,4372,4829,4830,9625,9626
-85.059323,1.334122,4373,4374,4375,4395,4396,4831,4834,4835
-85.6023,2.934529,4374,4375,4820,4832
-84.549169,2.399496,4374,4832,4833,4835
-93.59102,-5.468931,4381
-85.344282,-6.132567,4384,4385,4700,9635
-84.60002,-5.462534,4385,4386,9631,9635,9653
-84.316672,-4.825,4386,4387,9652,9653
-84.318341,-4.823323,4387,4388,4819,9629,9630,9652
-86.419957,-4.129618,4388,4397,4398,4818,4819
-87.783336,-1.341668,4389,4390,4391,4402,4403
-87.337518,-1.78963,4389,4391,4392,4818,4819,9628,9629
-87.716155,-2.529598,4389,4398,4401,4402,4818
-87.816672,1.225,4390,4399,4400,4403
-86.716672,1.625,4390,4391,4392,4393,4394,4395,4396,4399
-86.422282,-9.94E-4,4392,4393,9627,9628
-89.604945,76.412603,4405,4406,4485,4716
-89.584747,76.274415,4406,4407,4652,4653,4716,4721
-89.349224,82.142753,4411,4412,4593,4594
-88.539018,82.136273,4411,4491,4492,4594,4595
-77.866703,-54.136696,4414,4415,4952,4953
-77.065902,-54.26983,4415,4416,4951,4952,4992,4993
-78.680055,-55.330312,4416,4417,4992
-89.31463,-59.336887,4420,4421,4422,9703,9704
-87.71166,-39.332865,4425,4426,4810,4811,4812
-84.014894,-40.398472,4426,4427,4657,4812
-89.316052,-42.533712,4427,4428,4656,4657,4658,4686,4687
-83.197167,46.391236,4434,4435,4773,4774
-87.736138,48.529127,4434,4772,4773,9792,9793
-88.276174,46.396063,4434,4435,4436,4440,4441,9791,9792
-82.924944,46.390763,4435,4436,4774,4775,4983,4984
-85.865,45.341427,4438,4439
-88.555661,24.802979,4442,4443,4444,4445,4446,4453,4456
-91.469011,25.745943,4442,4454,4455,4456,9756,9757
-85.859809,24.006025,4443,4444,4751,9759,9760
-88.014103,25.058346,4443,4455,4456,9759
-85.87958,23.343287,4444,4445
-88.006879,22.27104,4445,4446,4752,4753
-89.078344,20.670693,4446,4447,4448,4449,4450,4451,4452,4453,4753,4754
-88.780768,26.936523,4454,4455
-92.53314,27.194987,4454,9757,9758
-59.2,90.0,4457,4458,5300,5301
-70.150018,84.005564,4458,4459,5299,5300
-70.399576,83.994853,4459,4460,5299
-70.415243,83.595371,4460,4468,4469,5298,5299,5300,5301,5302,5303,5316,5317
-74.661404,80.272636,4461,4462,4463,4464,4465,4470,5295,5296
-74.409615,80.26686,4461,5296,5297
-73.87339,80.931449,4461,4469,4470,5297,5298
-75.206462,78.521698,4462,4463,4874,4875,5294
-74.670335,78.531526,4462,5294,5295
-77.05144,81.601782,4463,4464,4874,4939,4940,4943
-79.205382,83.338387,4464,4465,4938,4939
-79.203424,83.471971,4465,4466,4467,4468,4469,4470,4937,4938
-84.262253,84.005976,4466,4487,4488,4936,4937
-85.325769,62.401258,4473,4474,4715,4857,4858,4859,4860,4863,4864
-84.270899,61.729783,4474,4475,4863,4895
-84.554031,60.403967,4475,4476,4850,4895,4896,4897,4898,4899
-86.166713,60.123799,4476,4477,4694,4695,4850,4855,4856
-88.288019,78.271626,4482,4483,4634,4804,4808,4809
-85.055647,77.068733,4483,4484,4717,4807,4808
-85.864841,76.527914,4484,4485,4716,4717,4718,4719,4720,4721
-83.998772,82.945464,4488,4489,4882,4883,4936
-85.607364,82.398002,4489,4490,4596,4597,4882
-87.234003,82.390229,4490,4491,4595,4596
-80.254679,-12.394958,4495,4496,4615,4628,4629,4630,5044
-81.07613,-13.998422,4496,4497,5044,5045,5046,5047,5048,5049,5050,5051,5054,5055
-75.99046,-17.339617,4497,4498,5053,5054
-76.017874,-17.46394,4498,4499,5053
-70.413856,-20.001371,4499,4500,5052,5053,5054,5055
-68.011143,-21.468183,4500,4556,4574,4579,4581,4582,5052
-68.531043,-18.262159,4501,4502,4575,4587,4588,5049,5050
-68.527327,-19.607233,4501,5050,5051
-67.20559,-21.468465,4501,4582,4586,4587,5051,5052,5055
-72.797197,-14.914145,4502,4557,4575,5047,5048
-72.816676,-15.083619,4502,5048,5049
-77.87536,-11.067016,4503,4504,4616,4617,4618,4619,4620,4621,4622,4623,4624,4625,4626,4629,5044,5045
-77.849722,-12.405258,4503,5045,5046
-77.344942,-12.392229,4503,4504,4557,5046,5047
-77.043888,-11.057119,4504,4505,4506,4557,4575,4588,4589,4590,4591,4592,4616
-68.522814,-9.197544,4505,4506,5184,5185,5186
-77.090487,-10.928988,4505,4616,4617,5185
-68.019409,-9.202045,4506,4507,4508,4509,4510,4511,4583,4584,4585,4589,5183,5184
-63.975862,-4.262928,4507,4508,5830,5831,5832,5833,5834,5835,5836
-65.619256,-5.321669,4507,5182,5183,5831
-63.972884,-5.591398,4508,4509,5829,5830
-54.388743,-9.063318,4509,4510,5829
-51.183616,-9.324907,4510,4511,5828,5829,5830,5836
-51.179999,-9.594576,4511,4580,4583,5828
-53.585918,-6.265849,4512,4513,4514,4515,4516,4517,4518,4519,4520,4521,4558,5825
-53.61902,-6.543938,4512,5825,5826
-49.881075,-8.401361,4512,4558,4559,4560,4561,4562,4563,4564,4565,4566,4567,4568,4576,5826,5827
-58.681064,-4.409723,4513,4514,5823,5824
-54.393185,-6.275756,4513,5824,5825,5826,5827,5834,5835
-59.736316,-3.862989,4514,4515,5823,5925
-56.543625,-1.598652,4515,4516,5924,5925
-56.000969,-1.336679,4516,4517,5923,5924
-54.675147,0.016754,4517,4518,5922,5923,6020,6021
-54.404965,0.014545,4518,4519,6021,6022,6328,6329,6330,6331,6357,6358
-49.888985,-2.527785,4519,4520,6357
-49.5879,-2.524851,4520,4521,6356,6357,6358,6359,6360,6361,6362,6363,6364,6365,6366
-44.817989,-6.525942,4521,4522,4558,4559,6356
-44.290401,-7.196364,4522,4523,4524,4559,4560,6355
-44.264988,-6.537297,4522,6355,6356,6366
-34.924072,-10.525598,4523,4524,6353,6354
-39.990562,-8.25514,4523,6354,6355,6365,6366
-34.918766,-10.806868,4524,4560,4561,6352,6353
-24.255916,-13.749541,4525,4526,4562,4563,6351
-27.452996,-12.404859,4525,6351,6352,6353,6354,6364,6365
-27.74411,-12.398257,4525,4561,4562,6352
-23.756616,-13.998769,4526,4527,4563,4564,6349,6350
-23.723678,-13.731951,4526,6350,6351,6363,6364
-19.458709,-16.397863,4527,4528,4564,4565,6347,6348
-19.455698,-16.132164,4527,6348,6349
-20.5282,-20.936347,4528,4529,4530,4531,4565,4566,6840
-12.009399,-19.199149,4528,6346,6347,6840,6841,6899,6900
-26.948821,-22.131357,4529,4530,5570,5571,6839
-20.520538,-21.062285,4529,6839,6840,6898,6899
-30.121155,-20.662467,4530,4531,5569,5570
-30.127774,-20.545824,4531,4532,4533,4534,4566,4567,5569
-34.931179,-19.331978,4532,4533,5568,5588,5589
-30.931666,-20.529701,4532,5569,5570,5571,5572,5573,5574,5575,5576,5577,5578,5579,5580,5589,5590
-38.661162,-17.46544,4533,4534,5567,5568
-38.649235,-17.191558,4534,4535,4567,4568,5566,5567
-41.890379,-15.869209,4535,4536,4537,4568,4569,4576,4577,5565
-41.857582,-16.126204,4535,5565,5566
-47.451631,-14.263298,4536,4537,5563,5564
-44.279143,-15.614794,4536,5564,5565,5566,5567,5568,5587,5588
-47.438271,-13.998996,4537,4538,4539,4540,4569,5562,5563
-51.719446,-12.541645,4538,4539,5560,5561
-51.742253,-12.805226,4538,5561,5562
-59.211489,-9.983627,4539,4540,5559,5560
-59.199857,-9.722084,4540,4569,4577,4578,5558,5559
-69.57519,-15.596289,4541,4570,4591,4592,5584,5585
-69.607133,-14.665475,4541,5585,5586
-70.954674,-11.872175,4541,4590,4591,5556,5557,5558,5559,5560,5561,5562,5563,5564,5586,5587
-64.263497,-18.795509,4542,4543,5582,5583
-66.664868,-17.077973,4542,5583,5584,5585,5586,5587,5588,5589,5590
-67.195054,-17.068614,4542,4543,4570,5584
-64.304047,-18.922575,4543,4570,4571,4572,4573,4586,4587,4588,4592,5581,5582
-59.729707,-21.465224,4544,4545,4571,4572,5579,5580
-59.73452,-20.529454,4544,5580,5581,5582,5583,5590
-60.248759,-20.536453,4544,4571,5581
-55.215636,-27.590562,4545,4546,4547,4548,4549,4550,4551,4572,4573,5577,5578
-57.588662,-23.872563,4545,5578,5579
-54.40959,-29.197127,4546,4547,4662,4663,6275,6276,6315,6316
-52.531081,-28.657166,4546,5576,5577,6275
-48.544711,-9.739247,4576,4577,4578,4580,5827,5828,5835,5836
-62.942803,-9.330138,4578,4580,4583,4584,5557,5558
-64.784458,-9.345091,4584,4585,5556,5557
-70.937116,-10.939887,4585,4589,4590,5556
-84.533226,81.338133,4597,4598,4882,4883,4884,4885
-84.511039,80.530252,4598,4601,4602,4872,4880,4881,4885
-85.877716,80.124086,4599,4600,4633,4634,4804
-85.579848,80.134464,4599,4804,4805,4806,4809
-85.601754,80.280329,4599,4600,4602,4805,4879,4880
-89.603736,80.406815,4600,4601,4602,4632,4633
-90.650612,39.340087,4603,4604
-91.457474,37.465983,4603
-91.481016,37.351049,4603,4604,4605,4611
-88.538567,40.661155,4604,4605
-88.278026,40.131484,4605,4606,4607,4608,4609,4610,4611
-86.643596,39.078928,4606,4607
-85.330843,39.196361,4606
-87.75285,37.861,4607,4608
-88.018904,36.406618,4608,4609
-88.544725,36.399116,4609,4610
-88.544491,36.5255,4610,4611
-84.768523,-11.326774,4612,4613,4614,4615,4627,4628,4703,4704
-83.984873,-10.131535,4612,4704,4705,4931
-81.993619,-10.06947,4612,4624,4625,4627,4931,9619,9620,9621
-72.268727,-9.737621,4617,4618,5180,5181,5185,5186
-70.669585,-7.726446,4618,4619,5180,5537,5538,5539,5545,5546
-70.396042,-6.659472,4619,4620,5268,5269,5270,5271,5537
-72.784304,-7.865606,4620,4621,5269
-73.877679,-7.605231,4621,4622
-76.526692,-8.541374,4622,4623,5094,5095,9619,9620
-79.455559,-9.990362,4623,4624,9619
-82.083336,-10.908336,4625,4626,4627,4628,4630
-79.816672,-11.341668,4626,4629,4630
-85.066093,-44.926695,4636,4637,4684,4685
-84.007333,-45.46505,4637,4638,4683,4684
-80.256172,-46.397737,4638,4639,4649,4650,4682,4683
-75.459823,-47.072776,4639,4650,4651,4680,4681
-75.454468,-46.931099,4639,4681,4682
-65.057611,-48.932718,4640,4641,5712,5713
-59.702912,-47.997267,4640,4678,4679,5713,5714
-66.445875,-47.734408,4640,4641,4642,4643,4651,4679,4680
-68.526538,-49.071111,4641,4642,4947,4948,5712
-70.38799,-49.462232,4642,4643,4946,4947
-73.081457,-49.206889,4643,4644,4645,4646,4647,4648,4649,4650,4651,4945,4946
-81.606845,-51.998981,4644,4944,4945
-84.516595,75.325112,4653,4654,4720,4721,4865
-77.878915,-38.003657,4657,4658,4811,4812,5029
-70.952021,-36.127667,4658,4687,4688,5028,5029
-69.069633,-34.798274,4659,4660,4661,4662,4663,4664,4688,4689,4690,4691,4692,5027,5028
-53.080325,-29.20159,4663,4664,6314,6315
-52.256115,-28.939994,4664,4665,4666,4667,4668,4669,4689,6314
-51.181344,-28.795433,4665,4666,6313,6535
-52.257836,-28.809026,4665,6313,6314,6315,6316,6321
-50.113515,-29.876861,4666,4667,6535,6536,6537,6538,6549,6550
-49.591883,-31.32448,4667,4668,6548,6549
-50.952297,-32.396098,4668,4669,6547,6548
-50.417761,-34.26536,4669,4689,4690,6546,6547
-36.54574,-45.334201,4670,4671,6161,6162,6544,6545
-42.119269,-40.519728,4670,6545,6546,6547,6548,6549,6550,6551,6552
-44.265895,-39.07504,4670,4671,4672,4673,4674,4675,4690,4691,6546
-42.649655,-46.13397,4671,4672,6161
-42.6784,-46.267818,4672,4673,6161,6162,6163,6164,6165,6186
-49.296392,-47.05691,4673,4674,6185,6186,6192,6193
-54.401416,-47.333708,4674,4675,6160,6184,6185
-56.284587,-47.319211,4675,4691,4692,6160
-56.00227,-48.141743,4676,4677,5798,5799,6181,6182
-56.01365,-47.597419,4676,6182,6183
-56.280263,-47.599045,4676,4677,4678,4679,4680,4681,4682,4683,4684,4685,4686,4687,4688,4692,6160,6183,6184
-57.077113,-48.254005,4677,4678,5714,5715,5798
-84.807603,58.800584,4695,4696,4699,4854,4855,4886,4887
-86.122107,58.271378,4696,4697,4698,4699,4813,4814
-85.343668,58.264423,4696,4814,4815,4886
-84.837683,-5.997274,4700,4708,4709,9622,9623,9624,9625,9626,9631,9632,9635,9644,9650,9651
-81.853532,-8.75963,4705,4706,4931,9621,9645
-81.750008,-7.791668,4706,4707,9644,9645,9646,9651
-85.116672,-6.625,4707,4708,9644
-84.255137,64.267292,4713,4714,4857,4858,4932,4933,4934,4935
-85.86249,63.47655,4714,4715,4857
-82.934446,77.332958,4717,4718,4807,4978,4979,4980,4981,4982
-83.764532,75.602886,4718,4719,4978
-83.728244,75.458688,4719,4720,4865,4866,4978,4982
-79.7438,-59.320664,4725,4726,4727,4728,4741,4997,4998,5111,5112,5113,5114,5116
-77.885898,-60.939709,4726,4727,5115,5168
-77.882844,-60.134157,4726,5115,5116
-77.889881,-61.061364,4727,4728,5158,5168,5179
-77.869176,-62.660639,4728,4729,4741,4742,5158,5159,5160,5161,5162,5163,5164,5165,5167
-74.139939,-64.937682,4729,4730,4731,4742,4743,5166
-74.125651,-64.666616,4729,5166,5167
-73.07346,-67.075367,4730,4731,5419
-67.201202,-65.465234,4730,5165,5166,5167,5419,5420
-73.050727,-68.002495,4731,4732,4733,4734,4743,4744,4745,4746,4747,4748,5419,5420,5430
-66.114509,-67.607595,4732,4733,5429,5432,5433
-71.202467,-67.735626,4732,5430,5431,5433
-59.990369,-68.404106,4733,4734,5428,5429
-59.458021,-69.205762,4734,4735,4736,4744,4904,4905,4906,4907,4908,4909,4910,4911,4912,4913,4914,4915,4916,4929,5428
-70.406693,-68.67122,4735,4736,4902,4903
-64.540096,-70.921892,4735,4903,4928,4929,4930
-70.409756,-68.528392,4736,4744,4745,4901,4902
-80.281605,-68.78988,4737,4745,4746,4900,4901
-73.323315,22.408026,4749,4764,4765,5110
-71.928153,22.795369,4749,5105,5106,5107,5108,5109,5110,9579,9642,9643
-70.6924,21.960399,4749,4763,4764,5601,5602,9518,9642
-84.005109,24.002843,4750,4751,4752,4753,4754,4755,4756,4757,4758,4759,4760,4761,4762,4763,4764,4765,9760,9761,9762,9763,9768
-80.007094,24.947453,4750,5108,5109,9761
-78.925008,24.14243,4750,4765,5109,5110
-85.879579,23.343287,4751,4752
-70.642631,19.471475,4762,4763,5479,9517,9518
-84.483336,54.458332,4766,9639,9640
-81.920685,54.153928,4766,4767,4768,4769,4770,4780,5005,5006,5007,9640,9641
-86.10215,54.132061,4767,4768,9689,9695,9696
-87.996761,52.390274,4768,4769,9694,9695
-86.664874,51.605045,4769,4770,9693,9694
-87.733007,50.13256,4770,4771,4772,4773,4774,4775,4776,4777,4778,4779,4780,9692,9693
-88.280147,49.060049,4771,4772,9691,9793,9794
-88.277999,49.870547,4771,9691,9692
-79.74456,47.469913,4775,4776,4984,4985,4986,4987,4988,4989,4990,4991
-78.401372,49.198494,4776,4777,4985,5142
-76.517323,51.211718,4777,4778,5000,5001,5142,5143
-80.79635,51.868494,4778,4779,5000
-82.110587,53.193161,4779,4780,5000,5001,5002,5003,5004,5007,5008
-66.392995,-83.873618,4788,4801,4802,4803,4917,4918
-39.716963,-76.938261,4789,4790,6118,6119,6120,6121,6122,6123,6138
-50.139798,-78.396769,4789,6109,6118
-56.800099,-80.936994,4789,4790,4791,4792,4793,4794,4795,4796,4802,4917,6094,6109,6110
-37.360015,-77.604728,4790,4791,6117,6137,6138,6139,6140,6141,6142,6143
-42.944059,-80.661663,4791,4792,6116,6117
-48.252432,-83.196367,4792,4793,6116
-48.525435,-84.665043,4793,4794,6115,6116,6117,6136,6137
-57.047389,-89.858974,4794,4795,6115
-57.066667,-90.0,4795,4796,6115,6135,6136
-81.872077,78.392567,4805,4806,4878,4879,4979,4980
-83.751066,77.867564,4806,4807,4808,4809,4979
-85.352381,57.323439,4815,4816,4886,4887,4888,4889,4890,4891,4892,4893,4894
-82.384409,55.732141,4816,4817,4894,9637,9638
-82.148518,4.397563,4821,4822,4970,4971
-81.85855,4.405942,4822,4823,4971,4972,5009,5010
-81.864455,4.270294,4823,4824,5010,5011
-78.945724,3.452643,4824,4825
-80.524676,3.06546,4825,4826,5012
-79.460922,0.538112,4826,4827,4833,4834,4835,5012,5013
-77.3423,0.147925,4827,4828,4829,4830,4831,4834,5187,5188
-77.349335,0.2741,4827
-76.514988,0.009835,4828,4829,5031,5032,5033,5039
-76.529594,0.135648,4828,5031,5188,5189
-79.76253,9.201231,4841,4842,4967,5117,5118,5119,5120,5121,5122,5123,5124,5125
-79.210114,59.864933,4850,4851,4852,4856,4899
-78.947442,59.734417,4851,4852,5126,5127,5128,5135,5136
-78.954062,59.873277,4851,4898,4899,5127
-79.462186,59.729541,4852,4853,4854,4855,4856,5126
-84.265149,58.403517,4853,4854,4887,4888
-79.45022,58.937925,4853,4888,4889,5126,5134,5135
-78.443116,62.139003,4858,4859,4935,5068,5069
-73.326115,61.348058,4859,4860,5067,5068,5129
-74.144322,60.934253,4860,4861,4862,4864,5128,5129,5130,5136,5137
-80.798435,61.211097,4861,4862,4896,4897
-77.059721,60.262773,4861,4897,4898,5127,5128
-80.531469,61.464099,4862,4863,4864,4895,4896
-80.244935,76.267398,4866,4867,4981,4982,5071
-80.78174,75.326832,4867,4868,5071,5072,5073,5074,5075,5077
-79.457825,74.532041,4868,4869,5076,5077,5097,5098
-79.979117,81.603248,4872,4873,4881,4941
-81.355803,81.3333,4872,4884,4885,4941,4942
-78.929493,81.334565,4873,4874,4875,4876,4877,4878,4879,4880,4881,4940
-79.99649,82.143121,4873,4940,4941,4942,4943
-74.380185,77.717374,4875,4876,5073,5074,5294,5295,5296,5297,5298,5315,5316
-77.853058,77.072528,4876,4877,5072,5073
-78.144235,77.080557,4877,4878,4980,4981,5071,5072
-81.893653,83.075722,4883,4884,4936,4937,4938,4939,4942,4943
-78.145503,58.663291,4889,4890,5134,5150
-76.771357,58.527395,4890,4891,5150,5151,5152,5153,5154,5155,5156,5157
-77.623315,58.005938,4891,4892,5157
-77.083355,56.932616,4892,4893,5040,5041,5156,5157
-81.32649,55.475741,4893,4894,5040,9636,9637
-55.178988,-68.129681,4904,4905,5426,5427
-57.32092,-67.725575,4904,5427,5428,5429,5432
-52.018207,-68.260315,4905,4906,5425,5426
-51.167852,-68.798538,4906,4907,5424,5425,6522
-51.210954,-69.19444,4907,4908,6522,6523,6534
-50.11637,-69.201569,4908,4909,6533,6534
-47.724964,-69.737388,4909,4910,6097,6532,6533
-45.851674,-71.733528,4910,4911,6097,6098,6099,6100,6101,6102,6103,6104,6105,6106,6107,6108,6112
-46.423481,-73.198206,4911,4912,6096,6112,6114
-47.99191,-73.473115,4912,4913,6096
-47.456938,-74.65468,4913,4914,6095,6096,6111,6113,6114
-52.814458,-78.008528,4914,4915,6095
-52.810435,-78.25925,4915,4916,6094,6095,6110,6111
-57.584762,-79.598559,4916,4917,4918,4919,4920,4921,4922,4923,4924,4929,4930,6094
-81.05899,64.266892,4933,4934,5056,5057,5058,5070
-78.411344,62.393195,4934,4935,5069,5070
-67.467161,-49.987626,4948,4949,4954,5381,5382,5383,5384,5385,5386,5387,5388,5712,5713,5714,5715,5717,5718,5719
-71.205059,-51.069579,4949,4950,4951,4952,4953,4954,5379,5380
-69.631059,-51.458927,4949,5380,5381
-75.480931,-54.668348,4950,4951,4993,4994
-74.11783,-54.138096,4950,4994,4995,4996,4997,4998,4999,5379
-73.857426,39.591718,4955,4956,4957,4958,4962,4963,5402,9600
-72.832159,39.196511,4955,5393,5394,5395,5396,5397,5398,5399,5400,5401,5402
-72.697832,38.773066,4955,4962,5393,9549,9612,9617,9618
-76.554156,41.864229,4956,5080,5081,9599,9600,9601,9602,9603,9604
-77.603853,37.871966,4959,4960,4961,4964,9595,9596,9597
-74.116672,38.008332,4960,4961,9612,9613,9618
-76.737626,37.000273,4960,9587,9588,9589,9594,9597,9613
-74.016672,38.908332,4961,4962,4963,4964,9612
-75.727088,8.123287,4965,4966,5124,5125,5272
-76.260416,6.940994,4965,5272,5279,9607,9608
-78.034557,6.137594,4965,4966,4972,4973,4975,5009,9608,9609
-76.803381,8.124197,4966,4967,4968,4969,4975,4976,4977,5125
-80.797201,9.056822,4967,4968
-77.883336,6.641664,4973,4974,4975,4977
-80.050008,7.175,4974,4976,4977
-77.60291,48.397867,4985,4986,5142,5143,5144,5145,5146,5147,5148,5149
-76.548644,48.401645,4986,4987,5149,5196,5197
-77.353109,46.934956,4987,4988,5196
-76.008125,45.861049,4988,4989,5084,5085,5196,5197,5204,5205
-80.253833,44.007833,4989,4990,5085,5086
-74.126237,-55.737967,4995,4996,5371
-72.288311,-55.054631,4995,5371,5372,5379,5380,5381,5388
-74.132034,-56.129264,4996,4997,5111,5371,5372,5373,5374,5375,5376,5378
-75.483233,51.741713,5001,5002,5143,5144,5212
-77.085315,52.670944,5002,5003,5207,5208,5209,5210,5211,5212
-77.075205,53.872136,5003,5004,5022,5023,5207
-77.589133,53.863023,5004,5005,5006,5008,5023
-81.870744,54.406594,5005,5018,5019,5020,5021,5022,5023,9636,9637,9638,9641
-78.450008,53.741664,5006,5007,5008
-78.183336,5.641664,5009,5010,5011,5017,9609,9610
-78.945725,3.452643,5011,5012,5013,5014,5015,5016,5017
-77.349335,0.274099,5013,5014,5187
-72.515944,3.066044,5014,5015,5187,5188,5189,5190,5191,5192,5193,5194,5195
-74.102333,3.982316,5015,5016,5195,9567,9577,9578,9611
-76.816672,4.775,5016,5017,9610,9611
-75.463661,55.469558,5018,5019,5042,5043
-80.802169,54.934097,5018,5040,5041,5043,9636
-75.213351,55.476847,5019,5020,5042,5280,5281,5282,5283
-74.418482,55.196496,5020,5021,5283,5366
-74.395709,54.39722,5021,5022,5207,5208,5366,5367,5368,5369,5370
-76.520609,-1.59743,5030,5038,5039,9623,9624
-80.527782,-3.754636,5030,9622,9623
-81.343325,-5.064072,5030,5037,5038,9622,9649,9650
-73.611362,0.006394,5031,5032,5189,5190,5360
-73.600425,-0.662587,5032,5033,5360,5361,5362,5363,5364,5365
-74.435955,-3.059251,5033,5034,5035,5036,5037,5038,5039,5349,5365
-77.088569,-5.456417,5034,5035,5090,5091,5265
-73.849928,-3.86331,5034,5265,5266,5349,5350,5359
-78.12247,-5.732104,5035,5036,5090,9647,9648
-78.908292,-5.469908,5036,5037,9648,9649
-76.267476,56.803398,5041,5042,5043,5155,5156,5280
-76.257546,69.323678,5057,5058,5141,5244,5245
-73.593434,70.528627,5058,5059,5060,5061,5062,5063,5064,5065,5066,5067,5068,5069,5070,5244
-72.266836,70.656671,5059,5060,5243,5473
-73.603512,70.809613,5059,5243,5244,5245,5246,5247,5257
-71.979974,68.806752,5060,5061,5473,5474,5475,5476,5477,5478
-68.779216,64.522464,5061,5062,5478,5676,5677
-68.817425,64.392454,5062,5063,5665,5676
-69.343981,64.126969,5063,5064,5470,5665,5666,5667,5668,5669
-71.992431,61.332652,5064,5065,5469,5470,5471,5472
-72.26457,61.337742,5065,5066,5343,5344,5469
-72.544231,61.322036,5066,5067,5129,5130,5342,5343
-73.871421,77.185832,5074,5075,5219,5220,5315
-73.874097,77.071574,5075,5076,5077,5099,5100,5219
-79.47627,74.397295,5076,5098,5099
-79.334604,43.264702,5081,5088,9598,9599,9605
-72.55588,44.538975,5082,5083,5416,5417,9547,9603,9604
-74.550008,43.625,5082,9598,9599,9604
-78.016672,43.625,5082,5083,5084,5085,5086,5087,5088,9598
-72.545339,44.804827,5083,5084,5203,5204,9546,9547
-78.141735,-6.143349,5089,5090,5091,5092,5093,5094,5095,9647
-78.407153,-6.131672,5089,9646,9647,9648,9649,9650,9651
-80.253037,-7.729421,5089,5095,9620,9621,9645,9646
-75.19709,-5.739825,5091,5092,5265,5266,5267,5268,5271
-73.341165,-6.81222,5092,5093,5270,5271
-73.87768,-7.605231,5093,5094,5269,5270
-79.974839,33.404903,5096,9589,9590,9591,9592,9593,9594,9675,9676
-73.567694,77.066074,5100,5101,5218,5219,5220,5221,5248,5249
-73.31908,75.332387,5101,5102,5217,5218,5403
-78.896645,25.277845,5105,5106,9585,9658,9659,9685,9686,9687,9688
-72.983336,23.508332,5105,9579,9585,9586
-78.947657,25.196493,5106,5107,9688
-79.975115,25.058599,5107,5108,9687,9688,9761,9762
-68.531005,-57.732812,5111,5112,5377,5378
-67.200642,-58.402728,5112,5113,5169,5170,5377
-71.714977,-59.587572,5113,5114,5169
-74.421098,-60.941394,5114,5115,5116,5168,5169,5170,5171,5172,5173,5174,5175,5176,5177,5178,5179
-73.055041,12.92616,5119,5120,5321,5322,5327,5434
-72.26323,12.124723,5120,5121,5434,5435,5436,5437,5441
-72.000514,11.19629,5121,5122,5284,5440,5441
-74.651459,9.341431,5122,5123,5273,5284,5289
-74.663865,8.798201,5123,5124,5272,5273,5274,5275,5276,5277,5278,5279
-74.659318,58.919863,5130,5131,5132,5133,5137,5341,5342
-75.467741,58.668064,5131,5132,5152,5153
-74.658728,58.664314,5131,5153,5154,5341
-75.461845,58.783516,5132,5133,5151,5152
-78.132656,58.793868,5133,5134,5135,5136,5137,5150,5151
-74.419321,70.384894,5140,5141,5213,5214,5245,5246
-74.122324,51.734529,5144,5145,5211,5212,5389
-74.13212,50.142891,5145,5146,5389,5390,5392
-73.331381,49.724753,5146,5147,5198,5199,5391,5392
-74.937228,48.934692,5147,5148,5198
-74.945296,48.660015,5148,5149,5197,5198,5199,5200,5201,5205,5206
-73.331694,57.595896,5154,5155,5280,5281,5341,5342,5343,5344,5345,5346,5347,5348
-74.656945,-61.073565,5158,5159,5178,5179
-70.937939,-62.004674,5159,5160,5177,5178
-65.043239,-62.283199,5160,5161,5176,5177,5867
-65.068547,-62.543137,5161,5162,5867,5880,5881
-61.849664,-64.793852,5162,5163,5421,5422,5879,5880
-62.93356,-64.804096,5163,5164,5421
-65.326552,-65.861581,5164,5165,5420,5421,5422,5430,5431
-66.124459,-58.393863,5170,5171,5376,5377,5378
-63.206414,-59.067055,5171,5172,5375,5376,5943
-63.213066,-59.201687,5172,5173,5943,5944,5945,5946,5965,5966
-62.932177,-59.213366,5173,5174,5868,5964,5965
-62.928232,-60.277416,5174,5175,5868,5869,5870,5871,5882
-64.78914,-62.274631,5175,5176,5867,5881,5882,5883
-66.397222,-5.733421,5180,5181,5544,5545
-66.131239,-5.727825,5181,5182,5183,5184,5186,5543,5544
-66.126534,-5.338595,5182,5543,5820,5821,5822,5831,5832
-73.069701,0.008051,5190,5191,5360,5361,5412
-70.133834,2.269958,5191,5192,5412,5413,5612,5613
-68.606048,3.032934,5192,5193,5612,9514,9515,9516,9568
-71.083336,4.158332,5193,5194,9567,9568,9569,9570,9571,9572,9573,9574,9578
-73.050008,3.675,5194,5195,9567
-71.749729,48.794805,5199,5200,5391,5449
-70.955076,48.139329,5200,5201,5448,5449,5450,5451,5465,5466
-72.280389,47.465384,5201,5202,5206,5448
-72.280778,46.537332,5202,5203,5204,5205,5206,5463,5464
-71.468605,47.345362,5202,5448,5464,5465
-71.471845,45.998846,5203,5463,9545,9546
-72.828073,53.600639,5208,5209,5370,5442
-71.992793,52.663546,5209,5210,5442,5443,5444,5445,5446,5447
-72.279885,51.999099,5210,5211,5389,5390,5447
-72.007977,73.741587,5214,5246,5247,5409,5410
-65.345951,73.060724,5215,5216,5248,5249,5250,5251,5252,5259,5406
-65.348285,72.803611,5215,5406,5407
-63.470976,71.87238,5215,5258,5259,5260,5263,5264,5407,5408
-68.539958,74.400578,5216,5217,5218,5248,5404,5405
-68.526507,74.131564,5216,5405,5406,5407,5408,5409,5410,5411
-69.86884,74.399809,5217,5403,5404
-69.588666,77.206611,5220,5221,5314,5315,5316,5317,5318,5319,5320
-63.73194,76.414093,5221,5249,5250,5313,5314
-55.991571,76.660127,5222,5223,5224,5251,5252,5311,5312
-60.264746,77.197009,5222,5312,5313,5314,5320
-62.678091,76.408074,5222,5250,5251,5313
-48.54383,77.866028,5223,5224,5309,5310
-54.119451,77.189742,5223,5310,5311
-47.997004,77.861601,5224,5225,5252,5253,5254,5259,5260,5308,5309
-35.464598,82.268966,5225,5226,5253,5307
-36.801777,81.856697,5225,5307,5308
-32.532424,82.531575,5226,5253,5254,5305,5306
-35.483843,82.537086,5226,5306,5307,5308,5309,5310,5311,5312,5319,5320
-22.1352,85.584816,5227,5255,5256,5261,5304
-23.217303,85.596889,5227,5304,5305,5306,5318,5319
-28.510722,83.193456,5227,5254,5260,5261,5262,5264,5305
-10.133333,90.0,5228,5229,5301,5302
-18.13358,87.467339,5228,5302,5303
-18.132123,87.196345,5228,5229,5230,5231,5232,5233,5234,5235,5236,5237,5238,5239,5240,5255,5303,5304,5317,5318
-0.266667,90.0,5229,5230,7591
0.259301,88.934243,5230,5231,7591,7592,7595
0.79171,86.384507,5231,5232,7594,7595
1.598751,86.003007,5232,5233,7593,7594
1.585684,84.523351,5233,5234,5684,7593,7613
-2.153371,82.665827,5234,5235,5683,5684,5685,5686,5687,5708,5709
-8.534679,80.667776,5235,5236,5682,5683
-13.351119,79.479268,5236,5237,5682
-19.993459,76.144514,5237,5238,5682,5683,5707,5708
-26.377786,74.923455,5238,5239,5706,5707
-31.754742,74.408828,5239,5240,5681,5705,5706
-38.398476,74.017398,5240,5241,5255,5256,5681
-43.991842,73.604901,5241,5242,5256,5261,5262,5679,5680
-38.402514,73.879322,5241,5680,5681,5704,5705
-63.469675,70.802508,5242,5262,5263,5264,5474,5475
-55.459166,70.537158,5242,5475,5476,5679
-67.727148,71.598113,5243,5257,5258,5263,5473,5474
-66.145337,72.136622,5247,5257,5258,5408,5409
-71.212327,-4.267858,5266,5267,5358,5359
-69.304459,-4.130746,5267,5268,5357,5358,5537,5538
-72.521958,9.990534,5273,5274,5288,5289
-69.064117,9.463644,5274,5275,5287,5288,5653,5654
-69.348194,8.25605,5275,5276,5654,5655,9572,9573
-71.472366,6.52297,5276,5277,9573,9574
-73.331601,6.932553,5277,5278,9574,9575,9576,9577,9578
-75.738097,6.929818,5278,5279,9575,9606,9607
-72.028768,57.339305,5281,5282,5348,5522
-71.721516,56.38893,5282,5283,5366,5367,5522,5523,5524,5525,5526,5527
-68.25842,11.7288,5284,5285,5286,5287,5288,5289,5439,5440
-67.449492,11.328498,5285,5286,5674,5675
-67.464553,11.474423,5285,5438,5439,5674
-68.533115,9.744067,5286,5287,5653,5670,5671,5672,5673,5675
-73.613467,27.201481,5290,5291,9660,9661
-70.446461,27.756309,5290,9566,9661,9662,9673,9674,9680
-70.063008,27.186456,5290,5291,5292,5293,5493,9519,9535,9537,9566
-75.201116,27.204661,5291,5292,9582,9583,9660
-71.738905,25.33427,5292,5293,9581,9582
-70.660812,25.066113,5293,9519,9580,9581
-71.729233,15.996273,5322,5323,5324,5325,5326,5327,5332,5333
-64.81117,14.388031,5323,5324,5740,5741,5893,5894
-64.261234,15.466794,5323,5331,5332,5884,5885,5886,5894,5897,5898
-65.601611,14.26244,5324,5325,5548,5549,5741,5742
-68.548044,14.679198,5325,5326,5547,5548
-71.218091,13.20496,5326,5327,5434,5435,5547
-67.471026,17.587514,5329,5330,5482,5483,5484,5485,5486,5487,5489
-65.058858,16.937063,5330,5331,5482,5884
-72.561643,44.393627,5334,5335,5417,5418,9602,9603
-74.41297,42.797876,5334,9601,9602
-73.8596,40.123416,5334,5335,5336,5340,5401,5402,9600,9601
-71.719427,44.405388,5335,5336,5418,5534,5535
-70.658755,44.126276,5336,5337,5338,5339,5340
-69.612942,42.664897,5337,5338,5398,5399,5630,5640,5641
-69.332597,42.931845,5337,5528,5630
-71.198361,41.608911,5338,5339,5399,5400
-72.807955,41.200808,5339,5340,5400,5401
-72.249258,61.19195,5344,5345,5469,5472
-71.193743,61.205195,5345,5346,5471,5472,5551
-68.028581,59.199682,5346,5347,5551,5552,5555,5720
-67.97582,58.931003,5347,5348,5522,5523,5720,5721,5722,5723,5724,5725,5727
-72.530349,-3.075143,5349,5350,5364,5365
-70.930411,-2.532698,5350,5351,5352,5353,5354,5355,5356,5357,5358,5359,5363,5364
-65.58869,-0.261856,5351,5352,5414,5614,5615,5616,5617,5618,5619,5621
-68.003874,-0.283386,5351,5362,5363,5414,5415
-66.397974,-1.0695,5352,5353,5614
-64.027816,-0.787422,5353,5354,5614,5615,5932
-63.487048,-1.20159,5354,5355,5917,5918,5932,5938
-64.280088,-2.659936,5355,5356,5539,5540,5541,5542,5546,5916,5917
-66.938341,-3.611642,5356,5357,5538,5539
-73.340402,-0.402892,5361,5362,5412,5413,5415
-70.665177,56.136631,5367,5368,5527,5591
-70.920802,55.192996,5368,5369,5591,5592,5593,5594,5595,5596
-69.060838,54.536792,5369,5370,5442,5443,5596
-69.061593,-53.597982,5372,5373,5387,5388
-65.616129,-53.737159,5373,5374,5386,5387,5852,5853,5854,5855
-57.061795,-56.389114,5374,5375,5855,5943,5944
-59.98287,-51.34275,5382,5383,5795,5796,5797,5812,5813
-62.13186,-50.533559,5382,5717,5795
-59.993912,-51.473716,5383,5384,5794,5811,5812
-66.108221,-52.27377,5384,5385,5794
-65.601072,-53.335235,5385,5386,5794,5811,5852
-69.05438,51.339626,5390,5391,5392,5446,5447,5449,5450
-71.416672,38.641664,5393,5394,9548,9549,9550,9551,9552,9553,9563,9564
-70.916672,39.575,5394,5395,9548
-67.150008,40.541664,5395,5396,9548,9562,9563
-66.261609,41.561301,5396,5397,5777,5778,5779,9561,9562
-66.677145,41.869134,5397,5398,5640,5776,5777
-65.074817,1.213492,5413,5414,5415,5613,5620,5621
-70.550008,45.458332,5416,9543,9544,9545,9546,9547
-69.55718,45.558956,5416,5417,5418,5532,5533,5534,9543
-53.596915,-65.874482,5422,5423,5424,5425,5426,5427,5431,5432,5433,5878,5879
-49.074043,-66.664826,5423,5424,5876,5877,6522,6523
-51.724505,-65.863701,5423,5877,5878
-70.934266,12.928606,5435,5436,5547,5548,5549,5550
-67.204514,12.926275,5436,5437,5550,5743,5744,5746,5747
-65.631186,12.537497,5437,5438,5439,5440,5441,5672,5673,5728,5729,5730,5731,5732,5744
-66.920953,11.456856,5438,5673,5674,5675
-66.677098,54.120992,5443,5444,5595,5596,5760
-65.874231,53.19142,5444,5445,5760,5767,5788
-66.669032,52.001625,5445,5446,5450,5451,5788,5793
-62.939257,51.059966,5451,5452,5453,5454,5455,5456,5457,5458,5459,5466,5467,5468,5792,5793
-54.158794,49.999802,5452,5453,6074,6075,6378
-58.132035,52.95112,5452,5791,5792,6064,6065,6066,6067,6068,6069,6070,6071,6072,6075,6076,6077
-54.131892,49.32231,5453,5454,6378,6401,6402
-53.060655,48.523838,5454,5455,6400,6401,6486,6487
-53.086282,48.265875,5455,5456,6485,6486
-53.346795,48.260632,5456,5457,5986,5987,6485
-54.92206,48.259857,5457,5458,5985,5986
-58.933281,47.475084,5458,5459,5985
-59.717043,46.528308,5459,5460,5467,5784,5984,5985,5986,5987,5988,5989,5990,5994,5995
-61.574511,48.389954,5460,5461,5462,5467,5468,5783
-61.604305,48.128158,5460,5783,5784,5785,5786,5787
-67.979147,46.400844,5461,5462,5532,9543,9544
-66.670892,46.542539,5461,5531,5532,5533,5536,5783,5787
-69.33825,46.939265,5462,5463,5464,5465,5466,5468,9544,9545
-67.996067,61.210378,5470,5471,5551,5552,5669
-55.46535,69.993897,5476,5477,5678,5679,5680,5703,5704
-64.260721,65.461264,5477,5478,5677,5678
-69.481877,19.36785,5479,5480,5481,5488,5603,5604,9517,9538,9539,9540,9541,9542
-65.074482,17.073759,5482,5483,5884,5885
-64.785815,17.060147,5483,5484,5885,5886,5900,5901
-64.826607,17.864487,5484,5485,5900,9502
-65.443068,18.082961,5485,5486,5856,9502,9503,9504,9505,9539,9540
-66.283336,18.008332,5486,5487,9538,9539
-69.450008,19.291664,5487,5488,5489,9538
-70.922304,35.997925,5490,5491,9591,9592
-71.726626,36.259501,5490,9592,9593,9614
-71.718685,36.399193,5490,5491,5511,5512,9614,9615
-70.663778,36.001445,5491,5492,5512,5516,5520,5521,9590,9591
-69.885625,28.004317,5492,5513,5517,5518,5519,5521,9673,9674
-70.694062,31.724836,5492,9590,9674,9675,9680,9683,9684
-69.483336,26.325,5493,5494,9534,9536,9537
-69.874073,27.856586,5493,5494,5495,5496,5513,9566,9673
-64.116672,24.325,5494,5495,9530,9533,9534
-53.850008,24.558332,5495,5496,9529,9530
-52.561669,25.083018,5496,5513,5514,5517,6078,6079,6080,6086,6087,9482,9483,9528,9529
-55.480896,25.599453,5497,5498,5514,5517,5518,6084,6085
-54.676327,26.261845,5497,6085,6086,6087
-54.131568,25.459153,5497,5514,6086
-57.872524,26.676527,5498,5515,5518,5519,6082,6083
-57.06318,26.668215,5498,6083,6084
-53.884834,28.27661,5499,5500,6234,6235,6236
-54.392538,28.135128,5499,6081,6233,6234
-57.879927,27.60657,5499,5500,5501,5502,5503,5504,5505,5506,5515,6081,6082
-56.002337,29.216533,5500,5501,6224,6235
-54.954595,30.409597,5501,5502
-60.009981,30.388846,5502,5503,5660,5661,6008
-60.003651,29.989158,5503,5504,5661,5662
-62.884431,30.006458,5504,5505,5662,5663,5664
-62.935202,29.734763,5505,5506,5663
-69.34178,31.614732,5506,5507,5508,5509,5510,5515,5519,5520,5521,5658,5663,5664
-66.129032,33.453882,5507,5508,5837,5838,5839,5840,5841,5842,5843,5844,5845
-65.589043,32.923872,5507,5658,5845
-66.137623,34.542164,5508,5509,5627,5628,5837
-67.454156,35.337094,5509,5510,5628,5629
-67.988517,35.340552,5510,5516,5520,5629,9550,9551
-72.003419,36.403604,5511,9615,9616
-71.986392,36.530363,5511,5512,5516,9549,9550,9616,9617
-65.074365,57.995735,5523,5524,5726,5727
-65.063482,57.866496,5524,5525,5726,5846
-66.122194,56.939344,5525,5526,5592,5593,5846,5847,5848,5849,5851
-69.321325,56.155028,5526,5527,5591,5592
-68.260541,42.925966,5528,5529,5630,5641,5642
-70.658754,44.126276,5528,5529,5530,5531,5535,5536
-63.472907,45.864417,5529,5530,5631,5632,5633,5634,5635,5636,5637,5638,5639,5642
-62.942294,46.664063,5530,5531,5631,5786,5787
-68.083336,45.708332,5533,5534,5535,5536
-64.800936,-3.73391,5540,5541,5821,5822
-64.261267,-3.736453,5540,5822,5832,5833,5916
-65.872742,-4.938096,5541,5542,5820,5821
-66.146712,-5.060843,5542,5543,5544,5545,5546,5820
-65.602319,13.740177,5549,5550,5742,5743
-63.737014,60.921964,5552,5553,5554,5555,5668,5669
-62.389132,60.531757,5553,5554,5699,5700,5721,5722
-63.451417,60.924503,5553,5667,5668,5700,5701
-66.965019,59.604989,5554,5555,5720,5721
-33.070242,-24.796814,5571,5572,6838,6839,6897,6898
-34.930607,-24.79245,5572,5573,6838
-42.132778,-27.203225,5573,5574,6277,6838,6897
-43.992794,-27.198824,5574,5575,6276,6277,6278,6279,6316,6321,6322
-48.27664,-27.734725,5575,5576,6275,6276
-63.749089,56.002724,5593,5594,5850,5851
-63.739291,55.870139,5594,5595,5760,5761,5762,5763,5764,5765,5766,5767,5850
-63.189912,19.5895,5597,5598,5609,5610,5611,5862,5863
-65.593485,18.926075,5597,5863,5864,9541,9542
-66.129625,19.068584,5597,5598,5599,5604,9542
-68.532003,21.32678,5598,5599,5610,9520,9521
-70.115061,21.869255,5599,5600,5601,5602,5603,5604,9520
-70.69329,22.004895,5600,5601,9519,9531,9532,9535,9580,9642,9643
-70.126609,21.992101,5600,9520,9521,9522,9531
-70.516672,21.841664,5602,5603,9517,9518
-63.982327,23.584629,5605,5606,5908,9523,9533,9534,9536
-70.411887,24.263458,5605,9532,9535,9536,9537
-70.427853,23.465892,5605,5606,5607,5608,5609,5611,9522,9531,9532
-64.814637,21.73487,5606,5607,5908,5909
-61.344405,20.395969,5607,5608,5860,5861,5909
-61.347036,19.875734,5608,5609,5861,5862
-69.05356,22.672279,5610,5611,9521,9522
-65.250008,1.508332,5612,5613,5620,9514
-63.459942,-0.538962,5615,5616,5932,5933,5938,5939
-63.471804,-0.138871,5616,5617,5933
-63.213938,1.062039,5617,5618,5933,5939,5940,5969,5970,5976,5977
-63.202065,1.193811,5618,5619,5969,9507,9508
-64.672577,1.935852,5619,5620,5621,5768,9507,9514,9515
-66.133508,38.5386,5622,5623,9553,9554,9555,9556,9564,9565
-69.600283,38.141906,5622
-67.997931,35.997102,5622,5623,5624,5625,5626,5627,5628,5629,9551,9552
-64.803429,37.873469,5623,5624,9554
-59.717925,36.933868,5624,5625,6050,6051,6052,6053,6055,6056,9554,9555
-58.930392,36.795618,5625,5626,5838,5839,6055
-65.351193,34.008868,5626,5627,5837,5838
-62.137287,46.661555,5631,5632,5785,5786
-62.140844,46.52695,5632,5633,5784,5785,5984
-62.124012,46.400255,5633,5634,5984,5994
-59.177389,46.404447,5634,5635,5993,5994,5995
-59.180945,46.266047,5635,5636,5979,5980,5992,5993
-62.122977,44.400522,5636,5637,5978,5979
-62.930749,43.718934,5637,5638,5775,5781,5782,5978
-65.86533,42.66868,5638,5639,5776,5777,5778,5782
-66.390112,42.674466,5639,5640,5641,5642,5776
-65.85024,4.673,5643,5644,5772,5773,9569,9570
-68.252091,5.335639,5643,9570,9571
-67.758299,6.271711,5643,5644,5645,5646,5655,5656,9571,9572
-65.335938,4.933468,5644,5645,5771,5772,5865
-61.567578,6.789485,5645,5646,5647,5865,5866,9498,9499
-61.416672,8.008332,5646,5647,5648,5649,5650,5651,5656,5657
-61.051339,7.043746,5647,5648,5996,6000,9497,9498
-59.981061,8.273753,5648,5649,5735,5736,5996
-60.25823,8.261232,5649,5650,5734,5735,9513
-61.076077,8.323285,5650,5651,5652,5670,5671,9513
-61.683336,8.175,5651,5652,5657
-65.607365,8.667091,5652,5653,5654,5655,5656,5657,5670
-61.068667,31.598928,5658,5659,5660,5661,5662,5664,5844,5845
-58.654039,31.209358,5659,5660,6001,6002,6003,6004,6005,6006,6007,6008
-59.995129,31.599219,5659,5843,5844,6001
-67.736587,63.467626,5665,5666,5676,5677,5678,5702,5703
-64.530839,61.863856,5666,5667,5701,5702
-60.509905,8.461537,5671,5672,5728,5734,9513
2.417248,83.730904,5684,5685,7613,7657,7658
4.277407,80.270594,5685,5686,7656,7657
4.253053,79.602113,5686,5687,7655,7656
5.352411,77.608704,5687,5688,5689,5690,5709,5710,5711,7654,7655
2.66566,74.524459,5688,5689,6387,6388,6389,6390,6391,6392,6407
6.11488,77.204109,5688,6387,7653,7654
-1.326292,72.264954,5689,5690,6386,6407,6408,6409,6410,6411,6417
-4.281041,70.918119,5690,5691,5710,6386
-20.526811,65.884037,5691,5692,5710,5711,6385
-4.252451,70.798485,5691,6385,6386,6406,6416,6417
-41.874673,58.674524,5692,5693,5694,5695,5696,5697,5698,5699,5700,5701,5702,5703,5704,5705,5706,5707,5708,5709,5711,6383,6384
-32.281488,59.995428,5692,6384,6385,6405,6406
-46.41035,56.404144,5693,5694,6013,6014,6066,6067
-46.130381,56.405456,5693,6067,6068,6383
-59.178396,55.99532,5694,5695,6012,6013
-59.457519,56.014229,5695,5696,5848,5849,6011,6012
-60.786006,58.39622,5696,5697,5724,5725,5847,5848
-59.770508,58.934122,5697,5698,5723,5724
-60.250699,60.009818,5698,5699,5722,5723
-55.191142,-48.813857,5715,5716,5718,5798,5799,5814
-56.789086,-49.065204,5716,5718,5719,5796,5797
-55.207862,-49.064602,5716,5797,5813,5814,5815,5816,5817,5818,5819
-61.054541,-49.872056,5717,5719,5795,5796
-62.952503,57.862462,5725,5726,5727,5846,5847
-60.250008,8.525,5728,5729,5733,5734,5735,5736,5737,5745
-60.683336,9.308332,5729,5730,5733
-58.883336,10.158332,5730,5731,5733,5745,5749
-58.516672,11.508332,5731,5732,5748,5749,5750
-63.950008,13.125,5732,5744,5747,5748
-59.710431,8.262237,5736,5737,5996,5997,5998,5999,6000
-58.655555,10.401112,5737,5738,5739,5745,5749,5750,5997,6057
-56.276559,13.735525,5738,5739,5889,6144,6145,6155,6156
-56.809029,12.407024,5738,6057,6058,6155
-58.098968,13.618492,5739,5746,5747,5748,5750,5889,5890,5915
-64.535876,14.397387,5740,5893,5910
-62.420961,13.603431,5740,5741,5742,5743,5746,5910,5911,5912,5913,5914,5915
-63.433755,41.872097,5751,5752,5774,5926,5927,5928,5931
-65.59318,41.328611,5751,5774,5775,5780,5781
-65.583367,41.058853,5751,5752,5753,5754,5755,5756,5757,5758,5759,5779,5780,9561
-61.858826,41.858494,5752,5753,5930,5931
-58.376201,42.391896,5753,5754,5929,5930
-57.33801,42.126937,5754,5755,5929,6088,6089
-57.884932,40.130572,5755,5756,6088
-57.874126,40.010572,5756,5757,6088,6089,6090,6093,9557,9558
-57.848291,39.870196,5757,5758,9558,9559
-64.001264,40.810961,5758,5759,9559,9560
-65.877004,39.993279,5759,9560,9561,9562,9563,9564,9565
-60.006564,55.062942,5761,5762,6009,6010
-60.011304,55.21076,5761,5849,5850,5851,6010,6011
-60.540664,55.072499,5762,5763,6009
-58.665447,54.129795,5763,5764,6009,6010,6011,6012,6013,6014,6015,6016,6017
-58.665507,53.479579,5764,5765,5789,5790,6017
-61.07763,53.591713,5765,5766,5789
-62.39374,53.068984,5766,5767,5788,5789,5790,5791,5792,5793
-63.516672,2.791664,5768,5769,9506,9507,9508,9509,9510
-66.125011,2.66877,5768,5769,5770,5771,5772,5773,9515,9516
-63.916672,3.525,5769,5770,9506
-62.321851,4.283826,5770,5771,5865,5866,9493,9506,9510
-66.660111,4.004734,5773,9516,9568,9569
-62.963478,43.598512,5774,5775,5926,5978,5979,5980,5981,5982,5983
-65.683336,42.225,5778,5779,5780,5781,5782
-58.400077,53.45564,5790,5791,6016,6017,6064
-54.926452,-48.135943,5799,5800,5801,5814,5815,6181
-47.726887,-48.672861,5800,5801,6179,6180
-55.216408,-47.459756,5800,6180,6181,6182,6183,6184,6185,6192
-47.737432,-48.78927,5801,5815,5816,6178,6179
-39.198433,-50.268052,5802,5803,6176,6177
-38.112967,-47.328256,5802,6177,6178,6179,6180,6192,6193,6194,6196
-42.380463,-48.92566,5802,5803,5816,5817,6178
-39.186709,-51.462235,5803,5804,5805,5806,5807,5808,5809,5817,5818,6176
-37.05014,-53.3403,5804,5805,6175,6190,6191
-37.0671,-52.949013,5804,6176,6177,6191,6195,6196
-39.741079,-53.863044,5805,5806,6174,6175,6995,6996
-40.514875,-53.871626,5806,5807,5948,6995
-41.612088,-53.99414,5807,5808,5947,5948,5949,5968,6374
-45.58425,-52.676699,5808,5809,6373,6374,6377
-49.863407,-53.064003,5809,5810,5818,5819,6372,6373
-58.931019,-52.799792,5810,5811,5812,5813,5819,5852,5853
-53.06794,-53.725264,5810,5853,5854,6371,6372
-63.176585,-4.269158,5823,5824,5833,5834,5916,5917,5918,5919,5920,5921,5922,5923,5924,5925
-58.133115,36.797425,5839,5840,6054,6055,6056
-58.167222,36.392598,5840,5841,6044,6054
-58.403431,34.145924,5841,5842,6044,6045,6046,6047,6048,6049
-59.203013,32.267369,5842,5843,6001,6002,6049
-54.135002,-55.724037,5854,5855,5944,5945,6371
-61.216672,18.458332,5856,5857,5858,5859,5860,5861,5862,5863,5864,9505
-65.593035,18.13611,5856,5864,9540,9541
-57.316062,19.869889,5857,5858,9488,9489,9524
-59.282836,17.699353,5857,5899,9489,9490,9504,9505
-57.322018,20.127675,5858,5859,9523,9524,9525,9526,9527,9528,9529,9530,9533
-59.720036,20.678,5859,5860,5908,5909,9523
-61.850008,4.508332,5866,9492,9493,9499,9500
-62.144525,-59.201798,5868,5869,5963,5964
-59.458665,-60.396823,5869,5870,5962,5963
-59.479463,-60.543297,5870,5871,5961,5962
-53.579056,-61.863481,5871,5872,5882,5883,5960,5961
-50.405926,-62.134493,5872,5873,5874,5875,5876,5877,5878,5879,5880,5881,5883,5958,5959
-50.405741,-61.858836,5872,5959,5960
-41.606185,-62.395363,5873,5874,5956,5957,6524,6525
-43.989401,-62.142313,5873,5957,5958
-44.287531,-64.662322,5874,5875,6524
-44.261529,-64.929684,5875,5876,6523,6524,6525,6526,6527,6528,6529,6530,6531,6532,6533,6534
-55.44549,16.672779,5886,5887,5888,5895,5896,5898,5901,5902
-55.993444,13.866808,5887,5888,6144,6145,6197
-53.602967,17.065783,5887,5902,5903,5904,5907,6197,6215,6219,6221,6222,6223
-56.26179,13.87466,5888,5889,5890,5891,5895,6144
-59.726602,14.255688,5890,5891,5914,5915
-58.942316,14.927465,5891,5895,5896,5913,5914
-63.463309,14.793551,5892,5893,5894,5897,5910,5911
-62.946211,14.403848,5892,5911,5912
-61.31782,15.34063,5892,5896,5897,5898,5912,5913
-59.739042,17.195882,5899,5905,5906,9503,9504
-58.116672,17.241664,5899,5905,9490,9491
-61.085893,17.193416,5900,5901,5902,5906,5907,9502,9503
-53.302746,17.670492,5903,5904,6212,6214,9487,9488,9489,9490,9491
-53.313498,17.468613,5903,6214,6215
-54.750008,17.108332,5904,5905,5906,5907,9491
-62.682289,-0.001702,5918,5919,5938,5939,5940,5942
-59.733829,0.536625,5919,5920,5937,5941,5942
-55.465945,0.400871,5920,5921,5936,5937
-54.921886,0.004769,5921,5922,5935,5936,6020
-60.000069,43.357408,5926,5927,5983
-55.488118,43.466904,5927,5928,5982,5983,6237
-55.739511,42.934436,5928,5929,5930,5931,6089,6090,6237,6244,6245
-54.93992,0.916204,5934,5935,5936,5937,5941,5971,6019
-57.067019,1.198862,5934,5970,5971,5972,5973,5974,5975,5977
-57.872713,1.054371,5934,5940,5941,5942,5970
-54.672332,0.94409,5935
-54.156079,-55.862179,5945,5946,6371,6372,6373,6376,6377
-51.224524,-56.001891,5946,5966,5967,6375,6376
-46.122163,-53.999995,5947,6374,6375,6376,6377
-46.126894,-54.131971,5947,5967,5968,6375
-40.527359,-54.26186,5948,5949,6995,6996,7016,7017
-31.436897,-57.337354,5949,5950,5951,5952,5953,5954,5955,5956,5957,5958,5959,5960,5961,5962,5963,5964,5965,5966,5967,5968,7016
-30.135826,-58.671722,5950,5951,7014,7015,7307
-30.654703,-57.337086,5950,7015,7016,7017,7018,7019,7024,7025
-30.936451,-60.274696,5951,5952,6794,6795,7307,7308,7309,7310,7311,7312,7319,7320
-32.541922,-61.467511,5952,5953,6793,6794
-33.334221,-61.724486,5953,5954,6527,6528,6793
-36.268873,-62.13838,5954,5955,6526,6527
-38.938976,-61.867835,5955,5956,6525,6526
-60.976495,2.489469,5969,5976,9484,9485,9486,9508,9509,9511,9512
-56.523383,1.866101,5971,5972,6018,6019,6032,6033
-57.3545,1.866626,5972,5973,6018
-58.638996,2.449854,5973,5974,6018,6030,6031,6032,9485,9486
-59.516672,2.125,5974,5975,9484,9485
-61.050008,2.375,5975,5976,5977,9484
-55.197587,44.269146,5980,5981,5991,5992,6238
-55.18123,43.467439,5981,5982,6237,6238,6239,6245
-52.787563,48.129701,5987,5988,6485,6486,6487,6488,6495,6496
-51.721236,46.917809,5988,5989,6494,6495,6514
-50.660832,46.531037,5989,5990,6514,6521
-51.19845,45.980701,5990,5991,5992,5993,5995,6367,6520,6521
-54.411871,44.537821,5991,6238,6239,6367,6368,6369,6370
-57.075539,9.994618,5997,5998,6057,6058,6059,6063
-56.56332,8.792215,5998,5999,6036,6037,6062,6063
-60.00304,6.670502,5999,6000,6036,9496,9497
-55.742315,33.069065,6002,6003,6048,6049
-53.338331,33.196805,6003,6004,6047,6048,6468
-53.313735,32.67387,6004,6005,6225,6226,6468,6469,6483,6484
-54.160035,30.92634,6005,6006,6225
-54.144471,30.388959,6006,6007,6224,6225,6226,6227,6228,6229,6230,6231,6232,6235,6236
-54.954596,30.409597,6007,6008,6224
-50.401474,55.597481,6014,6015,6065,6066
-58.403861,53.597278,6015,6016,6064,6065
-54.672331,0.94409,6019,6020,6021,6022,6023,6024,6033,6034
-53.346519,0.800559,6022,6023,6328,6450,6451
-53.856385,1.606794,6023,6024,6418,6451,6452
-53.59071,3.197337,6024,6025,6026,6027,6034,6035,6418
-50.412501,5.331189,6025,6026,6271,6272,6419
-51.739494,3.868614,6025,6418,6419,6420,6421,6452,6453
-50.672277,5.335695,6026,6027,6272,6273,6274
-54.676755,5.736785,6027,6028,6029,6030,6031,6035
-59.756362,3.730873,6028,6029,9494,9511,9512
-59.172545,4.392507,6028,6042,9494,9495,9496,9497,9498,9499,9500,9501
-59.990479,3.063497,6029,6030,9486,9511
-54.383336,4.025,6031,6032,6033,6034,6035
-58.959686,6.265621,6036,6037,6038,6039,6040,6041,6043,9495,9496
-54.394735,7.870751,6037,6038,6061,6062,6246
-55.192232,6.395682,6038,6039,6246,6252,6253
-53.628519,6.131206,6039,6040,6251,6252
-54.660927,5.866011,6040,6041,6251,6266
-54.676755,5.736784,6041,6042,6043,6266,6273
-58.155366,4.806063,6042,6043,9495
-54.912598,36.802053,6044,6045,6053,6054,6056,6254
-54.95839,36.265459,6045,6046,6254,6255,6256,6257,6259
-52.784354,33.195758,6046,6047,6258,6259,6468,6469
-55.977379,38.929736,6050,6051,6091,6092,9556,9557,9558,9559,9560,9565
-59.708763,37.061903,6050,9555,9556
-54.946084,38.932653,6051,6052,6091,6260,6264,6265
-53.581476,37.468417,6052,6053,6254,6255,6263,6264,6463
-52.276838,11.464408,6058,6059,6154,6155,6156,6157,6158,6159
-54.145358,9.875864,6059,6060,6061,6062,6063,6153,6154
-54.13284,7.872754,6060,6061,6246,6247,6248,6249,6250,6253
-53.069142,9.867061,6060,6152,6153,6247
-41.022639,57.598266,6068,6069,6382,6383,6384,6405
-38.651675,57.318894,6069,6070,6382
-32.527212,57.999451,6070,6071,6382,6405,6406,6415,6416
-30.664114,57.99401,6071,6072,6381,6404,6414,6415
-36.813526,56.399479,6072,6073,6076,6381
-38.14272,56.139809,6073,6076,6077,6379,6380
-36.796696,56.133221,6073,6380,6381,6403,6404
-41.322448,54.539053,6074,6378,6379,6380,6402,6403
-41.333874,54.670989,6074,6075,6077,6379
-50.658281,27.329267,6078,6079,6557,6558,6560
-50.656302,25.858993,6078,6553,6554,6555,6558,6559,9483
-52.807374,26.928484,6079,6080,6232,6233,6234,6236
-55.480327,27.339429,6080,6081,6082,6083,6084,6085,6087
-52.521887,40.806569,6090,6091,6092,6093,6243,6244,6260
-57.067147,40.006036,6092,6093,9557
-44.257237,-67.876496,6097,6098,6531,6532
-43.216291,-68.261948,6098,6099,6530,6531,6791
-42.672493,-69.075635,6099,6100,6791,6792,6812,6813
-37.332531,-70.792614,6100,6101,6811,6812
-36.800139,-71.199483,6101,6102,6810,6811
-37.589184,-72.658442,6102,6103,6124,6125,6809,6810
-38.67232,-73.465138,6103,6104,6124
-38.66608,-74.392866,6104,6105,6123,6124,6125,6126,6127,6128,6138,6139
-39.455459,-74.400851,6105,6106,6122,6123
-42.942289,-76.134604,6106,6107,6121,6122
-42.935703,-76.398928,6107,6108,6120,6121
-45.58796,-76.665102,6108,6112,6113,6114,6119,6120
-50.118612,-78.26166,6109,6110,6111,6113,6118,6119
-34.929191,-72.927638,6125,6126,6808,6809
-36.276321,-73.607089,6126,6127,6807,6808
-35.470431,-74.005629,6127,6128,6806,6807,7189
-35.45905,-76.663989,6128,6129,6139,6140,7189,7214
-24.540352,-79.472268,6129,6130,6131,6140,6141,7213
-33.322962,-76.671819,6129,7213,7214,7215,7216,7217,7218,7219,7220,7221,7225
-15.760227,-82.536645,6130,6131,7211,7212
-24.00521,-79.467376,6130,7212,7213,7224,7225
-11.714836,-84.2741,6131,6132,6133,6141,6142,7211
-6.933587,-85.476864,6132,6133,7210,7222,7223
-10.134915,-84.419322,6132,7211,7212,7223,7224
1.052506,-88.54143,6133,6134,6142,6143,7210
1.619854,-89.068971,6134,6135,6136,6137,6143,7208,7209
1.622565,-88.533678,6134,7209,7210,7222
4.533333,-90.0,6135,7207,7208
-51.99444,12.807405,6145,6156,6157,6197,6198,6199,6220,6222
-47.20379,13.736134,6146,6147,6148,6149,6150,6151,6152,6153,6154,6159,6200
-49.028482,14.6775,6146,6199,6200,6216,6220
-48.562455,14.267239,6146,6158,6159,6198,6199
-43.17085,13.187781,6147,6148,6773,6774,6780,6781,6782,6783,6784,6785,6786,6787,6788,6790
-43.224193,13.873288,6147,6200,6201,6202,6203,6204,6205,6216,6780
-44.259626,12.261465,6148,6149,6710,6773
-48.512089,8.403549,6149,6150,6267,6268,6710,6711,6715,6716,6717
-49.580888,8.271912,6150,6151,6248,6249,6267
-51.733158,10.007175,6151,6152,6247,6248
-50.112766,13.204155,6157,6158,6198
-36.285257,-45.333316,6162,6163,6544,7116
-36.279873,-45.60901,6163,6164,7116,7117,7118,7119,7126
-35.984404,-45.597443,6164,6165,7125,7126,7127
-34.394975,-46.928789,6165,6166,6186,6193,6194,7124,7125
-28.7784,-49.732565,6166,6194,6195,6196,7122,7123
-28.791026,-49.598396,6166,7123,7124
-28.276416,-46.655446,6167,6168,6169,6170,6171,6172,6187,6188,7120
-28.82219,-47.598491,6167,7120,7121,7122,7123,7124,7125,7127
-28.535601,-47.604892,6167,6187,7121
-23.728881,-45.606594,6168,6169,6307,6317,6318,6319,6324
-28.282796,-44.40648,6168,6308,6309,6318,7119,7120,7126,7127
-22.931283,-45.607888,6169,6170,6306,6307
-18.680354,-46.936014,6170,6171,6305,6306,6998,6999
-23.453144,-49.332124,6171,6172,6998
-23.473002,-49.465569,6172,6173,6188,6189,6998,6999,7000,7001,7002,7003,7019,7025,7026,7027,7028,7029
-37.34538,-53.721791,6173,6174,6175,6189,6190,6997
-30.137151,-51.733357,6173,6997,7018,7019
-37.326812,-53.859398,6174,6996,6997,7017,7018
-27.474341,-49.995126,6187,6188,6189,6190,6191,6195,7121,7122
-45.595633,15.738807,6201,6202,6502,6503
-41.312695,16.532841,6201,6501,6502,6780,6781
-45.592328,15.471417,6202,6203,6503,6504
-47.164573,16.137797,6203,6204,6504,6505
-48.522569,15.192379,6204,6205
-52.281706,15.468005,6205,6206,6216,6220,6222,6223
-48.796519,17.595944,6206,6221,6223,6669
-49.348284,16.935367,6206,6498,6669,6670,6671,6672,6676,6677
-44.256683,21.728568,6207,6208,6757
-41.330311,21.048637,6207,6670,6671,6756,6757
-44.267511,19.988896,6207,6208,6209,6210,6211,6217,6218,6219,6221,6669,6670
-45.054129,23.462202,6208,6209,6750,6751,6752,6753,6754,6755,6756,6757
-46.394818,23.339182,6209,6210
-50.651848,24.533778,6210,6211,6512,6513,9526,9527
-53.072345,21.996799,6211,6212,6213,6217,9487,9525,9526
-50.716672,18.675,6212,6213,6214,6215,6218,6219
-49.650008,20.991664,6213,6217,6218
-49.593337,30.798864,6226,6227,6482,6483
-49.585068,30.529925,6227,6228,6481,6482,6567
-50.145149,29.99657,6228,6229,6561,6567,6568,6569,6570,6571,6573
-50.956808,29.077191,6229,6230,6561,6562,6563,6566
-49.858474,27.992517,6230,6231,6556,6557,6565,6566
-50.65828,27.329267,6231,6232
-55.480327,27.33943,6233
-49.588806,44.133046,6239,6240,6241,6242,6243,6244,6245,6370,6581,6623,6624
-48.795146,43.724779,6240,6241,6680,6681
-48.267402,43.737168,6240,6622,6623,6681,6682,6692
-49.063589,43.331469,6241,6242,6680
-48.802477,42.13553,6242,6243,6260,6261,6265,6680,6681,6691,6692,6693,6694
-49.614661,7.867824,6249,6250,6267,6268,6269,6270,6271,6272,6274
-52.540646,6.136947,6250,6251,6252,6253,6266,6273,6274
-52.271821,36.794983,6255,6256,6463,6464,6465,6467
-49.586004,36.540431,6256,6257,6466,6467,6470,6471
-52.515372,34.00094,6257,6258,6259,6470
-51.193115,33.466227,6258,6469,6470,6471,6472,6473,6474,6475,6476,6484
-48.535522,41.193751,6261,6262,6263,6264,6265,6689,6690
-46.90887,41.45732,6261,6690,6691
-48.267483,38.79724,6262,6263,6463,6464,6687,6688
-47.972537,40.003236,6262,6688,6689
-47.488386,7.736577,6268,6269,6695,6696,6714,6715
-48.785605,6.411408,6269,6270,6695
-48.816779,5.868052,6270,6271,6419,6420,6695,6696,6704
-41.087873,-27.207487,6277,6278,6896,6897,6898,6899,6900,6923,6924
-36.275182,-29.197309,6278,6279,6895,6896
-36.251298,-29.333381,6279,6322,6323,6894,6895
1.854485,-28.264504,6280,6281,6892,6921,6922
-24.552849,-28.267842,6280,6893,6894,6895,6896,6922,6923
-29.898362,-30.141337,6280,6281,6282,6283,6284,6285,6286,6287,6288,6289,6290,6291,6292,6293,6294,6295,6296,6297,6298,6299,6300,6301,6302,6303,6304,6305,6306,6307,6317,6893
5.614989,-29.206893,6281,6282,6891,6892
5.607063,-29.32733,6282,6283,6891
8.517466,-29.339573,6283,6284,6890,6891,6892,6920,6921
11.192226,-30.133789,6284,6285,6889,6890
11.193945,-30.269675,6285,6286,6888,6889
32.531639,-31.332969,6286,6287,6887,6888
32.530971,-31.467016,6287,6288,6886,6887
41.857648,-32.278202,6288,6289,6885,6886,7821,8172
37.842093,-38.002575,6289,6290,7818,7819,8172,8175
36.264353,-38.795761,6290,6291,7679,7680,7818
31.18914,-39.062776,6291,6292,7678,7679
29.067255,-39.066876,6292,6293,7678
21.607029,-41.999736,6293,6294,7677,7678,7679,7680,7681,7682,7683,7684,7691,7692
17.064465,-41.998314,6294,6295,7677
17.085791,-42.126339,6295,6296,7676,7677,7690,7691
10.39827,-42.136499,6296,6297,7676
10.383109,-42.269744,6297,6298,7676,7689,7690
2.653982,-42.79411,6298,6299,7585,7586,7688,7689
1.880697,-42.79918,6299,6300,7584,7585
-0.532297,-44.262731,6300,6301,7444,7584
-6.402196,-46.26444,6301,6302,7443,7444,7445,7446,7447,7448,7449,7450
-11.999441,-46.387674,6302,6303,7443
-11.996305,-46.533035,6303,6304,7443,7450
-18.415257,-46.926211,6304,6305,6999,7000,7449,7450
-30.929973,-44.271308,6308,6309,6542,6543,7117,7118
-30.920264,-44.396783,6308,7118,7119
-28.27404,-43.46694,6309,6310,6318,6319,6542
-28.794527,-39.993394,6310,6319,6324,6325,6540,6541
-28.803832,-43.472864,6310,6541,6542,6543,6551,6552
-38.680211,-31.47347,6311,6312,6320,6326,6327,6537,6538
-35.485905,-34.792645,6311,6538,6539,6540,6541,6550,6551
-35.206219,-34.797106,6311,6320,6539
-44.28952,-27.996348,6312,6313,6321,6322,6323,6327,6535,6536
-44.269241,-28.268444,6312,6536,6537
-33.349729,-30.130064,6317,6323,6324,6325,6326,6327,6893,6894
-31.18371,-37.599185,6320,6325,6326,6539,6540
-50.399535,0.536981,6328,6329,6450
-48.533523,0.537968,6329,6330,6449,6450,6451,6452,6453,6454,6460,6461
-43.440195,-0.789978,6330,6331,6448,6449
-43.461534,-0.927487,6331,6332,6333,6334,6335,6336,6358,6359,6448
-36.250093,-1.592244,6332,6333,6459,6460,6461,6462
-40.266056,-1.075709,6332,6448,6449,6460
-33.334514,-2.545923,6333,6334,6447,6458,6459
-29.598449,-4.255689,6334,6335,6446,6447
-29.584794,-4.399947,6335,6336,6445,6446
-21.351434,-6.939098,6336,6337,6359,6360,6445
-19.461824,-8.400656,6337,6338,6360,6361,6444
-21.072735,-6.92937,6337,6444,6445,6446,6447,6457,6458
-12.795576,-11.193739,6338,6339,6340,6361,6362,6443
-18.940179,-8.404786,6338,6443,6444,6456,6457
-6.396939,-13.470675,6339,6340,6441,6442
-11.461335,-11.195997,6339,6442,6443,6455,6456
-6.393389,-13.738233,6340,6341,6342,6343,6344,6345,6346,6347,6348,6349,6350,6362,6363,6440,6441
-1.324913,-15.345272,6341,6342,6438,6439
-5.617823,-13.730834,6341,6439,6440
-0.269364,-15.868604,6342,6343,6437,6438,6842,6843,6844,6925,6926
-5.848986,-18.401376,6343,6344,6842
-5.842484,-18.533089,6344,6345,6841,6842,6900,6924,6925
-11.456564,-18.946481,6345,6346,6841
-49.866399,45.735084,6367,6368,6519,6520,6639
-49.860432,45.33712,6368,6369,6639,6640,6641,6661,6662
-49.343392,45.208507,6369,6370,6581,6660,6661
6.386408,77.187719,6387,6388,7653,7704,7705,7707
9.90675,73.464023,6388,6389,7706,7707
9.877844,72.928121,6389,6390,6591,6592,7706,7731
2.952596,69.999611,6390,6391,6590,6591
2.691108,69.997564,6391,6392,6589,6590
0.001666,67.741467,6392,6393,6407,6408,6589
-0.523256,67.601609,6393,6394,6395,6408,6409,6587,6588
0.006305,67.600932,6393,6588,6589,6590,6591,6592,6593,6594,6595,6596,6628
-3.984155,66.27531,6394,6395,6650,6651
-3.998663,66.120177,6394,6587,6651,6652,6653,6654,6655,6656,6657,6658,6665
-9.583662,66.270777,6395,6409,6410,6649,6650
-23.208867,59.729441,6396,6411,6412,6413,6414,6415,6416,6417,6646,6647
-22.924738,59.732255,6396,6647,6648
-15.200874,64.272313,6396,6410,6411,6648,6649
-33.321757,53.329896,6397,6398,6412,6413,6645
-27.994024,54.663273,6397,6645,6646,6647,6648,6649,6650,6651,6665,6666,6668
-27.212452,56.000298,6397,6412,6646
-40.563239,51.871808,6398,6399,6400,6401,6402,6403,6404,6413,6414,6643,6644
-34.370783,52.661403,6398,6644,6645,6664,6667,6668
-52.791613,48.538398,6399,6400,6487,6488
-42.922247,50.401862,6399,6488,6496,6497,6642,6643
-46.117262,6.279011,6420,6421,6703,6704,6705,6706
-45.596606,6.263311,6421,6422,6423,6424,6425,6426,6427,6428,6429,6430,6431,6432,6433,6453,6454,6702,6703
-43.194038,7.601637,6422,6423,6814,6815,6816,6821
-43.188574,8.138456,6422,6701,6702,6814
-41.87087,7.334522,6423,6424,6820,6821,6934
-40.521442,7.053976,6424,6425,6934,6935,6936,6937,6938,6939,6958
-38.650518,6.131258,6425,6426,6957,6958,6959,6960,6961,6964
-35.722826,4.264885,6426,6427,6957
-31.185332,2.393763,6427,6428,6956,6957,6963,6964
-29.051878,1.327669,6428,6429,6955,6956
-29.071931,1.207187,6429,6430,6955
-25.098432,-0.127108,6430,6431,6954,6955,6956,6962,6963
-25.066485,-0.674204,6431,6432,6953,6954
-22.676867,-2.263998,6432,6433,6952,6953
-19.196785,-4.002495,6433,6434,6435,6454,6461,6462,6952
-16.514229,-5.85994,6434,6435,6950,6951
-18.918856,-4.009162,6434,6951,6952,6953,6954,6962
-16.513319,-6.539972,6435,6455,6456,6457,6458,6459,6462,6949,6950
-0.275814,-14.938351,6436,6437,6843,6946,6947
-2.92461,-13.054969,6436,6947,6948
-3.483526,-13.058345,6436,6437,6438,6439,6440,6441,6442,6455,6948,6949
-46.66694,38.658585,6464,6465,6686,6687,6740
-46.939166,37.859314,6465,6466,6467,6707,6708,6740,6741,6742
-48.786418,36.408311,6466,6471,6472,6707
-47.73256,35.865619,6472,6473,6707,6708,6709,6735
-46.694066,35.474138,6473,6474,6735,6736,6737,6738,6739
-45.082424,33.998858,6474,6475,6739,6762,6763
-45.883138,32.809241,6475,6476,6762
-45.873481,32.66736,6476,6477,6478,6479,6480,6481,6482,6483,6484,6762,6763,6766,6767
-42.649796,31.331109,6477,6478,6822
-42.395191,32.275253,6477,6765,6766,6822,6823
-42.661966,31.193787,6478,6479,6569,6570,6822,6823,6824,6825,6826,6827,6828
-43.740611,31.608152,6479,6480,6568,6569
-47.459553,31.603819,6480,6481,6567,6568
-36.804258,51.995738,6489,6490,6664,6667
-38.66055,51.740072,6489,6642,6643,6644,6664
-38.687342,51.465298,6489,6490,6491,6492,6493,6497,6642
-34.393821,51.460382,6490,6491,6663,6666,6667,6668
-41.309128,48.392426,6491,6492,6516,6517,6641,6662,6663
-43.196164,48.405304,6492,6493,6515,6516
-46.13161,47.465601,6493,6494,6495,6496,6497,6515
-46.143965,47.191281,6494,6514,6515,6516,6517,6518,6519,6520,6521
-48.005418,16.931703,6498,6499,6500,6501,6502,6503,6504,6505,6506,6676
-52.281706,15.468006,6498,6506
-45.326772,18.005449,6499,6500,6675,6678,6679
-48.0077,17.4713,6499,6676,6677,6679
-40.525591,16.918261,6500,6501,6674,6675,6781,6782
-48.522569,15.192378,6505,6506
-49.328037,25.319504,6507,6508,6553,6554,6574,6575,6576,6579,6580
-50.655429,25.210837,6507,6553,9482,9483
-51.992369,24.946618,6507,6508,6509,6513,9482,9527,9528
-50.125815,25.061245,6508,6509,6578,6579
-48.56173,25.061676,6509,6510,6511,6512,6513,6578
-44.808953,24.65219,6510,6511,6577,6750,6751
-48.524947,25.330938,6510,6577,6578,6579,6580
-46.394817,23.339182,6511,6512,6750
-49.591853,45.593821,6517,6518,6640,6641
-49.596694,45.734112,6518,6519,6639,6640
-39.199964,-66.655523,6528,6529,6792,6793,6794,6795,6796,6797,6798,6799,6800,6813
-42.659513,-68.259983,6529,6530,6791,6792
-36.259107,-45.201803,6543,6544,6545,6552,7116,7117
-46.12456,26.54379,6554,6555,6574,6743,6744,6745,6746,6747,6749
-46.657212,27.460397,6555,6556,6557,6559,6560,6564,6743
-47.993238,28.012039,6556,6564,6565
-49.716672,26.241664,6558,6559,6560
-48.790585,29.740818,6561,6562,6572,6573
-48.792044,29.469189,6562,6563,6572
-45.077991,30.132331,6563,6564,6565,6566,6571,6572,6573,6743,6744
-42.927048,30.528908,6570,6571,6744,6745,6828
-43.449594,26.515767,6574,6575,6748,6749
-41.333818,25.855421,6575,6576,6748,6965,6969,6970
-41.862111,25.60098,6576,6577,6580,6751,6752,6969
-45.838355,44.933918,6581,6624,6625,6659,6660
-30.121549,51.601637,6582,6583,6657,6658
-37.596972,49.063702,6582,6658,6659,6660,6661,6662,6663,6665,6666
-37.58915,48.938983,6582,6583,6625,6626,6659
-29.864107,51.585249,6583,6584,6585,6626,6627,6656,6657
-11.986385,59.602208,6584,6585,6654,6655
-20.538589,56.532049,6584,6655,6656
-11.725978,59.608331,6585,6586,6627,6637,6638,6653,6654
-4.278508,63.328704,6586,6587,6588,6628,6629,6630,6631,6632,6633,6634,6635,6636,6638,6652
-4.539802,63.33836,6586,6652,6653
9.876226,72.524946,6592,6593,7731,7732,7733,7742
10.407592,72.528472,6593,6594,7741,7742,7743,7744,7745,7746
13.362854,68.526964,6594,6595,7740,7741
13.355029,68.257843,6595,6596,7739,7740
14.672092,67.055647,6596,6597,6598,6599,6600,6601,6602,6603,6604,6628,6629,7739
21.873544,64.260182,6597,6598,7738,7745,7746
15.22835,67.060388,6597,7739,7740,7741,7746
26.925927,60.52294,6598,6599,7381,7382,7737,7738
19.741549,57.332418,6599,6600,7380,7381
16.539475,55.734344,6600,6601,7380
16.550663,55.462408,6601,6602,7379,7380,7381,7382,7383,7384,7385,7386,7387,7388,7389,7390,7391,7400
10.438519,53.345679,6602,6603,7378,7379
9.854392,53.332044,6603,6604,7377,7378
5.581409,51.595309,6604,6605,6629,6630,7377
-0.543803,50.80145,6605,6630,6631,7375,7376
5.592071,51.461088,6605,7376,7377,7378,7379,7399,7400,7401,7402,7403,7404
-21.34248,42.676084,6606,6607,7039,7104
-21.077119,42.677424,6606,7104,7105,7374,7397,7398
-20.544114,43.071274,6606,6607,6608,6609,6610,6611,6612,6613,6614,6615,6616,6617,6618,6633,6634,7374
-25.594449,40.802558,6607,6608,7038,7039,7040,7041,7044
-33.875568,39.875512,6608,6609,7037,7038
-39.735419,39.725629,6609,6610,6768,6769,7037
-43.195452,40.921243,6610,6611,6684,6685,6768
-43.216049,41.208477,6611,6612,6684,6728
-43.215039,41.725967,6612,6613,6727,6728,6729,6730,6731,6732,6733,6734
-41.086155,42.39941,6613,6614,6726,6727
-36.787734,44.258956,6614,6615,6726
-36.805593,44.529261,6615,6616,6725,6726,6727,6734
-32.791728,46.13462,6616,6617,6724,6725
-32.014839,46.131574,6617,6618,6724
-30.684215,47.334514,6618,6634,6635,6723,6724,6725,6733,6734
-38.671796,45.209112,6619,6620,6720,6721
-34.395655,45.890094,6619,6721,6722,6723,6732,6733
-34.412561,46.148736,6619,6620,6636,6637,6638,6722
-40.540734,45.59194,6620,6621,6622,6623,6624,6625,6626,6627,6637,6720
-47.987347,43.471243,6621,6622,6682,6718,6719
-44.532896,44.003955,6621,6719,6720,6721,6731,6732
-3.994866,49.603398,6631,6632,7375
-15.24076,45.602956,6632,6633,7374,7375,7376,7398,7399
-31.471472,47.338473,6635,6636,6722,6723
-41.086925,21.06132,6671,6672,6755,6756,6982
-41.054486,20.267467,6672,6673,6677,6678,6679,6982,6992,6993
-40.01175,18.005832,6673,6674,6675,6678,6990,6991
-38.381178,18.925991,6673,6991,6992
-39.456413,17.730681,6674,6782,6783,6989,6990
-48.264437,43.464497,6682,6692,6693,6718
-44.539792,41.210607,6683,6684,6685,6686,6687,6688,6689,6690,6691,6694,6728,6729
-44.541811,41.325045,6683,6729,6730
-48.260011,43.198566,6683,6693,6694,6718,6719,6730,6731
-44.797605,39.731449,6685,6686,6740,6741,6768,6769,6770,6771,6772
-46.134275,7.741826,6696,6697,6704,6705,6714
-43.189641,9.082369,6697,6698,6705,6706,6713
-45.06098,8.666052,6697,6713,6714,6715,6717
-41.080731,10.796729,6698,6699,6700,6701,6702,6703,6706,6712
-43.186656,10.121578,6698,6712,6713,6716,6717
-39.224646,10.665561,6699,6700,6778,6779,6829
-40.803549,11.207153,6699,6711,6712,6716,6779
-42.67372,8.385211,6700,6701,6814,6815,6829,6836,6837
-44.281708,37.47599,6708,6709,6742,6758
-46.078489,36.136012,6709,6735,6736,6758,6759,6760,6761
-41.342954,11.594052,6710,6711,6773,6774,6775,6776,6777,6778,6779
-43.990191,35.602493,6736,6737,6761
-40.778399,35.473776,6737,6738,6760,6761,6972,6973
-41.338732,33.870557,6738,6739,6763,6764,6767,6972
-42.12011,37.729001,6741,6742,6758,6759,6772
-39.747306,28.93559,6745,6746,6827,6828,7030
-39.447043,28.666077,6746,6747,6965,6966,6967,6968,6970,7030,7031,7032,7033,7036
-40.526832,27.469414,6747,6748,6749,6965
-39.211892,24.410422,6752,6753,6968,6969,6970,7045,7046,7047,7048,7049,7050,7051,7052
-36.786097,23.342253,6753,6754,6983,7052
-36.827746,22.93288,6754,6755,6982,6983,6993,6994
-39.751589,37.069102,6759,6760,6771,6772,6973,6974
-41.888568,33.592516,6764,6765,6766,6767,6971
-41.325004,33.593992,6764,6971,6972,6973,6974,6975,6976,6977,6978,6980,6981
-41.870007,32.815798,6765,6823,6824,6971,6980
-39.719712,38.265464,6769,6770,7037,7038,7043,7044
-38.408772,37.465352,6770,6771,6974,6975,7042,7043
-39.745384,13.206848,6774,6775,6789,6790
-37.074616,13.196009,6775,6776,6789,7053
-36.78188,12.272815,6776,6777,6830,7053,7054,7055,7056,7070
-37.343605,11.071158,6777,6778,6829,6830,6831,6832,6833,6834,6837
-38.396403,17.740777,6783,6784,6988,6989
-36.809307,17.056701,6784,6785,6987,6988
-34.65898,17.3252,6785,6786,6987,7092,7093,7099,7100
-36.789637,14.538466,6786,6787,7092
-36.80956,14.257973,6787,6788,7072,7092,7099
-36.283844,13.992264,6788,6789,6790,7053,7054,7072,7073,7086,7087
-27.47143,-61.860558,6795,6796,7318,7319
-27.467729,-62.134794,6796,6797,7317,7318
-22.661448,-63.595121,6797,6798,7317
-22.1593,-63.592761,6798,6799,7316,7317,7318,7319,7320
-20.526484,-65.733347,6799,6800,7315,7316
-22.145505,-67.059761,6800,6801,6802,6803,6804,6805,6806,6807,6808,6809,6810,6811,6812,6813,7314,7315
-22.937357,-69.616535,6801,6802,7191,7192,7193,7194,7195,7196,7197,7198,7199,7216,7217
-21.872549,-67.060862,6801,7192,7313,7314
-23.985645,-69.597372,6802,6803,7191
-26.148664,-71.467239,6803,6804,7190,7191,7215,7216
-26.636682,-71.467732,6804,6805,7190
-30.140239,-73.998786,6805,6806,7189,7190,7214,7215
-41.575321,8.389867,6815,6816,6835,6836
-38.147856,9.3272,6816,6817,6818,6819,6820,6821,6835
-36.53564,9.467395,6817,6818,6833,6834
-38.126437,9.468842,6817,6834,6835,6836,6837
-34.947282,8.932203,6818,6819,6832,6833,7229,7230
-34.933353,8.797863,6819,6820,6934,6935,7229
-39.178787,32.809175,6824,6825,6979,6980,6981
-36.245104,31.31509,6825,6826,6979,7031,7032
-39.475238,28.930328,6826,6827,7030,7031
-35.723474,12.268672,6830,6831,7069,7070,7071
-34.116149,11.336616,6831,6832,7068,7069,7230,7231
2.416312,-12.408387,6843,6844,6945,6946
2.942441,-12.391698,6844,6845,6901,6902,6903,6904,6905,6906,6907,6926,6931,6932,6944,6945
7.479631,-5.592021,6845,6846,6847,6848,6849,6901,7236,7237
4.016888,-9.337252,6845,6943,6944,7237,7238
9.877569,-0.931459,6846,6847,7058,7059
7.446095,-4.918194,6846,7059,7060,7236
10.914926,0.001206,6847,6848,7058,7081,7082
15.461642,5.200588,6848,6849,7080,7081,7273,7274
20.261604,9.60789,6849,6850,6901,6902,7272,7273
22.677057,11.599403,6850,6851,6852,6902,6903,7270,7271
20.277734,9.990489,6850,7271,7272
24.543214,12.938192,6851,6852,7268,7269
22.649062,12.009752,6851,7269,7270
25.064653,12.935346,6852,6853,6854,6903,6904,7267,7268
36.001429,9.59026,6853,6854,8032,8033
25.882553,14.397854,6853,7266,7267,8011,8033,8034
35.993652,9.461308,6854,6855,6904,6905,8032
44.513253,6.129287,6855,6856,6857,6905,6906,8031
41.073793,7.86736,6855,8031,8032,8033,8034,8035,8036,8037,8038,8039,8040,8041,8044
45.045716,5.873627,6856,6857,8029,8030
45.054374,6.14145,6856,8030,8031,8043,8044
49.873318,3.453387,6857,6858,6906,6907,8029
55.474467,0.668214,6858,6859,6860,6907,6927,6928,6932,6933,8028
50.132172,3.472412,6858,8028,8029,8030,8042,8043
61.347126,-2.133112,6859,6860,8026,8027
56.02135,0.672767,6859,8027,8028,8042
61.304157,-2.262902,6860,6908,6909,6910,6927,8026
69.063985,-2.001063,6861,6862,8521,8522
65.074929,1.743117,6861,8024,8025,8470,8471,8472,8473,8474,8475,8522,8523
64.805563,-1.069079,6861,6862,6863,6908,8025,8026,8027,8041,8042,8043,8044
69.063884,-2.147706,6862,6863,8392,8393,8394,8395,8396,8397,8400,8521
61.831419,-3.993287,6863,6908,6909,8386,8387,8389,8391,8399,8400
56.241095,-0.925103,6864,6910,6927,6928,8383,8384
56.287335,-1.075347,6864,8384,8385
59.219044,-2.534332,6864,6909,6910,8385,8386
59.737231,-4.80154,6865,6866,8387,8390,8391
59.208604,-3.853285,6865,8387,8388,8389
58.928706,-3.876253,6865,6866,6867,6868,6869,6870,6871,6911,8388
57.855052,-5.852736,6866,6867,8373,8374,8390
55.183444,-7.2029,6867,6868,8372,8373
53.322533,-8.406722,6868,6869,7783,7784,8372
52.262911,-8.38835,6869,6870,7782,7783
48.266472,-10.270928,6870,6871,7781,7782
47.469186,-10.409319,6871,6872,6873,6911,6912,7781
43.486098,-11.468491,6872,6873,7779,7780
45.878961,-11.47086,6872,7780,7781,7782,7783,7784,7809,7816,7817
37.88094,-12.672462,6873,6874,6912,6913,7779
35.468846,-12.798798,6874,6913,6914,7777,7778
37.870509,-12.792362,6874,7778,7779,7780,7808,7809
27.206986,-13.594295,6875,6876,7775,7776
30.118864,-13.467716,6875,7776,7777,7778,7807,7808
30.142248,-13.326383,6875,6876,6877,6878,6914,6915,7777
27.181503,-13.453089,6876,6877,7774,7775
22.651422,-13.454937,6877,6878,7773,7774
20.531755,-13.202097,6878,6915,6929,6930,6931,6932,6933,7773
36.273948,-18.403694,6879,6880,6881,6882,6916,6917,7805
31.198982,-15.743449,6879,7805,7806,7807,7808,7809,7816
30.404412,-15.725518,6879,6916,7806
39.470094,-21.4679,6880,6881,7803,7804
36.822994,-18.39244,6880,7804,7805,7815,7816,7817
39.454804,-21.865993,6881,6882,7802,7803
41.581689,-25.060574,6882,6883,6917,6918,7801,7802
35.747283,-27.06273,6883,6918,6919,8167
42.120412,-25.467172,6883,7800,7801,8167,8168
41.877837,-31.607277,6884,6885,7821,7822,8197,8198
41.879964,-31.336577,6884,8170,8171,8176,8177,8198,8199
41.604812,-31.348394,6884,6885,6886,6887,6888,6889,6890,6920,8171
54.924409,-1.192799,6911,6912,6913,6914,6915,6929,8383,8384,8385,8386,8388,8389
21.58574,-14.000621,6916,6917,6918,6919,6930,7773,7774,7775,7776,7806,7807
35.750235,-27.862513,6919,6920,6921,6922,6923,6924,6925,6926,6930,6931,8167,8168,8169,8170,8171
54.931674,-0.940825,6928,6929,6933,8383
-34.397926,8.394207,6935,6936,7229,7230,7231,7232,7247
-33.873987,8.405241,6936,6937,7247,7248,7249,7250,7252
-27.200488,5.074213,6937,6938,7246,7251,7252
-20.802854,1.336732,6938,6939,7245,7246
-20.802554,1.18701,6939,6940,6941,6958,6959,7245
-17.600666,-0.401564,6940,6941,7243,7244
-20.26255,1.199096,6940,7244,7245,7246,7251
-14.67107,-2.799946,6941,6959,6960,7242,7243
-0.248937,-8.793956,6942,6943,6944,6945,6946,6947,6948,6949,6950,6951,6961,6962,6963,6964,7239,7240
-8.802916,-4.800238,6942,7240,7241
-9.592242,-4.78396,6942,6960,6961,7241,7242
1.631156,-8.786816,6943,7238,7239
-35.183464,27.873225,6966,6967,7034,7035,7045,7046
-34.411703,28.136999,6966,7035,7036
-36.265641,27.727921,6967,6968,7045
-36.777413,36.134462,6975,6976,7042,7101
-35.993721,34.655826,6976,6977,7101,7102,7103,7112,7113,7128,7129
-36.010636,33.199958,6977,6978,7128
-35.19549,31.46952,6978,6979,6981,7032,7033,7128,7129,7130,7168,7169
-34.122428,23.343089,6983,6984,6985,6986,6994,7051,7052
-32.519314,21.731592,6984,6985,7094,7289,7303,7304
-31.478237,24.265631,6984,7050,7051,7289
-32.531885,21.070316,6985,6986,7093,7094,7095,7096,7097,7098,7100
-35.473516,19.070335,6986,6987,6988,6989,6990,6991,6992,6993,6994,7093
-7.204606,-48.537272,7000,7001,7448,7449
1.858261,-48.27384,7001,7002,7447,7448,7665
2.119523,-49.326621,7002,7003,7665,7666,7667,7668,7669,7670,7671,7672,7673,7675
5.590875,-53.071851,7003,7004,7005,7006,7020,7021,7026,7674,7675
3.74541,-54.938602,7004,7005,7514,7515,7693
5.319643,-54.795452,7004,7674,7693,7694
-1.333678,-56.007158,7005,7006,7513,7514
-2.403951,-55.861567,7006,7007,7020,7512,7513
-9.333531,-52.538814,7007,7008,7009,7020,7021,7325,7326
-3.460827,-56.395261,7007,7326,7327,7512
-12.521922,-51.579357,7008,7009,7323,7324
-10.162386,-52.543507,7008,7324,7325
-12.547856,-51.324794,7009,7021,7026,7027,7322,7323
-10.677528,-62.119536,7010,7011,7407,7408,7451,7478,7479,7480,7481,7482,7483,7484,7486
-10.656236,-59.860937,7010,7329,7478
-22.649832,-55.453875,7010,7011,7012,7022,7023,7024,7025,7029,7321,7322,7323,7324,7325,7326,7327,7328,7329
-14.153904,-62.811186,7011,7012,7406,7407
-16.525885,-62.92579,7012,7013,7022,7311,7312,7405,7406
-21.841495,-60.939557,7013,7022,7023,7309,7310
-21.863005,-61.188079,7013,7310,7311
-28.798632,-59.594155,7014,7307,7308
-28.252538,-59.613869,7014,7015,7023,7024,7308,7309
-18.40451,-52.527129,7027,7028,7321,7322
-19.995303,-53.322106,7028,7029,7321
-33.040964,28.000715,7033,7034,7035,7036,7167,7168,7284,7285
-33.058425,27.856957,7034,7046,7047,7284
-25.617019,40.003838,7039,7040,7103,7104,7105,7106,7107,7113,7114,7115
-26.928261,39.992446,7040,7041,7102,7103
-33.875522,37.479725,7041,7042,7043,7044,7101,7102
-33.049063,26.925332,7047,7048,7284,7285,7286,7287,7288
-31.208587,25.600113,7048,7049,7288,7290
-31.222128,24.261437,7049,7050,7289,7290,7291,7292,7293,7294,7295,7296,7297,7298,7299,7300,7304,7305,7306
-35.184107,13.728527,7054,7055,7086,7226
-34.673477,13.466193,7055,7056,7226,7227,7228
-27.455694,13.602087,7056,7057,7070,7071,7084,7085,7228
-9.06572,7.078584,7057,7058,7059,7060,7061,7062,7063,7064,7065,7066,7067,7068,7069,7071,7082,7083
-20.778779,11.721841,7057,7083,7084
0.264006,-2.914917,7060,7061,7235,7236,7237,7238,7239,7240,7241,7242,7243,7244,7250,7251,7252
-9.592815,1.853503,7061,7062,7235
-9.860131,1.862068,7062,7063,7234,7235,7249,7250
-10.936088,2.795605,7063,7064,7233,7234
-13.321603,3.724464,7064,7065,7233
-17.874377,5.19741,7065,7066,7233,7234,7248,7249
-28.263941,10.138053,7066,7067,7232,7247,7248
-28.275992,10.27402,7067,7068,7231,7232
-34.937321,15.327102,7072,7073,7098,7099,7100
-34.13136,15.342461,7073,7074,7075,7087,7090,7091,7097,7098
-26.388841,14.279329,7074,7075,7279,7280
-33.564005,16.670918,7074,7096,7097,7280,7281
-21.597004,13.05528,7075,7076,7077,7078,7088,7089,7091,7279
-15.488941,12.662229,7076,7077,7278,7282,7283
-18.141081,13.06691,7076,7279,7280,7281,7283
-5.853302,9.462406,7077,7078,7277,7278
-5.864478,9.325749,7078,7079,7088,7276,7277
-2.396539,8.393516,7079,7080,7081,7082,7083,7084,7085,7088,7089,7275
-2.387685,8.528556,7079,7275,7276
10.920393,6.542841,7080,7274,7275,7276,7277,7278,7282
-32.78022,15.073719,7085,7089,7090,7091,7227,7228
-34.662364,14.400877,7086,7087,7090,7226,7227
-31.48527,20.264027,7094,7095,7253,7302,7303
-31.504172,19.190313,7095,7096,7253,7254,7255,7256,7257,7258,7259,7260,7261,7262,7263,7264,7265,7266,7267,7268,7269,7270,7271,7272,7273,7274,7281,7282,7283
-20.52413,42.665124,7105,7106,7397
-15.990502,44.801901,7106,7107,7396,7397,7398,7399,7404
-6.654352,44.789602,7107,7108,7109,7110,7114,7395,7396
-11.983186,42.796367,7108,7109,7133,7134
-5.640543,43.994081,7108,7134,7135,7394,7395
-12.800039,42.805604,7109,7110,7132,7133
-20.797794,40.539811,7110,7114,7115,7131,7132
-30.666363,35.989488,7111,7112,7129,7130
-26.398582,37.450772,7111,7130,7131,7132,7133,7134,7135,7136,7137,7138,7139,7140,7141,7142,7169,7170
-26.383994,37.597231,7111,7112,7113,7115,7131
-5.073614,44.003392,7135,7136,7394,7487
-3.453764,43.200825,7136,7137,7487,7488,7507,7508
-3.455958,42.937876,7137,7138,7506,7507
6.691971,42.930526,7138,7139,7505,7506
13.863411,43.73987,7139,7140,7504,7505
20.274846,44.676183,7140,7141,7503,7504
23.453713,44.803168,7141,7142,7502,7503
27.991652,44.012728,7142,7170,7171,7501,7502
30.135655,57.601114,7143,7144,7496,7497,8097,8098
32.784687,55.202297,7143,7497,7498,7499,7500,7501,7502,7503,7504,7505,7506,7507,7508,7509,7510,7511
33.067515,55.206665,7143,7144,7172,7173,7182,7498
31.45278,58.257322,7144,7145,7172,7645,8096,8097
32.012562,57.734049,7145,7146,7147,7172,7173,7643,7644
32.012929,58.268543,7145,7644,7645,7646,7647,7659,7660
37.071151,54.27572,7146,7147,7641,7642
37.044355,54.530454,7146,7642,7643
40.279879,51.725056,7147,7148,7149,7173,7182,7183,7640,7641
46.38514,48.392741,7148,7149,8256,8279
44.801385,49.600786,7148,7640,8206,8207,8208,8256,8257
46.676871,46.802946,7149,7150,7183,7184,8279,8280,8344,8345
48.259742,43.059239,7150,7174,7175,7176,7177,7178,7184,7186,7187,7188,8342,8343
48.275756,43.600778,7150,8343,8344
49.874841,39.999031,7151,7152,8340,8341
49.868337,41.193709,7151,8341,8342,8343,8344,8345,8346,8347,8348,8349,8350,8369,8370
49.349222,41.205381,7151,7152,7153,7154,7155,7156,7174,8342
50.68106,38.129316,7152,7153,8107,8340
46.397663,34.40277,7153,7154,7341,8106,8107,8108,8109,8110,8111,8112,8113,8114,8148,8149
42.954054,33.3397,7154,7155,7341,7342,7343,7344,7345,7346,7367,7368
38.649603,33.338186,7155,7156,7340,7366,7367
36.80622,33.996581,7156,7157,7174,7175,7340
32.00849,33.737743,7157,7158,7159,7175,7176,7339
36.802258,33.727684,7157,7339,7340,7365,7366
29.86698,33.47275,7158,7159,7337,7338
32.020847,33.471195,7158,7338,7339,7364,7365
23.983649,34.660747,7159,7176,7177,7336,7337
8.232892,31.856772,7160,7161,7334,7335
13.337222,32.409808,7160,7335,7336,7337,7338,7364
23.198501,34.669059,7160,7161,7177,7178,7336
4.009268,31.872122,7161,7178,7185,7187,7333,7334
-7.736657,28.544938,7162,7163,7179,7180,7331
-1.064036,29.322485,7162,7331,7332,7333,7334,7335,7364,7365,7366,7367,7368,7369,7370,7371,7373
-1.064594,29.458264,7162,7179,7332
-15.22088,28.392459,7163,7164,7165,7166,7167,7168,7169,7170,7171,7180,7181,7330
-7.732982,28.40801,7163,7330,7331,7363,7372,7373
-22.145324,27.608065,7164,7165,7292,7293,7362
-15.206431,28.130157,7164,7330,7362,7363
-22.66589,27.598124,7165,7166,7286,7287,7291,7292
-31.204704,27.736041,7166,7167,7285,7286
37.346494,46.661958,7171,7181,7185,7187,7188,7500,7501
1.609121,30.938691,7179,7180,7181,7185,7332,7333
41.05629,51.065744,7182,7183,7184,7186,7498,7499
41.048674,48.399809,7186,7188,7499,7500
-16.791398,-65.728378,7192,7193,7313,7405,7406,7407,7408,7409,7410,7411,7412,7432,7433
-18.118761,-67.065239,7193,7194,7432
-17.589252,-67.065272,7194,7195,7431,7432,7433,7434,7435,7436,7441
-12.018203,-69.455887,7195,7196,7430,7431
-12.009732,-69.600082,7196,7197,7430
-7.454713,-70.531477,7197,7198,7429,7430,7431,7440,7441,7442
2.384634,-75.336807,7198,7199,7428,7429
4.010741,-76.401145,7199,7200,7217,7218,7428
10.398526,-77.996493,7200,7201,7202,7203,7218,7219,7427
4.811507,-76.402792,7200,7427,7428,7429,7440
13.854326,-79.467201,7201,7202,7426
10.935072,-77.994984,7201,7426,7427,7439,7440,7442
20.256122,-82.527969,7202,7203,7425,7426,7438,7439
20.265177,-83.198686,7203,7204,7219,7220,7424,7425
25.862774,-86.000215,7204,7205,7220,7221,7423
25.859395,-85.733547,7204,7423,7424
35.181847,-89.459522,7205,7206,7207,7208,7209,7221,7222,7223,7224,7225,7421,7422
26.6611,-85.996158,7205,7422,7423,7424,7425,7437,7438
36.266667,-90.0,7206,7207,7419,7420
35.729144,-89.471073,7206,7420,7421
-27.458108,20.407483,7253,7254,7302
-19.445222,21.73435,7254,7255,7302,7303,7304,7306
-13.864173,21.328907,7255,7256,7301,7305,7306
-13.850814,21.080975,7256,7257,7301
-10.673898,21.062213,7257,7258,7300,7301,7305
0.259074,21.732362,7258,7259,7299,7300,7356,7357
0.791373,21.730201,7259,7260,7356,7596
1.345354,21.191506,7260,7261,7596,7597,7598,7599,7600,7601,7612
8.537622,18.929665,7261,7262,7611,7612
11.473886,17.344505,7262,7263,7610,7611
11.455075,17.220561,7263,7264,7609,7610
23.999364,15.46158,7264,7265,7608,7609
25.852324,14.525513,7265,7266,7607,7608,8011
-25.060983,27.198829,7287,7288,7290,7291
-17.318313,27.604642,7293,7294,7362,7363,7372
-10.945414,26.532764,7294,7295,7361,7371,7372,7373
-5.321005,23.598876,7295,7296,7360,7361
-5.339549,23.475517,7296,7297,7359,7360
-1.86103,22.405689,7297,7298,7358,7359
0.27939,21.989922,7298,7299,7357,7358
-16.810327,-65.077757,7312,7313,7314,7315,7316,7320,7405
-3.461872,-56.538439,7327,7328,7479,7480,7512,7513,7514,7515,7516,7517,7522
-8.260044,-58.133202,7328,7329,7478,7479
43.468487,32.543597,7341,7342,8105,8106
43.205148,32.536021,7342,7343,8105
43.189104,31.872678,7343,7344,8104,8105,8106,8147,8148
41.336092,29.743202,7344,7345,8103,8104
37.592514,26.9289,7345,7346,8102,8103
37.091287,26.937256,7346,7368,7369,8101,8102
34.652092,22.666187,7347,7348,8014,8015,8099
35.731533,24.140079,7347,8099,8100
35.739178,24.796984,7347,7348,7349,7350,7351,7352,7353,7354,7355,7369,7370,8100,8101
32.013351,20.928479,7348,7349,7602,7603,8014
20.797761,21.737003,7349,7350,7602
14.405027,21.049429,7350,7351,7601,7602,7603,7604,7605,7606,7607,7608,7609,7610,7611,7612
12.803958,21.338107,7351,7352,7600,7601
10.932219,21.999806,7352,7353,7599,7600
10.923498,22.264644,7353,7354,7598,7599
4.811161,22.528433,7354,7355,7597,7598
2.659022,22.532286,7355,7356,7357,7358,7359,7360,7361,7370,7371,7596,7597
28.547032,60.136073,7382,7383,7645,7646,7737,8096
28.790108,57.9974,7383,7384,8096,8097,8098
29.876595,57.594937,7384,7385,7495,7496,8098
28.257517,57.070541,7385,7386,7495
25.092789,55.208335,7386,7387,7494,7495,7496,7497,7511
21.608344,54.659562,7387,7388,7493,7494
17.612164,53.197175,7388,7389,7492,7493
17.30617,53.194971,7389,7390,7492
10.388496,49.599639,7390,7391,7491,7492,7493,7494,7510,7511
6.398266,47.735286,7391,7392,7400,7401,7491
4.808499,47.473791,7392,7401,7402,7489,7490
6.413407,47.593638,7392,7490,7491,7509,7510
-3.463186,44.9306,7393,7394,7395,7396,7403,7404,7487,7488
-0.795254,45.202527,7393,7488,7489,7490,7508,7509
-0.812714,45.328275,7393,7402,7403,7489
-10.660676,-64.006616,7408,7409,7451,7452,7453,7454,7470
-10.411326,-63.996243,7409,7410,7469,7470,7471,7472,7473,7474,7475,7476,7477
-3.187265,-67.601087,7410,7411,7468,7469
-3.197622,-67.735477,7411,7412,7467,7468
3.474458,-69.864287,7412,7413,7414,7433,7434,7467
8.826531,-71.45978,7413,7414,7465,7466
5.331096,-70.13167,7413,7466,7467,7468,7469,7477
13.346481,-73.739859,7414,7415,7416,7434,7435,7464,7465
19.461632,-77.072159,7415,7416,7462,7463
15.1868,-74.410539,7415,7463,7464
19.459167,-77.206613,7416,7417,7435,7436,7461,7462
39.193355,-85.60976,7417,7418,7436,7437,7438,7439,7441,7442,7549
30.147101,-80.666643,7417,7460,7461,7549,7550
41.857906,-87.875691,7418,7419,7420,7421,7422,7437,7547,7548
39.453767,-85.612369,7418,7548,7549,7550,7551,7575,7576
46.133333,-90.0,7419,7546,7547
1.070159,-46.275509,7444,7445,7584,7585,7586,7587,7588,7589,7590
1.080863,-47.324679,7445,7446,7590
1.872971,-48.13721,7446,7447,7589,7590,7665,7666
-3.196887,-61.335446,7451,7452,7485,7486
-2.381785,-61.856999,7452,7453,7485,7523
-2.659447,-62.128345,7453,7454,7523,7524,7525,7526,7559
1.093578,-61.607501,7454,7455,7470,7471,7558,7559,7560,7561,7578
6.407655,-64.267288,7455,7471,7472,7556,7557
6.400626,-63.999537,7455,7557,7558
17.072782,-69.455046,7456,7457,7473,7474,7555
14.932351,-67.726166,7456,7555,7556,7557,7558,7578,7579,7582
13.858724,-67.74464,7456,7472,7473,7556
17.589077,-70.137786,7457,7458,7474,7475,7554
17.620541,-69.459296,7457,7554,7555,7577,7581,7582,7583
23.749834,-75.068219,7458,7475,7476,7552,7553
21.847784,-73.20403,7458,7553,7554,7577
30.137634,-80.129722,7459,7460,7550,7551
27.182249,-77.336881,7459,7551,7552,7553,7576,7577,7580,7581
26.963558,-77.330902,7459,7460,7461,7462,7463,7464,7465,7466,7476,7477,7552
-3.465313,-56.797331,7480,7481,7521,7522
-0.265973,-58.791213,7481,7482,7520,7521
2.379292,-60.121101,7482,7483,7519,7520
2.686379,-60.129483,7483,7484,7518,7519
2.661754,-60.655788,7484,7485,7486,7518,7523,7524
3.196487,-55.600101,7515,7516,7693,7694,7703
4.803056,-57.198759,7516,7517,7702,7703
8.523396,-59.468581,7517,7518,7519,7520,7521,7522,7524,7525,7701,7702
9.586233,-59.600186,7525,7526,7700,7701,7720,7721
9.075849,-59.725273,7526,7559,7560,7720
15.996003,-66.132272,7527,7561,7578,7579,7729
15.986252,-65.462576,7527,7729,7730
12.529901,-63.195364,7527,7560,7561,7720,7721,7722,7723,7724,7725,7726,7727,7728,7730
18.131615,-63.340126,7528,7562,7580,7581,7583,7726,7727
17.065309,-64.938649,7528,7727,7728
17.059769,-66.135039,7528,7579,7582,7583,7728,7729,7730
16.270353,-58.666188,7529,7562,7563,7564,7565,7566,7567,7568,7569,7570,7571,7572,7573,7574,7575,7576,7580,7723,7724
16.254114,-61.744748,7529,7724,7725
16.53465,-61.724673,7529,7562,7725,7726
15.219517,-57.474367,7530,7531,7698,7699
10.934464,-58.790542,7530,7699,7700,7721,7722
15.223882,-57.733303,7530,7531,7532,7533,7534,7535,7536,7537,7538,7563,7722,7723
16.006145,-56.9403,7531,7532,7697,7698,7764,7765
27.180032,-55.727432,7532,7533,7763,7764
27.460143,-55.739043,7533,7534,7762,7763,8082,8083
29.041923,-57.866918,7534,7535,8081,8082
35.177208,-60.531229,7535,7536,8080,8081
38.406076,-62.149178,7536,7537,8079,8080
38.403481,-62.402927,7537,7538,8078,8079
48.533428,-65.461604,7538,7539,7540,7563,7564,8078
54.388748,-68.53324,7539,7540,8076,8077
48.80792,-65.456701,7539,8077,8078,8079,8080,8081,8082,8083,8093,8095
54.435549,-68.797767,7540,7564,7565,8075,8076
62.374824,-73.59836,7541,7566,7567,8073,8074
59.175357,-70.401529,7541,8074,8075,8076,8077,8092,8094,8095
58.683017,-70.393476,7541,7565,7566,8075
69.874305,-79.215178,7542,7569,7570,8070,8071
69.850795,-78.535241,7542,8071,8072,8073,8074,8091,8092
69.321293,-78.524645,7542,7568,7569,8072
72.527466,-81.46954,7543,7544,7571,7572,8069
72.516437,-80.659507,7543,8069,8070,8071,8090,8091
72.263841,-80.658384,7543,7570,7571,8070
74.929513,-85.340253,7544,7572,7573,8067,8068
75.456584,-84.12751,7544,8068,8069,8089,8090
78.129243,-87.338217,7545,7546,7547,7548,7574,7575,8065,8066
78.1541,-86.802471,7545,8066,8067,8068,8089
77.854062,-86.802194,7545,7573,7574,8067
80.0,-90.0,7546,8064,8065
65.063166,-75.730274,7567,7568,8072,8073
4.540534,-45.60493,7586,7587,7687,7688
7.739164,-47.597927,7587,7588,7667,7668,7687,7708
3.461955,-47.865022,7588,7589,7666,7667
4.533333,90.0,7591,7592,7614
4.525523,84.940931,7592,7593,7594,7595,7613,7614,7615,7616,7617,7618,7619,7620,7621,7622,7623,7624,7625,7626,7627,7628,7629,7630,7631,7632,7633,7634,7635,7636,7637,7638,7639,7658,7663,7664
32.018138,20.538796,7603,7604,8013,8014,8015,8016,8017,8035,8036
28.822354,18.135387,7604,7605,8012,8013
28.525559,18.135523,7605,7606,8012
27.465573,16.273917,7606,7607,8011,8012,8013,8034,8035
80.266667,90.0,7614,7615,8658
79.747728,89.194026,7615,7616,8658,8661
81.060717,89.066429,7616,7617,8660,8661
85.31889,87.192125,7617,7618,8659,8660,8689
87.472555,86.122106,7618,7619,8689,8690,8695
90.397133,86.138267,7619,7620,8694,8695
92.026335,85.598295,7620,7621,8219,8220,8693,8694
87.218895,82.525959,7621,7622,8219
87.211745,81.467685,7622,7623,8218,8219,8220,8221,8222,8223,8224,8225,8226,8227,8261,8262
81.073226,77.865349,7623,7624,8217,8218
80.54479,77.878078,7624,7625,8216,8217
75.201234,73.73436,7625,7626,8215,8216
74.929599,73.729696,7626,7627,8215
72.786559,70.272844,7627,7628,8215,8216,8217,8218,8261
70.95244,68.123996,7628,7629,8214,8260,8261,8262,8263,8264,8265,8266,8273,8274
67.995957,66.406297,7629,7630,8213,8214
67.467832,66.399448,7630,7631,8212,8213
64.268558,62.664707,7631,7632,8212
64.246408,62.398203,7632,7633,8211,8212,8213,8214,8259,8260
61.045766,60.399048,7633,7634,8210,8211
57.876583,58.536299,7634,7635,8210
57.855573,57.863575,7635,7636,8209,8210,8211,8258,8259
51.985299,54.396964,7636,7637,8209
51.991256,54.258424,7637,7638,8208,8209,8257,8258
49.869245,53.335739,7638,7639,8207,8208
49.340394,53.341688,7639,7659,7660,7661,7664,8206,8207
44.786903,49.874768,7640,7641,7642,7643,7644,7659,8206
27.209866,62.004225,7646,7647,7736,7737,7738,7744,7745
24.542199,66.40864,7647,7648,7649,7660,7661,7736
21.88343,70.661972,7648,7649,7734,7735
24.24041,66.398615,7648,7735,7736,7743,7744
21.861539,71.32406,7649,7650,7661,7662,7663,7664,7734
16.5317,73.999239,7650,7651,7652,7662,7732,7733
16.522057,73.869863,7650,7733,7734,7735,7742,7743
10.917534,77.738136,7651,7652,7704,7705
13.632706,74.807981,7651,7705,7706,7707,7731,7732
10.926287,77.872387,7652,7653,7654,7655,7656,7657,7658,7662,7663,7704
11.986481,-50.547358,7668,7669,7708,7709,7710,7717,7718
14.671603,-52.804861,7669,7670,7716,7717
14.648222,-53.336476,7670,7671,7715,7716,7747
14.656516,-53.46569,7671,7672,7695,7696,7747,7748,7766,7767
7.99759,-54.667228,7672,7673,7695
7.991781,-54.806182,7673,7674,7675,7694,7695,7696,7697,7698,7699,7700,7701,7702,7703
32.535432,-40.806543,7680,7681,7818,7819,7843,7844
27.464737,-42.27507,7681,7682,7842,7843
23.709867,-43.069613,7682,7683,7751,7752,7841,7842
20.528287,-43.871214,7683,7684,7711,7712,7750,7751
18.674296,-44.80083,7684,7685,7686,7692,7711
16.009419,-45.994442,7685,7686,7709,7710
18.667113,-45.082354,7685,7710,7711,7712,7718,7719
10.6973,-46.799262,7686,7687,7688,7689,7690,7691,7692,7708,7709
14.663036,-54.916631,7696,7697,7765,7766
22.398302,-46.666696,7712,7713,7719,7750
21.326809,-49.339456,7713,7714,7715,7716,7717,7718,7719,7749
22.666142,-46.671165,7713,7749,7750,7751,7752,7753,7768,7769
18.642162,-51.058352,7714,7715,7747,7748
21.329872,-50.001264,7714,7748,7749,7767,7768
27.701204,-46.9201,7752,7753,7840,7841
27.717373,-47.057527,7753,7754,7755,7769,7770,7771,7772,7840
32.505318,-48.669064,7754,7755,7838,7839
34.910178,-47.199399,7754,7839,7840,7841,7842,7843,7844,7845,7851,7852
31.184962,-48.924358,7755,7756,7757,7758,7770,7838
36.791608,-48.802021,7756,7757,7836,7837
36.786287,-48.006844,7756,7837,7838,7839,7850,7851
35.727421,-50.126293,7757,7758,7835,7836,7854,7855
30.39189,-52.934903,7758,7759,7770,7771,7854
26.410326,-54.003845,7759,7760,7771,7772,7853
30.420535,-53.198142,7759,7853,7854,7855,7856,7857,7858,7963,7964
25.606725,-55.603405,7760,7761,7762,7763,7764,7765,7766,7767,7768,7769,7772,7961,7962
26.382254,-54.524492,7760,7853,7962,7963
27.460915,-55.3289,7761,7762,8083,8084,8085,8086,8087,8088,8093
26.130663,-55.323656,7761,7961,8045,8046,8047,8084
52.512511,-9.47024,7784,7810,7811,7812,7813,7814,7815,7817,8372,8373,8374,8375,8380,8381
60.281418,-7.19896,7785,7786,7787,7788,7789,7790,7791,7792,7793,7810,7811,8379
53.873139,-8.80595,7785,8379,8380,8381,8382
53.859175,-8.931222,7785,7810,8380
61.873817,-6.927293,7786,7787,8377,8378,8401,8402,8403,8407
60.261102,-7.06626,7786,8378,8379,8382
70.663434,-7.20439,7787,7788,8406,8407,8411,8412
68.522238,-10.268736,7788,7789,8410,8411
68.017772,-10.251884,7789,7790,8409,8410
66.693047,-13.724836,7790,7791,8409
66.695666,-14.389032,7791,7792,8408,8409,8410,8411,8412,8413,8430,8431
64.803599,-15.868237,7792,7793,8408
63.997294,-17.069149,7793,7794,7795,7796,7797,7811,7812,8408,8429,8430
64.256443,-19.333196,7794,7795,8182,8183,8434
64.800933,-19.06104,7794,8428,8429,8434,8435
63.464027,-19.330379,7795,7796,8181,8182
60.53441,-20.265376,7796,7797,8180,8181
57.605817,-21.591968,7797,7798,7812,7813,8180
55.710112,-21.729535,7798,7813,7814,8178,8179
57.592402,-21.727902,7798,8179,8180,8181,8182,8183,8184,8185,8186,8187,8188,8189,8190,8191,8200,8201
42.391132,-25.462033,7799,7800,8168,8169,8176,8177
51.207775,-23.332031,7799,8177,8178,8179,8199,8200
51.205842,-23.065088,7799,7800,7801,7802,7803,7804,7814,7815,8178
38.142716,-38.006262,7819,7820,7844,7845,8174,8175
43.186384,-36.541141,7820,7845,7846,7847,7852,8173
39.734208,-37.057226,7820,8173,8174
43.207009,-32.801532,7821,7822,7846,8172,8173,8174,8175
49.610828,-35.734462,7822,7823,7824,7846,7847,8197
64.787094,-37.326005,7823,7824,8195,8196,8468,8469
50.653533,-35.733829,7823,8196,8197,8198,8199,8200,8201,8202,8203,8204,8205
71.453622,-39.741156,7824,7847,7848,7849,7850,7851,7852,8467,8468
76.287214,-40.800464,7825,7826,7863,7864,8580
75.455351,-39.595502,7825,8548,8549,8550,8551,8552,8553,8554,8555,8580,8581
72.553463,-39.734926,7825,7826,7827,7828,7829,7830,7831,7832,7848,8466,8467,8548
74.406026,-43.331314,7826,7827,7863
74.142363,-44.137962,7827,7828,7862,7863,7864,7865,7866,7867,7868,7869,7870,7871,7872,7873,7965
70.932681,-45.332888,7828,7829,7862
68.276048,-46.920949,7829,7830,7861,7862,7965,7966,7967,7968,7969,7970,8003,8004
56.267624,-46.653458,7830,7831,7860,7861
48.782672,-47.345901,7831,7832,7859,7860
47.456151,-47.33418,7832,7833,7834,7848,7849,7859
41.866897,-48.398421,7833,7834,7857,7858
47.484159,-47.467835,7833,7858,7859,7860,7861,7964,8002,8003
41.055414,-48.398564,7834,7835,7836,7837,7849,7850,7856,7857
36.518096,-50.131061,7835,7855,7856
79.751216,-41.194247,7864,7865,8580,8581,8582,8591
82.92087,-41.856616,7865,7866,8579,8590,8591
82.918265,-42.142724,7866,7867,8578,8579
88.551719,-43.476947,7867,7868,8578
89.055487,-43.458391,7868,7869,8577,8578,8579,8589,8590
89.074046,-43.731023,7869,7870,8576,8577
95.448939,-45.879084,7870,7871,8575,8576
95.472679,-46.003464,7871,7872,8574,8575
99.491946,-47.058556,7872,7873,8573,8574
106.40258,-49.330549,7873,7874,7965,7966,8573
116.009245,-51.869762,7874,7875,7876,7966,7967,8572
108.54315,-49.333915,7874,8572,8573,8574,8575,8576,8577,8588,8589
120.017972,-53.196548,7875,7876,8570,8571
116.550801,-51.859435,7875,8571,8572,8587,8588
119.974197,-53.326057,7876,7877,7878,7967,7968,8570
125.053904,-53.995629,7877,7878,8569,8585,8586
122.110791,-53.342512,7877,8570,8571,8586,8587
133.34447,-56.930144,7878,7879,7880,7968,7969,8569
143.452026,-61.204517,7879,7880,8567,8568
133.609388,-56.931117,7879,8568,8569,8584,8585
143.460435,-61.334197,7880,7969,7970,8566,8567
144.274975,-57.998275,7881,7971,8008,8009,8563,8564
144.264729,-59.587641,7881,8564,8565,8566,8567,8568,8583,8584
144.814013,-59.593977,7881,7971,8565
140.005557,-52.799094,7882,7883,7884,7972,8005,8006,8010,8560,8561
139.998033,-53.997093,7882,8561,8562,8563,8564,8583
140.52603,-53.994742,7882,7972,8562
132.813969,-44.920812,7883,7884,8558,8559
134.644435,-47.07947,7883,8559,8560
132.822803,-44.791248,7884,7973,7974,7975,7976,7977,7978,7979,7980,7981,7982,7983,7984,7985,7986,7987,7988,7989,7990,7991,7992,7993,7994,8005,8557,8558
113.57425,-41.33861,7885,7886,7973,7974,8556
124.574175,-43.855953,7885,8556,8557,8558,8559,8560,8561,8582,8583,8584,8585,8586,8587,8588,8589,8590,8591
125.082809,-43.854588,7885,7973,8557
107.739856,-39.202446,7886,7887,7974,7975,8554,8555
112.77531,-41.327725,7886,8555,8556,8581,8582
102.656495,-36.796065,7887,7888,7889,7890,7975,7976,8552,8553
107.209848,-39.204775,7887,8553,8554
94.682248,-35.205658,7888,7889,8550,8551,8665,8666
95.720554,-35.729977,7888,8551,8552
89.629892,-33.335502,7889,7890,8664,8665
89.580601,-33.190519,7890,7891,7892,7893,7894,7895,7896,7897,7898,7899,7900,7901,7902,7903,7976,7977,8663,8664
82.66786,-31.336388,7891,7892,8595,8596,8619,8620
82.656299,-31.597957,7891,8596,8597,8662,8663
85.586356,-28.530363,7892,7893,8619
85.603724,-26.790179,7893,7894,8618,8619,8620,8621,8622,8624,8635
86.414019,-25.999202,7894,7895,8634,8635
86.408073,-25.858997,7895,7896,8633,8634,8696,8697,8698,8699,8701
89.051167,-25.322956,7896,7897,8700,8701
89.598263,-25.339212,7897,7898,8700
102.110322,-20.803853,7898,7899,8508,8509,8699,8700,8701
112.54343,-22.927015,7899,7900,8507,8508
113.877901,-22.942659,7900,7901,8506,8507
119.999178,-24.792234,7901,7902,8505,8506
123.743721,-25.070659,7902,7903,8504,8505
125.604222,-25.479357,7903,7904,7977,7978,8503,8504
127.752834,-22.002002,7904,7978,7979,8501,8502
127.462421,-21.99213,7904,8502,8503
131.995391,-14.794741,7905,7906,8499,8500
128.823,-18.935666,7905,8500,8501,8502,8503,8504,8505,8506,8507,8508,8509,8510,8511,8512,8513,8514,8515,8516,8517,8527
128.805293,-19.596729,7905,7906,7979,7980,8501
132.271012,-14.793378,7906,7907,7980,7981,8498,8499
133.850903,-11.870532,7907,7908,7981,7982,8496,8497
133.601878,-11.87008,7907,8497,8498
134.657403,-8.925945,7908,7909,7982,7983,8494,8495
133.874382,-10.532347,7908,8495,8496
135.487211,-7.472462,7909,7983,7984,8492,8493
134.920406,-7.469255,7909,8493,8494
140.53277,1.864849,7910,7911,7985,7986,8489,8490
137.327791,-1.854612,7910,8490,8491
137.325377,-2.543121,7910,7984,7985,8491,8492
144.818061,7.732235,7911,7986,7987,8487,8488
141.879799,4.12386,7911,8488,8489
148.792926,14.524859,7912,7913,8484,8485
147.471212,12.667707,7912,8485,8486
147.463984,11.999604,7912,7913,7987,7988,8486,8487
149.059982,14.521521,7913,7914,7988,7989,8483,8484
151.99481,16.803929,7914,7915,7916,7989,7990,8317
149.064284,16.669269,7914,8317,8318,8482,8483
156.251585,16.928469,7915,7916,8316,9377,9378,9379,9381,9382
151.975213,16.940865,7915,8316,8317,8318,8319,8320,8359,8360
160.244847,16.928305,7916,7917,7918,7919,7920,7921,7922,7923,7924,7925,7926,7927,7928,7929,7930,7990,7991,9381
172.800164,17.062116,7917,7918,9380,9474
160.261238,17.073409,7917,9380,9381,9382
173.317022,17.065572,7918,7919,9473,9474,9475
174.14141,15.721258,7919,7920,9475,9476,9477,9478
177.342638,12.799717,7920,7921,9478
180.0,10.8,7921,7922,9477,9478
180.0,-14.8,7922,7923,9465
177.074931,-14.802979,7923,7924,9464,9465,9466,9467,9468
171.726444,-14.262824,7924,7925,9463,9464
167.461215,-13.994073,7925,7926,9462,9463
167.202471,-14.013481,7926,7927,9461,9462
167.158869,-14.113688,7927,7928,9460,9461
166.941488,-14.138096,7928,7929,9393,9394,9460
160.269703,-17.339804,7929,7930,9393,9441,9442
158.694643,-17.864295,7930,7931,7991,7992,9441
157.605432,-20.935345,7931,7932,7933,7934,7935,7992,7993,9389,9390,9406,9407
158.912197,-18.675934,7931,9389,9441,9442,9446,9447
162.39809,-29.475269,7932,7933,9417,9418,9419,9420,9421,9422,9423,9424,9425,9426,9427,9428,9429,9434
159.452011,-22.390531,7932,9405,9406,9417
162.405908,-31.874874,7933,7934,9434,9436
160.555589,-35.870193,7934,7935,9433,9435,9436
158.141075,-38.944344,7935,7993,7994,9432,9433
159.457803,-38.671649,7936,7937,7938,7939,7940,7941,7942,7995,9430
159.194705,-38.667131,7936,9430,9431
158.679317,-38.934735,7936,7994,7995,8005,8006,9431,9432
163.738782,-35.457517,7937,7938,9429,9434,9435,9436
159.458331,-38.142562,7937,9430,9431,9432,9433,9435
164.812471,-35.464269,7938,7939,9428,9429
174.951188,-32.801414,7939,7940,9427,9428
177.626088,-32.795776,7940,7941,9426,9427
180.0,-32.266667,7941,7942,9425,9426
180.0,-90.0,7942,7943,7944,7945,7946,7947,7948,7949,7950,7951,7952,7953,7995,7996,7997,7998,7999,8000,8001,8006,8007,8008,8009,8010
85.881193,-88.664184,7943,7944,8063
87.2,-90.0,7943,8063,8064
84.794751,-88.125116,7944,7945,8062,8063,8064,8065,8066,8089,8090,8091,8092,8094
80.501922,-81.473204,7945,7946,8061,8062
80.545808,-81.320376,7946,7947,8060,8061
76.560857,-77.863598,7947,7948,8059,8060
73.065718,-75.21246,7948,7949,8058,8059
72.810784,-73.737529,7949,7950,8057,8058
69.363186,-71.463778,7950,7951,8056,8057
63.715845,-68.67369,7951,7952,8055,8056
63.717056,-68.536196,7952,7953,8054,8055
57.085702,-65.598785,7953,7954,7996,8054
56.800644,-65.191898,7954,7996,7997,8052,8053
56.763939,-65.593609,7954,8053,8054,8055,8056,8057,8058,8059,8060,8061,8062,8088,8093,8094,8095
49.343374,-60.79336,7955,7956,7998,7999,8050,8051
52.526863,-63.334832,7955,8051,8052,8053,8087,8088
53.081632,-63.347582,7955,7997,7998,8052
43.189521,-57.20002,7956,7957,7999,8000,8049
43.225123,-57.472367,7956,8049,8050
37.611292,-55.607002,7957,7958,7959,8000,8001,8048
41.878414,-57.204672,7957,8048,8049,8050,8051,8086,8087
33.338861,-53.722005,7958,7959,8047,8084,8085
37.024763,-55.600612,7958,8048,8085,8086
33.345523,-53.470835,7959,7960,8001,8002,8003,8004,8007,8046,8047
26.126278,-54.924035,7960,7961,7962,7963,7964,8002,8045
26.410003,-54.931705,7960,8045,8046
146.419418,-62.399427,7970,7971,8004,8007,8008,8565,8566
143.71338,-57.210468,7972,8009,8010,8562,8563
37.067459,21.335707,8015,8016,8099,8100,8101,8102,8103,8104,8146,8147
37.601587,20.397809,8016,8017,8145,8146
39.748591,18.520741,8017,8018,8019,8036,8037,8145
41.852161,15.737287,8018,8019,8143,8144
40.010506,18.5279,8018,8144,8145,8146,8147,8148,8149,8150,8151,8152,8153,8154,8155,8156,8157,8158,8159,8160,8161,8162,8163,8164,8165,8166
41.867868,15.188742,8019,8037,8038,8142,8143
51.214579,10.534469,8020,8021,8141,8165,8166
48.276744,12.010589,8020,8142,8143,8144,8166
47.745077,11.990013,8020,8021,8038,8039,8142
52.557623,9.054235,8021,8022,8023,8039,8040,8141
61.346047,4.666709,8022,8023,8139,8140
58.131503,6.528093,8022,8140,8141,8164,8165
61.319915,3.998993,8023,8024,8025,8040,8041,8138,8139
65.061766,1.874079,8024,8138,8470
51.724361,38.131635,8107,8108,8339,8340,8341,8368,8369
57.345973,35.988496,8108,8109,8338,8339
57.303833,35.856771,8109,8110,8338
58.665087,35.87234,8110,8111,8337,8338,8339,8367,8368
65.596138,34.006674,8111,8112,8336,8337
71.209972,32.139696,8112,8113,8335,8336
71.194774,31.85486,8113,8114,8334,8335
77.341361,30.923834,8114,8115,8149,8150,8334
83.4694,28.796267,8115,8116,8150,8151,8333
78.66948,30.93333,8115,8333,8334,8335,8336,8337,8366,8367
89.071578,26.53677,8116,8117,8118,8119,8120,8151,8152,8332
86.67477,27.86129,8116,8332,8333,8365,8366
98.674062,24.674155,8117,8118,8330,8331
90.933208,26.523166,8117,8331,8332,8364,8365
98.664376,24.529662,8118,8119,8329,8330
107.183394,22.672988,8119,8120,8328,8329
107.217496,22.530396,8120,8121,8152,8153,8328
113.881334,21.332286,8121,8122,8123,8153,8154,8327
109.852566,22.265938,8121,8327,8328,8329,8330,8331,8363,8364
118.932784,20.393836,8122,8123,8325,8326
116.562593,21.055774,8122,8326,8327,8362,8363
122.385827,19.744452,8123,8124,8125,8154,8155,8325
128.013245,18.279327,8124,8125,8323,8324
122.67816,19.744646,8124,8324,8325,8326,8361,8362
127.992817,18.136246,8125,8126,8155,8156,8322,8323
132.008013,17.603463,8126,8127,8128,8129,8130,8156,8157,8321
131.993035,17.855773,8126,8321,8322
140.517115,17.340567,8127,8128,8319,8320
137.058608,17.601486,8127,8320,8321,8322,8323,8324,8360,8361
144.012327,16.798029,8128,8129,8318,8319,8481,8482
136.534126,16.800021,8129,8130,8480,8481
131.214687,15.998052,8130,8131,8157,8158,8480
126.942167,15.866705,8131,8132,8133,8158,8159,8479
131.179189,15.857082,8131,8479,8480,8481,8482,8483,8484,8485,8486,8487,8488,8489,8490,8491,8492,8493,8494,8495,8496,8497,8498,8499,8500,8526,8527,8528,8529,8530,8531
108.505391,12.805524,8132,8133,8477,8478
113.849969,12.796758,8132,8478,8479,8525,8526
104.268871,13.612115,8133,8134,8159,8160,8477
87.444701,9.607424,8134,8135,8160,8161,8476
96.799583,10.66129,8134,8476,8477,8478,8524,8525
72.261795,8.266992,8135,8136,8161,8162,8474,8475
87.466198,9.458609,8135,8475,8476,8523,8524
67.475254,5.858156,8136,8137,8162,8163,8472,8473
67.740076,5.864248,8136,8473,8474
65.075972,2.531976,8137,8138,8139,8140,8163,8164,8470,8471
65.318291,2.527627,8137,8471,8472
41.876063,-30.805679,8169,8170,8176
64.269947,-20.140447,8183,8184,8434,8435,8436,8452,8453
66.929536,-21.857691,8184,8185,8452
67.203109,-21.86474,8185,8186,8451,8452,8453,8454,8455,8456
73.074882,-24.79113,8186,8187,8450,8451
73.069169,-24.926296,8187,8188,8449,8450
75.748497,-25.995378,8188,8189,8448,8449,8615
73.610532,-28.122022,8189,8190,8614,8615,8616,8617,8618,8624,8625,8627
73.341856,-28.139335,8190,8191,8614
73.318025,-29.467196,8191,8201,8202,8614,8623,8626,8627
74.148193,-29.333385,8192,8193,8604,8605,8606,8607,8608,8609,8610,8611,8612,8613
73.587471,-29.337996,8192,8605,8623,8626
73.597418,-29.469687,8192,8193,8202,8203,8623
72.794825,-30.39076,8193,8203,8204,8604
68.294628,-35.859693,8194,8195,8196,8205,8457
74.928023,-33.464309,8194,8457,8458,8612,8613
72.828751,-31.064359,8194,8204,8205,8604,8613
68.263501,-36.006357,8195,8457,8458,8459,8460,8461,8469
92.795913,85.455589,8220,8221,8692,8693,8713,8714,8718
92.780561,84.925337,8221,8222,8713
93.083997,84.932861,8222,8223,8713,8717,8718,8719
93.071932,83.729765,8223,8224,8712,8716,8717
90.923113,81.210679,8224,8225,8711,8712
90.929404,80.791026,8225,8226,8710,8711
89.858147,80.260737,8226,8227,8709,8710
89.5948,79.066286,8227,8262,8263,8709
99.2051,83.598637,8228,8229,8752
99.199719,83.741555,8228,8715,8716,8717,8719,8745,8746,8747,8748,8749,8750,8751,8752
92.001501,78.939144,8228,8229,8263,8264,8709,8710,8711,8712,8716
101.058962,83.073735,8229,8230,8264,8265,8670,8671,8751,8752
98.369858,80.537509,8230,8231,8232,8233,8234,8265,8266,8669
98.925504,80.534715,8230,8669,8670
97.874762,77.736692,8231,8232,8687,8688
98.402021,79.340286,8231,8669,8670,8671,8672,8673,8674,8675,8676,8677,8678,8679,8680,8681,8682,8688
95.994097,75.328104,8232,8233,8668,8686,8687
90.384469,72.663195,8233,8234,8668
83.750269,67.862072,8234,8266,8274,8275,8668,8685,8686
102.148993,75.582225,8235,8236,8237,8238,8239,8240,8241,8242,8243,8244,8245,8246,8247,8248,8249,8250,8251,8267,8680,8681
101.869088,75.600657,8235,8681,8682
98.398518,73.201083,8235,8267,8268,8269,8270,8271,8272,8278,8682,8683,8684,8685,8686,8687,8688
105.871826,79.336213,8236,8237,8678,8679
102.131736,76.266117,8236,8679,8680
109.863313,79.860336,8237,8238,8677,8678,8800,8801,8802,8803,8804,8805
110.662147,79.059474,8238,8239,8805,8817
111.731865,77.602015,8239,8240,8817,8818,8819,8820
113.870261,77.061248,8240,8241,8820,8859
116.008001,76.139275,8241,8242,8859,8860,8861,8862,8863,8864,8865,8866
116.811323,75.463925,8242,8243,8866,8883
116.810536,75.196043,8243,8244,8883,8884,8885
118.681939,73.071559,8244,8245,8885,8903
118.668348,72.930757,8245,8246,8903,8904,8905,8906,8907,8908,8909,8910,8911
121.059606,72.140564,8246,8247,8911,8928
121.597214,71.202089,8247,8248,8928,8935,8936
125.860022,68.53207,8248,8249,8821,8934,8935,9010
111.169304,59.866262,8249,8250,8287,8288,8821,8822,8823,8828
93.363165,57.729161,8250,8251,8286,8287
87.449049,56.257463,8251,8252,8267,8268,8286
84.802626,55.854505,8252,8268,8269,8284,8285
87.447093,56.131172,8252,8285,8286,8287,8288,8289,8290,8348,8349
73.86256,53.877045,8253,8270,8271,8282,8283
77.348859,53.991074,8253,8283,8284,8285,8347,8348
77.312833,54.263533,8253,8269,8270,8284
53.857137,50.255032,8254,8255,8272,8273,8274,8275,8276,8277,8278,8281
58.662846,50.533353,8254,8281,8282,8283,8346,8347
67.212579,52.800897,8254,8271,8272,8282
49.869631,50.009574,8255,8256,8257,8258,8259,8260,8273,8279,8280
53.879414,49.996502,8255,8280,8281,8345,8346
84.805534,67.858535,8275,8276,8684,8685
89.087023,68.924309,8276,8277,8683,8684
94.653845,71.327056,8277,8278,8683
117.579571,60.533524,8288,8289,8827,8828
120.253322,59.860433,8289,8290,8826,8827
127.731389,59.738676,8290,8291,8292,8293,8294,8295,8296,8349,8350,8825,8826
130.130224,60.140116,8291,8292,8977,8978,9046,9047,9048,9049,9050,9051,9052,9053,9054,9055,9056
129.602507,60.390951,8291,8824,8825,9046
129.068448,56.792803,8292,8293,8977
129.079002,56.130464,8293,8294,8977,8978,8979,8980,8981,8985
126.375307,52.124799,8294,8295,8976,8985,8986,8987,8989
124.792542,50.792554,8295,8296,8976
121.855836,47.733679,8296,8350,8351,8370,8371,8976,8984,8988,8989
127.75271,49.860754,8297,8298,9004,9005,9023,9024
126.149782,49.995033,8297,9005,9006
126.126895,49.603065,8297,8298,8351,8984,9002,9006
131.476532,50.127428,8298,8299,8351,8352,8353,8354,8355,8371,9023
135.998776,51.870322,8299,8300,8301,8302,8303,8304,8305,8352,9022,9113
132.245282,50.94071,8299,9022,9023,9024,9025,9026,9027
141.859704,53.741264,8300,8301,9111,9112,9190,9191,9218,9219
139.725021,53.467012,8300,9112,9113,9114,9115,9116,9119
141.34771,52.924578,8301,8302,9217,9218
143.182357,51.201066,8302,8303,9216,9217
143.193748,50.542473,8303,8304,9216
146.427432,48.398897,8304,8305,9215,9216,9217,9218,9219,9220,9224,9225
146.397438,47.726339,8305,8306,8307,8352,8353,9215
148.810387,45.860563,8306,8307,9213,9214
146.948658,47.73364,8306,9214,9215,9224
148.811275,45.454802,8307,8353,8354,9213
163.471724,36.662651,8308,8355,8356,8357,8358,8359,8360,8361,8362,8363,8364,8365,8366,8367,8368,8369,8370,8371,9210,9211
163.455806,36.946,8308,9211,9212
156.271466,40.00207,8308,8354,8355,9212,9213,9214,9223,9224,9225,9226
169.8666,33.729487,8309,8310,8356,8357,9207,9208
168.541496,35.340548,8309,9208,9209
167.998632,35.334942,8309,8356,9209,9210
179.467823,24.526856,8310,8311,8312,8313,8314,8315,8357,8358,9205,9206
174.921988,30.943821,8310,9206,9207
180.0,21.733333,8311,8312,9470,9471
180.0,24.533333,8311,9204,9205
172.004219,20.400912,8312,8313,9469,9470
170.935386,20.124103,8313,8314,9378,9379,9469
169.086899,20.129972,8314,8315,9377,9378
159.741202,18.141099,8315,8316,8358,8359,9377
58.915366,-5.868159,8374,8375,8390,8391,8398,8399
61.862864,-4.671186,8375,8376,8377,8378,8381,8382,8398
64.811387,-5.067342,8376,8377,8396,8397,8401
61.843276,-4.392195,8376,8397,8398,8399,8400
74.398195,-0.410038,8392,8393,8530,8531,8539
72.009108,-0.936267,8392,8521,8522,8523,8524,8525,8526,8531
76.278523,-1.195829,8393,8394,8538,8539,8540,8541,8542,8543,8544,8545,8546,8547
71.207891,-3.197255,8394,8395,8402,8403,8538
67.981003,-4.261326,8395,8396,8401,8402
71.186661,-4.136982,8403,8404,8405,8406,8407,8538,8547
72.264655,-6.123047,8404,8405,8532,8533
73.050692,-6.12455,8404,8533,8536,8537,8546,8547
70.942843,-7.204762,8405,8406,8412,8413,8532
73.341622,-8.135931,8413,8414,8431,8432,8532,8533,8536
77.085551,-6.1286,8414,8415,8416,8417,8432,8433,8534,8535
73.358021,-7.860368,8414,8535,8536,8537
77.074112,-5.739409,8415,8416,8543,8544
77.076533,-5.866816,8415,8534,8544,8545
79.199281,-5.735335,8416,8417,8542,8543,8636,8637,8651,8652
83.471597,-6.255977,8417,8418,8419,8420,8421,8422,8423,8424,8425,8426,8433,8651
89.059142,-6.661128,8418,8419,8656,8657
88.529778,-5.867913,8418,8651,8652,8653,8657
88.016186,-10.539038,8419,8420,8650,8655,8656
87.453435,-10.532677,8420,8421,8650
87.476303,-12.3974,8421,8422,8649,8650,8654,8655
86.937986,-14.407946,8422,8423,8648,8649
86.127091,-15.877984,8423,8424,8647,8648
85.332107,-16.532235,8424,8425,8438,8439,8646,8647
72.83196,-17.461919,8425,8426,8437,8438
69.863855,-18.395928,8426,8427,8428,8429,8430,8431,8432,8433,8437
68.017355,-18.661875,8427,8428,8435,8436
69.862836,-18.668622,8427,8436,8437,8438,8439,8440,8441,8442,8443,8453,8454
85.338706,-16.800959,8439,8440,8646
86.681372,-16.821465,8440,8441,8645,8646,8647,8648,8649,8654
89.060802,-17.469554,8441,8442,8644,8645
89.082893,-17.726153,8442,8443,8643,8644
91.201719,-17.719005,8443,8444,8445,8446,8454,8455,8511,8512,8642,8643,8696,8697
88.02176,-19.723697,8444,8445,8631,8632
88.277142,-22.133217,8444,8632,8633,8696
80.820086,-23.740278,8445,8446,8630,8631
80.546892,-23.737449,8446,8455,8456,8629,8630
77.335829,-25.731085,8447,8448,8615,8616
78.922479,-26.128029,8447,8616,8617,8628
79.454108,-24.657824,8447,8448,8449,8450,8451,8456,8628,8629
75.188973,-33.452625,8458,8459,8592,8593,8611,8612
72.785167,-37.068082,8459,8460,8592
72.795186,-37.334746,8460,8461,8592,8593,8602,8603
73.317078,-37.607458,8461,8462,8463,8464,8465,8466,8467,8468,8469,8602
76.791634,-36.000806,8462,8463,8600,8601
73.323672,-37.335776,8462,8601,8602,8603
80.517953,-35.073468,8463,8464,8599,8600
81.061373,-35.063908,8464,8465,8598,8599,8662,8663,8664,8665,8666,8667
80.814089,-35.46573,8465,8466,8548,8549,8667
95.741688,-18.926983,8509,8510,8698,8699
93.336348,-18.003586,8510,8511,8697,8698
92.012919,-14.933457,8512,8513,8641,8642
93.592455,-14.94137,8513,8514,8640,8641
94.427186,-12.540728,8514,8515,8639,8640
98.361674,-9.337429,8515,8516,8639
91.451736,-7.068844,8516,8517,8638,8639,8640,8641,8642,8643,8644,8645,8653,8654,8655,8656,8657
91.482893,-6.669355,8517,8527,8528,8638
84.262392,-4.137362,8518,8519,8541,8542,8636
86.412999,-5.209929,8518,8636,8637
86.929517,-5.197713,8518,8519,8520,8528,8529,8637,8638,8652,8653
78.668113,0.403968,8519,8520,8540,8541
78.677766,0.52367,8520,8529,8530,8539,8540
76.24655,-6.129796,8534,8535,8537,8545,8546
92.79158,-35.196916,8549,8550,8666,8667
80.53169,-31.608414,8593,8594,8595,8596,8597,8598,8599,8600,8601,8603,8610,8611
82.147594,-31.061455,8594,8595,8608,8609,8620,8621
80.540895,-31.342541,8594,8609,8610
81.050699,-34.935454,8597,8598,8662
73.601033,-28.269043,8605,8606,8625,8626,8627
76.796837,-27.850861,8606,8607,8622,8624,8625
82.109861,-30.127049,8607,8608,8621,8622
80.266386,-26.931359,8617,8618,8628,8629,8630,8631,8632,8633,8634,8635
87.2,90.0,8658,8659,8660,8661,8702
88.559357,87.876336,8659,8689,8690,8702,8703,8704,8705
101.852267,82.92877,8671,8672,8750,8751,8753,8756,8757
103.480103,82.403544,8672,8673,8756,8758
103.438449,82.262446,8673,8674,8758,8759,8760,8761,8766
104.53474,82.263069,8674,8675,8765,8766
107.192223,81.344129,8675,8676,8764,8765,8780
109.894751,80.004211,8676,8677,8780,8781,8782,8783,8785,8800
90.924066,87.586825,8690,8691,8692,8693,8694,8695,8705,8720,8721,8722,8723,8724,8725
93.342342,85.731606,8691,8692,8714,8726
94.663004,86.132002,8691,8725,8726,8727
89.333333,90.0,8702,8703,8706
91.17899,89.337716,8703,8704,8706,8707,8708
91.234442,88.402059,8704,8705,8708,8720
95.2,90.0,8706,8707,8732
94.669099,89.211339,8707,8708,8720,8721,8732,8733,8734
93.046699,85.208329,8714,8715,8718,8719,8726,8727,8728,8729,8730,8731
99.196561,84.130141,8715,8731,8745
97.604321,88.265588,8721,8722,8734,8735
97.577978,88.131538,8722,8723,8735,8744
98.422729,86.408291,8723,8724,8728,8729,8743,8744
96.783992,86.146024,8724,8725,8727,8728
99.184475,85.861521,8729,8730,8742,8743
99.464377,85.861215,8730,8731,8741,8742,8745,8746
100.0,90.0,8732,8733,8736
99.997855,89.187051,8733,8734,8735,8736,8737,8738,8739,8740,8741,8742,8743,8744
104.0,90.0,8736,8737,8767
104.526004,89.072812,8737,8738,8767,8768,8769,8770,8771,8772,8773,8774
106.378574,87.600102,8738,8739,8748,8749,8774,8775,8776
100.543961,86.668794,8739,8740,8747,8748
99.985256,86.661258,8740,8741,8746,8747
106.144709,86.270973,8749,8750,8753,8775
109.599667,85.334324,8753,8754,8755,8757,8775,8776,8777,8778,8779,8793
105.62216,83.738583,8754,8755,8759,8760
110.685911,84.678943,8754,8760,8761,8793,8794,8799
104.800072,83.741721,8755,8756,8757,8758,8759
111.432035,83.869558,8761,8762,8763,8764,8765,8766,8798,8799,8835
111.203537,83.06861,8762,8763,8781,8782,8829
111.752193,83.065542,8762,8829,8830,8835,8836
107.721093,81.348053,8763,8764,8780,8781
109.333333,90.0,8767,8768,8786
108.530014,89.748523,8768,8769,8786,8787,8791
109.568657,89.734736,8769,8770,8790,8791,8792
110.418375,87.876079,8770,8771,8789,8790
110.391626,87.46603,8771,8772,8789,8808
110.660712,87.057928,8772,8773,8777,8778,8808,8809,8810,8816
106.932715,87.595071,8773,8774,8776,8777
111.743696,86.527035,8778,8779,8815,8816
111.194339,86.131107,8779,8793,8794,8814,8815
112.523825,82.272182,8782,8783,8829,8830,8831,8834,8837
112.282347,81.862051,8783,8784,8785,8837,8838,8839,8840,8843
112.534788,80.538132,8784,8785,8800,8801
113.598392,80.534051,8784,8801,8802,8842,8843
109.866667,90.0,8786,8787,8806
109.850101,89.853899,8787,8788,8791,8792,8806,8807
113.623549,88.398804,8788,8789,8790,8792,8808,8809,8844
113.621637,88.51656,8788,8807,8844,8845
115.470385,84.799764,8794,8795,8796,8797,8798,8799,8813,8814,8873
117.844289,82.659987,8795,8796,8831,8832,8833,8834,8880,8881
118.142025,83.464402,8795,8873,8874,8875,8876,8881,8882
115.990455,82.926418,8796,8797,8830,8831,8836
114.122754,84.120525,8797,8798,8835,8836
115.470865,80.129934,8802,8803,8841,8842
115.459527,80.003027,8803,8804,8841,8867
114.9346,79.740816,8804,8805,8817,8818,8867,8868,8869,8870,8872
117.6,90.0,8806,8807,8845,8846
113.875248,87.988011,8809,8810,8844,8845,8846,8847,8848,8849,8856,8857,8858
120.535251,85.867369,8810,8811,8812,8813,8814,8815,8816,8856
121.864838,85.197179,8811,8812,8855,8896,8897
121.339722,85.869981,8811,8855,8856,8858
117.591384,85.064391,8812,8813,8873,8874,8896
116.004264,78.27675,8818,8819,8871,8872
115.475159,77.732305,8819,8820,8859,8860,8871
126.135731,67.722237,8821,8822,9010,9011,9012,9013,9014,9015,9018
127.194268,67.197751,8822,8823,9017,9018
129.070394,65.058154,8823,8824,8825,8826,8827,8828,9016,9017
130.140752,61.466361,8824,9016,9046,9047
118.117962,81.332106,8832,8833,8838,8839,8886,8887
118.949611,81.733436,8832,8879,8880,8887,8888
115.458687,82.406541,8833,8834,8837,8838
116.810822,80.26711,8839,8840,8886
116.797613,80.13072,8840,8841,8842,8843,8867,8868,8886,8887,8888,8889,8890,8891,8892,8895
156.0,90.0,8846,8847,9059
146.111293,85.867455,8847,8848,9058,9059,9060,9061,9062,9063,9064,9065,9066,9067,9068,9069,9071
139.741671,83.728127,8848,8849,9058
137.629203,82.678784,8849,8850,8851,8852,8853,8854,8857,9057,9058,9070,9071,9072
129.610816,80.526239,8850,8851,9008,9009,9034,9035
130.122029,80.534217,8850,9035,9036,9057
127.196554,82.270844,8851,8852,9007,9008
125.319957,84.137277,8852,8853,8921,8922,9007
124.278133,84.926069,8853,8854,8898,8921
122.932878,85.60203,8854,8855,8857,8858,8897,8898,8899,8902
119.185741,78.266149,8860,8861,8870,8871,8872,8912,8913,8914
121.350175,77.999828,8861,8862,8914,8961
122.143198,77.59215,8862,8863,8961,8968,8969,8990
124.006679,75.72905,8863,8864,8904,8905,8990,8991,8992,8993,8994
121.067085,75.061126,8864,8865,8884,8885,8903,8904
117.57302,75.470194,8865,8866,8883,8884
118.141503,80.1315,8868,8869,8894,8895
118.923742,79.736356,8869,8870,8893,8894,8912
119.997452,84.126088,8874,8875,8896,8897,8901,8902
120.2608,83.196109,8875,8876,8900,8901,8919
120.262586,83.055852,8876,8877,8882,8919,8925
120.027133,82.401574,8877,8878,8879,8880,8881,8882,8915
121.073465,83.069651,8877,8915,8916,8925,8927
118.922264,81.603651,8878,8879,8888,8889
120.007505,81.608299,8878,8889,8890,8915,8916,8917,8918
121.590398,81.471257,8890,8891,8918,8970
121.566603,81.343691,8891,8892,8970,8971,8972,8973,8974,8975
123.209411,80.404976,8892,8893,8894,8895,8962,8963,8975
122.68719,80.001546,8893,8912,8913,8962
124.261583,84.654313,8898,8899,8920,8921,8922,8923,8924,8926
121.605939,84.542363,8899,8900,8901,8902,8920
122.129196,83.200163,8900,8919,8920,8925,8926,8927
124.531287,75.730106,8905,8906,8994,8995
125.073905,75.329489,8906,8907,8938,8995,8996,8997,8998,9000,9001
124.272972,73.206972,8907,8908,8937,8938,8956,8957
121.61003,72.664749,8908,8909,8937
121.852927,72.271804,8909,8910,8929,8937,8955,8956
121.855957,72.133283,8910,8911,8928,8929,8936
122.663798,79.065712,8913,8914,8961,8962,8963,8969
122.135459,83.059801,8916,8917,8924,8926,8927
125.336483,81.855607,8917,8918,8923,8924,8970,8971
126.408702,81.863069,8922,8923,8971,8972,9007,9008,9009
127.461623,71.610919,8929,8930,8931,8932,8933,8934,8935,8936,8954,8955
129.069236,71.068675,8930,8931,8951,8952,9028,9029
127.746389,71.598949,8930,8954,9028
130.684266,69.059495,8931,8932,8950,8951,9083,9084
130.642218,68.798561,8932,8933,9011,9012,9083
126.120784,68.52171,8933,8934,9010,9011
129.063041,74.281488,8938,8939,8957,8958,9000
134.144789,75.069125,8939,8940,8941,8942,8943,8944,8958,8959,8960,8999
130.661479,75.203364,8939,8999,9000,9001
133.079538,76.657903,8940,8941,8997,8998,9032,9033
132.533498,76.124181,8940,8998,8999,9001
134.120878,77.064348,8941,8942,9031,9032,9042,9044,9045
138.411877,76.396067,8942,8943,9041,9042
138.396781,76.2621,8943,8944,9041
141.854464,76.392377,8944,8945,8959,9040,9041,9042,9044,9137,9138
137.320135,75.205751,8945,8946,8947,8948,8949,8950,8951,8952,8953,8959,8960,9136
139.452462,74.935888,8945,9136,9137
140.249416,73.470011,8946,8947,9172,9173,9179
139.722433,74.00512,8946,9136,9137,9138,9139,9140,9172
141.058015,70.261533,8947,8948,9086,9087,9089,9178,9179
134.414351,69.73979,8948,8949,9085,9086
133.05773,69.745824,8949,8950,9084,9085
131.732077,72.667076,8952,8953,9029
130.661794,73.196507,8953,8954,8955,8956,8957,8958,8960,9028,9029
126.938848,79.868582,8963,8964,8965,8966,8967,8968,8969,8974,8975
129.085517,79.731045,8964,8965,9030,9031,9043,9045
128.261133,80.123576,8964,8973,8974,9034,9035,9036,9037,9038,9039,9043
128.007763,78.669098,8965,8966,8992,8993,9030
126.92151,78.662727,8966,8967,8991,8992
126.131599,78.13273,8967,8968,8990,8991
128.00338,80.525378,8972,8973,9009,9034
136.289203,58.518902,8978,8979,9056
136.56057,58.528686,8979,8980,9055,9056,9102
136.533386,58.13559,8980,8981,9090,9091,9101,9102,9103,9104,9105,9117
133.877353,56.260105,8981,8982,8983,8985,8986,9090
134.386384,55.074486,8982,8983,9019,9020,9097,9098
135.985394,56.532742,8982,9090,9091,9098
127.732814,52.402932,8983,8986,8987,9003,9019
125.87458,51.064871,8984,8988,9002
125.855374,51.195069,8987,8988,8989,9002,9003,9004,9005,9006
127.756952,77.071965,8993,8994,8995,8996,9030,9031,9032,9033
131.205038,76.53385,8996,8997,9033
131.237836,51.866185,9003,9004,9019,9020,9024,9025
130.672453,67.740019,9012,9013,9074,9075,9083,9084,9085,9086,9088,9089
130.661053,67.600613,9013,9014,9073,9074
130.397491,67.593521,9014,9015,9073
135.183983,65.858535,9015,9016,9017,9018,9047,9048,9073,9074,9075,9076,9077,9080,9081,9082
135.178917,54.661272,9020,9021,9025,9026,9096,9097
134.956856,53.459386,9021,9026,9027,9099
135.742673,53.327263,9021,9095,9096,9099,9100
134.931355,52.790494,9022,9027,9099,9100,9113,9114
130.113768,80.40568,9036,9037,9057,9070
131.220024,80.405458,9037,9038,9070,9072
135.190369,78.140283,9038,9039,9069,9071,9072
135.223156,77.872136,9039,9040,9043,9044,9045,9068,9069
142.415049,76.397268,9040,9067,9068,9138,9139
137.34507,64.273143,9048,9049,9079,9080,9141
137.338982,63.72982,9049,9050,9141,9149
137.608172,63.725215,9050,9051,9148,9149
137.875745,62.537349,9051,9052,9156,9157
138.958756,62.540977,9052,9053,9150,9151,9157,9158
138.933664,61.340016,9053,9054,9121,9130,9133,9134,9150
136.789772,58.538039,9054,9055,9102,9103
167.2,90.0,9059,9060,9299,9300
165.851132,86.804421,9060,9061,9299
165.864368,86.136709,9061,9062,9298,9299,9300,9301,9302,9303,9304,9305,9306,9307,9308,9309,9310,9311,9316,9318,9319
162.953346,84.668115,9062,9063,9297,9298
157.87386,79.334454,9063,9064,9297
157.862526,79.061725,9064,9065,9296,9297,9298,9315,9316
149.064844,74.136244,9065,9066,9237,9238,9296
147.728828,74.931489,9066,9067,9139,9140,9236,9237
137.863553,69.333028,9075,9076,9088,9161,9162,9164
139.992735,69.329911,9076,9077,9163,9164
141.354212,68.802387,9077,9078,9081,9163,9165
139.230103,67.477188,9078,9081,9082,9142,9143
139.739418,67.452025,9078,9143,9144,9165,9166,9167,9168,9170,9171
138.38089,64.275329,9079,9141,9142,9143,9144,9145,9146,9147,9148,9149
138.138952,66.00143,9079,9080,9082,9142
137.877627,69.463542,9087,9088,9089,9161
141.079615,70.143819,9087,9161,9162,9177,9178
138.132041,56.919039,9091,9092,9093,9094,9095,9096,9097,9098,9101
138.399949,57.193994,9092,9093,9116,9119,9120
138.123792,57.20541,9092,9101,9117,9118,9120
138.679528,55.074668,9093,9094,9115,9116
136.264865,53.341247,9094,9095,9100,9114,9115
136.816835,58.268289,9103,9104,9121,9134,9135
138.701796,58.390594,9104,9105,9122,9123,9124,9125,9126,9131,9132,9135
137.859329,57.461355,9105,9117,9118,9122
142.950212,58.797398,9106,9107,9124,9125,9227,9234
139.745728,58.007083,9106
139.73653,57.460761,9106,9107,9108,9109,9110,9111,9112,9118,9119,9120,9122,9123
145.06552,58.671253,9107,9108,9233,9234,9235
144.520387,56.12364,9108,9109,9233,9241,9242
143.977787,54.930836,9109,9110,9190,9191,9241
141.854085,53.860558,9110,9111,9190
136.789771,58.538039,9121
139.745729,58.007083,9123,9124
142.940032,59.47548,9125,9126,9227
144.260403,60.659276,9126,9127,9128,9131,9152,9227,9228,9229,9230,9231,9232,9234,9235
141.149992,60.625,9127,9128,9129,9130,9133
141.960452,60.953202,9127,9130,9150,9151,9152,9153,9159
140.349992,59.108332,9128,9129,9131,9132
138.183328,59.375,9129,9132,9133,9134,9135
143.718358,73.209169,9140,9172,9173,9236
141.06817,66.664963,9144,9145,9170,9185
141.061602,65.991629,9145,9146,9185,9186,9187,9188,9189
142.940684,65.730325,9146,9147,9180,9189
140.80325,64.135009,9147,9148,9155,9180,9181,9182,9183,9184
145.183328,62.258332,9151,9158,9159,9160
144.271259,61.066745,9152,9153,9228
145.594997,62.004785,9153,9154,9159,9160,9228,9229,9262,9263,9264,9265
144.532001,63.069487,9154,9155,9156,9157,9158,9160,9184,9246,9247,9248,9249
145.081976,62.931269,9154,9249,9262
137.608173,63.725215,9155,9156
145.100445,69.880265,9162,9163,9164,9165,9166,9176,9177
146.13067,69.879725,9166,9167,9175,9176,9266,9267,9270
150.123528,68.25574,9167,9168,9269,9270
150.123712,67.457438,9168,9169,9171,9251,9252,9268,9269
144.283193,67.05568,9169,9170,9171,9185,9186
147.756664,66.667925,9169,9186,9187,9250,9251
145.340165,72.270375,9173,9174,9175,9176,9177,9178,9179,9236,9237,9238,9239,9240
147.736877,71.200596,9174,9175,9266,9271,9272,9273,9274
146.9282,72.001929,9174,9240,9271
144.776741,65.607024,9180,9181,9188,9189,9250,9251,9252,9253,9254,9255,9256,9260
145.064256,65.592423,9181,9182,9259,9260,9261
145.057982,65.4787,9182,9183,9246,9247,9258,9259
144.527508,63.19677,9183,9184,9246
144.79442,65.873995,9187,9188,9250
145.337004,54.92952,9191,9192,9193,9194,9219,9220,9241,9242,9243,9245
152.008468,58.40865,9192,9193,9244,9281
148.019273,56.802994,9192,9244,9245
152.270996,58.402044,9193,9194,9280,9281,9339
159.714992,55.070695,9194,9195,9196,9220,9225,9226,9339,9340,9341,9342
163.19858,60.528204,9195,9196,9374,9375,9448,9449,9450,9451
161.605707,59.86598,9195,9342,9375,9376
168.54215,60.929272,9196,9197,9198,9199,9200,9221,9222,9223,9226,9451
166.138675,64.395731,9197,9198,9453,9454,9458,9459
166.662717,63.199289,9197,9450,9451,9454
164.797941,68.397479,9198,9199,9309,9310,9457,9458
167.986246,70.128868,9199,9200,9308,9309
171.220125,71.60144,9200,9201,9221,9307,9308
174.131649,74.407621,9201,9202,9203,9221,9222,9305,9306
171.175587,72.263469,9201,9306,9307
177.341649,76.268002,9202,9203,9303,9304
174.123052,74.663077,9202,9304,9305
177.855659,76.262806,9203,9204,9205,9206,9207,9208,9209,9210,9211,9212,9222,9223,9302,9303
180.0,77.733333,9204,9301,9302
148.278946,61.33749,9229,9230,9265,9287
148.2532,60.531467,9230,9231,9275,9287,9288,9289,9294
147.746573,59.335372,9231,9232,9243,9244,9245,9275,9276,9277,9278,9279,9280,9281
145.869144,57.598795,9232,9233,9235,9242,9243
150.14723,73.605174,9238,9239,9296,9315,9320
150.11519,73.328661,9239,9240,9271,9272,9320,9321,9322
148.801894,65.188981,9247,9248,9258,9282
148.794683,63.605868,9248,9249,9262,9263,9282,9283,9284,9285,9286
151.986143,67.335388,9252,9253,9268,9338
154.420852,66.795901,9253,9254,9337,9338
155.483298,66.797663,9254,9255,9336,9337,9359
155.454628,66.136351,9255,9256,9359,9360,9361,9362,9363,9364,9365
156.242379,65.453255,9256,9257,9260,9261,9323,9324,9325,9326,9329,9365
148.80642,65.339637,9257,9258,9259,9261,9282,9283
150.929289,65.061987,9257,9283,9284,9323
147.737731,62.796582,9263,9264,9286
149.069756,61.597706,9264,9265,9285,9286,9287,9288
150.954407,71.208116,9266,9267,9274,9330
150.419137,69.599899,9267,9268,9269,9270,9330,9331,9332,9333,9334,9335,9336,9337,9338
152.790916,72.007278,9272,9273,9313,9314,9322
152.75364,71.865831,9273,9274,9312,9313,9330,9331
153.588643,61.454021,9275,9276,9293,9294,9295,9350
155.435144,60.539252,9276,9277,9350,9351,9352,9353
155.456964,59.866516,9277,9278,9353
156.804287,59.194628,9278,9279,9340,9341,9352,9353
155.734915,59.207045,9279,9280,9339,9340
150.942055,61.999753,9284,9285,9288,9289,9323,9328,9329
152.804598,61.995003,9289,9294,9295,9327,9328
155.738939,62.403402,9290,9291,9325,9326,9354,9355,9356,9357,9358
153.592455,62.400234,9290,9326,9327,9328,9329
153.599509,62.259529,9290,9291,9292,9293,9295,9327
157.06727,61.993986,9291,9292,9358,9371
156.008211,61.741301,9292,9293,9350,9351,9371,9372,9373,9374,9375,9376
180.0,90.0,9300,9301
164.52365,68.400911,9310,9311,9345,9346,9456,9457
164.534507,69.064797,9311,9317,9319,9344,9345
153.081527,71.8637,9312,9331,9332,9343
153.6061,71.864088,9312,9313,9314,9317,9343,9344
157.854276,75.334927,9314,9317,9318,9319,9321,9322
154.949094,75.342128,9315,9316,9318,9320,9321
156.261828,64.661792,9324,9325,9354
157.076651,65.062549,9324,9354,9355,9364,9365
153.601292,70.92354,9332,9333,9343,9344,9345,9346,9347,9348,9349
157.090212,68.796488,9333,9334,9349,9366,9367
155.760061,67.869368,9334,9335,9366
156.286533,67.064311,9335,9336,9359,9360,9366,9367,9368,9370
159.184331,59.731241,9341,9342,9351,9352,9376
162.65732,67.463304,9346,9347,9385,9386,9455,9456
161.052339,67.470883,9347,9348,9368,9369,9370,9384,9385
157.357945,68.807986,9348,9349,9367,9368
158.138558,64.93364,9355,9356,9363,9364,9410,9411,9440
157.887654,62.261097,9356,9357,9410
157.877069,62.002022,9357,9358,9371,9372,9410,9411,9412,9413,9416
156.53088,67.069085,9360,9361,9369,9370,9383
157.584314,66.525435,9361,9362,9383,9384,9385,9386,9387,9388
162.411317,66.267226,9362,9363,9388,9437,9438,9439,9440
158.39793,66.92999,9369,9383,9384
159.742626,62.008512,9372,9373,9415,9416
161.868543,61.075015,9373,9374,9414,9415,9448
172.268322,18.933108,9379,9380,9382,9469,9470,9471,9472,9473,9474
162.387772,66.5211,9386,9387,9455
162.391221,66.400541,9387,9388,9437,9455,9456,9457,9458,9459
162.659362,-20.378413,9389,9390,9445,9446
166.109038,-20.663378,9390,9391,9392,9407,9408,9445
168.797437,-18.794294,9391,9392,9443,9444
166.128114,-20.125195,9391,9444,9445,9446,9447
169.07944,-18.805918,9392,9408,9409,9443
169.602805,-17.727209,9393,9394,9395,9396,9397,9398,9399,9409,9442,9443,9444,9447
167.998832,-14.132375,9394,9395,9460,9461,9462,9463,9464,9468
170.925788,-16.012209,9395,9396,9467,9468
176.265758,-16.118982,9396,9397,9466,9467
180.0,-15.6,9397,9398,9465,9466
180.0,-20.666667,9398,9399,9479,9480,9481
173.878261,-21.473032,9399,9400,9401,9402,9403,9404,9405,9406,9407,9408,9409,9479
174.674511,-24.258142,9400,9401,9421,9422
177.076307,-23.862567,9400,9422,9423,9479,9481
172.508498,-23.730617,9401,9402,9420,9421
171.47711,-23.99647,9402,9403,9419,9420
170.949857,-23.06445,9403,9404,9418,9419
164.525908,-22.537336,9404,9405,9417,9418
161.329908,64.409261,9411,9412,9439,9440
162.400661,64.39141,9412,9413,9438,9439,9452
162.672126,63.601105,9413,9414,9415,9416,9449,9450,9452,9453,9454
162.65775,61.454931,9414,9448,9449
178.662445,-24.389077,9423,9424,9480,9481
180.0,-25.2,9424,9425,9480
163.453921,65.195228,9437,9438,9452,9453,9459
180.0,17.866667,9471,9472,9476,9477
175.202167,17.863187,9472,9473,9475,9476
-56.806526,19.867277,9487,9488,9524,9525
-59.883336,4.191664,9492,9500,9501
-60.12784,3.810939,9492,9493,9494,9501,9509,9510,9512
-69.600282,38.141905,9552,9553
-74.402675,6.266138,9575,9576,9606
-75.750414,4.934221,9576,9577,9606,9607,9608,9609,9610,9611
-71.468311,22.923037,9579,9580,9581,9582,9583,9584,9586,9643
-77.327879,27.338449,9583,9584,9660,9661,9662,9663,9664,9665,9666,9667,9668,9669,9670,9672
-77.600179,27.3454,9584,9585,9586,9659,9671,9672
-77.583336,36.675,9587,9596,9597
-75.992711,36.250657,9593,9594,9613,9614,9615,9616,9617,9618
-76.514987,0.009835,9624,9625
-84.004913,-4.92678,9630,9631,9632,9633,9634,9652,9653
-82.409208,27.325961,9657,9658,9659,9671,9776
-84.126455,26.842826,9658,9685,9764,9776,9777
-70.683336,28.108332,9662,9663,9680,9683
-74.716672,29.875,9663,9664,9679,9682,9683,9684
-80.783336,30.508332,9664,9665,9678,9679
-85.082828,29.599253,9666,9667,9773,9774,9775
-85.066001,29.474668,9667,9668,9772,9773
-88.278897,29.732403,9668,9669,9772
-79.316672,31.075,9675,9676,9677,9681,9682,9684
-79.383336,31.058332,9678,9679,9681,9682
-84.289469,26.796963,9685,9686,9763,9764,9765,9768,9769
-82.129113,25.336433,9686,9687,9762,9763
-90.144475,51.064676,9690,9691,9692,9693,9694,9695,9696,9794,9795
-103.201155,-63.468688,9698,9699,9862,9863
-105.32343,34.004312,9706,9707,9708,9709,9710,9711,9712,9713,9714,9715,9831,9832
-100.001268,31.057809,9710,9711,9739,9740
-99.992664,31.33861,9711,9712,9738,9739
-97.084792,31.023141,9712,9713,9716,9738,9753,9754,9766,9767
-97.186424,31.393372,9713,9714,9716,9746,9751,9752
-96.27119,30.934876,9716,9752,9753
-108.806629,-19.733652,9722,9735,9736
-114.407933,-20.784086,9731,9732
-96.550008,29.075,9737,9738,9739,9740,9741,9742,9743,9744,9745,9754
-93.150008,27.425,9737,9754,9755,9756,9757,9758,9767,9770,9771
-86.183336,27.458332,9747,9748,9749,9750,9764,9765,9777
-88.780767,26.936523,9758,9759,9760,9768,9769,9771
-112.270007,49.328484,9779,9780,9807,9808
-112.017675,49.332161,9780,9807,9811,9812
-102.678503,53.0613,9782,9783,9821,9822
-102.124411,53.057082,9783,9784,9820,9821
-99.213194,50.940559,9784,9785,9819,9820
-93.093526,48.529344,9785,9786,9787,9788,9789,9790,9791,9792,9793,9794,9795,9796,9818,9819
-96.522607,44.009345,9786,9787,9816,9817
-99.475425,47.343058,9786,9817,9818
-95.250008,43.475,9788,9789,9797,9798,9799,9800,9801,9802
-113.116672,49.258332,9806,9809,9810
-115.986947,-22.265318,9839,9840
-120.26333,48.127623,9846,9847,9856,9899
-122.124291,46.278007,9848,9849,9850,9851,9852,9853,9854,9855,9858,9859,9896
-121.860818,46.806342,9848,9896,9897
-121.339238,47.23774,9848,9858,9860,9891,9892,9893,9895,9897,9898
-122.116434,45.464026,9850,9851,10007,10008,10010
-120.797748,45.46755,9851,9852,10006,10007
-120.469285,47.957278,9856,9857,9860,9892,9899
-120.816672,47.358332,9857,9858,9859,9860
-125.716672,-60.975,9900,9901,9925,9926
-123.516672,-62.141668,9900,9915,9916,9917,9918,9919,9920,9921,9922,9923,9924,9926
-127.547081,-60.808849,9902,9903,9904,9929,9930
-127.750008,-61.158336,9903,9904,9913,9914
-130.410978,-61.463241,9904,9905,9906,9907,9908,9909,9914,9928,9929
-131.194824,-64.261595,9907,9908,10027
-130.250008,-65.275,9909,9910,9911,9912,9913,9914
-122.90695,-64.934637,9915,9916,9960,9961
-121.329142,-64.404516,9916,9917,9959,9960
-114.127063,-60.140001,9921,9922
-119.763659,-59.333988,9922,9923
-133.083337,-13.871344,9934,9955,9956,9975,9976
-132.265227,-13.334036,9934,9935,9942,9943,9976
-122.414218,-12.140084,9936,9937
-133.603411,-19.598328,9950,9951,10015
-138.932858,-13.06322,9966,9967,9968,9969,9970,9971,9972,9973,9974,9982,9983
-139.461955,-14.001078,9967,9982,9985,9986
-138.679697,46.535695,9980,9981
-141.581117,47.881291,9981
-138.409438,-15.734211,9984,9985,9986,9987,9988,10018,10019
-134.116672,-19.858336,10016,10017,10018,10019,10020,10021