0,1,0,-1
1,2,0,1727
2,0,0,1
3,0,1,1810
2,3,1,2
4,3,2,1815
2,4,2,3
5,4,3,1814
2,5,3,4
6,5,4,1813
2,6,4,5
7,6,5,1812
2,7,5,52
8,9,6,1816
9,10,6,1811
10,8,6,7
11,8,7,-1
10,11,7,8
12,11,8,1821
10,12,8,9
13,12,9,1845
10,13,9,10
14,13,10,1844
10,14,10,11
15,14,11,1844
10,15,11,12
16,15,12,1843
10,16,12,13
17,16,13,1842
10,17,13,14
18,17,14,1842
10,18,14,15
19,18,15,1841
10,19,15,16
20,19,16,1840
10,20,16,17
21,20,17,1839
10,21,17,18
22,21,18,1838
10,22,18,19
23,22,19,1838
10,23,19,20
24,23,20,1837
10,24,20,21
25,24,21,1836
10,25,21,22
26,25,22,1835
10,26,22,23
27,26,23,1834
10,27,23,24
28,27,24,1833
10,28,24,25
29,28,25,1832
10,29,25,26
30,29,26,2110
10,30,26,27
31,30,27,2110
10,31,27,28
32,31,28,2109
10,32,28,29
33,32,29,2109
10,33,29,30
34,33,30,2108
10,34,30,31
35,34,31,2107
10,35,31,32
36,35,32,2106
10,36,32,53
37,38,33,1984
38,36,33,1990
36,37,33,34
39,37,34,1697
36,39,34,35
40,39,35,1980
36,40,35,54
41,42,36,1691
42,40,36,1979
40,41,36,37
43,41,37,1975
40,43,37,62
44,45,38,1974
45,43,38,1975
43,44,38,39
46,44,39,1686
43,46,39,40
47,46,40,1859
43,47,40,55
48,49,41,1858
49,47,41,1859
47,48,41,55
50,51,42,1681
51,48,42,1857
48,50,42,43
52,50,43,1735
48,52,43,56
53,54,44,1734
54,52,44,1735
52,53,44,57
55,56,45,1747
56,53,45,1734
53,55,45,46
57,55,46,1733
53,57,46,47
58,57,47,1732
53,58,47,58
59,60,48,1730
60,61,48,1731
61,59,48,49
62,59,49,1730
61,62,49,50
63,62,50,1729
61,63,50,60
2,64,51,1728
64,63,51,1729
63,2,51,52
63,7,52,60
10,7,53,1811
7,36,53,54
7,40,54,61
43,48,55,56
43,52,56,57
43,53,57,58
43,58,58,59
61,58,59,1731
43,61,59,62
61,7,60,61
61,40,61,62
65,66,63,2898
66,67,63,2876
67,65,63,64
68,65,64,3297
67,68,64,65
69,68,65,3296
67,69,65,66
70,69,66,-692
67,70,66,67
71,70,67,-180
67,71,67,68
72,71,68,3451
67,72,68,69
73,72,69,3452
67,73,69,108
74,75,70,3454
75,76,70,3453
76,74,70,110
77,78,71,3455
78,74,71,3454
74,77,71,72
79,77,72,3711
74,79,72,73
80,79,73,3712
74,80,73,110
81,82,74,3714
82,80,74,3713
80,81,74,111
77,83,75,3711
83,84,75,3710
84,77,75,76
85,77,76,3455
84,85,76,77
86,85,77,3456
84,86,77,112
87,88,78,3691
88,86,78,3456
86,87,78,79
89,87,79,3691
86,89,79,112
90,91,80,3458
91,92,80,3689
92,90,80,128
93,94,81,3466
94,95,81,3460
95,93,81,82
96,93,82,3461
95,96,82,129
97,98,83,3467
98,99,83,3471
99,97,83,113
100,101,84,3533
101,97,84,3462
97,100,84,113
102,103,85,3291
103,100,85,3534
100,102,85,86
104,102,86,3805
100,104,86,87
105,104,87,3806
100,105,87,88
106,105,88,3998
100,106,88,89
107,106,89,3991
100,107,89,114
108,109,90,4000
109,107,90,3991
107,108,90,91
110,108,91,3992
107,110,91,115
111,112,92,3993
112,110,92,3992
110,111,92,93
113,111,93,4299
110,113,93,115
114,115,94,4035
115,113,94,4285
113,114,94,116
116,117,95,4036
117,114,95,4035
114,116,95,117
118,119,96,4057
119,116,96,4036
116,118,96,130
120,121,97,4003
121,122,97,4043
122,120,97,118
123,124,98,14445
124,120,98,4003
120,123,98,99
125,123,99,1354,96
120,125,99,100
126,125,100,1353,96
120,126,100,118
127,128,101,1358,96
128,126,101,1353,96
126,127,101,102
129,127,102,3231
126,129,102,103
130,129,103,3379
126,130,103,104
131,130,104,3321
126,131,104,119
132,133,105,3094
133,134,105,3285
134,132,105,106
135,132,106,3071
134,135,106,107
67,135,107,2789
134,67,107,108
134,73,108,109
76,73,109,3453
134,76,109,120
76,80,110,111
76,81,111,120
84,89,112,123
99,100,113,114
99,107,114,125
107,113,115,116
107,114,116,117
107,116,117,126
122,126,118,119
122,131,119,132
134,81,120,121
136,81,121,-180
134,136,121,122
84,136,122,-180
134,84,122,123
134,89,123,124
92,89,124,3689
134,92,124,127
99,96,125,3461
96,107,125,126
96,116,126,129
134,131,127,3322
131,92,127,128
131,90,128,132
95,116,129,130
95,118,130,131
137,118,131,4058
95,137,131,133
122,90,132,134
95,90,133,3459
90,137,133,134
122,137,134,4058
138,139,135,3028
139,140,135,3029
140,138,135,136
141,138,136,3352
140,141,136,137
142,141,137,3473
140,142,137,138
143,142,138,3491
140,143,138,139
144,143,139,3494
140,144,139,157
145,146,140,3654
146,144,140,3494
144,145,140,141
147,145,141,3665
144,147,141,142
148,147,142,3730
144,148,142,158
149,150,143,3664
150,151,143,3731
151,149,143,144
152,149,144,3910
151,152,144,145
153,152,145,3914
151,153,145,146
154,153,146,3913
151,154,146,159
155,156,147,4181
156,154,147,3912
154,155,147,148
157,155,148,4274
154,157,148,149
158,157,149,4129
154,158,149,150
159,158,150,4096
154,159,150,151
160,159,151,3651
154,160,151,152
161,160,152,3650
154,161,152,159
162,163,153,3385
163,164,153,166
164,162,153,154
165,162,154,3369
164,165,154,155
166,165,155,3031
164,166,155,156
140,166,156,3030
164,140,156,157
164,144,157,158
164,148,158,161
151,161,159,160
167,161,160,3649
151,167,160,162
164,167,161,3649
167,148,161,162
151,148,162,3731
168,169,163,3384
169,170,163,3161
170,168,163,164
171,168,164,3389
170,171,164,208
172,173,165,3387
173,171,165,3388
171,172,165,208
163,172,166,3386
172,164,166,167
174,164,167,3653
172,174,167,168
175,174,168,4155
172,175,168,209
176,177,169,4098
177,178,169,4153
178,176,169,170
179,176,170,4133
178,179,170,171
180,179,171,4277
178,180,171,172
181,180,172,295
178,181,172,173
182,181,173,294
178,182,173,174
183,182,174,4575
178,183,174,175
184,183,175,4574
178,184,175,176
185,184,176,4574
178,185,176,177
186,185,177,4540
178,186,177,178
187,186,178,4567
178,187,178,179
188,187,179,241
178,188,179,210
189,190,180,238
190,191,180,239
191,189,180,212
192,193,181,258
193,189,181,238
189,192,181,182
194,192,182,237
189,194,182,183
195,194,183,236
189,195,183,213
196,197,184,256
197,198,184,257
198,196,184,185
199,196,185,3593
198,199,185,215
200,201,186,3724
201,199,186,3635
199,200,186,215
202,203,187,3728
203,204,187,3729
204,202,187,188
205,202,188,3630
204,205,188,189
206,205,189,3874
204,206,189,190
207,206,190,3879
204,207,190,229
208,209,191,3626
209,207,191,3878
207,208,191,217
210,211,192,4088
211,208,192,3626
208,210,192,217
212,213,193,4095
213,210,193,4093
210,212,193,194
214,212,194,4092
210,214,194,218
215,216,195,4369
216,217,195,4091
217,215,195,196
218,215,196,4379
217,218,196,197
219,218,197,4526
217,219,197,198
220,219,198,3481
217,220,198,199
221,220,199,3480
217,221,199,200
222,221,200,3255
217,222,200,201
223,222,201,3276
217,223,201,219
224,225,202,3798
225,226,202,3792
226,224,202,222
227,228,203,3797
228,229,203,3791
229,227,203,204
230,227,204,3499
229,230,204,223
231,232,205,3448
232,230,205,3449
230,231,205,224
233,234,206,3446
234,231,206,3447
231,233,206,207
235,233,207,3162
231,235,207,225
170,172,208,209
170,175,209,226
178,175,210,4154
175,188,210,211
191,188,211,240
175,191,211,212
175,189,212,213
175,195,213,214
236,195,214,235
175,236,214,226
198,200,215,216
204,200,216,3729
198,204,216,233
207,210,217,218
207,214,218,229
217,214,219,4091
214,223,219,220
237,223,220,3254
214,237,220,221
226,237,221,3792
214,226,221,222
214,224,222,230
229,224,223,3791
224,230,223,224
224,231,224,225
224,235,225,231
170,236,226,227
238,236,227,234
170,238,227,228
198,238,228,234
170,198,228,232
204,214,229,230
204,224,230,231
204,235,231,233
170,235,232,3162
235,198,232,233
198,236,234,235
198,195,235,236
198,194,236,237
198,192,237,257
193,190,238,239
193,191,239,240
193,188,240,258
239,187,241,4573
188,239,241,242
240,239,242,4645
188,240,242,243
241,240,243,4651
188,241,243,244
242,241,244,4650
188,242,244,245
243,242,245,4696
188,243,245,246
244,243,246,4188
188,244,246,247
245,244,247,4187
188,245,247,248
246,245,248,4186
188,246,248,259
247,248,249,4185
248,246,249,4186
246,247,249,260
249,250,250,4184
250,247,250,4185
247,249,250,251
251,249,251,4183
247,251,251,261
252,253,252,3596
253,251,252,4183
251,252,252,253
254,252,253,3905
251,254,253,254
255,254,254,3904
251,255,254,262
256,257,255,3594
257,255,255,3904
255,256,255,263
196,256,256,3593
256,197,256,264
197,192,257,264
192,188,258,259
192,246,259,260
192,247,260,261
192,251,261,262
192,255,262,263
192,256,263,264
258,259,265,4213
259,260,265,3661
260,258,265,266
261,258,266,4212
260,261,266,299
262,263,267,4273
263,261,267,4212
261,262,267,268
264,262,268,4398
261,264,268,300
265,266,269,4396
266,264,269,4397
264,265,269,270
267,265,270,4270
264,267,270,271
268,267,271,4284
264,268,271,272
269,268,272,3676
264,269,272,273
270,269,273,4322
264,270,273,274
271,270,274,4399
264,271,274,275
272,271,275,4449
264,272,275,276
273,272,276,4503
264,273,276,277
274,273,277,334
264,274,277,278
275,274,278,5435
264,275,278,279
276,275,279,5370
264,276,279,280
277,276,280,5377
264,277,280,281
278,277,281,5376
264,278,281,282
279,278,282,5375
264,279,282,283
280,279,283,5423
264,280,283,284
281,280,284,4911
264,281,284,285
282,281,285,4910
264,282,285,286
283,282,286,5299
264,283,286,287
284,283,287,5298
264,284,287,288
285,284,288,5298
264,285,288,301
286,287,289,4906
287,285,289,5305
285,286,289,290
288,286,290,4915
285,288,290,291
289,288,291,4543
285,289,291,292
290,289,292,4542
285,290,292,293
182,290,293,4576
285,182,293,294
285,181,294,295
285,180,295,296
291,180,296,4276
285,291,296,301
292,293,297,4281
293,291,297,4276
291,292,297,298
260,292,298,4180
291,260,298,299
291,261,299,300
291,264,300,301
294,295,302,4507
295,273,302,4508
273,294,302,303
296,294,303,4483
273,296,303,335
297,298,304,5712
298,296,304,4482
296,297,304,335
299,300,305,5711
300,297,305,5712
297,299,305,336
301,302,306,4498
302,303,306,5714
303,301,306,307
304,301,307,4481
303,304,307,308
305,304,308,5543
303,305,308,337
306,307,309,5547
307,305,309,5543
305,306,309,344
308,309,310,4479
309,310,310,5546
310,308,310,311
311,308,311,4478
310,311,311,338
312,313,312,4495
313,311,312,4478
311,312,312,313
314,312,313,4477
311,314,313,314
315,314,314,4476
311,315,314,339
316,317,315,4474
317,318,315,4475
318,316,315,341
319,320,316,4472
320,316,316,4473
316,319,316,342
321,322,317,4471
322,319,317,4472
319,321,317,318
323,321,318,5662
319,323,318,319
324,323,319,5661
319,324,319,320
325,324,320,6057
319,325,320,321
326,325,321,6056
319,326,321,322
327,326,322,6055
319,327,322,323
328,327,323,464
319,328,323,324
329,328,324,6634
319,329,324,325
330,329,325,6633
319,330,325,326
331,330,326,6478
319,331,326,327
332,331,327,6496
319,332,327,328
333,332,328,6477
319,333,328,329
334,333,329,6476
319,334,329,342
335,336,330,5613
336,334,330,5933
334,335,330,331
337,335,331,5538
334,337,331,332
338,337,332,5537
334,338,332,346
274,339,333,5435
339,338,333,5536
338,274,333,334
338,273,334,349
273,297,335,336
273,299,336,347
303,340,337,5715
340,305,337,343
310,306,338,5547
306,311,338,339
306,315,339,340
341,315,340,4476
306,341,340,348
318,341,341,4475
341,316,341,345
316,334,342,345
340,299,343,5711
299,305,343,344
299,306,344,347
341,334,345,346
341,338,346,348
273,306,347,349
306,338,348,349
342,343,350,5418
343,344,350,5412
344,342,350,351
345,342,351,5411
344,345,351,410
346,347,352,6474
347,345,352,5410
345,346,352,411
348,349,353,6657
349,346,353,6490
346,348,353,354
350,348,354,6747
346,350,354,411
351,352,355,6770
352,353,355,6764
353,351,355,413
354,355,356,6761
355,356,356,6762
356,354,356,414
357,358,357,6760
358,354,357,6761
354,357,357,358
359,357,358,8968
354,359,358,359
360,359,359,8973
354,360,359,360
361,360,360,8972
354,361,360,361
362,361,361,8971
354,362,361,415
363,364,362,9473
364,362,362,8971
362,363,362,363
365,363,363,9570
362,365,363,416
366,367,364,9468
367,365,364,9577
365,366,364,365
368,366,365,9081
365,368,365,366
369,368,366,9080
365,369,366,367
370,369,367,9079
365,370,367,368
371,370,368,9078
365,371,368,369
372,371,369,9077
365,372,369,424
373,374,370,9028
374,375,370,9076
375,373,370,371
376,373,371,8962
375,376,371,372
377,376,372,7581
375,377,372,373
378,377,373,8710
375,378,373,374
379,378,374,8942
375,379,374,375
380,379,375,8941
375,380,375,417
381,382,376,8708
382,380,376,8940
380,381,376,377
383,381,377,7578
380,383,377,378
384,383,378,7577
380,384,378,425
385,386,379,601
386,387,379,7575
387,385,379,380
388,385,380,600
387,388,380,381
389,388,381,599
387,389,381,382
390,389,382,599
387,390,382,383
391,390,383,6882
387,391,383,384
392,391,384,7230
387,392,384,385
393,392,385,7229
387,393,385,434
394,395,386,7233
395,396,386,7228
396,394,386,418
397,398,387,6879
398,394,387,7233
394,397,387,388
399,397,388,7022
394,399,388,389
400,399,389,7021
394,400,389,390
401,400,390,6625
394,401,390,391
402,401,391,6629
394,402,391,392
403,402,392,6624
394,403,392,418
404,405,393,6627
405,406,393,6628
406,404,393,394
407,404,394,6878
406,407,394,395
408,407,395,6742
406,408,395,396
409,408,396,5879
406,409,396,397
410,409,397,6522
406,410,397,398
411,410,398,6521
406,411,398,399
412,411,399,6520
406,412,399,400
413,412,400,6519
406,413,400,401
414,413,401,6518
406,414,401,419
415,416,402,6525
416,417,402,6526
417,415,402,420
418,419,403,5877
419,415,403,6524
415,418,403,404
420,418,404,5394
415,420,404,420
421,422,405,5481
422,420,405,5393
420,421,405,406
423,421,406,5861
420,423,406,407
424,423,407,5860
420,424,407,429
425,426,408,5859
426,424,408,5860
424,425,408,409
427,425,409,5858
424,427,409,421
344,427,410,5857
427,345,410,421
345,350,411,412
353,350,412,6764
345,353,412,413
345,351,413,422
356,428,414,6762
428,354,414,415
428,362,415,416
428,365,416,431
375,372,417,9076
372,380,417,424
396,403,418,427
406,403,419,6624
403,414,419,435
417,420,420,428
424,345,421,422
424,351,422,423
428,351,423,6763
424,428,423,430
365,380,424,425
365,384,425,426
429,384,426,7577
365,429,426,431
396,393,427,7228
393,403,427,434
417,414,428,6518
414,420,428,429
414,424,429,430
414,428,430,435
428,429,431,432
430,429,432,7576
428,430,432,433
387,430,433,7575
428,387,433,436
387,403,434,436
403,428,435,436
431,432,437,5727
432,433,437,6053
433,431,437,438
434,431,438,6435
433,434,438,466
435,436,439,6438
436,437,439,6439
437,435,439,468
438,439,440,5730
439,440,440,6436
440,438,440,441
441,438,441,6240
440,441,441,442
442,441,442,6239
440,442,442,443
443,442,443,6332
440,443,443,444
444,443,444,537
440,444,444,445
445,444,445,538
440,445,445,446
446,445,446,6932
440,446,446,447
447,446,447,6937
440,447,447,448
448,447,448,6995
440,448,448,469
449,450,449,6997
450,451,449,6998
451,449,449,450
452,449,450,542
451,452,450,451
453,452,451,543
451,453,451,452
454,453,452,543
451,454,452,453
455,454,453,544
451,455,453,454
456,455,454,8730
451,456,454,455
457,456,455,7143
451,457,455,456
458,457,456,7143
451,458,456,457
459,458,457,7142
451,459,457,458
460,459,458,7141
451,460,458,471
461,462,459,7139
462,463,459,7140
463,461,459,460
464,461,460,7139
463,464,460,461
465,464,461,6479
463,465,461,462
466,465,462,6632
463,466,462,463
467,466,463,6631
463,467,463,473
328,468,464,6630
468,327,464,465
469,327,465,6055
468,469,465,475
433,469,466,6054
469,434,466,467
437,434,467,6440
469,437,467,468
469,435,468,476
440,435,469,6437
435,448,469,470
470,448,470,7000
435,470,470,476
451,471,471,6998
471,460,471,472
463,460,472,7140
471,463,472,473
471,467,473,474
468,467,474,6630
471,468,474,475
471,469,475,477
469,470,476,477
471,470,477,6999
472,473,478,6086
473,474,478,6085
474,472,478,493
475,476,479,14233
476,472,479,6086
472,475,479,480
477,475,480,504
472,477,480,481
478,477,481,503
472,478,481,482
479,478,482,6527
472,479,482,483
480,479,483,6527
472,480,483,484
481,480,484,499
472,481,484,493
482,483,485,1303,211
483,484,485,497
484,482,485,486
485,482,486,6393
484,485,486,487
486,485,487,6392
484,486,487,488
487,486,488,6391
484,487,488,489
488,487,489,5701
484,488,489,490
489,488,490,6133
484,489,490,491
490,489,491,6134
484,490,491,492
474,490,492,6084
484,474,492,494
474,481,493,494
484,481,494,498
491,492,495,1295,211
492,493,495,1296,211
493,491,495,514
494,495,496,1294,211
495,491,496,1295,211
491,494,496,515
483,494,497,1294,211
494,484,497,498
494,481,498,499
494,480,499,500
496,480,500,-9926
494,496,500,501
497,496,501,-9926
494,497,501,515
478,498,502,6530
498,497,502,6529
497,478,502,503
497,477,503,516
499,475,504,14232
477,499,504,505
500,499,505,14216
477,500,505,506
501,500,506,6588
477,501,506,507
502,501,507,6617
477,502,507,516
503,504,508,6618
504,502,508,6617
502,503,508,517
505,506,509,6738
506,503,509,6618
503,505,509,510
507,505,510,6572
503,507,510,511
508,507,511,7235
503,508,511,512
509,508,512,6568
503,509,512,513
493,509,513,14136
503,493,513,514
503,491,514,517
491,497,515,518
497,502,516,518
502,491,517,518
510,511,519,1278,211
511,512,519,1279,211
512,510,519,553
513,514,520,8373
514,510,520,1277,211
510,513,520,521
515,513,521,8372
510,515,521,522
516,515,522,7642
510,516,522,523
517,516,523,7643
510,517,523,560
518,519,524,7644
519,517,524,7643
517,518,524,525
520,518,525,7645
517,520,525,526
521,520,526,7646
517,521,526,527
522,521,527,7646
517,522,527,561
523,524,528,7649
524,525,528,7648
525,523,528,529
526,523,529,7655
525,526,529,530
527,526,530,7650
525,527,530,554
528,529,531,14335
529,527,531,7650
527,528,531,565
530,531,532,6732
531,532,532,6789
532,530,532,562
533,534,533,14334
534,530,533,6731
530,533,533,534
535,533,534,14334
530,535,534,555
536,537,535,6329
537,535,535,14333
535,536,535,536
538,536,536,6330
535,538,536,555
443,538,537,6331
538,444,537,538
538,445,538,556
539,540,539,-182
540,445,539,6932
445,539,539,567
541,542,540,6935
542,543,540,6934
543,541,540,541
449,541,541,6996
543,449,541,542
543,452,542,557
452,454,543,558
544,455,544,-2981
454,544,544,545
545,544,545,-2998
454,545,545,546
546,545,546,-2997
454,546,546,547
547,546,547,-2997
454,547,547,548
548,547,548,9103
454,548,548,549
549,548,549,9103
454,549,549,563
550,551,550,9291
551,552,550,9275
552,550,550,551
553,550,551,9290
552,553,551,552
512,553,552,1279,211
552,512,552,553
552,510,553,559
525,522,554,7647
522,527,554,564
530,538,555,556
530,445,556,562
543,539,557,-182
539,452,557,558
539,454,558,568
552,549,559,9104
549,510,559,560
549,517,560,561
549,522,561,563
532,445,562,566
454,522,563,564
454,527,564,565
454,528,565,568
532,554,566,6791
554,445,566,567
554,539,567,569
539,528,568,569
554,528,569,6791
555,556,570,7761
556,557,570,7760
557,555,570,591
558,559,571,7763
559,555,571,7762
555,558,571,592
560,561,572,7765
561,562,572,7764
562,560,572,573
563,560,573,8283
562,563,573,593
564,565,574,8241
565,563,574,8284
563,564,574,594
566,567,575,736
567,564,575,737
564,566,575,576
568,566,576,736
564,568,576,577
569,568,577,1243,292
564,569,577,594
570,571,578,1240,292
571,572,578,1241,292
572,570,578,579
573,570,579,1239,292
572,573,579,596
574,575,580,8378
575,573,580,8632
573,574,580,596
576,577,581,8100
577,574,581,8375
574,576,581,582
578,576,582,7850
574,578,582,583
579,578,583,7851
574,579,583,584
580,579,584,7852
574,580,584,585
581,580,585,5954
574,581,585,586
582,581,586,5955
574,582,586,587
583,582,587,5956
574,583,587,588
584,583,588,5985
574,584,588,589
585,584,589,5957
574,585,589,590
557,585,590,7207
574,557,590,591
574,555,591,592
574,558,592,597
562,558,593,7763
558,563,593,598
563,569,594,595
572,569,595,1242,292
563,572,595,598
572,574,596,597
572,558,597,598
390,388,599,600
390,385,600,601
390,386,601,602
586,386,602,7584
390,586,602,603
587,586,603,8191
390,587,603,604
588,587,604,8315
390,588,604,605
589,588,605,8343
390,589,605,606
590,589,606,8343
390,590,606,607
591,590,607,8351
390,591,607,608
592,591,608,8342
390,592,608,636
593,594,609,9647
594,592,609,8341
592,593,609,610
595,593,610,8336
592,595,610,611
596,595,611,8902
592,596,611,637
597,598,612,8914
598,596,612,8902
596,597,612,613
599,597,613,8913
596,599,613,614
600,599,614,8901
596,600,614,615
601,600,615,8900
596,601,615,638
602,603,616,8919
603,604,616,8911
604,602,616,617
605,602,617,8918
604,605,617,618
606,605,618,8917
604,606,618,619
607,606,619,8910
604,607,619,620
608,607,620,8910
604,608,620,621
609,608,621,9791
604,609,621,622
610,609,622,8449
604,610,622,623
611,610,623,9551
604,611,623,624
612,611,624,8447
604,612,624,625
613,612,625,8446
604,613,625,641
614,615,626,6823
615,613,626,8446
613,614,626,627
616,614,627,7734
613,616,627,628
617,616,628,7733
613,617,628,629
618,617,629,7733
613,618,629,630
619,618,630,7740
613,619,630,631
620,619,631,7732
613,620,631,642
621,622,632,7731
622,620,632,7732
620,621,632,643
623,624,633,4833
624,621,633,4834
621,623,633,634
625,623,634,6885
621,625,634,643
390,626,635,6883
626,625,635,6884
625,390,635,636
625,592,636,637
625,596,637,638
625,601,638,639
627,601,639,8899
625,627,639,640
628,627,640,8899
625,628,640,644
604,628,641,8911
628,613,641,642
628,620,642,644
620,625,643,644
629,630,645,14061
630,631,645,13905
631,629,645,646
632,629,646,9732
631,632,646,647
633,632,647,10160
631,633,647,688
634,635,648,10161
635,633,648,10160
633,634,648,689
636,637,649,9734
637,634,649,10162
634,636,649,650
638,636,650,848
634,638,650,651
639,638,651,10918
634,639,651,689
640,641,652,10920
641,639,652,10919
639,640,652,690
642,643,653,-935
643,640,653,-936
640,642,653,654
644,642,654,11994
640,644,654,655
645,644,655,11995
640,645,655,656
646,645,656,12146
640,646,656,657
647,646,657,12146
640,647,657,690
648,649,658,-1
649,650,658,12148
650,648,658,659
651,648,659,12891
650,651,659,660
652,651,660,12891
650,652,660,661
653,652,661,-3463
650,653,661,691
654,655,662,989
655,653,662,-3463
653,654,662,663
656,654,663,11595
653,656,663,692
657,658,664,11597
658,656,664,11596
656,657,664,693
659,660,665,11599
660,657,665,11598
657,659,665,708
661,662,666,11589
662,663,666,11588
663,661,666,667
664,661,667,982
663,664,667,668
665,664,668,10958
663,665,668,694
666,667,669,10961
667,668,669,10960
668,666,669,670
669,666,670,10961
668,669,670,695
670,671,671,10944
671,669,671,10962
669,670,671,672
672,670,672,10841
669,672,672,710
673,674,673,8222
674,675,673,10781
675,673,673,674
676,673,674,8223
675,676,674,696
677,678,675,8224
678,676,675,8223
676,677,675,676
679,677,676,8225
676,679,676,697
680,681,677,8227
681,679,677,8226
679,680,677,697
682,683,678,6287
683,680,678,8227
680,682,678,679
684,682,679,7759
680,684,679,698
685,686,680,7299
686,684,680,7759
684,685,680,681
687,685,681,7557
684,687,681,682
688,687,682,7749
684,688,682,683
689,688,683,7552
684,689,683,699
690,691,684,7551
691,689,684,7552
689,690,684,700
692,693,685,7549
693,690,685,7550
690,692,685,701
694,695,686,7547
695,692,686,7548
692,694,686,702
696,697,687,1228,79
697,694,687,7546
694,696,687,703
631,696,688,1227,79
696,633,688,704
633,639,689,705
639,647,690,706
650,698,691,12147
698,653,691,692
698,656,692,693
698,657,693,707
663,659,694,11588
659,665,694,709
668,665,695,10959
665,669,695,709
675,672,696,10822
672,676,696,711
676,680,697,698
676,684,698,699
676,689,699,700
676,690,700,701
676,692,701,702
676,694,702,703
676,696,703,704
676,633,704,705
676,639,705,706
676,647,706,712
698,647,707,12147
647,657,707,708
647,659,708,712
659,669,709,710
659,672,710,711
659,676,711,712
699,700,713,8937
700,701,713,8278
701,699,713,714
702,699,714,13940
701,702,714,715
703,702,715,13940
701,703,715,716
704,703,716,717,79
701,704,716,731
705,703,717,8725
704,705,717,718
706,705,718,8725
704,706,718,732
707,708,719,8154
708,706,719,8724
706,707,719,720
709,707,720,8162
706,709,720,721
710,709,721,8153
706,710,721,722
711,710,722,-9129
706,711,722,733
712,713,723,8160
713,714,723,8444
714,712,723,724
715,712,724,8152
714,715,724,725
716,715,725,8152
714,716,725,726
717,716,726,7892
714,717,726,727
718,717,727,8052
714,718,727,728
719,718,728,8134
714,719,728,729
720,719,729,8135
714,720,729,730
721,720,730,8276
714,721,730,734
701,721,731,8277
721,704,731,732
721,706,732,733
721,711,733,734
714,711,734,-9129
568,722,735,1166,292
722,723,735,6375
723,568,735,739
568,567,736,739
724,564,737,8242
567,724,737,738
723,724,738,6376
567,723,738,739
725,726,740,1272
726,727,740,1271
727,725,740,773
728,729,741,9327
729,725,741,9556
725,728,741,742
730,728,742,10771
725,730,742,743
731,730,743,10855
725,731,743,744
732,731,744,10855
725,732,744,787
733,734,745,11078
734,732,745,10854
732,733,745,746
735,733,746,10924
732,735,746,747
736,735,747,10925
732,736,747,783
737,738,748,10934
738,739,748,10926
739,737,748,749
740,737,749,10927
739,740,749,774
741,742,750,10513
742,740,750,10927
740,741,750,775
743,744,751,10515
744,741,751,10514
741,743,751,776
745,746,752,10517
746,747,752,10516
747,745,752,753
748,745,753,10518
747,748,753,777
749,750,754,10806
750,748,754,10519
748,749,754,755
751,749,755,10799
748,751,755,777
752,753,756,10791
753,751,756,10805
751,752,756,757
754,752,757,10790
751,754,757,758
755,754,758,10664
751,755,758,759
756,755,759,10663
751,756,759,760
757,756,760,10592
751,757,760,761
758,757,761,1260
751,758,761,762
759,758,762,1261
751,759,762,763
760,759,763,1262
751,760,763,764
761,760,764,1262
751,761,764,765
762,761,765,10058
751,762,765,766
763,762,766,10057
751,763,766,778
764,765,767,1264
765,766,767,10056
766,764,767,780
767,768,768,1266
768,764,768,1265
764,767,768,769
769,767,769,1267
764,769,769,780
770,771,770,1269
771,772,770,1268
772,770,770,771
773,770,771,1270
772,773,771,782
727,774,772,1271
774,773,772,1270
773,727,772,773
773,725,773,782
739,736,774,10925
736,740,774,775
736,741,775,776
736,743,776,783
747,751,777,778
747,763,778,779
766,763,779,10056
747,766,779,784
766,769,780,781
772,769,781,1267
766,772,781,785
772,725,782,786
732,743,783,787
747,743,784,10515
743,766,784,785
743,772,785,786
743,725,786,787
775,776,788,8963
776,777,788,8187
777,775,788,789
778,775,789,9041
777,778,789,827
779,780,790,9040
780,778,790,9041
778,779,790,828
781,782,791,9039
782,779,791,9040
779,781,791,792
783,781,792,9038
779,783,792,829
784,785,793,10308
785,786,793,9939
786,784,793,839
787,788,794,10312
788,784,794,10313
784,787,794,830
789,790,795,10310
790,787,795,10311
787,789,795,796
791,789,796,10682
787,791,796,830
792,793,797,9936
793,791,797,10682
791,792,797,798
794,792,798,11188
791,794,798,799
795,794,799,11197
791,795,799,800
796,795,800,11129
791,796,800,801
797,796,801,11128
791,797,801,831
798,799,802,11195
799,800,802,11130
800,798,802,803
801,798,803,11540
800,801,803,832
802,803,804,11542
803,801,804,11543
801,802,804,833
804,805,805,11234
805,802,805,11542
802,804,805,806
806,804,806,11861
802,806,806,807
807,806,807,11776
802,807,807,833
808,809,808,11775
809,807,808,11776
807,808,808,809
810,808,809,11287
807,810,809,810
811,810,810,11286
807,811,810,811
812,811,811,10702
807,812,811,812
813,812,812,10701
807,813,812,834
814,815,813,11006
815,813,813,11007
813,814,813,834
816,817,814,11004
817,814,814,11005
814,816,814,835
818,819,815,10657
819,816,815,11003
816,818,815,816
820,818,816,10299
816,820,816,817
821,820,817,10298
816,821,817,836
822,823,818,10297
823,821,818,10298
821,822,818,819
824,822,819,10296
821,824,819,843
825,826,820,8329
826,824,820,10295
824,825,820,821
827,825,821,9129
824,827,821,822
828,827,822,8320
824,828,822,823
829,828,823,8320
824,829,823,824
830,829,824,9142
824,830,824,844
831,832,825,9141
832,833,825,9652
833,831,825,826
777,831,826,9140
833,777,826,827
833,778,827,828
833,779,828,829
833,783,829,837
784,791,830,831
784,797,831,839
800,797,832,11128
797,801,832,842
801,807,833,840
807,814,834,835
807,816,835,836
807,821,836,840
833,834,837,9653
834,783,837,838
786,783,838,9925
834,786,838,841
786,797,839,845
801,821,840,842
834,830,841,9653
830,786,841,844
797,821,842,843
797,824,843,845
824,786,844,845
835,836,846,9736
836,837,846,14054
837,835,846,847
838,835,847,9735
837,838,847,870
636,838,848,9734
838,638,848,849
839,638,849,10918
838,839,849,850
640,839,850,10920
838,640,850,851
840,640,851,-903
838,840,851,852
841,840,852,11300
838,841,852,853
842,841,853,11309
838,842,853,854
843,842,854,11308
838,843,854,855
844,843,855,11307
838,844,855,871
845,846,856,11656
846,844,856,11306
844,845,856,871
847,848,857,12466
848,849,857,12017
849,847,857,858
850,847,858,12473
849,850,858,859
851,850,859,10756
849,851,859,860
852,851,860,10755
849,852,860,861
853,852,861,10754
849,853,861,872
854,855,862,10753
855,853,862,10754
853,854,862,863
856,854,863,10361
853,856,863,864
857,856,864,10643
853,857,864,873
858,859,865,10357
859,857,865,10642
857,858,865,874
860,861,866,10203
861,862,866,10204
862,860,866,876
863,864,867,9985
864,860,867,10203
860,863,867,868
865,863,868,9728
860,865,868,869
837,865,869,9601
860,837,869,870
860,838,870,876
838,845,871,877
849,845,872,11656
845,853,872,873
845,857,873,874
845,858,874,875
866,858,875,10205
845,866,875,877
862,838,876,878
838,866,877,878
862,866,878,10204
867,868,879,9285
868,869,879,10338
869,867,879,880
870,867,880,10054
869,870,880,881
871,870,881,10055
869,871,881,882
872,871,882,9279
869,872,882,883
873,872,883,9500
869,873,883,884
874,873,884,9540
869,874,884,885
875,874,885,-933
869,875,885,886
876,875,886,-678
869,876,886,887
877,876,887,9720
869,877,887,897
878,879,888,9800
879,877,888,9721
877,878,888,889
880,878,889,7157
877,880,889,898
881,882,890,7159
882,880,890,7158
880,881,890,901
883,884,891,10876
884,881,891,7159
881,883,891,892
885,883,892,10877
881,885,892,899
886,887,893,1094
887,885,893,10877
885,886,893,894
888,886,894,1093
885,888,894,895
889,888,895,1158,211
885,889,895,896
890,889,896,1157,211
885,890,896,899
869,891,897,1156,211
891,877,897,898
891,880,898,900
881,890,899,901
891,890,900,1156,211
890,880,900,901
892,893,902,10455
893,894,902,10129
894,892,902,903
895,892,903,1097,49
894,895,903,908
896,897,904,10468
897,898,904,1128,49
898,896,904,905
899,896,905,10468
898,899,905,909
900,901,906,10127
901,902,906,10202
902,900,906,907
894,900,907,10128
902,894,907,908
902,895,908,911
898,895,909,1097,49
895,899,909,910
903,899,910,10467
895,903,910,911
902,903,911,13832
904,905,912,13532
905,906,912,13529
906,904,912,976
907,908,913,11706
908,909,913,11705
909,907,913,914
910,907,914,11706
909,910,914,955
911,912,915,11727
912,910,915,11707
910,911,915,916
913,911,916,11723
910,913,916,917
914,913,917,11708
910,914,917,955
915,916,918,11711
916,917,918,11710
917,915,918,919
918,915,919,11712
917,918,919,920
919,918,920,11712
917,919,920,957
920,921,921,11681
921,919,921,11713
919,920,921,922
922,920,922,11681
919,922,922,981
923,924,923,11725
924,925,923,11683
925,923,923,924
926,923,924,11684
925,926,924,925
927,926,925,11684
925,927,925,958
928,929,926,11687
929,930,926,11686
930,928,926,959
931,932,927,11689
932,928,927,11688
928,931,927,959
933,934,928,11716
934,935,928,11690
935,933,928,929
936,933,929,11691
935,936,929,930
937,936,930,-1
935,937,930,931
938,937,931,13307
935,938,931,932
939,938,932,13308
935,939,932,933
940,939,933,13309
935,940,933,960
941,942,934,13207
942,940,934,13306
940,941,934,935
943,941,935,13087
940,943,935,961
944,945,936,12999
945,946,936,13084
946,944,936,937
947,944,937,12814
946,947,937,938
948,947,938,12355
946,948,938,939
949,948,939,-166
946,949,939,940
950,949,940,-165
946,950,940,963
951,952,941,11737
952,950,941,11736
950,951,941,942
953,951,942,11730
950,953,942,964
954,955,943,11136
955,956,943,11135
956,954,943,944
957,954,944,11136
956,957,944,974
958,959,945,10908
959,960,945,11131
960,958,945,965
961,962,946,10859
962,958,946,10904
958,961,946,947
963,961,947,13741
958,963,947,948
964,963,948,10873
958,964,948,949
965,964,949,10874
958,965,949,966
966,967,950,1153
967,965,950,10875
965,966,950,967
968,969,951,1151
969,966,951,1152
966,968,951,975
970,888,952,1093,211
888,971,952,1150
971,970,952,953
972,970,953,1096,211
971,972,953,954
906,972,954,13529
971,906,954,968
909,914,955,956
973,914,956,11708
909,973,956,969
917,973,957,11709
973,919,957,970
925,922,958,11682
922,927,958,977
930,931,959,971
935,931,960,11689
931,940,960,961
931,943,961,962
946,943,962,13088
931,946,962,963
931,950,963,964
931,953,964,972
960,957,965,11131
957,958,965,966
957,965,966,967
957,966,967,974
971,968,968,1150
968,906,968,980
909,904,969,11704
904,973,969,970
904,919,970,976
930,927,971,11685
927,931,971,972
927,953,972,973
974,953,973,11730
927,974,973,977
956,966,974,975
956,968,975,979
906,919,976,980
922,974,977,978
956,974,978,11335
922,956,978,979
922,968,979,981
968,919,980,981
975,664,982,10957
661,975,982,983
976,975,983,10956
661,976,983,984
977,976,984,12742
661,977,984,985
978,977,985,12747
661,978,985,986
979,978,986,13158
661,979,986,995
980,981,987,12889
981,979,987,-1
979,980,987,988
655,980,988,12888
979,655,988,989
979,654,989,990
982,654,990,11594
979,982,990,991
983,982,991,11593
979,983,991,992
984,983,992,12159
979,984,992,996
985,986,993,11590
986,987,993,11591
987,985,993,997
661,988,994,11589
988,985,994,11590
985,661,994,995
985,979,995,996
985,984,996,997
987,984,997,12158
989,990,998,13689
990,991,998,10982
991,989,998,999
992,989,999,13690
991,992,999,1012
993,994,1000,11845
994,995,1000,13692
995,993,1000,1001
996,993,1001,11844
995,996,1001,1014
997,998,1002,11843
998,996,1002,11844
996,997,1002,1003
999,997,1003,8660
996,999,1003,1004
1000,999,1004,8659
996,1000,1004,1005
1001,1000,1005,12899
996,1001,1005,1015
1002,1003,1006,12763
1003,1001,1006,12904
1001,1002,1006,1016
1004,1005,1007,12635
1005,1002,1007,12680
1002,1004,1007,1008
1006,1004,1008,1121
1002,1006,1008,1009
1007,1006,1009,10985
1002,1007,1009,1010
1008,1007,1010,10984
1002,1008,1010,1016
991,1009,1011,10983
1009,1008,1011,10984
1008,991,1011,1012
1008,992,1012,1013
995,992,1013,13691
1008,995,1013,1014
1008,996,1014,1015
1008,1001,1015,1016
1010,1011,1017,12084
1011,1012,1017,9458
1012,1010,1017,1036
1013,1014,1018,9456
1014,1015,1018,12083
1015,1013,1018,1019
1016,1013,1019,11480
1015,1016,1019,1020
1017,1016,1020,11481
1015,1017,1020,1021
1018,1017,1021,11481
1015,1018,1021,1022
1019,1018,1022,11482
1015,1019,1022,1023
1020,1019,1023,11494
1015,1020,1023,1024
1021,1020,1024,11483
1015,1021,1024,1037
1022,1023,1025,11484
1023,1021,1025,11483
1021,1022,1025,1038
1024,1025,1026,11485
1025,1022,1026,11484
1022,1024,1026,1038
1026,1027,1027,11486
1027,1024,1027,11485
1024,1026,1027,1028
1028,1026,1028,13256
1024,1028,1028,1029
1029,1028,1029,13255
1024,1029,1029,1030
1030,1029,1030,-1
1024,1030,1030,1031
1031,1030,1031,11210
1024,1031,1031,1032
1032,1031,1032,11244
1024,1032,1032,1039
1033,1034,1033,11067
1034,1032,1033,11209
1032,1033,1033,1034
1035,1033,1034,11066
1032,1035,1034,1035
1036,1035,1035,11065
1032,1036,1035,1040
1012,1037,1036,11063
1037,1010,1036,1041
1015,1010,1037,12084
1010,1021,1037,1042
1021,1024,1038,1039
1021,1032,1039,1040
1021,1036,1040,1042
1037,1036,1041,11064
1036,1010,1041,1042
1038,1039,1043,11935
1039,1040,1043,11268
1040,1038,1043,1044
1041,1038,1044,12175
1040,1041,1044,1045
1042,1041,1045,12174
1040,1042,1045,1046
1043,1042,1046,12173
1040,1043,1046,1047
1044,1043,1047,12172
1040,1044,1047,1048
1045,1044,1048,12171
1040,1045,1048,1063
1046,1047,1049,13195
1047,1045,1049,-1
1045,1046,1049,1050
1048,1046,1050,13194
1045,1048,1050,1051
1049,1048,1051,13193
1045,1049,1051,1064
1050,1051,1052,-1
1051,1052,1052,13200
1052,1050,1052,1053
1053,1050,1053,12755
1052,1053,1053,1066
1054,1055,1054,10953
1055,1053,1054,12755
1053,1054,1054,1055
1056,1054,1055,12481
1053,1056,1055,1056
1057,1056,1056,12480
1053,1057,1056,1066
1058,1059,1057,11673
1059,1057,1057,12341
1057,1058,1057,1058
1060,1058,1058,10578
1057,1060,1058,1059
1061,1060,1059,11606
1057,1061,1059,1060
1062,1061,1060,11273
1057,1062,1060,1067
1063,1064,1061,11272
1064,1062,1061,11273
1062,1063,1061,1068
1065,1066,1062,11270
1066,1063,1062,11271
1063,1065,1062,1069
1040,1065,1063,11269
1065,1045,1063,1064
1065,1049,1064,1065
1052,1049,1065,13193
1065,1052,1065,1069
1052,1057,1066,1067
1052,1062,1067,1068
1052,1063,1068,1069
1067,1068,1070,12299
1068,1069,1070,11217
1069,1067,1070,1071
1070,1067,1071,11213
1069,1070,1071,1072
1071,1070,1072,11212
1069,1071,1072,1073
1072,1071,1073,11211
1069,1072,1073,1074
1073,1072,1074,-1
1069,1073,1074,1075
1074,1073,1075,13281
1069,1074,1075,1076
1075,1074,1076,13281
1069,1075,1076,1077
1076,1075,1077,13280
1069,1076,1077,1078
1077,1076,1078,13280
1069,1077,1078,1088
1078,1079,1079,13270
1079,1080,1079,13279
1080,1078,1079,1080
1081,1078,1080,13233
1080,1081,1080,1089
1082,1083,1081,13064
1083,1081,1081,12167
1081,1082,1081,1090
1084,1085,1082,11224
1085,1086,1082,13063
1086,1084,1082,1083
1087,1084,1083,12516
1086,1087,1083,1084
1088,1087,1084,12494
1086,1088,1084,1085
1089,1088,1085,12493
1086,1089,1085,1086
1090,1089,1086,12558
1086,1090,1086,1091
1069,1091,1087,12556
1091,1090,1087,12557
1090,1069,1087,1088
1090,1077,1088,1092
1080,1077,1089,13279
1077,1081,1089,1090
1077,1082,1090,1092
1086,1082,1091,13063
1082,1090,1091,1092
970,886,1093,1094
970,887,1094,1095
1092,887,1095,10878
970,1092,1095,1096
972,1092,1096,11490
898,892,1097,1144
1093,1094,1098,10940
1094,1095,1098,11092
1095,1093,1098,1099
1096,1093,1099,10941
1095,1096,1099,1100
1097,1096,1100,10942
1095,1097,1100,1129
1098,1099,1101,10937
1099,1100,1101,10936
1100,1098,1101,1102
1101,1098,1102,11341
1100,1101,1102,1131
1102,1103,1103,11453
1103,1101,1103,11342
1101,1102,1103,1132
1104,1105,1104,12191
1105,1102,1104,11512
1102,1104,1104,1105
1106,1104,1105,12085
1102,1106,1105,1133
1107,1108,1106,12086
1108,1106,1106,12085
1106,1107,1106,1134
1109,1110,1107,12087
1110,1107,1107,12096
1107,1109,1107,1134
1111,1112,1108,12303
1112,1113,1108,12090
1113,1111,1108,1109
1114,1111,1109,12357
1113,1114,1109,1110
1115,1114,1110,12357
1113,1115,1110,1136
1116,1117,1111,-1637
1117,1118,1111,-2662
1118,1116,1111,1112
1119,1116,1112,12608
1118,1119,1112,1113
1120,1119,1113,12044
1118,1120,1113,1114
1121,1120,1114,12930
1118,1121,1114,1115
1122,1121,1115,12930
1118,1122,1115,1116
1123,1122,1116,12962
1118,1123,1116,1117
1124,1123,1117,12950
1118,1124,1117,1137
1125,1126,1118,12951
1126,1124,1118,12950
1124,1125,1118,1119
1127,1125,1119,12640
1124,1127,1119,1120
1128,1127,1120,12641
1124,1128,1120,1138
1004,1129,1121,12635
1129,1006,1121,1122
1130,1006,1122,10986
1129,1130,1122,1140
1131,1132,1123,11937
1132,1130,1123,10987
1130,1131,1123,1124
1133,1131,1124,11938
1130,1133,1124,1141
1134,1135,1125,10989
1135,1136,1125,11936
1136,1134,1125,1126
1137,1134,1126,13863
1136,1137,1126,1127
897,1137,1127,13717
1136,897,1127,1128
1136,898,1128,1143
1095,892,1129,13728
892,1097,1129,1130
1138,1097,1130,-2662
892,1138,1130,1144
1100,1138,1131,-2662
1138,1101,1131,1132
1138,1102,1132,1133
1138,1106,1133,1145
1106,1109,1134,1135
1139,1109,1135,12087
1106,1139,1135,1146
1113,1140,1136,12089
1140,1115,1136,1147
1118,1115,1137,12358
1115,1124,1137,1138
1115,1128,1138,1139
1129,1128,1139,12641
1115,1129,1139,1140
1115,1130,1140,1141
1115,1133,1141,1142
1141,1133,1142,11939
1115,1141,1142,1148
1136,1141,1143,11939
1141,898,1143,1149
898,1138,1144,1145
898,1106,1145,1146
898,1139,1146,1149
1140,1139,1147,12088
1139,1115,1147,1148
1139,1141,1148,1149
888,968,1150,1151
888,969,1151,1152
888,966,1152,1153
888,967,1153,1154
1142,967,1154,10875
888,1142,1154,1155
869,1142,1155,13740
888,869,1155,1158
869,890,1156,1157
869,889,1157,1158
1143,1144,1159,1214,22
1144,1145,1159,1222,22
1145,1143,1159,1160
1146,1143,1160,1213,22
1145,1146,1160,1179
1147,1148,1161,9586
1148,1149,1161,9583
1149,1147,1161,1162
1150,1147,1162,9582
1149,1150,1162,1194
1151,1152,1163,1245
1152,1153,1163,9581
1153,1151,1163,1164
1154,1151,1164,1244
1153,1154,1164,1165
568,1154,1165,1244
1153,568,1165,1180
1155,722,1166,6374
568,1155,1166,1181
1156,1157,1167,6372
1157,1155,1167,6373
1155,1156,1167,1181
1158,1159,1168,6369
1159,1160,1168,6370
1160,1158,1168,1183
1161,1162,1169,6407
1162,1163,1169,6367
1163,1161,1169,1170
1164,1161,1170,6366
1163,1164,1170,1171
1165,1164,1171,6365
1163,1165,1171,1184
1166,1167,1172,6405
1167,1165,1172,6365
1165,1166,1172,1173
1168,1166,1173,6364
1165,1168,1173,1185
1169,1170,1174,6403
1170,1171,1174,6363
1171,1169,1174,1175
1172,1169,1175,6362
1171,1172,1175,1186
1173,1174,1176,6360
1174,1172,1176,6361
1172,1173,1176,1193
1175,1176,1177,9559
1176,1173,1177,6359
1173,1175,1177,1187
1145,1177,1178,1195,22
1177,1175,1178,6357
1175,1145,1178,1179
1175,1146,1179,1187
1153,1150,1180,9581
1150,568,1180,1189
568,1156,1181,1182
1160,1156,1182,6371
568,1160,1182,1183
568,1158,1183,1189
1163,1178,1184,6367
1178,1165,1184,1185
1178,1168,1185,1191
1171,1168,1186,6363
1168,1172,1186,1192
1173,1146,1187,1188
1149,1146,1188,9583
1173,1149,1188,1193
1150,1158,1189,1190
1178,1158,1190,6368
1150,1178,1190,1191
1150,1168,1191,1192
1150,1172,1192,1194
1172,1149,1193,1194
1179,1177,1195,14203
1145,1179,1195,1215
1180,1181,1196,14202
1181,1179,1196,14206
1179,1180,1196,1197
1182,1180,1197,14201
1179,1182,1197,1215
1183,1184,1198,14198
1184,1185,1198,14199
1185,1183,1198,1223
1186,1187,1199,14196
1187,1188,1199,14197
1188,1186,1199,1200
1189,1186,1200,14195
1188,1189,1200,1201
1190,1189,1201,10110
1188,1190,1201,1202
1191,1190,1202,10111
1188,1191,1202,1203
1192,1191,1203,10112
1188,1192,1203,1204
1193,1192,1204,10088
1188,1193,1204,1205
1194,1193,1205,9889
1188,1194,1205,1206
1195,1194,1206,9889
1188,1195,1206,1217
1196,1197,1207,10080
1197,1198,1207,9887
1198,1196,1207,1219
1199,1200,1208,13800
1200,1196,1208,10080
1196,1199,1208,1209
1201,1199,1209,13815
1196,1201,1209,1210
1202,1201,1210,9808
1196,1202,1210,1211
1203,1202,1211,13896
1196,1203,1211,1212
1204,1203,1212,13896
1196,1204,1212,1219
1146,1205,1213,13895
1205,1143,1213,1214
1205,1144,1214,1221
1145,1182,1215,1216
1185,1182,1216,14200
1145,1185,1216,1222
1188,1183,1217,14197
1183,1195,1217,1218
1198,1195,1218,9887
1183,1198,1218,1224
1198,1204,1219,1220
1205,1204,1220,13895
1198,1205,1220,1221
1198,1144,1221,1224
1144,1185,1222,1223
1144,1183,1223,1224
1206,1207,1225,9514
1207,697,1225,14148
697,1206,1225,1228
631,1208,1226,9512
1208,1206,1226,9513
1206,631,1226,1227
1206,696,1227,1228
1209,1210,1229,9717
1210,1211,1229,9718
1211,1209,1229,1250
1212,1213,1230,1259,22
1213,1209,1230,9716
1209,1212,1230,1231
1214,1212,1231,9680
1209,1214,1231,1232
1215,1214,1232,9679
1209,1215,1232,1233
1216,1215,1233,9678
1209,1216,1233,1251
1217,1218,1234,9530
1218,1216,1234,9677
1216,1217,1234,1235
1219,1217,1235,9531
1216,1219,1235,1236
1220,1219,1236,9526
1216,1220,1236,1251
1221,1222,1237,13949
1222,1223,1237,-1765
1223,1221,1237,1253
1224,1225,1238,13948
1225,1221,1238,13949
1221,1224,1238,1254
573,1224,1239,13948
1224,570,1239,1240
1224,571,1240,1241
1224,572,1241,1242
1224,569,1242,1243
1224,568,1243,1255
568,1151,1244,1255
1226,1152,1245,9580
1151,1226,1245,1246
1227,1226,1246,9670
1151,1227,1246,1247
1228,1227,1247,9669
1151,1228,1247,1248
1229,1228,1248,1257,22
1151,1229,1248,1249
1211,1229,1249,9712
1151,1211,1249,1250
1151,1209,1250,1256
1209,1220,1251,1252
1223,1220,1252,9526
1209,1223,1252,1253
1209,1221,1253,1254
1209,1224,1254,1256
1224,1151,1255,1256
1230,1228,1257,13882
1229,1230,1257,13814
1231,1232,1258,13807
1232,1213,1258,13821
1213,1231,1258,1259
1212,1231,1259,13826
757,1233,1260,10593
1233,758,1260,1261
1233,759,1261,1283
759,761,1262,1263
765,761,1263,10058
759,765,1263,1264
759,764,1264,1265
759,768,1265,1266
759,767,1266,1284
767,772,1267,1268
767,771,1268,1269
767,770,1269,1285
770,774,1270,1286
774,726,1271,1287
1234,725,1272,9557
726,1234,1272,1273
1235,1234,1273,14098
726,1235,1273,1274
1236,1235,1274,14097
726,1236,1274,1275
1237,1236,1275,14117
726,1237,1275,1287
514,1238,1276,13997
1238,1239,1276,14115
1239,514,1276,1277
1239,510,1277,1278
1239,511,1278,1289
511,553,1279,1280
1240,553,1280,13912
511,1240,1280,1290
1241,1242,1281,1292,211
1242,1243,1281,13910
1243,1241,1281,1282
1233,1241,1282,10594
1243,1233,1282,1283
1243,759,1283,1284
1243,767,1284,1285
1243,770,1285,1286
1243,774,1286,1291
774,1237,1287,1288
1239,1237,1288,14116
774,1239,1288,1289
774,511,1289,1290
774,1240,1290,1291
1243,1240,1291,13911
1244,1242,1292,9287
1241,1244,1292,1293
1245,1244,1293,10337
1241,1245,1293,13708
483,495,1294,1302
495,492,1295,1296
495,493,1296,1297
1246,493,1297,7690
495,1246,1297,1298
1247,1246,1298,7690
495,1247,1298,1299
1248,1247,1299,7689
495,1248,1299,1300
1249,1248,1300,1337
495,1249,1300,1301
1250,1249,1301,1304
495,1250,1301,1302
483,1250,1302,1303
482,1250,1303,1304
482,1249,1304,1331
1251,1252,1305,7687
1252,1248,1305,7688
1248,1251,1305,1332
1253,1254,1306,14108
1254,1251,1306,7686
1251,1253,1306,1307
1255,1253,1307,7957
1251,1255,1307,1332
1256,1257,1308,7959
1257,1255,1308,7958
1255,1256,1308,1309
1258,1256,1309,7960
1255,1258,1309,1333
1259,1260,1310,14101
1260,1261,1310,7955
1261,1259,1310,1311
1262,1259,1311,8735
1261,1262,1311,1312
1263,1262,1312,8736
1261,1263,1312,1313
1264,1263,1313,9330
1261,1264,1313,1314
1265,1264,1314,9331
1261,1265,1314,1315
1266,1265,1315,9517
1261,1266,1315,1316
1267,1266,1316,9292
1261,1267,1316,1317
1268,1267,1317,9292
1261,1268,1317,1335
1269,1270,1318,9665
1270,1268,1318,9293
1268,1269,1318,1319
1271,1269,1319,9659
1268,1271,1319,1340
1272,1273,1320,9993
1273,1274,1320,9660
1274,1272,1320,1321
1275,1272,1321,9998
1274,1275,1321,1322
1276,1275,1322,10006
1274,1276,1322,1341
1277,1278,1323,14204
1278,1279,1323,9945
1279,1277,1323,1324
1280,1277,1324,1325,22
1279,1280,1324,1336
1281,1277,1325,6398
1280,1281,1325,1326
1282,1281,1326,6397
1280,1282,1326,1327
1283,1282,1327,6397
1280,1283,1327,1328
1284,1283,1328,6396
1280,1284,1328,1329
1285,1284,1329,6396
1280,1285,1329,1330
482,1285,1330,6395
1280,482,1330,1331
1280,1249,1331,1342
1248,1255,1332,1333
1248,1258,1333,1334
1286,1258,1334,7953
1248,1286,1334,1337
1261,1287,1335,7954
1287,1268,1335,1339
1279,1276,1336,9950
1276,1280,1336,1341
1249,1286,1337,1338
1287,1286,1338,7953
1249,1287,1338,1339
1249,1268,1339,1340
1249,1271,1340,1342
1274,1280,1341,1343
1280,1271,1342,1343
1274,1271,1343,9659
1288,1289,1344,3828
1289,1290,1344,3857
1290,1288,1344,1345
1291,1288,1345,3827
1290,1291,1345,1346
1292,1291,1346,3204
1290,1292,1346,1347
1293,1292,1347,3510
1290,1293,1347,1348
1294,1293,1348,3512
1290,1294,1348,1349
1295,1294,1349,3513
1290,1295,1349,1356
1296,1297,1350,3206
1297,1298,1350,3511
1298,1296,1350,1351
1299,1296,1351,3334
1298,1299,1351,1352
127,1299,1352,3223
1298,127,1352,1357
128,125,1353,1354
128,123,1354,1355
1290,123,1355,3858
128,1290,1355,1356
128,1295,1356,1358
1298,1295,1357,3513
1295,127,1357,1358
1300,1301,1359,1392
1301,1302,1359,-1
1302,1300,1359,1360
1303,1300,1360,1391
1302,1303,1360,1361
1304,1303,1361,1390
1302,1304,1361,1362
1305,1304,1362,1390
1302,1305,1362,1363
1306,1305,1363,1389
1302,1306,1363,1364
1307,1306,1364,1389
1302,1307,1364,1365
1308,1307,1365,1388
1302,1308,1365,-1
1309,1310,1366,1515
1310,1301,1366,-1
1301,1309,1366,1367
1311,1309,1367,1515
1301,1311,1367,1368
1312,1311,1368,1514
1301,1312,1368,1369
1313,1312,1369,1514
1301,1313,1369,1370
1314,1313,1370,1513
1301,1314,1370,1371
1315,1314,1371,1512
1301,1315,1371,1372
1316,1315,1372,1512
1301,1316,1372,1373
1317,1316,1373,1511
1301,1317,1373,1374
1318,1317,1374,1511
1301,1318,1374,1375
1319,1318,1375,1510
1301,1319,1375,1376
1320,1319,1376,1509
1301,1320,1376,1377
1321,1320,1377,1509
1301,1321,1377,1378
1322,1321,1378,1508
1301,1322,1378,1392
1323,1324,1379,1507
1324,1322,1379,1508
1322,1323,1379,1380
1325,1323,1380,1506
1322,1325,1380,1393
1326,1327,1381,1505
1327,1325,1381,1506
1325,1326,1381,1382
1328,1326,1382,1504
1325,1328,1382,1394
1329,1330,1383,1502
1330,1331,1383,1503
1331,1329,1383,1396
1332,1333,1384,1500
1333,1329,1384,1501
1329,1332,1384,1397
1334,1335,1385,1499
1335,1332,1385,1500
1332,1334,1385,1398
1336,1337,1386,1497
1337,1338,1386,1498
1338,1336,1386,1387
1308,1336,1387,-1
1338,1308,1387,1388
1338,1307,1388,1400
1307,1305,1389,1400
1305,1303,1390,1391
1305,1300,1391,1401
1300,1322,1392,1393
1300,1325,1393,1394
1300,1328,1394,1395
1331,1328,1395,1503
1300,1331,1395,1396
1300,1329,1396,1397
1300,1332,1397,1398
1300,1334,1398,1399
1338,1334,1399,1498
1300,1338,1399,1401
1338,1305,1400,1401
1339,1340,1402,1571
1340,1310,1402,-1
1310,1339,1402,1403
1341,1339,1403,1570
1310,1341,1403,1516
1342,1343,1404,1569
1343,1341,1404,1570
1341,1342,1404,1405
1344,1342,1405,1568
1341,1344,1405,1517
1345,1346,1406,1588
1346,1344,1406,1567
1344,1345,1406,1407
1347,1345,1407,1762
1344,1347,1407,1408
1348,1347,1408,1761
1344,1348,1408,1518
1349,1350,1409,1759
1350,1348,1409,1760
1348,1349,1409,1519
1351,1352,1410,1757
1352,1349,1410,1758
1349,1351,1410,1520
1353,1354,1411,1582
1354,1351,1411,1757
1351,1353,1411,1412
1355,1353,1412,1581
1351,1355,1412,1521
1356,1357,1413,1799
1357,1355,1413,1800
1355,1356,1413,1522
1358,1359,1414,1798
1359,1356,1414,1799
1356,1358,1414,1523
1360,1361,1415,1863
1361,1358,1415,1797
1358,1360,1415,1416
1362,1360,1416,1939
1358,1362,1416,1417
1363,1362,1417,1938
1358,1363,1417,1418
1364,1363,1418,1937
1358,1364,1418,1419
1365,1364,1419,1936
1358,1365,1419,1524
1366,1367,1420,1934
1367,1365,1420,1935
1365,1366,1420,1421
1368,1366,1421,1933
1365,1368,1421,1525
1369,1370,1422,1932
1370,1368,1422,1933
1368,1369,1422,1423
1371,1369,1423,1931
1368,1371,1423,1526
1372,1373,1424,1929
1373,1371,1424,1930
1371,1372,1424,1527
1374,1375,1425,1927
1375,1372,1425,1928
1372,1374,1425,1426
1376,1374,1426,1926
1372,1376,1426,1528
1377,1378,1427,1924
1378,1376,1427,1925
1376,1377,1427,1428
1379,1377,1428,1923
1376,1379,1428,1429
1380,1379,1429,1922
1376,1380,1429,1529
1381,1382,1430,1920
1382,1380,1430,1921
1380,1381,1430,1530
1383,1384,1431,1962
1384,1385,1431,1918
1385,1383,1431,1432
1386,1383,1432,1917
1385,1386,1432,1433
1387,1386,1433,1916
1385,1387,1433,1532
1388,1389,1434,2265
1389,1387,1434,1915
1387,1388,1434,1435
1390,1388,1435,2660
1387,1390,1435,1436
1391,1390,1436,2663
1387,1391,1436,1437
1392,1391,1437,2664
1387,1392,1437,1438
1393,1392,1438,2710
1387,1393,1438,1533
1394,1395,1439,2709
1395,1393,1439,2710
1393,1394,1439,1534
1396,1397,1440,2708
1397,1394,1440,2709
1394,1396,1440,1441
1398,1396,1441,2707
1394,1398,1441,1442
1399,1398,1442,2706
1394,1399,1442,1535
1400,1401,1443,2704
1401,1402,1443,2705
1402,1400,1443,1444
1403,1400,1444,2703
1402,1403,1444,1537
1404,1405,1445,2718
1405,1403,1445,2703
1403,1404,1445,1446
1406,1404,1446,2717
1403,1406,1446,1447
1407,1406,1447,2702
1403,1407,1447,1448
1408,1407,1448,2701
1403,1408,1448,1449
1409,1408,1449,2700
1403,1409,1449,1450
1410,1409,1450,2699
1403,1410,1450,1451
1411,1410,1451,2698
1403,1411,1451,1452
1412,1411,1452,2697
1403,1412,1452,1453
1413,1412,1453,2696
1403,1413,1453,1454
1414,1413,1454,-1
1403,1414,1454,1455
1415,1414,1455,2161
1403,1415,1455,1456
1416,1415,1456,2160
1403,1416,1456,1457
1417,1416,1457,2159
1403,1417,1457,1458
1418,1417,1458,2159
1403,1418,1458,1459
1419,1418,1459,2158
1403,1419,1459,1460
1420,1419,1460,2158
1403,1420,1460,1461
1421,1420,1461,2157
1403,1421,1461,1462
1422,1421,1462,2156
1403,1422,1462,1463
1423,1422,1463,2156
1403,1423,1463,1464
1424,1423,1464,2155
1403,1424,1464,1465
1425,1424,1465,2154
1403,1425,1465,1466
1426,1425,1466,2153
1403,1426,1466,1467
1427,1426,1467,2152
1403,1427,1467,1468
1428,1427,1468,2151
1403,1428,1468,1469
1429,1428,1469,2371
1403,1429,1469,1470
1430,1429,1470,2370
1403,1430,1470,1471
1431,1430,1471,2433
1403,1431,1471,1538
1432,1433,1472,2364
1433,1434,1472,2365
1434,1432,1472,1473
1435,1432,1473,2339
1434,1435,1473,1474
1436,1435,1474,2325
1434,1436,1474,1540
1437,1438,1475,2324
1438,1436,1475,2325
1436,1437,1475,1476
1439,1437,1476,2323
1436,1439,1476,1541
1440,1441,1477,2321
1441,1442,1477,2322
1442,1440,1477,1478
1443,1440,1478,2320
1442,1443,1478,1543
1444,1445,1479,2319
1445,1443,1479,2320
1443,1444,1479,1543
1446,1447,1480,2338
1447,1448,1480,2329
1448,1446,1480,1481
1449,1446,1481,2290
1448,1449,1481,1544
1450,1451,1482,2297
1451,1452,1482,2289
1452,1450,1482,1561
1453,1454,1483,2295
1454,1455,1483,2296
1455,1453,1483,1484
1456,1453,1484,2294
1455,1456,1484,1485
1457,1456,1485,2145
1455,1457,1485,1486
1458,1457,1486,2167
1455,1458,1486,1487
1459,1458,1487,2144
1455,1459,1487,1488
1460,1459,1488,2144
1455,1460,1488,1489
1461,1460,1489,2143
1455,1461,1489,1490
1462,1461,1490,2142
1455,1462,1490,1491
1463,1462,1491,2141
1455,1463,1491,1492
1464,1463,1492,2140
1455,1464,1492,1546
1465,1466,1493,2139
1466,1464,1493,2140
1464,1465,1493,1494
1467,1465,1494,2138
1464,1467,1494,1547
1468,1469,1495,2137
1469,1467,1495,2138
1467,1468,1495,1548
1336,1470,1496,-1
1470,1468,1496,2137
1468,1336,1496,1497
1468,1337,1497,1548
1337,1334,1498,1499
1337,1335,1499,1549
1335,1333,1500,1501
1335,1329,1501,1502
1335,1330,1502,1550
1330,1328,1503,1504
1330,1326,1504,1505
1330,1327,1505,1551
1327,1323,1506,1507
1327,1324,1507,1552
1324,1321,1508,1553
1321,1319,1509,1510
1321,1318,1510,1554
1318,1316,1511,1555
1316,1314,1512,1513
1316,1313,1513,1556
1313,1311,1514,1557
1311,1310,1515,1516
1311,1341,1516,1517
1311,1344,1517,1518
1311,1348,1518,1519
1311,1349,1519,1520
1311,1351,1520,1521
1311,1355,1521,1522
1311,1356,1522,1523
1311,1358,1523,1524
1311,1365,1524,1525
1311,1368,1525,1526
1311,1371,1526,1527
1311,1372,1527,1528
1311,1376,1528,1529
1311,1380,1529,1530
1311,1381,1530,1531
1471,1381,1531,1919
1311,1471,1531,1558
1385,1471,1532,1918
1471,1387,1532,1533
1471,1393,1533,1534
1471,1394,1534,1535
1471,1399,1535,1536
1402,1399,1536,2705
1471,1402,1536,1537
1471,1403,1537,1538
1471,1431,1538,1539
1434,1431,1539,2365
1471,1434,1539,1540
1471,1436,1540,1541
1471,1439,1541,1542
1442,1439,1542,2322
1471,1442,1542,1559
1442,1444,1543,1560
1448,1444,1544,2319
1444,1449,1544,1545
1452,1449,1545,2289
1444,1452,1545,1560
1455,1450,1546,2296
1450,1464,1546,1547
1450,1467,1547,1562
1467,1337,1548,1549
1467,1335,1549,1550
1467,1330,1550,1551
1467,1327,1551,1552
1467,1324,1552,1553
1467,1321,1553,1554
1467,1318,1554,1555
1467,1316,1555,1556
1467,1313,1556,1557
1467,1311,1557,1558
1467,1471,1558,1559
1467,1442,1559,1562
1442,1452,1560,1561
1442,1450,1561,1562
1472,1473,1563,1592
1473,1340,1563,-1
1340,1472,1563,1564
1474,1472,1564,1591
1340,1474,1564,1565
1475,1474,1565,1590
1340,1475,1565,1572
1346,1476,1566,1589
1476,1475,1566,1590
1475,1346,1566,1567
1475,1344,1567,1568
1475,1342,1568,1569
1475,1343,1569,1572
1343,1339,1570,1571
1343,1340,1571,1572
1477,1478,1573,1626
1478,1473,1573,-1
1473,1477,1573,1574
1479,1477,1574,1625
1473,1479,1574,1575
1480,1479,1575,1625
1473,1480,1575,1576
1481,1480,1576,1624
1473,1481,1576,1577
1482,1481,1577,1623
1473,1482,1577,1578
1483,1482,1578,1622
1473,1483,1578,1579
1484,1483,1579,1621
1473,1484,1579,1592
1485,1486,1580,1764
1486,1484,1580,1620
1484,1485,1580,1593
1355,1485,1581,1800
1485,1353,1581,1582
1485,1354,1582,1583
1487,1354,1583,1756
1485,1487,1583,1584
1488,1487,1584,1755
1485,1488,1584,1594
1489,1490,1585,1754
1490,1488,1585,1755
1488,1489,1585,1586
1491,1489,1586,1753
1488,1491,1586,1595
1492,1493,1587,1751
1493,1491,1587,1752
1491,1492,1587,1595
1345,1492,1588,1751
1492,1346,1588,1589
1492,1476,1589,1596
1476,1474,1590,1591
1476,1472,1591,1597
1472,1484,1592,1593
1472,1485,1593,1594
1472,1488,1594,1597
1488,1492,1595,1596
1488,1476,1596,1597
1494,1495,1598,1665
1495,1478,1598,-1
1478,1494,1598,1599
1496,1494,1599,1664
1478,1496,1599,1600
1497,1496,1600,1663
1478,1497,1600,1601
1498,1497,1601,1663
1478,1498,1601,1602
1499,1498,1602,1662
1478,1499,1602,1603
1500,1499,1603,1662
1478,1500,1603,1604
1501,1500,1604,1661
1478,1501,1604,1605
1502,1501,1605,1661
1478,1502,1605,1606
1503,1502,1606,1660
1478,1503,1606,1607
1504,1503,1607,1659
1478,1504,1607,1608
1505,1504,1608,1658
1478,1505,1608,1609
1506,1505,1609,1657
1478,1506,1609,1610
1507,1506,1610,1656
1478,1507,1610,1611
1508,1507,1611,1655
1478,1508,1611,1612
1509,1508,1612,1770
1478,1509,1612,1627
1510,1511,1613,1769
1511,1509,1613,1806
1509,1510,1613,1614
1512,1510,1614,1768
1509,1512,1614,1615
1513,1512,1615,1767
1509,1513,1615,1628
1514,1515,1616,1766
1515,1513,1616,1767
1513,1514,1616,1629
1516,1517,1617,1803
1517,1514,1617,1766
1514,1516,1617,1618
1518,1516,1618,1765
1514,1518,1618,1630
1486,1519,1619,1764
1519,1518,1619,1765
1518,1486,1619,1620
1518,1484,1620,1621
1518,1483,1621,1622
1518,1482,1622,1623
1518,1481,1623,1624
1518,1480,1624,1630
1480,1477,1625,1626
1480,1478,1626,1627
1480,1509,1627,1628
1480,1513,1628,1629
1480,1514,1629,1630
1520,1521,1631,1716
1521,1495,1631,-1
1495,1520,1631,1632
1522,1520,1632,1716
1495,1522,1632,1633
1523,1522,1633,1724
1495,1523,1633,1634
1524,1523,1634,1715
1495,1524,1634,1635
1525,1524,1635,1714
1495,1525,1635,1636
1526,1525,1636,1714
1495,1526,1636,1637
1527,1526,1637,1713
1495,1527,1637,1638
1528,1527,1638,1712
1495,1528,1638,1639
1529,1528,1639,1712
1495,1529,1639,1640
1530,1529,1640,1722
1495,1530,1640,1641
1531,1530,1641,1711
1495,1531,1641,1642
1532,1531,1642,1711
1495,1532,1642,1643
1533,1532,1643,1710
1495,1533,1643,1644
1534,1533,1644,1709
1495,1534,1644,1645
1535,1534,1645,1708
1495,1535,1645,1646
1536,1535,1646,1707
1495,1536,1646,1647
1537,1536,1647,1706
1495,1537,1647,1648
1538,1537,1648,1776
1495,1538,1648,1649
1539,1538,1649,1775
1495,1539,1649,1650
1540,1539,1650,1774
1495,1540,1650,1651
1541,1540,1651,1773
1495,1541,1651,1652
1542,1541,1652,1773
1495,1542,1652,1653
1543,1542,1653,1772
1495,1543,1653,1654
1544,1543,1654,1771
1495,1544,1654,1666
1508,1544,1655,1770
1544,1507,1655,1656
1544,1506,1656,1657
1544,1505,1657,1658
1544,1504,1658,1659
1544,1503,1659,1660
1544,1502,1660,1667
1502,1500,1661,1668
1500,1498,1662,1668
1498,1496,1663,1664
1498,1494,1664,1665
1498,1495,1665,1666
1498,1544,1666,1667
1498,1502,1667,1668
1545,1546,1669,-1
1546,1521,1669,-1
1521,1545,1669,1670
1547,1545,1670,1726
1521,1547,1670,1671
1548,1547,1671,1742
1521,1548,1671,1672
1549,1548,1672,1741
1521,1549,1672,1673
1550,1549,1673,1740
1521,1550,1673,1674
1551,1550,1674,1739
1521,1551,1674,1675
1552,1551,1675,1739
1521,1552,1675,1676
1553,1552,1676,1738
1521,1553,1676,1677
1554,1553,1677,1738
1521,1554,1677,1678
1555,1554,1678,1737
1521,1555,1678,1679
1556,1555,1679,1737
1521,1556,1679,1680
50,1556,1680,1736
1521,50,1680,1681
1521,51,1681,1682
1557,51,1682,1857
1521,1557,1682,1683
1558,1557,1683,1861
1521,1558,1683,1684
1559,1558,1684,1860
1521,1559,1684,1685
46,1559,1685,1860
1521,46,1685,1686
1521,44,1686,1687
1560,44,1687,1974
1521,1560,1687,1688
1561,1560,1688,1977
1521,1561,1688,1689
1562,1561,1689,1976
1521,1562,1689,1690
41,1562,1690,1976
1521,41,1690,1691
1521,42,1691,1692
1563,42,1692,1979
1521,1563,1692,1693
1564,1563,1693,1983
1521,1564,1693,1694
1565,1564,1694,1982
1521,1565,1694,1695
1566,1565,1695,1981
1521,1566,1695,1696
39,1566,1696,1980
1521,39,1696,1697
1521,37,1697,1698
1567,37,1698,1986
1521,1567,1698,1717
1568,1569,1699,1985
1569,1567,1699,1986
1567,1568,1699,1718
1570,1571,1700,1988
1571,1568,1700,1985
1568,1570,1700,1701
1572,1570,1701,1988
1568,1572,1701,1719
1573,1574,1702,1780
1574,1572,1702,1992
1572,1573,1702,1703
1575,1573,1703,1779
1572,1575,1703,1704
1576,1575,1704,1778
1572,1576,1704,1720
1537,1577,1705,1777
1577,1576,1705,1778
1576,1537,1705,1706
1576,1536,1706,1707
1576,1535,1707,1708
1576,1534,1708,1709
1576,1533,1709,1710
1576,1532,1710,1721
1532,1530,1711,1725
1529,1527,1712,1713
1529,1526,1713,1722
1526,1524,1714,1715
1526,1523,1715,1723
1522,1521,1716,1717
1522,1567,1717,1718
1522,1568,1718,1719
1522,1572,1719,1720
1522,1576,1720,1721
1522,1532,1721,1724
1530,1526,1722,1723
1530,1523,1723,1725
1523,1532,1724,1725
1,1545,1726,-1
1547,1,1726,1727
1547,2,1727,1728
1547,64,1728,1743
64,62,1729,1744
62,60,1730,1745
60,58,1731,1732
60,57,1732,1733
60,55,1733,1746
56,54,1734,1748
54,50,1735,1736
54,1556,1736,1748
1556,1554,1737,1749
1554,1552,1738,1750
1552,1550,1739,1740
1552,1549,1740,1741
1552,1548,1741,1742
1552,1547,1742,1743
1552,64,1743,1744
1552,62,1744,1745
1552,60,1745,1746
1552,55,1746,1747
1552,56,1747,1750
56,1556,1748,1749
56,1554,1749,1750
1345,1493,1751,1752
1345,1491,1752,1753
1345,1489,1753,1754
1345,1490,1754,1763
1490,1487,1755,1756
1490,1354,1756,1763
1354,1352,1757,1758
1354,1349,1758,1759
1354,1350,1759,1760
1354,1348,1760,1761
1354,1347,1761,1762
1354,1345,1762,1763
1485,1519,1764,1801
1519,1516,1765,1802
1517,1515,1766,1804
1515,1512,1767,1768
1515,1510,1768,1769
1515,1511,1769,1805
1509,1544,1770,1771
1509,1543,1771,1772
1509,1542,1772,1807
1542,1540,1773,1774
1542,1539,1774,1775
1542,1538,1775,1776
1542,1537,1776,1777
1542,1577,1777,1808
1577,1575,1778,1779
1577,1573,1779,1780
1577,1574,1780,1781
1578,1574,1781,1992
1577,1578,1781,1782
1579,1578,1782,2131
1577,1579,1782,1783
1580,1579,1783,2130
1577,1580,1783,1784
1581,1580,1784,2129
1577,1581,1784,1785
1582,1581,1785,2128
1577,1582,1785,1786
1583,1582,1786,2127
1577,1583,1786,1787
1584,1583,1787,1996
1577,1584,1787,1788
1585,1584,1788,1996
1577,1585,1788,1789
1586,1585,1789,1995
1577,1586,1789,1790
1587,1586,1790,1994
1577,1587,1790,1791
1588,1587,1791,1994
1577,1588,1791,1792
1589,1588,1792,1993
1577,1589,1792,1793
1590,1589,1793,1993
1577,1590,1793,1794
1591,1590,1794,1865
1577,1591,1794,1795
1592,1591,1795,1864
1577,1592,1795,1796
1361,1592,1796,1863
1577,1361,1796,1797
1577,1358,1797,1798
1577,1359,1798,1809
1359,1357,1799,1809
1357,1485,1800,1801
1357,1519,1801,1802
1357,1516,1802,1803
1357,1517,1803,1804
1357,1515,1804,1805
1357,1511,1805,1806
1357,1509,1806,1807
1357,1542,1807,1808
1357,1577,1808,1809
8,0,1810,-1
3,8,1810,1815
9,7,1811,1812
9,6,1812,1813
9,5,1813,1814
9,4,1814,1816
4,8,1815,1816
1593,1594,1817,-31426
1594,1595,1817,-31426
1595,1593,1817,1818
1596,1593,1818,-31426
1595,1596,1818,1819
1597,1596,1819,-31426
1595,1597,1819,1820
1598,1597,1820,-31426
1595,1598,1820,-31426
1599,11,1821,-1
12,1599,1821,1845
1600,1601,1822,2193
1601,1599,1822,2172
1599,1600,1822,1846
1602,1603,1823,2191
1603,1600,1823,2192
1600,1602,1823,1824
1604,1602,1824,2190
1600,1604,1824,1847
1605,1606,1825,2203
1606,1607,1825,2189
1607,1605,1825,1826
1608,1605,1826,2188
1607,1608,1826,1849
1609,1610,1827,2186
1610,1611,1827,2187
1611,1609,1827,1851
1612,1613,1828,2183
1613,1614,1828,2184
1614,1612,1828,1829
1615,1612,1829,2206
1614,1615,1829,1830
1616,1615,1830,2205
1614,1616,1830,1853
29,1617,1831,2111
1617,1616,1831,2204
1616,29,1831,1832
1616,28,1832,1833
1616,27,1833,1834
1616,26,1834,1835
1616,25,1835,1836
1616,24,1836,1837
1616,23,1837,1854
23,21,1838,1839
23,20,1839,1840
23,19,1840,1841
23,18,1841,1854
18,16,1842,1843
18,15,1843,1855
15,13,1844,1856
13,1599,1845,1846
13,1600,1846,1847
13,1604,1847,1848
1607,1604,1848,2189
13,1607,1848,1849
13,1608,1849,1850
1611,1608,1850,2187
13,1611,1850,1851
13,1609,1851,1852
1614,1609,1852,2185
13,1614,1852,1853
13,1616,1853,1856
1616,18,1854,1855
1616,15,1855,1856
1557,48,1857,1858
1557,49,1858,1862
49,46,1859,1862
46,1558,1860,1861
46,1557,1861,1862
1360,1592,1863,1864
1360,1591,1864,1865
1360,1590,1865,1866
1618,1590,1866,2067
1360,1618,1866,1867
1619,1618,1867,2066
1360,1619,1867,1868
1620,1619,1868,2065
1360,1620,1868,1869
1621,1620,1869,2065
1360,1621,1869,1870
1622,1621,1870,2064
1360,1622,1870,1871
1623,1622,1871,2064
1360,1623,1871,1872
1624,1623,1872,2063
1360,1624,1872,1873
1625,1624,1873,2062
1360,1625,1873,1874
1626,1625,1874,2061
1360,1626,1874,1875
1627,1626,1875,2060
1360,1627,1875,1876
1628,1627,1876,2059
1360,1628,1876,1939
1629,1630,1877,2057
1630,1631,1877,2058
1631,1629,1877,1878
1632,1629,1878,2056
1631,1632,1878,1940
1633,1634,1879,2054
1634,1635,1879,2055
1635,1633,1879,1941
1636,1637,1880,2105
1637,1633,1880,2054
1633,1636,1880,1881
1638,1636,1881,2053
1633,1638,1881,1942
1639,1640,1882,2051
1640,1638,1882,2052
1638,1639,1882,1943
1641,1642,1883,2092
1642,1643,1883,2050
1643,1641,1883,1944
1644,1645,1884,2047
1645,1646,1884,2048
1646,1644,1884,1885
1647,1644,1885,2993
1646,1647,1885,1886
1648,1647,1886,3024
1646,1648,1886,1887
1649,1648,1887,3044
1646,1649,1887,1888
1650,1649,1888,3048
1646,1650,1888,1889
1651,1650,1889,3043
1646,1651,1889,1945
1652,1653,1890,3042
1653,1651,1890,3043
1651,1652,1890,1946
1654,1655,1891,2469
1655,1652,1891,3041
1652,1654,1891,1892
1656,1654,1892,2468
1652,1656,1892,1893
1657,1656,1893,2467
1652,1657,1893,1894
1658,1657,1894,2466
1652,1658,1894,1947
1659,1660,1895,2463
1660,1661,1895,2464
1661,1659,1895,1896
1662,1659,1896,2462
1661,1662,1896,1949
1663,1664,1897,2460
1664,1662,1897,2461
1662,1663,1897,1950
1665,1666,1898,2495
1666,1663,1898,2460
1663,1665,1898,1899
1667,1665,1899,2459
1663,1667,1899,1900
1668,1667,1900,2458
1663,1668,1900,1901
1669,1668,1901,2457
1663,1669,1901,1951
1670,1671,1902,2238
1671,1669,1902,2457
1669,1670,1902,1951
1672,1673,1903,2235
1673,1674,1903,2236
1674,1672,1903,1954
1675,1676,1904,2233
1676,1677,1904,2234
1677,1675,1904,1956
1678,1679,1905,2288
1679,1680,1905,2278
1680,1678,1905,1906
1681,1678,1906,2287
1680,1681,1906,1907
1682,1681,1907,2277
1680,1682,1907,1971
1683,1684,1908,2276
1684,1682,1908,2277
1682,1683,1908,1958
1685,1686,1909,2274
1686,1683,1909,2275
1683,1685,1909,1910
1687,1685,1910,2273
1683,1687,1910,1958
1688,1689,1911,2271
1689,1687,1911,2272
1687,1688,1911,1912
1690,1688,1912,2270
1687,1690,1912,1959
1691,1692,1913,2268
1692,1690,1913,2269
1690,1691,1913,1914
1693,1691,1914,2267
1690,1693,1914,1960
1389,1693,1915,2266
1693,1387,1915,1916
1693,1386,1916,1917
1693,1383,1917,1961
1384,1471,1918,1919
1384,1381,1919,1920
1384,1382,1920,1921
1384,1380,1921,1922
1384,1379,1922,1923
1384,1377,1923,1924
1384,1378,1924,1925
1384,1376,1925,1926
1384,1374,1926,1927
1384,1375,1927,1928
1384,1372,1928,1929
1384,1373,1929,1930
1384,1371,1930,1931
1384,1369,1931,1932
1384,1370,1932,1963
1370,1366,1933,1934
1370,1367,1934,1935
1370,1365,1935,1936
1370,1364,1936,1937
1370,1363,1937,1938
1370,1362,1938,1964
1362,1628,1939,1972
1631,1628,1940,2058
1628,1632,1940,1965
1635,1632,1941,2055
1632,1633,1941,1942
1632,1638,1942,1943
1632,1639,1943,1965
1643,1639,1944,2050
1639,1641,1944,1966
1646,1641,1945,2049
1641,1651,1945,1946
1641,1652,1946,1947
1641,1658,1947,1948
1694,1658,1948,2465
1641,1694,1948,1967
1661,1694,1949,2464
1694,1662,1949,1950
1694,1663,1950,1968
1663,1670,1951,1952
1695,1670,1952,2237
1663,1695,1952,1953
1674,1695,1953,2236
1663,1674,1953,1954
1663,1672,1954,1955
1677,1672,1955,2234
1663,1677,1955,1956
1663,1675,1956,1957
1696,1675,1957,2232
1663,1696,1957,1969
1682,1687,1958,1959
1682,1690,1959,1960
1682,1693,1960,1961
1682,1383,1961,1962
1682,1384,1962,1963
1682,1370,1963,1964
1682,1362,1964,1971
1628,1639,1965,1966
1628,1641,1966,1967
1628,1694,1967,1968
1628,1663,1968,1969
1628,1696,1969,1970
1697,1696,1970,2231
1628,1697,1970,1972
1680,1362,1971,1973
1362,1697,1972,1973
1680,1697,1973,2231
1560,45,1974,1977
45,41,1975,1978
41,1561,1976,1978
1561,45,1977,1978
1563,40,1979,1983
40,1566,1980,1981
40,1565,1981,1982
40,1564,1982,1983
1571,38,1984,1989
37,1571,1984,1987
1571,1569,1985,1987
1569,37,1986,1987
1572,1571,1988,1989
1572,38,1989,1990
1572,36,1990,1991
1578,36,1991,2106
1572,1578,1991,1992
1590,1588,1993,2068
1588,1586,1994,1995
1588,1585,1995,2069
1585,1583,1996,1997
1698,1583,1997,2126
1585,1698,1997,1998
1699,1698,1998,2125
1585,1699,1998,2070
1700,1701,1999,2123
1701,1702,1999,2124
1702,1700,1999,2000
1703,1700,2000,2122
1702,1703,2000,2072
1704,1705,2001,2120
1705,1706,2001,2121
1706,1704,2001,2074
1707,1708,2002,2118
1708,1704,2002,2119
1704,1707,2002,2075
1709,1710,2003,2220
1710,1711,2003,2116
1711,1709,2003,2004
1712,1709,2004,2219
1711,1712,2004,2077
1713,1714,2005,2218
1714,1712,2005,2219
1712,1713,2005,2078
1715,1716,2006,2357
1716,1713,2006,2217
1713,1715,2006,2007
1717,1715,2007,2356
1713,1717,2007,2008
1718,1717,2008,2355
1713,1718,2008,2009
1719,1718,2009,2355
1713,1719,2009,2010
1720,1719,2010,2354
1713,1720,2010,2011
1721,1720,2011,2353
1713,1721,2011,2012
1722,1721,2012,2352
1713,1722,2012,2079
1723,1724,2013,2351
1724,1722,2013,2352
1722,1723,2013,2014
1725,1723,2014,2350
1722,1725,2014,2080
1726,1727,2015,2410
1727,1725,2015,2350
1725,1726,2015,2016
1728,1726,2016,2645
1725,1728,2016,2017
1729,1728,2017,2658
1725,1729,2017,2018
1730,1729,2018,2657
1725,1730,2018,2081
1731,1732,2019,2655
1732,1733,2019,2656
1733,1731,2019,2083
1734,1735,2020,2653
1735,1731,2020,2654
1731,1734,2020,2084
1736,1737,2021,2723
1737,1734,2021,2652
1734,1736,2021,2022
1738,1736,2022,2743
1734,1738,2022,2023
1739,1738,2023,2742
1734,1739,2023,2085
1740,1741,2024,2741
1741,1739,2024,2742
1739,1740,2024,2025
1742,1740,2025,2749
1739,1742,2025,2086
1743,1744,2026,2762
1744,1742,2026,2763
1742,1743,2026,2027
1745,1743,2027,2761
1742,1745,2027,2087
1746,1747,2028,2634
1747,1745,2028,2760
1745,1746,2028,2029
1748,1746,2029,2633
1745,1748,2029,2030
1749,1748,2030,2632
1745,1749,2030,2031
1750,1749,2031,2631
1745,1750,2031,2032
1751,1750,2032,2447
1745,1751,2032,2087
1752,1753,2033,2434
1753,1754,2033,2435
1754,1752,2033,2098
1755,1756,2034,2442
1756,1757,2034,2443
1757,1755,2034,2035
1758,1755,2035,2450
1757,1758,2035,2088
1759,1760,2036,2640
1760,1758,2036,2641
1758,1759,2036,2089
1761,1762,2037,2639
1762,1759,2037,2640
1759,1761,2037,2038
1763,1761,2038,2638
1759,1763,2038,2039
1764,1763,2039,2774
1759,1764,2039,2040
1765,1764,2040,2780
1759,1765,2040,2041
1766,1765,2041,2780
1759,1766,2041,2042
1767,1766,2042,2803
1759,1767,2042,2090
1768,1769,2043,2894
1769,1770,2043,2810
1770,1768,2043,2044
1771,1768,2044,2908
1770,1771,2044,2045
1772,1771,2045,2988
1770,1772,2045,2046
1644,1772,2046,2994
1770,1644,2046,2047
1770,1645,2047,2048
1770,1646,2048,2049
1770,1641,2049,2091
1642,1639,2050,2051
1642,1640,2051,2052
1642,1638,2052,2053
1642,1636,2053,2102
1637,1634,2054,2093
1634,1632,2055,2056
1634,1629,2056,2057
1634,1630,2057,2093
1630,1628,2058,2059
1630,1627,2059,2060
1630,1626,2060,2061
1630,1625,2061,2062
1630,1624,2062,2063
1630,1623,2063,2094
1623,1621,2064,2095
1621,1619,2065,2066
1621,1618,2066,2067
1621,1590,2067,2068
1621,1588,2068,2069
1621,1585,2069,2070
1621,1699,2070,2071
1702,1699,2071,2124
1621,1702,2071,2072
1621,1703,2072,2073
1706,1703,2073,2121
1621,1706,2073,2074
1621,1704,2074,2075
1621,1707,2075,2076
1711,1707,2076,2117
1621,1711,2076,2077
1621,1712,2077,2078
1621,1713,2078,2079
1621,1722,2079,2080
1621,1725,2080,2081
1621,1730,2081,2082
1733,1730,2082,2656
1621,1733,2082,2083
1621,1731,2083,2084
1621,1734,2084,2085
1621,1739,2085,2086
1621,1742,2086,2096
1742,1751,2087,2096
1757,1773,2088,2444
1773,1758,2088,2089
1773,1759,2089,2090
1773,1767,2090,2104
1770,1774,2091,2811
1774,1641,2091,2092
1774,1642,2092,2101
1637,1630,2093,2094
1637,1623,2094,2095
1637,1621,2095,2103
1621,1751,2096,2097
1754,1751,2097,2436
1621,1754,2097,2098
1621,1752,2098,2099
1775,1752,2099,2434
1621,1775,2099,2100
1773,1775,2100,2445
1621,1773,2100,2103
1774,1767,2101,2812
1767,1642,2101,2102
1767,1636,2102,2104
1637,1773,2103,2105
1773,1636,2104,2105
1578,35,2106,2107
1578,34,2107,2108
1578,33,2108,2132
33,31,2109,2133
31,29,2110,2111
31,1617,2111,2112
1776,1617,2112,2204
31,1776,2112,2113
1777,1776,2113,2223
31,1777,2113,2134
1778,1779,2114,2222
1779,1777,2114,2223
1777,1778,2114,2135
1710,1780,2115,2220
1780,1778,2115,2221
1778,1710,2115,2116
1778,1711,2116,2117
1778,1707,2117,2118
1778,1708,2118,2119
1778,1704,2119,2120
1778,1705,2120,2136
1705,1703,2121,2122
1705,1700,2122,2123
1705,1701,2123,2136
1701,1699,2124,2125
1701,1698,2125,2126
1701,1583,2126,2127
1701,1582,2127,2128
1701,1581,2128,2129
1701,1580,2129,2130
1701,1579,2130,2131
1701,1578,2131,2132
1701,33,2132,2133
1701,31,2133,2134
1701,1777,2134,2135
1701,1778,2135,2136
1470,1469,2137,2163
1469,1465,2138,2139
1469,1466,2139,2164
1466,1463,2140,2141
1466,1462,2141,2142
1466,1461,2142,2143
1466,1460,2143,2165
1460,1458,2144,2166
1781,1456,2145,2293
1457,1781,2145,2146
1782,1781,2146,2318
1457,1782,2146,2147
1783,1782,2147,2318
1457,1783,2147,2148
1784,1783,2148,2336
1457,1784,2148,2168
1785,1786,2149,2373
1786,1787,2149,2341
1787,1785,2149,2150
1428,1785,2150,2372
1787,1428,2150,2151
1787,1427,2151,2152
1787,1426,2152,2153
1787,1425,2153,2154
1787,1424,2154,2155
1787,1423,2155,2170
1423,1421,2156,2157
1423,1420,2157,2170
1420,1418,2158,2171
1418,1416,2159,2160
1418,1415,2160,2161
1418,1414,2161,2162
1470,1414,2162,-1
1418,1470,2162,2163
1418,1469,2163,2164
1418,1466,2164,2165
1418,1460,2165,2166
1418,1458,2166,2167
1418,1457,2167,2168
1418,1784,2168,2169
1787,1784,2169,2335
1418,1787,2169,2171
1787,1420,2170,2171
1788,1599,2172,-1
1601,1788,2172,2173
1789,1788,2173,2312
1601,1789,2173,2194
1790,1791,2174,2311
1791,1789,2174,2312
1789,1790,2174,2195
1792,1793,2175,2308
1793,1794,2175,2309
1794,1792,2175,2176
1795,1792,2176,2214
1794,1795,2176,2177
1796,1795,2177,2213
1794,1796,2177,2197
1797,1798,2178,2212
1798,1796,2178,2213
1796,1797,2178,2179
1799,1797,2179,2211
1796,1799,2179,2198
1800,1801,2180,2209
1801,1802,2180,2210
1802,1800,2180,2200
1803,1804,2181,2208
1804,1800,2181,2209
1800,1803,2181,2201
1612,1805,2182,2207
1805,1803,2182,2208
1803,1612,2182,2183
1803,1613,2183,2184
1803,1614,2184,2185
1803,1609,2185,2186
1803,1610,2186,2202
1610,1608,2187,2188
1610,1605,2188,2202
1606,1604,2189,2190
1606,1602,2190,2191
1606,1603,2191,2192
1606,1600,2192,2193
1606,1601,2193,2194
1606,1789,2194,2195
1606,1790,2195,2196
1794,1790,2196,2310
1606,1794,2196,2197
1606,1796,2197,2198
1606,1799,2198,2199
1802,1799,2199,2210
1606,1802,2199,2200
1606,1800,2200,2201
1606,1803,2201,2203
1803,1605,2202,2203
1776,1616,2204,2205
1776,1615,2205,2206
1776,1612,2206,2207
1776,1805,2207,2224
1805,1804,2208,2225
1804,1801,2209,2226
1801,1799,2210,2211
1801,1797,2211,2212
1801,1798,2212,2227
1798,1795,2213,2214
1798,1792,2214,2215
1806,1792,2215,2344
1798,1806,2215,2216
1807,1806,2216,2343
1798,1807,2216,2228
1716,1807,2217,2343
1807,1713,2217,2218
1807,1714,2218,2229
1714,1709,2219,2230
1709,1780,2220,2221
1709,1778,2221,2222
1709,1779,2222,2230
1779,1776,2223,2224
1779,1805,2224,2225
1779,1804,2225,2226
1779,1801,2226,2227
1779,1798,2227,2228
1779,1807,2228,2229
1779,1714,2229,2230
1680,1696,2231,2232
1680,1675,2232,2233
1680,1676,2233,2278
1676,1672,2234,2235
1676,1673,2235,2279
1673,1695,2236,2237
1673,1670,2237,2238
1673,1671,2238,2239
1808,1671,2239,2493
1673,1808,2239,2240
1809,1808,2240,2493
1673,1809,2240,2241
1810,1809,2241,2492
1673,1810,2241,2242
1811,1810,2242,2491
1673,1811,2242,2243
1812,1811,2243,2491
1673,1812,2243,2244
1813,1812,2244,2490
1673,1813,2244,2245
1814,1813,2245,2490
1673,1814,2245,2246
1815,1814,2246,2489
1673,1815,2246,2247
1816,1815,2247,2488
1673,1816,2247,2280
1817,1818,2248,2487
1818,1816,2248,2488
1816,1817,2248,2281
1819,1820,2249,2485
1820,1821,2249,2486
1821,1819,2249,2250
1822,1819,2250,3015
1821,1822,2250,2251
1823,1822,2251,3015
1821,1823,2251,2252
1824,1823,2252,3023
1821,1824,2252,2253
1825,1824,2253,3011
1821,1825,2253,2283
1826,1827,2254,3008
1827,1828,2254,3009
1828,1826,2254,2285
1829,1830,2255,2768
1830,1826,2255,3007
1826,1829,2255,2256
1831,1829,2256,2768
1826,1831,2256,2257
1832,1831,2257,2767
1826,1832,2257,2258
1833,1832,2258,2766
1826,1833,2258,2259
1834,1833,2259,2766
1826,1834,2259,2260
1835,1834,2260,2765
1826,1835,2260,2261
1836,1835,2261,2765
1826,1836,2261,2262
1837,1836,2262,2666
1826,1837,2262,2263
1838,1837,2263,2661
1826,1838,2263,2264
1388,1838,2264,2660
1826,1388,2264,2265
1826,1389,2265,2266
1826,1693,2266,2267
1826,1691,2267,2268
1826,1692,2268,2269
1826,1690,2269,2270
1826,1688,2270,2271
1826,1689,2271,2272
1826,1687,2272,2273
1826,1685,2273,2274
1826,1686,2274,2275
1826,1683,2275,2276
1826,1684,2276,2286
1684,1681,2277,2286
1679,1676,2278,2279
1679,1673,2279,2280
1679,1816,2280,2281
1679,1817,2281,2282
1821,1817,2282,2486
1679,1821,2282,2283
1679,1825,2283,2284
1828,1825,2284,2995
1679,1828,2284,2285
1679,1826,2285,2288
1826,1681,2286,2287
1826,1678,2287,2288
1451,1449,2289,2290
1451,1446,2290,2298
1839,1840,2291,2316
1840,1446,2291,2337
1446,1839,2291,2298
1841,1842,2292,2314
1842,1839,2292,2315
1839,1841,2292,2299
1781,1841,2293,2314
1841,1456,2293,2294
1841,1453,2294,2295
1841,1454,2295,2300
1454,1450,2296,2297
1454,1451,2297,2300
1451,1839,2298,2299
1451,1841,2299,2300
1843,1844,2301,2574
1844,1788,2301,-1
1788,1843,2301,2302
1845,1843,2302,2514
1788,1845,2302,2303
1846,1845,2303,2377
1788,1846,2303,2304
1847,1846,2304,2376
1788,1847,2304,2305
1848,1847,2305,2375
1788,1848,2305,2306
1849,1848,2306,2375
1788,1849,2306,2313
1792,1850,2307,2344
1850,1849,2307,2374
1849,1792,2307,2308
1849,1793,2308,2309
1849,1794,2309,2310
1849,1790,2310,2311
1849,1791,2311,2313
1791,1788,2312,2313
1781,1842,2314,2315
1781,1839,2315,2316
1781,1840,2316,2317
1783,1840,2317,2337
1781,1783,2317,2318
1448,1445,2319,2330
1445,1440,2320,2321
1445,1441,2321,2331
1441,1439,2322,2323
1441,1437,2323,2324
1441,1438,2324,2331
1438,1435,2325,2326
1851,1435,2326,2339
1438,1851,2326,2327
1852,1851,2327,2342
1438,1852,2327,2328
1853,1852,2328,2333
1438,1853,2328,2332
1447,1853,2329,2333
1853,1448,2329,2330
1853,1445,2330,2332
1445,1438,2331,2332
1447,1852,2333,2334
1787,1852,2334,2342
1447,1787,2334,2335
1447,1784,2335,2336
1447,1783,2336,2338
1783,1446,2337,2338
1851,1432,2339,2340
1786,1432,2340,2364
1851,1786,2340,2341
1851,1787,2341,2342
1716,1806,2343,2358
1806,1850,2344,2345
1854,1850,2345,2374
1806,1854,2345,2359
1855,1856,2346,2415
1856,1854,2346,2416
1854,1855,2346,2360
1857,1858,2347,2414
1858,1855,2347,2415
1855,1857,2347,2348
1859,1857,2348,2413
1855,1859,2348,2361
1727,1860,2349,2411
1860,1859,2349,2412
1859,1727,2349,2362
1727,1723,2350,2351
1727,1724,2351,2362
1724,1721,2352,2353
1724,1720,2353,2354
1724,1719,2354,2363
1719,1717,2355,2356
1719,1715,2356,2357
1719,1716,2357,2358
1719,1806,2358,2359
1719,1854,2359,2360
1719,1855,2360,2361
1719,1859,2361,2363
1859,1724,2362,2363
1786,1433,2364,2373
1433,1431,2365,2366
1861,1431,2366,2432
1433,1861,2366,2367
1862,1861,2367,2431
1433,1862,2367,2368
1863,1862,2368,2431
1433,1863,2368,2369
1430,1863,2369,2433
1433,1430,2369,2370
1433,1429,2370,2371
1433,1428,2371,2372
1433,1785,2372,2373
1854,1849,2374,2416
1849,1847,2375,2376
1849,1846,2376,2377
1849,1845,2377,2378
1864,1845,2378,2552
1849,1864,2378,2379
1865,1864,2379,2551
1849,1865,2379,2380
1866,1865,2380,2550
1849,1866,2380,2381
1867,1866,2381,2549
1849,1867,2381,2417
1868,1869,2382,2548
1869,1867,2382,2549
1867,1868,2382,2418
1870,1871,2383,2547
1871,1868,2383,2548
1868,1870,2383,2419
1872,1873,2384,2545
1873,1874,2384,2546
1874,1872,2384,2385
1875,1872,2385,2544
1874,1875,2385,2421
1876,1877,2386,2542
1877,1878,2386,2543
1878,1876,2386,2423
1879,1880,2387,2540
1880,1881,2387,2541
1881,1879,2387,2388
1882,1879,2388,2539
1881,1882,2388,2425
1883,1884,2389,3514
1884,1882,2389,2538
1882,1883,2389,2390
1885,1883,2390,3409
1882,1885,2390,2391
1886,1885,2391,3403
1882,1886,2391,2392
1887,1886,2392,3393
1882,1887,2392,2393
1888,1887,2393,3169
1882,1888,2393,2394
1889,1888,2394,3169
1882,1889,2394,2426
1890,1891,2395,3363
1891,1892,2395,3172
1892,1890,2395,2396
1893,1890,2396,3183
1892,1893,2396,2397
1894,1893,2397,3074
1892,1894,2397,2398
1895,1894,2398,3073
1892,1895,2398,2399
1896,1895,2399,3072
1892,1896,2399,2400
1897,1896,2400,2728
1892,1897,2400,2401
1898,1897,2401,2728
1892,1898,2401,2402
1899,1898,2402,2886
1892,1899,2402,2403
1900,1899,2403,2885
1892,1900,2403,2404
1901,1900,2404,2884
1892,1901,2404,2405
1902,1901,2405,2883
1892,1902,2405,2406
1903,1902,2406,2726
1892,1903,2406,2407
1904,1903,2407,2648
1892,1904,2407,2428
1905,1906,2408,2647
1906,1904,2408,2648
1904,1905,2408,2409
1907,1905,2409,2646
1904,1907,2409,2428
1726,1907,2410,2645
1907,1727,2410,2411
1907,1860,2411,2412
1907,1859,2412,2413
1907,1857,2413,2414
1907,1858,2414,2429
1858,1856,2415,2430
1856,1849,2416,2417
1856,1867,2417,2418
1856,1868,2418,2419
1856,1870,2419,2420
1874,1870,2420,2546
1856,1874,2420,2421
1856,1875,2421,2422
1878,1875,2422,2543
1856,1878,2422,2423
1856,1876,2423,2424
1881,1876,2424,2541
1856,1881,2424,2425
1856,1882,2425,2426
1856,1889,2426,2427
1892,1889,2427,3172
1856,1892,2427,2430
1892,1907,2428,2429
1892,1858,2429,2430
1863,1861,2431,2432
1863,1431,2432,2433
1775,1753,2434,2435
1775,1754,2435,2446
1908,1751,2436,2447
1754,1908,2436,2437
1909,1908,2437,2456
1754,1909,2437,2438
1910,1909,2438,2455
1754,1910,2438,2439
1911,1910,2439,2454
1754,1911,2439,2446
1912,1913,2440,2452
1913,1911,2440,2453
1911,1912,2440,2441
1755,1912,2441,2451
1911,1755,2441,2442
1911,1756,2442,2443
1911,1757,2443,2444
1911,1773,2444,2445
1911,1775,2445,2446
1908,1750,2447,2448
1914,1750,2448,2631
1908,1914,2448,2449
1915,1914,2449,2642
1908,1915,2449,2456
1758,1915,2450,2641
1915,1755,2450,2451
1915,1912,2451,2452
1915,1913,2452,2453
1915,1911,2453,2454
1915,1910,2454,2455
1915,1909,2455,2456
1671,1668,2457,2458
1671,1667,2458,2459
1671,1665,2459,2494
1666,1664,2460,2461
1666,1662,2461,2462
1666,1659,2462,2463
1666,1660,2463,2496
1660,1694,2464,2465
1660,1658,2465,2466
1660,1657,2466,2467
1660,1656,2467,2468
1660,1654,2468,2469
1660,1655,2469,2470
1916,1655,2470,3040
1660,1916,2470,2497
1917,1918,2471,3136
1918,1916,2471,3040
1916,1917,2471,2472
1919,1917,2472,3129
1916,1919,2472,2508
1920,1921,2473,3134
1921,1919,2473,3135
1919,1920,2473,2498
1922,1923,2474,3117
1923,1920,2474,3118
1920,1922,2474,2498
1924,1925,2475,3126
1925,1922,2475,3117
1922,1924,2475,2499
1926,1927,2476,3124
1927,1928,2476,3125
1928,1926,2476,2500
1929,1930,2477,3123
1930,1926,2477,3124
1926,1929,2477,2500
1931,1932,2478,3121
1932,1929,2478,3122
1929,1931,2478,2501
1933,1934,2479,3154
1934,1931,2479,3120
1931,1933,2479,2501
1935,1936,2480,3245
1936,1933,2480,3154
1933,1935,2480,2481
1937,1935,2481,3244
1933,1937,2481,2502
1938,1939,2482,3270
1939,1937,2482,3244
1937,1938,2482,2483
1940,1938,2483,3269
1937,1940,2483,2484
1941,1940,2484,3243
1937,1941,2484,2502
1819,1941,2485,3243
1941,1820,2485,2503
1820,1817,2486,2487
1820,1818,2487,2504
1818,1815,2488,2489
1818,1814,2489,2505
1814,1812,2490,2506
1812,1810,2491,2492
1812,1809,2492,2507
1809,1671,2493,2494
1809,1665,2494,2495
1809,1666,2495,2496
1809,1660,2496,2497
1809,1916,2497,2512
1919,1922,2498,2499
1919,1924,2499,2508
1928,1929,2500,2510
1929,1933,2501,2510
1933,1941,2502,2503
1933,1820,2503,2504
1933,1818,2504,2505
1933,1814,2505,2506
1933,1812,2506,2507
1933,1809,2507,2511
1916,1924,2508,2509
1942,1924,2509,3116
1916,1942,2509,2512
1928,1933,2510,2511
1928,1809,2511,2513
1809,1942,2512,2513
1928,1942,2513,3116
1943,1843,2514,2574
1845,1943,2514,2515
1944,1943,2515,2573
1845,1944,2515,2553
1945,1946,2516,2571
1946,1944,2516,2572
1944,1945,2516,2517
1947,1945,2517,-1
1944,1947,2517,2518
1948,1947,2518,2575
1944,1948,2518,2519
1949,1948,2519,2615
1944,1949,2519,2520
1950,1949,2520,2614
1944,1950,2520,2554
1951,1952,2521,2613
1952,1950,2521,2614
1950,1951,2521,2555
1953,1954,2522,2611
1954,1955,2522,2612
1955,1953,2522,2523
1956,1953,2523,2610
1955,1956,2523,2557
1957,1958,2524,2608
1958,1959,2524,2609
1959,1957,2524,2559
1960,1961,2525,2607
1961,1957,2525,2608
1957,1960,2525,2560
1962,1963,2526,2605
1963,1960,2526,2606
1960,1962,2526,2561
1964,1965,2527,2603
1965,1962,2527,2604
1962,1964,2527,2569
1966,1967,2528,2601
1967,1968,2528,2602
1968,1966,2528,2529
1969,1966,2529,3049
1968,1969,2529,2530
1970,1969,2530,3067
1968,1970,2530,2531
1971,1970,2531,3066
1968,1971,2531,2532
1972,1971,2532,3065
1968,1972,2532,2562
1973,1974,2533,3063
1974,1975,2533,3064
1975,1973,2533,2564
1976,1977,2534,3061
1977,1973,2534,3062
1973,1976,2534,2535
1978,1976,2535,3703
1973,1978,2535,2536
1979,1978,2536,3515
1973,1979,2536,2537
1884,1979,2537,3514
1973,1884,2537,2538
1973,1882,2538,2539
1973,1879,2539,2540
1973,1880,2540,2565
1880,1876,2541,2542
1880,1877,2542,2566
1877,1875,2543,2544
1877,1872,2544,2545
1877,1873,2545,2567
1873,1870,2546,2547
1873,1871,2547,2570
1871,1869,2548,2568
1869,1866,2549,2550
1869,1865,2550,2551
1869,1864,2551,2552
1869,1845,2552,2553
1869,1944,2553,2554
1869,1950,2554,2555
1869,1951,2555,2556
1955,1951,2556,2612
1869,1955,2556,2557
1869,1956,2557,2558
1959,1956,2558,2609
1869,1959,2558,2559
1869,1957,2559,2560
1869,1960,2560,2561
1869,1962,2561,2568
1968,1964,2562,2602
1964,1972,2562,2563
1975,1972,2563,3064
1964,1975,2563,2564
1964,1973,2564,2565
1964,1880,2565,2566
1964,1877,2566,2567
1964,1873,2567,2569
1871,1962,2568,2570
1962,1873,2569,2570
1945,1844,2571,-1
1844,1946,2571,2572
1844,1944,2572,2573
1844,1943,2573,2574
1980,1947,2575,-1
1948,1980,2575,2576
1981,1980,2576,2817
1948,1981,2576,2577
1982,1981,2577,2860
1948,1982,2577,2578
1983,1982,2578,2860
1948,1983,2578,2579
1984,1983,2579,2859
1948,1984,2579,2616
1985,1986,2580,2858
1986,1984,2580,2859
1984,1985,2580,2581
1987,1985,2581,2857
1984,1987,2581,2617
1988,1989,2582,2856
1989,1987,2582,2857
1987,1988,2582,2618
1990,1991,2583,2854
1991,1988,2583,2855
1988,1990,2583,2619
1992,1993,2584,2852
1993,1990,2584,2853
1990,1992,2584,2620
1994,1995,2585,4249
1995,1992,2585,2851
1992,1994,2585,2621
1996,1997,2586,4254
1997,1998,2586,4255
1998,1996,2586,2587
1999,1996,2587,4989
1998,1999,2587,2588
2000,1999,2588,4989
1998,2000,2588,2623
2001,2002,2589,4933
2002,2000,2589,4994
2000,2001,2589,2590
2003,2001,2590,4943
2000,2003,2590,2591
2004,2003,2591,4732
2000,2004,2591,2624
2005,2006,2592,4560
2006,2004,2592,4612
2004,2005,2592,2593
2007,2005,2593,3420
2004,2007,2593,2594
2008,2007,2594,3419
2004,2008,2594,2595
2009,2008,2595,3419
2004,2009,2595,2596
2010,2009,2596,3438
2004,2010,2596,2597
2011,2010,2597,3418
2004,2011,2597,2598
2012,2011,2598,3417
2004,2012,2598,2625
2013,2014,2599,3051
2014,2012,2599,3416
2012,2013,2599,2600
2015,2013,2600,3050
2012,2015,2600,2625
1966,2015,2601,3049
2015,1967,2601,2626
1967,1964,2602,2603
1967,1965,2603,2604
1967,1962,2604,2605
1967,1963,2605,2606
1967,1960,2606,2607
1967,1961,2607,2627
1961,1958,2608,2628
1958,1956,2609,2610
1958,1953,2610,2611
1958,1954,2611,2629
1954,1951,2612,2613
1954,1952,2613,2630
1952,1949,2614,2615
1952,1948,2615,2616
1952,1984,2616,2617
1952,1987,2617,2618
1952,1988,2618,2619
1952,1990,2619,2620
1952,1992,2620,2621
1952,1994,2621,2622
1998,1994,2622,4256
1952,1998,2622,2623
1952,2000,2623,2624
1952,2004,2624,2630
2004,2015,2625,2626
2004,1967,2626,2627
2004,1961,2627,2628
2004,1958,2628,2629
2004,1954,2629,2630
1914,1749,2631,2632
1914,1748,2632,2633
1914,1746,2633,2642
2016,1747,2634,2800
1746,2016,2634,2635
2017,2016,2635,2782
1746,2017,2635,2636
2018,2017,2636,2781
1746,2018,2636,2637
1763,2018,2637,2781
1746,1763,2637,2638
1746,1761,2638,2639
1746,1762,2639,2643
1762,1760,2640,2644
1760,1915,2641,2644
1915,1746,2642,2643
1915,1762,2643,2644
1728,1907,2645,2646
1728,1905,2646,2647
1728,1906,2647,2659
1906,1903,2648,2649
2019,1903,2649,2725
1906,2019,2649,2650
2020,2019,2650,2724
1906,2020,2650,2651
1737,2020,2651,2723
1906,1737,2651,2652
1906,1734,2652,2653
1906,1735,2653,2654
1906,1731,2654,2655
1906,1732,2655,2659
1732,1730,2656,2657
1732,1729,2657,2658
1732,1728,2658,2659
1390,1838,2660,2661
1390,1837,2661,2662
2021,1837,2662,2665
1390,2021,2662,2663
1391,2021,2663,2664
1392,2021,2664,2665
1392,1837,2665,2666
1392,1836,2666,2667
2022,1836,2667,2772
1392,2022,2667,2668
2023,2022,2668,3095
1392,2023,2668,2669
2024,2023,2669,3095
1392,2024,2669,2670
2025,2024,2670,3102
1392,2025,2670,2671
2026,2025,2671,3101
1392,2026,2671,2711
2027,2028,2672,3099
2028,2026,2672,3100
2026,2027,2672,2712
2029,2030,2673,3098
2030,2027,2673,3099
2027,2029,2673,2674
2031,2029,2674,3111
2027,2031,2674,2675
2032,2031,2675,3586
2027,2032,2675,2676
2033,2032,2676,3591
2027,2033,2676,2677
2034,2033,2677,3889
2027,2034,2677,2678
2035,2034,2678,3901
2027,2035,2678,2679
2036,2035,2679,2928
2027,2036,2679,2680
2037,2036,2680,2928
2027,2037,2680,2681
2038,2037,2681,2976
2027,2038,2681,2682
2039,2038,2682,2927
2027,2039,2682,2683
2040,2039,2683,2927
2027,2040,2683,2684
2041,2040,2684,2926
2027,2041,2684,2685
2042,2041,2685,2926
2027,2042,2685,2686
2043,2042,2686,2925
2027,2043,2686,2687
2044,2043,2687,2924
2027,2044,2687,2688
2045,2044,2688,2924
2027,2045,2688,2689
2046,2045,2689,2923
2027,2046,2689,2712
2047,2048,2690,2922
2048,2046,2690,2923
2046,2047,2690,2691
2049,2047,2691,2921
2046,2049,2691,2713
2050,2051,2692,2970
2051,2052,2692,2919
2052,2050,2692,2693
2053,2050,2693,2918
2052,2053,2693,2694
2054,2053,2694,2917
2052,2054,2694,2716
1413,2055,2695,-1
2055,2054,2695,2917
2054,1413,2695,2696
2054,1412,2696,2697
2054,1411,2697,2698
2054,1410,2698,2699
2054,1409,2699,2700
2054,1408,2700,2701
2054,1407,2701,2702
2054,1406,2702,2716
1405,1400,2703,2704
1405,1401,2704,2718
1401,1399,2705,2706
1401,1398,2706,2707
1401,1396,2707,2708
1401,1397,2708,2719
1397,1395,2709,2720
1395,1392,2710,2711
1395,2026,2711,2720
2026,2046,2712,2713
2026,2049,2713,2714
2056,2049,2714,2920
2026,2056,2714,2715
2052,2056,2715,2919
2026,2052,2715,2721
2052,1406,2716,2717
2052,1404,2717,2721
1404,1401,2718,2719
1404,1397,2719,2722
1397,2026,2720,2722
2026,1404,2721,2722
1736,2020,2723,2724
1736,2019,2724,2725
1736,1903,2725,2744
2057,1902,2726,2883
1903,2057,2726,2745
2058,2059,2727,2887
2059,2057,2727,2888
2057,2058,2727,2746
1898,1896,2728,2729
2060,1896,2729,3072
1898,2060,2729,2730
2061,2060,2730,3079
1898,2061,2730,2748
2062,2063,2731,3077
2063,2061,2731,3078
2061,2062,2731,2732
2064,2062,2732,3237
2061,2064,2732,2733
2065,2064,2733,3086
2061,2065,2733,2734
2066,2065,2734,3086
2061,2066,2734,2735
2067,2066,2735,2753
2061,2067,2735,2736
2068,2067,2736,2764
2061,2068,2736,2737
2069,2068,2737,2752
2061,2069,2737,2738
2070,2069,2738,2751
2061,2070,2738,2739
2071,2070,2739,2750
2061,2071,2739,2740
1740,2071,2740,2749
2061,1740,2740,2741
2061,1741,2741,2748
1741,1738,2742,2743
1741,1736,2743,2744
1741,1903,2744,2745
1741,2057,2745,2746
1741,2058,2746,2747
1898,2058,2747,2887
1741,1898,2747,2748
1742,2071,2749,2750
1742,2070,2750,2751
1742,2069,2751,2752
1742,2068,2752,2763
2072,2066,2753,3070
2067,2072,2753,2754
2073,2072,2754,2787
2067,2073,2754,2755
2074,2073,2755,2813
2067,2074,2755,2756
2075,2074,2756,2813
2067,2075,2756,2757
2076,2075,2757,2783
2067,2076,2757,2758
2077,2076,2758,2801
2067,2077,2758,2759
1747,2077,2759,2800
2067,1747,2759,2760
2067,1745,2760,2761
2067,1743,2761,2762
2067,1744,2762,2764
1744,2068,2763,2764
1836,1834,2765,2773
1834,1832,2766,2767
1834,1831,2767,2773
1831,1830,2768,2769
2078,1830,2769,3006
1831,2078,2769,2770
2079,2078,2770,3103
1831,2079,2770,2771
2022,2079,2771,3114
1831,2022,2771,2772
1831,1836,2772,2773
2080,1763,2774,2797
1764,2080,2774,2775
2081,2080,2775,2796
1764,2081,2775,2776
2082,2081,2776,2795
1764,2082,2776,2777
2083,2082,2777,2804
1764,2083,2777,2778
2084,2083,2778,2804
1764,2084,2778,2779
1766,2084,2779,2803
1764,1766,2779,2780
1763,2017,2781,2798
2085,2016,2782,2802
2017,2085,2782,2799
2076,2085,2783,2802
2085,2075,2783,2784
2086,2075,2784,2816
2085,2086,2784,2785
2087,2086,2785,2815
2085,2087,2785,2786
2088,2087,2786,2815
2085,2088,2786,2799
2073,2088,2787,2814
2088,2072,2787,2788
135,2072,2788,3071
2088,135,2788,2789
2088,67,2789,2790
2089,67,2790,2875
2088,2089,2790,2791
2090,2089,2791,2874
2088,2090,2791,2792
2091,2090,2792,2874
2088,2091,2792,2793
2092,2091,2793,2873
2088,2092,2793,2794
2082,2092,2794,2805
2088,2082,2794,2795
2088,2081,2795,2796
2088,2080,2796,2797
2088,1763,2797,2798
2088,2017,2798,2799
2016,2077,2800,2801
2016,2076,2801,2802
1767,2084,2803,2812
2084,2082,2804,2805
2084,2092,2805,2806
2093,2092,2806,2873
2084,2093,2806,2807
2094,2093,2807,2882
2084,2094,2807,2808
2095,2094,2808,2889
2084,2095,2808,2809
1769,2095,2809,2889
2084,1769,2809,2810
2084,1770,2810,2811
2084,1774,2811,2812
2075,2073,2813,2814
2075,2088,2814,2816
2088,2086,2815,2816
2096,1980,2817,-1
1981,2096,2817,2818
2097,2096,2818,8654
1981,2097,2818,2819
2098,2097,2819,8654
1981,2098,2819,2820
2099,2098,2820,8689
1981,2099,2820,2821
2100,2099,2821,8653
1981,2100,2821,2822
2101,2100,2822,8652
1981,2101,2822,2823
2102,2101,2823,8651
1981,2102,2823,2824
2103,2102,2824,8650
1981,2103,2824,2825
2104,2103,2825,8650
1981,2104,2825,2826
2105,2104,2826,8649
1981,2105,2826,2827
2106,2105,2827,8649
1981,2106,2827,2828
2107,2106,2828,8648
1981,2107,2828,2861
2108,2109,2829,7876
2109,2107,2829,8648
2107,2108,2829,2830
2110,2108,2830,8039
2107,2110,2830,2831
2111,2110,2831,8039
2107,2111,2831,2832
2112,2111,2832,8038
2107,2112,2832,2833
2113,2112,2833,8037
2107,2113,2833,2834
2114,2113,2834,8036
2107,2114,2834,2862
2115,2116,2835,8035
2116,2114,2835,8036
2114,2115,2835,2836
2117,2115,2836,8034
2114,2117,2836,2863
2118,2119,2837,7872
2119,2117,2837,8034
2117,2118,2837,2864
2120,2121,2838,6902
2121,2118,2838,7872
2118,2120,2838,2839
2122,2120,2839,6901
2118,2122,2839,2865
2123,2124,2840,6910
2124,2125,2840,6900
2125,2123,2840,2841
2126,2123,2841,6899
2125,2126,2841,2867
2127,2128,2842,6898
2128,2126,2842,6899
2126,2127,2842,2868
2129,2130,2843,6897
2130,2127,2843,6898
2127,2129,2843,2869
2131,2132,2844,6001
2132,2129,2844,6897
2129,2131,2844,2845
2133,2131,2845,6065
2129,2133,2845,2846
2134,2133,2846,6064
2129,2134,2846,2847
2135,2134,2847,5011
2129,2135,2847,2848
2136,2135,2848,5010
2129,2136,2848,2870
2137,2138,2849,4250
2138,2136,2849,5009
2136,2137,2849,2850
1995,2137,2850,4249
2136,1995,2850,2851
2136,1992,2851,2852
2136,1993,2852,2853
2136,1990,2853,2854
2136,1991,2854,2855
2136,1988,2855,2856
2136,1989,2856,2871
1989,1985,2857,2858
1989,1986,2858,2871
1986,1983,2859,2872
1983,1981,2860,2861
1983,2107,2861,2862
1983,2114,2862,2863
1983,2117,2863,2864
1983,2118,2864,2865
1983,2122,2865,2866
2125,2122,2866,6900
1983,2125,2866,2867
1983,2126,2867,2868
1983,2127,2868,2869
1983,2129,2869,2870
1983,2136,2870,2872
2136,1986,2871,2872
2093,2091,2873,2882
2091,2089,2874,2875
2091,67,2875,2876
2091,66,2876,2877
2139,66,2877,2897
2091,2139,2877,2878
2140,2139,2878,2896
2091,2140,2878,2879
2141,2140,2879,2896
2091,2141,2879,2880
2142,2141,2880,2895
2091,2142,2880,2881
2094,2142,2881,2890
2091,2094,2881,2882
2057,1901,2883,2884
2057,1900,2884,2885
2057,1899,2885,2886
2057,1898,2886,2888
1898,2059,2887,2888
1769,2094,2889,2890
1769,2142,2890,2891
2143,2142,2891,2895
1769,2143,2891,2892
2144,2143,2892,2911
1769,2144,2892,2893
2145,2144,2893,2910
1769,2145,2893,2894
1768,2145,2894,2909
2143,2141,2895,2911
2141,2139,2896,2897
2141,66,2897,2898
2141,65,2898,2912
2146,2147,2899,3081
2147,65,2899,3297
65,2146,2899,2900
2148,2146,2900,3080
65,2148,2900,2901
2149,2148,2901,3080
65,2149,2901,2912
2150,2151,2902,3082
2151,2152,2902,3083
2152,2150,2902,2903
2153,2150,2903,3349
2152,2153,2903,2904
2154,2153,2904,3350
2152,2154,2904,2905
2155,2154,2905,3026
2152,2155,2905,2906
2156,2155,2906,2989
2152,2156,2906,2915
1771,2157,2907,2988
2157,2156,2907,2989
2156,1771,2907,2908
2156,1768,2908,2909
2156,2145,2909,2910
2156,2144,2910,2916
2144,2141,2911,2916
2141,2149,2912,2913
2158,2149,2913,3084
2141,2158,2913,2914
2152,2158,2914,3083
2141,2152,2914,2915
2141,2156,2915,2916
2055,2053,2917,2918
2055,2050,2918,2969
2051,2056,2919,2920
2051,2049,2920,2921
2051,2047,2921,2922
2051,2048,2922,2971
2048,2045,2923,2972
2045,2043,2924,2925
2045,2042,2925,2973
2042,2040,2926,2974
2040,2038,2927,2975
2037,2035,2928,2929
2159,2035,2929,3901
2037,2159,2929,2930
2160,2159,2930,3900
2037,2160,2930,2931
2161,2160,2931,3899
2037,2161,2931,2932
2162,2161,2932,3898
2037,2162,2932,2933
2163,2162,2933,3897
2037,2163,2933,2934
2164,2163,2934,3896
2037,2164,2934,2935
2165,2164,2935,5805
2037,2165,2935,2936
2166,2165,2936,5899
2037,2166,2936,2937
2167,2166,2937,5910
2037,2167,2937,2938
2168,2167,2938,5910
2037,2168,2938,2939
2169,2168,2939,5909
2037,2169,2939,2940
2170,2169,2940,5909
2037,2170,2940,2941
2171,2170,2941,5908
2037,2171,2941,2942
2172,2171,2942,5907
2037,2172,2942,2943
2173,2172,2943,6659
2037,2173,2943,2944
2174,2173,2944,6813
2037,2174,2944,2945
2175,2174,2945,6818
2037,2175,2945,2946
2176,2175,2946,6858
2037,2176,2946,2977
2177,2178,2947,5598
2178,2176,2947,7017
2176,2177,2947,2977
2179,2180,2948,5596
2180,2181,2948,5597
2181,2179,2948,2949
2182,2179,2949,5595
2181,2182,2949,2979
2183,2184,2950,5594
2184,2182,2950,5595
2182,2183,2950,2980
2185,2186,2951,4945
2186,2183,2951,5594
2183,2185,2951,2981
2187,2188,2952,6700
2188,2189,2952,4962
2189,2187,2952,2953
2190,2187,2953,6707
2189,2190,2953,2954
2191,2190,2954,6944
2189,2191,2954,2955
2192,2191,2955,6949
2189,2192,2955,2956
2193,2192,2956,6954
2189,2193,2956,2957
2194,2193,2957,6981
2189,2194,2957,2958
2195,2194,2958,6985
2189,2195,2958,2959
2196,2195,2959,6984
2189,2196,2959,2982
2197,2198,2960,7122
2198,2196,2960,6983
2196,2197,2960,2961
2199,2197,2961,6536
2196,2199,2961,2983
2200,2201,2962,7254
2201,2202,2962,6539
2202,2200,2962,2963
2203,2200,2963,7253
2202,2203,2963,2964
2204,2203,2964,4104
2202,2204,2964,2965
2205,2204,2965,4104
2202,2205,2965,2966
2206,2205,2966,4103
2202,2206,2966,2967
2207,2206,2967,4102
2202,2207,2967,2985
2055,2208,2968,-1
2208,2207,2968,4102
2207,2055,2968,2969
2207,2050,2969,2970
2207,2051,2970,2971
2207,2048,2971,2972
2207,2045,2972,2973
2207,2042,2973,2974
2207,2040,2974,2975
2207,2038,2975,2976
2207,2037,2976,2986
2037,2177,2977,2978
2181,2177,2978,5597
2037,2181,2978,2979
2037,2182,2979,2980
2037,2183,2980,2981
2037,2185,2981,2986
2189,2209,2982,4963
2209,2196,2982,2983
2209,2199,2983,2984
2202,2199,2984,6536
2209,2202,2984,2985
2209,2207,2985,2987
2207,2185,2986,2987
2209,2185,2987,4964
1772,2157,2988,2994
2157,2155,2989,2990
2210,2155,2990,3025
2157,2210,2990,2991
2211,2210,2991,3025
2157,2211,2991,2992
1647,2211,2992,3024
2157,1647,2992,2993
2157,1644,2993,2994
2212,1825,2995,3014
1828,2212,2995,3009
2213,2214,2996,3176
2214,2212,2996,3013
2212,2213,2996,3010
2215,2216,2997,3342
2216,2213,2997,3176
2213,2215,2997,2998
2217,2215,2998,3495
2213,2217,2998,2999
2218,2217,2999,3497
2213,2218,2999,3000
2219,2218,3000,3575
2213,2219,3000,3001
2220,2219,3001,3576
2213,2220,3001,3002
2221,2220,3002,3105
2213,2221,3002,3003
2222,2221,3003,3105
2213,2222,3003,3004
2223,2222,3004,3104
2213,2223,3004,3005
2078,2223,3005,3103
2213,2078,3005,3006
2213,1830,3006,3007
2213,1826,3007,3008
2213,1827,3008,3010
1827,2212,3009,3010
2224,1824,3011,3023
1825,2224,3011,3014
2214,2225,3012,3173
2225,2224,3012,3022
2224,2214,3012,3013
2224,2212,3013,3014
1823,1819,3015,3016
2226,1819,3016,3267
1823,2226,3016,3017
2227,2226,3017,3266
1823,2227,3017,3018
2228,2227,3018,3265
1823,2228,3018,3019
2229,2228,3019,3474
1823,2229,3019,3020
2230,2229,3020,3339
1823,2230,3020,3021
2225,2230,3021,3173
1823,2225,3021,3022
1823,2224,3022,3023
1648,2211,3024,3044
2211,2155,3025,3026
2211,2154,3026,3027
138,2154,3027,3351
2211,138,3027,3028
2211,139,3028,3029
2211,140,3029,3030
2211,166,3030,3031
2211,165,3031,3032
2231,165,3032,3369
2211,2231,3032,3033
2232,2231,3033,3368
2211,2232,3033,3034
2233,2232,3034,3140
2211,2233,3034,3035
2234,2233,3035,3139
2211,2234,3035,3045
2235,2236,3036,3311
2236,2234,3036,3139
2234,2235,3036,3037
2237,2235,3037,3310
2234,2237,3037,3038
2238,2237,3038,3137
2234,2238,3038,3039
1918,2238,3039,3136
2234,1918,3039,3046
1918,1655,3040,3041
1918,1652,3041,3042
1918,1653,3042,3046
1653,1650,3043,3047
1649,2211,3044,3045
1649,2234,3045,3048
2234,1653,3046,3047
2234,1650,3047,3048
1969,2015,3049,3050
1969,2013,3050,3051
1969,2014,3051,3052
2239,2014,3052,3416
1969,2239,3052,3053
2240,2239,3053,3436
1969,2240,3053,3068
2241,2242,3054,3435
2242,2240,3054,3436
2240,2241,3054,3055
2243,2241,3055,3434
2240,2243,3055,3069
2244,2245,3056,3432
2245,2243,3056,3433
2243,2244,3056,3057
2246,2244,3057,3846
2243,2246,3057,3058
2247,2246,3058,3763
2243,2247,3058,3059
2248,2247,3059,3763
2243,2248,3059,3060
1976,2248,3060,3704
2243,1976,3060,3061
2243,1977,3061,3062
2243,1973,3062,3063
2243,1974,3063,3069
1974,1972,3064,3065
1974,1971,3065,3066
1974,1970,3066,3067
1974,1969,3067,3068
1974,2240,3068,3069
132,2066,3070,3094
2072,132,3070,3071
2060,1895,3072,3073
2060,1894,3073,3074
2060,1893,3074,3079
2249,2250,3075,3239
2250,1893,3075,3210
1893,2249,3075,3076
2062,2249,3076,3238
1893,2062,3076,3077
1893,2063,3077,3078
1893,2061,3078,3079
2149,2146,3080,3081
2149,2147,3081,3085
2150,2147,3082,3298
2147,2151,3082,3085
2151,2158,3083,3084
2151,2149,3084,3085
2066,2064,3086,3087
2251,2064,3087,3237
2066,2251,3087,3088
2252,2251,3088,3177
2066,2252,3088,3089
2253,2252,3089,3177
2066,2253,3089,3090
2254,2253,3090,3182
2066,2254,3090,3091
2255,2254,3091,3226
2066,2255,3091,3092
2256,2255,3092,3227
2066,2256,3092,3093
133,2256,3093,3282
2066,133,3093,3094
2024,2022,3095,3096
2257,2022,3096,3113
2024,2257,3096,3097
2029,2257,3097,3112
2024,2029,3097,3098
2024,2030,3098,3102
2030,2028,3099,3100
2030,2026,3100,3101
2030,2025,3101,3102
2079,2223,3103,3104
2079,2222,3104,3115
2222,2220,3105,3106
2258,2220,3106,3545
2222,2258,3106,3115
2259,2260,3107,4204
2260,2258,3107,3545
2258,2259,3107,3108
2261,2259,3108,3588
2258,2261,3108,3109
2262,2261,3109,3587
2258,2262,3109,3110
2031,2262,3110,3586
2258,2031,3110,3111
2258,2029,3111,3112
2258,2257,3112,3113
2258,2022,3113,3114
2258,2079,3114,3115
1928,1924,3116,3125
1925,1923,3117,3127
2263,1920,3118,3133
1923,2263,3118,3119
1934,2263,3119,3155
1923,1934,3119,3120
1923,1931,3120,3121
1923,1932,3121,3122
1923,1929,3122,3123
1923,1930,3123,3128
1930,1927,3124,3128
1927,1924,3125,3126
1927,1925,3126,3127
1927,1923,3127,3128
2264,1917,3129,3138
1919,2264,3129,3130
2265,2264,3130,3317
1919,2265,3130,3131
2266,2265,3131,3316
1919,2266,3131,3135
2263,2267,3132,3156
2267,2266,3132,3157
2266,2263,3132,3133
2266,1920,3133,3134
2266,1921,3134,3135
1917,2238,3136,3137
1917,2237,3137,3138
2264,2237,3138,3310
2236,2233,3139,3144
2268,2232,3140,3368
2233,2268,3140,3141
2269,2268,3141,3367
2233,2269,3141,3142
2270,2269,3142,3367
2233,2270,3142,3144
2236,2271,3143,3373
2271,2270,3143,3374
2270,2236,3143,3144
2272,2273,3145,-179
2273,2274,3145,-179
2274,2272,3145,3146
2275,2272,3146,3166
2274,2275,3146,3151
2276,2277,3147,-179
2277,2275,3147,3168
2275,2276,3147,3152
2278,2279,3148,-179
2279,2276,3148,-179
2276,2278,3148,3153
2280,2281,3149,-179
2281,2278,3149,-179
2278,2280,3149,3153
2274,2282,3150,-179
2282,2280,3150,-179
2280,2274,3150,3151
2280,2275,3151,3152
2280,2276,3152,3153
1936,1934,3154,3155
1936,2263,3155,3156
1936,2267,3156,3157
1936,2266,3157,3158
2283,2266,3158,3315
1936,2283,3158,3159
2284,2283,3159,3314
1936,2284,3159,3160
169,2284,3160,3380
1936,169,3160,3161
1936,170,3161,3165
170,233,3162,3163
2285,233,3163,3445
170,2285,3163,3164
2286,2285,3164,3247
170,2286,3164,3165
1936,2286,3165,3246
2287,2272,3166,-179
2275,2287,3166,3167
2288,2287,3167,-179
2275,2288,3167,3168
2277,2288,3168,-179
1889,1887,3169,3170
2289,1887,3170,3392
1889,2289,3170,3171
1891,2289,3171,3363
1889,1891,3171,3172
2214,2230,3173,3174
2290,2230,3174,3339
2214,2290,3174,3175
2216,2290,3175,3342
2214,2216,3175,3176
2253,2251,3177,3182
2291,2292,3178,3336
2292,2251,3178,3242
2251,2291,3178,3179
2293,2291,3179,3327
2251,2293,3179,3180
2294,2293,3180,3327
2251,2294,3180,3181
2254,2294,3181,3226
2251,2254,3181,3182
2295,1890,3183,3366
1893,2295,3183,3184
2296,2295,3184,3402
1893,2296,3184,3211
2297,2298,3185,3400
2298,2296,3185,3401
2296,2297,3185,3212
2299,2300,3186,3396
2300,2297,3186,3400
2297,2299,3186,3187
2301,2299,3187,3395
2297,2301,3187,3188
2302,2301,3188,3394
2297,2302,3188,3189
2303,2302,3189,3408
2297,2303,3189,3190
2304,2303,3190,3521
2297,2304,3190,3191
2305,2304,3191,3528
2297,2305,3191,3192
2306,2305,3192,3692
2297,2306,3192,3213
2307,2308,3193,3820
2308,2306,3193,3702
2306,2307,3193,3214
2309,2310,3194,-196
2310,2311,3194,-196
2311,2309,3194,3195
2312,2309,3195,3824
2311,2312,3195,3215
2313,2314,3196,3825
2314,2312,3196,3824
2312,2313,3196,3216
2315,2316,3197,3742
2316,2313,3197,3825
2313,2315,3197,3198
2317,2315,3198,3742
2313,2317,3198,3199
2318,2317,3199,3747
2313,2318,3199,3200
2319,2318,3200,3741
2313,2319,3200,3217
2320,2321,3201,3745
2321,2322,3201,3746
2322,2320,3201,3218
2316,2323,3202,3743
2323,2320,3202,3744
2320,2316,3202,3203
1291,2316,3203,3826
2320,1291,3203,3204
2320,1292,3204,3205
2324,1292,3205,3509
2320,2324,3205,3218
1297,2325,3206,3508
2325,1296,3206,3207
2326,1296,3207,3338
2325,2326,3207,3219
2327,2328,3208,3332
2328,2326,3208,3333
2326,2327,3208,3209
2250,2327,3209,3240
2326,2250,3209,3210
2326,1893,3210,3211
2326,2296,3211,3212
2326,2297,3212,3213
2326,2306,3213,3214
2326,2307,3214,3220
2311,2307,3215,3821
2307,2312,3215,3216
2307,2313,3216,3217
2307,2319,3217,3221
2322,2324,3218,3222
2325,2324,3219,3508
2324,2326,3219,3220
2324,2307,3220,3221
2324,2319,3221,3222
2322,2319,3222,3741
2329,1299,3223,3334
127,2329,3223,3224
2330,2329,3224,3329
127,2330,3224,3225
2294,2330,3225,3330
127,2294,3225,3232
2294,2255,3226,3233
2331,2256,3227,3282
2255,2331,3227,3228
2332,2331,3228,3325
2255,2332,3228,3229
2333,2332,3229,3326
2255,2333,3229,3230
2334,2333,3230,3318
2255,2334,3230,3233
2335,127,3231,3232,96
129,2335,3231,3235
2335,2294,3232,3236
2294,2334,3233,3234
2336,2334,3234,3318
2294,2336,3234,3236
129,2336,3235,3378
2336,2335,3235,3236
2251,2062,3237,3238
2251,2249,3238,3239
2251,2250,3239,3240
2251,2327,3240,3241
2337,2327,3241,3331
2251,2337,3241,3242
2292,2337,3242,3331
1819,1940,3243,3268
1939,1935,3244,3245
1939,1936,3245,3246
1939,2286,3246,3247
1939,2285,3247,3248
2338,2285,3248,3445
1939,2338,3248,3249
2339,2338,3249,3450
1939,2339,3249,3271
2340,2341,3250,3500
2341,2339,3250,3498
2339,2340,3250,3251
2342,2340,3251,3790
2339,2342,3251,3272
2343,2344,3252,3795
2344,2342,3252,3796
2342,2343,3252,3273
2345,2346,3253,3794
2346,2343,3253,3795
2343,2345,3253,3274
237,2345,3254,3793
2345,223,3254,3275
2347,221,3255,3480
222,2347,3255,3256
2348,2347,3256,3772
222,2348,3256,3277
2349,2350,3257,3770
2350,2348,3257,3771
2348,2349,3257,3278
2351,2352,3258,3774
2352,2353,3258,3775
2353,2351,3258,3259
2354,2351,3259,3773
2353,2354,3259,3280
2355,2356,3260,3479
2356,2354,3260,3773
2354,2355,3260,3261
2357,2355,3261,3478
2354,2357,3261,3262
2358,2357,3262,3477
2354,2358,3262,3280
2359,2360,3263,3486
2360,2358,3263,3477
2358,2359,3263,3264
2361,2359,3264,3476
2358,2361,3264,3281
2228,2361,3265,3475
2361,2227,3265,3266
2361,2226,3266,3267
2361,1819,3267,3268
2361,1940,3268,3269
2361,1938,3269,3270
2361,1939,3270,3271
2361,2339,3271,3272
2361,2342,3272,3273
2361,2343,3273,3274
2361,2345,3274,3275
2361,223,3275,3276
2361,222,3276,3277
2361,2348,3277,3278
2361,2349,3278,3279
2353,2349,3279,3770
2361,2353,3279,3281
2353,2358,3280,3281
133,2331,3282,3283
2362,2331,3283,3324
133,2362,3283,3284
2363,2362,3284,3323
133,2363,3284,3285
134,2363,3285,3322
2364,2365,3286,14480
2365,2366,3286,14481
2366,2364,3286,3301
2367,2368,3287,14466
2368,2369,3287,14478
2369,2367,3287,3288
2370,2367,3288,3732
2369,2370,3288,3289
2371,2370,3289,3777
2369,2371,3289,3302
102,2372,3290,3805
2372,2371,3290,3778
2371,102,3290,3291
2371,103,3291,3292
2373,103,3292,3535
2371,2373,3292,3293
2374,2373,3293,3535
2371,2374,3293,3303
2375,2376,3294,3537
2376,2374,3294,3536
2374,2375,3294,3295
2377,2375,3295,3442
2374,2377,3295,3303
69,2378,3296,3444
2378,68,3296,3305
68,2147,3297,3306
2379,2150,3298,3348
2147,2379,3298,3299
2366,2379,3299,3377
2147,2366,3299,3300
2380,2366,3300,3301,299
2147,2380,3300,3306
2380,2364,3301,3307
2369,2364,3302,14479
2364,2371,3302,3308
2371,2377,3303,3304
2381,2377,3304,3443
2371,2381,3304,3308
2378,2381,3305,3444
2381,68,3305,3309
68,2380,3306,3307
68,2364,3307,3309
2364,2381,3308,3309
2264,2235,3310,3311
2264,2236,3311,3312
2382,2236,3312,3372
2264,2382,3312,3313
2383,2382,3313,3381
2264,2383,3313,3317
2284,2383,3314,3380
2383,2283,3314,3315
2383,2266,3315,3316
2383,2265,3316,3317
2333,2336,3318,3319
2384,2336,3319,3378
2333,2384,3319,3320
130,2384,3320,3379
2333,130,3320,3321
2333,131,3321,3326
131,2363,3322,3323
131,2362,3323,3324
131,2331,3324,3325
131,2332,3325,3326
2294,2291,3327,3328
2385,2291,3328,3336
2294,2385,3328,3330
2329,2385,3329,3335
2385,2330,3329,3330
2292,2327,3331,3332
2292,2328,3332,3333
2292,2326,3333,3337
1296,2329,3334,3335
1296,2385,3335,3338
2385,2292,3336,3337
2385,2326,3337,3338
2290,2229,3339,3340
2386,2229,3340,3474
2290,2386,3340,3341
2215,2386,3341,3484
2290,2215,3341,3342
2387,2388,3343,3504
2388,2389,3343,3585
2389,2387,3343,3359
2390,2391,3344,3502
2391,2387,3344,3503
2387,2390,3344,3362
2392,2393,3345,3507
2393,2394,3345,3501
2394,2392,3345,3346
2395,2392,3346,14483,299
2394,2395,3346,3360
2379,2396,3347,3377
2396,2395,3347,14483,299
2395,2379,3347,3348
2395,2150,3348,3349
2395,2153,3349,3350
2395,2154,3350,3351
2395,138,3351,3352
2395,141,3352,3353
2397,141,3353,3472
2395,2397,3353,3354
2398,2397,3354,3472
2395,2398,3354,3361
2399,2400,3355,3655
2400,2398,3355,3492
2398,2399,3355,3356
2401,2399,3356,3686
2398,2401,3356,3357
2402,2401,3357,3685
2398,2402,3357,3358
2389,2402,3358,14505,299
2398,2389,3358,3359
2398,2387,3359,3361
2394,2390,3360,3501
2390,2395,3360,3362
2395,2387,3361,3362
1890,2289,3363,3366
2403,2404,3364,3398
2404,2289,3364,3392
2289,2403,3364,3365
2295,2403,3365,3398
2289,2295,3365,3366
2270,2268,3367,3375
2268,2231,3368,3376
2231,162,3369,3370
2405,162,3370,3385
2231,2405,3370,3376
2382,2406,3371,3382
2406,2405,3371,3391
2405,2382,3371,3372
2405,2236,3372,3373
2405,2271,3373,3374
2405,2270,3374,3375
2405,2268,3375,3376
2366,2396,3377,14475,299
2384,129,3378,3379
169,2383,3380,3381
169,2382,3381,3382
169,2406,3382,3383
2407,2406,3383,3390
169,2407,3383,3384
168,2407,3384,3389
2405,163,3385,3386
2405,172,3386,3387
2405,173,3387,3388
2405,171,3388,3391
171,2407,3389,3390
171,2406,3390,3391
2404,1887,3392,3397
2302,1886,3393,3408
1887,2302,3393,3394
1887,2301,3394,3395
1887,2299,3395,3396
1887,2300,3396,3397
2404,2300,3397,3399
2295,2404,3398,3399
2295,2300,3399,3402
2300,2298,3400,3401
2300,2296,3401,3402
2408,1885,3403,3415
1886,2408,3403,3404
2409,2408,3404,3414
1886,2409,3404,3405
2410,2409,3405,3666
1886,2410,3405,3406
2411,2410,3406,3522
1886,2411,3406,3407
2303,2411,3407,3521
1886,2303,3407,3408
2412,1883,3409,3518
1885,2412,3409,3410
2413,2412,3410,3539
1885,2413,3410,3411
2414,2413,3411,3716
1885,2414,3411,3415
2415,2416,3412,3721
2416,2414,3412,3722
2414,2415,3412,3413
2409,2415,3413,3666
2414,2409,3413,3414
2414,2408,3414,3415
2239,2012,3416,3417
2239,2011,3417,3418
2239,2010,3418,3437
2009,2007,3419,3420
2009,2005,3420,3421
2417,2005,3421,4559
2009,2417,3421,3422
2418,2417,3422,4324
2009,2418,3422,3423
2419,2418,3423,4328
2009,2419,3423,3424
2420,2419,3424,4330
2009,2420,3424,3425
2421,2420,3425,4323
2009,2421,3425,3426
2422,2421,3426,4323
2009,2422,3426,3427
2423,2422,3427,4303
2009,2423,3427,3428
2424,2423,3428,4303
2009,2424,3428,3429
2425,2424,3429,4073
2009,2425,3429,3430
2426,2425,3430,4084
2009,2426,3430,3431
2244,2426,3431,3846
2009,2244,3431,3432
2009,2245,3432,3433
2009,2243,3433,3434
2009,2241,3434,3435
2009,2242,3435,3438
2242,2239,3436,3437
2242,2010,3437,3438
2427,2428,3439,3463
2428,69,3439,-179
69,2427,3439,3440
2429,2427,3440,3532
69,2429,3440,3441
2375,2429,3441,3538
69,2375,3441,3442
69,2377,3442,3443
69,2381,3443,3444
2338,233,3445,3446
2338,234,3446,3447
2338,231,3447,3448
2338,232,3448,3450
2339,230,3449,3498
232,2339,3449,3450
71,2428,3451,-179
2428,72,3451,3452
2428,73,3452,3464
73,75,3453,3468
75,78,3454,3469
78,85,3455,3465
85,88,3456,3457
91,88,3457,3690
85,91,3457,3458
85,90,3458,3459
85,95,3459,3460
85,94,3460,3465
93,99,3461,3470
2427,101,3462,3532
97,2427,3462,3463
97,2428,3463,3464
97,73,3464,3467
78,94,3465,3466
78,93,3466,3469
98,73,3467,3468
98,75,3468,3471
75,93,3469,3470
75,99,3470,3471
141,2398,3472,3473
142,2398,3473,3491
2386,2228,3474,3475
2386,2361,3475,3476
2386,2359,3476,3485
2360,2357,3477,3478
2360,2355,3478,3490
2347,2356,3479,3772
2355,2347,3479,3487
2347,220,3480,3481
2347,219,3481,3482
2430,219,3482,4526
2347,2430,3482,3487
2431,2432,3483,3927
2432,2430,3483,3922
2430,2431,3483,3488
2215,2433,3484,3495
2433,2386,3484,3485
2433,2359,3485,3486
2433,2360,3486,3489
2355,2430,3487,3488
2355,2431,3488,3490
2433,2431,3489,3496
2431,2360,3489,3490
143,2398,3491,3492
143,2400,3492,3493
146,2400,3493,3654
143,146,3493,3494
2217,2433,3495,3496
2217,2431,3496,3497
2218,2431,3497,3574
2341,230,3498,3499
2341,227,3499,3500
2340,227,3500,3790
2393,2390,3501,3502
2393,2391,3502,3503
2393,2387,3503,3507
2434,2388,3504,3520
2387,2434,3504,3505
2435,2434,3505,3519
2387,2435,3505,3506
2392,2435,3506,14474,299
2387,2392,3506,3507
1297,2324,3508,3509
1297,1292,3509,3510
1297,1293,3510,3511
1298,1293,3511,3512
1298,1294,3512,3513
1883,1979,3514,3515
1883,1978,3515,3518
2436,2437,3516,3540
2437,1978,3516,3703
1978,2436,3516,3517
2412,2436,3517,3539
1978,2412,3517,3518
2435,2438,3519,14471,299
2438,2434,3519,3520
2438,2388,3520,3585
2304,2411,3521,3522
2304,2410,3522,3523
2439,2410,3523,3673
2304,2439,3523,3524
2440,2439,3524,3672
2304,2440,3524,3529
2441,2442,3525,3695
2442,2443,3525,3670
2443,2441,3525,3531
2444,2445,3526,3694
2445,2441,3526,3695
2441,2444,3526,3527
2446,2444,3527,3693
2441,2446,3527,3531
2305,2446,3528,3692
2446,2304,3528,3529
2446,2440,3529,3530
2443,2440,3530,3671
2446,2443,3530,3531
2429,101,3532,3533
2429,100,3533,3534
2429,103,3534,3538
103,2374,3535,3536
103,2376,3536,3537
103,2375,3537,3538
2413,2436,3539,3540
2413,2437,3540,3541
2447,2437,3541,3709
2413,2447,3541,3544
2448,2449,3542,3748
2449,2447,3542,3708
2447,2448,3542,3543
2450,2448,3543,3717
2447,2450,3543,3544
2413,2450,3544,3716
2220,2260,3545,3546
2451,2260,3546,4204
2220,2451,3546,3547
2452,2451,3547,4205
2220,2452,3547,3548
2453,2452,3548,4206
2220,2453,3548,3549
2454,2453,3549,4206
2220,2454,3549,3550
2455,2454,3550,4207
2220,2455,3550,3551
2456,2455,3551,-29314
2220,2456,3551,3552
2457,2456,3552,-33410
2220,2457,3552,3553
2458,2457,3553,5239
2220,2458,3553,3554
2459,2458,3554,5260
2220,2459,3554,3582
2460,2461,3555,14260
2461,2459,3555,5240
2459,2460,3555,3556
2462,2460,3556,3557,79
2459,2462,3556,3577
2463,2460,3557,6076
2462,2463,3557,3558
2464,2463,3558,5151
2462,2464,3558,3559
2465,2464,3559,5541
2462,2465,3559,3560
2466,2465,3560,5542
2462,2466,3560,3577
2467,2468,3561,5153
2468,2469,3561,5540
2469,2467,3561,3562
2470,2467,3562,5154
2469,2470,3562,3563
2471,2470,3563,5641
2469,2471,3563,3564
2472,2471,3564,5161
2469,2472,3564,3565
2473,2472,3565,5162
2469,2473,3565,3566
2474,2473,3566,4784
2469,2474,3566,3567
2475,2474,3567,4532
2469,2475,3567,3568
2476,2475,3568,4259
2469,2476,3568,3569
2477,2476,3569,-37538
2469,2477,3569,3570
2478,2477,3570,-37538
2469,2478,3570,3579
2479,2480,3571,4227
2480,2481,3571,4226
2481,2479,3571,3584
2482,2483,3572,4128
2483,2484,3572,4127
2484,2482,3572,3573
2485,2482,3573,3926
2484,2485,3573,3580
2431,2485,3574,3927
2485,2218,3574,3575
2485,2219,3575,3576
2485,2220,3576,3581
2459,2466,3577,3578
2469,2466,3578,5542
2459,2469,3578,3579
2459,2478,3579,3582
2484,2479,3580,4223
2479,2485,3580,3581
2479,2220,3581,3584
2220,2478,3582,3583
2481,2478,3583,4261
2220,2481,3583,3584
2438,2389,3585,14453,299
2032,2262,3586,3587
2032,2261,3587,3588
2032,2259,3588,3589
2486,2259,3589,4209
2032,2486,3589,3592
2487,2488,3590,3890
2488,2486,3590,3891
2486,2487,3590,3592
2033,2487,3591,3889
2487,2032,3591,3592
199,256,3593,3594
199,257,3594,3595
2489,257,3595,3906
199,2489,3595,3635
252,2489,3596,3906
2489,253,3596,3597
2490,253,3597,4196
2489,2490,3597,3598
2491,2490,3598,4266
2489,2491,3598,3599
2492,2491,3599,4268
2489,2492,3599,3600
2493,2492,3600,4267
2489,2493,3600,3636
2494,2495,3601,4195
2495,2493,3601,4267
2493,2494,3601,3602
2496,2494,3602,4331
2493,2496,3602,3603
2497,2496,3603,4387
2493,2497,3603,3604
2498,2497,3604,4314
2493,2498,3604,3605
2499,2498,3605,4313
2493,2499,3605,3606
2500,2499,3606,4313
2493,2500,3606,3637
2501,2502,3607,4346
2502,2503,3607,4316
2503,2501,3607,3638
2504,2505,3608,5203
2505,2501,3608,5091
2501,2504,3608,3609
2506,2504,3609,5207
2501,2506,3609,3610
2507,2506,3610,5089
2501,2507,3610,3611
2508,2507,3611,5137
2501,2508,3611,3612
2509,2508,3612,5201
2501,2509,3612,3639
2510,2511,3613,4630
2511,2509,3613,5200
2509,2510,3613,3614
2512,2510,3614,4629
2509,2512,3614,3615
2513,2512,3615,4677
2509,2513,3615,3616
2514,2513,3616,4676
2509,2514,3616,3617
2515,2514,3617,4676
2509,2515,3617,3618
2516,2515,3618,4681
2509,2516,3618,3640
2517,2518,3619,4679
2518,2519,3619,4680
2519,2517,3619,3620
2520,2517,3620,4678
2519,2520,3620,3621
2521,2520,3621,4671
2519,2521,3621,3622
2522,2521,3622,4372
2519,2522,3622,3623
2523,2522,3623,4371
2519,2523,3623,3643
2524,2525,3624,4090
2525,2523,3624,4370
2523,2524,3624,3625
2526,2524,3625,4089
2523,2526,3625,3644
211,209,3626,3627
2527,209,3627,3877
211,2527,3627,3628
2528,2527,3628,3876
211,2528,3628,3646
205,2529,3629,3874
2529,2530,3629,3875
2530,205,3629,3630
2530,202,3630,3631
2531,202,3631,3727
2530,2531,3631,3632
2532,2531,3632,3726
2530,2532,3632,3633
2533,2532,3633,3725
2530,2533,3633,3634
201,2533,3634,3724
2530,201,3634,3648
201,2489,3635,3636
201,2493,3636,3637
201,2500,3637,3648
2503,2500,3638,4317
2500,2501,3638,3639
2500,2509,3639,3640
2500,2516,3640,3641
2534,2516,3641,4675
2500,2534,3641,3642
2519,2534,3642,4675
2500,2519,3642,3643
2500,2523,3643,3644
2500,2526,3644,3645
211,2526,3645,4088
2500,211,3645,3646
2500,2528,3646,3647
2530,2528,3647,3875
2500,2530,3647,3648
164,161,3649,3650
164,160,3650,3651
164,159,3651,3652
2535,159,3652,4100
164,2535,3652,3653
174,2535,3653,4151
145,2400,3654,3655
145,2399,3655,3656
2536,2399,3656,3674
145,2536,3656,3657
2537,2536,3657,3801
145,2537,3657,3658
2538,2537,3658,3804
145,2538,3658,3659
2539,2538,3659,4159
145,2539,3659,3660
259,2539,3660,4210
145,259,3660,3661
145,260,3661,3662
2540,260,3662,3911
145,2540,3662,3663
149,2540,3663,3910
145,149,3663,3664
145,150,3664,3665
147,150,3665,3730
2410,2415,3666,3667
2541,2415,3667,3720
2410,2541,3667,3673
2542,2543,3668,3887
2543,2541,3668,3719
2541,2542,3668,3669
2442,2542,3669,3696
2541,2442,3669,3670
2541,2443,3670,3671
2541,2440,3671,3672
2541,2439,3672,3673
2544,2536,3674,3801
2399,2544,3674,3675
268,2544,3675,4283
2399,268,3675,3676
2399,269,3676,3677
2545,269,3677,4322
2399,2545,3677,3678
2546,2545,3678,4318
2399,2546,3678,3687
2547,2548,3679,4319
2548,2546,3679,4318
2546,2547,3679,3680
2549,2547,3680,4452
2546,2549,3680,3681
2550,2549,3681,4403
2546,2550,3681,3688
2551,2552,3682,4436
2552,2550,3682,4403
2550,2551,3682,3683
2553,2551,3683,14512
2550,2553,3683,3684
2554,2553,3684,14452,299
2550,2554,3684,3688
2402,2554,3685,14452,299
2554,2401,3685,3686
2554,2399,3686,3687
2554,2546,3687,3688
89,91,3689,3690
89,88,3690,3691
2306,2446,3692,3693
2306,2444,3693,3694
2306,2445,3694,3702
2445,2442,3695,3696
2445,2542,3696,3697
2555,2542,3697,3886
2445,2555,3697,3698
2556,2555,3698,3962
2445,2556,3698,3699
2557,2556,3699,4007
2445,2557,3699,3700
2558,2557,3700,3838
2445,2558,3700,3701
2308,2558,3701,3820
2445,2308,3701,3702
2437,1976,3703,3704
2437,2248,3704,3705
2559,2248,3705,3769
2437,2559,3705,3706
2560,2559,3706,3768
2437,2560,3706,3709
2449,2561,3707,3748
2561,2560,3707,3749
2560,2449,3707,3708
2560,2447,3708,3709
84,2562,3710,-179
2562,83,3710,3715
83,79,3711,3712
83,80,3712,3713
83,82,3713,3715
2562,81,3714,-179
82,2562,3714,3715
2414,2450,3716,3717
2414,2448,3717,3722
2543,2563,3718,3880
2563,2564,3718,3761
2564,2543,3718,3719
2564,2541,3719,3720
2564,2415,3720,3721
2564,2416,3721,3723
2416,2448,3722,3723
2564,2448,3723,3762
200,2533,3724,3725
200,2532,3725,3726
200,2531,3726,3727
200,202,3727,3728
200,203,3728,3729
148,150,3730,3731
2565,2370,3732,3777
2367,2565,3732,3733
2566,2565,3733,3786
2367,2566,3733,3734
2567,2566,3734,3786
2367,2567,3734,3739
2568,2569,3735,3785
2569,2567,3735,3789
2567,2568,3735,3740
2570,2571,3736,14463
2571,2568,3736,3785
2568,2570,3736,3737
2572,2570,3737,14463
2568,2572,3737,3738
2573,2572,3738,14464
2568,2573,3738,3740
2367,2573,3739,14465
2573,2567,3739,3740
2322,2318,3741,3746
2317,2316,3742,3743
2317,2323,3743,3744
2317,2320,3744,3745
2317,2321,3745,3747
2321,2318,3746,3747
2448,2561,3748,3762
2574,2560,3749,3767
2561,2574,3749,3750
2575,2574,3750,3766
2561,2575,3750,3751
2576,2575,3751,3869
2561,2576,3751,3752
2577,2576,3752,3873
2561,2577,3752,3753
2578,2577,3753,3873
2561,2578,3753,3754
2579,2578,3754,3921
2561,2579,3754,3755
2580,2579,3755,4019
2561,2580,3755,3756
2581,2580,3756,4019
2561,2581,3756,3757
2582,2581,3757,3956
2561,2582,3757,3758
2583,2582,3758,3956
2561,2583,3758,3759
2584,2583,3759,3881
2561,2584,3759,3760
2563,2584,3760,3880
2561,2563,3760,3761
2561,2564,3761,3762
2248,2246,3763,3764
2585,2246,3764,3852
2248,2585,3764,3769
2575,2586,3765,3869
2586,2585,3765,3851
2585,2575,3765,3766
2585,2574,3766,3767
2585,2560,3767,3768
2585,2559,3768,3769
2353,2350,3770,3771
2353,2348,3771,3775
2348,2356,3772,3776
2356,2351,3773,3774
2356,2352,3774,3776
2352,2348,3775,3776
2565,2371,3777,3778
2565,2372,3778,3779
2587,2372,3779,3808
2565,2587,3779,3787
2588,2589,3780,3996
2589,2587,3780,3807
2587,2588,3780,3781
2590,2588,3781,4135
2587,2590,3781,3782
2591,2590,3782,14500
2587,2591,3782,3783
2592,2591,3783,14501
2587,2592,3783,3784
2571,2592,3784,14462
2587,2571,3784,3788
2571,2569,3785,3788
2567,2565,3786,3787
2567,2587,3787,3789
2587,2569,3788,3789
2342,227,3790,3796
228,224,3791,3800
225,237,3792,3793
225,2345,3793,3794
225,2346,3794,3798
2346,2344,3795,3799
2344,227,3796,3797
2344,228,3797,3799
224,2346,3798,3800
2346,228,3799,3800
2537,2544,3801,3802
2593,2544,3802,4282
2537,2593,3802,3803
2594,2593,3803,4156
2537,2594,3803,3804
2538,2594,3804,4156
2372,104,3805,3808
2589,105,3806,3997
104,2589,3806,3807
104,2587,3807,3808
2595,2596,3809,4419
2596,2597,3809,4420
2597,2595,3809,3810
2598,2595,3810,3967
2597,2598,3810,3834
2599,2600,3811,3966
2600,2598,3811,3967
2598,2599,3811,3835
2601,2602,3812,4008
2602,2599,3812,3965
2599,2601,3812,3813
2603,2601,3813,4009
2599,2603,3813,3835
2604,2605,3814,4011
2605,2603,3814,4010
2603,2604,3814,3836
2606,2607,3815,4012
2607,2604,3815,4011
2604,2606,3815,3837
2608,2609,3816,4018
2609,2606,3816,4012
2606,2608,3816,3817
2610,2608,3817,4013
2606,2610,3817,3818
2611,2610,3818,4013
2606,2611,3818,3819
2557,2611,3819,4014
2606,2557,3819,3843
2558,2307,3820,3821
2558,2311,3821,3822
2612,2311,3822,-195
2558,2612,3822,3823
2309,2612,3823,-195
2558,2309,3823,3838
2309,2314,3824,3844
2314,2316,3825,3826
2314,1291,3826,3827
2314,1288,3827,3839
2613,1289,3828,3856
1288,2613,3828,3839
2614,2615,3829,3865
2615,2613,3829,3856
2613,2614,3829,3840
2616,2617,3830,3855
2617,2614,3830,3864
2614,2616,3830,3841
2618,2619,3831,14420
2619,2616,3831,3855
2616,2618,3831,3832
2620,2618,3832,14451,96
2616,2620,3832,3833
2597,2620,3833,4421
2616,2597,3833,3834
2616,2598,3834,3842
2598,2603,3835,3836
2598,2604,3836,3837
2598,2606,3837,3842
2557,2309,3838,3843
2314,2613,3839,3840
2314,2614,3840,3841
2314,2616,3841,3845
2616,2606,3842,3845
2606,2309,3843,3844
2606,2314,3844,3845
2246,2426,3846,3847
2621,2426,3847,4072
2246,2621,3847,3848
2622,2621,3848,4028
2246,2622,3848,3852
2623,2624,3849,3916
2624,2622,3849,4033
2622,2623,3849,3850
2586,2623,3850,3870
2622,2586,3850,3851
2622,2585,3851,3852
2625,2626,3853,3854,96
2626,2627,3853,4173
2627,2625,3853,3861
2619,2626,3854,14420
2625,2619,3854,3863
2619,2617,3855,3863
2615,1289,3856,3857
2615,1290,3857,3858
2615,123,3858,3859
2628,123,3859,14449,96
2615,2628,3859,3860
2629,2628,3860,14449,96
2615,2629,3860,3868
2627,2630,3861,14448,96
2630,2625,3861,3862
2631,2625,3862,3867,96
2630,2631,3862,3866
2625,2617,3863,3864
2625,2614,3864,3865
2625,2615,3865,3867
2630,2629,3866,14448,96
2629,2631,3866,3868
2631,2615,3867,3868
2576,2586,3869,3870
2576,2623,3870,3871
2632,2623,3871,3916
2576,2632,3871,3872
2578,2632,3872,3921
2576,2578,3872,3873
206,2529,3874,3879
2529,2528,3875,3876
2529,2527,3876,3877
2529,209,3877,3878
2529,207,3878,3879
2543,2584,3880,3881
2543,2583,3881,3882
2633,2583,3882,3957
2543,2633,3882,3887
2634,2635,3883,3959
2635,2633,3883,3958
2633,2634,3883,3888
2636,2637,3884,3961
2637,2634,3884,3960
2634,2636,3884,3885
2555,2636,3885,3961
2634,2555,3885,3886
2634,2542,3886,3888
2542,2633,3887,3888
2034,2487,3889,3890
2034,2488,3890,3891
2034,2486,3891,3892
2638,2486,3892,4423
2034,2638,3892,3902
2639,2640,3893,4426
2640,2641,3893,4427
2641,2639,3893,3894
2642,2639,3894,5256
2641,2642,3894,3895
2164,2642,3895,5805
2641,2164,3895,3896
2641,2163,3896,3897
2641,2162,3897,3898
2641,2161,3898,3899
2641,2160,3899,3900
2641,2159,3900,3903
2159,2034,3901,3902
2159,2638,3902,3903
2641,2638,3903,4428
257,254,3904,3905
257,252,3905,3906
2643,2644,3907,-675
2644,2645,3907,-675
2645,2643,3907,3908
2646,2643,3908,-675
2645,2646,3908,3909
2647,2646,3909,-675
2645,2647,3909,-675
152,2540,3910,3911
152,260,3911,3914
156,2648,3912,4182
2648,154,3912,3913
2648,153,3913,3915
153,260,3914,3915
2648,260,3915,4182
2632,2624,3916,3917
2649,2624,3917,4033
2632,2649,3917,3918
2650,2649,3918,4032
2632,2650,3918,3919
2651,2650,3919,4021
2632,2651,3919,3920
2579,2651,3920,4020
2632,2579,3920,3921
2652,2430,3922,4537
2432,2652,3922,3923
2653,2652,3923,4537
2432,2653,3923,3928
2654,2655,3924,4123
2655,2653,3924,4536
2653,2654,3924,3925
2482,2654,3925,4123
2653,2482,3925,3926
2653,2485,3926,3928
2485,2432,3927,3928
2656,2657,3929,14442,96
2657,2658,3929,14424,96
2658,2656,3929,3930
2659,2656,3930,14423,96
2658,2659,3930,3931
2660,2659,3931,14423,96
2658,2660,3931,3932
2661,2660,3932,5453
2658,2661,3932,3933
2662,2661,3933,5452
2658,2662,3933,3934
2663,2662,3934,5280
2658,2663,3934,3935
2664,2663,3935,-1733
2658,2664,3935,3936
2665,2664,3936,-1733
2658,2665,3936,3937
2666,2665,3937,4924
2658,2666,3937,3938
2667,2666,3938,4925
2658,2667,3938,3939
2668,2667,3939,4925
2658,2668,3939,3940
2669,2668,3940,4920
2658,2669,3940,3979
2670,2671,3941,5115
2671,2669,3941,4920
2669,2670,3941,3942
2672,2670,3942,5116
2669,2672,3942,3943
2673,2672,3943,4801
2669,2673,3943,3944
2674,2673,3944,-1733
2669,2674,3944,3945
2675,2674,3945,-1733
2669,2675,3945,3980
2676,2677,3946,4798
2677,2675,3946,4797
2675,2676,3946,3947
2678,2676,3947,4883
2675,2678,3947,3948
2679,2678,3948,4239
2675,2679,3948,3949
2680,2679,3949,4240
2675,2680,3949,3950
2681,2680,3950,4241
2675,2681,3950,3981
2682,2683,3951,4243
2683,2681,3951,4242
2681,2682,3951,3982
2684,2685,3952,4219
2685,2686,3952,4229
2686,2684,3952,3953
2687,2684,3953,4220
2686,2687,3953,3954
2688,2687,3954,4025
2686,2688,3954,3983
2581,2689,3955,4027
2689,2688,3955,4026
2688,2581,3955,3984
2581,2583,3956,3957
2581,2633,3957,3958
2581,2635,3958,3959
2581,2634,3959,3960
2581,2637,3960,3985
2637,2555,3961,3962
2637,2556,3962,3963
2690,2556,3963,4007
2637,2690,3963,3964
2602,2690,3964,4008
2637,2602,3964,3965
2637,2599,3965,3966
2637,2600,3966,3985
2600,2595,3967,3968
2691,2595,3968,4418
2600,2691,3968,3969
2692,2691,3969,4558
2600,2692,3969,3970
2693,2692,3970,-1731
2600,2693,3970,3986
2694,2695,3971,4553
2695,2693,3971,-1731
2693,2694,3971,3972
2696,2694,3972,4554
2693,2696,3972,3973
2697,2696,3973,4555
2693,2697,3973,3987
2698,2699,3974,4416
2699,2697,3974,4555
2697,2698,3974,3975
2700,2698,3975,14422,96
2697,2700,3975,3976
2701,2700,3976,14406
2697,2701,3976,3977
2702,2701,3977,14405
2697,2702,3977,3987
2658,2703,3978,14424,96
2703,2702,3978,14404
2702,2658,3978,3979
2702,2669,3979,3980
2702,2675,3980,3981
2702,2681,3981,3982
2702,2682,3982,3988
2686,2704,3983,4228
2704,2688,3983,3984
2704,2581,3984,3989
2581,2600,3985,3986
2581,2693,3986,3990
2693,2702,3987,3988
2693,2682,3988,3990
2704,2682,3989,4228
2682,2581,3989,3990
106,109,3991,3999
108,112,3992,4000
2705,111,3993,4302
112,2705,3993,3994
2706,2705,3994,4298
112,2706,3994,4001
2588,2707,3995,4135
2707,2708,3995,4297
2708,2588,3995,3996
2708,2589,3996,3997
2708,105,3997,3998
2708,106,3998,3999
2708,109,3999,4002
109,112,4000,4001
109,2706,4001,4002
2708,2706,4002,4297
121,124,4003,4004
2709,124,4004,14445
121,2709,4004,4005
2710,2709,4005,4160
121,2710,4005,4006
2711,2710,4006,4044
121,2711,4006,4043
2557,2690,4007,4015
2690,2601,4008,4009
2690,2603,4009,4010
2690,2605,4010,4016
2605,2607,4011,4017
2607,2609,4012,4017
2608,2611,4013,4014
2608,2557,4014,4015
2608,2690,4015,4016
2608,2605,4016,4018
2605,2609,4017,4018
2581,2579,4019,4020
2581,2651,4020,4027
2712,2650,4021,4032
2651,2712,4021,4022
2713,2712,4022,4031
2651,2713,4022,4023
2714,2713,4023,4222
2651,2714,4023,4024
2687,2714,4024,4221
2651,2687,4024,4025
2651,2688,4025,4026
2651,2689,4026,4027
2715,2621,4028,4072
2622,2715,4028,4029
2716,2715,4029,4082
2622,2716,4029,4030
2713,2716,4030,4214
2622,2713,4030,4031
2622,2712,4031,4034
2712,2649,4032,4034
2649,2622,4033,4034
115,117,4035,4042
117,119,4036,4037
2717,119,4037,4056
117,2717,4037,4038
2718,2717,4038,4055
117,2718,4038,4039
2719,2718,4039,4054
117,2719,4039,4040
2720,2719,4040,4286
117,2720,4040,4042
115,2721,4041,4285
2721,2720,4041,4286
2720,115,4041,4042
122,2711,4043,4044
122,2710,4044,4045
2722,2710,4045,4161
122,2722,4045,4046
2723,2722,4046,4310
122,2723,4046,4047
2724,2723,4047,4312
122,2724,4047,4059
2725,2726,4048,4163
2726,2724,4048,4312
2724,2725,4048,4049
2727,2725,4049,4383
2724,2727,4049,4050
2728,2727,4050,4411
2724,2728,4050,4051
2729,2728,4051,4653
2724,2729,4051,4060
2730,2731,4052,5211
2731,2729,4052,4657
2729,2730,4052,4053
2732,2730,4053,4288
2729,2732,4053,4060
2719,2732,4054,4287
2732,2718,4054,4055
2732,2717,4055,4056
2732,119,4056,4057
2732,118,4057,4061
118,122,4058,4059
118,2724,4059,4061
2724,2732,4060,4061
2733,2734,4062,-933
2734,2735,4062,-933
2735,2733,4062,4063
2736,2733,4063,-933
2735,2736,4063,4071
2737,2738,4064,-933
2738,2736,4064,-933
2736,2737,4064,4065
2739,2737,4065,-933
2736,2739,4065,4066
2740,2739,4066,-933
2736,2740,4066,4067
2741,2740,4067,-933
2736,2741,4067,4068
2742,2741,4068,-933
2736,2742,4068,4069
2743,2742,4069,-933
2736,2743,4069,4070
2744,2743,4070,-933
2736,2744,4070,4071
2735,2744,4071,-933
2715,2426,4072,4083
2745,2424,4073,4309
2425,2745,4073,4074
2746,2745,4074,4308
2425,2746,4074,4085
2747,2748,4075,4325
2748,2749,4075,4306
2749,2747,4075,4076
2750,2747,4076,4565
2749,2750,4076,4077
2751,2750,4077,4599
2749,2751,4077,4078
2752,2751,4078,4605
2749,2752,4078,4079
2753,2752,4079,4524
2749,2753,4079,4086
2754,2755,4080,4142
2755,2753,4080,4143
2753,2754,4080,4087
2716,2756,4081,4214
2756,2754,4081,4142
2754,2716,4081,4082
2754,2715,4082,4083
2754,2426,4083,4084
2754,2425,4084,4085
2754,2746,4085,4087
2749,2746,4086,4307
2746,2753,4086,4087
210,2526,4088,4089
210,2524,4089,4093
216,2525,4090,4369
2524,216,4090,4094
216,214,4091,4092
216,212,4092,4094
213,2524,4093,4095
2524,212,4094,4095
2757,158,4096,4134
159,2757,4096,4097
176,2757,4097,4133
159,176,4097,4101
2758,177,4098,4152
176,2758,4098,4101
2535,2759,4099,4151
2759,2758,4099,4152
2758,2535,4099,4100
2758,159,4100,4101
2208,2206,4102,4103
2208,2205,4103,4118
2205,2203,4104,4105
2760,2203,4105,7253
2205,2760,4105,4106
2761,2760,4106,7114
2205,2761,4106,4107
2762,2761,4107,7119
2205,2762,4107,4108
2763,2762,4108,7001
2205,2763,4108,4109
2764,2763,4109,7010
2205,2764,4109,4119
2765,2766,4110,7008
2766,2764,4110,7009
2764,2765,4110,4111
2767,2765,4111,7854
2764,2767,4111,4112
2768,2767,4112,7863
2764,2768,4112,4113
2769,2768,4113,8101
2764,2769,4113,4120
2770,2771,4114,8120
2771,2772,4114,8121
2772,2770,4114,4115
2773,2770,4115,8119
2772,2773,4115,4122
2774,2775,4116,8117
2775,2773,4116,8118
2773,2774,4116,4122
2208,2776,4117,-1
2776,2774,4117,8116
2774,2208,4117,4118
2774,2205,4118,4119
2774,2764,4119,4120
2774,2769,4120,4121
2772,2769,4121,8121
2774,2772,4121,4122
2482,2655,4123,4124
2777,2655,4124,4535
2482,2777,4124,4125
2778,2777,4125,4258
2482,2778,4125,4128
2484,2779,4126,4223
2779,2778,4126,4257
2778,2484,4126,4127
2778,2483,4127,4128
2780,157,4129,4274
158,2780,4129,4130
2781,2780,4130,4280
158,2781,4130,4131
2782,2781,4131,4279
158,2782,4131,4132
179,2782,4132,4278
158,179,4132,4134
179,2757,4133,4134
2590,2707,4135,4140
2783,2784,4136,4294
2784,2785,4136,4295
2785,2783,4136,4137
2786,2783,4137,14497
2785,2786,4137,4141
2787,2788,4138,14499
2788,2786,4138,14498
2786,2787,4138,4139
2590,2787,4139,14500
2786,2590,4139,4140
2786,2707,4140,4141
2785,2707,4141,4296
2756,2755,4142,4150
2789,2753,4143,4523
2755,2789,4143,4144
2790,2789,4144,4523
2755,2790,4144,4145
2791,2790,4145,4582
2755,2791,4145,4146
2792,2791,4146,4230
2755,2792,4146,4147
2793,2792,4147,4217
2755,2793,4147,4148
2794,2793,4148,4216
2755,2794,4148,4150
2756,2795,4149,4215
2795,2794,4149,4216
2794,2756,4149,4150
174,2759,4151,4155
2759,177,4152,4153
2759,178,4153,4154
2759,175,4154,4155
2538,2593,4156,4157
2796,2593,4157,4282
2538,2796,4157,4158
2797,2796,4158,4269
2538,2797,4158,4159
2539,2797,4159,4210
2709,2798,4160,14446
2798,2710,4160,4161
2798,2722,4161,4162
2799,2722,4162,4310
2798,2799,4162,4176
2726,2799,4163,4311
2799,2725,4163,4164
2800,2725,4164,4384
2799,2800,4164,4165
2801,2800,4165,4385
2799,2801,4165,4166
2802,2801,4166,4386
2799,2802,4166,4167
2803,2802,4167,4380
2799,2803,4167,4177
2804,2805,4168,4381
2805,2803,4168,4380
2803,2804,4168,4178
2806,2807,4169,4409
2807,2804,4169,4382
2804,2806,4169,4170
2808,2806,4170,4408
2804,2808,4170,4171
2618,2808,4171,14451
2804,2618,4171,4172
2809,2618,4172,14419,96
2804,2809,4172,4179
2626,2809,4173,14419,96
2809,2627,4173,4174
2810,2627,4174,4175,96
2809,2810,4174,4179
2798,2627,4175,14447
2810,2798,4175,4176
2810,2799,4176,4177
2810,2803,4177,4178
2810,2804,4178,4179
155,292,4180,4275
260,155,4180,4181
260,156,4181,4182
253,249,4183,4184
253,250,4184,4196
250,248,4185,4197
248,245,4186,4187
248,244,4187,4188
248,243,4188,4189
2811,243,4189,4715
248,2811,4189,4190
2812,2811,4190,4811
248,2812,4190,4191
2813,2812,4191,4869
248,2813,4191,4192
2814,2813,4192,4332
248,2814,4192,4193
2815,2814,4193,4332
248,2815,4193,4194
2494,2815,4194,4331
248,2494,4194,4195
248,2495,4195,4197
2490,250,4196,4198
250,2495,4197,4198
2490,2495,4198,4266
2816,2817,4199,-932
2817,2818,4199,-932
2818,2816,4199,4200
2819,2816,4200,-932
2818,2819,4200,4201
2820,2819,4201,-932
2818,2820,4201,4202
2821,2820,4202,-932
2818,2821,4202,4203
2822,2821,4203,-932
2818,2822,4203,-932
2259,2451,4204,4205
2259,2452,4205,4209
2452,2454,4206,4207
2452,2455,4207,4208
2486,2455,4208,4423
2452,2486,4208,4209
259,2797,4210,4211
263,2797,4211,4273
259,263,4211,4213
263,258,4212,4213
2713,2756,4214,4215
2713,2795,4215,4222
2795,2793,4216,4217
2795,2792,4217,4218
2685,2792,4218,4229
2795,2685,4218,4219
2795,2684,4219,4220
2795,2687,4220,4221
2795,2714,4221,4222
2479,2779,4223,4224
2823,2779,4224,4257
2479,2823,4224,4225
2824,2823,4225,4263
2479,2824,4225,4227
2481,2824,4226,4262
2824,2480,4226,4227
2682,2686,4228,4244
2686,2792,4229,4230
2686,2791,4230,4231
2825,2791,4231,4589
2686,2825,4231,4247
2826,2827,4232,4587
2827,2828,4232,4588
2828,2826,4232,4233
2829,2826,4233,4438
2828,2829,4233,4234
2830,2829,4234,4365
2828,2830,4234,4235
2831,2830,4235,4364
2828,2831,4235,4245
2832,2833,4236,4437
2833,2834,4236,4368
2834,2832,4236,4246
2835,2836,4237,4806
2836,2832,4237,4447
2832,2835,4237,4238
2678,2835,4238,4883
2832,2678,4238,4239
2832,2679,4239,4240
2832,2680,4240,4241
2832,2681,4241,4242
2832,2683,4242,4243
2832,2682,4243,4244
2832,2686,4244,4246
2828,2825,4245,4588
2825,2831,4245,4247
2834,2686,4246,4248
2686,2831,4247,4248
2834,2831,4248,4364
1994,2137,4249,4250
1994,2138,4250,4251
2837,2138,4251,5009
1994,2837,4251,4252
2838,2837,4252,4997
1994,2838,4252,4256
1996,2839,4253,4990
2839,2838,4253,5007
2838,1996,4253,4254
2838,1997,4254,4255
2838,1998,4255,4256
2823,2778,4257,4263
2840,2777,4258,4534
2778,2840,4258,4264
2475,2840,4259,4533
2840,2476,4259,4265
2478,2841,4260,-33442
2841,2476,4260,-33442
2476,2478,4260,4261
2476,2481,4261,4262
2476,2824,4262,4265
2824,2778,4263,4264
2824,2840,4264,4265
2491,2495,4266,4268
2495,2492,4267,4268
267,2796,4269,4284
2797,267,4269,4270
2797,265,4270,4271
2842,265,4271,4396
2797,2842,4271,4272
262,2842,4272,4398
2797,262,4272,4273
2780,155,4274,4275
2780,292,4275,4280
293,180,4276,4277
293,179,4277,4278
293,2782,4278,4279
293,2781,4279,4281
2781,292,4280,4281
2796,2544,4282,4283
2796,268,4283,4284
113,2721,4285,4299
2721,2719,4286,4287
2721,2732,4287,4288
2721,2730,4288,4300
2843,2844,4289,-5027
2844,2730,4289,5215
2730,2843,4289,4290
2845,2843,4290,4622
2730,2845,4290,4291
2846,2845,4291,14492
2730,2846,4291,4292
2847,2846,4292,4392
2730,2847,4292,4293
2783,2847,4293,14497
2730,2783,4293,4294
2730,2784,4294,4295
2730,2785,4295,4296
2730,2707,4296,4301
2707,2706,4297,4298
2707,2705,4298,4301
111,2721,4299,4300
111,2730,4300,4302
2730,2705,4301,4302
2424,2422,4303,4304
2848,2422,4304,4327
2424,2848,4304,4309
2748,2849,4305,4326
2849,2848,4305,4329
2848,2748,4305,4306
2848,2749,4306,4307
2848,2746,4307,4308
2848,2745,4308,4309
2723,2799,4310,4311
2723,2726,4311,4312
2500,2498,4313,4317
2850,2497,4314,4391
2498,2850,4314,4315
2502,2850,4315,4347
2498,2502,4315,4316
2498,2503,4316,4317
2545,2548,4318,4319
2545,2547,4319,4320
2851,2547,4320,4451
2545,2851,4320,4321
270,2851,4321,4399
2545,270,4321,4322
2422,2420,4323,4327
2747,2417,4324,4559
2418,2747,4324,4325
2418,2748,4325,4326
2418,2849,4326,4328
2848,2420,4327,4329
2419,2849,4328,4330
2849,2420,4329,4330
2496,2815,4331,4351
2815,2813,4332,4333
2852,2813,4333,4854
2815,2852,4333,4334
2853,2852,4334,4853
2815,2853,4334,4360
2854,2855,4335,4847
2855,2856,4335,5533
2856,2854,4335,4352
2857,2858,4336,4845
2858,2854,4336,4846
2854,2857,4336,4337
2859,2857,4337,4844
2854,2859,4337,4353
2860,2861,4338,4842
2861,2859,4338,4843
2859,2860,4338,4354
2862,2863,4339,5072
2863,2860,4339,4841
2860,2862,4339,4340
2864,2862,4340,5071
2860,2864,4340,4354
2865,2866,4341,5069
2866,2867,4341,5070
2867,2865,4341,4356
2868,2869,4342,5068
2869,2865,4342,5069
2865,2868,4342,4343
2870,2868,4343,5067
2865,2870,4343,4357
2871,2872,4344,5065
2872,2870,4344,5066
2870,2871,4344,4362
2873,2874,4345,5064
2874,2871,4345,5065
2871,2873,4345,4358
2501,2873,4346,5064
2873,2502,4346,4347
2873,2850,4347,4348
2875,2850,4348,4390
2873,2875,4348,4349
2876,2875,4349,4389
2873,2876,4349,4358
2496,2877,4350,4387
2877,2878,4350,4388
2878,2496,4350,4351
2878,2815,4351,4359
2856,2853,4352,4852
2853,2854,4352,4353
2853,2859,4353,4361
2859,2864,4354,4355
2867,2864,4355,5070
2859,2867,4355,4356
2859,2865,4356,4357
2859,2870,4357,4361
2871,2876,4358,4363
2878,2876,4359,4388
2876,2815,4359,4360
2876,2853,4360,4363
2853,2870,4361,4362
2853,2871,4362,4363
2834,2830,4364,4368
2879,2829,4365,4438
2830,2879,4365,4366
2880,2879,4366,4448
2830,2880,4366,4367
2833,2880,4367,4437
2830,2833,4367,4368
215,2525,4369,4370
215,2523,4370,4371
215,2522,4371,4372
215,2521,4372,4373
2881,2521,4373,4670
215,2881,4373,4374
2882,2881,4374,4669
215,2882,4374,4375
2883,2882,4375,4625
215,2883,4375,4376
2884,2883,4376,4640
215,2884,4376,4377
2885,2884,4377,4639
215,2885,4377,4378
2886,2885,4378,4528
215,2886,4378,4379
218,2886,4379,4527
2802,2805,4380,4381
2802,2804,4381,4382
2802,2807,4382,4386
2727,2807,4383,4410
2807,2725,4383,4384
2807,2800,4384,4385
2807,2801,4385,4386
2497,2877,4387,4391
2877,2876,4388,4389
2877,2875,4389,4390
2877,2850,4390,4391
2887,2846,4392,14493
2847,2887,4392,4395
2888,2889,4393,14495
2889,2887,4393,14494
2887,2888,4393,4395
2847,2890,4394,14508
2890,2888,4394,14496
2888,2847,4394,4395
2842,266,4396,4397
2842,264,4397,4398
271,2851,4399,4400
2891,2851,4400,4450
271,2891,4400,4402
2892,2893,4401,4484
2893,2891,4401,4450
2891,2892,4401,4402
271,2892,4402,4449
2549,2552,4403,4404
2894,2552,4404,4435
2549,2894,4404,4405
2895,2894,4405,4434
2549,2895,4405,4453
2896,2897,4406,14421
2897,2898,4406,4581
2898,2896,4406,4407
2808,2896,4407,14418
2898,2808,4407,4408
2898,2806,4408,4409
2898,2807,4409,4410
2898,2727,4410,4411
2898,2728,4411,4414
2898,2899,4412,14410
2899,2900,4412,14434
2900,2898,4412,4413
2901,2898,4413,4414,96
2900,2901,4413,4415
2901,2728,4414,4415
2900,2728,4415,4653
2902,2699,4416,4556
2698,2902,4416,4417
2691,2902,4417,4557
2698,2691,4417,4418
2698,2595,4418,4419
2698,2596,4419,4420
2698,2597,4420,4422
2903,2620,4421,14416,96
2597,2903,4421,4422
2698,2903,4422,14416,96
2638,2455,4423,4424
2904,2455,4424,-33442
2638,2904,4424,4425
2905,2904,4425,5258
2638,2905,4425,4428
2639,2905,4426,5257
2905,2640,4426,4427
2905,2641,4427,4428
2906,2907,4429,14513
2907,2551,4429,14512
2551,2906,4429,4430
2908,2906,4430,4519
2551,2908,4430,4431
2909,2908,4431,4520
2551,2909,4431,4432
2910,2909,4432,4510
2551,2910,4432,4433
2911,2910,4433,4455
2551,2911,4433,4436
2895,2911,4434,4454
2911,2894,4434,4435
2911,2552,4435,4436
2832,2880,4437,4447
2879,2826,4438,4439
2912,2826,4439,4586
2879,2912,4439,4440
2913,2912,4440,4585
2879,2913,4440,4441
2914,2913,4441,4741
2879,2914,4441,4442
2915,2914,4442,4984
2879,2915,4442,4443
2916,2915,4443,4988
2879,2916,4443,4444
2917,2916,4444,4928
2879,2917,4444,4445
2918,2917,4445,4928
2879,2918,4445,4446
2836,2918,4446,4803
2879,2836,4446,4448
2836,2880,4447,4448
272,2892,4449,4499
2893,2851,4450,4451
2893,2547,4451,4452
2893,2549,4452,4453
2893,2895,4453,4454
2893,2911,4454,4484
2919,2910,4455,4510
2911,2919,4455,4456
2920,2919,4456,4772
2911,2920,4456,4457
2921,2920,4457,4771
2911,2921,4457,4485
2922,2923,4458,4769
2923,2921,4458,4770
2921,2922,4458,4486
2924,2925,4459,4767
2925,2922,4459,4768
2922,2924,4459,4487
2926,2927,4460,4766
2927,2924,4460,4767
2924,2926,4460,4487
2928,2929,4461,4763
2929,2930,4461,4764
2930,2928,4461,4500
2931,2932,4462,4762
2932,2928,4462,4763
2928,2931,4462,4463
2933,2931,4463,4660
2928,2933,4463,4464
2934,2933,4464,4777
2928,2934,4464,4489
2935,2936,4465,4983
2936,2934,4465,14392
2934,2935,4465,4489
2937,2938,4466,4981
2938,2935,4466,4982
2935,2937,4466,4490
2939,2940,4467,4979
2940,2937,4467,4980
2937,2939,4467,4491
2941,2942,4468,5230
2942,2939,4468,4978
2939,2941,4468,4469
2943,2941,4469,5657
2939,2943,4469,4492
321,2944,4470,5662
2944,2945,4470,5663
2945,321,4470,4471
2945,322,4471,4501
322,320,4472,4473
322,316,4473,4474
322,317,4474,4493
317,341,4475,4493
341,314,4476,4477
341,312,4477,4494
313,308,4478,4479
313,309,4479,4496
304,2946,4480,5544
2946,309,4480,5545
309,304,4480,4481
309,301,4481,4497
298,302,4482,5713
302,296,4482,4483
302,294,4483,4498
2892,2911,4484,4485
2892,2921,4485,4486
2892,2922,4486,4499
2922,2926,4487,4488
2947,2926,4488,4765
2922,2947,4488,4504
2928,2935,4489,4490
2928,2937,4490,4491
2928,2939,4491,4492
2928,2943,4492,4500
322,341,4493,4494
322,312,4494,4495
322,313,4495,4496
322,309,4496,4497
322,301,4497,4501
301,294,4498,4502
272,2922,4499,4503
2930,2943,4500,4505
2945,301,4501,4502
2945,294,4502,4506
273,2922,4503,4504
273,2947,4504,4508
2930,2947,4505,4764
2947,2943,4505,4509
2945,2943,4506,5663
2943,294,4506,4507
2943,295,4507,4509
295,2947,4508,4509
2909,2919,4510,4511
2948,2919,4511,4761
2909,2948,4511,4512
2949,2948,4512,4761
2909,2949,4512,4521
2950,2931,4513,4661
2931,2949,4513,4762
2949,2950,4513,4522
2951,2952,4514,4663
2952,2950,4514,4662
2950,2951,4514,4522
2953,2954,4515,14387
2954,2951,4515,4658
2951,2953,4515,4516
2955,2953,4516,14414,299
2951,2955,4516,4517
2956,2955,4517,14414,299
2951,2956,4517,4518
2906,2956,4518,14513
2951,2906,4518,4519
2951,2908,4519,4520
2951,2909,4520,4521
2951,2949,4521,4522
2790,2753,4523,4524
2790,2752,4524,4525
2957,2752,4525,4605
2790,2957,4525,4582
2430,218,4526,4527
2430,2886,4527,4528
2430,2885,4528,4538
2958,2959,4529,4637
2959,2885,4529,4638
2885,2958,4529,4530
2960,2958,4530,4780
2885,2960,4530,4539
2474,2961,4531,4784
2961,2960,4531,4785
2960,2474,4531,4532
2960,2475,4532,4533
2960,2840,4533,4534
2960,2777,4534,4535
2960,2655,4535,4536
2960,2653,4536,4539
2653,2430,4537,4538
2653,2885,4538,4539
2962,185,4540,4578
186,2962,4540,4551
2963,2964,4541,4577
2964,2962,4541,4578
2962,2963,4541,4551
290,2963,4542,4576
2963,289,4542,4543
2963,288,4543,4544
2965,288,4544,4915
2963,2965,4544,4545
2966,2965,4545,4890
2963,2966,4545,4546
2967,2966,4546,4889
2963,2967,4546,4547
2968,2967,4547,4888
2963,2968,4547,4548
2969,2968,4548,4888
2963,2969,4548,4549
2970,2969,4549,4687
2963,2970,4549,4550
186,2970,4550,4567
2963,186,4550,4551
2695,2971,4552,-1732
2971,2692,4552,-1732
2692,2695,4552,4553
2692,2694,4553,4554
2692,2696,4554,4558
2696,2699,4555,4556
2696,2902,4556,4557
2696,2691,4557,4558
2747,2005,4559,4560
2747,2006,4560,4561
2972,2006,4561,4616
2747,2972,4561,4566
2973,2974,4562,4664
2974,2972,4562,4665
2972,2973,4562,4563
2975,2973,4563,4592
2972,2975,4563,4564
2976,2975,4564,4591
2972,2976,4564,4566
2750,2976,4565,4591
2976,2747,4565,4566
187,2970,4567,4568
2977,2970,4568,4687
187,2977,4568,4569
2978,2977,4569,4695
187,2978,4569,4570
2979,2978,4570,4683
187,2979,4570,4571
2980,2979,4571,4646
187,2980,4571,4572
2981,2980,4572,4646
187,2981,4572,4573
239,2981,4573,4645
185,183,4574,4575
185,182,4575,4579
182,2963,4576,4577
182,2964,4577,4579
2964,185,4578,4579
2700,2982,4580,14399,96
2982,2898,4580,14410,96
2898,2700,4580,4581
2897,2700,4581,14422
2791,2957,4582,4590
2983,2984,4583,4736
2984,2957,4583,4611
2957,2983,4583,4584
2913,2983,4584,4741
2957,2913,4584,4585
2957,2912,4585,4586
2957,2826,4586,4587
2957,2827,4587,4590
2827,2825,4588,4589
2827,2791,4589,4590
2750,2975,4591,4600
2985,2973,4592,4664
2975,2985,4592,4601
2986,2987,4593,4615
2987,2988,4593,4667
2988,2986,4593,4594
2989,2986,4594,4618
2988,2989,4594,4595
2990,2989,4595,4724
2988,2990,4595,4596
2991,2990,4596,5017
2988,2991,4596,4597
2992,2991,4597,5017
2988,2992,4597,4598
2993,2992,4598,4807
2988,2993,4598,4603
2751,2994,4599,4606
2994,2750,4599,4600
2994,2975,4600,4601
2994,2985,4601,4602
2995,2985,4602,4668
2994,2995,4602,4604
2988,2995,4603,4668
2995,2993,4603,4604
2994,2993,4604,4742
2957,2751,4605,4606
2957,2994,4606,4607
2996,2994,4607,4742
2957,2996,4607,4608
2997,2996,4608,4751
2957,2997,4608,4609
2998,2997,4609,4750
2957,2998,4609,4610
2999,2998,4610,4749
2957,2999,4610,4611
2984,2999,4611,4736
3000,2004,4612,4731
2006,3000,4612,4619
3001,3002,4613,4752
3002,3003,4613,4753
3003,3001,4613,4617
2989,3004,4614,4719
3004,3001,4614,4752
3001,2989,4614,4620
2972,2987,4615,4666
2986,2972,4615,4616
2986,2006,4616,4618
3003,3000,4617,4757
3000,3001,4617,4619
2989,2006,4618,4620
2006,3001,4619,4620
2843,3005,4621,5113
3005,3006,4621,14396,299
3006,2843,4621,4622
3006,2845,4622,4623
3007,2845,4623,14492
3006,3007,4623,4624
2953,3007,4624,14415
3006,2953,4624,14387,299
3008,2882,4625,4669
2883,3008,4625,4641
3009,3010,4626,4673
3010,3008,4626,4674
3008,3009,4626,4641
2520,3011,4627,4672
3011,3009,4627,4673
3009,2520,4627,4628
2512,2520,4628,4678
3009,2512,4628,4629
3009,2510,4629,4630
3009,2511,4630,4631
3012,2511,4631,5200
3009,3012,4631,4632
3013,3012,4632,5135
3009,3013,4632,4633
3014,3013,4633,5135
3009,3014,4633,4642
3015,3016,4634,5171
3016,3014,4634,5172
3014,3015,4634,4642
3017,3018,4635,5169
3018,3015,4635,5170
3015,3017,4635,4636
3019,3017,4636,5168
3015,3019,4636,4643
2958,3019,4637,4780
3019,2959,4637,4638
3019,2885,4638,4639
3019,2884,4639,4640
3019,2883,4640,4644
2883,3009,4641,4644
3009,3015,4642,4643
3009,3019,4643,4644
240,2981,4645,4651
2981,2979,4646,4647
3020,2979,4647,4683
2981,3020,4647,4652
3021,3022,4648,4697
3022,3020,4648,4686
3020,3021,4648,4649
242,3021,4649,4696
3020,242,4649,4650
3020,241,4650,4652
241,2981,4651,4652
2729,2900,4653,4654
3023,2900,4654,14434
2729,3023,4654,4657
3024,3025,4655,-1716
3025,3023,4655,-1732
3023,3024,4655,4656
2731,3024,4656,5211
3023,2731,4656,4657
3026,2954,4658,14388
2951,3026,4658,4659
3027,3026,4659,14389
2951,3027,4659,4663
2933,3027,4660,4777
3027,2931,4660,4661
3027,2950,4661,4662
3027,2952,4662,4663
2985,2974,4664,4665
2985,2972,4665,4666
2985,2987,4666,4667
2985,2988,4667,4668
3008,2881,4669,4670
3008,2521,4670,4671
3008,2520,4671,4672
3008,3011,4672,4674
3011,3010,4673,4674
2519,2516,4675,4680
2515,2513,4676,4677
2515,2512,4677,4682
2512,2517,4678,4679
2512,2518,4679,4682
2518,2516,4680,4681
2518,2515,4681,4682
3020,2978,4683,4684
3028,2978,4684,4694
3020,3028,4684,4685
3029,3028,4685,4698
3020,3029,4685,4686
3022,3029,4686,4697
2977,2969,4687,4688
3030,2969,4688,4896
2977,3030,4688,4689
3031,3030,4689,4967
2977,3031,4689,4695
3032,3033,4690,4974
3033,3031,4690,4975
3031,3032,4690,4691
3034,3032,4691,5307
3031,3034,4691,4692
3035,3034,4692,5306
3031,3035,4692,4693
3028,3035,4693,4699
3031,3028,4693,4694
3031,2978,4694,4695
243,3021,4696,4716
3021,3029,4697,4698
3021,3028,4698,4717
3036,3035,4699,5306
3028,3036,4699,4700
3037,3036,4700,5340
3028,3037,4700,4701
3038,3037,4701,5208
3028,3038,4701,4702
3039,3038,4702,5208
3028,3039,4702,4718
3040,3041,4703,5209
3041,3039,4703,5210
3039,3040,4703,4704
3042,3040,4704,5346
3039,3042,4704,4705
3043,3042,4705,5356
3039,3043,4705,4706
3044,3043,4706,5390
3039,3044,4706,4707
3045,3044,4707,5361
3039,3045,4707,4708
3046,3045,4708,4820
3039,3046,4708,4709
3047,3046,4709,4857
3039,3047,4709,4710
3048,3047,4710,4819
3039,3048,4710,4718
3049,3050,4711,5267
3050,3048,4711,4818
3048,3049,4711,4712
3051,3049,4712,5266
3048,3051,4712,4713
3052,3051,4713,4812
3048,3052,4713,4714
2811,3052,4714,4811
3048,2811,4714,4715
3048,243,4715,4716
3048,3021,4716,4717
3048,3028,4717,4718
3053,3004,4719,4756
2989,3053,4719,4720
3054,3053,4720,4755
2989,3054,4720,4724
3055,3056,4721,4728
3056,3057,4721,4760
3057,3055,4721,4722
3058,3055,4722,5197
3057,3058,4722,4723
2990,3058,4723,5018
3057,2990,4723,4725
2990,3054,4724,4725
3057,3054,4725,4755
3059,3060,4726,5043
3060,2003,4726,4942
2003,3059,4726,4727
3055,3059,4727,5191
2003,3055,4727,4728
2003,3056,4728,4729
3061,3056,4729,4759
2003,3061,4729,4730
3062,3061,4730,4758
2003,3062,4730,4732
3000,3062,4731,4757
3062,2004,4731,4732
3063,3064,4733,-884
3064,3065,4733,-884
3065,3063,4733,4734
3066,3063,4734,-884
3065,3066,4734,4735
3067,3066,4735,-884
3065,3067,4735,-884
2983,2999,4736,4737
3068,2999,4737,4748
2983,3068,4737,4738
3069,3068,4738,5048
2983,3069,4738,4739
3070,3069,4739,5048
2983,3070,4739,4740
2914,3070,4740,4984
2983,2914,4740,4741
2996,2993,4742,4743
3071,2993,4743,4807
2996,3071,4743,4744
3072,3071,4744,4810
2996,3072,4744,4745
3073,3072,4745,4809
2996,3073,4745,4751
3074,3075,4746,5216
3075,3073,4746,4808
3073,3074,4746,4747
3068,3074,4747,5049
3073,3068,4747,4748
3073,2999,4748,4749
3073,2998,4749,4750
3073,2997,4750,4751
3004,3002,4752,4753
3004,3003,4753,4754
3057,3003,4754,4760
3004,3057,4754,4756
3057,3053,4755,4756
3003,3062,4757,4758
3003,3061,4758,4759
3003,3056,4759,4760
2919,2949,4761,4773
2949,2932,4762,4774
2932,2929,4763,4775
2929,2947,4764,4765
2929,2926,4765,4766
2929,2927,4766,4775
2927,2925,4767,4768
2927,2922,4768,4769
2927,2923,4769,4770
2927,2921,4770,4771
2927,2920,4771,4772
2927,2919,4772,4773
2927,2949,4773,4774
2927,2932,4774,4775
2934,3076,4776,14392
3076,3077,4776,14391
3077,2934,4776,4779
2934,3027,4777,4778
3078,3027,4778,14389
2934,3078,4778,4779
3077,3078,4779,14390
2960,3019,4780,4781
3079,3019,4781,5167
2960,3079,4781,4782
3080,3079,4782,5489
2960,3080,4782,4783
2473,3080,4783,5163
2960,2473,4783,4785
2473,2961,4784,4785
3081,3024,4786,5212
3024,3082,4786,-180
3082,3081,4786,4787
3083,3081,4787,5360
3082,3083,4787,4788
3084,3083,4788,14385,299
3082,3084,4788,4789
3085,3084,4789,14360
3082,3085,4789,4790
3086,3085,4790,14360
3082,3086,4790,4791
3087,3086,4791,14386,299
3082,3087,4791,4792
3088,3087,4792,14386,299
3082,3088,4792,4793
3089,3088,4793,14365
3082,3089,4793,4794
3090,3089,4794,5383
3082,3090,4794,4795
3091,3090,4795,5378
3082,3091,4795,4796
3092,3091,4796,5378
3082,3092,4796,14436
2675,3093,4797,-1732
3093,2677,4797,4798
3093,2676,4798,4799
3094,2676,4799,4887
3093,3094,4799,4800
3095,3094,4800,5282
3093,3095,4800,4802
2672,3095,4801,5117
3095,2673,4801,4802
3093,2673,4802,-1732
3096,2918,4803,4932
2836,3096,4803,4804
3097,3096,4804,5262
2836,3097,4804,4805
3098,3097,4805,5234
2836,3098,4805,4806
2835,3098,4806,4884
3071,2992,4807,4810
3075,2992,4808,5035
2992,3073,4808,4809
2992,3072,4809,4810
2812,3052,4811,4812
2812,3051,4812,4813
3099,3051,4813,5266
2812,3099,4813,4855
3100,3101,4814,5108
3101,3099,4814,5273
3099,3100,4814,4855
3102,3103,4815,5348
3103,3104,4815,5297
3104,3102,4815,4870
3105,3106,4816,5351
3106,3107,4816,5352
3107,3105,4816,4878
3050,3108,4817,5268
3108,3105,4817,5350
3105,3050,4817,4818
3105,3048,4818,4819
3105,3047,4819,4871
3109,3045,4820,5364
3046,3109,4820,4821
3110,3109,4821,5363
3046,3110,4821,4857
3111,3112,4822,5652
3112,3113,4822,5397
3113,3111,4822,4858
3114,3115,4823,5654
3115,3116,4823,5655
3116,3114,4823,4824
3117,3114,4824,5653
3116,3117,4824,4825
3118,3117,4825,5395
3116,3118,4825,4826
3119,3118,4826,5876
3116,3119,4826,4827
3120,3119,4827,5882
3116,3120,4827,4860
3121,3122,4828,5886
3122,3120,4828,5882
3120,3121,4828,4879
3123,3124,4829,6741
3124,3125,4829,5881
3125,3123,4829,4830
3126,3123,4830,6746
3125,3126,4830,4861
3127,3128,4831,6744
3128,3126,4831,6745
3126,3127,4831,4832
3129,3127,4832,6890
3126,3129,4832,4861
623,3129,4833,6886
3129,624,4833,4862
3130,621,4834,7731
624,3130,4834,4863
3131,3132,4835,7736
3132,3133,4835,7737
3133,3131,4835,4836
3134,3131,4836,6821
3133,3134,4836,4837
3135,3134,4837,6820
3133,3135,4837,4865
3136,3137,4838,6819
3137,3135,4838,6820
3135,3136,4838,4866
3138,3139,4839,6842
3139,3136,4839,6819
3136,3138,4839,4840
2863,3138,4840,5072
3136,2863,4840,4841
3136,2860,4841,4842
3136,2861,4842,4843
3136,2859,4843,4844
3136,2857,4844,4845
3136,2858,4845,4846
3136,2854,4846,4847
3136,2855,4847,4848
3140,2855,4848,5533
3136,3140,4848,4849
3141,3140,4849,5532
3136,3141,4849,4850
3142,3141,4850,5531
3136,3142,4850,4867
2856,3143,4851,5534
3143,3144,4851,5535
3144,2856,4851,4852
3144,2853,4852,4853
3144,2852,4853,4854
3144,2813,4854,4875
2812,3100,4855,4856
3104,3100,4856,5109
2812,3104,4856,4869
3047,3110,4857,4871
3113,3110,4858,5363
3110,3111,4858,4859
3145,3111,4859,5656
3110,3145,4859,4872
3116,3145,4860,5656
3145,3120,4860,4873
3125,3129,4861,4862
3125,624,4862,4863
3125,3130,4863,4864
3133,3130,4864,7737
3125,3133,4864,4865
3125,3135,4865,4866
3125,3136,4866,4867
3125,3142,4867,4868
3146,3142,4868,5530
3125,3146,4868,4874
2813,3104,4869,4870
2813,3102,4870,4875
3105,3110,4871,4872
3105,3145,4872,4873
3105,3120,4873,4878
3125,3121,4874,5881
3121,3146,4874,4880
3144,3102,4875,4876
3147,3102,4876,5355
3144,3147,4876,4877
3148,3147,4877,5354
3144,3148,4877,4881
3107,3120,4878,4879
3107,3121,4879,4880
3107,3146,4880,4882
3144,3146,4881,5530
3146,3148,4881,4882
3107,3148,4882,5353
2676,2835,4883,4884
2676,3098,4884,4887
3149,3150,4885,5283
3150,3098,4885,5238
3098,3149,4885,4886
3094,3149,4886,5282
3098,3094,4886,4887
2969,2967,4888,4889
2969,2966,4889,4897
3151,2965,4890,4914
2966,3151,4890,4891
3152,3151,4891,5422
2966,3152,4891,4892
3153,3152,4892,5431
2966,3153,4892,4898
3154,344,4893,5856
344,3155,4893,5412
3155,3154,4893,4899
3156,3157,4894,5560
3157,3154,4894,5561
3154,3156,4894,4900
3158,3159,4895,4972
3159,3156,4895,5559
3156,3158,4895,4901
3030,3160,4896,4967
3160,2969,4896,4897
3160,2966,4897,4898
3160,3153,4898,4903
3155,3161,4899,5413
3161,3154,4899,4900
3161,3156,4900,4901
3161,3158,4901,4902
3162,3158,4902,5062
3161,3162,4902,4905
3160,3162,4903,5061
3162,3153,4903,4904
3163,3153,4904,5400
3162,3163,4904,4905
3161,3163,4905,5400
3164,287,4906,5305
286,3164,4906,4907
3165,3164,4907,5369
286,3165,4907,4908
3166,3165,4908,5368
286,3166,4908,4909
3167,3166,4909,5367
286,3167,4909,4918
282,3168,4910,5300
3168,281,4910,4911
3168,280,4911,4912
3169,280,4912,5423
3168,3169,4912,4916
3151,3170,4913,5422
3170,3169,4913,5433
3169,3151,4913,4914
3169,2965,4914,4917
2965,286,4915,4917
3168,3171,4916,5301
3171,3169,4916,4919
3169,286,4917,4918
3169,3167,4918,4919
3171,3167,4919,5367
2668,2671,4920,4921
3172,2671,4921,5115
2668,3172,4921,4922
3173,3172,4922,5274
2668,3173,4922,4923
2663,3173,4923,5281
2668,2663,4923,4926
2665,3174,4924,-1732
3174,2666,4924,4927
2666,2668,4925,4926
2666,2663,4926,4927
3174,2663,4927,-1732
2918,2916,4928,4929
3175,2916,4929,4988
2918,3175,4929,4930
3176,3175,4930,5190
2918,3176,4930,4931
3177,3176,4931,5287
2918,3177,4931,4932
3096,3177,4932,5262
3178,2002,4933,4994
2001,3178,4933,4934
3179,3178,4934,4993
2001,3179,4934,4935
3180,3179,4935,5058
2001,3180,4935,4936
3181,3180,4936,5057
2001,3181,4936,4937
3182,3181,4937,5057
2001,3182,4937,4944
3183,3184,4938,5055
3184,3182,4938,5056
3182,3183,4938,4939
3185,3183,4939,5003
3182,3185,4939,4940
3186,3185,4940,5332
3182,3186,4940,4941
3187,3186,4941,5193
3182,3187,4941,4944
3060,3187,4942,5043
3187,2003,4942,4943
3187,2001,4943,4944
3188,2186,4945,5608
2185,3188,4945,4965
3189,3190,4946,5607
3190,3188,4946,5608
3188,3189,4946,4947
3191,3189,4947,5606
3188,3191,4947,4965
3192,3193,4948,5603
3193,3194,4948,5604
3194,3192,4948,4949
3195,3192,4949,7350
3194,3195,4949,4950
3196,3195,4950,7425
3194,3196,4950,4951
3197,3196,4951,7426
3194,3197,4951,4952
3198,3197,4952,7427
3194,3198,4952,4953
3199,3198,4953,7428
3194,3199,4953,4954
3200,3199,4954,7428
3194,3200,4954,4955
3201,3200,4955,7429
3194,3201,4955,4956
3202,3201,4956,7430
3194,3202,4956,4957
3203,3202,4957,7289
3194,3203,4957,4958
3204,3203,4958,7087
3194,3204,4958,4959
3205,3204,4959,6810
3194,3205,4959,4960
3206,3205,4960,6809
3194,3206,4960,4961
2188,3206,4961,6700
3194,2188,4961,4962
3194,2189,4962,4963
3194,2209,4963,4964
3194,2185,4964,4966
2185,3191,4965,4966
3194,3191,4966,5605
3031,3160,4967,4968
3207,3160,4968,5060
3031,3207,4968,4969
3208,3207,4969,5060
3031,3208,4969,4970
3209,3208,4970,5063
3031,3209,4970,4971
3158,3209,4971,5062
3031,3158,4971,4975
3210,3159,4972,5558
3158,3210,4972,4973
3032,3210,4973,5308
3158,3032,4973,4974
3158,3033,4974,4975
3211,3212,4976,5184
3212,2936,4976,14393
2936,3211,4976,4977
3213,3211,4977,5188
2936,3213,4977,4983
2942,3213,4978,5188
3213,2939,4978,4979
3213,2940,4979,4980
3213,2937,4980,4981
3213,2938,4981,4982
3213,2935,4982,4983
2915,3070,4984,4985
3214,3070,4985,5053
2915,3214,4985,4986
3215,3214,4986,5120
2915,3215,4986,4987
3175,3215,4987,5189
2915,3175,4987,4988
2000,1996,4989,4990
2000,2839,4990,4995
3216,3217,4991,5005
3217,2839,4991,5006
2839,3216,4991,4992
3218,3216,4992,5054
2839,3218,4992,4996
3179,3218,4993,5054
3218,3178,4993,4996
3178,2000,4994,4995
3178,2839,4995,4996
3219,2837,4997,5016
2838,3219,4997,5008
3220,3221,4998,5014
3221,3219,4998,5015
3219,3220,4998,4999
3222,3220,4999,5386
3219,3222,4999,5000
3223,3222,5000,5386
3219,3223,5000,5001
3224,3223,5001,5333
3219,3224,5001,5008
3185,3225,5002,5332
3225,3224,5002,5333
3224,3185,5002,5003
3224,3183,5003,5004
3216,3183,5004,5055
3224,3216,5004,5005
3224,3217,5005,5006
3224,2839,5006,5007
3224,2838,5007,5008
2837,2136,5009,5010
2837,2135,5010,5011
2837,2134,5011,5012
3226,2134,5012,6064
2837,3226,5012,5013
3227,3226,5013,5635
2837,3227,5013,5016
3220,3227,5014,5387
3227,3221,5014,5015
3227,3219,5015,5016
2992,2990,5017,5018
2992,3058,5018,5019
3228,3058,5019,5197
2992,3228,5019,5020
3229,3228,5020,5196
2992,3229,5020,5021
3230,3229,5021,5195
2992,3230,5021,5022
3231,3230,5022,5194
2992,3231,5022,5023
3232,3231,5023,5338
2992,3232,5023,5024
3233,3232,5024,5632
2992,3233,5024,5025
3234,3233,5025,5639
2992,3234,5025,5036
3235,3236,5026,5638
3236,3234,5026,5639
3234,3235,5026,5027
3237,3235,5027,5997
3234,3237,5027,5028
3238,3237,5028,5942
3234,3238,5028,5037
3239,3240,5029,5898
3240,3238,5029,5893
3238,3239,5029,5037
3241,3242,5030,5813
3242,3239,5030,5841
3239,3241,5030,5038
3243,3244,5031,5812
3244,3241,5031,5813
3241,3243,5031,5039
3245,3246,5032,5806
3246,3247,5032,5840
3247,3245,5032,5041
3248,3249,5033,5784
3249,3245,5033,5806
3245,3248,5033,5042
3075,3250,5034,5216
3250,3248,5034,5784
3248,3075,5034,5035
3248,2992,5035,5036
3248,3234,5036,5042
3234,3239,5037,5038
3234,3241,5038,5039
3234,3243,5039,5040
3247,3243,5040,5812
3234,3247,5040,5041
3234,3245,5041,5042
3059,3187,5043,5044
3251,3187,5044,5192
3059,3251,5044,5045
3252,3251,5045,5192
3059,3252,5045,5191
3253,3254,5046,-884
3254,3255,5046,-884
3255,3253,5046,5047
3256,3253,5047,-884
3255,3256,5047,-884
3070,3068,5048,5049
3070,3074,5049,5053
3257,3258,5050,5121
3258,3074,5050,5222
3074,3257,5050,5051
3259,3257,5051,5121
3074,3259,5051,5052
3214,3259,5052,5120
3074,3214,5052,5053
3179,3216,5054,5058
3216,3184,5055,5056
3216,3182,5056,5059
3182,3180,5057,5059
3180,3216,5058,5059
3208,3160,5060,5061
3208,3162,5061,5063
3162,3209,5062,5063
2501,2874,5064,5091
2874,2872,5065,5066
2874,2870,5066,5067
2874,2868,5067,5068
2874,2869,5068,5092
2869,2866,5069,5093
2866,2864,5070,5071
2866,2862,5071,5093
2862,3138,5072,5073
3260,3138,5073,6841
2862,3260,5073,5074
3261,3260,5074,6840
2862,3261,5074,5094
3262,3263,5075,6918
3263,3261,5075,6919
3261,3262,5075,5076
3264,3262,5076,6917
3261,3264,5076,5095
3265,3266,5077,6915
3266,3264,5077,6916
3264,3265,5077,5096
3267,3268,5078,6783
3268,3265,5078,6914
3265,3267,5078,5097
3269,3270,5079,6263
3270,3267,5079,6689
3267,3269,5079,5098
3271,3272,5080,6464
3272,3269,5080,6262
3269,3271,5080,5081
3273,3271,5081,6115
3269,3273,5081,5082
3274,3273,5082,6077
3269,3274,5082,5099
3275,3276,5083,5144
3276,3274,5083,5145
3274,3275,5083,5084
3277,3275,5084,5143
3274,3277,5084,5085
3278,3277,5085,5142
3274,3278,5085,5099
3279,3280,5086,5139
3280,3281,5086,5140
3281,3279,5086,5101
3282,3283,5087,5138
3283,3279,5087,5139
3279,3282,5087,5088
2507,3282,5088,5137
3279,2507,5088,5102
3284,2506,5089,5207
2507,3284,5089,5102
3285,3286,5090,5204
3286,3287,5090,5205
3287,3285,5090,5104
2505,2874,5091,5092
2505,2869,5092,5105
2869,2862,5093,5094
2869,3261,5094,5095
2869,3264,5095,5096
2869,3265,5096,5097
2869,3267,5097,5098
2869,3269,5098,5106
3269,3278,5099,5100
3281,3278,5100,5141
3269,3281,5100,5101
3269,3279,5101,5107
3279,3284,5102,5103
3287,3284,5103,5206
3279,3287,5103,5104
3279,3285,5104,5107
2505,3285,5105,5203
3285,2869,5105,5106
3285,3269,5106,5107
3288,3101,5108,5293
3100,3288,5108,5109
3104,3288,5109,5297
3289,3290,5110,5359
3290,3291,5110,14382,299
3291,3289,5110,5111
3292,3289,5111,5214
3291,3292,5111,5114
2843,3293,5112,-1716
3293,3292,5112,-5044
3292,2843,5112,5113
3292,3005,5113,5114
3291,3005,5114,14373,299
3172,2670,5115,5116
3172,2672,5116,5117
3172,3095,5117,5118
3294,3095,5118,5286
3172,3294,5118,5119
3295,3294,5119,5285
3172,3295,5119,5274
3215,3259,5120,5133
3259,3258,5121,5122
3296,3258,5122,5221
3259,3296,5122,5123
3297,3296,5123,5220
3259,3297,5123,5124
3298,3297,5124,5556
3259,3298,5124,5125
3299,3298,5125,5688
3259,3299,5125,5134
3300,3301,5126,5497
3301,3299,5126,5778
3299,3300,5126,5127
3302,3300,5127,5496
3299,3302,5127,5128
3303,3302,5128,5474
3299,3303,5128,5129
3304,3303,5129,5473
3299,3304,5129,5130
3305,3304,5130,5472
3299,3305,5130,5134
3306,3307,5131,5288
3307,3305,5131,5472
3305,3306,5131,5132
3215,3306,5132,5189
3305,3215,5132,5133
3305,3259,5133,5134
3014,3012,5135,5136
3308,3012,5136,5202
3014,3308,5136,5172
2508,3282,5137,5138
2508,3283,5138,5183
3283,3280,5139,5140
3283,3281,5140,5141
3283,3278,5141,5142
3283,3277,5142,5143
3283,3275,5143,5144
3283,3276,5144,5145
3283,3274,5145,5146
3309,3274,5146,6077
3283,3309,5146,5178
3310,3311,5147,6140
3311,3309,5147,6080
3309,3310,5147,5148
3312,3310,5148,6141
3309,3312,5148,5149
3313,3312,5149,6075
3309,3313,5149,5150
2463,3313,5150,6076
3309,2463,5150,5151
3309,2464,5151,5152
2468,2464,5152,5540
3309,2468,5152,5153
3309,2467,5153,5173
3314,2470,5154,5645
2467,3314,5154,5155
3315,3314,5155,5923
2467,3315,5155,5173
3316,3317,5156,5316
3317,3315,5156,5922
3315,3316,5156,5157
3318,3316,5157,5528
3315,3318,5157,5174
3319,3320,5158,5315
3320,3318,5158,5528
3318,3319,5158,5179
3321,3322,5159,5325
3322,3323,5159,5326
3323,3321,5159,5160
3324,3321,5160,5320
3323,3324,5160,5175
2471,3324,5161,5641
3324,2472,5161,5162
3324,2473,5162,5163
3324,3080,5163,5164
3325,3080,5164,5492
3324,3325,5164,5165
3326,3325,5165,5491
3324,3326,5165,5175
3079,3327,5166,5489
3327,3328,5166,5490
3328,3079,5166,5167
3328,3019,5167,5168
3328,3017,5168,5169
3328,3018,5169,5170
3328,3015,5170,5171
3328,3016,5171,5177
3016,3308,5172,5181
3309,3315,5173,5174
3309,3318,5174,5178
3323,3326,5175,5176
3328,3326,5176,5491
3323,3328,5176,5177
3323,3016,5177,5180
3283,3318,5178,5179
3283,3319,5179,5183
3323,3319,5180,5315
3319,3016,5180,5181
3319,3308,5181,5182
2508,3308,5182,5202
3319,2508,5182,5183
3329,3212,5184,14393
3211,3329,5184,5185
3330,3329,5185,5233
3211,3330,5185,5186
3331,3330,5186,5232
3211,3331,5186,5187
2942,3331,5187,5231
3211,2942,5187,5188
3175,3306,5189,5190
3176,3306,5190,5287
3055,3252,5191,5198
3252,3187,5192,5193
3252,3186,5193,5199
3231,3186,5194,5339
3186,3230,5194,5195
3186,3229,5195,5196
3186,3228,5196,5199
3228,3055,5197,5198
3228,3252,5198,5199
3012,2509,5200,5201
3012,2508,5201,5202
2504,3285,5203,5204
2504,3286,5204,5205
2504,3287,5205,5206
2504,3284,5206,5207
3039,3037,5208,5210
3040,3037,5209,5347
3037,3041,5209,5210
2730,3024,5211,5212
2730,3081,5212,5213
3289,3081,5213,5360
2730,3289,5213,5214
2730,3292,5214,5215
2844,3292,5215,-5027
3074,3250,5216,5217
3332,3250,5217,5787
3074,3332,5217,5222
3333,3334,5218,5744
3334,3332,5218,5745
3332,3333,5218,5219
3297,3333,5219,5556
3332,3297,5219,5220
3332,3296,5220,5221
3332,3258,5221,5222
3335,3336,5223,14374
3336,3329,5223,14394
3329,3335,5223,5233
3337,3338,5224,-5027
3338,3335,5224,-5027
3335,3337,5224,5225
3339,3337,5225,14376
3335,3339,5225,5226
3340,3339,5226,14377
3335,3340,5226,5227
3341,3340,5227,5548
3335,3341,5227,5228
3342,3341,5228,5718
3335,3342,5228,5229
2941,3342,5229,5657
3335,2941,5229,5230
3335,2942,5230,5231
3335,3331,5231,5232
3335,3330,5232,5233
3343,3097,5234,5265
3098,3343,5234,5235
3344,3343,5235,5493
3098,3344,5235,5236
3345,3344,5236,5585
3098,3345,5236,5237
3346,3345,5237,5275
3098,3346,5237,5238
3150,3346,5238,5284
2457,2904,5239,-33442
2904,2458,5239,5259
3347,2461,5240,14247
2459,3347,5240,5241
3348,3347,5241,14247
2459,3348,5241,5242
3349,3348,5242,6114
2459,3349,5242,5243
3350,3349,5243,6113
2459,3350,5243,5244
3351,3350,5244,6090
2459,3351,5244,5245
3352,3351,5245,6090
2459,3352,5245,5260
3353,3354,5246,6094
3354,3355,5246,6095
3355,3353,5246,5247
3356,3353,5247,6510
3355,3356,5247,5248
3357,3356,5248,6509
3355,3357,5248,5249
3358,3357,5249,6531
3355,3358,5249,5250
3359,3358,5250,6452
3355,3359,5250,5251
3360,3359,5251,6151
3355,3360,5251,5252
3361,3360,5252,6151
3355,3361,5252,5253
3362,3361,5253,5900
3355,3362,5253,5254
3363,3362,5254,5803
3355,3363,5254,5255
2642,3363,5255,5803
3355,2642,5255,5256
3355,2639,5256,5257
3355,2905,5257,5258
3355,2904,5258,5259
3355,2458,5259,5261
2458,3352,5260,5261
3355,3352,5261,6096
3097,3177,5262,5263
3364,3177,5263,5292
3097,3364,5263,5264
3365,3364,5264,5291
3097,3365,5264,5265
3343,3365,5265,5493
3099,3049,5266,5267
3099,3050,5267,5268
3099,3108,5268,5269
3366,3108,5269,5350
3099,3366,5269,5273
3367,3368,5270,5295
3368,3366,5270,5349
3366,3367,5270,5271
3369,3367,5271,5294
3366,3369,5271,5272
3101,3369,5272,5293
3366,3101,5272,5273
3173,3295,5274,5281
3346,3295,5275,5285
3295,3345,5275,5276
3370,3345,5276,5585
3295,3370,5276,5277
3371,3370,5277,5564
3295,3371,5277,5278
3372,3371,5278,5450
3295,3372,5278,5279
2662,3372,5279,5451
3295,2662,5279,5280
3295,2663,5280,5281
3095,3149,5282,5283
3095,3150,5283,5284
3095,3346,5284,5286
3346,3294,5285,5286
3177,3306,5287,5288
3177,3307,5288,5289
3373,3307,5289,5475
3177,3373,5289,5292
3365,3374,5290,5494
3374,3373,5290,5495
3373,3365,5290,5291
3373,3364,5291,5292
3288,3369,5293,5294
3288,3367,5294,5295
3288,3368,5295,5296
3103,3368,5296,5348
3288,3103,5296,5297
285,283,5298,5299
285,282,5299,5300
285,3168,5300,5301
285,3171,5301,5302
3375,3171,5302,5366
285,3375,5302,5303
3376,3375,5303,5365
285,3376,5303,5304
3164,3376,5304,5365
285,3164,5304,5305
3036,3034,5306,5307
3036,3032,5307,5313
3377,3210,5308,5558
3032,3377,5308,5314
3378,3379,5309,5478
3379,3377,5309,5684
3377,3378,5309,5310
3380,3378,5310,5343
3377,3380,5310,5311
3381,3380,5311,5342
3377,3381,5311,5312
3382,3381,5312,5341
3377,3382,5312,5314
3036,3382,5313,5340
3382,3032,5313,5314
3323,3320,5315,5327
3316,3383,5316,5529
3383,3317,5316,5317
3384,3317,5317,5922
3383,3384,5317,5318
3385,3384,5318,5643
3383,3385,5318,5319
3324,3385,5319,5642
3383,3324,5319,5320
3383,3321,5320,5321
3386,3321,5321,5649
3383,3386,5321,5322
3387,3386,5322,5648
3383,3387,5322,5328
3388,3389,5323,5646
3389,3390,5323,5647
3390,3388,5323,5330
3321,3391,5324,5649
3391,3392,5324,5650
3392,3321,5324,5325
3392,3322,5325,5326
3392,3323,5326,5327
3392,3320,5327,5331
3383,3320,5328,5529
3320,3387,5328,5329
3390,3387,5329,5647
3320,3390,5329,5330
3320,3388,5330,5331
3392,3388,5331,5646
3186,3225,5332,5339
3225,3223,5333,5334
3393,3223,5334,5389
3225,3393,5334,5335
3394,3393,5335,5388
3225,3394,5335,5336
3395,3394,5336,5633
3225,3395,5336,5337
3232,3395,5337,5632
3225,3232,5337,5338
3225,3231,5338,5339
3037,3382,5340,5341
3037,3381,5341,5342
3037,3380,5342,5343
3037,3378,5343,5344
3396,3378,5344,5477
3037,3396,5344,5347
3042,3397,5345,5356
3397,3396,5345,5357
3396,3042,5345,5346
3396,3040,5346,5347
3102,3368,5348,5349
3102,3366,5349,5355
3366,3105,5350,5351
3366,3106,5351,5352
3366,3107,5352,5353
3366,3148,5353,5354
3366,3147,5354,5355
3043,3397,5356,5357
3043,3396,5357,5358
3398,3396,5358,5476
3043,3398,5358,5390
3083,3290,5359,14372,299
3289,3083,5359,5360
3399,3044,5361,5398
3045,3399,5361,5362
3113,3399,5362,5397
3045,3113,5362,5364
3113,3109,5363,5364
3164,3375,5365,5366
3164,3171,5366,5369
3171,3166,5367,5368
3171,3165,5368,5369
3400,275,5370,5440
276,3400,5370,5377
3401,3402,5371,5439
3402,3400,5371,5440
3400,3401,5371,5372
3403,3401,5372,5438
3400,3403,5372,5373
3404,3403,5373,5611
3400,3404,5373,5374
279,3404,5374,5424
3400,279,5374,5375
3400,278,5375,5376
3400,277,5376,5377
3090,3092,5378,5384
3405,3406,5379,5483
3406,3092,5379,5421
3092,3405,5379,5385
3407,3408,5380,5487
3408,3405,5380,5488
3405,3407,5380,5385
3409,3410,5381,-5044
3410,3407,5381,5486
3407,3409,5381,5382
3089,3409,5382,-5044
3407,3089,5382,5383
3407,3090,5383,5384
3407,3092,5384,5385
3223,3220,5386,5389
3394,3227,5387,5634
3220,3394,5387,5388
3220,3393,5388,5389
3044,3398,5390,5391
3411,3398,5391,5476
3044,3411,5391,5392
422,3411,5392,5482
3044,422,5392,5393
3044,420,5393,5394
3044,418,5394,5399
3118,418,5395,5876
418,3117,5395,5396
3112,3117,5396,5652
418,3112,5396,5399
3112,3399,5397,5398
3112,3044,5398,5399
3161,3153,5400,5401
3412,3153,5401,5431
3161,3412,5401,5402
3413,3412,5402,5754
3161,3413,5402,5403
3414,3413,5403,5754
3161,3414,5403,5404
3415,3414,5404,5753
3161,3415,5404,5414
3416,3417,5405,5752
3417,3415,5405,5753
3415,3416,5405,5415
3418,3419,5406,5750
3419,3416,5406,5751
3416,3418,5406,5416
3420,3421,5407,5427
3421,3422,5407,5428
3422,3420,5407,5408
3423,3420,5408,5618
3422,3423,5408,5409
347,3423,5409,5617
3422,347,5409,5410
3422,345,5410,5411
3422,342,5411,5417
343,3155,5412,5413
343,3161,5413,5414
343,3415,5414,5415
343,3416,5415,5416
343,3418,5416,5418
3422,3418,5417,5749
3418,342,5417,5418
3424,3425,5419,5456
3425,3092,5419,14440
3092,3424,5419,5421
3406,3426,5420,5483
3426,3424,5420,5667
3424,3406,5420,5421
3152,3170,5422,5432
3169,279,5423,5434
3427,3404,5424,5621
279,3427,5424,5425
3428,3427,5425,5620
279,3428,5425,5426
3420,3428,5426,5619
279,3420,5426,5427
279,3421,5427,5428
279,3422,5428,5429
3429,3422,5429,5749
279,3429,5429,5430
3412,3429,5430,5755
279,3412,5430,5434
3412,3152,5431,5432
3412,3170,5432,5433
3412,3169,5433,5434
275,339,5435,5436
3430,339,5436,5536
275,3430,5436,5437
3431,3430,5437,5539
275,3431,5437,5441
3403,3431,5438,5611
3431,3401,5438,5439
3431,3402,5439,5441
3402,275,5440,5441
3432,3433,5442,6161
3433,3434,5442,14269
3434,3432,5442,5443
3435,3432,5443,6172
3434,3435,5443,5463
3436,3437,5444,6047
3437,3435,5444,6171
3435,3436,5444,5464
3438,3439,5445,6048
3439,3436,5445,6047
3436,3438,5445,5446
3440,3438,5446,5676
3436,3440,5446,5465
3441,3442,5447,5678
3442,3440,5447,5677
3440,3441,5447,5466
3443,3444,5448,5679
3444,3441,5448,5678
3441,3443,5448,5467
3371,3445,5449,5564
3445,3446,5449,5672
3446,3371,5449,5450
3446,3372,5450,5451
3446,2662,5451,5452
3446,2661,5452,5468
3447,2660,5453,5454,96
2661,3447,5453,5468
3448,2660,5454,14438
3447,3448,5454,5455
3449,3448,5455,14437
3447,3449,5455,5469
3425,3449,5456,14437
3449,3424,5456,5457
3450,3424,5457,5667
3449,3450,5457,5458
3451,3450,5458,5668
3449,3451,5458,5459
3452,3451,5459,5837
3449,3452,5459,5460
3453,3452,5460,5941
3449,3453,5460,5461
3454,3453,5461,5462,299
3449,3454,5461,5470
3434,3453,5462,14269
3454,3434,5462,5463
3454,3435,5463,5464
3454,3436,5464,5465
3454,3440,5465,5466
3454,3441,5466,5467
3454,3443,5467,5470
3446,3447,5468,5469
3446,3449,5469,5471
3449,3443,5470,5471
3446,3443,5471,5679
3307,3304,5472,5473
3307,3303,5473,5474
3307,3302,5474,5475
3373,3302,5475,5496
3411,3396,5476,5477
3411,3378,5477,5478
3411,3379,5478,5479
3455,3379,5479,5687
3411,3455,5479,5482
421,3456,5480,5862
3456,3455,5480,5687
3455,421,5480,5481
3455,422,5481,5482
3405,3426,5483,5484
3457,3426,5484,5671
3405,3457,5484,5488
3410,3458,5485,14363
3458,3457,5485,5740
3457,3410,5485,5486
3457,3407,5486,5487
3457,3408,5487,5488
3080,3327,5489,5490
3080,3328,5490,5492
3328,3325,5491,5492
3344,3365,5493,5494
3344,3374,5494,5495
3344,3373,5495,5506
3373,3300,5496,5497
3373,3301,5497,5498
3459,3301,5498,5783
3373,3459,5498,5507
3460,3461,5499,5869
3461,3459,5499,5782
3459,3460,5499,5500
3462,3460,5500,5875
3459,3462,5500,5501
3463,3462,5501,5937
3459,3463,5501,5502
3464,3463,5502,5849
3459,3464,5502,5508
3465,3466,5503,5581
3466,3464,5503,5580
3464,3465,5503,5509
3467,3468,5504,5583
3468,3465,5504,5582
3465,3467,5504,5505
3469,3467,5505,5583
3465,3469,5505,5509
3344,3469,5506,5584
3469,3373,5506,5507
3469,3459,5507,5508
3469,3464,5508,5509
3470,3471,5510,5515
3471,3472,5510,14369
3472,3470,5510,5511
3473,3470,5511,-5028
3472,3473,5511,5513
3474,3475,5512,14359
3475,3473,5512,-5028
3473,3474,5512,5513
3472,3474,5513,14384
3476,3477,5514,14371
3477,3084,5514,14385
3084,3476,5514,5527
3471,3476,5515,14370
3476,3470,5515,5516
3478,3470,5516,5628
3476,3478,5516,5517
3479,3478,5517,5627
3476,3479,5517,5518
3480,3479,5518,5767
3476,3480,5518,5519
3481,3480,5519,5766
3476,3481,5519,5520
3482,3481,5520,5765
3476,3482,5520,5527
3483,3484,5521,14278
3484,3482,5521,5765
3482,3483,5521,5522
3485,3483,5522,14368,299
3482,3485,5522,5523
3486,3485,5523,14367,299
3482,3486,5523,5524
3088,3486,5524,14366,299
3482,3088,5524,5525
3086,3088,5525,14386
3482,3086,5525,5526
3084,3086,5526,14360,299
3482,3084,5526,5527
3320,3316,5528,5529
3144,3142,5530,5531
3144,3141,5531,5532
3144,3140,5532,5535
3140,2856,5533,5534
3140,3143,5534,5535
3430,338,5536,5537
3430,337,5537,5538
3430,335,5538,5539
3431,335,5539,5612
2469,2464,5540,5541
2469,2465,5541,5542
307,304,5543,5544
307,2946,5544,5545
307,309,5545,5546
307,310,5546,5547
3487,3341,5548,5718
3340,3487,5548,5549
3488,3487,5549,5717
3340,3488,5549,5550
3489,3488,5550,5716
3340,3489,5550,5555
3490,3491,5551,14357
3491,3489,5551,5716
3489,3490,5551,5552
3492,3490,5552,14358,299
3489,3492,5552,5553
3493,3492,5553,14378
3489,3493,5553,5555
3340,3494,5554,14377
3494,3493,5554,14378
3493,3340,5554,5555
3298,3333,5556,5557
3495,3333,5557,5744
3298,3495,5557,5688
3377,3159,5558,5559
3377,3156,5559,5560
3377,3157,5560,5561
3377,3154,5561,5562
3496,3154,5562,5855
3377,3496,5562,5563
3497,3496,5563,5865
3377,3497,5563,5684
3370,3445,5564,5565
3498,3445,5565,5672
3370,3498,5565,5566
3499,3498,5566,5794
3370,3499,5566,5586
3500,3501,5567,5797
3501,3502,5567,5796
3502,3500,5567,5589
3503,3504,5568,6045
3504,3500,5568,5797
3500,3503,5568,5569
3505,3503,5569,6169
3500,3505,5569,5570
3506,3505,5570,6137
3500,3506,5570,5571
3507,3506,5571,6136
3500,3507,5571,5572
3508,3507,5572,5573,299
3500,3508,5572,5589
3508,3509,5573,5593,299
3509,3507,5573,5574
3510,3507,5574,14235
3509,3510,5574,5575
3511,3510,5575,6088
3509,3511,5575,5576
3512,3511,5576,6081
3509,3512,5576,5577
3513,3512,5577,5940
3509,3513,5577,5578
3514,3513,5578,5850
3509,3514,5578,5590
3464,3515,5579,5852
3515,3514,5579,5851
3514,3464,5579,5580
3514,3466,5580,5581
3514,3465,5581,5582
3514,3468,5582,5590
3468,3469,5583,5584
3468,3344,5584,5591
3344,3370,5585,5586
3344,3499,5586,5587
3516,3499,5587,5794
3344,3516,5587,5588
3502,3516,5588,5795
3344,3502,5588,5591
3502,3508,5589,5592
3509,3468,5590,5593
3468,3502,5591,5592
3468,3508,5592,5593
2186,2184,5594,5609
2184,2179,5595,5596
2184,2180,5596,5610
2180,2177,5597,5598
2180,2178,5598,5599
3517,2178,5599,7020
2180,3517,5599,5600
3518,3517,5600,7326
2180,3518,5600,5601
3519,3518,5601,7345
2180,3519,5601,5602
3192,3519,5602,7351
2180,3192,5602,5603
2180,3193,5603,5604
2180,3194,5604,5605
2180,3191,5605,5606
2180,3189,5606,5607
2180,3190,5607,5610
3190,2186,5608,5609
3190,2184,5609,5610
3404,3431,5611,5612
3404,335,5612,5613
3404,336,5613,5622
3520,3521,5614,5932
3521,336,5614,5933
336,3520,5614,5622
3522,3523,5615,6475
3523,3524,5615,5935
3524,3522,5615,5616
347,3522,5616,6473
3524,347,5616,5617
3524,3423,5617,5618
3524,3420,5618,5619
3524,3428,5619,5620
3524,3427,5620,5621
3524,3404,5621,5623
3404,3520,5622,5623
3524,3520,5623,5932
3525,3526,5624,5931
3526,3527,5624,14356
3527,3525,5624,5625
3528,3525,5625,5925
3527,3528,5625,5626
3479,3528,5626,5768
3527,3479,5626,5627
3527,3478,5627,5628
3527,3470,5628,5629
3529,3470,5629,-164
3527,3529,5629,5630
3475,3529,5630,-164
3527,3475,5630,5631
3490,3475,5631,14358
3527,3490,5631,14357,299
3233,3395,5632,5633
3233,3394,5633,5634
3233,3227,5634,5640
3530,3226,5635,6072
3227,3530,5635,5636
3531,3530,5636,6071
3227,3531,5636,5637
3235,3531,5637,5997
3227,3235,5637,5638
3227,3236,5638,5640
3236,3233,5639,5640
2470,3324,5641,5642
2470,3385,5642,5645
3532,3384,5643,5924
3385,3532,5643,5644
3314,3532,5644,5924
3385,3314,5644,5645
3392,3389,5646,5651
3389,3387,5647,5648
3389,3386,5648,5651
3386,3391,5649,5650
3386,3392,5650,5651
3111,3117,5652,5653
3111,3114,5653,5654
3111,3115,5654,5655
3111,3116,5655,5656
2943,3342,5657,5658
3533,3342,5658,5719
2943,3533,5658,5659
3534,3533,5659,5720
2943,3534,5659,5660
3535,3534,5660,5920
2943,3535,5660,5664
324,3536,5661,6058
3536,323,5661,5666
323,2944,5662,5666
2944,2943,5663,5664
2944,3535,5664,5665
3536,3535,5665,6051
2944,3536,5665,5666
3426,3450,5667,5668
3426,3451,5668,5669
3537,3451,5669,5838
3426,3537,5669,5670
3538,3537,5670,5839
3426,3538,5670,5671
3457,3538,5671,5740
3446,3498,5672,5673
3539,3498,5673,5800
3446,3539,5673,5674
3540,3539,5674,5887
3446,3540,5674,5675
3541,3540,5675,5887
3446,3541,5675,5680
3438,3542,5676,6048
3542,3440,5676,5677
3542,3442,5677,5682
3442,3444,5678,5683
3444,3446,5679,5680
3444,3541,5680,5681
3543,3541,5681,5892
3444,3543,5681,5683
3542,3543,5682,5891
3543,3442,5682,5683
3379,3497,5684,5685
3544,3497,5685,5865
3379,3544,5685,5686
3456,3544,5686,5853
3379,3456,5686,5687
3299,3495,5688,5689
3545,3495,5689,5748
3299,3545,5689,5703
3546,3547,5690,5829
3547,3545,5690,5748
3545,3546,5690,5704
3548,3549,5691,6097
3549,3546,5691,5828
3546,3548,5691,5692
3550,3548,5692,6101
3546,3550,5692,5693
3551,3550,5693,6191
3546,3551,5693,5705
3552,3553,5694,6209
3553,3554,5694,6210
3554,3552,5694,5707
3555,3556,5695,6207
3556,3552,5695,6208
3552,3555,5695,5708
3557,3558,5696,6216
3558,3555,5696,6207
3555,3557,5696,5697
3559,3557,5697,6206
3555,3559,5697,5698
3560,3559,5698,6699
3555,3560,5698,5699
3561,3560,5699,6693
3555,3561,5699,5700
487,3561,5700,6391
3555,487,5700,5701
3555,488,5701,5702
3562,488,5702,6132
3555,3562,5702,5708
3299,3563,5703,5778
3563,3545,5703,5704
3563,3546,5704,5705
3563,3551,5705,5706
3554,3551,5706,6210
3563,3554,5706,5707
3563,3552,5707,5710
3552,3562,5708,5709
3564,3562,5709,5872
3552,3564,5709,5710
3563,3564,5710,5810
340,300,5711,5715
300,298,5712,5713
300,302,5713,5714
300,303,5714,5715
3491,3488,5716,5717
3491,3487,5717,5737
3487,3342,5718,5719
3487,3533,5719,5720
3487,3534,5720,5738
3565,3566,5721,5914
3566,3534,5721,5921
3534,3565,5721,5738
3567,3568,5722,5915
3568,3565,5722,5914
3565,3567,5722,5723
3569,3567,5723,5916
3565,3569,5723,5739
3570,3571,5724,5918
3571,3569,5724,5917
3569,3570,5724,5725
3572,3570,5725,5918
3569,3572,5725,5726
432,3572,5726,6052
3569,432,5726,5727
3569,431,5727,5728
3573,431,5728,6435
3569,3573,5728,5729
439,3573,5729,6436
3569,439,5729,5730
3569,438,5730,5731
3574,438,5731,6238
3569,3574,5731,5732
3575,3574,5732,6183
3569,3575,5732,5733
3576,3575,5733,6184
3569,3576,5733,5734
3577,3576,5734,14270
3569,3577,5734,5735
3527,3577,5735,14356,299
3569,3527,5735,5736
3491,3527,5736,14357
3569,3491,5736,5737
3569,3487,5737,5739
3487,3565,5738,5739
3458,3538,5740,5741
3578,3538,5741,5839
3458,3578,5741,5743
3579,3580,5742,14361
3580,3578,5742,5832
3578,3579,5742,5743
3458,3579,5743,14362
3495,3334,5744,5745
3495,3332,5745,5746
3581,3332,5746,5787
3495,3581,5746,5747
3547,3581,5747,5829
3495,3547,5747,5748
3429,3418,5749,5750
3429,3419,5750,5751
3429,3416,5751,5752
3429,3417,5752,5756
3417,3414,5753,5756
3414,3412,5754,5755
3414,3429,5755,5756
3582,3583,5757,6150
3583,3584,5757,6131
3584,3582,5757,5775
3585,3586,5758,14308,299
3586,3587,5758,6148
3587,3585,5758,5759
3588,3585,5759,14326,299
3587,3588,5759,5760
3589,3588,5760,6444
3587,3589,5760,5761
3590,3589,5761,6337
3587,3590,5761,5762
3591,3590,5762,6166
3587,3591,5762,5763
3592,3591,5763,14267
3587,3592,5763,5764
3593,3592,5764,6063
3587,3593,5764,5776
3484,3481,5765,5766
3484,3480,5766,5767
3484,3479,5767,5768
3484,3528,5768,5769
3594,3528,5769,5927
3484,3594,5769,5770
3595,3594,5770,5926
3484,3595,5770,5771
3596,3595,5771,5926
3484,3596,5771,5772
3597,3596,5772,14291,299
3484,3597,5772,5773
3598,3597,5773,14290,299
3484,3598,5773,5774
3584,3598,5774,14246
3484,3584,5774,5775
3484,3582,5775,5777
3587,3582,5776,6149
3582,3593,5776,5777
3484,3593,5777,14278
3301,3563,5778,5779
3599,3563,5779,5810
3301,3599,5779,5780
3600,3599,5780,5811
3301,3600,5780,5783
3461,3601,5781,5869
3601,3600,5781,5870
3600,3461,5781,5782
3600,3459,5782,5783
3250,3249,5784,5785
3602,3249,5785,5809
3250,3602,5785,5786
3581,3602,5786,5816
3250,3581,5786,5787
3603,3604,5788,-933
3604,3605,5788,-933
3605,3603,5788,5793
3606,3607,5789,-933
3607,3603,5789,-933
3603,3606,5789,5790
3608,3606,5790,-933
3603,3608,5790,5791
3609,3608,5791,-933
3603,3609,5791,5792
3610,3609,5792,-933
3603,3610,5792,5793
3605,3610,5793,-933
3498,3516,5794,5795
3498,3502,5795,5796
3498,3501,5796,5800
3501,3504,5797,5801
3611,3612,5798,5889
3612,3504,5798,6044
3504,3611,5798,5799
3613,3611,5799,5888
3504,3613,5799,5801
3539,3501,5800,5802
3501,3613,5801,5802
3539,3613,5802,5888
2642,3362,5803,5804
2165,3362,5804,5899
2642,2165,5804,5805
3249,3246,5806,5807
3614,3246,5807,5848
3249,3614,5807,5808
3615,3614,5808,5847
3249,3615,5808,5809
3602,3615,5809,5816
3599,3564,5810,5811
3600,3564,5811,5871
3247,3244,5812,5815
3244,3242,5813,5814
3616,3242,5814,5841
3244,3616,5814,5815
3247,3616,5815,5840
3581,3615,5816,5817
3617,3615,5817,5846
3581,3617,5817,5830
3618,3619,5818,5896
3619,3620,5818,5844
3620,3618,5818,5819
3621,3618,5819,6061
3620,3621,5819,5820
3622,3621,5820,6105
3620,3622,5820,5821
3623,3622,5821,6104
3620,3623,5821,5822
3624,3623,5822,6190
3620,3624,5822,5823
3625,3624,5823,6189
3620,3625,5823,5824
3626,3625,5824,6188
3620,3626,5824,5825
3627,3626,5825,6187
3620,3627,5825,5826
3628,3627,5826,6241
3620,3628,5826,5827
3549,3628,5827,6097
3620,3549,5827,5828
3620,3546,5828,5831
3546,3581,5829,5830
3546,3617,5830,5831
3620,3617,5831,5845
3483,3580,5832,14361
3578,3483,5832,5833
3629,3483,5833,14282,299
3578,3629,5833,5834
3630,3629,5834,14281,299
3578,3630,5834,5835
3631,3630,5835,14280,299
3578,3631,5835,5836
3452,3631,5836,5941
3578,3452,5836,5837
3578,3451,5837,5838
3578,3537,5838,5839
3246,3616,5840,5848
3616,3239,5841,5842
3632,3239,5842,5898
3616,3632,5842,5843
3619,3632,5843,5897
3616,3619,5843,5844
3616,3620,5844,5845
3616,3617,5845,5846
3616,3615,5846,5847
3616,3614,5847,5848
3633,3463,5849,5936
3464,3633,5849,5852
3513,3633,5850,5936
3633,3514,5850,5851
3633,3515,5851,5852
3634,3544,5853,5868
3456,3634,5853,5854
3635,3634,5854,5868
3456,3635,5854,5862
3496,3636,5855,5866
3636,3154,5855,5856
3636,344,5856,5857
3636,427,5857,5858
3636,425,5858,5859
3636,426,5859,5863
426,423,5860,5861
426,421,5861,5864
421,3635,5862,5864
3636,3635,5863,5867
3635,426,5863,5864
3544,3496,5865,5866
3544,3636,5866,5867
3544,3635,5867,5868
3460,3601,5869,5870
3460,3600,5870,5871
3460,3564,5871,5872
3460,3562,5872,5873
3637,3562,5873,6132
3460,3637,5873,5874
3638,3637,5874,6082
3460,3638,5874,5875
3462,3638,5875,5938
3119,418,5876,5877
3119,419,5877,5878
3639,419,5878,6523
3119,3639,5878,5883
409,3639,5879,6523
3639,408,5879,5884
3124,3640,5880,6741
3640,408,5880,6742
408,3124,5880,5884
3124,3121,5881,5885
3122,3119,5882,5883
3122,3639,5883,5886
3639,3124,5884,5885
3639,3121,5885,5886
3541,3539,5887,5892
3539,3611,5888,5889
3539,3612,5889,5890
3542,3612,5890,6044
3539,3542,5890,5891
3539,3543,5891,5892
3641,3238,5893,5980
3240,3641,5893,5894
3642,3641,5894,5979
3240,3642,5894,5895
3618,3642,5895,6059
3240,3618,5895,5896
3240,3619,5896,5897
3240,3632,5897,5898
2166,3362,5899,5900
2166,3361,5900,5911
3643,3644,5901,6156
3644,3645,5901,6157
3645,3643,5901,5902
3646,3643,5902,6155
3645,3646,5902,5903
3647,3646,5903,6635
3645,3647,5903,5904
3648,3647,5904,6641
3645,3648,5904,5905
3649,3648,5905,6660
3645,3649,5905,5906
2172,3649,5906,6658
3645,2172,5906,5907
3645,2171,5907,5908
3645,2170,5908,5913
2170,2168,5909,5913
2168,2166,5910,5911
2168,3361,5911,5912
3645,3361,5912,6157
2168,3645,5912,5913
3566,3568,5914,5915
3566,3567,5915,5916
3566,3569,5916,5917
3566,3571,5917,5921
3571,3572,5918,5919
3535,3572,5919,6051
3571,3535,5919,5920
3571,3534,5920,5921
3384,3315,5922,5923
3384,3314,5923,5924
3650,3525,5925,5930
3528,3650,5925,5927
3596,3594,5926,5928
3594,3650,5927,5928
3596,3650,5928,14277,299
3650,3651,5929,14273,299
3651,3577,5929,14274,299
3577,3650,5929,5930
3577,3525,5930,5931
3577,3526,5931,14356
3524,3521,5932,5935
3521,334,5933,5934
3523,334,5934,6475
3521,3523,5934,5935
3513,3463,5936,5937
3513,3462,5937,5938
3513,3638,5938,5939
3652,3638,5939,6082
3513,3652,5939,5940
3512,3652,5940,6081
3453,3631,5941,14265,299
3653,3237,5942,6024
3238,3653,5942,5981
3654,3655,5943,6038
3655,3653,5943,6024
3653,3654,5943,5982
3656,3657,5944,6022
3657,3658,5944,6023
3658,3656,5944,5945
3659,3656,5945,6021
3658,3659,5945,5991
3660,3661,5946,6020
3661,3659,5946,6021
3659,3660,5946,5983
3662,3663,5947,6019
3663,3660,5947,6020
3660,3662,5947,5948
3664,3662,5948,6018
3660,3664,5948,5983
3665,3666,5949,6017
3666,3664,5949,6018
3664,3665,5949,5993
3667,3668,5950,7848
3668,3669,5950,6041
3669,3667,5950,5951
3670,3667,5951,7847
3669,3670,5951,5952
3671,3670,5952,7847
3669,3671,5952,5953
580,3671,5953,7853
3669,580,5953,5954
3669,581,5954,5955
3669,582,5955,5956
3669,583,5956,5984
3672,585,5957,7207
584,3672,5957,5958
3673,3672,5958,7206
584,3673,5958,5959
3674,3673,5959,6601
584,3674,5959,5960
3675,3674,5960,6794
584,3675,5960,5961
3676,3675,5961,6793
584,3676,5961,5962
3677,3676,5962,6793
584,3677,5962,5963
3678,3677,5963,6792
584,3678,5963,5986
3679,3680,5964,6795
3680,3681,5964,6796
3681,3679,5964,5965
3682,3679,5965,6600
3681,3682,5965,5966
3683,3682,5966,6599
3681,3683,5966,5967
3684,3683,5967,6224
3681,3684,5967,5968
3685,3684,5968,6502
3681,3685,5968,5987
3686,3687,5969,6218
3687,3688,5969,6219
3688,3686,5969,5988
3689,3690,5970,6231
3690,3686,5970,6218
3686,3689,5970,5989
3691,3692,5971,6230
3692,3689,5971,6231
3689,3691,5971,5972
3693,3691,5972,6229
3689,3693,5972,5973
3694,3693,5973,6243
3689,3694,5973,5974
3695,3694,5974,6243
3689,3695,5974,5975
3696,3695,5975,6186
3689,3696,5975,5976
3697,3696,5976,6185
3689,3697,5976,5977
3698,3697,5977,6103
3689,3698,5977,5978
3642,3698,5978,6059
3689,3642,5978,5979
3689,3641,5979,5980
3689,3238,5980,5981
3689,3653,5981,5982
3689,3654,5982,5989
3659,3664,5983,5992
3669,3665,5984,6017
3665,583,5984,5985
3665,584,5985,5986
3665,3678,5986,5993
3681,3678,5987,6792
3678,3685,5987,5994
3688,3699,5988,6219
3699,3686,5988,5995
3686,3654,5989,5990
3658,3654,5990,6023
3686,3658,5990,5991
3686,3659,5991,5992
3686,3664,5992,5996
3664,3678,5993,5994
3664,3685,5994,5996
3699,3685,5995,6220
3685,3686,5995,5996
3237,3531,5997,5998
3700,3531,5998,6070
3237,3700,5998,5999
3701,3700,5999,6069
3237,3701,5999,6000
3702,3701,6000,6068
3237,3702,6000,6025
2131,3703,6001,6065
3703,2132,6001,6002
3704,2132,6002,6906
3703,3704,6002,6003
3705,3704,6003,6905
3703,3705,6003,6027
3706,3707,6004,6904
3707,3705,6004,6905
3705,3706,6004,6028
3708,3709,6005,6912
3709,3706,6005,6904
3706,3708,6005,6006
3710,3708,6006,6903
3706,3710,6006,6007
3711,3710,6007,7883
3706,3711,6007,6029
3712,3713,6008,7882
3713,3711,6008,7883
3711,3712,6008,6009
3714,3712,6009,7881
3711,3714,6009,6029
3715,3716,6010,7889
3716,3714,6010,7881
3714,3715,6010,6030
3717,3718,6011,8627
3718,3715,6011,7880
3715,3717,6011,6012
3719,3717,6012,8628
3715,3719,6012,6013
3720,3719,6013,8297
3715,3720,6013,6014
3721,3720,6014,8296
3715,3721,6014,6030
3722,3723,6015,8294
3723,3724,6015,8295
3724,3722,6015,6016
3725,3722,6016,8294
3724,3725,6016,6032
3669,3666,6017,6035
3666,3662,6018,6019
3666,3663,6019,6035
3663,3661,6020,6036
3661,3656,6021,6022
3661,3657,6022,6036
3657,3654,6023,6037
3655,3237,6024,6025
3655,3702,6025,6026
3726,3702,6026,6067
3655,3726,6026,6038
3703,3726,6027,6066
3726,3705,6027,6028
3726,3706,6028,6039
3706,3714,6029,6040
3714,3721,6030,6031
3724,3721,6031,8295
3714,3724,6031,6032
3714,3725,6032,6033
3727,3725,6033,8097
3714,3727,6033,6034
3668,3727,6034,7849
3714,3668,6034,6040
3669,3663,6035,6042
3663,3657,6036,6037
3663,3654,6037,6043
3654,3726,6038,6039
3654,3706,6039,6043
3706,3668,6040,6041
3706,3669,6041,6042
3706,3663,6042,6043
3542,3504,6044,6049
3728,3503,6045,6170
3504,3728,6045,6046
3437,3728,6046,6171
3504,3437,6046,6050
3437,3439,6047,6050
3439,3542,6048,6049
3439,3504,6049,6050
3536,3572,6051,6052
3536,432,6052,6053
3536,433,6053,6054
3536,469,6054,6058
469,326,6055,6056
469,325,6056,6057
469,324,6057,6058
3618,3698,6059,6060
3729,3698,6060,6102
3618,3729,6060,6061
3621,3729,6061,6102
3592,3730,6062,14266
3730,3731,6062,14279
3731,3592,6062,6063
3731,3593,6063,14283
3226,2133,6064,6072
2133,3703,6065,6066
2133,3726,6066,6067
2133,3702,6067,6068
2133,3701,6068,6069
2133,3700,6069,6070
2133,3531,6070,6071
2133,3530,6071,6072
3732,3733,6073,6142
3733,2460,6073,14259,79
2460,3732,6073,6074
3312,3732,6074,6141
2460,3312,6074,6075
2460,3313,6075,6076
3309,3273,6077,6078
3734,3273,6078,6116
3309,3734,6078,6079
3735,3734,6079,6257
3309,3735,6079,6080
3311,3735,6080,6140
3511,3652,6081,6089
3652,3637,6082,6083
490,3637,6083,6134
3652,490,6083,6084
3652,474,6084,6085
3652,473,6085,6089
473,476,6086,6087
3510,476,6087,14234
473,3510,6087,6088
473,3511,6088,6089
3352,3350,6090,6091
3736,3350,6091,6112
3352,3736,6091,6092
3737,3736,6092,6111
3352,3737,6092,6093
3738,3737,6093,14252
3352,3738,6093,6096
3353,3738,6094,6503
3738,3354,6094,6095
3738,3355,6095,6096
3548,3628,6097,6098
3739,3628,6098,6241
3548,3739,6098,6099
3740,3739,6099,6252
3548,3740,6099,6100
3741,3740,6100,6252
3548,3741,6100,6101
3550,3741,6101,6191
3621,3698,6102,6103
3621,3697,6103,6105
3623,3697,6104,6185
3697,3622,6104,6105
3742,3743,6106,14262
3743,3348,6106,14248
3348,3742,6106,6107
3744,3742,6107,14249
3348,3744,6107,6108
3745,3744,6108,14249
3348,3745,6108,6114
3746,3747,6109,14251
3747,3745,6109,14250
3745,3746,6109,6110
3737,3746,6110,14251
3745,3737,6110,6111
3745,3736,6111,6112
3745,3350,6112,6113
3745,3349,6113,6114
3748,3271,6115,6464
3273,3748,6115,6116
3734,3748,6116,6257
3749,3750,6117,14289
3750,3751,6117,14294
3751,3749,6117,6125
3752,3753,6118,14295
3753,3754,6118,14287
3754,3752,6118,6126
3755,3756,6119,14243
3756,3752,6119,14239
3752,3755,6119,6120
3757,3755,6120,14238
3752,3757,6120,6127
3758,3759,6121,14236
3759,3760,6121,14237
3760,3758,6121,6122
3761,3758,6122,14236
3760,3761,6122,6123
3598,3761,6123,14246,299
3760,3598,6123,6124
3751,3598,6124,14290
3760,3751,6124,6125
3760,3749,6125,6128
3754,3749,6126,14288
3749,3752,6126,6127
3749,3757,6127,6128
3760,3757,6128,14237
3762,3761,6129,14241,299
3761,3584,6129,14246
3584,3762,6129,6130
3763,3762,6130,14245,299
3584,3763,6130,6131
3583,3763,6131,6146
3637,488,6132,6133
3637,489,6133,6134
3507,3764,6135,14235,299
3764,3765,6135,14231,299
3765,3507,6135,6136
3765,3506,6136,6137
3765,3505,6137,6138
3766,3505,6138,6169
3765,3766,6138,6168
3735,3767,6139,6301
3767,3768,6139,6613
3768,3735,6139,6143
3735,3310,6140,6144
3310,3732,6141,6145
3769,3733,6142,14224,79
3732,3769,6142,6145
3768,3769,6143,14224,79
3769,3735,6143,6144
3769,3310,6144,6145
3770,3763,6146,14221,299
3583,3770,6146,6147
3771,3770,6147,14220,299
3583,3771,6147,6150
3586,3771,6148,14220,299
3771,3587,6148,6149
3771,3582,6149,6150
3361,3359,6151,6158
3772,3773,6152,6459
3773,3774,6152,6460
3774,3772,6152,6153
3775,3772,6153,6636
3774,3775,6153,6154
3646,3775,6154,6635
3774,3646,6154,6155
3774,3643,6155,6156
3774,3644,6156,6160
3644,3361,6157,6158
3644,3359,6158,6159
3776,3359,6159,6452
3644,3776,6159,6160
3774,3776,6160,6460
3433,3591,6161,14268
3591,3432,6161,6162
3777,3432,6162,6173
3591,3777,6162,6163
3778,3777,6163,6334
3591,3778,6163,6164
3779,3778,6164,6339
3591,3779,6164,6165
3780,3779,6165,6338
3591,3780,6165,6166
3590,3780,6166,6338
3765,3781,6167,14218,299
3781,3782,6167,14207,299
3782,3765,6167,6168
3782,3766,6168,6178
3766,3503,6169,6170
3766,3728,6170,6178
3728,3435,6171,6172
3728,3432,6172,6173
3728,3777,6173,6174
3783,3777,6174,6334
3728,3783,6174,6175
3784,3783,6175,6449
3728,3784,6175,6176
3785,3784,6176,6448
3728,3785,6176,6177
3782,3785,6177,6447
3728,3782,6177,6178
3786,3787,6179,14271
3787,3576,6179,14270
3576,3786,6179,6180
3788,3786,6180,14286
3576,3788,6180,6181
3789,3788,6181,6327
3576,3789,6181,6184
3574,3790,6182,6238
3790,3789,6182,6333
3789,3574,6182,6183
3789,3575,6183,6184
3623,3696,6185,6186
3623,3695,6186,6190
3627,3695,6187,6242
3695,3626,6187,6188
3695,3625,6188,6189
3695,3624,6189,6190
3551,3741,6191,6192
3791,3741,6192,6256
3551,3791,6192,6193
3792,3791,6193,6255
3551,3792,6193,6211
3793,3794,6194,6248
3794,3792,6194,6254
3792,3793,6194,6212
3795,3796,6195,6226
3796,3797,6195,6246
3797,3795,6195,6196
3798,3795,6196,6598
3797,3798,6196,6197
3799,3798,6197,6597
3797,3799,6197,6198
3800,3799,6198,6605
3797,3800,6198,6199
3801,3800,6199,6855
3797,3801,6199,6200
3802,3801,6200,6960
3797,3802,6200,6201
3803,3802,6201,6964
3797,3803,6201,6202
3804,3803,6202,6939
3797,3804,6202,6213
3805,3806,6203,6938
3806,3804,6203,6939
3804,3805,6203,6214
3807,3808,6204,6892
3808,3805,6204,6938
3805,3807,6204,6205
3559,3807,6205,6697
3805,3559,6205,6206
3805,3557,6206,6215
3558,3556,6207,6208
3558,3552,6208,6209
3558,3553,6209,6216
3553,3551,6210,6211
3553,3792,6211,6212
3553,3793,6212,6217
3797,3793,6213,6247
3793,3804,6213,6214
3793,3805,6214,6215
3793,3557,6215,6217
3557,3553,6216,6217
3690,3687,6218,6232
3687,3699,6219,6233
3809,3685,6220,6501
3699,3809,6220,6221
3810,3809,6221,6500
3699,3810,6221,6233
3811,3812,6222,6499
3812,3810,6222,6500
3810,3811,6222,6223
3813,3811,6223,6498
3810,3813,6223,6234
3684,3813,6224,6498
3813,3683,6224,6225
3814,3683,6225,6599
3813,3814,6225,6235
3795,3814,6226,6595
3814,3796,6226,6227
3815,3796,6227,6245
3814,3815,6227,6236
3693,3816,6228,6244
3816,3815,6228,6245
3815,3693,6228,6229
3815,3691,6229,6230
3815,3692,6230,6237
3692,3690,6231,6232
3692,3687,6232,6237
3687,3810,6233,6234
3687,3813,6234,6235
3687,3814,6235,6236
3687,3815,6236,6237
438,3790,6238,6240
442,3790,6239,6333
3790,441,6239,6240
3739,3627,6241,6242
3739,3695,6242,6251
3695,3693,6243,6244
3695,3816,6244,6251
3816,3796,6245,6246
3816,3797,6246,6247
3816,3793,6247,6248
3816,3794,6248,6249
3817,3794,6249,6254
3816,3817,6249,6250
3739,3817,6250,6253
3816,3739,6250,6251
3741,3739,6252,6253
3741,3817,6253,6256
3817,3792,6254,6255
3817,3791,6255,6256
3735,3748,6257,6302
3818,3819,6258,6470
3819,3748,6258,6471
3748,3818,6258,6259
3820,3818,6259,6469
3748,3820,6259,6302
3821,3822,6260,6467
3822,3823,6260,6468
3823,3821,6260,6304
3272,3824,6261,6465
3824,3825,6261,6466
3825,3272,6261,6262
3825,3269,6262,6305
3826,3270,6263,6689
3269,3826,6263,6306
3827,3828,6264,6788
3828,3829,6264,6786
3829,3827,6264,6308
3830,3831,6265,7301
3831,3827,6265,6929
3827,3830,6265,6309
3832,3833,6266,6927
3833,3834,6266,7302
3834,3832,6266,6267
3835,3832,6267,7977
3834,3835,6267,6268
3836,3835,6268,7981
3834,3836,6268,6269
3837,3836,6269,7980
3834,3837,6269,6311
3838,3839,6270,6923
3839,3840,6270,7979
3840,3838,6270,6271
3841,3838,6271,8235
3840,3841,6271,6313
3842,3843,6272,6836
3843,3841,6272,8235
3841,3842,6272,6313
3844,3845,6273,6834
3845,3842,6273,6835
3842,3844,6273,6274
3846,3844,6274,6833
3842,3846,6274,6275
3847,3846,6275,9179
3842,3847,6275,6276
3848,3847,6276,10064
3842,3848,6276,6277
3849,3848,6277,10069
3842,3849,6277,6314
3850,3851,6278,10067
3851,3849,6278,10068
3849,3850,6278,6279
3852,3850,6279,10560
3849,3852,6279,6315
3853,3854,6280,9877
3854,3852,6280,10584
3852,3853,6280,6281
3855,3853,6281,9883
3852,3855,6281,6316
3856,3857,6282,8217
3857,3855,6282,9876
3855,3856,6282,6317
3858,3859,6283,8959
3859,3856,6283,8216
3856,3858,6283,6318
3860,3861,6284,8961
3861,3858,6284,8959
3858,3860,6284,6285
3862,3860,6285,8214
3858,3862,6285,6319
683,3863,6286,8228
3863,3862,6286,8214
3862,683,6286,6287
3862,682,6287,6288
3864,682,6288,7758
3862,3864,6288,6289
3865,3864,6289,7757
3862,3865,6289,6290
3866,3865,6290,7103
3862,3866,6290,6320
3867,3868,6291,7101
3868,3866,6291,7102
3866,3867,6291,6321
3869,3870,6292,7105
3870,3871,6292,7106
3871,3869,6292,6293
3872,3869,6293,7296
3871,3872,6293,6294
3873,3872,6294,7275
3871,3873,6294,6295
3874,3873,6295,6721
3871,3874,6295,6296
3875,3874,6296,6645
3871,3875,6296,6297
3876,3875,6297,6649
3871,3876,6297,6298
3877,3876,6298,6644
3871,3877,6298,6322
3878,3879,6299,6642
3879,3877,6299,6643
3877,3878,6299,6323
3767,3880,6300,6613
3880,3878,6300,6642
3878,3767,6300,6301
3878,3735,6301,6324
3735,3820,6302,6303
3823,3820,6303,6469
3735,3823,6303,6304
3735,3821,6304,6324
3825,3821,6305,6467
3821,3269,6305,6306
3821,3826,6306,6307
3829,3826,6307,6692
3821,3829,6307,6308
3821,3827,6308,6309
3821,3830,6309,6310
3834,3830,6310,7302
3821,3834,6310,6311
3821,3837,6311,6312
3840,3837,6312,7980
3821,3840,6312,6325
3840,3842,6313,6314
3840,3849,6314,6315
3840,3852,6315,6316
3840,3855,6316,6317
3840,3856,6317,6318
3840,3858,6318,6319
3840,3862,6319,6320
3840,3866,6320,6321
3840,3867,6321,6325
3871,3867,6322,7101
3867,3877,6322,6323
3867,3878,6323,6326
3878,3821,6324,6326
3821,3867,6325,6326
3753,3788,6327,14287
3789,3753,6327,6328
537,3753,6328,14332
3789,537,6328,6329
3789,536,6329,6330
3789,538,6330,6331
3789,443,6331,6332
3789,442,6332,6333
3778,3783,6334,6335
3881,3783,6335,6450
3778,3881,6335,6336
3882,3881,6336,6443
3778,3882,6336,6339
3589,3882,6337,6444
3882,3590,6337,6340
3590,3779,6338,6340
3779,3882,6339,6340
3883,3884,6341,14225
3884,3885,6341,14258
3885,3883,6341,6342
3886,3883,6342,14226
3885,3886,6342,6346
3887,3888,6343,6542
3888,3886,6343,14226
3886,3887,6343,6347
3889,3890,6344,6429
3890,3887,6344,6430
3887,3889,6344,6347
3885,3891,6345,14257
3891,3892,6345,6428
3892,3885,6345,6346
3892,3886,6346,6348
3886,3889,6347,6348
3892,3889,6348,6428
3893,3894,6349,-933
3894,3895,6349,-933
3895,3893,6349,6350
3896,3893,6350,-933
3895,3896,6350,6355
3897,3898,6351,-933
3898,3899,6351,-933
3899,3897,6351,6352
3900,3897,6352,-933
3899,3900,6352,6353
3901,3900,6353,-933
3899,3901,6353,6354
3902,3901,6354,-933
3899,3902,6354,6356
3895,3902,6355,-933
3902,3896,6355,6356
3899,3896,6356,-933
3903,1175,6357,-870
1177,3903,6357,6358
3904,3903,6358,-870
1177,3904,6358,6400
1176,3905,6359,9558
3905,1173,6359,6360
3905,1174,6360,6361
3905,1172,6361,6362
3905,1169,6362,6402
1170,1168,6363,6364
1170,1166,6364,6404
1167,1164,6365,6366
1167,1161,6366,6406
1162,1178,6367,6368
1162,1158,6368,6369
1162,1159,6369,6370
1162,1160,6370,6371
1162,1156,6371,6372
1162,1157,6372,6373
1162,1155,6373,6407
3906,722,6374,6375,292
1155,3906,6374,6419
3906,723,6375,6376
3906,724,6376,6408
3907,3908,6377,8196
3908,724,6377,8242
724,3907,6377,6378
3909,3907,6378,8197
724,3909,6378,6408
3910,3911,6379,8007
3911,3912,6379,8194
3912,3910,6379,6410
3913,3914,6380,-1638
3914,3910,6380,8007
3910,3913,6380,6410
3915,3916,6381,7309
3916,3913,6381,-1638
3913,3915,6381,6411
3917,3918,6382,7311
3918,3915,6382,7310
3915,3917,6382,6383
3919,3917,6383,7312
3915,3919,6383,6384
3920,3919,6384,8029
3915,3920,6384,6412
3921,3922,6385,8031
3922,3920,6385,8030
3920,3921,6385,6413
3923,3924,6386,7316
3924,3925,6386,7315
3925,3923,6386,6387
3926,3923,6387,7316
3925,3926,6387,6414
3927,3928,6388,7318
3928,3926,6388,7317
3926,3927,6388,6423
3929,3930,6389,7249
3930,3931,6389,7319
3931,3929,6389,6415
3561,3932,6390,6696
3932,3933,6390,7112
3933,3561,6390,6416
3561,486,6391,6392
3561,485,6392,6393
3561,482,6393,6394
3934,482,6394,6395,211
3561,3934,6394,6416
3934,1285,6395,6417
1285,1283,6396,6426
1283,1281,6397,6398
1283,1277,6398,6399
1177,1277,6399,14203,22
1283,1177,6399,6400
1283,3904,6400,6401
3905,3904,6401,9558
1283,3905,6401,6402
1283,1169,6402,6403
1283,1170,6403,6404
1283,1166,6404,6405
1283,1167,6405,6406
1283,1161,6406,6418
1161,1155,6407,6418
3906,3909,6408,6409
3912,3909,6409,8197
3906,3912,6409,6420
3912,3913,6410,6411
3912,3915,6411,6412
3912,3920,6412,6413
3912,3921,6413,6421
3925,3921,6414,8032
3921,3926,6414,6422
3931,3927,6415,7318
3927,3929,6415,6424
3933,3934,6416,6417
3933,1285,6417,6425
1283,1155,6418,6419
1283,3906,6419,6420
1283,3912,6420,6421
1283,3921,6421,6422
1283,3926,6422,6423
1283,3927,6423,6424
1283,3929,6424,6426
3933,3935,6425,7111
3935,1285,6425,6427
1285,3929,6426,6427
3935,3929,6427,7249
3891,3889,6428,6429
3891,3890,6429,6434
3936,3887,6430,6541
3890,3936,6430,6431
3937,3936,6431,6540
3890,3937,6431,6432
3938,3937,6432,14255
3890,3938,6432,6434
3891,3939,6433,14257
3939,3938,6433,14256
3938,3891,6433,6434
434,3573,6435,6440
3573,440,6436,6437
3573,435,6437,6438
3573,436,6438,6439
3573,437,6439,6440
3940,3941,6441,14189,299
3941,3588,6441,14190,299
3588,3940,6441,6442
3881,3940,6442,6451
3588,3881,6442,6443
3588,3882,6443,6444
3942,3943,6445,14219
3943,3940,6445,14186,299
3940,3942,6445,6451
3782,3944,6446,14183,299
3944,3942,6446,14219
3942,3782,6446,6447
3942,3785,6447,6448
3942,3784,6448,6449
3942,3783,6449,6450
3942,3881,6450,6451
3776,3358,6452,6453
3945,3358,6453,6535
3776,3945,6453,6454
3946,3945,6454,6614
3776,3946,6454,6455
3947,3946,6455,6669
3776,3947,6455,6456
3948,3947,6456,6676
3776,3948,6456,6461
3949,3950,6457,6774
3950,3948,6457,6675
3948,3949,6457,6462
3772,3951,6458,6636
3951,3952,6458,6723
3952,3772,6458,6459
3952,3773,6459,6463
3773,3776,6460,6461
3773,3948,6461,6462
3773,3949,6462,6463
3952,3949,6463,6773
3748,3272,6464,6465
3748,3824,6465,6466
3748,3825,6466,6471
3825,3822,6467,6468
3825,3823,6468,6472
3823,3818,6469,6470
3823,3819,6470,6472
3819,3825,6471,6472
3953,3522,6473,6491
347,3953,6473,6474
346,3953,6474,6490
3522,334,6475,6476
3522,333,6476,6477
3522,332,6477,6495
465,330,6478,6633
331,465,6478,6479
331,464,6479,6480
3954,464,6480,7176
331,3954,6480,6481
3955,3954,6481,7176
331,3955,6481,6482
3956,3955,6482,7175
331,3956,6482,6483
3957,3956,6483,8643
331,3957,6483,6484
3958,3957,6484,6755
331,3958,6484,6485
3959,3958,6485,6754
331,3959,6485,6486
3960,3959,6486,6753
331,3960,6486,6487
3961,3960,6487,6753
331,3961,6487,6488
3962,3961,6488,6767
331,3962,6488,6492
3963,3964,6489,7590
3964,3962,6489,6752
3962,3963,6489,6492
349,3953,6490,6491
349,3522,6491,6494
331,3963,6492,6493
3965,3963,6493,7590
331,3965,6493,6496
349,3966,6494,6650
3966,3522,6494,6495
3966,332,6495,6497
332,3965,6496,6497
3966,3965,6497,6650
3684,3811,6498,6499
3684,3812,6499,6502
3812,3809,6500,6501
3812,3685,6501,6502
3967,3738,6503,14253
3353,3967,6503,6504
3968,3967,6504,6549
3353,3968,6504,6505
3969,3968,6505,6548
3353,3969,6505,6506
3970,3969,6506,6803
3353,3970,6506,6507
3971,3970,6507,6677
3353,3971,6507,6510
3357,3972,6508,6531
3972,3971,6508,6677
3971,3357,6508,6509
3971,3356,6509,6510
3973,3974,6511,-949
3974,3975,6511,-949
3975,3973,6511,6517
3976,3977,6512,14317
3977,3973,6512,6552
3973,3976,6512,6513
3978,3976,6513,14318
3973,3978,6513,6514
3979,3978,6514,14319
3973,3979,6514,6515
3980,3979,6515,14320
3973,3980,6515,6517
3975,3981,6516,14321
3981,3980,6516,14320
3980,3975,6516,6517
417,413,6518,6519
417,412,6519,6520
417,411,6520,6521
417,410,6521,6522
417,409,6522,6526
409,419,6523,6524
409,415,6524,6525
409,416,6525,6526
478,480,6527,6528
3982,480,6528,-1734
478,3982,6528,6530
497,3982,6529,-1734
3982,498,6529,6530
3358,3972,6531,6532
3983,3972,6532,6686
3358,3983,6532,6533
3984,3983,6533,6801
3358,3984,6533,6534
3985,3984,6534,6957
3358,3985,6534,6535
3945,3985,6535,6614
2202,2197,6536,6537
3986,2197,6537,7132
2202,3986,6537,6538
3987,3986,6538,7132
2202,3987,6538,6539
2201,3987,6539,7255
3937,3967,6540,14254
3967,3936,6540,6541
3967,3887,6541,6542
3967,3888,6542,6543
3988,3888,6543,14227
3967,3988,6543,6544
3989,3988,6544,6709
3967,3989,6544,6550
3990,3991,6545,7458
3991,3992,6545,7451
3992,3990,6545,6546
3993,3990,6546,7072
3992,3993,6546,6547
3994,3993,6547,7071
3992,3994,6547,6551
3969,3994,6548,6802
3994,3968,6548,6549
3994,3967,6549,6550
3994,3989,6550,6551
3992,3989,6551,14160
3973,3995,6552,14322
3995,3977,6552,6553
3996,3977,6553,14316
3995,3996,6553,6554
3997,3996,6554,6556,299
3995,3997,6554,6555
3998,3997,6555,6579,299
3995,3998,6555,6578
3999,3996,6556,14355
3997,3999,6556,6557
4000,3999,6557,14355
3997,4000,6557,6558
4001,4000,6558,14177
3997,4001,6558,6579
4002,4003,6559,14176
4003,4001,6559,14177
4001,4002,6559,6560
4004,4002,6560,7640
4001,4004,6560,6561
4005,4004,6561,8371
4001,4005,6561,6562
4006,4005,6562,8370
4001,4006,6562,6563
4007,4006,6563,8370
4001,4007,6563,6580
4008,4009,6564,7820
4009,4007,6564,8369
4007,4008,6564,6565
4010,4008,6565,7819
4007,4010,6565,6566
4011,4010,6566,7818
4007,4011,6566,6580
509,4012,6567,7824
4012,4013,6567,7802
4013,509,6567,6568
4013,508,6568,6569
4014,508,6569,7236
4013,4014,6569,6570
4015,4014,6570,7237
4013,4015,6570,6583
4016,4017,6571,7238
4017,4015,6571,7237
4015,4016,6571,6584
507,4018,6572,-9910
4018,505,6572,6573
4019,505,6573,6739
4018,4019,6573,6574
4020,4019,6574,6740
4018,4020,6574,6575
4021,4020,6575,14211
4018,4021,6575,6586
4022,4023,6576,14184
4023,4021,6576,14210
4021,4022,6576,6577
3995,4022,6577,14323
4021,3995,6577,6578
4021,3998,6578,6586
3998,4001,6579,6587
4001,4011,6580,6581
4024,4011,6581,7817
4001,4024,6581,6582
4013,4024,6582,7805
4001,4013,6582,6583
4001,4015,6583,6584
4001,4016,6584,6585
4018,4016,6585,-9910
4001,4018,6585,6587
4018,3998,6586,6587
4025,501,6588,6623
500,4025,6588,6589
4026,4025,6589,6622
500,4026,6589,6590
4027,4026,6590,6621
500,4027,6590,6591
4028,4027,6591,6620
500,4028,6591,6592
4029,4028,6592,6737
500,4029,6592,6593
4030,4029,6593,6736
500,4030,6593,6594
4031,4030,6594,14214
500,4031,6594,14215
4032,3814,6595,6608
3795,4032,6595,6596
4033,4032,6596,6607
3795,4033,6596,6598
3799,4033,6597,6606
4033,3798,6597,6598
3814,3682,6599,6608
3674,3679,6600,6795
3682,3674,6600,6601
3682,3673,6601,6602
4034,3673,6602,7206
3682,4034,6602,6603
4035,4034,6603,6845
3682,4035,6603,6604
3800,4035,6604,6845
3682,3800,6604,6605
3682,3799,6605,6606
3682,4033,6606,6607
3682,4032,6607,6608
4036,4037,6609,6717
4037,3768,6609,14182,79
3768,4036,6609,6610
4038,4036,6610,6646
3768,4038,6610,6611
4039,4038,6611,6647
3768,4039,6611,6612
3880,4039,6612,6648
3768,3880,6612,6613
3946,3985,6614,6615
4040,3985,6615,6956
3946,4040,6615,6616
4041,4040,6616,6670
3946,4041,6616,6669
501,504,6617,6623
504,506,6618,6619
4028,506,6619,6737
504,4028,6619,6620
504,4027,6620,6621
504,4026,6621,6622
504,4025,6622,6623
406,402,6624,6628
4042,400,6625,7021
401,4042,6625,6626
404,4042,6626,6878
401,404,6626,6627
401,405,6627,6629
405,402,6628,6629
328,467,6630,6631
328,466,6631,6632
328,465,6632,6634
465,329,6633,6634
3647,3775,6635,6641
3775,3951,6636,6637
4043,3951,6637,6730
3775,4043,6637,6638
4044,4043,6638,6971
3775,4044,6638,6639
4045,4044,6639,6661
3775,4045,6639,6640
3648,4045,6640,6660
3775,3648,6640,6641
3880,3879,6642,6643
3880,3877,6643,6644
3880,3876,6644,6648
4036,3874,6645,6722
3875,4036,6645,6646
3875,4038,6646,6647
3875,4039,6647,6649
4039,3876,6648,6649
349,3965,6650,6651
4046,3965,6651,7588
349,4046,6651,6652
4047,4046,6652,7589
349,4047,6652,6653
4048,4047,6653,7593
349,4048,6653,6654
4049,4048,6654,7698
349,4049,6654,6655
4050,4049,6655,7698
349,4050,6655,6656
4051,4050,6656,6748
349,4051,6656,6657
348,4051,6657,6747
4052,3649,6658,6668
2172,4052,6658,6659
2173,4052,6659,6813
3649,4045,6660,6661
3649,4044,6661,6662
4053,4044,6662,6971
3649,4053,6662,6663
4054,4053,6663,6976
3649,4054,6663,6668
4055,4056,6664,7224
4056,4054,6664,7190
4054,4055,6664,6665
4057,4055,6665,7095
4054,4057,6665,6666
4058,4057,6666,6815
4054,4058,6666,6667
4052,4058,6667,6814
4054,4052,6667,6668
3947,4041,6669,6670
3947,4040,6670,6671
4059,4040,6671,6956
3947,4059,6671,6676
4060,4061,6672,7066
4061,4059,6672,6977
4059,4060,6672,6673
4062,4060,6673,6775
4059,4062,6673,6674
3950,4062,6674,6774
4059,3950,6674,6675
4059,3948,6675,6676
3972,3970,6677,6687
4063,4064,6678,7076
4064,3970,6678,6803
3970,4063,6678,6679
4065,4063,6679,7075
3970,4065,6679,6688
4066,4067,6680,7456
4067,4065,6680,7074
4065,4066,6680,6681
4068,4066,6681,7864
4065,4068,6681,6682
4069,4068,6682,7607
4065,4069,6682,6683
4070,4069,6683,7332
4065,4070,6683,6684
4071,4070,6684,6799
4065,4071,6684,6685
4072,4071,6685,6798
4065,4072,6685,6688
3983,4072,6686,6798
4072,3972,6686,6687
4072,3970,6687,6688
3826,3267,6689,6690
4073,3267,6690,6783
3826,4073,6690,6691
4074,4073,6691,6787
3826,4074,6691,6692
3829,4074,6692,6786
4075,3560,6693,6699
3561,4075,6693,6694
4076,4075,6694,6804
3561,4076,6694,6695
4077,4076,6695,6808
3561,4077,6695,6696
3932,4077,6696,7107
4078,3807,6697,6892
3559,4078,6697,6698
4075,4078,6698,6804
3559,4075,6698,6699
2187,3206,6700,6701
4079,3206,6701,6809
2187,4079,6701,6702
4080,4079,6702,6812
2187,4080,6702,6703
4081,4080,6703,6811
2187,4081,6703,6704
4082,4081,6704,7011
2187,4082,6704,6705
4083,4082,6705,6988
2187,4083,6705,6706
4084,4083,6706,6945
2187,4084,6706,6707
2190,4084,6707,6944
3988,4085,6708,14228
4085,4037,6708,14182
4037,3988,6708,6709
4037,3989,6709,6710
4086,3989,6710,14160
4037,4086,6710,6715
4087,4086,6711,7269
4086,4088,6711,6716,79
4088,4087,6711,6712
3873,4087,6712,7275
4088,3873,6712,6720
4089,4090,6713,6719,79
4090,4037,6713,6715,79
4037,4089,6713,6714
4091,4089,6714,6718,79
4037,4091,6714,6717
4090,4086,6715,6716
4090,4088,6716,6719
4036,4091,6717,6718
4036,4089,6718,6722
4089,4088,6719,6720
4089,3873,6720,6721
4089,3874,6721,6722
4092,3952,6723,6773
3951,4092,6723,6724
4093,4092,6724,6780
3951,4093,6724,6730
4094,4095,6725,6779
4095,4093,6725,6780
4093,4094,6725,6726
4096,4094,6726,6868
4093,4096,6726,6727
4097,4096,6727,6877
4093,4097,6727,6728
4098,4097,6728,6876
4093,4098,6728,6729
4043,4098,6729,6972
4093,4043,6729,6730
4099,534,6731,14346
530,4099,6731,6732
531,4099,6732,6789
4100,4101,6733,14170,299
4101,4102,6733,14313
4102,4100,6733,6734
4103,4100,6734,14315
4102,4103,6734,14314
4030,4104,6735,14213
4104,4020,6735,14212
4020,4030,6735,6736
4020,4029,6736,6740
4029,506,6737,6738
4029,505,6738,6739
4029,4019,6739,6740
3123,3640,6741,6746
3640,407,6742,6743
3127,407,6743,6887
3640,3127,6743,6744
3640,3128,6744,6745
3640,3126,6745,6746
350,4051,6747,6748
350,4050,6748,6749
4105,4050,6749,7701
350,4105,6749,6765
4106,4107,6750,7591
4107,4108,6750,7700
4108,4106,6750,6751
3964,4106,6751,7591
4108,3964,6751,6752
4108,3962,6752,6771
3961,3959,6753,6754
3961,3958,6754,6755
3961,3957,6755,6756
4109,3957,6756,8647
3961,4109,6756,6757
4110,4109,6757,7170
3961,4110,6757,6767
4111,4112,6758,8974
4112,4110,6758,7169
4110,4111,6758,6759
357,4111,6759,8968
4110,357,6759,6760
4110,358,6760,6768
358,355,6761,6769
355,428,6762,6763
355,351,6763,6772
352,350,6764,6765
352,4105,6765,6766
4108,4105,6766,7700
352,4108,6766,6770
3962,4110,6767,6768
3962,358,6768,6769
3962,355,6769,6771
351,4108,6770,6772
4108,355,6771,6772
4092,3949,6773,6781
3949,4062,6774,6775
3949,4060,6775,6776
4113,4060,6776,7070
3949,4113,6776,6782
4114,4115,6777,6869
4115,4113,6777,6870
4113,4114,6777,6778
4094,4114,6778,6868
4113,4094,6778,6779
4113,4095,6779,6782
4095,4092,6780,6781
4095,3949,6781,6782
4073,3268,6783,6784
4116,3268,6784,6914
4073,4116,6784,6785
3827,4116,6785,6929
4073,3827,6785,6787
3828,4074,6786,6788
4074,3827,6787,6788
532,4099,6789,6790
528,4099,6790,14335
532,528,6790,6791
3681,3677,6792,6796
3677,3675,6793,6794
3677,3674,6794,6797
3674,3680,6795,6797
3680,3677,6796,6797
3983,4071,6798,6799
3983,4070,6799,6800
4117,4070,6800,7331
3983,4117,6800,6801
3984,4117,6801,6958
4064,3994,6802,7071
3969,4064,6802,6803
4076,4078,6804,6805
4118,4078,6805,6896
4076,4118,6805,6806
4119,4118,6806,7038
4076,4119,6806,6807
4120,4119,6807,7108
4076,4120,6807,6808
4077,4120,6808,7107
4079,3205,6809,6810
4079,3204,6810,6812
4081,3204,6811,7011
3204,4080,6811,6812
2174,4052,6813,6814
2174,4058,6814,6815
2174,4057,6815,6816
4121,4057,6816,7095
2174,4121,6816,6818
2175,4122,6817,6858
4122,4121,6817,6859
4121,2175,6817,6818
3139,3137,6819,6843
3137,3134,6820,6821
3137,3131,6821,6822
614,3131,6822,7735
3137,614,6822,6823
3137,615,6823,6824
4123,615,6824,8457
3137,4123,6824,6825
4124,4123,6825,8515
3137,4124,6825,6826
4125,4124,6826,8521
3137,4125,6826,6844
4126,4127,6827,8520
4127,4125,6827,8521
4125,4126,6827,6828
4128,4126,6828,8519
4125,4128,6828,6844
4129,4130,6829,8455
4130,4128,6829,8518
4128,4129,6829,6830
4131,4129,6830,9162
4128,4131,6830,6831
4132,4131,6831,9180
4128,4132,6831,6832
3846,4132,6832,9180
4128,3846,6832,6833
4128,3844,6833,6834
4128,3845,6834,6835
4128,3842,6835,6836
4128,3843,6836,6837
4133,3843,6837,8234
4128,4133,6837,6838
4134,4133,6838,8233
4128,4134,6838,6839
3261,4134,6839,6919
4128,3261,6839,6840
4128,3260,6840,6841
4128,3138,6841,6842
4128,3139,6842,6843
4128,3137,6843,6844
3800,4034,6845,6846
4135,4034,6846,7219
3800,4135,6846,6847
4136,4135,6847,7513
3800,4136,6847,6848
4137,4136,6848,7519
3800,4137,6848,6856
4138,4139,6849,7518
4139,4137,6849,7522
4137,4138,6849,6850
4140,4138,6850,7525
4137,4140,6850,6851
4141,4140,6851,7524
4137,4141,6851,6852
4142,4141,6852,7335
4137,4142,6852,6856
4143,4144,6853,7077
4144,4145,6853,7337
4145,4143,6853,6854
3801,4143,6854,6960
4145,3801,6854,6855
4145,3800,6855,6857
3800,4142,6856,6857
4145,4142,6857,7335
2176,4122,6858,6859
2176,4121,6859,6867
4146,4147,6860,7060
4147,4121,6860,7100
4121,4146,6860,6867
4148,4149,6861,7063
4149,4146,6861,7064
4146,4148,6861,6862
4150,4148,6862,7490
4146,4150,6862,6863
4151,4150,6863,7327
4146,4151,6863,6864
4152,4151,6864,7019
4146,4152,6864,6865
4153,4152,6865,7018
4146,4153,6865,6866
2176,4153,6866,7017
4146,2176,6866,6867
4096,4114,6868,6869
4096,4115,6869,6870
4096,4113,6870,6871
4154,4113,6871,7069
4096,4154,6871,6872
4155,4154,6872,7068
4096,4155,6872,6873
4156,4155,6873,7439
4096,4156,6873,6874
4157,4156,6874,7202
4096,4157,6874,6877
4098,4158,6875,6973
4158,4157,6875,7202
4157,4098,6875,6876
4157,4097,6876,6877
407,4042,6878,6887
397,4159,6879,7023
4159,398,6879,6880
4160,398,6880,7232
4159,4160,6880,6881
391,4160,6881,7231
4159,391,6881,6882
4159,390,6882,6883
4159,626,6883,6884
4159,625,6884,6885
4159,623,6885,6886
4159,3129,6886,6889
3127,4042,6887,6888
4161,4042,6888,7025
3127,4161,6888,6890
4159,4162,6889,7024
4162,3129,6889,6891
3129,4161,6890,6891
4162,4161,6891,7025
4078,3808,6892,6893
4163,3808,6893,6943
4078,4163,6893,6894
4164,4163,6894,7031
4078,4164,6894,6895
4165,4164,6895,7040
4078,4165,6895,6896
4118,4165,6896,7039
2132,2130,6897,6907
2130,2128,6898,6908
2128,2123,6899,6909
2124,2122,6900,6901
2124,2120,6901,6902
2124,2121,6902,6911
3710,2121,6903,7884
2121,3708,6903,6911
3709,3707,6904,6913
3707,3704,6905,6906
3707,2132,6906,6907
3707,2130,6907,6908
3707,2128,6908,6909
3707,2123,6909,6910
3707,2124,6910,6913
2124,3708,6911,6912
2124,3709,6912,6913
4116,3265,6914,6915
4116,3266,6915,6916
4116,3264,6916,6917
4116,3262,6917,6918
4116,3263,6918,6930
3263,4134,6919,6920
4166,4134,6920,8233
3263,4166,6920,6921
4167,4166,6921,8237
3263,4167,6921,6931
3838,4168,6922,8236
4168,4167,6922,8237
4167,3838,6922,6923
4167,3839,6923,6924
4169,3839,6924,7979
4167,4169,6924,6925
4170,4169,6925,7978
4167,4170,6925,6926
3832,4170,6926,7977
4167,3832,6926,6927
4167,3833,6927,6928
3831,3833,6928,7301
4167,3831,6928,6931
3831,4116,6929,6930
3831,3263,6930,6931
446,540,6932,6937
543,4171,6933,-181
4171,540,6933,-181
540,543,6933,6934
540,542,6934,6935
540,541,6935,6936
447,541,6936,6995
540,447,6936,6937
3808,3806,6938,6943
3806,3803,6939,6940
4172,3803,6940,6964
3806,4172,6940,6941
4173,4172,6941,6963
3806,4173,6941,6942
4163,4173,6942,7031
3806,4163,6942,6943
2191,4084,6944,6945
2191,4083,6945,6946
4174,4083,6946,6989
2191,4174,6946,6947
4175,4174,6947,6993
2191,4175,6947,6948
4176,4175,6948,14165
2191,4176,6948,6949
2192,4176,6949,6950
4177,4176,6950,14166
2192,4177,6950,6955
4178,4179,6951,7276
4179,4177,6951,14166
4177,4178,6951,6955
4180,4181,6952,7262
4181,4178,6952,7279
4178,4180,6952,6953
2193,4180,6953,6981
4178,2193,6953,6954
4178,2192,6954,6955
4059,3985,6956,6957
4059,3984,6957,6958
4059,4117,6958,6959
4182,4117,6959,7331
4059,4182,6959,6977
3802,4143,6960,6961
4183,4143,6961,7084
3802,4183,6961,6962
4173,4183,6962,7032
3802,4173,6962,6963
3802,4172,6963,6964
4184,4185,6965,-3446
4185,4186,6965,-3446
4186,4184,6965,6966
4187,4184,6966,-3446
4186,4187,6966,6970
4188,4189,6967,-3446
4189,4187,6967,-3446
4187,4188,6967,6968
4190,4188,6968,-3446
4187,4190,6968,6969
4191,4190,6969,-3446
4187,4191,6969,6970
4186,4191,6970,-3446
4053,4043,6971,6972
4053,4098,6972,6973
4053,4158,6973,6974
4192,4158,6974,7205
4053,4192,6974,6975
4193,4192,6975,7280
4053,4193,6975,6976
4054,4193,6976,7190
4061,4182,6977,6978
4194,4182,6978,7334
4061,4194,6978,6979
4195,4194,6979,7605
4061,4195,6979,6980
4196,4195,6980,7619
4061,4196,6980,7066
2194,4180,6981,6982
4197,4180,6982,7262
2194,4197,6982,6985
2198,4197,6983,7122
4197,2196,6983,6984
4197,2195,6984,6985
4198,4199,6986,7052
4199,4200,6986,7053
4200,4198,6986,6991
4082,4201,6987,7015
4201,4202,6987,7050
4202,4082,6987,6988
4202,4083,6988,6989
4202,4174,6989,6992
4203,4200,6990,6991,314
4200,4175,6990,14164
4175,4203,6990,6993
4203,4198,6991,6994
4202,4198,6992,7051
4198,4174,6992,6994
4174,4203,6993,6994
448,541,6995,6996
448,449,6996,6997
448,450,6997,7000
450,471,6998,6999
450,470,6999,7000
4204,2762,7001,7118
2763,4204,7001,7002
4205,4204,7002,7117
2763,4205,7002,7003
4206,4205,7003,7246
2763,4206,7003,7004
4207,4206,7004,7245
2763,4207,7004,7010
4208,4209,7005,-9767
4209,4207,7005,7244
4207,4208,7005,7006
4210,4208,7006,-9767
4207,4210,7006,7007
2765,4210,7007,7854
4207,2765,7007,7008
4207,2766,7008,7009
4207,2764,7009,7010
4082,3204,7011,7012
4211,3204,7012,7093
4082,4211,7012,7013
4212,4211,7013,7092
4082,4212,7013,7016
4213,4214,7014,7048
4214,4212,7014,7138
4212,4213,7014,7016
4201,4213,7015,7049
4213,4082,7015,7016
2178,4153,7017,7018
2178,4152,7018,7019
2178,4151,7019,7020
3517,4151,7020,7326
4042,399,7021,7022
4042,397,7022,7023
4042,4159,7023,7024
4042,4162,7024,7025
4215,4216,7026,-1734
4216,491,7026,14169,211
491,4215,7026,7027
4217,4215,7027,-1734
491,4217,7027,7028
4218,4217,7028,-1734
491,4218,7028,7029
4219,4218,7029,-1734
491,4219,7029,7030
4220,4219,7030,-1734
491,4220,7030,14169,211
4164,4173,7031,7032
4164,4183,7032,7033
4221,4183,7033,7084
4164,4221,7033,7040
4222,4223,7034,7303
4223,4221,7034,7083
4221,4222,7034,7035
4224,4222,7035,7248
4221,4224,7035,7036
4225,4224,7036,7247
4221,4225,7036,7037
4119,4225,7037,7108
4221,4119,7037,7038
4221,4118,7038,7039
4221,4165,7039,7040
4226,4227,7041,7598
4227,4228,7041,14138
4228,4226,7041,7042
4229,4226,7042,-2388
4228,4229,7042,7054
4230,4231,7043,7682
4231,4232,7043,7596
4232,4230,7043,7044
4233,4230,7044,7544
4232,4233,7044,7056
4234,4235,7045,7717
4235,4236,7045,7540
4236,4234,7045,7046
4237,4234,7046,7463
4236,4237,7046,7047
4238,4237,7047,7136
4236,4238,7047,7058
4214,4239,7048,7138
4239,4213,7048,7049
4239,4201,7049,7050
4239,4202,7050,7051
4239,4198,7051,7052
4239,4199,7052,7053
4239,4200,7053,7059
4228,4200,7054,14164,314
4200,4229,7054,7055
4232,4229,7055,-2388
4200,4232,7055,7056
4200,4233,7056,7057
4236,4233,7057,7540
4200,4236,7057,7058
4200,4238,7058,7059
4239,4238,7059,7137
4240,4147,7060,7100
4146,4240,7060,7064
4241,4242,7061,7683
4242,4243,7061,7367
4243,4241,7061,7062
4148,4241,7062,7490
4243,4148,7062,7063
4243,4149,7063,7065
4149,4240,7064,7065
4243,4240,7065,7352
4060,4196,7066,7067
4244,4196,7067,7618
4060,4244,7067,7070
4155,4244,7068,7439
4244,4154,7068,7069
4244,4113,7069,7070
4064,3993,7071,7072
4064,3990,7072,7076
4067,4245,7073,7457
4245,3990,7073,7458
3990,4067,7073,7074
3990,4065,7074,7075
3990,4063,7075,7076
4246,4144,7077,7336
4143,4246,7077,7078
4247,4246,7078,7530
4143,4247,7078,7079
4248,4247,7079,7306
4143,4248,7079,7080
4249,4248,7080,7625
4143,4249,7080,7085
4250,4251,7081,7624
4251,4249,7081,7625
4249,4250,7081,7086
4223,4252,7082,7303
4252,4250,7082,7624
4250,4223,7082,7083
4250,4221,7083,7086
4221,4143,7084,7085
4221,4249,7085,7086
4253,3203,7087,7292
3204,4253,7087,7088
4254,4253,7088,7476
3204,4254,7088,7089
4255,4254,7089,7467
3204,4255,7089,7090
4256,4255,7090,7468
3204,4256,7090,7093
4257,4258,7091,7133
4258,4256,7091,7394
4256,4257,7091,7094
4212,4257,7092,7133
4257,4211,7092,7094
4211,4256,7093,7094
4121,4055,7095,7096
4259,4055,7096,7227
4121,4259,7096,7097
4260,4259,7097,7293
4121,4260,7097,7098
4261,4260,7098,7295
4121,4261,7098,7099
4240,4261,7099,7352
4121,4240,7099,7100
3871,3868,7101,7102
3871,3866,7102,7106
4262,3865,7103,7297
3866,4262,7103,7104
3869,4262,7104,7296
3866,3869,7104,7105
3866,3870,7105,7106
3932,4120,7107,7113
4120,4225,7108,7109
4263,4225,7109,7247
4120,4263,7109,7113
3935,4264,7110,7250
4264,4263,7110,7251
4263,3935,7110,7111
4263,3933,7111,7112
4263,3932,7112,7113
4265,2760,7114,7260
2761,4265,7114,7115
4266,4265,7115,-26198
2761,4266,7115,7120
4267,4268,7116,7240
4268,4266,7116,7241
4266,4267,7116,7120
4205,4269,7117,7239
4269,4204,7117,7118
4269,2762,7118,7119
4269,2761,7119,7121
2761,4267,7120,7121
4269,4267,7121,7239
2197,4197,7122,7123
4270,4197,7123,7268
2197,4270,7123,7124
4271,4270,7124,7267
2197,4271,7124,7125
4272,4271,7125,7285
2197,4272,7125,7126
4273,4272,7126,7339
2197,4273,7126,7127
4274,4273,7127,7339
2197,4274,7127,7128
4275,4274,7128,7344
2197,4275,7128,7129
4276,4275,7129,7343
2197,4276,7129,7130
4277,4276,7130,7388
2197,4277,7130,7131
3987,4277,7131,7255
2197,3987,7131,7132
4212,4258,7133,7134
4278,4258,7134,7394
4212,4278,7134,7135
4237,4278,7135,7460
4212,4237,7135,7136
4212,4238,7136,7137
4212,4239,7137,7138
464,462,7139,7177
462,460,7140,7141
462,459,7141,7142
462,458,7142,7178
458,456,7143,7144
4279,456,7144,8730
458,4279,7144,7145
4280,4279,7145,8950
458,4280,7145,7179
4281,4282,7146,8952
4282,4280,7146,8953
4280,4281,7146,7147
4283,4281,7147,9535
4280,4283,7147,7148
4284,4283,7148,9536
4280,4284,7148,7185
4285,4281,7149,8952
4281,4286,7149,9535
4286,4285,7149,7150
4287,4285,7150,9096
4286,4287,7150,7151
874,4287,7151,9540
4286,874,7151,7180
4288,4289,7152,9719
4289,874,7152,-677
874,4288,7152,7153
4290,4288,7153,9719
874,4290,7153,7180
4291,4292,7154,9798
4292,4290,7154,9723
4290,4291,7154,7187
4293,4294,7155,9802
4294,4291,7155,9803
4291,4293,7155,7188
4295,4296,7156,9801
4296,4293,7156,9802
4293,4295,7156,7181
878,4295,7157,9801
4295,880,7157,7158
4295,882,7158,7181
882,884,7159,7160
4297,884,7160,10303
882,4297,7160,7161
4298,4297,7161,10303
882,4298,7161,7162
4299,4298,7162,10307
882,4299,7162,7163
4300,4299,7163,9448
882,4300,7163,7164
4301,4300,7164,9492
882,4301,7164,7165
4302,4301,7165,9491
882,4302,7165,7182
4303,4304,7166,8976
4304,4302,7166,9490
4302,4303,7166,7167
4305,4303,7167,8975
4302,4305,7167,7168
4112,4305,7168,8974
4302,4112,7168,7169
4302,4110,7169,7170
4302,4109,7170,7171
4306,4109,7171,8647
4302,4306,7171,7172
4307,4306,7172,8646
4302,4307,7172,7173
4308,4307,7173,8645
4302,4308,7173,7174
4309,4308,7174,8644
4302,4309,7174,7183
3956,4309,7175,8643
4309,3955,7175,7184
3955,464,7176,7177
3955,462,7177,7178
3955,458,7178,7179
3955,4280,7179,7184
4286,4290,7180,7186
4293,882,7181,7182
4293,4302,7182,7183
4293,4309,7183,7189
4309,4280,7184,7185
4309,4284,7185,7189
4286,4284,7186,9536
4284,4290,7186,7187
4284,4291,7187,7188
4284,4293,7188,7189
4056,4193,7190,7199
4310,4311,7191,7815
4311,4312,7191,7284
4312,4310,7191,7201
4313,4314,7192,7814
4314,4310,7192,7815
4310,4313,7192,7193
4315,4313,7193,8286
4310,4315,7193,7194
4316,4315,7194,8440
4310,4316,7194,7195
4317,4316,7195,8083
4310,4317,7195,7196
4318,4317,7196,7505
4310,4318,7196,7197
4319,4318,7197,7504
4310,4319,7197,7201
4056,4320,7198,7224
4320,4319,7198,7503
4319,4056,7198,7199
4319,4193,7199,7200
4312,4193,7200,7284
4319,4312,7200,7201
4158,4156,7202,7203
4321,4156,7203,7443
4158,4321,7203,7204
4322,4321,7204,7281
4158,4322,7204,7205
4192,4322,7205,7280
4034,3672,7206,7220
3672,557,7207,7208
4323,557,7208,7760
3672,4323,7208,7221
4324,4325,7209,7768
4325,4323,7209,7769
4323,4324,7209,7221
4326,4327,7210,7945
4327,4324,7210,7768
4324,4326,7210,7211
4328,4326,7211,7922
4324,4328,7211,7212
4329,4328,7212,7694
4324,4329,7212,7213
4330,4329,7213,7693
4324,4330,7213,7222
4331,4332,7214,7697
4332,4330,7214,7693
4330,4331,7214,7223
4333,4334,7215,7514
4334,4331,7215,7709
4331,4333,7215,7216
4335,4333,7216,7521
4331,4335,7216,7217
4336,4335,7217,7520
4331,4336,7217,7218
4135,4336,7218,7513
4331,4135,7218,7219
4331,4034,7219,7220
4331,3672,7220,7223
3672,4324,7221,7222
3672,4330,7222,7223
4055,4320,7224,7225
4337,4320,7225,7503
4055,4337,7225,7226
4338,4337,7226,7512
4055,4338,7226,7227
4259,4338,7227,7293
395,393,7228,7229
395,392,7229,7230
395,391,7230,7231
395,4160,7231,7232
395,398,7232,7233
507,4339,7234,-1718
4339,4016,7234,-1718
4016,507,7234,7235
4016,508,7235,7236
4016,4014,7236,7238
4014,4017,7237,7238
4205,4267,7239,7240
4205,4268,7240,7246
4340,4266,7241,7447
4268,4340,7241,7242
4341,4340,7242,7670
4268,4341,7242,7243
4209,4341,7243,7656
4268,4209,7243,7244
4268,4207,7244,7245
4268,4206,7245,7246
4263,4224,7247,7248
4263,4222,7248,7251
3930,3935,7249,7250
3930,4264,7250,7252
4264,4222,7251,7252
3930,4222,7252,7320
2760,2200,7253,7254
2760,2201,7254,7261
2201,4277,7255,7256
4342,4277,7256,7389
2201,4342,7256,7257
4343,4342,7257,7390
2201,4343,7257,7258
4344,4343,7258,7375
2201,4344,7258,7261
4265,4345,7259,-26198
4345,4344,7259,7376
4344,4265,7259,7260
4344,2760,7260,7261
4197,4181,7262,7263
4346,4181,7263,7278
4197,4346,7263,7264
4347,4346,7264,7278
4197,4347,7264,7265
4348,4347,7265,7571
4197,4348,7265,7268
4271,4349,7266,7285
4349,4348,7266,7531
4348,4271,7266,7267
4348,4270,7267,7268
4350,4086,7269,14163,79
4087,4350,7269,7270
4351,4350,7270,7567
4087,4351,7270,7271
4352,4351,7271,7566
4087,4352,7271,7272
4353,4352,7272,7560
4087,4353,7272,7273
4354,4353,7273,7559
4087,4354,7273,7274
3872,4354,7274,-8839
4087,3872,7274,7275
4355,4179,7276,14167
4178,4355,7276,7277
4347,4355,7277,7570
4178,4347,7277,7279
4347,4181,7278,7279
4193,4322,7280,7281
4193,4321,7281,7282
4356,4321,7282,7443
4193,4356,7282,7283
4311,4356,7283,7806
4193,4311,7283,7284
4272,4349,7285,7286
4357,4349,7286,7531
4272,4357,7286,7287
4358,4357,7287,7539
4272,4358,7287,7288
4359,4358,7288,7385
4272,4359,7288,7340
4360,3202,7289,7430
3203,4360,7289,7292
4361,4362,7290,7477
4362,4360,7290,7400
4360,4361,7290,7291
4253,4361,7291,7476
4360,4253,7291,7292
4260,4338,7293,7294
4363,4338,7294,7512
4260,4363,7294,7295
4261,4363,7295,7353
3872,4262,7296,7297
3872,3865,7297,7298
686,3865,7298,7757
3872,686,7298,7300
4364,685,7299,-902
686,4364,7299,7300
3872,4364,7300,-901
3830,3833,7301,7302
4222,4252,7303,7304
4365,4252,7304,7630
4222,4365,7304,7305
4366,4365,7305,7629
4222,4366,7305,7321
4248,4367,7306,7626
4367,4247,7306,7307
4368,4247,7307,7529
4367,4368,7307,7308
3916,4368,7308,7708
4367,3916,7308,7309
4367,3915,7309,7310
4367,3918,7310,7311
4367,3917,7311,7312
4367,3919,7312,7313
4369,3919,7313,8029
4367,4369,7313,7322
3925,4370,7314,8032
4370,4369,7314,8033
4369,3925,7314,7315
4369,3924,7315,7323
3924,3926,7316,7317
3924,3928,7317,7324
3928,3931,7318,7319
3928,3930,7319,7320
3928,4222,7320,7321
3928,4366,7321,7324
4367,4371,7322,7627
4371,4369,7322,7323
4371,3924,7323,7325
3924,4366,7324,7325
4371,4366,7325,7628
3518,4151,7326,7327
3518,4150,7327,7328
4372,4150,7328,7500
3518,4372,7328,7329
4373,4372,7329,7601
3518,4373,7329,7330
4374,4373,7330,7484
3518,4374,7330,7345
4182,4070,7331,7332
4182,4069,7332,7333
4375,4069,7333,7606
4182,4375,7333,7334
4194,4375,7334,7605
4145,4141,7335,7337
4246,4376,7336,7523
4376,4144,7336,7338
4144,4141,7337,7338
4376,4141,7338,7523
4274,4272,7339,7340
4274,4359,7340,7341
4377,4359,7341,7386
4274,4377,7341,7344
4276,4378,7342,7388
4378,4377,7342,7387
4377,4276,7342,7343
4377,4275,7343,7344
3519,4374,7345,7346
4379,4374,7346,7484
3519,4379,7346,7347
4380,4379,7347,7489
3519,4380,7347,7351
4381,4382,7348,7933
4382,4380,7348,7934
4380,4381,7348,7349
3195,4381,7349,7424
4380,3195,7349,7350
4380,3192,7350,7351
4243,4261,7352,7353
4243,4363,7353,7354
4383,4363,7354,7511
4243,4383,7354,7355
4384,4383,7355,7741
4243,4384,7355,7356
4385,4384,7356,7741
4243,4385,7356,7357
4386,4385,7357,7746
4243,4386,7357,7368
4387,4388,7358,7744
4388,4386,7358,7745
4386,4387,7358,7359
4389,4387,7359,7743
4386,4389,7359,7369
4390,4391,7360,7509
4391,4389,7360,7742
4389,4390,7360,7361
4392,4390,7361,7988
4389,4392,7361,7362
4393,4392,7362,7994
4389,4393,7362,7363
4394,4393,7363,7993
4389,4394,7363,7370
4395,4396,7364,8071
4396,4394,7364,7992
4394,4395,7364,7365
4397,4395,7365,7837
4394,4397,7365,7370
4242,4398,7366,7683
4398,4397,7366,7836
4397,4242,7366,7367
4397,4243,7367,7368
4397,4386,7368,7369
4397,4389,7369,7370
4399,4400,7371,7372,192
4400,4401,7371,7444
4401,4399,7371,7377
4402,4400,7372,14159
4399,4402,7372,7373
4403,4402,7373,7895
4399,4403,7373,7374
4343,4403,7374,7378
4399,4343,7374,7375
4399,4344,7375,7377
4401,4345,7376,7444
4344,4401,7376,7377
4404,4403,7378,7895
4343,4404,7378,7379
4405,4404,7379,7939
4343,4405,7379,7380
4406,4405,7380,7382,78
4343,4406,7380,7381
4407,4406,7381,7392,78
4343,4407,7381,7391
4408,4405,7382,14081
4406,4408,7382,7383
4409,4408,7383,7914
4406,4409,7383,7384
4410,4409,7384,7754
4406,4410,7384,7393
4358,4410,7385,7539
4410,4359,7385,7386
4410,4377,7386,7387
4410,4378,7387,7393
4378,4277,7388,7389
4378,4342,7389,7390
4378,4343,7390,7391
4378,4407,7391,7392
4378,4406,7392,7393
4278,4256,7394,7395
4411,4256,7395,7469
4278,4411,7395,7399
4412,4413,7396,7713
4413,4411,7396,7714
4411,4412,7396,7399
4414,4415,7397,7461
4415,4412,7397,7713
4412,4414,7397,7398
4278,4414,7398,7460
4412,4278,7398,7399
4416,4362,7400,7477
4360,4416,7400,7431
4417,4418,7401,8172
4418,4416,7401,-85
4416,4417,7401,7402
4419,4417,7402,8253
4416,4419,7402,7432
4420,4421,7403,8314
4421,4419,7403,8253
4419,4420,7403,7404
4422,4420,7404,8255
4419,4422,7404,7433
4423,4424,7405,8738
4424,4422,7405,8255
4422,4423,7405,7406
4425,4423,7406,8739
4422,4425,7406,7407
4426,4425,7407,9156
4422,4426,7407,7434
4427,4428,7408,8574
4428,4426,7408,9376
4426,4427,7408,7409
4429,4427,7409,8574
4426,4429,7409,7434
4430,4431,7410,9242
4431,4429,7410,8570
4429,4430,7410,7411
4432,4430,7411,9218
4429,4432,7411,7412
4433,4432,7412,9021
4429,4433,7412,7413
4434,4433,7413,8746
4429,4434,7413,7414
4435,4434,7414,8742
4429,4435,7414,7435
4436,4437,7415,8743
4437,4435,7415,8742
4435,4436,7415,7416
4438,4436,7416,8896
4435,4438,7416,7417
4439,4438,7417,7418,296
4435,4439,7417,7436
4440,4438,7418,8894
4439,4440,7418,7419
4441,4440,7419,8385
4439,4441,7419,7420
4442,4441,7420,8379
4439,4442,7420,7421
4443,4442,7421,8067
4439,4443,7421,7422
4444,4443,7422,7931
4439,4444,7422,7423
4381,4444,7423,7932
4439,4381,7423,7424
4439,3195,7424,7425
4439,3196,7425,7426
4439,3197,7426,7427
4439,3198,7427,7437
3198,3200,7428,7429
3198,3201,7429,7438
3201,4360,7430,7431
3201,4416,7431,7432
3201,4419,7432,7433
3201,4422,7433,7438
4422,4429,7434,7435
4422,4435,7435,7436
4422,4439,7436,7437
4422,3198,7437,7438
4156,4244,7439,7440
4445,4244,7440,7617
4156,4445,7440,7441
4446,4445,7441,7920
4156,4446,7441,7442
4356,4446,7442,7806
4156,4356,7442,7443
4400,4345,7444,7445
4447,4345,7445,-34386
4400,4447,7445,7446
4266,4447,7446,-38434
4400,4266,7446,7447
4400,4340,7447,7448
4448,4340,7448,7670
4400,4448,7448,7449
4449,4448,7449,7669
4400,4449,7449,7450
4450,4449,7450,14082
4400,4450,7450,14159,192
4451,3992,7451,14161
3991,4451,7451,7452
4452,4451,7452,14162
3991,4452,7452,7453
4453,4452,7453,14140
3991,4453,7453,7459
4454,4455,7454,-902
4455,4453,7454,14141
4453,4454,7454,7455
4066,4454,7455,7864
4453,4066,7455,7456
4453,4067,7456,7457
4453,4245,7457,7459
4245,3991,7458,7459
4237,4414,7460,7461
4237,4415,7461,7462
4456,4415,7462,7719
4237,4456,7462,7463
4234,4456,7463,7718
4457,4458,7464,7480
4458,4459,7464,8173
4459,4457,7464,7465
4460,4457,7465,7481
4459,4460,7465,7475
4254,4461,7466,7483
4461,4460,7466,7482
4460,4254,7466,7467
4460,4255,7467,7468
4460,4256,7468,7469
4460,4411,7469,7470
4462,4411,7470,7715
4460,4462,7470,7471
4463,4462,7471,7830
4460,4463,7471,7472
4464,4463,7472,14041
4460,4464,7472,7473
4465,4464,7473,14157,110
4460,4465,7473,7474
4466,4465,7474,14157,110
4460,4466,7474,7475
4459,4466,7475,8166
4254,4361,7476,7483
4361,4416,7477,7478
4467,4416,7478,-32850
4361,4467,7478,7479
4458,4467,7479,-1620
4361,4458,7479,7480
4361,4457,7480,7481
4361,4460,7481,7482
4361,4461,7482,7483
4379,4373,7484,7485
4468,4373,7485,7604
4379,4468,7485,7486
4469,4468,7486,7603
4379,4469,7486,7487
4470,4469,7487,7602
4379,4470,7487,7488
4471,4470,7488,7498
4379,4471,7488,7489
4380,4471,7489,7928
4150,4241,7490,7491
4472,4241,7491,7685
4150,4472,7491,7501
4473,4474,7492,7846
4474,4472,7492,7685
4472,4473,7492,7502
4475,4476,7493,8079
4476,4473,7493,7845
4473,4475,7493,7494
4477,4475,7494,8017
4473,4477,7494,7495
4478,4477,7495,8017
4473,4478,7495,7496
4479,4478,7496,7962
4473,4479,7496,7497
4471,4479,7497,7928
4473,4471,7497,7498
4473,4470,7498,7499
4480,4470,7499,7602
4473,4480,7499,7502
4372,4480,7500,7601
4480,4150,7500,7501
4480,4472,7501,7502
4337,4319,7503,7504
4337,4318,7504,7505
4337,4317,7505,7506
4481,4317,7506,8083
4337,4481,7506,7507
4482,4481,7507,8082
4337,4482,7507,7508
4390,4482,7508,7988
4337,4390,7508,7509
4337,4391,7509,7510
4383,4391,7510,7742
4337,4383,7510,7511
4337,4363,7511,7512
4136,4336,7513,7519
4483,4334,7514,7712
4333,4483,7514,7515
4484,4483,7515,7702
4333,4484,7515,7516
4485,4484,7516,7526
4333,4485,7516,7517
4138,4485,7517,7525
4333,4138,7517,7518
4333,4139,7518,7521
4137,4336,7519,7520
4137,4335,7520,7522
4335,4139,7521,7522
4246,4141,7523,7524
4246,4140,7524,7530
4140,4485,7525,7526
4140,4484,7526,7527
4486,4484,7527,7702
4140,4486,7527,7528
4368,4486,7528,7708
4140,4368,7528,7529
4140,4247,7529,7530
4357,4348,7531,7532
4487,4348,7532,7572
4357,4487,7532,7533
4488,4487,7533,7724
4357,4488,7533,7534
4489,4488,7534,7725
4357,4489,7534,7535
4490,4489,7535,7726
4357,4490,7535,7536
4491,4490,7536,7726
4357,4491,7536,7537
4492,4491,7537,7755
4357,4492,7537,7538
4410,4492,7538,7754
4357,4410,7538,7539
4233,4235,7540,7541
4493,4235,7541,7716
4233,4493,7541,7542
4494,4493,7542,7832
4233,4494,7542,7543
4495,4494,7543,7775
4233,4495,7543,7544
4230,4495,7544,7677
4496,4497,7545,14150,79
4497,4498,7545,14151,79
4498,4496,7545,7561
697,4496,7546,14149,79
4496,694,7546,7547
4496,695,7547,7548
4496,692,7548,7549
4496,693,7549,7550
4496,690,7550,7551
4496,691,7551,7561
691,688,7552,7553
4499,688,7553,7750
691,4499,7553,7562
4500,4501,7554,7751
4501,4499,7554,7750
4499,4500,7554,7555
4502,4500,7555,7752
4499,4502,7555,7568
4503,4504,7556,7748
4504,4505,7556,7747
4505,4503,7556,7563
687,4503,7557,7748
4503,685,7557,7558
4354,685,7558,-8839
4503,4354,7558,7559
4503,4353,7559,7560
4503,4352,7560,7563
4498,691,7561,7562
4498,4499,7562,7564
4505,4352,7563,7565
4498,4350,7564,14152,79
4350,4499,7564,7567
4505,4502,7565,7747
4502,4352,7565,7566
4502,4351,7566,7568
4351,4499,7567,7568
4355,4228,7569,14168
4228,4506,7569,14139,314
4506,4355,7569,7570
4506,4347,7570,7571
4506,4348,7571,7572
4506,4487,7572,7573
4507,4487,7573,7723
4506,4507,7573,7574
4508,4507,7574,7722
4506,4508,7574,14139,314
386,430,7575,7576
386,429,7576,7585
429,383,7577,7578
429,381,7578,7579
4509,381,7579,8708
429,4509,7579,7580
4510,4509,7580,8712
429,4510,7580,7586
377,4510,7581,8711
4510,376,7581,7582
4511,376,7582,8183
4510,4511,7582,7586
4512,4513,7583,8182
4513,4511,7583,8183
4511,4512,7583,7587
586,4512,7584,8182
4512,386,7584,7585
4512,429,7585,7587
429,4511,7586,7587
4514,3965,7588,7595
4046,4514,7588,7589
4047,4514,7589,7594
3965,3964,7590,7595
3964,4107,7591,7592
4048,4107,7592,7699
3964,4048,7592,7593
3964,4047,7593,7594
3964,4514,7594,7595
4232,4515,7596,-2387
4515,4231,7596,7599
4516,4517,7597,14130
4517,4231,7597,7681
4231,4516,7597,7600
4227,4516,7598,14130
4516,4226,7598,7600
4515,4226,7599,-2387
4226,4231,7599,7600
4373,4480,7601,7604
4480,4469,7602,7603
4480,4468,7603,7604
4195,4375,7605,7606
4195,4069,7606,7607
4195,4068,7607,7608
4518,4068,7608,7871
4195,4518,7608,7620
4519,4520,7609,8149
4520,4518,7609,7870
4518,4519,7609,7610
4521,4519,7610,8150
4518,4521,7610,7611
4522,4521,7611,7890
4518,4522,7611,7620
4523,4524,7612,8050
4524,4525,7612,7894
4525,4523,7612,7622
4526,4527,7613,8055
4527,4523,7613,8056
4523,4526,7613,7614
4528,4526,7614,8024
4523,4528,7614,7615
4529,4528,7615,7808
4523,4529,7615,7616
4530,4529,7616,7921
4523,4530,7616,7623
4445,4530,7617,7920
4530,4244,7617,7618
4530,4196,7618,7619
4530,4195,7619,7623
4195,4522,7620,7621
4525,4522,7621,7890
4195,4525,7621,7622
4195,4523,7622,7623
4252,4251,7624,7630
4251,4248,7625,7626
4251,4367,7626,7627
4251,4371,7627,7628
4251,4366,7628,7629
4251,4365,7629,7630
4531,4532,7631,-165
4532,4533,7631,-165
4533,4531,7631,7636
4534,4535,7632,-165
4535,4531,7632,-165
4531,4534,7632,7633
4536,4534,7633,-165
4531,4536,7633,7634
4537,4536,7634,-165
4531,4537,7634,7635
4538,4537,7635,-165
4531,4538,7635,7636
4533,4538,7636,-165
4539,4540,7637,14338
4540,4541,7637,14337
4541,4539,7637,7638
4542,4539,7638,14174
4541,4542,7638,7639
4002,4542,7639,14175
4541,4002,7639,7640
4541,4004,7640,7641
515,4004,7641,8371
4541,515,7641,7642
4541,516,7642,7653
516,519,7643,7644
516,518,7644,7645
516,520,7645,7654
520,522,7646,7647
520,525,7647,7648
520,524,7648,7649
520,523,7649,7654
526,529,7650,7651
4543,529,7651,14336
526,4543,7651,7652
4541,4543,7652,14337
526,4541,7652,7653
526,516,7653,7655
516,523,7654,7655
4544,4209,7656,-1574
4341,4544,7656,7671
4545,4210,7657,7855
4210,4544,7657,-1574
4544,4545,7657,7658
4546,4545,7658,7983
4544,4546,7658,7672
4547,4548,7659,7859
4548,4549,7659,7985
4549,4547,7659,7660
4550,4547,7660,8466
4549,4550,7660,7661
4551,4550,7661,8476
4549,4551,7661,7662
4552,4551,7662,8469
4549,4552,7662,7663
4553,4552,7663,8483
4549,4553,7663,7664
4554,4553,7664,8484
4549,4554,7664,7665
4555,4554,7665,7905
4549,4555,7665,7674
4556,4557,7666,7668,192
4557,4555,7666,7935
4555,4556,7666,7667
4558,4556,7667,7675,192
4555,4558,7667,7674
4449,4557,7668,14082
4556,4449,7668,7669
4556,4448,7669,7676
4448,4341,7670,7671
4448,4544,7671,7672
4448,4546,7672,7673
4549,4546,7673,7984
4448,4549,7673,7676
4549,4558,7674,7675
4549,4556,7675,7676
4559,4495,7677,7776
4230,4559,7677,7678
4560,4559,7678,7777
4230,4560,7678,7679
4561,4560,7679,7778
4230,4561,7679,7680
4562,4561,7680,7779
4230,4562,7680,7682
4517,4562,7681,14129
4562,4231,7681,7682
4241,4398,7683,7684
4474,4398,7684,7836
4241,4474,7684,7685
1254,4563,7686,14109
4563,1251,7686,7687
4563,1252,7687,7688
4563,1248,7688,7689
4563,1247,7689,7692
1247,493,7690,7691
4564,493,7691,14135,211
1247,4564,7691,7692
4563,4564,7692,14135,211
4332,4329,7693,7694
4332,4328,7694,7695
4565,4328,7695,7922
4332,4565,7695,7696
4566,4565,7696,7710
4332,4566,7696,7697
4331,4566,7697,7709
4050,4048,7698,7699
4050,4107,7699,7701
4107,4105,7700,7701
4486,4483,7702,7703
4567,4483,7703,7711
4486,4567,7703,7704
4568,4567,7704,7927
4486,4568,7704,7705
3914,4568,7705,8002
4486,3914,7705,7706
4569,3914,7706,-2662
4486,4569,7706,7707
3916,4569,7707,-2662
4486,3916,7707,7708
4334,4566,7709,7712
4567,4565,7710,7927
4566,4567,7710,7711
4566,4483,7711,7712
4415,4413,7713,7714
4415,4411,7714,7719
4570,4462,7715,7831
4411,4570,7715,7720
4493,4570,7716,7831
4570,4235,7716,7717
4570,4234,7717,7718
4570,4456,7718,7720
4456,4411,7719,7720
4508,4571,7721,14132,314
4571,4572,7721,14133,314
4572,4508,7721,7722
4572,4507,7722,7723
4572,4487,7723,7724
4572,4488,7724,7725
4572,4489,7725,7730
4489,4491,7726,7727
4573,4491,7727,7971
4489,4573,7727,7728
4574,4573,7728,8014
4489,4574,7728,7730
4572,4575,7729,8012
4575,4574,7729,8013
4574,4572,7729,7730
3130,622,7731,7738
622,619,7732,7739
618,616,7733,7734
618,614,7734,7735
618,3131,7735,7736
618,3132,7736,7740
3132,3130,7737,7738
3132,622,7738,7739
3132,619,7739,7740
4385,4383,7741,7746
4383,4389,7742,7743
4383,4387,7743,7744
4383,4388,7744,7745
4383,4386,7745,7746
4502,4504,7747,7752
4504,687,7748,7749
4504,688,7749,7753
688,4501,7750,7751
688,4500,7751,7753
4500,4504,7752,7753
4409,4492,7754,7755
4409,4491,7755,7756
4576,4491,7756,7971
4409,4576,7756,7913
686,3864,7757,7758
686,682,7758,7759
4323,556,7760,7761
4323,555,7761,7762
4323,559,7762,7769
559,562,7763,7764
559,561,7764,7770
4577,560,7765,8283
561,4577,7765,7766
4578,4577,7766,8282
561,4578,7766,7767
4579,4578,7767,7946
561,4579,7767,7770
4327,4325,7768,7772
4325,559,7769,7772
559,4579,7770,7771
4327,4579,7771,7945
559,4327,7771,7772
4580,4581,7773,7835
4581,4582,7773,14124,110
4582,4580,7773,7774
4583,4580,7774,7834
4582,4583,7774,7794
4494,4583,7775,7833
4583,4495,7775,7776
4583,4559,7776,7777
4583,4560,7777,7778
4583,4561,7778,7795
4584,4562,7779,14128
4561,4584,7779,7799
4585,4586,7780,8207
4586,4584,7780,14074
4584,4585,7780,7800
4587,4588,7781,14071
4588,4589,7781,8208
4589,4587,7781,7796
4590,4591,7782,8585
4591,4587,7782,14070
4587,4590,7782,7783
4592,4590,7783,8703
4587,4592,7783,7796
4593,4594,7784,9119
4594,4592,7784,8703
4592,4593,7784,7785
4595,4593,7785,14125,110
4592,4595,7785,7786
4596,4595,7786,14047
4592,4596,7786,7787
4597,4596,7787,14046
4592,4597,7787,7788
4598,4597,7788,14045
4592,4598,7788,7789
4599,4598,7789,8128
4592,4599,7789,7790
4600,4599,7790,8049
4592,4600,7790,7791
4601,4600,7791,8049
4592,4601,7791,7797
4602,4603,7792,14042
4603,4604,7792,8124
4604,4602,7792,7793
4582,4602,7793,14050
4604,4582,7793,7794
4604,4583,7794,7795
4604,4561,7795,7798
4589,4592,7796,7797
4589,4601,7797,7801
4604,4601,7798,8045
4601,4561,7798,7799
4601,4584,7799,7800
4601,4585,7800,7801
4589,4585,7801,8207
4605,4012,7802,7825
4013,4605,7802,7803
4606,4605,7803,7826
4013,4606,7803,7804
4607,4606,7804,7827
4013,4607,7804,7805
4024,4607,7805,7817
4311,4446,7806,7807
4529,4446,7807,7921
4311,4529,7807,7808
4311,4528,7808,7809
4608,4528,7809,8024
4311,4608,7809,7810
4609,4608,7810,8028
4311,4609,7810,7811
4610,4609,7811,8027
4311,4610,7811,7812
4611,4610,7812,8140
4311,4611,7812,7816
4313,4612,7813,8286
4612,4611,7813,8140
4611,4313,7813,7814
4611,4314,7814,7816
4314,4311,7815,7816
4607,4011,7817,7818
4607,4010,7818,7819
4607,4008,7819,7827
4613,4009,7820,8368
4008,4613,7820,7821
4614,4613,7821,14112,211
4008,4614,7821,7822
4615,4614,7822,14111,211
4008,4615,7822,7828
509,4563,7823,14136
4563,4615,7823,14110,211
4615,509,7823,7824
4615,4012,7824,7825
4615,4605,7825,7826
4615,4606,7826,7828
4606,4008,7827,7828
4463,4616,7829,14041
4616,4581,7829,14092,110
4581,4463,7829,7830
4581,4462,7830,7835
4462,4493,7831,7832
4462,4494,7832,7833
4462,4583,7833,7834
4462,4580,7834,7835
4474,4397,7836,7837
4474,4395,7837,7838
4617,4395,7838,8071
4474,4617,7838,7839
4618,4617,7839,8202
4474,4618,7839,7840
4619,4618,7840,8206
4474,4619,7840,7841
4620,4619,7841,8205
4474,4620,7841,7842
4621,4620,7842,8205
4474,4621,7842,7846
4622,4623,7843,8203
4623,4621,7843,8204
4621,4622,7843,7844
4476,4622,7844,8080
4621,4476,7844,7845
4621,4473,7845,7846
3671,3667,7847,7848
3671,3668,7848,7849
3671,3727,7849,7853
576,3727,7850,8100
3727,578,7850,7851
3727,579,7851,7852
3727,580,7852,7853
2767,4210,7854,7855
2767,4545,7855,7856
4624,4545,7856,7983
2767,4624,7856,7857
4625,4624,7857,7986
2767,4625,7857,7863
4548,4626,7858,7985
4626,4625,7858,7986
4625,4548,7858,7859
4625,4547,7859,7860
4627,4547,7860,8466
4625,4627,7860,7861
4628,4627,7861,8102
4625,4628,7861,7862
2768,4628,7862,8101
4625,2768,7862,7863
4068,4454,7864,7865
4629,4454,7865,-902
4068,4629,7865,7866
4630,4629,7866,7995
4068,4630,7866,7867
4631,4630,7867,7999
4068,4631,7867,7871
4632,4633,7868,7998
4633,4631,7868,7999
4631,4632,7868,7869
4520,4632,7869,8148
4631,4520,7869,7870
4631,4518,7870,7871
2121,2119,7872,7873
4634,2119,7873,8042
2121,4634,7873,7885
4635,4636,7874,8041
4636,4634,7874,8042
4634,4635,7874,7875
2108,4635,7875,8040
4634,2108,7875,7876
4634,2109,7876,7888
4637,4638,7877,8685
4638,2109,7877,8686
2109,4637,7877,7878
4639,4637,7878,8713
2109,4639,7878,7886
3718,4640,7879,8626
4640,4639,7879,8713
4639,3718,7879,7880
4639,3715,7880,7886
3716,3712,7881,7882
3716,3713,7882,7887
3713,3710,7883,7884
3713,2121,7884,7885
3713,4634,7885,7887
2109,3715,7886,7888
3716,4634,7887,7889
4634,3715,7888,7889
4525,4521,7890,7891
716,4521,7891,8151
4525,716,7891,7892
4525,717,7892,7893
4641,717,7893,8051
4525,4641,7893,7894
4524,4641,7894,8050
4402,4404,7895,7896
4642,4404,7896,-18007
4402,4642,7896,7897
4643,4642,7897,-18007
4402,4643,7897,7898
4644,4643,7898,-18007
4402,4644,7898,7899
4645,4644,7899,8096
4402,4645,7899,7900
4646,4645,7900,8095
4402,4646,7900,7909
4647,4648,7901,8093
4648,4646,7901,8094
4646,4647,7901,7902
4649,4647,7902,8784
4646,4649,7902,7903
4650,4649,7903,8477
4646,4650,7903,7904
4554,4650,7904,8477
4646,4554,7904,7905
4646,4555,7905,7906
4651,4555,7906,7936
4646,4651,7906,7907
4652,4651,7907,7937
4646,4652,7907,7909
4402,4653,7908,14158
4653,4652,7908,7938
4652,4402,7908,7909
4654,4655,7910,8505
4655,4656,7910,8424
4656,4654,7910,7911
4657,4654,7911,7976
4656,4657,7911,7912
4576,4657,7912,7976
4656,4576,7912,7913
4656,4409,7913,7914
4656,4408,7914,7915
4658,4408,7915,14081
4656,4658,7915,7916
4659,4658,7916,14080
4656,4659,7916,7917
4660,4659,7917,14083,78
4656,4660,7917,7919
4661,4662,7918,8426
4662,4660,7918,14088,78
4660,4661,7918,7919
4656,4661,7919,8425
4446,4530,7920,7921
4565,4326,7922,7923
4663,4326,7923,7949
4565,4663,7923,7924
4664,4663,7924,7949
4565,4664,7924,7925
4665,4664,7925,8059
4565,4665,7925,7926
4568,4665,7926,8002
4565,4568,7926,7927
4380,4479,7928,7929
4666,4479,7929,7962
4380,4666,7929,7934
4443,4667,7930,8063
4667,4666,7930,7968
4666,4443,7930,7931
4666,4444,7931,7932
4666,4381,7932,7933
4666,4382,7933,7934
4557,4450,7935,14082,192
4450,4555,7935,7936
4450,4651,7936,7937
4450,4652,7937,7938
4450,4653,7938,14158
4668,4404,7939,-9816
4405,4668,7939,7940
4669,4668,7940,-9816
4405,4669,7940,7941
4644,4669,7941,-9816
4405,4644,7941,7942
4670,4644,7942,8088
4405,4670,7942,7943
4671,4670,7943,8088
4405,4671,7943,7944
4659,4671,7944,14083
4405,4659,7944,14080,78
4326,4579,7945,7946
4326,4578,7946,7947
4672,4578,7947,8281
4326,4672,7947,7948
4664,4672,7948,8059
4326,4664,7948,7949
4673,4674,7950,-886
4674,4675,7950,-886
4675,4673,7950,7951
4676,4673,7951,-886
4675,4676,7951,7952
4677,4676,7952,-886
4675,4677,7952,-886
1258,1287,7953,7954
1258,1261,7954,7960
4678,1260,7955,14102
1261,4678,7955,7956
4679,4678,7956,8411
1261,4679,7956,7961
1253,4679,7957,14107
4679,1255,7957,7958
4679,1257,7958,7959
4679,1256,7959,7961
1256,1261,7960,7961
4666,4478,7962,7963
4680,4478,7963,8022
4666,4680,7963,7964
4681,4680,7964,8068
4666,4681,7964,7969
4682,4683,7965,8391
4683,4681,7965,8070
4681,4682,7965,7966
4684,4682,7966,8390
4681,4684,7966,7970
4685,4686,7967,8064
4686,4684,7967,8065
4684,4685,7967,7970
4667,4685,7968,8063
4685,4666,7968,7969
4685,4681,7969,7970
4576,4573,7971,7972
4687,4573,7972,8015
4576,4687,7972,7973
4688,4687,7973,8016
4576,4688,7973,7974
4689,4688,7974,8008
4576,4689,7974,7975
4654,4689,7975,8505
4576,4654,7975,7976
3835,4170,7977,7978
3835,4169,7978,7981
4169,3840,7979,7982
3840,3836,7980,7982
3836,4169,7981,7982
4624,4546,7983,7984
4624,4549,7984,7987
4549,4626,7985,7987
4626,4624,7986,7987
4392,4482,7988,7989
4690,4482,7989,8082
4392,4690,7989,7990
4691,4690,7990,8087
4392,4691,7990,7991
4692,4691,7991,8086
4392,4692,7991,7994
4396,4692,7992,8072
4692,4394,7992,7993
4692,4393,7993,7994
4693,4629,7995,14143
4630,4693,7995,7996
4694,4693,7996,14144
4630,4694,7996,8000
4695,4696,7997,8387
4696,4694,7997,14144
4694,4695,7997,8001
4632,4695,7998,8147
4695,4633,7998,8001
4633,4630,7999,8000
4633,4694,8000,8001
3914,4665,8002,8003
4697,4665,8003,8062
3914,4697,8003,8004
4698,4697,8004,8245
3914,4698,8004,8005
4699,4698,8005,8244
3914,4699,8005,8006
3911,4699,8006,8194
3914,3911,8006,8007
4700,4689,8008,8506
4688,4700,8008,8009
4701,4700,8009,8943
4688,4701,8009,8010
4702,4701,8010,8949
4688,4702,8010,8011
4703,4702,8011,14077,314
4688,4703,8011,8016
4572,4703,8012,14076,314
4703,4575,8012,8013
4703,4574,8013,8014
4703,4573,8014,8015
4703,4687,8015,8016
4478,4475,8017,8018
4704,4475,8018,8078
4478,4704,8018,8023
4705,4706,8019,8210
4706,4704,8019,8261
4704,4705,8019,8023
4707,4708,8020,8198
4708,4705,8020,8210
4705,4707,8020,8021
4680,4707,8021,8068
4705,4680,8021,8022
4705,4478,8022,8023
4608,4526,8024,8025
4709,4526,8025,8054
4608,4709,8025,8026
4710,4709,8026,8053
4608,4710,8026,8028
4610,4710,8027,8133
4710,4609,8027,8028
4369,3920,8029,8030
4369,3922,8030,8031
4369,3921,8031,8033
3921,4370,8032,8033
2119,2115,8034,8035
2119,2116,8035,8043
2116,2113,8036,8037
2116,2112,8037,8038
2116,2111,8038,8044
2111,2108,8039,8040
2111,4635,8040,8041
2111,4636,8041,8044
4636,2119,8042,8043
4636,2116,8043,8044
4711,4604,8045,8129
4601,4711,8045,8046
4712,4711,8046,8129
4601,4712,8046,8047
4713,4712,8047,8132
4601,4713,8047,8048
4599,4713,8048,8128
4601,4599,8048,8049
4523,4641,8050,8051
4523,717,8051,8056
4710,718,8052,8133
717,4710,8052,8053
717,4709,8053,8054
717,4526,8054,8055
717,4527,8055,8056
4714,4715,8057,-2758
4715,4716,8057,-2758
4716,4714,8057,8058
4717,4714,8058,-2758
4716,4717,8058,-2758
4665,4672,8059,8060
4718,4672,8060,8281
4665,4718,8060,8061
4719,4718,8061,8239
4665,4719,8061,8062
4697,4719,8062,8239
4443,4685,8063,8064
4443,4686,8064,8065
4443,4684,8065,8066
4720,4684,8066,8390
4443,4720,8066,8067
4442,4720,8067,8379
4681,4707,8068,8069
4721,4707,8069,8201
4681,4721,8069,8070
4683,4721,8070,8391
4617,4396,8071,8072
4617,4692,8072,8073
4722,4692,8073,8085
4617,4722,8073,8074
4723,4722,8074,8443
4617,4723,8074,8075
4724,4723,8075,8501
4617,4724,8075,8081
4725,4726,8076,8560
4726,4724,8076,8554
4724,4725,8076,8077
4704,4725,8077,8261
4724,4704,8077,8078
4724,4475,8078,8079
4724,4476,8079,8080
4724,4622,8080,8081
4617,4622,8081,8202
4690,4481,8082,8087
4481,4316,8083,8084
4722,4316,8084,8440
4481,4722,8084,8085
4481,4692,8085,8086
4481,4691,8086,8087
4644,4671,8088,8089
4727,4671,8089,14084
4644,4727,8089,8090
4728,4727,8090,14085
4644,4728,8090,8096
4729,4730,8091,13968
4730,4728,8091,14085
4728,4729,8091,8092
4647,4729,8092,8783
4728,4647,8092,8093
4728,4648,8093,8094
4728,4646,8094,8095
4728,4645,8095,8096
4731,3725,8097,8303
3727,4731,8097,8098
4732,4731,8098,8302
3727,4732,8098,8099
577,4732,8099,8375
3727,577,8099,8100
2769,4628,8101,8102
2769,4627,8102,8103
4733,4627,8103,8468
2769,4733,8103,8104
4734,4733,8104,9114
2769,4734,8104,8105
4735,4734,8105,9241
2769,4735,8105,8122
4736,4737,8106,9689
4737,4735,8106,9241
4735,4736,8106,8107
4738,4736,8107,10109
4735,4738,8107,8108
4739,4738,8108,10108
4735,4739,8108,8109
4740,4739,8109,10722
4735,4740,8109,8123
4741,4742,8110,10735
4742,4740,8110,10736
4740,4741,8110,8111
4743,4741,8111,11860
4740,4743,8111,8112
4744,4743,8112,11522
4740,4744,8112,8113
4745,4744,8113,11521
4740,4745,8113,8114
4746,4745,8114,11521
4740,4746,8114,8115
2776,4746,8115,-1
4740,2776,8115,8116
4740,2774,8116,8117
4740,2775,8117,8118
4740,2773,8118,8119
4740,2770,8119,8120
4740,2771,8120,8123
2771,2769,8121,8122
2771,4735,8122,8123
4747,4603,8124,14042
4604,4747,8124,8125
4748,4747,8125,14043
4604,4748,8125,8130
4749,4750,8126,14044
4750,4748,8126,14043
4748,4749,8126,8127
4598,4749,8127,14044
4748,4598,8127,8131
4598,4713,8128,8131
4712,4604,8129,8130
4712,4748,8130,8132
4748,4713,8131,8132
4610,718,8133,8134
4610,719,8134,8135
4610,720,8135,8136
4751,720,8136,8276
4610,4751,8136,8137
4752,4751,8137,8280
4610,4752,8137,8138
4753,4752,8138,8596
4610,4753,8138,8139
4612,4753,8139,8287
4610,4612,8139,8140
4754,4755,8141,9444
4755,4756,8141,14052,79
4756,4754,8141,8142
4757,4754,8142,9443
4756,4757,8142,8156
4758,4759,8143,9516
4759,4760,8143,9441
4760,4758,8143,8157
4761,4762,8144,14146
4762,4758,8144,9516
4758,4761,8144,8145
4763,4761,8145,14145
4758,4763,8145,8146
4764,4763,8146,8389
4758,4764,8146,8158
4695,4765,8147,8387
4765,4632,8147,8148
4765,4520,8148,8149
4765,4519,8149,8150
4765,4521,8150,8151
4765,716,8151,8159
716,712,8152,8159
710,713,8153,8444
713,709,8153,8161
4766,708,8154,8723
707,4766,8154,8155
4767,4766,8155,8954
707,4767,8155,8162
4756,4767,8156,8954
4767,4757,8156,8163
4760,4757,8157,9442
4757,4758,8157,8158
4757,4764,8158,8164
4765,712,8159,8160
4765,713,8160,8161
4765,709,8161,8165
709,4767,8162,8163
709,4757,8163,8164
709,4764,8164,8165
4765,4764,8165,8389
4459,4768,8166,8174
4768,4466,8166,14012,110
4769,4770,8167,14032
4770,4768,8167,14033
4768,4769,8167,8176
4771,4772,8168,14029
4772,4773,8168,14030
4773,4771,8168,8169
4774,4771,8169,8538
4773,4774,8169,8170
4775,4774,8170,8434
4773,4775,8170,8171
4776,4775,8171,8313
4773,4776,8171,8179
4458,4418,8172,-85
4417,4458,8172,8173
4417,4459,8173,8174
4417,4768,8174,8175
4777,4768,8175,8176,110
4417,4777,8175,8181
4777,4769,8176,8177
4778,4769,8177,14031
4777,4778,8177,8178
4773,4778,8178,14030
4777,4773,8178,8179
4777,4776,8179,8180
4779,4776,8180,8305
4777,4779,8180,8181
4417,4779,8181,8254
586,4513,8182,8192
4513,376,8183,8184
4780,376,8184,8966
4513,4780,8184,8185
4781,4780,8185,8965
4513,4781,8185,8193
776,4782,8186,8963
4782,4781,8186,8964
4781,776,8186,8187
4781,777,8187,8188
4783,777,8188,9139
4781,4783,8188,8189
4784,4783,8189,8317
4781,4784,8189,8190
4785,4784,8190,8316
4781,4785,8190,8193
587,4785,8191,8315
4785,586,8191,8192
4785,4513,8192,8193
3912,4699,8194,8195
3908,4699,8195,8243
3912,3908,8195,8196
3912,3907,8196,8197
4786,4708,8198,8213
4707,4786,8198,8199
4787,4786,8199,8269
4707,4787,8199,8200
4788,4787,8200,8489
4707,4788,8200,8201
4721,4788,8201,8392
4618,4622,8202,8203
4618,4623,8203,8204
4618,4621,8204,8206
4621,4619,8205,8206
4586,4589,8207,8208
4586,4588,8208,8209
4789,4588,8209,14072
4586,4789,8209,14073
4708,4706,8210,8211
4790,4706,8211,8272
4708,4790,8211,8212
4791,4790,8212,8271
4708,4791,8212,8213
4786,4791,8213,8270
3863,3860,8214,8215
4792,3860,8215,8961
3863,4792,8215,8229
3859,4792,8216,8960
4792,3856,8216,8217
4792,3857,8217,8218
4793,3857,8218,9876
4792,4793,8218,8230
4794,4795,8219,9886
4795,4793,8219,9882
4793,4794,8219,8231
4796,4797,8220,10829
4797,4794,8220,9881
4794,4796,8220,8221
674,4796,8221,10828
4794,674,8221,8222
4794,673,8222,8232
673,678,8223,8224
673,677,8224,8225
673,679,8225,8226
673,681,8226,8232
681,683,8227,8228
681,3863,8228,8229
681,4792,8229,8230
681,4793,8230,8231
681,4794,8231,8232
4166,4133,8233,8234
4166,3843,8234,8238
3843,3838,8235,8236
3843,4168,8236,8238
4168,4166,8237,8238
4697,4718,8239,8240
565,4718,8240,8285
4697,565,8240,8241
4697,564,8241,8245
564,3908,8242,8243
564,4699,8243,8244
564,4698,8244,8245
4798,4799,8246,-2789
4799,4800,8246,-2789
4800,4798,8246,8247
4801,4798,8247,-2789
4800,4801,8247,8252
4802,4803,8248,-2789
4803,4801,8248,-2789
4801,4802,8248,8249
4804,4802,8249,-2789
4801,4804,8249,8252
572,4805,8250,14004,292
4805,4804,8250,-2789
4804,572,8250,8251
4800,572,8251,14004,292
4804,4800,8251,8252
4417,4421,8253,8254
4779,4421,8254,8305
4420,4424,8255,8256
4806,4424,8256,8738
4420,4806,8256,8260
4807,4808,8257,9155
4808,4806,8257,8741
4806,4807,8257,8258
4809,4807,8258,8881
4806,4809,8258,8259
4810,4809,8259,8882
4806,4810,8259,8260
4420,4810,8260,8306
4706,4725,8261,8262
4811,4725,8262,8560
4706,4811,8262,8263
4812,4811,8263,9255
4706,4812,8263,8272
4813,4814,8264,9064
4814,4812,8264,9065
4812,4813,8264,8265
4815,4813,8265,8728
4812,4815,8265,8266
4816,4815,8266,8727
4812,4816,8266,8273
4817,4818,8267,8604
4818,4819,8267,8605
4819,4817,8267,8275
4787,4820,8268,8490
4820,4817,8268,8604
4817,4787,8268,8269
4817,4786,8269,8270
4817,4791,8270,8271
4817,4790,8271,8275
4790,4812,8272,8273
4790,4816,8273,8274
4819,4816,8274,8726
4790,4819,8274,8275
4751,721,8276,8277
4751,701,8277,8278
4751,700,8278,8279
4821,700,8279,8927
4751,4821,8279,8280
4752,4821,8280,8596
4718,4578,8281,8282
4718,4577,8282,8285
4577,563,8283,8284
4577,565,8284,8285
4315,4612,8286,8287
4315,4753,8287,8288
4822,4753,8288,8603
4315,4822,8288,8289
4823,4822,8289,8637
4315,4823,8289,8290
4824,4823,8290,8637
4315,4824,8290,8441
4825,4826,8291,-2789
4826,4827,8291,-2789
4827,4825,8291,8292
4828,4825,8292,-2789
4827,4828,8292,8293
4829,4828,8293,-2789
4827,4829,8293,-2789
3725,3723,8294,8304
3723,3721,8295,8296
3723,3720,8296,8297
3723,3719,8297,8298
4830,3719,8298,8629
3723,4830,8298,8299
4831,4830,8299,8630
3723,4831,8299,8300
4832,4831,8300,8631
3723,4832,8300,8301
4833,4832,8301,8377
3723,4833,8301,8304
4732,4833,8302,8376
4833,4731,8302,8303
4833,3725,8303,8304
4776,4421,8305,8313
4834,4810,8306,8887
4420,4834,8306,8307
4835,4834,8307,8883
4420,4835,8307,8308
4836,4835,8308,8540
4420,4836,8308,8309
4837,4836,8309,8437
4420,4837,8309,8310
4838,4837,8310,8436
4420,4838,8310,8311
4839,4838,8311,8435
4420,4839,8311,8312
4775,4839,8312,8434
4420,4775,8312,8314
4775,4421,8313,8314
588,4785,8315,8316
588,4784,8316,8344
4840,4783,8317,9139
4784,4840,8317,8318
4841,4840,8318,9144
4784,4841,8318,8319
829,4841,8319,9143
4784,829,8319,8345
829,827,8320,8321
4842,827,8321,9128
829,4842,8321,8322
4843,4842,8322,9127
829,4843,8322,8346
4844,4845,8323,9125
4845,4843,8323,9126
4843,4844,8323,8347
4846,4847,8324,9136
4847,4844,8324,9125
4844,4846,8324,8325
4848,4846,8325,9124
4844,4848,8325,8348
4849,4850,8326,9134
4850,4851,8326,9135
4851,4849,8326,8355
4852,4853,8327,9133
4853,4849,8327,9134
4849,4852,8327,8356
4854,4855,8328,9131
4855,4856,8328,9132
4856,4854,8328,8363
4857,826,8329,10295
825,4857,8329,8364
4858,4859,8330,10331
4859,4857,8330,10270
4857,4858,8330,8361
4860,4861,8331,10661
4861,4862,8331,10335
4862,4860,8331,8353
4863,4864,8332,10698
4864,4860,8332,10661
4860,4863,8332,8333
4865,4863,8333,10280
4860,4865,8333,8334
4866,4865,8334,10279
4860,4866,8334,8335
595,4866,8335,8903
4860,595,8335,8349
4867,593,8336,9646
595,4867,8336,8337
4868,4867,8337,9646
595,4868,8337,8349
4869,4870,8338,9644
4870,4871,8338,9645
4871,4869,8338,8339
4872,4869,8339,9644
4871,4872,8339,8358
4873,4874,8340,9641
4874,4875,8340,9642
4875,4873,8340,8359
594,4873,8341,9641
4873,592,8341,8342
4873,591,8342,8354
590,588,8343,8344
590,4784,8344,8345
590,829,8345,8346
590,4843,8346,8347
590,4844,8347,8348
590,4848,8348,8351
4860,4868,8349,8350
4871,4868,8350,9645
4860,4871,8350,8353
591,4848,8351,8352
4851,4848,8352,9124
591,4851,8352,8354
4862,4871,8353,8357
4873,4851,8354,8355
4873,4849,8355,8356
4873,4852,8356,8359
4862,4858,8357,10336
4858,4871,8357,8358
4858,4872,8358,8361
4875,4852,8359,8360
4856,4852,8360,9132
4875,4856,8360,8362
4857,4872,8361,8364
4875,4876,8362,9642
4876,4856,8362,8363
4876,4854,8363,8366
825,4872,8364,8365
4877,4872,8365,9643
825,4877,8365,8367
4876,4877,8366,9643
4877,4854,8366,8367
825,4854,8367,9130
4613,514,8368,13997,211
514,4009,8368,8369
514,4007,8369,8374
4007,4005,8370,8374
4005,515,8371,8372
4005,513,8372,8373
4005,514,8373,8374
574,4732,8375,8376
574,4833,8376,8377
574,4832,8377,8378
575,4832,8378,8631
4441,4720,8379,8380
4878,4720,8380,8404
4441,4878,8380,8386
4879,4880,8381,8410
4880,4878,8381,8404
4878,4879,8381,8386
4881,4882,8382,9258
4882,4879,8382,8403
4879,4881,8382,8383
4883,4881,8383,8892
4879,4883,8383,8384
4440,4883,8384,8893
4879,4440,8384,8385
4879,4441,8385,8386
4765,4696,8387,8388
4763,4696,8388,14145
4765,4763,8388,8389
4720,4682,8390,8405
4682,4721,8391,8392
4682,4788,8392,8393
4884,4788,8393,8489
4682,4884,8393,8394
4885,4884,8394,8497
4682,4885,8394,8395
4886,4885,8395,8511
4682,4886,8395,8396
4887,4886,8396,8514
4682,4887,8396,8397
4888,4887,8397,8495
4682,4888,8397,8406
4889,4890,8398,9059
4890,4888,8398,8998
4888,4889,8398,8407
4891,4892,8399,9272
4892,4893,8399,9061
4893,4891,8399,8400
4894,4891,8400,9271
4893,4894,8400,8401
4895,4894,8401,13921
4893,4895,8401,8402
4882,4895,8402,9257
4893,4882,8402,8403
4893,4879,8403,8409
4880,4720,8404,8405
4880,4682,8405,8406
4880,4888,8406,8407
4880,4889,8407,8408
4896,4889,8408,9062
4880,4896,8408,8410
4893,4896,8409,9062
4896,4879,8409,8410
4679,4897,8411,14107
4897,4678,8411,8412
4898,4678,8412,14103
4897,4898,8412,8415
4899,4900,8413,14105
4900,4898,8413,14104
4898,4899,8413,8414
4901,4899,8414,14106
4898,4901,8414,8415
4897,4901,8415,14106
4902,4903,8416,13967,78
4903,4904,8416,14091
4904,4902,8416,8417
4905,4902,8417,13966,78
4904,4905,8417,8428
4906,4907,8418,9776
4907,4905,8418,13966,78
4905,4906,8418,8419
4908,4906,8419,9424
4905,4908,8419,8428
4909,4910,8420,8762
4910,4911,8420,9421
4911,4909,8420,8421
4912,4909,8421,8761
4911,4912,8421,8431
4913,4914,8422,8509
4914,4912,8422,8760
4912,4913,8422,8423
4655,4913,8423,8510
4912,4655,8423,8424
4912,4656,8424,8425
4912,4661,8425,8432
4915,4662,8426,13964,78
4661,4915,8426,8432
4904,4916,8427,14091
4916,4915,8427,13964,78
4915,4904,8427,8433
4904,4908,8428,8429
4917,4908,8429,9424
4904,4917,8429,8430
4911,4917,8430,9421
4904,4911,8430,8431
4904,4912,8431,8433
4912,4915,8432,8433
4774,4839,8434,8435
4774,4838,8435,8436
4774,4837,8436,8437
4774,4836,8437,8438
4918,4836,8438,8540
4774,4918,8438,8439
4919,4918,8439,8539
4774,4919,8439,8538
4722,4315,8440,8441
4722,4824,8441,8442
4920,4824,8442,8642
4722,4920,8442,8443
4723,4920,8443,8501
714,710,8444,8445
4921,710,8445,-937
714,4921,8445,-937
615,612,8446,8458
4922,611,8447,9551
612,4922,8447,8459
4923,4924,8448,9553
4924,4922,8448,9554
4922,4923,8448,8465
610,4925,8449,9552
4925,609,8449,8450
4926,609,8450,9791
4925,4926,8450,8460
4927,4928,8451,9795
4928,4926,8451,9796
4926,4927,8451,8461
4929,4930,8452,9164
4930,4927,8452,9795
4927,4929,8452,8453
4931,4929,8453,9163
4927,4931,8453,8454
4129,4931,8454,9162
4927,4129,8454,8455
4927,4130,8455,8462
4932,4933,8456,8516
4933,4934,8456,8517
4934,4932,8456,8464
4123,4932,8457,8515
4932,615,8457,8458
4932,612,8458,8459
4932,4922,8459,8464
4925,4923,8460,9552
4923,4926,8460,8461
4923,4927,8461,8462
4923,4130,8462,8463
4934,4130,8463,8518
4923,4934,8463,8465
4934,4922,8464,8465
4627,4550,8466,8467
4935,4550,8467,8476
4627,4935,8467,8468
4733,4935,8468,9114
4936,4552,8469,8482
4551,4936,8469,8470
4937,4936,8470,8481
4551,4937,8470,8471
4938,4937,8471,9005
4551,4938,8471,8472
4939,4938,8472,9146
4551,4939,8472,8473
4940,4939,8473,9145
4551,4940,8473,8474
4941,4940,8474,9145
4551,4941,8474,8475
4935,4941,8475,9115
4551,4935,8475,8476
4554,4649,8477,8478
4942,4649,8478,8785
4554,4942,8478,8484
4943,4944,8479,9006
4944,4942,8479,9011
4942,4943,8479,8480
4937,4943,8480,9005
4942,4937,8480,8481
4942,4936,8481,8482
4942,4552,8482,8483
4942,4553,8483,8484
4945,4946,8485,14023
4946,4947,8485,14037
4947,4945,8485,8486
4948,4945,8486,14023
4947,4948,8486,8487
4949,4948,8487,8524
4947,4949,8487,8488
4950,4949,8488,8523
4947,4950,8488,14022
4884,4787,8489,8490
4884,4820,8490,8491
4951,4820,8491,8606
4884,4951,8491,8492
4952,4951,8492,8729
4884,4952,8492,8493
4953,4952,8493,9063
4884,4953,8493,8497
4888,4954,8494,8998
4954,4953,8494,8995
4953,4888,8494,8498
4955,4887,8495,8514
4888,4955,8495,8498
4956,4957,8496,8512
4957,4955,8496,8513
4955,4956,8496,8499
4885,4953,8497,8500
4953,4955,8498,8499
4953,4956,8499,8500
4885,4956,8500,8511
4724,4920,8501,8502
4958,4920,8502,8641
4724,4958,8502,8504
4959,4960,8503,8555
4960,4958,8503,8921
4958,4959,8503,8504
4724,4959,8504,8554
4655,4689,8505,8506
4655,4700,8506,8507
4961,4700,8507,8943
4655,4961,8507,8510
4914,4962,8508,8759
4962,4961,8508,8944
4961,4914,8508,8509
4961,4913,8509,8510
4886,4956,8511,8512
4886,4957,8512,8513
4886,4955,8513,8514
4124,4932,8515,8516
4124,4933,8516,8517
4124,4934,8517,8522
4934,4128,8518,8519
4934,4126,8519,8520
4934,4127,8520,8522
4127,4124,8521,8522
4950,4963,8523,14021
4963,4949,8523,8524
4963,4948,8524,8525
4964,4948,8525,14024
4963,4964,8525,8537
4965,4966,8526,8610
4966,4964,8526,14024
4964,4965,8526,8527
4967,4965,8527,8609
4964,4967,8527,8528
4968,4967,8528,8545
4964,4968,8528,8529
4969,4968,8529,9427
4964,4969,8529,8530
4970,4969,8530,9428
4964,4970,8530,8537
4971,4972,8531,9052
4972,4970,8531,9429
4970,4971,8531,8532
4973,4971,8532,9051
4970,4973,8532,8533
4974,4973,8533,9050
4970,4974,8533,8534
4975,4974,8534,9049
4970,4975,8534,8535
4976,4975,8535,8592
4970,4976,8535,8536
4963,4976,8536,8591
4970,4963,8536,8537
4771,4919,8538,8539
4771,4918,8539,8549
4918,4835,8540,8541
4977,4835,8541,8883
4918,4977,8541,8550
4978,4979,8542,8862
4979,4977,8542,8871
4977,4978,8542,8550
4980,4981,8543,8870
4981,4982,8543,8865
4982,4980,8543,8544
4968,4980,8544,9426
4982,4968,8544,8545
4982,4967,8545,8546
4983,4967,8546,8608
4982,4983,8546,8547
4984,4983,8547,8607
4982,4984,8547,8553
4771,4985,8548,14028
4985,4984,8548,8607
4984,4771,8548,8549
4984,4918,8549,8553
4918,4978,8550,8551
4986,4978,8551,8863
4918,4986,8551,8552
4982,4986,8552,8864
4918,4982,8552,8553
4726,4959,8554,8555
4726,4960,8555,8556
4987,4960,8556,8926
4726,4987,8556,8557
4988,4987,8557,8926
4726,4988,8557,8558
4989,4988,8558,9248
4726,4989,8558,8559
4811,4989,8559,9255
4726,4811,8559,8560
4990,4991,8561,-937
4991,4992,8561,-937
4992,4990,8561,8569
4993,4994,8562,-937
4994,4990,8562,-937
4990,4993,8562,8563
4995,4993,8563,-937
4990,4995,8563,8564
4996,4995,8564,-937
4990,4996,8564,8565
4997,4996,8565,-937
4990,4997,8565,8566
704,4997,8566,8567,79
4990,704,8566,8569
4998,4997,8567,-937
704,4998,8567,8568
4992,4998,8568,-937
704,4992,8568,8569
4999,4431,8570,9245
4429,4999,8570,8571
5000,4999,8571,9415
4429,5000,8571,8572
5001,5000,8572,9543
4429,5001,8572,8573
4428,5001,8573,9375
4429,4428,8573,8574
5002,5003,8575,13963,314
5003,5004,8575,13962,314
5004,5002,8575,8576
5005,5002,8576,13906
5004,5005,8576,8577
5006,5005,8577,9630
5004,5006,8577,8578
5007,5006,8578,9629
5004,5007,8578,8579
5008,5007,8579,9703
5004,5008,8579,8580
5009,5008,8580,9707
5004,5009,8580,8581
5010,5009,8581,9120
5004,5010,8581,8582
5011,5010,8582,8705
5004,5011,8582,8583
5012,5011,8583,8706
5004,5012,8583,8584
4590,5012,8584,8707
5004,4590,8584,8585
5004,4591,8585,8589
5013,5014,8586,14079
5014,4591,8586,14070
4591,5013,8586,8587
5015,5013,8587,14078
4591,5015,8587,8588
5016,5015,8588,14069
4591,5016,8588,8589
5004,5016,8589,13933
4963,5017,8590,14021
5017,5018,8590,14035
5018,4963,8590,8591
5018,4976,8591,8592
5018,4975,8592,8593
5019,4975,8593,9049
5018,5019,8593,8594
5020,5019,8594,9018
5018,5020,8594,8595
5021,5020,8595,14019
5018,5021,8595,14020
4753,4821,8596,8597
5022,4821,8597,8927
4753,5022,8597,8603
5023,5024,8598,9224
5024,5022,8598,8936
5022,5023,8598,8599
5025,5023,8599,9223
5022,5025,8599,8600
5026,5025,8600,8999
5022,5026,8600,8601
5027,5026,8601,8639
5022,5027,8601,8602
4822,5027,8602,8638
5022,4822,8602,8603
4820,4818,8604,8605
4820,4819,8605,8606
4951,4819,8606,8726
4985,4983,8607,8608
4985,4967,8608,8609
4985,4965,8609,8612
5028,4966,8610,14025
4965,5028,8610,8611
5029,5028,8611,14026
4965,5029,8611,8612
4985,5029,8612,14027
5030,5031,8613,14093
5031,5032,8613,14119
5032,5030,8613,8617
5033,5034,8614,14094
5034,5030,8614,14093
5030,5033,8614,8618
5035,5036,8615,14096
5036,5033,8615,14095
5033,5035,8615,8616
1236,5035,8616,14097
5033,1236,8616,8618
5032,1236,8617,14118
1236,5030,8617,8618
5037,5038,8619,13923
5038,573,8619,13958,292
573,5037,8619,8633
5039,5040,8620,13961,292
5040,5037,8620,13923
5037,5039,8620,8621
5041,5039,8621,9188
5037,5041,8621,8634
5042,5043,8622,8990
5043,5041,8622,9188
5041,5042,8622,8623
5044,5042,8623,8717
5041,5044,8623,8624
5045,5044,8624,8718
5041,5045,8624,8635
5046,5047,8625,8719
5047,5045,8625,8718
5045,5046,8625,8636
4640,5046,8626,8720
5046,3718,8626,8627
5046,3717,8627,8628
5046,3719,8628,8629
5046,4830,8629,8630
5046,4831,8630,8636
4831,575,8631,8632
4831,573,8632,8633
4831,5037,8633,8634
4831,5041,8634,8635
4831,5045,8635,8636
4824,4822,8637,8638
4824,5027,8638,8642
5048,5026,8639,8999
5027,5048,8639,8640
4958,5048,8640,8921
5027,4958,8640,8641
5027,4920,8641,8642
3957,4309,8643,8644
3957,4308,8644,8645
3957,4307,8645,8646
3957,4306,8646,8647
2109,2106,8648,8686
2106,2104,8649,8687
2104,2102,8650,8651
2104,2101,8651,8652
2104,2100,8652,8653
2104,2099,8653,8688
2098,2096,8654,8655
5049,2096,8655,-1
2098,5049,8655,8700
5050,5051,8656,13177
5051,5049,8656,-1
5049,5050,8656,8657
5052,5050,8657,12986
5049,5052,8657,8658
1000,5052,8658,12899
5049,1000,8658,8659
5049,999,8659,8660
5049,997,8660,8661
5053,997,8661,11843
5049,5053,8661,8690
5054,5055,8662,11848
5055,5053,8662,11849
5053,5054,8662,8663
5056,5054,8663,11847
5053,5056,8663,8664
5057,5056,8664,11428
5053,5057,8664,8665
5058,5057,8665,10674
5053,5058,8665,8666
5059,5058,8666,10490
5053,5059,8666,8690
5060,5061,8667,10489
5061,5059,8667,10490
5059,5060,8667,8691
5062,5063,8668,10487
5063,5064,8668,10488
5064,5062,8668,8693
5065,5066,8669,10484
5066,5067,8669,10485
5067,5065,8669,8670
5068,5065,8670,9896
5067,5068,8670,8671
5069,5068,8671,9895
5067,5069,8671,8672
5070,5069,8672,9894
5067,5070,8672,8701
5071,5072,8673,9892
5072,5070,8673,9893
5070,5071,8673,8702
5073,5074,8674,9890
5074,5071,8674,9891
5071,5073,8674,8696
5075,5076,8675,9952
5076,5073,8675,9890
5073,5075,8675,8676
5077,5075,8676,9617
5073,5077,8676,8677
5078,5077,8677,13953
5073,5078,8677,8678
5079,5078,8678,8987
5073,5079,8678,8679
5080,5079,8679,8987
5073,5080,8679,8680
5081,5080,8680,8986
5073,5081,8680,8681
5082,5081,8681,8985
5073,5082,8681,8696
5083,5084,8682,8984
5084,5082,8682,8985
5082,5083,8682,8697
5085,5086,8683,8992
5086,5083,8683,8984
5083,5085,8683,8684
4637,5085,8684,8714
5083,4637,8684,8685
5083,4638,8685,8698
4638,2106,8686,8687
4638,2104,8687,8688
4638,2099,8688,8689
4638,2098,8689,8699
5049,5059,8690,8691
5049,5060,8691,8692
5064,5060,8692,10488
5049,5064,8692,8693
5049,5062,8693,8694
5087,5062,8694,10486
5049,5087,8694,8695
5067,5087,8695,10485
5049,5067,8695,8700
5071,5082,8696,8697
5071,5083,8697,8698
5071,4638,8698,8699
5071,2098,8699,8702
2098,5067,8700,8701
2098,5070,8701,8702
4590,4594,8703,8704
5088,4594,8704,9119
4590,5088,8704,8707
5010,5088,8705,9120
5088,5011,8705,8706
5088,5012,8706,8707
4509,382,8708,8709
5089,382,8709,8940
4509,5089,8709,8712
378,5089,8710,8942
5089,377,8710,8711
5089,4510,8711,8712
4640,4637,8713,8714
4640,5085,8714,8715
5090,5085,8715,8991
4640,5090,8715,8716
5042,5090,8716,8991
4640,5042,8716,8717
4640,5044,8717,8720
5044,5047,8718,8719
5044,5046,8719,8720
5091,5092,8721,8955
5092,703,8721,13947,79
703,5091,8721,8722
4766,5091,8722,8955
703,4766,8722,8723
703,708,8723,8724
703,706,8724,8725
4951,4816,8726,8727
4951,4815,8727,8728
4951,4813,8728,8729
4952,4813,8729,9063
4279,455,8730,8731
5093,455,8731,-181
4279,5093,8731,8732
5094,5093,8732,9102
4279,5094,8732,8733
5095,5094,8733,9092
4279,5095,8733,8950
1259,5096,8734,14101
5096,5097,8734,14100
5097,1259,8734,8735
5097,1262,8735,8736
5097,1263,8736,8737
5098,1263,8737,9329
5097,5098,8737,9555
4806,4423,8738,8739
4806,4425,8739,8740
5099,4425,8740,9156
4806,5099,8740,8741
4808,5099,8741,9155
4434,4437,8742,8743
4434,4436,8743,8744
5100,4436,8744,8888
4434,5100,8744,8745
5101,5100,8745,9027
4434,5101,8745,8746
4433,5101,8746,9021
5102,5103,8747,13763
5103,5104,8747,13764
5104,5102,8747,8748
5105,5102,8748,13762
5104,5105,8748,8749
5106,5105,8749,11127
5104,5106,8749,8750
5107,5106,8750,-9817
5104,5107,8750,8751
5108,5107,8751,-9816
5104,5108,8751,8818
5109,5110,8752,9763
5110,5111,8752,9770
5111,5109,8752,8819
5112,5113,8753,9845
5113,5109,8753,9763
5109,5112,8753,8820
5114,5115,8754,9853
5115,5116,8754,9849
5116,5114,8754,8755
5117,5114,8755,9850
5116,5117,8755,8822
5118,5119,8756,9754
5119,5117,8756,9843
5117,5118,8756,8757
5120,5118,8757,9507
5117,5120,8757,8758
4962,5120,8758,8945
5117,4962,8758,8759
5117,4914,8759,8760
5117,4912,8760,8761
5117,4909,8761,8822
5121,4910,8762,9422
4909,5121,8762,8763
5122,5121,8763,9774
4909,5122,8763,8764
5123,5122,8764,9908
4909,5123,8764,8823
5124,5125,8765,9909
5125,5123,8765,9908
5123,5124,8765,8766
5126,5124,8766,-1623
5123,5126,8766,8824
5127,5128,8767,10220
5128,5126,8767,-1623
5126,5127,8767,8768
5129,5127,8768,10398
5126,5129,8768,8825
5130,5131,8769,10400
5131,5132,8769,10399
5132,5130,8769,8852
5133,5134,8770,10369
5134,5135,8770,10401
5135,5133,8770,8826
5136,5137,8771,8773,78
5137,5133,8771,10368
5133,5136,8771,8772
5138,5136,8772,8827,78
5133,5138,8772,8826
5139,5137,8773,13738
5136,5139,8773,8774
5140,5139,8774,13983
5136,5140,8774,8775
5141,5140,8775,13982
5136,5141,8775,8827
5142,5143,8776,13981
5143,5141,8776,13982
5141,5142,8776,8861
5144,5145,8777,13979
5145,5146,8777,13980
5146,5144,8777,8828
5147,5148,8778,13978
5148,5144,8778,13979
5144,5147,8778,8829
5149,5150,8779,13976
5150,5147,8779,13977
5147,5149,8779,8830
5151,5152,8780,13973
5152,5153,8780,13974
5153,5151,8780,8855
5154,5155,8781,13970
5155,5156,8781,13971
5156,5154,8781,8782
4729,5154,8782,13969
5156,4729,8782,8783
5156,4647,8783,8784
5156,4649,8784,8785
5156,4942,8785,8786
5157,4942,8786,-1576
5156,5157,8786,8832
5158,5159,8787,9013
5159,5157,8787,-1576
5157,5158,8787,8788
5160,5158,8788,9147
5157,5160,8788,8789
5161,5160,8789,9148
5157,5161,8789,8848
5162,5163,8790,-9768
5163,5161,8790,9148
5161,5162,8790,8791
5164,5162,8791,-9768
5161,5164,8791,8792
5165,5164,8792,10150
5161,5165,8792,8793
5166,5165,8793,10725
5161,5166,8793,8794
5167,5166,8794,11102
5161,5167,8794,8795
5168,5167,8795,11097
5161,5168,8795,8859
5169,5170,8796,11459
5170,5171,8796,11458
5171,5169,8796,8797
5172,5169,8797,12112
5171,5172,8797,8798
5173,5172,8798,11890
5171,5173,8798,8799
5174,5173,8799,11870
5171,5174,8799,8833
5175,5176,8800,11871
5176,5177,8800,11902
5177,5175,8800,8801
5178,5175,8801,11872
5177,5178,8801,8835
5179,5180,8802,11874
5180,5178,8802,11873
5178,5179,8802,8803
5181,5179,8803,12657
5178,5181,8803,8804
5182,5181,8804,12523
5178,5182,8804,8805
5183,5182,8805,11929
5178,5183,8805,8835
5184,5185,8806,-9816
5185,5183,8806,11929
5183,5184,8806,8836
5186,5187,8807,-1625
5187,5188,8807,11570
5188,5186,8807,8808
5189,5186,8808,-9817
5188,5189,8808,8809
5190,5189,8809,11879
5188,5190,8809,8810
5191,5190,8810,11880
5188,5191,8810,8811
5192,5191,8811,12241
5188,5192,8811,8812
5193,5192,8812,10242
5188,5193,8812,8837
5194,5195,8813,10241
5195,5193,8813,10242
5193,5194,8813,8837
5196,5197,8814,10240
5197,5194,8814,10241
5194,5196,8814,8815
5198,5196,8815,10239
5194,5198,8815,8816
5199,5198,8816,10238
5194,5199,8816,8838
5200,5104,8817,8818,314
5104,5199,8817,10237
5199,5200,8817,8839
5200,5108,8818,8840
5111,5201,8819,9762
5201,5109,8819,8820
5201,5112,8820,8821
5202,5112,8821,9846
5201,5202,8821,8841
5116,4909,8822,8823
5116,5123,8823,8824
5116,5126,8824,8825
5116,5129,8825,8844
5135,5138,8826,8846
5138,5141,8827,8854
5146,5142,8828,13980
5142,5144,8828,8829
5142,5147,8829,8830
5142,5149,8830,8831
5153,5149,8831,13975
5142,5153,8831,8858
5156,5203,8832,13971
5203,5157,8832,8847
5171,5168,8833,11097
5168,5174,8833,8834
5204,5174,8834,11901
5168,5204,8834,8860
5177,5183,8835,8836
5177,5184,8836,8849
5188,5194,8837,8838
5188,5199,8838,8839
5188,5200,8839,8840
5188,5108,8840,8850
5201,5205,8841,10342
5205,5202,8841,8842
5206,5202,8842,9847
5205,5206,8842,8843
5116,5206,8843,9848
5205,5116,8843,8844
5205,5129,8844,8845
5132,5129,8845,10399
5205,5132,8845,8851
5135,5130,8846,10400
5130,5138,8846,8853
5203,5151,8847,13972
5151,5157,8847,8848
5151,5161,8848,8855
5177,5204,8849,11901
5204,5184,8849,8856
5188,5184,8850,-9816
5184,5108,8850,8856
5205,5108,8851,10348
5108,5132,8851,8852
5108,5130,8852,8853
5108,5138,8853,8854
5108,5141,8854,8857
5153,5161,8855,8858
5204,5108,8856,8857
5204,5141,8857,8860
5142,5161,8858,8859
5142,5168,8859,8861
5168,5141,8860,8861
4979,5207,8862,8871
5207,4978,8862,8863
5207,4986,8863,8864
5207,4982,8864,8865
5207,4981,8865,8869
5208,5209,8866,13902
5209,4980,8866,9425
4980,5208,8866,8867
5210,5208,8867,13935,109
4980,5210,8867,8868
5211,5210,8868,13934,109
4980,5211,8868,8870
5207,5211,8869,13934,109
5211,4981,8869,8870
4977,5207,8871,8872
5212,5207,8872,8874,109
4977,5212,8872,8873
5213,5212,8873,8885,109
4977,5213,8873,8884
5214,5207,8874,13938
5212,5214,8874,8875
5215,5214,8875,13937
5212,5215,8875,8876
5216,5215,8876,9439
5212,5216,8876,8877
5217,5216,8877,9440
5212,5217,8877,8885
5218,5219,8878,9363
5219,5217,8878,9433
5217,5218,8878,8879
5220,5218,8879,9364
5217,5220,8879,8880
4807,5220,8880,9161
5217,4807,8880,8881
5217,4809,8881,8882
5217,4810,8882,8886
4834,4977,8883,8884
4834,5213,8884,8887
5213,5217,8885,8886
5213,4810,8886,8887
5221,5100,8888,9026
4436,5221,8888,8897
5222,5221,8889,13929
5221,5223,8889,8898,296
5223,5222,8889,8890
5224,5222,8890,9259
5223,5224,8890,8891
4881,5224,8891,9258
5223,4881,8891,8892
5223,4883,8892,8893
5223,4440,8893,8894
5223,4438,8894,8895
5225,4438,8895,8896,296
5223,5225,8895,8898
5225,4436,8896,8897
5225,5221,8897,8898
628,601,8899,8900
628,600,8900,8901
628,599,8901,8912
598,595,8902,8903
598,4866,8903,8904
5226,4866,8904,10279
598,5226,8904,8905
5227,5226,8905,10294
598,5227,8905,8906
5228,5227,8906,10448
598,5228,8906,8915
5229,5230,8907,9166
5230,5228,8907,9167
5228,5229,8907,8908
5231,5229,8908,9793
5228,5231,8908,8920
608,5232,8909,9792
5232,5231,8909,9793
5231,608,8909,8916
608,606,8910,8916
603,628,8911,8912
603,599,8912,8913
603,597,8913,8914
603,598,8914,8915
603,5228,8915,8919
5231,606,8916,8917
5231,605,8917,8918
5231,602,8918,8920
602,5228,8919,8920
4960,5048,8921,8922
5233,5048,8922,9004
4960,5233,8922,8923
5234,5233,8923,9003
4960,5234,8923,8924
5235,5234,8924,9410
4960,5235,8924,8925
4988,5235,8925,9248
4960,4988,8925,8926
5022,700,8927,8936
5236,5237,8928,13943
5237,5238,8928,13942
5238,5236,8928,8929
5239,5236,8929,13944
5238,5239,8929,8938
5240,5241,8930,14053
5241,5239,8930,13944
5239,5240,8930,8931
5242,5240,8931,9599
5239,5242,8931,8932
5243,5242,8932,9598
5239,5243,8932,8933
5244,5243,8933,9598
5239,5244,8933,8934
5245,5244,8934,9226
5239,5245,8934,8935
5024,5245,8935,9225
5239,5024,8935,8939
5024,700,8936,8937
5024,699,8937,8939
5238,699,8938,13941
699,5239,8938,8939
5089,380,8940,8941
5089,379,8941,8942
4701,4961,8943,8944
4701,4962,8944,8945
4701,5120,8945,8946
5246,5120,8946,9506
4701,5246,8946,8947
5247,5246,8947,9505
4701,5247,8947,8948
5004,5247,8948,13962
4701,5004,8948,8949
4702,5004,8949,13933,314
4280,5095,8950,8951
4285,5095,8951,9092
4280,4285,8951,8953
4285,4282,8952,8953
4756,4766,8954,8958
4766,5092,8955,8956
5248,5092,8956,13932,79
4766,5248,8956,8957
5249,5248,8957,13931,79
4766,5249,8957,8958
4756,5249,8958,13930,79
3861,3859,8959,8960
3861,4792,8960,8961
5250,373,8962,9043
376,5250,8962,8966
775,4782,8963,8964
775,4781,8964,8965
775,4780,8965,8967
4780,5250,8966,8967
775,5250,8967,9042
359,4111,8968,8969
5251,4111,8969,8977
359,5251,8969,8970
364,5251,8970,9445
359,364,8970,8973
364,361,8971,8972
364,360,8972,8973
4111,4305,8974,8975
4111,4303,8975,8976
4111,4304,8976,8977
5251,4304,8977,9490
5252,5253,8978,-2661
5253,5254,8978,-2661
5254,5252,8978,8979
5255,5252,8979,-2661
5254,5255,8979,8980
5256,5255,8980,-2661
5254,5256,8980,8981
5257,5256,8981,-2661
5254,5257,8981,8982
5258,5257,8982,-2661
5254,5258,8982,8983
5259,5258,8983,-2661
5254,5259,8983,-2661
5086,5084,8984,8993
5084,5081,8985,8986
5084,5080,8986,8994
5080,5078,8987,8988
5260,5078,8988,13954
5080,5260,8988,8989
5043,5260,8989,9193
5080,5043,8989,8990
5080,5042,8990,8994
5042,5085,8991,8992
5042,5086,8992,8993
5042,5084,8993,8994
5261,4953,8995,9073
4954,5261,8995,8996
5262,5261,8996,9262
4954,5262,8996,8997
4890,5262,8997,9059
4954,4890,8997,8998
5048,5025,8999,9000
5263,5025,9000,9223
5048,5263,9000,9004
5264,5265,9001,9411
5265,5263,9001,9238
5263,5264,9001,9002
5234,5264,9002,9410
5263,5234,9002,9003
5263,5233,9003,9004
4938,4943,9005,9006
4938,4944,9006,9007
5266,4944,9007,9016
4938,5266,9007,9008
5267,5266,9008,9015
4938,5267,9008,9009
5268,5267,9009,9014
4938,5268,9009,9010
5158,5268,9010,9013
4938,5158,9010,9146
5269,4942,9011,-1624
4944,5269,9011,9012
5159,5269,9012,-1624
4944,5159,9012,9016
5159,5268,9013,9014
5159,5267,9014,9015
5159,5266,9015,9016
5020,5270,9017,14018
5270,5271,9017,14126
5271,5020,9017,9018
5271,5019,9018,9019
5272,5019,9019,9058
5271,5272,9019,9020
5273,5272,9020,-1622
5271,5273,9020,-1621
5101,4432,9021,9022
5274,4432,9022,9217
5101,5274,9022,9027
5275,5276,9023,13913
5276,5274,9023,9216
5274,5275,9023,9024
5277,5275,9024,13928,296
5274,5277,9024,9025
5221,5277,9025,13928,296
5274,5221,9025,9026
5274,5100,9026,9027
5278,374,9028,9089
373,5278,9028,9044
5279,5280,9029,9088
5280,5278,9029,9089
5278,5279,9029,9030
5281,5279,9030,9087
5278,5281,9030,9045
5282,5283,9031,11395
5283,5281,9031,9086
5281,5282,9031,9032
5284,5282,9032,11394
5281,5284,9032,9033
5285,5284,9033,9928
5281,5285,9033,9034
5286,5285,9034,9927
5281,5286,9034,9046
5287,5288,9035,9941
5288,5286,9035,9927
5286,5287,9035,9036
5289,5287,9036,9926
5286,5289,9036,9047
783,5290,9037,9925
5290,5289,9037,9926
5289,783,9037,9038
5289,781,9038,9039
5289,782,9039,9048
782,780,9040,9048
780,775,9041,9042
780,5250,9042,9043
780,373,9043,9044
780,5278,9044,9045
780,5281,9045,9046
780,5286,9046,9047
780,5289,9047,9048
5019,4974,9049,9050
5019,4973,9050,9051
5019,4971,9051,9052
5019,4972,9052,9058
5291,5292,9053,10187
5292,4972,9053,9430
4972,5291,9053,9054
5293,5291,9054,10383
4972,5293,9054,9055
5294,5293,9055,10007
4972,5294,9055,9056
5295,5294,9056,9202
4972,5295,9056,9057
5272,5295,9057,9203
4972,5272,9057,9058
4889,5262,9059,9060
4892,5262,9060,9262
4889,4892,9060,9061
4889,4893,9061,9062
4953,4813,9063,9064
4953,4814,9064,9065
4953,4812,9065,9066
5296,4812,9066,9254
4953,5296,9066,9067
5297,5296,9067,9592
4953,5297,9067,9074
5298,5299,9068,9631
5299,5297,9068,9597
5297,5298,9068,9069
5300,5298,9069,9631
5297,5300,9069,9074
5301,5302,9070,9634
5302,5300,9070,9635
5300,5301,9070,9071
5303,5301,9071,9864
5300,5303,9071,9075
5261,5304,9072,9263
5304,5303,9072,9868
5303,5261,9072,9073
5303,4953,9073,9075
4953,5300,9074,9075
374,372,9076,9077
374,371,9077,9078
374,370,9078,9079
374,369,9079,9080
374,368,9080,9090
5305,366,9081,9467
368,5305,9081,9082
5306,5305,9082,9466
368,5306,9082,9091
5307,5308,9083,9464
5308,5306,9083,9465
5306,5307,9083,9084
5309,5307,9084,9463
5306,5309,9084,9085
5283,5309,9085,11388
5306,5283,9085,9086
5306,5281,9086,9087
5306,5279,9087,9088
5306,5280,9088,9091
5280,374,9089,9090
5280,368,9090,9091
4285,5094,9092,9093
5310,5094,9093,9101
4285,5310,9093,9094
5311,5310,9094,9537
4285,5311,9094,9095
5312,5311,9095,9542
4285,5312,9095,9096
4287,5312,9096,9541
5313,545,9097,9110
545,5093,9097,-181
5093,5313,9097,9102
5314,5315,9098,9108
5315,5313,9098,9109
5313,5314,9098,9099
5316,5314,9099,9502
5313,5316,9099,9100
5310,5316,9100,9537
5313,5310,9100,9101
5313,5094,9101,9102
547,549,9103,9104
547,552,9104,9105
5317,552,9105,9275
547,5317,9105,9113
5318,5319,9106,9496
5319,5317,9106,9276
5317,5318,9106,9107
5320,5318,9107,9496
5317,5320,9107,9113
5314,5320,9108,9503
5320,5315,9108,9109
5320,5313,9109,9110
5320,545,9110,9111
5321,545,9111,-181
5320,5321,9111,9112
547,5321,9112,-181
5320,547,9112,9113
4734,4935,9114,9115
4734,4941,9115,9116
5322,4941,9116,9153
4734,5322,9116,9117
5323,5322,9117,9152
4734,5323,9117,9118
5324,5323,9118,9686
4734,5324,9118,9239
4593,5088,9119,9123
5088,5009,9120,9121
5325,5009,9121,9707
5088,5325,9121,9122
5326,5325,9122,13922
5088,5326,9122,9123
4593,5326,9123,13927,110
4851,4846,9124,9135
4847,4845,9125,9126
4847,4843,9126,9127
4847,4842,9127,9128
4847,827,9128,9129
4847,825,9129,9130
4847,4854,9130,9131
4847,4855,9131,9137
4855,4852,9132,9133
4855,4853,9133,9137
4853,4850,9134,9138
4850,4846,9135,9136
4850,4847,9136,9138
4847,4853,9137,9138
4840,777,9139,9140
4840,831,9140,9141
4840,832,9141,9144
830,832,9142,9652
832,829,9142,9143
832,4841,9143,9144
4941,4939,9145,9154
4939,5158,9146,9147
4939,5160,9147,9154
5160,5163,9148,9149
5327,5163,9149,10149
5160,5327,9149,9150
5328,5327,9150,10102
5160,5328,9150,9151
5323,5328,9151,9686
5160,5323,9151,9152
5160,5322,9152,9153
5160,4941,9153,9154
4807,5099,9155,9161
5099,4426,9156,9157
5329,4426,9157,9376
5099,5329,9157,9158
5330,5329,9158,9358
5099,5330,9158,9159
5331,5330,9159,9366
5099,5331,9159,9160
5220,5331,9160,9365
5099,5220,9160,9161
4131,4931,9162,9163
4131,4929,9163,9164
4131,4930,9164,9165
5229,4930,9165,9794
4131,5229,9165,9166
4131,5230,9166,9167
4131,5228,9167,9168
5332,5228,9168,10450
4131,5332,9168,9169
5333,5332,9169,10290
4131,5333,9169,9170
5334,5333,9170,10845
4131,5334,9170,9171
5335,5334,9171,10848
4131,5335,9171,9172
5336,5335,9172,10562
4131,5336,9172,9173
5337,5336,9173,10562
4131,5337,9173,9174
5338,5337,9174,10561
4131,5338,9174,9175
5339,5338,9175,10065
4131,5339,9175,9176
5340,5339,9176,10065
4131,5340,9176,9177
5341,5340,9177,10070
4131,5341,9177,9178
3847,5341,9178,10064
4131,3847,9178,9179
4131,3846,9179,9180
5342,5343,9181,-3446
5343,5344,9181,-3446
5344,5342,9181,9182
5345,5342,9182,-3446
5344,5345,9182,9186
5346,5347,9183,-3446
5347,5345,9183,-3446
5345,5346,9183,9184
5348,5346,9184,-3446
5345,5348,9184,9185
5349,5348,9185,-3446
5345,5349,9185,9186
5344,5349,9186,-3446
5350,5351,9187,13956
5351,5352,9187,13957
5352,5350,9187,9192
5043,5039,9188,9189
5353,5039,9189,9196,292
5043,5353,9189,9193
5038,5040,9190,13923,292
5040,5354,9190,13961
5354,5038,9190,9191
5352,5038,9191,13958
5354,5352,9191,9192
5354,5350,9192,9194
5260,5353,9193,9195
5354,5039,9194,13961
5039,5350,9194,9196
5260,5350,9195,13955
5350,5353,9195,9196
5355,5326,9197,13922,110
5326,5356,9197,13924
5356,5355,9197,9198
5357,5355,9198,13824
5356,5357,9198,9206
5358,5359,9199,13823
5359,5357,9199,13824
5357,5358,9199,9200
5360,5358,9200,13891
5357,5360,9200,9201
5294,5360,9201,10007
5357,5294,9201,9202
5357,5295,9202,9203
5357,5272,9203,9204
5361,5272,9204,-86
5357,5361,9204,9206
5356,5362,9205,13924
5362,5361,9205,13925
5361,5356,9205,9206
5363,5364,9207,9545
5364,5365,9207,9247
5365,5363,9207,9220
5366,5367,9208,9785
5367,5363,9208,9545
5363,5366,9208,9209
5368,5366,9209,9967
5363,5368,9209,9210
5369,5368,9210,9974
5363,5369,9210,9211
5370,5369,9211,9978
5363,5370,9211,9221
5371,5372,9212,13917
5372,5370,9212,13918,296
5370,5371,9212,9222
5373,5374,9213,9214,296
5374,5371,9213,13916
5371,5373,9213,9222
5375,5374,9214,13914
5373,5375,9214,9215
5276,5375,9215,13913
5373,5276,9215,9216
5373,5274,9216,9217
5373,4432,9217,9218
5373,4430,9218,9219
5365,4430,9219,9242
5373,5365,9219,9220
5373,5363,9220,9221
5373,5370,9221,9222
5263,5023,9223,9224
5263,5024,9224,9225
5263,5245,9225,9226
5263,5244,9226,9227
5376,5244,9227,9604
5263,5376,9227,9228
5377,5376,9228,9726
5263,5377,9228,9229
5378,5377,9229,9731
5263,5378,9229,9230
5379,5378,9230,9730
5263,5379,9230,9238
5380,5381,9231,9983
5381,5379,9231,9730
5379,5380,9231,9232
5382,5380,9232,9983
5379,5382,9232,9233
5383,5382,9233,9611
5379,5383,9233,9234
5384,5383,9234,9250
5379,5384,9234,9235
5385,5384,9235,9413
5379,5385,9235,9236
5386,5385,9236,9412
5379,5386,9236,9237
5265,5386,9237,9411
5379,5265,9237,9238
5387,5324,9239,9690
4734,5387,9239,9240
4737,5387,9240,9689
4734,4737,9240,9241
4431,5365,9242,9246
5388,5389,9243,9548
5389,5364,9243,9549
5364,5388,9243,9244
5390,5388,9244,9416
5364,5390,9244,9247
4999,5390,9245,9415
5390,4431,9245,9246
5390,5365,9246,9247
4989,5235,9248,9249
5384,5235,9249,9414
4989,5384,9249,9250
4989,5383,9250,9251
5391,5383,9251,9611
4989,5391,9251,9252
5392,5391,9252,9593
4989,5392,9252,9253
5296,5392,9253,9592
4989,5296,9253,9254
4989,4812,9254,9255
4895,5372,9256,13921
5372,5393,9256,13917,296
5393,4895,9256,9257
5393,4882,9257,9261
4882,5224,9258,9261
5275,5222,9259,13929
5224,5275,9259,9260
5393,5275,9260,13915,296
5224,5393,9260,9261
4892,5261,9262,9263
4892,5304,9263,9273
5394,5395,9264,10141
5395,5304,9264,9868
5304,5394,9264,9274
5396,5397,9265,10428
5397,5394,9265,10140
5394,5396,9265,9266
5398,5396,9266,10265
5394,5398,9266,9267
5399,5398,9267,10264
5394,5399,9267,9268
5400,5399,9268,-1877
5394,5400,9268,9269
5401,5400,9269,9917
5394,5401,9269,9274
4894,5402,9270,13920
5402,5401,9270,9918
5401,4894,9270,9271
5401,4891,9271,9272
5401,4892,9272,9273
5401,5304,9273,9274
551,5317,9275,9276
551,5319,9276,9277
5403,5319,9277,9497
551,5403,9277,9278
5404,5403,9278,9498
551,5404,9278,9291
872,5404,9279,9499
5404,871,9279,9280
5405,871,9280,10051
5404,5405,9280,9281
5406,5405,9281,10051
5404,5406,9281,9282
5407,5406,9282,10052
5404,5407,9282,9283
5408,5407,9283,10053
5404,5408,9283,9284
867,5408,9284,10053
5404,867,9284,9285
5404,868,9285,9286
1244,868,9286,10337
5404,1244,9286,9287
5404,1242,9287,9288
5409,1242,9288,13910,211
5404,5409,9288,9289
553,5409,9289,13912,211
5404,553,9289,9290
5404,550,9290,9291
1266,1268,9292,9334
5410,1270,9293,9654
1268,5410,9293,9335
5411,5412,9294,9743
5412,5410,9294,9658
5410,5411,9294,9295
5413,5411,9295,9743
5410,5413,9295,9345
5414,5415,9296,9821
5415,5413,9296,9751
5413,5414,9296,9297
5416,5414,9297,9606
5413,5416,9297,9298
5417,5416,9298,9605
5413,5417,9298,9352
5418,5419,9299,9748
5419,5420,9299,10144
5420,5418,9299,9300
5421,5418,9300,10169
5420,5421,9300,9301
5422,5421,9301,10178
5420,5422,9301,9302
5423,5422,9302,10170
5420,5423,9302,9336
5424,5425,9303,10531
5425,5423,9303,10170
5423,5424,9303,9304
5426,5424,9304,10706
5423,5426,9304,9305
5427,5426,9305,10821
5423,5427,9305,9337
5428,5429,9306,10712
5429,5430,9306,10820
5430,5428,9306,9307
5431,5428,9307,10863
5430,5431,9307,9308
5432,5431,9308,10862
5430,5432,9308,9309
5433,5432,9309,10862
5430,5433,9309,9346
5434,5435,9310,11324
5435,5436,9310,11096
5436,5434,9310,9311
5437,5434,9311,11325
5436,5437,9311,9312
5438,5437,9312,11326
5436,5438,9312,9313
5439,5438,9313,11314
5436,5439,9313,9314
5440,5439,9314,11314
5436,5440,9314,9338
5441,5442,9315,11377
5442,5440,9315,11315
5440,5441,9315,9316
5443,5441,9316,11292
5440,5443,9316,9317
5444,5443,9317,11140
5440,5444,9317,9339
5445,5446,9318,11084
5446,5447,9318,11146
5447,5445,9318,9319
5448,5445,9319,10887
5447,5448,9319,9320
5449,5448,9320,10886
5447,5449,9320,9321
5450,5449,9321,10885
5447,5450,9321,9341
5451,5452,9322,10890
5452,5453,9322,10891
5453,5451,9322,9323
5454,5451,9323,10767
5453,5454,9323,9324
5455,5454,9324,10746
5453,5455,9324,9347
5456,5457,9325,10744
5457,5455,9325,10745
5455,5456,9325,9348
5458,5459,9326,10765
5459,5456,9326,10744
5456,5458,9326,9343
728,5458,9327,10772
5458,729,9327,9328
5098,729,9328,9555
5458,5098,9328,9329
5458,1263,9329,9330
5458,1264,9330,9343
5460,1265,9331,9521
1264,5460,9331,9355
5461,5462,9332,9520
5462,5460,9332,9521
5460,5461,9332,9351
5463,5464,9333,9519
5464,5461,9333,9520
5461,5463,9333,9349
1266,5465,9334,9517
5465,1268,9334,9335
5465,5410,9335,9344
5420,5466,9336,10145
5466,5423,9336,9337
5466,5427,9337,9353
5436,5433,9338,13725
5433,5440,9338,9339
5433,5444,9339,9340
5447,5444,9340,11140
5433,5447,9340,9341
5433,5450,9341,9342
5453,5450,9342,10885
5433,5453,9342,9346
5456,1264,9343,9354
5465,5463,9344,9518
5463,5410,9344,9345
5463,5413,9345,9349
5430,5453,9346,9347
5430,5455,9347,9348
5430,5456,9348,9350
5461,5413,9349,9351
5430,5427,9350,10821
5427,5456,9350,9353
5460,5413,9351,9352
5460,5417,9352,9355
5466,5456,9353,9354
5466,1264,9354,9357
1264,5417,9355,9356
5467,5417,9356,9605
1264,5467,9356,9357
5466,5467,9357,9610
5468,5329,9358,9377
5330,5468,9358,9359
5469,5468,9359,9378
5330,5469,9359,9360
5470,5469,9360,9838
5330,5470,9360,9361
5471,5470,9361,9778
5330,5471,9361,9362
5472,5471,9362,9691
5330,5472,9362,9366
5219,5472,9363,9433
5472,5218,9363,9364
5472,5220,9364,9365
5472,5331,9365,9366
5473,5474,9367,11105
5474,5475,9367,11106
5475,5473,9367,9397
5476,5477,9368,10690
5477,5473,9368,10689
5473,5476,9368,9369
5478,5476,9369,10740
5473,5478,9369,9398
5479,5480,9370,10692
5480,5481,9370,10741
5481,5479,9370,9371
5482,5479,9371,10329
5481,5482,9371,9372
5483,5482,9372,10032
5481,5483,9372,9373
5484,5483,9373,9790
5481,5484,9373,9374
5001,5484,9374,9544
5481,5001,9374,9375
5481,4428,9375,9399
4428,5329,9376,9377
4428,5468,9377,9378
4428,5469,9378,9379
5485,5469,9379,9839
4428,5485,9379,9380
5486,5485,9380,9828
4428,5486,9380,9381
5487,5486,9381,9828
4428,5487,9381,9400
5488,5489,9382,9830
5489,5487,9382,9829
5487,5488,9382,9401
5490,5491,9383,10778
5491,5492,9383,9831
5492,5490,9383,9384
5493,5490,9384,11463
5492,5493,9384,9385
5494,5493,9385,11464
5492,5494,9385,9386
5495,5494,9386,11465
5492,5495,9386,9403
5496,5497,9387,10609
5497,5495,9387,11466
5495,5496,9387,9388
5498,5496,9388,12447
5495,5498,9388,9389
5499,5498,9389,11963
5495,5499,9389,9404
5500,5501,9390,11965
5501,5499,9390,11964
5499,5500,9390,9391
5502,5500,9391,11965
5499,5502,9391,9405
5503,5504,9392,11967
5504,5502,9392,11966
5502,5503,9392,9406
5505,5506,9393,11948
5506,5507,9393,11947
5507,5505,9393,9394
5508,5505,9394,13512
5507,5508,9394,9408
5509,5510,9395,9396,198
5510,5508,9395,13511
5508,5509,9395,9409
5475,5510,9396,11645
5509,5475,9396,9397
5509,5473,9397,9398
5509,5478,9398,9409
5481,5478,9399,10741
5478,4428,9399,9400
5478,5487,9400,9401
5478,5488,9401,9402
5492,5488,9402,9830
5478,5492,9402,9403
5478,5495,9403,9404
5478,5499,9404,9405
5478,5502,9405,9406
5478,5503,9406,9407
5507,5503,9407,11947
5478,5507,9407,9408
5478,5508,9408,9409
5235,5264,9410,9414
5264,5386,9411,9412
5264,5385,9412,9413
5264,5384,9413,9414
5000,5390,9415,9416
5000,5388,9416,9419
5511,5512,9417,9587
5512,5388,9417,9547
5388,5511,9417,9419
5000,5513,9418,9543
5513,5514,9418,9591
5514,5000,9418,9420
5000,5511,9419,9420
5514,5511,9420,9587
4917,4910,9421,9422
4917,5121,9422,9423
4906,5121,9423,9775
4917,4906,9423,9424
5209,5515,9425,13902
5515,4980,9425,9426
5515,4968,9426,9427
5515,4969,9427,9428
5515,4970,9428,9429
5515,4972,9429,9430
5515,5292,9430,9431
5516,5292,9431,10186
5515,5516,9431,9432
5517,5516,9432,13794
5515,5517,9432,13909,109
5217,5472,9433,9434
5518,5472,9434,9691
5217,5518,9434,9435
5519,5518,9435,9700
5217,5519,9435,9440
5520,5521,9436,9699
5521,5519,9436,9700
5519,5520,9436,9437
5522,5520,9437,9568
5519,5522,9437,9438
5215,5522,9438,13936
5519,5215,9438,9439
5519,5216,9439,9440
4759,5523,9441,9510
5523,4760,9441,9442
5523,4757,9442,9443
5523,4754,9443,9444
5523,4755,9444,13908,79
5524,5251,9445,9495
364,5524,9445,9446
5525,5524,9446,9494
364,5525,9446,9447
5526,5525,9447,9493
364,5526,9447,9474
4300,5526,9448,9493
5526,4299,9448,9449
5527,4299,9449,10307
5526,5527,9449,9450
5528,5527,9450,10306
5526,5528,9450,9475
5529,5530,9451,10883
5530,5528,9451,10305
5528,5529,9451,9452
5531,5529,9452,10882
5528,5531,9452,9486
5532,5533,9453,11478
5533,5534,9453,10880
5534,5532,9453,9454
5535,5532,9454,12184
5534,5535,9454,9476
5536,5537,9455,11479
5537,5535,9455,12185
5535,5536,9455,9477
1013,5538,9456,11480
5538,1014,9456,9457
5539,1014,9457,12082
5538,5539,9457,9479
5540,1012,9458,11063
1011,5540,9458,9459
5541,5540,9459,11062
1011,5541,9459,9481
5542,5543,9460,11070
5543,5544,9460,11071
5544,5542,9460,9461
5545,5542,9461,11389
5544,5545,9461,9462
5309,5545,9462,11388
5544,5309,9462,9463
5544,5307,9463,9464
5544,5308,9464,9465
5544,5306,9465,9466
5544,5305,9466,9467
5544,366,9467,9468
5544,367,9468,9469
5546,367,9469,9576
5544,5546,9469,9470
5547,5546,9470,9576
5544,5547,9470,9483
5548,5549,9471,9574
5549,5550,9471,9575
5550,5548,9471,9488
363,5551,9472,9570
5551,5552,9472,9571
5552,363,9472,9473
5552,364,9473,9474
5552,5526,9474,9475
5552,5528,9475,9485
5534,5531,9476,10881
5531,5535,9476,9477
5531,5536,9477,9478
5538,5536,9478,11479
5531,5538,9478,9479
5531,5539,9479,9480
1011,5539,9480,12082
5531,1011,9480,9481
5531,5541,9481,9482
5553,5541,9482,11062
5531,5553,9482,9487
5544,5553,9483,11071
5553,5547,9483,9484
5550,5547,9484,9575
5553,5550,9484,9487
5552,5554,9485,9572
5554,5528,9485,9486
5554,5531,9486,9489
5531,5550,9487,9488
5531,5548,9488,9489
5554,5548,9489,9573
5251,4302,9490,9491
5251,4301,9491,9492
5251,4300,9492,9495
4300,5525,9493,9494
4300,5524,9494,9495
5320,5319,9496,9497
5320,5403,9497,9498
5320,5404,9498,9499
5320,872,9499,9500
5320,873,9500,9501
5555,873,9501,9539
5320,5555,9501,9503
5316,5555,9502,9538
5555,5314,9502,9503
5247,5002,9504,13963
5002,5556,9504,13906,314
5556,5247,9504,9505
5556,5246,9505,9506
5556,5120,9506,9507
5556,5118,9507,9508
5557,5118,9508,9754
5556,5557,9508,9509
5558,5557,9509,9854
5556,5558,9509,13888
5559,5523,9510,13903,79
4759,5559,9510,9511
631,5559,9511,13905,79
4759,631,9511,9512
4759,1208,9512,9513
4759,1206,9513,9514
4759,1207,9514,9515
4762,1207,9515,14147
4759,4762,9515,9516
1265,5465,9517,9518
1265,5463,9518,9519
1265,5464,9519,9522
5464,5462,9520,9522
5462,1265,9521,9522
5560,5561,9523,9534
5561,1223,9523,-2789
1223,5560,9523,9524
5562,5560,9524,9533
1223,5562,9524,9525
1219,5562,9525,9532
1223,1219,9525,9526
5563,5564,9527,13951
5564,5561,9527,-2788
5561,5563,9527,9528
5565,5563,9528,13951
5561,5565,9528,9534
1218,5566,9529,9676
5566,5565,9529,9616
5565,1218,9529,9530
5565,1217,9530,9531
5565,1219,9531,9532
5565,5562,9532,9533
5565,5560,9533,9534
4283,4286,9535,9536
5311,5316,9537,9538
5311,5555,9538,9539
5311,873,9539,9542
873,4287,9540,9541
873,5312,9541,9542
5001,5513,9543,9544
5484,5513,9544,9591
5364,5367,9545,9549
5512,5567,9546,9588
5567,5568,9546,9783
5568,5512,9546,9547
5568,5388,9547,9548
5568,5389,9548,9550
5389,5367,9549,9550
5568,5367,9550,9784
4922,610,9551,9554
610,4923,9552,9553
610,4924,9553,9554
5097,729,9555,9556
5097,725,9556,9557
5097,1234,9557,14099
3904,1176,9558,9559
3904,1175,9559,9560
5569,1175,9560,-2662
3904,5569,9560,-2662
5570,5571,9561,-2789
5571,5572,9561,-2789
5572,5570,9561,9562
5573,5570,9562,-2789
5572,5573,9562,9563
5574,5573,9563,-2789
5572,5574,9563,9564
5575,5574,9564,-2789
5572,5575,9564,-2789
5576,5515,9565,13909
5515,5208,9565,13902,109
5208,5576,9565,9566
5577,5576,9566,10044
5208,5577,9566,9567
5520,5577,9567,9699
5208,5520,9567,9568
5208,5522,9568,9569
5578,5522,9569,13936
5208,5578,9569,13935
365,5551,9570,9571
365,5552,9571,9572
365,5554,9572,9573
365,5548,9573,9574
365,5549,9574,9578
5549,5547,9575,9578
5547,367,9576,9577
5547,365,9577,9578
1226,5579,9579,9670
5579,5580,9579,13900,22
5580,1226,9579,9580
5580,1152,9580,9585
1152,1150,9581,9582
1152,1147,9582,9585
1148,1146,9583,9584
5580,1146,9584,13901,22
1148,5580,9584,9586
5580,1147,9585,9586
5514,5512,9587,9588
5514,5567,9588,9589
5581,5567,9589,9783
5514,5581,9589,9590
5484,5581,9590,9790
5514,5484,9590,9591
5297,5392,9592,9593
5297,5391,9593,9594
5582,5391,9594,9615
5297,5582,9594,9595
5583,5582,9595,9919
5297,5583,9595,9596
5584,5583,9596,9869
5297,5584,9596,9597
5299,5584,9597,9632
5244,5242,9598,9604
5585,5240,9599,14065
5242,5585,9599,9600
837,5585,9600,14054
5242,837,9600,9601
5242,865,9601,9602
5586,865,9602,9727
5242,5586,9602,9603
5376,5586,9603,9726
5242,5376,9603,9604
5467,5416,9605,9606
5467,5414,9606,9607
5587,5414,9607,9827
5467,5587,9607,9608
5588,5587,9608,9826
5467,5588,9608,9609
5589,5588,9609,10146
5467,5589,9609,9610
5466,5589,9610,10146
5391,5382,9611,9612
5590,5382,9612,9992
5391,5590,9612,9613
5591,5590,9613,10071
5391,5591,9613,9614
5592,5591,9614,9958
5391,5592,9614,9615
5582,5592,9615,9919
5077,5565,9616,13952
5566,5077,9616,9617
5566,5075,9617,9620
5593,5594,9618,9674
5594,5595,9618,9956
5595,5593,9618,9619
5596,5593,9619,9675
5595,5596,9619,9621
5566,5596,9620,9675
5596,5075,9620,9621
5595,5075,9621,9952
5597,5556,9622,13887,314
5556,5005,9622,13906
5005,5597,9622,9630
5598,5599,9623,13797
5599,5597,9623,13887,314
5597,5598,9623,9624
5600,5598,9624,10376
5597,5600,9624,9625
5601,5600,9625,10230
5597,5601,9625,9626
5602,5601,9626,13894,110
5597,5602,9626,9627
5603,5602,9627,13893,110
5597,5603,9627,9628
5007,5603,9628,9703
5597,5007,9628,9629
5597,5006,9629,9630
5300,5299,9631,9632
5300,5584,9632,9633
5604,5584,9633,9869
5300,5604,9633,9635
5301,5604,9634,9864
5604,5302,9634,9635
5605,5606,9636,9741
5606,5607,9636,14066
5607,5605,9636,9640
5608,5609,9637,9740
5609,5605,9637,9741
5605,5608,9637,9638
5610,5608,9638,14058
5605,5610,9638,9639
5611,5610,9639,-9128
5605,5611,9639,9640
5607,5611,9640,-9128
594,4874,9641,9648
4874,4876,9642,9649
4876,4872,9643,9650
4872,4870,9644,9650
4870,4868,9645,9651
4868,593,9646,9647
4868,594,9647,9648
4868,4874,9648,9649
4868,4876,9649,9651
4876,4870,9650,9651
830,833,9652,9653
5612,1270,9654,9665
5410,5612,9654,9655
5613,5612,9655,9664
5410,5613,9655,9656
5614,5613,9656,9664
5410,5614,9656,9657
5615,5614,9657,9663
5410,5615,9657,9658
5412,5615,9658,9744
1269,1274,9659,9660
1269,1273,9660,9661
5616,1273,9661,9997
1269,5616,9661,9662
5617,5616,9662,9997
1269,5617,9662,9666
5615,5618,9663,9745
5618,5614,9663,9667
5614,5612,9664,9668
5612,1269,9665,9666
5612,5617,9666,9668
5618,5617,9667,9746
5617,5614,9667,9668
1228,5579,9669,13883,22
5579,1227,9669,9670
5619,5620,9671,10060
5620,5621,9671,10061
5621,5619,9671,9672
5622,5619,9672,10017
5621,5622,9672,9673
5594,5622,9673,9955
5621,5594,9673,9674
5621,5593,9674,9683
5593,5566,9675,9676
5593,1218,9676,9677
5593,1216,9677,9678
5593,1215,9678,9679
5593,1214,9679,9684
5623,1212,9680,13851,22
1214,5623,9680,9685
5624,5625,9681,10063
5625,5623,9681,13850,22
5623,5624,9681,9682
5626,5624,9682,10063
5623,5626,9682,9685
5621,5626,9683,10062
5626,5593,9683,9684
5626,1214,9684,9685
5324,5328,9686,9687
5627,5328,9687,10102
5324,5627,9687,9688
4736,5627,9688,10109
5324,4736,9688,9690
4736,5387,9689,9690
5518,5471,9691,9692
5628,5471,9692,9782
5518,5628,9692,9693
5629,5628,9693,9812
5518,5629,9693,9694
5630,5629,9694,9819
5518,5630,9694,9701
5631,5632,9695,9818
5632,5630,9695,9819
5630,5631,9695,9696
5633,5631,9696,10041
5630,5633,9696,9697
5634,5633,9697,10042
5630,5634,9697,9698
5577,5634,9698,10043
5630,5577,9698,9702
5577,5521,9699,9702
5521,5518,9700,9701
5521,5630,9701,9702
5008,5603,9703,9704
5635,5603,9704,13822,110
5008,5635,9704,9705
5355,5635,9705,13825,110
5008,5355,9705,9706
5325,5355,9706,13922
5008,5325,9706,9707
5636,5637,9708,-181
5637,5638,9708,-181
5638,5636,9708,9709
5639,5636,9709,-181
5638,5639,9709,9710
5640,5639,9710,-181
5638,5640,9710,9711
5641,5640,9711,-181
5638,5641,9711,-181
5642,1229,9712,13819,22
1211,5642,9712,9713
5643,5642,9713,9842
1211,5643,9713,9714
5644,5643,9714,9842
1211,5644,9714,9715
5645,5644,9715,13820,22
1211,5645,9715,9718
1213,5645,9716,13820,22
5645,1209,9716,9717
5645,1210,9717,9718
4290,4289,9719,9724
876,4289,9720,-677
4289,877,9720,9725
5646,879,9721,9800
877,5646,9721,9722
5647,5646,9722,9799
877,5647,9722,9725
4292,5647,9723,9798
5647,4290,9723,9724
5647,4289,9724,9725
5377,5586,9726,9727
5377,865,9727,9728
5377,863,9728,9729
5381,863,9729,9984
5377,5381,9729,9731
5381,5378,9730,9731
629,5606,9732,14061
5606,632,9732,9733
637,632,9733,10162
5606,637,9733,9742
637,838,9734,9735
637,835,9735,9736
637,836,9736,9737
5648,836,9737,14055
637,5648,9737,9738
5649,5648,9738,14056
637,5649,9738,9739
5608,5649,9739,14057
637,5608,9739,9740
637,5609,9740,9742
5609,5606,9741,9742
5413,5412,9743,9744
5413,5615,9744,9745
5413,5618,9745,9746
5413,5617,9746,9747
5650,5617,9747,9996
5413,5650,9747,9752
5418,5651,9748,10169
5651,5419,9748,9749
5652,5419,9749,10143
5651,5652,9749,9750
5653,5652,9750,9980
5651,5653,9750,9753
5415,5653,9751,9821
5653,5413,9751,9752
5653,5650,9752,9753
5651,5650,9753,10168
5119,5557,9754,9755
5654,5557,9755,9855
5119,5654,9755,9756
5655,5654,9756,9856
5119,5655,9756,9757
5656,5655,9757,10155
5119,5656,9757,9758
5657,5656,9758,10159
5119,5657,9758,9759
5658,5657,9759,10407
5119,5658,9759,9769
5659,5660,9760,10343
5660,5658,9760,10415
5658,5659,9760,9761
5201,5659,9761,10342
5658,5201,9761,9762
5658,5111,9762,9769
5110,5113,9763,9764
5661,5113,9764,9845
5110,5661,9764,9765
5662,5661,9765,9852
5110,5662,9765,9766
5663,5662,9766,9844
5110,5663,9766,9767
5664,5663,9767,9844
5110,5664,9767,9768
5119,5664,9768,9843
5110,5119,9768,9770
5119,5111,9769,9770
5665,5666,9771,10226
5666,5667,9771,10371
5667,5665,9771,9777
5668,5669,9772,9912
5669,5665,9772,10226
5665,5668,9772,9773
5122,5668,9773,9913
5665,5122,9773,9774
5665,5121,9774,9775
5665,4906,9775,9776
5665,4907,9776,9777
5667,4907,9777,13813,78
5670,5470,9778,9838
5471,5670,9778,9779
5671,5670,9779,9841
5471,5671,9779,9780
5672,5671,9780,9837
5471,5672,9780,9781
5673,5672,9781,10023
5471,5673,9781,9782
5628,5673,9782,9812
5581,5568,9783,9784
5581,5367,9784,9785
5581,5366,9785,9786
5674,5366,9786,9967
5581,5674,9786,9787
5675,5674,9787,9973
5581,5675,9787,9788
5676,5675,9788,10029
5581,5676,9788,9789
5483,5676,9789,10029
5581,5483,9789,9790
4926,608,9791,9792
4926,5232,9792,9797
5232,5229,9793,9794
5232,4930,9794,9797
4930,4928,9795,9796
4930,4926,9796,9797
4291,5647,9798,9799
4291,5646,9799,9804
5646,878,9800,9805
878,4296,9801,9805
4296,4294,9802,9803
4296,4291,9803,9804
4296,5646,9804,9805
5677,5678,9806,-43746
5678,5679,9806,13886
5679,5677,9806,9810
1201,5680,9807,13815
5680,5677,9807,-43746
5677,1201,9807,9811
5681,1202,9808,13897
1201,5681,9808,9809
5682,5681,9809,13879
1201,5682,9809,9811
5679,5682,9810,13879
5682,5677,9810,9811
5629,5673,9812,9813
5683,5673,9813,10023
5629,5683,9813,9814
5684,5683,9814,10028
5629,5684,9814,9815
5685,5684,9815,10028
5629,5685,9815,9816
5686,5685,9816,10314
5629,5686,9816,9817
5687,5686,9817,13776
5629,5687,9817,9820
5631,5687,9818,10040
5687,5632,9818,9820
5632,5629,9819,9820
5414,5653,9821,9822
5688,5653,9822,9980
5414,5688,9822,9823
5689,5688,9823,9982
5414,5689,9823,9827
5690,5691,9824,10148
5691,5689,9824,9982
5689,5690,9824,9825
5588,5690,9825,10147
5689,5588,9825,9826
5689,5587,9826,9827
5485,5487,9828,9829
5485,5489,9829,9840
5489,5492,9830,9831
5489,5491,9831,9832
5692,5491,9832,10777
5489,5692,9832,9833
5693,5692,9833,10776
5489,5693,9833,9834
5694,5693,9834,10353
5489,5694,9834,9835
5695,5694,9835,10352
5489,5695,9835,9836
5672,5695,9836,10024
5489,5672,9836,9837
5489,5671,9837,9840
5670,5469,9838,9839
5670,5485,9839,9841
5485,5671,9840,9841
5644,5642,9842,13809,22
5117,5664,9843,9850
5664,5662,9844,9851
5661,5112,9845,9846
5661,5202,9846,9847
5661,5206,9847,9848
5661,5116,9848,9849
5661,5115,9849,9852
5114,5664,9850,9851
5114,5662,9851,9853
5662,5115,9852,9853
5558,5599,9854,13888
5599,5557,9854,9855
5599,5654,9855,9863
5696,5655,9856,-8279
5654,5696,9856,9863
5697,5698,9857,13758
5698,5696,9857,-8279
5696,5697,9857,9858
5699,5697,9858,13757
5696,5699,9858,9859
5700,5699,9859,13756
5696,5700,9859,9860
5701,5700,9860,13755
5696,5701,9860,9861
5702,5701,9861,13798,314
5696,5702,9861,9862
5599,5702,9862,13798,314
5696,5599,9862,9863
5303,5604,9864,9865
5703,5604,9865,9875
5303,5703,9865,9866
5704,5703,9866,10137
5303,5704,9866,9867
5395,5704,9867,10142
5303,5395,9867,9868
5604,5583,9869,9870
5705,5583,9870,9923
5604,5705,9870,9871
5706,5705,9871,9922
5604,5706,9871,9872
5707,5706,9872,9921
5604,5707,9872,9873
5708,5707,9873,10046
5604,5708,9873,9874
5709,5708,9874,10050
5604,5709,9874,9875
5703,5709,9875,10137
4793,3855,9876,9882
5710,3854,9877,10583
3853,5710,9877,9878
5711,5710,9878,10582
3853,5711,9878,9884
5712,5713,9879,10831
5713,5711,9879,10581
5711,5712,9879,9884
4797,5714,9880,10830
5714,5712,9880,10831
5712,4797,9880,9881
5712,4794,9881,9885
4795,3855,9882,9883
4795,3853,9883,9886
3853,5712,9884,9885
3853,4794,9885,9886
1195,1197,9887,9888
1193,1197,9888,10088
1195,1193,9888,9889
5076,5074,9890,9891
5076,5071,9891,9892
5076,5072,9892,9893
5076,5070,9893,9894
5076,5069,9894,9895
5076,5068,9895,9896
5076,5065,9896,9897
5715,5065,9897,10484
5076,5715,9897,9898
5716,5715,9898,10493
5076,5716,9898,9899
5717,5716,9899,10483
5076,5717,9899,9900
5718,5717,9900,10483
5076,5718,9900,9907
5719,5720,9901,10482
5720,5718,9901,10500
5718,5719,9901,9902
5721,5719,9902,10211
5718,5721,9902,9903
5722,5721,9903,10210
5718,5722,9903,9904
5723,5722,9904,10209
5718,5723,9904,9905
5724,5723,9905,10015
5718,5724,9905,9906
5725,5724,9906,10021
5718,5725,9906,9907
5076,5725,9907,9953
5122,5125,9908,9909
5122,5124,9909,9913
5128,5726,9910,-1624
5726,5124,9910,-1624
5124,5128,9910,9911
5669,5128,9911,10220
5124,5669,9911,9912
5124,5668,9912,9913
5727,5728,9914,13795
5728,5402,9914,13919
5402,5727,9914,9915
5729,5727,9915,9916,296
5402,5729,9915,9918
5400,5727,9916,9976
5729,5400,9916,9917
5729,5401,9917,9918
5583,5592,9919,9923
5730,5731,9920,10047
5731,5592,9920,9962
5592,5730,9920,9924
5707,5730,9921,10046
5730,5706,9921,9922
5730,5705,9922,9924
5705,5592,9923,9924
786,5290,9925,9940
5290,5287,9926,9944
5288,5285,9927,9928
5288,5284,9928,9929
5732,5284,9929,11393
5288,5732,9929,9930
5733,5732,9930,11203
5288,5733,9930,9931
5734,5733,9931,11203
5288,5734,9931,9932
5735,5734,9932,11202
5288,5735,9932,9933
5736,5735,9933,11202
5288,5736,9933,9934
5737,5736,9934,11200
5288,5737,9934,9935
792,5737,9935,11188
5288,792,9935,9936
5288,793,9936,9937
5738,793,9937,10681
5288,5738,9937,9938
789,5738,9938,10681
5288,789,9938,9941
785,5739,9939,10308
5739,786,9939,9940
5739,5290,9940,9943
5287,789,9941,9942
5740,789,9942,10310
5287,5740,9942,9944
5739,5740,9943,10309
5740,5290,9943,9944
5741,1278,9945,14191
1279,5741,9945,9946
5742,5741,9946,10033
1279,5742,9946,9947
5743,5742,9947,10039
1279,5743,9947,9951
5744,5745,9948,10096
5745,5743,9948,10039
5743,5744,9948,9949
5746,5744,9949,10004
5743,5746,9949,9951
1276,5746,9950,10005
5746,1279,9950,9951
5595,5076,9952,9953
5595,5725,9953,9957
5747,5748,9954,10016
5748,5725,9954,10022
5725,5747,9954,9957
5622,5747,9955,10016
5747,5594,9955,9956
5747,5595,9956,9957
5749,5591,9958,10078
5592,5749,9958,9959
5750,5749,9959,10077
5592,5750,9959,9960
5751,5750,9960,10475
5592,5751,9960,9961
5752,5751,9961,10474
5592,5752,9961,9962
5731,5752,9962,10048
5753,5754,9963,13810
5754,5755,9963,13989
5755,5753,9963,9964
5756,5753,9964,13986
5755,5756,9964,9966
5757,5758,9965,13988
5758,5756,9965,13987
5756,5757,9965,9966
5755,5757,9966,13988
5674,5368,9967,9968
5759,5368,9968,9974
5674,5759,9968,9969
5760,5759,9969,10269
5674,5760,9969,9970
5761,5760,9970,10321
5674,5761,9970,9971
5762,5761,9971,10330
5674,5762,9971,9972
5763,5762,9972,10031
5674,5763,9972,9973
5675,5763,9973,10030
5369,5759,9974,9975
5764,5759,9975,-8278
5369,5764,9975,9979
5400,5764,9976,-8279
5764,5727,9976,9977
5765,5727,9977,13796,296
5764,5765,9977,9979
5370,5765,9978,13796,296
5765,5369,9978,9979
5688,5652,9980,9981
5691,5652,9981,10143
5688,5691,9981,9982
5382,5381,9983,9984
5382,863,9984,9985
5382,864,9985,9986
5766,864,9986,10207
5382,5766,9986,9987
5767,5766,9987,10356
5382,5767,9987,9988
5768,5767,9988,10364
5382,5768,9988,9989
5769,5768,9989,10363
5382,5769,9989,9990
5770,5769,9990,10751
5382,5770,9990,9991
5771,5770,9991,10750
5382,5771,9991,9992
5590,5771,9992,10071
5772,1272,9993,9998
1273,5772,9993,9994
5773,5772,9994,10089
1273,5773,9994,9995
5650,5773,9995,10167
1273,5650,9995,9996
1273,5617,9996,9997
1275,5772,9998,9999
5774,5772,9999,10094
1275,5774,9999,10000
5775,5774,10000,10093
1275,5775,10000,10001
5776,5775,10001,10002,49
1275,5776,10001,10006
5777,5775,10002,13792
5776,5777,10002,10003
5744,5777,10003,10097
5776,5744,10003,10004
5776,5746,10004,10005
5776,1276,10005,10006
5360,5293,10007,10008
5778,5293,10008,10384
5360,5778,10008,10010
5779,5780,10009,13889
5780,5778,10009,10255
5778,5779,10009,10010
5360,5779,10010,13890
5781,5782,10011,13848
5782,5783,10011,13793
5783,5781,10011,10012
5784,5781,10012,10276
5783,5784,10012,10013
5785,5784,10013,10219
5783,5785,10013,10014
5723,5785,10014,10209
5783,5723,10014,10015
5783,5724,10015,10020
5748,5622,10016,10017
5748,5619,10017,10018
5783,5619,10018,10059
5748,5783,10018,10019
5786,5783,10019,10020,22
5748,5786,10019,10022
5786,5724,10020,10021
5786,5725,10021,10022
5683,5672,10023,10024
5683,5695,10024,10025
5787,5695,10025,10351
5683,5787,10025,10026
5788,5787,10026,10351
5683,5788,10026,10027
5685,5788,10027,10314
5683,5685,10027,10028
5483,5675,10029,10030
5483,5763,10030,10031
5483,5762,10031,10032
5482,5762,10032,10330
5789,5741,10033,14191
5742,5789,10033,10034
5790,5789,10034,10183
5742,5790,10034,10035
5791,5790,10035,13785
5742,5791,10035,10036
5792,5791,10036,10095
5742,5792,10036,10037
5793,5792,10037,10101
5742,5793,10037,10038
5745,5793,10038,10096
5742,5745,10038,10039
5687,5794,10040,13777
5794,5631,10040,10041
5794,5633,10041,10042
5794,5634,10042,10043
5794,5577,10043,10044
5794,5576,10044,10045
5517,5576,10045,13909
5794,5517,10045,13794,109
5708,5730,10046,10047
5708,5731,10047,10048
5708,5752,10048,10049
5795,5752,10049,10474
5708,5795,10049,10050
5709,5795,10050,10138
871,5406,10051,10052
871,5407,10052,10055
5407,867,10053,10054
5407,870,10054,10055
765,763,10056,10057
765,762,10057,10058
5783,5625,10059,13793,22
5625,5619,10059,10060
5625,5620,10060,10061
5625,5621,10061,10062
5625,5626,10062,10063
3848,5341,10064,10069
5340,5338,10065,10066
3850,5338,10066,10560
5340,3850,10066,10067
5340,3851,10067,10068
5340,3849,10068,10070
3849,5341,10069,10070
5591,5771,10071,10072
5796,5771,10072,10749
5591,5796,10072,10073
5797,5796,10073,10444
5591,5797,10073,10074
5798,5797,10074,10447
5591,5798,10074,10078
5799,5800,10075,10640
5800,5801,10075,10634
5801,5799,10075,10076
5750,5799,10076,10475
5801,5750,10076,10077
5801,5749,10077,10079
5749,5798,10078,10079
5801,5798,10079,10445
1197,1200,10080,10081
5802,1200,10081,10125
1197,5802,10081,10082
5803,5802,10082,10135
1197,5803,10082,10083
5804,5803,10083,10114
1197,5804,10083,10084
5805,5804,10084,10184
1197,5805,10084,10085
5806,5805,10085,10184
1197,5806,10085,10086
5807,5806,10086,10113
1197,5807,10086,10087
1192,5807,10087,10112
1197,1192,10087,10088
5808,5773,10089,10166
5772,5808,10089,10094
5809,5810,10090,10165
5810,5808,10090,10166
5808,5809,10090,10091
5811,5809,10091,13790
5808,5811,10091,10092
5775,5811,10092,13792,49
5808,5775,10092,10093
5808,5774,10093,10094
5791,5812,10095,13786
5812,5792,10095,10100
5793,5744,10096,10097
5793,5777,10097,10098
5811,5777,10098,13792
5793,5811,10098,10099
5813,5811,10099,13789,49
5793,5813,10099,10101
5812,5813,10100,13789,49
5813,5792,10100,10101
5627,5327,10102,10103
5814,5327,10103,10153
5627,5814,10103,10104
5815,5814,10104,10152
5627,5815,10104,10105
5816,5815,10105,10151
5627,5816,10105,10106
5817,5816,10106,10723
5627,5817,10106,10107
4739,5817,10107,10722
5627,4739,10107,10108
5627,4738,10108,10109
1189,5818,10110,14194
5818,1190,10110,10111
5818,1191,10111,10121
1191,5807,10112,10122
5819,5806,10113,10185
5807,5819,10113,10123
5820,5803,10114,10135
5804,5820,10114,10115
5821,5820,10115,10134
5804,5821,10115,10116
5822,5821,10116,10133
5804,5822,10116,10124
5823,5824,10117,10131
5824,5822,10117,10132
5822,5823,10117,10118
5825,5823,10118,13782
5822,5825,10118,10119
5826,5825,10119,10180
5822,5826,10119,10120
5818,5826,10120,14193
5822,5818,10120,10121
5822,1191,10121,10122
5822,5807,10122,10123
5822,5819,10123,10124
5804,5819,10124,10185
5827,1200,10125,13801
5802,5827,10125,10126
901,5827,10126,10198
5802,901,10126,10127
5802,900,10127,10128
5802,894,10128,10129
5802,893,10129,10136
5823,5828,10130,13781
5828,893,10130,10455
893,5823,10130,10131
893,5824,10131,10132
893,5822,10132,10133
893,5821,10133,10134
893,5820,10134,10136
5820,5802,10135,10136
5704,5709,10137,10138
5704,5795,10138,10142
5397,5829,10139,10479
5829,5795,10139,10480
5795,5397,10139,10140
5795,5394,10140,10141
5795,5395,10141,10142
5691,5419,10143,10144
5691,5420,10144,10145
5691,5466,10145,10148
5466,5588,10146,10147
5466,5690,10147,10148
5830,5163,10149,-1624
5327,5830,10149,10153
5164,5830,10150,-1624
5830,5165,10150,10154
5816,5165,10151,10724
5165,5815,10151,10152
5165,5814,10152,10154
5814,5830,10153,10154
5831,5655,10155,-1622
5656,5831,10155,10156
5698,5831,10156,-1622
5656,5698,10156,10157
5832,5698,10157,10551
5656,5832,10157,10158
5833,5832,10158,10408
5656,5833,10158,10159
5657,5833,10159,10407
632,635,10160,10161
632,634,10161,10162
5834,5812,10163,13791
5812,5835,10163,13787,49
5835,5834,10163,10164
5809,5834,10164,13791
5835,5809,10164,10165
5835,5810,10165,10176
5810,5773,10166,10167
5810,5650,10167,10168
5810,5651,10168,10177
5651,5421,10169,10177
5422,5425,10170,10171
5836,5425,10171,10531
5422,5836,10171,10172
5837,5836,10172,10527
5422,5837,10172,10179
5838,5839,10173,10537
5839,5837,10173,10527
5837,5838,10173,10174
5840,5838,10174,10536
5837,5840,10174,10175
5835,5840,10175,13788,49
5837,5835,10175,10176
5837,5810,10176,10179
5810,5421,10177,10178
5810,5422,10178,10179
5826,5789,10180,14192
5789,5825,10180,10181
5841,5825,10181,13783
5789,5841,10181,10182
5842,5841,10182,13784
5789,5842,10182,10183
5790,5842,10183,13785
5806,5804,10184,10185
5516,5794,10186,13794
5794,5292,10186,10187
5794,5291,10187,10188
5843,5291,10188,10382
5794,5843,10188,10191
5844,5845,10189,10380
5845,5843,10189,10683
5843,5844,10189,10190
5846,5844,10190,13771,109
5843,5846,10190,10191
5794,5846,10191,13771,109
5847,5848,10192,13827
5848,5849,10192,13805
5849,5847,10192,10193
5850,5847,10193,13828
5849,5850,10193,10194
5851,5850,10194,13829
5849,5851,10194,10195
5852,5851,10195,13829
5849,5852,10195,10196
5853,5852,10196,13830
5849,5853,10196,10200
902,5854,10197,13832
5854,5853,10197,13831
5853,902,10197,10201
5855,5827,10198,13802
901,5855,10198,10202
5849,5856,10199,13804
5856,5855,10199,13803
5855,5849,10199,10200
5855,5853,10200,10201
5855,902,10201,10202
864,861,10203,10208
861,866,10204,10208
5857,858,10205,10357
866,5857,10205,10206
5766,5857,10206,10356
866,5766,10206,10207
866,864,10207,10208
5785,5722,10209,10210
5785,5721,10210,10211
5785,5719,10211,10212
5858,5719,10212,10482
5785,5858,10212,10213
5859,5858,10213,10492
5785,5859,10213,10219
5860,5861,10214,10676
5861,5859,10214,10492
5859,5860,10214,10215
5862,5860,10215,10667
5859,5862,10215,10216
5863,5862,10216,10599
5859,5863,10216,10217
5864,5863,10217,10418
5859,5864,10217,10218
5784,5864,10218,10276
5859,5784,10218,10219
5669,5127,10220,10221
5865,5127,10221,10398
5669,5865,10221,10222
5866,5865,10222,10403
5669,5866,10222,10223
5867,5866,10223,10406
5669,5867,10223,10224
5868,5867,10224,10402
5669,5868,10224,10225
5666,5868,10225,10371
5669,5666,10225,10226
5869,5601,10227,10229,110
5601,5870,10227,13894
5870,5869,10227,10257
5871,5872,10228,10259,110
5872,5869,10228,10229,110
5869,5871,10228,10258
5872,5601,10229,10230
5872,5600,10230,10231
5873,5600,10231,10375
5872,5873,10231,10232
5874,5873,10232,10374
5872,5874,10232,10233
5875,5874,10233,10373
5872,5875,10233,10234
5876,5875,10234,10543
5872,5876,10234,10259
5877,5878,10235,13750,314
5878,5876,10235,10543
5876,5877,10235,10236
5104,5877,10236,13765,314
5876,5104,10236,10237
5876,5199,10237,10238
5876,5198,10238,10239
5876,5196,10239,10240
5876,5197,10240,10260
5197,5195,10241,10261
5195,5192,10242,10243
5879,5192,10243,12242
5195,5879,10243,10244
5880,5879,10244,12125
5195,5880,10244,10245
5881,5880,10245,12125
5195,5881,10245,10246
5882,5881,10246,10620
5195,5882,10246,10247
5883,5882,10247,11366
5195,5883,10247,10248
5884,5883,10248,11444
5195,5884,10248,10249
5885,5884,10249,11445
5195,5885,10249,10262
5886,5887,10250,11369
5887,5885,10250,11440
5885,5886,10250,10251
5888,5886,10251,11370
5885,5888,10251,10263
5889,5890,10252,11165
5890,5888,10252,11360
5888,5889,10252,10253
5891,5889,10253,10386
5888,5891,10253,10254
5778,5891,10254,10385
5888,5778,10254,10255
5888,5780,10255,10256
5870,5780,10256,13889
5888,5870,10256,10257
5888,5869,10257,10258
5888,5871,10258,10263
5871,5876,10259,10260
5871,5197,10260,10261
5871,5195,10261,10262
5871,5885,10262,10263
5399,5759,10264,-1877
5759,5398,10264,10265
5759,5396,10265,10269
5892,5893,10266,10502
5893,5396,10266,10428
5396,5892,10266,10267
5894,5892,10267,10501
5396,5894,10267,10268
5760,5894,10268,10321
5396,5760,10268,10269
5895,4857,10270,10302
4859,5895,10270,10271
5896,5895,10271,10301
4859,5896,10271,10275
5897,5898,10272,10334
5898,5896,10272,10655
5896,5897,10272,10273
5899,5897,10273,10333
5896,5899,10273,10274
5900,5899,10274,10332
5896,5900,10274,10275
4859,5900,10275,10331
5781,5864,10276,10277
5901,5864,10277,10418
5781,5901,10277,10278
5902,5901,10278,10422
5781,5902,10278,13847
5226,4865,10279,10280
5226,4863,10280,10281
5903,4863,10281,10705
5226,5903,10281,10282
5904,5903,10282,11264
5226,5904,10282,10283
5905,5904,10283,11281
5226,5905,10283,10294
5906,5907,10284,11280
5907,5905,10284,11281
5905,5906,10284,10285
5908,5906,10285,11279
5905,5908,10285,10286
5909,5908,10286,11114
5905,5909,10286,10287
5910,5909,10287,10846
5905,5910,10287,10288
5911,5910,10288,10846
5905,5911,10288,10289
5333,5911,10289,10845
5905,5333,10289,10290
5905,5332,10290,10291
5912,5332,10291,10449
5905,5912,10291,10292
5913,5912,10292,10449
5905,5913,10292,10293
5227,5913,10293,10448
5905,5227,10293,10294
4857,824,10295,10296
4857,822,10296,10297
4857,823,10297,10302
823,820,10298,10299
823,818,10299,10300
5896,818,10300,10656
823,5896,10300,10301
823,5895,10301,10302
4298,884,10303,10304
5530,884,10304,10876
4298,5530,10304,10305
4298,5528,10305,10306
4298,5527,10306,10307
784,5739,10308,10309
784,5740,10309,10313
5740,790,10310,10311
5740,787,10311,10312
5740,788,10312,10313
5686,5788,10314,10315
5914,5788,10315,10355
5686,5914,10315,10316
5915,5914,10316,10355
5686,5915,10316,10320
5916,5917,10317,10605
5917,5915,10317,10780
5915,5916,10317,10318
5918,5916,10318,10604
5915,5918,10318,10319
5919,5918,10319,10555
5915,5919,10319,10320
5686,5919,10320,13775
5761,5894,10321,10322
5920,5894,10322,10501
5761,5920,10322,10323
5921,5920,10323,10510
5761,5921,10323,10324
5922,5921,10324,10715
5761,5922,10324,10325
5923,5922,10325,10721
5761,5923,10325,10326
5924,5923,10326,10720
5761,5924,10326,10327
5925,5924,10327,10686
5761,5925,10327,10328
5479,5925,10328,10686
5761,5479,10328,10329
5761,5482,10329,10330
4858,5900,10331,10332
4858,5899,10332,10333
4858,5897,10333,10336
4861,5898,10334,10655
5897,4861,10334,10335
5897,4862,10335,10336
1245,868,10337,10338
1245,869,10338,10339
5926,869,10339,13747,211
1245,5926,10339,10340
5927,5926,10340,13746,211
1245,5927,10340,10341
5928,5927,10341,13745,211
1245,5928,10341,13708
5205,5659,10342,10343
5205,5660,10343,10344
5929,5660,10344,10414
5205,5929,10344,10349
5930,5931,10345,11057
5931,5929,10345,10413
5929,5930,10345,10349
5932,5933,10346,11060
5933,5930,10346,11061
5930,5932,10346,10350
5108,5934,10347,-1624
5934,5932,10347,11059
5932,5108,10347,10348
5932,5205,10348,10350
5205,5930,10349,10350
5788,5695,10351,10352
5788,5694,10352,10353
5788,5693,10353,10354
5915,5693,10354,10776
5788,5915,10354,10355
5767,5857,10356,10365
5857,859,10357,10358
5935,859,10358,10641
5857,5935,10358,10359
5936,5935,10359,10641
5857,5936,10359,10365
5937,5938,10360,10644
5938,5936,10360,10645
5936,5937,10360,10366
856,5937,10361,10644
5937,854,10361,10367
5769,5939,10362,10752
5939,854,10362,10753
854,5769,10362,10363
854,5768,10363,10364
854,5767,10364,10367
5767,5936,10365,10366
5767,5937,10366,10367
5137,5667,10368,13739,78
5667,5133,10368,10369
5667,5134,10369,10370
5868,5134,10370,10402
5667,5868,10370,10371
5940,5941,10372,10544
5941,5942,10372,10545
5942,5940,10372,10379
5875,5940,10373,10544
5940,5874,10373,10374
5940,5873,10374,10375
5940,5600,10375,10376
5940,5598,10376,10377
5943,5598,10377,13749
5940,5943,10377,10378
5944,5943,10378,13737,314
5940,5944,10378,10379
5942,5944,10379,13737,314
5945,5845,10380,10683
5844,5945,10380,10395
5843,5946,10381,10685
5946,5947,10381,10684
5947,5843,10381,10382
5947,5291,10382,10383
5947,5293,10383,10384
5947,5778,10384,10385
5947,5891,10385,10386
5947,5889,10386,10387
5948,5889,10387,11165
5947,5948,10387,10388
5949,5948,10388,11362
5947,5949,10388,10396
5950,5951,10389,10629
5951,5949,10389,11363
5949,5950,10389,10390
5952,5950,10390,10630
5949,5952,10390,10391
5953,5952,10391,10624
5949,5953,10391,10392
5954,5953,10392,10912
5949,5954,10392,10393
5955,5954,10393,10912
5949,5955,10393,10394
5956,5955,10394,10911
5949,5956,10394,10397
5844,5956,10395,13734,109
5956,5945,10395,10397
5947,5945,10396,10684
5945,5949,10396,10397
5865,5129,10398,10403
5129,5131,10399,10404
5131,5135,10400,10401
5131,5134,10401,10405
5134,5867,10402,10405
5866,5129,10403,10404
5866,5131,10404,10406
5131,5867,10405,10406
5658,5833,10407,10416
5957,5832,10408,10554
5833,5957,10408,10409
5958,5957,10409,10867
5833,5958,10409,10416
5959,5960,10410,13760
5960,5961,10410,10869
5961,5959,10410,10411
5962,5959,10411,11126
5961,5962,10411,10412
5931,5962,10412,11057
5961,5931,10412,10413
5961,5929,10413,10414
5961,5660,10414,10415
5961,5658,10415,10417
5658,5958,10416,10417
5961,5958,10417,10869
5901,5863,10418,10419
5963,5863,10419,10600
5901,5963,10419,10420
5964,5963,10420,10548
5901,5964,10420,10421
5965,5964,10421,10547
5901,5965,10421,10422
5902,5965,10422,13846
5966,5967,10423,-182
5967,5968,10423,-182
5968,5966,10423,10424
5969,5966,10424,-182
5968,5969,10424,10427
5970,5971,10425,-182
5971,5969,10425,-182
5969,5970,10425,10426
5972,5970,10426,-182
5969,5972,10426,10427
5968,5972,10427,-182
5893,5397,10428,10429
5973,5397,10429,10479
5893,5973,10429,10430
5974,5973,10430,10697
5893,5974,10430,10431
5975,5974,10431,10892
5893,5975,10431,10432
5976,5975,10432,10504
5893,5976,10432,10503
5977,5978,10433,10635
5978,5801,10433,10634
5801,5977,10433,10434
5979,5977,10434,10871
5801,5979,10434,10435
5980,5979,10435,10436,198
5801,5980,10435,10445
5981,5979,10436,13673
5980,5981,10436,10446
5982,5983,10437,13672
5983,5981,10437,13673
5981,5982,10437,10438
5984,5982,10438,13668
5981,5984,10438,10439
5985,5984,10439,11180
5981,5985,10439,10440
5986,5985,10440,11254
5981,5986,10440,10441
5987,5986,10441,11254
5981,5987,10441,10442
5988,5987,10442,10763
5981,5988,10442,10443
5796,5988,10443,10749
5981,5796,10443,10444
5981,5797,10444,10446
5798,5980,10445,10447
5980,5797,10446,10447
5228,5913,10448,10450
5913,5332,10449,10450
5989,5990,10451,13711
5990,5828,10451,13780
5828,5989,10451,10452
5991,5989,10452,13719,49
5828,5991,10452,10453
5992,5991,10453,13719,49
5828,5992,10453,10454
892,5992,10454,13729,49
5828,892,10454,10455
5993,5994,10456,13855
5994,5995,10456,13840
5995,5993,10456,10457
5996,5993,10457,13859
5995,5996,10457,10471
5997,5998,10458,13839
5998,5996,10458,13862
5996,5997,10458,10459
5999,5997,10459,13839
5996,5999,10459,10460
6000,5999,10460,13838
5996,6000,10460,10461
6001,6000,10461,13837
5996,6001,10461,10462
6002,6001,10462,13836
5996,6002,10462,10471
6003,6004,10463,13835
6004,6002,10463,13836
6002,6003,10463,10464
6005,6003,10464,13835
6002,6005,10464,10465
6006,6005,10465,13834
6002,6006,10465,10466
903,6006,10466,13833
6002,903,10466,10467
6002,899,10467,10472
899,897,10468,10473
6007,6008,10469,13841
6008,897,10469,13718,49
897,6007,10469,10470
5995,6007,10470,13840
897,5995,10470,10473
5995,6002,10471,10472
5995,899,10472,10473
5795,5751,10474,10480
5751,5799,10475,10476
6009,5799,10476,10639
5751,6009,10476,10477
6010,6009,10477,10693
5751,6010,10477,10478
5973,6010,10478,10693
5751,5973,10478,10481
5973,5829,10479,10481
5829,5751,10480,10481
5858,5720,10482,10497
5718,5716,10483,10498
5715,5066,10484,10493
5066,5087,10485,10486
5066,5062,10486,10487
5066,5063,10487,10494
5063,5060,10488,10489
5063,5061,10489,10495
5061,5058,10490,10491
6011,5058,10491,10675
5061,6011,10491,10499
5861,5858,10492,10496
5716,5066,10493,10494
5716,5063,10494,10495
5716,5061,10495,10498
5861,6011,10496,10675
6011,5858,10496,10497
6011,5720,10497,10499
5718,5061,10498,10500
5061,5720,10499,10500
5920,5892,10501,10502
5920,5893,10502,10503
5920,5976,10503,10504
5920,5975,10504,10505
6012,5975,10505,10892
5920,6012,10505,10510
6013,6014,10506,10897
6014,6012,10506,10898
6012,6013,10506,10507
6015,6013,10507,11000
6012,6015,10507,10508
6016,6015,10508,10716
6012,6016,10508,10509
5921,6016,10509,10715
6012,5921,10509,10510
6017,6018,10511,13635
6018,6019,10511,13714,337
6019,6017,10511,10512
742,6017,10512,13634
6019,742,10512,10513
6019,741,10513,10514
6019,744,10514,10526
744,747,10515,10516
744,746,10516,10517
744,745,10517,10518
744,748,10518,10519
744,750,10519,10520
6020,750,10520,10806
744,6020,10520,10521
6021,6020,10521,-2997
744,6021,10521,10522
6022,6021,10522,-2997
744,6022,10522,10523
6023,6022,10523,10809
744,6023,10523,10524
6024,6023,10524,11033
744,6024,10524,10525
6025,6024,10525,13716,337
744,6025,10525,10526
6019,6025,10526,13715,337
5836,5839,10527,10528
6026,5839,10528,10532
5836,6026,10528,10529
6027,6026,10529,10707
5836,6027,10529,10530
5424,6027,10530,10706
5836,5424,10530,10531
6028,6026,10532,10707
5839,6028,10532,10533
6029,6028,10533,10708
5839,6029,10533,10534
6030,6029,10534,13721
5839,6030,10534,10535
5989,6030,10535,13720
5839,5989,10535,10537
5840,5989,10536,13711,49
5989,5838,10536,10537
6031,6032,10538,13735
6032,6033,10538,13753
6033,6031,10538,10539
6034,6031,10539,13710
6033,6034,10539,10540
6035,6034,10540,13751
6033,6035,10540,10541
6036,6035,10541,13752
6033,6036,10541,10542
6037,6036,10542,13770
6033,6037,10542,13766
5878,5875,10543,10546
5875,5941,10544,10545
5875,5942,10545,10546
5878,5942,10546,13709,314
5965,6038,10547,13846
6038,5964,10547,10550
6039,5963,10548,10601
5964,6039,10548,10549
6040,6039,10549,10595
5964,6040,10549,10550
6038,6040,10550,13845
6041,5698,10551,13758
5832,6041,10551,10552
6042,6041,10552,-1623
5832,6042,10552,10553
6043,6042,10553,-1623
5832,6043,10553,10554
5957,6043,10554,10867
5919,6044,10555,13775
6044,5918,10555,10556
6045,5918,10556,10604
6044,6045,10556,10557
6046,6045,10557,10625
6044,6046,10557,10558
6047,6046,10558,10915
6044,6047,10558,10559
6048,6047,10559,13774
6044,6048,10559,13779
3852,5338,10560,10561
3852,5337,10561,10585
5337,5335,10562,10563
6049,5335,10563,11118
5337,6049,10563,10564
6050,6049,10564,11117
5337,6050,10564,10586
6051,6052,10565,11116
6052,6050,10565,11117
6050,6051,10565,10566
6053,6051,10566,11115
6050,6053,10566,10567
6054,6053,10567,11276
6050,6054,10567,10568
6055,6054,10568,11603
6050,6055,10568,10569
6056,6055,10569,11603
6050,6056,10569,10570
6057,6056,10570,11614
6050,6057,10570,10571
6058,6057,10571,11613
6050,6058,10571,10572
6059,6058,10572,11612
6050,6059,10572,10573
6060,6059,10573,11611
6050,6060,10573,10574
6061,6060,10574,11610
6050,6061,10574,10586
6062,6063,10575,11609
6063,6061,10575,11610
6061,6062,10575,10587
6064,6065,10576,11608
6065,6062,10576,11609
6062,6064,10576,10577
6066,6064,10577,11607
6062,6066,10577,10587
1060,6066,10578,11606
6066,1058,10578,10579
6067,1058,10579,11673
6066,6067,10579,10580
5713,6067,10580,10832
6066,5713,10580,10581
6066,5711,10581,10582
6066,5710,10582,10583
6066,3854,10583,10584
6066,3852,10584,10585
6066,5337,10585,10588
5337,6061,10586,10588
6061,6066,10587,10588
6068,5928,10589,13744
5928,1241,10589,13708,211
1241,6068,10589,10590
6069,6068,10590,10666
1241,6069,10590,10591
6070,6069,10591,10662
1241,6070,10591,10594
756,6070,10592,10662
6070,757,10592,10593
6070,1233,10593,10594
6071,6040,10595,13844
6039,6071,10595,10602
6072,6073,10596,10775
6073,6074,10596,13680,49
6074,6072,10596,10597
6075,6072,10597,10774
6074,6075,10597,10603
5862,6076,10598,10667
6076,6075,10598,10773
6075,5862,10598,10599
6075,5863,10599,10600
6075,5963,10600,10601
6075,6039,10601,10602
6075,6071,10602,10603
6074,6071,10603,13843
6045,5916,10604,10605
6045,5917,10605,10606
6077,5917,10606,10780
6045,6077,10606,10607
6078,6077,10607,11462
6045,6078,10607,10608
6079,6078,10608,11467
6045,6079,10608,10626
5497,6079,10609,11467
6079,5496,10609,10610
6080,5496,10610,12447
6079,6080,10610,10611
6081,6080,10611,12450
6079,6081,10611,10612
6082,6081,10612,12313
6079,6082,10612,10613
6083,6082,10613,12235
6079,6083,10613,10614
6084,6083,10614,11576
6079,6084,10614,10615
6085,6084,10615,11575
6079,6085,10615,10616
6086,6085,10616,11574
6079,6086,10616,10617
6087,6086,10617,11573
6079,6087,10617,10627
6088,6089,10618,11582
6089,6090,10618,11572
6090,6088,10618,10633
5881,6091,10619,12119
6091,6092,10619,11580
6092,5881,10619,10620
6092,5882,10620,10621
6093,5882,10621,11366
6092,6093,10621,10622
6094,6093,10622,11365
6092,6094,10622,10623
5951,6094,10623,11364
6092,5951,10623,10628
6095,5953,10624,10913
5952,6095,10624,10631
6046,6095,10625,10914
6095,6045,10625,10626
6095,6079,10626,10627
6095,6087,10627,10631
6092,6088,10628,11581
6088,5951,10628,10629
6088,5950,10629,10630
6088,5952,10630,10633
5952,6087,10631,10632
6090,6087,10632,11572
5952,6090,10632,10633
5800,5978,10634,10640
6096,5977,10635,-935
5978,6096,10635,10636
6097,6096,10636,-9047
5978,6097,10636,10637
6098,6097,10637,10901
5978,6098,10637,10638
6009,6098,10638,10694
5978,6009,10638,10639
5978,5799,10639,10640
5936,859,10641,10642
5936,857,10642,10643
5936,856,10643,10645
856,5938,10644,10645
6099,6100,10646,-885
6100,6101,10646,-885
6101,6099,10646,10654
6102,6103,10647,-885
6103,6099,10647,-885
6099,6102,10647,10648
6104,6102,10648,-885
6099,6104,10648,10649
6105,6104,10649,-885
6099,6105,10649,10650
6106,6105,10650,-885
6099,6106,10650,10654
6107,6108,10651,-885
6108,6106,10651,-885
6106,6107,10651,10652
6109,6107,10652,-885
6106,6109,10652,10653
6101,6109,10653,-885
6106,6101,10653,10654
4861,5896,10655,10656
4861,818,10656,10657
4861,819,10657,10658
6110,819,10658,11003
4861,6110,10658,10659
6111,6110,10659,10699
4861,6111,10659,10660
4864,6111,10660,10698
4861,4864,10660,10661
6069,756,10662,10663
6069,755,10663,10664
6069,754,10664,10665
6112,754,10665,10789
6069,6112,10665,10666
6068,6112,10666,13743
5860,6076,10667,10668
6113,6076,10668,10773
5860,6113,10668,10669
6114,6113,10669,10670,49
5860,6114,10669,10677
6115,6113,10670,13679
6114,6115,10670,10677
6116,6117,10671,13699
6117,6118,10671,13678
6118,6116,10671,10672
6119,6116,10672,13698
6118,6119,10672,10678
5057,6120,10673,11428
6120,6119,10673,13697
6119,5057,10673,10674
6119,5058,10674,10678
5058,5861,10675,10676
5058,5860,10676,10679
5860,6115,10677,10679
6118,5058,10678,10680
5058,6115,10679,10680
6118,6115,10680,13679
789,793,10681,10682
5843,5945,10683,10685
5945,5946,10684,10685
5479,5924,10686,10687
6121,5924,10687,10719
5479,6121,10687,10688
5473,6121,10688,11104
5479,5473,10688,10689
5479,5477,10689,10690
5479,5476,10690,10691
6122,5476,10691,10739
5479,6122,10691,10692
5480,6122,10692,10739
5973,6009,10693,10694
5973,6098,10694,10695
6123,6098,10695,10902
5973,6123,10695,10696
6124,6123,10696,10894
5973,6124,10696,10697
5974,6124,10697,10893
4863,6111,10698,10699
4863,6110,10699,10700
813,6110,10700,11007
4863,813,10700,10701
4863,812,10701,10705
6125,811,10702,11286
812,6125,10702,10703
6126,6125,10703,11291
812,6126,10703,10704
5903,6126,10704,11264
812,5903,10704,10705
5426,6027,10706,10714
6027,6028,10707,10708
6027,6029,10708,10709
6127,6029,10709,13722
6027,6127,10709,10710
6128,6127,10710,13723
6027,6128,10710,10711
5428,6128,10711,10863
6027,5428,10711,10712
6027,5429,10712,10713
6129,5429,10713,10819
6027,6129,10713,10714
5426,6129,10714,10819
5922,6016,10715,10721
6130,6015,10716,11001
6016,6130,10716,10717
6131,6130,10717,10992
6016,6131,10717,10718
6121,6131,10718,11103
6016,6121,10718,10719
6016,5924,10719,10720
6016,5923,10720,10721
4740,5817,10722,10723
4740,5816,10723,10724
4740,5165,10724,10725
4740,5166,10725,10726
6132,5166,10726,11101
4740,6132,10726,10737
6133,6134,10727,11100
6134,6132,10727,11101
6132,6133,10727,10728
6135,6133,10728,11155
6132,6135,10728,10737
6136,6137,10729,11156
6137,6135,10729,11155
6135,6136,10729,10738
6138,6139,10730,12232
6139,6136,10730,11156
6136,6138,10730,10731
6140,6138,10731,12440
6136,6140,10731,10732
6141,6140,10732,12538
6136,6141,10732,10733
6142,6141,10733,12280
6136,6142,10733,10734
4741,6142,10734,11855
6136,4741,10734,10735
6136,4742,10735,10736
6136,4740,10736,10738
4740,6135,10737,10738
5480,5476,10739,10740
5480,5478,10740,10741
6143,6144,10742,-677
6144,6145,10742,-677
6145,6143,10742,10743
6146,6143,10743,-677
6145,6146,10743,-677
5459,5457,10744,10745
5459,5455,10745,10746
5459,5454,10746,10748
6147,6148,10747,10766
6148,5454,10747,10767
5454,6147,10747,10748
5459,6147,10748,10765
5988,5771,10749,10750
5988,5770,10750,10751
5988,5769,10751,10752
5988,5939,10752,10764
5939,855,10753,10764
855,852,10754,10755
855,851,10755,10756
855,850,10756,10757
6149,850,10757,12473
855,6149,10757,10758
6150,6149,10758,11904
855,6150,10758,10759
6151,6150,10759,11903
855,6151,10759,10760
6152,6151,10760,11903
855,6152,10760,10761
6153,6152,10761,11556
855,6153,10761,10762
5987,6153,10762,11255
855,5987,10762,10763
855,5988,10763,10764
5458,6147,10765,10766
5458,6148,10766,10772
6148,5451,10767,10768
6154,5451,10768,10889
6148,6154,10768,10769
6155,6154,10769,10849
6148,6155,10769,10770
730,6155,10770,10849
6148,730,10770,10771
6148,728,10771,10772
6113,6075,10773,10774
6113,6072,10774,10775
6113,6073,10775,13676,49
5915,5692,10776,10777
5915,5491,10777,10778
5915,5490,10778,10779
6077,5490,10779,11462
5915,6077,10779,10780
6156,674,10781,10827
675,6156,10781,10786
6157,6158,10782,10842
6158,6156,10782,10827
6156,6157,10782,10787
6159,6160,10783,10826
6160,6157,10783,10844
6157,6159,10783,10787
6161,6162,10784,10824
6162,6159,10784,10825
6159,6161,10784,10788
675,6163,10785,10822
6163,6161,10785,10823
6161,675,10785,10786
6161,6156,10786,10788
6156,6159,10787,10788
6112,6164,10789,13742
6164,754,10789,10790
6164,752,10790,10791
6164,753,10791,10792
6165,753,10792,10804
6164,6165,10792,10793
6166,6165,10793,10812
6164,6166,10793,10794
6167,6166,10794,11008
6164,6167,10794,10795
6168,6167,10795,10966
6164,6168,10795,10796
6169,6168,10796,10974
6164,6169,10796,10797
6170,6169,10797,10973
6164,6170,10797,10798
6171,6170,10798,11122
6164,6171,10798,10856
6172,749,10799,10815
751,6172,10799,10800
6173,6172,10800,10814
751,6173,10800,10801
6174,6173,10801,10814
751,6174,10801,10802
6175,6174,10802,10813
751,6175,10802,10805
6165,6176,10803,10812
6176,6175,10803,10813
6175,6165,10803,10804
6175,753,10804,10805
749,6020,10806,10807
6177,6020,10807,-181
749,6177,10807,10808
6022,6177,10808,-181
749,6022,10808,10809
749,6023,10809,10810
6178,6023,10810,11034
749,6178,10810,10811
6179,6178,10811,11035
749,6179,10811,10816
6166,6176,10812,10817
6176,6174,10813,10818
6174,6172,10814,10815
6174,749,10815,10816
6174,6179,10816,10818
6166,6179,10817,11008
6179,6176,10817,10818
5426,5429,10819,10820
5426,5430,10820,10821
672,6163,10822,10823
672,6161,10823,10824
672,6162,10824,10825
672,6159,10825,10826
672,6160,10826,10841
6158,674,10827,10828
6158,4796,10828,10829
6158,4797,10829,10830
6158,5714,10830,10842
5714,5713,10831,10832
5714,6067,10832,10833
6180,6067,10833,11680
5714,6180,10833,10834
6181,6180,10834,11679
5714,6181,10834,10835
6182,6181,10835,10948
5714,6182,10835,10836
6183,6182,10836,10947
5714,6183,10836,10837
6184,6183,10837,11169
5714,6184,10837,10838
6185,6184,10838,11169
5714,6185,10838,10839
6186,6185,10839,10945
5714,6186,10839,10840
670,6186,10840,10944
5714,670,10840,10843
670,6160,10841,10843
6157,5714,10842,10844
5714,6160,10843,10844
5334,5911,10845,10848
5911,5909,10846,10847
5335,5909,10847,11114
5911,5335,10847,10848
730,6154,10849,10850
6187,6154,10850,10888
730,6187,10850,10851
6188,6187,10851,11075
730,6188,10851,10852
6189,6188,10852,11080
730,6189,10852,10853
734,6189,10853,11079
730,734,10853,10854
730,732,10854,10855
6164,6190,10856,13742
6190,6171,10856,10857
6191,6171,10857,11122
6190,6191,10857,10858
962,6191,10858,10904
6190,962,10858,10859
6190,961,10859,13748
6192,6193,10860,13732
6193,6194,10860,13724
6194,6192,10860,10865
5433,6195,10861,13725
6195,6192,10861,13733
6192,5433,10861,10866
5433,5431,10862,10866
5431,6128,10863,10864
6194,6128,10864,13723
5431,6194,10864,10865
5431,6192,10865,10866
5958,6043,10867,10868
5960,6043,10868,13760
5958,5960,10868,10869
5979,6196,10870,13674,198
6196,6197,10870,13675,198
6197,5979,10870,10871
6197,5977,10871,10872
6198,5977,10872,-9128
6197,6198,10872,10899
963,1142,10873,13740
1142,964,10873,10874
1142,965,10874,10875
5530,883,10876,10884
883,887,10877,10878
883,1092,10878,10879
6199,1092,10879,11477
883,6199,10879,10884
5533,6199,10880,11477
6199,5534,10880,10881
6199,5531,10881,10882
6199,5529,10882,10883
6199,5530,10883,10884
5453,5449,10885,10886
5453,5448,10886,10891
6187,5445,10887,11085
5448,6187,10887,10888
5448,6154,10888,10889
5448,5451,10889,10890
5448,5452,10890,10891
6012,5974,10892,10893
6012,6124,10893,10898
6200,6123,10894,10902
6124,6200,10894,10895
6201,6200,10895,11110
6124,6201,10895,10896
6013,6201,10896,10999
6124,6013,10896,10897
6124,6014,10897,10898
6197,6202,10899,13670,198
6202,6198,10899,10900
6097,6198,10900,-9128
6202,6097,10900,10901
6202,6098,10901,10903
6098,6200,10902,10903
6202,6200,10903,11109
958,6191,10904,10905
6203,6191,10905,11125
958,6203,10905,10906
6204,6203,10906,11124
958,6204,10906,10907
6205,6204,10907,11330
958,6205,10907,10908
959,6205,10908,11132
5956,6206,10909,13734
6206,6207,10909,13773
6207,5956,10909,10910
6208,5956,10910,10911,109
6207,6208,10910,10916
6208,5955,10911,10917
5955,5953,10912,10913
5955,6095,10913,10914
5955,6046,10914,10917
6207,6047,10915,13773
6046,6207,10915,10916
6046,6208,10916,10917
839,639,10918,10919
839,641,10919,10920
6209,6210,10921,13642,337
6210,6211,10921,13643,337
6211,6209,10921,10931
6212,6213,10922,13541
6213,6209,10922,13641,337
6209,6212,10922,10923
733,6212,10923,11078
6209,733,10923,10924
6209,735,10924,10932
735,739,10925,10926
735,738,10926,10933
737,742,10927,10928
6214,742,10928,13633
737,6214,10928,10934
6215,6216,10929,13637
6216,6214,10929,13633
6214,6215,10929,10930
6211,6215,10930,13643,337
6214,6211,10930,10931
6214,6209,10931,10932
6214,735,10932,10933
6214,738,10933,10934
1100,6217,10935,-2661
6217,1097,10935,-2661
1097,1100,10935,10936
1097,1099,10936,10942
6218,1098,10937,11341
1099,6218,10937,10943
6219,6220,10938,11347
6220,6218,10938,11348
6218,6219,10938,10939
1094,6219,10939,11093
6218,1094,10939,10940
6218,1093,10940,10941
6218,1096,10941,10943
1096,1099,10942,10943
671,6186,10944,10945
671,6185,10945,10946
6221,6185,10946,11170
671,6221,10946,10963
6183,6221,10947,11170
6221,6182,10947,10948
6221,6181,10948,10949
6222,6181,10949,11678
6221,6222,10949,10964
6223,6224,10950,11676
6224,6222,10950,11677
6222,6223,10950,10951
6225,6223,10951,12347
6222,6225,10951,10952
6226,6225,10952,12346
6222,6226,10952,10965
1054,6226,10953,12345
6226,1055,10953,10954
6227,1055,10954,12750
6226,6227,10954,10955
976,6227,10955,12742
6226,976,10955,10956
6226,975,10956,10957
6226,664,10957,10958
6226,665,10958,10959
6226,668,10959,10960
6226,667,10960,10965
667,669,10961,10962
667,671,10962,10963
667,6221,10963,10964
667,6222,10964,10965
6228,6167,10966,11024
6168,6228,10966,10967
6229,6228,10967,11177
6168,6229,10967,10974
6230,6231,10968,11176
6231,6229,10968,11177
6229,6230,10968,10969
6232,6230,10969,11175
6229,6232,10969,10975
6233,6234,10970,11446
6234,6232,10970,11175
6232,6233,10970,10971
6235,6233,10971,11331
6232,6235,10971,10972
6170,6235,10972,11123
6232,6170,10972,10973
6232,6169,10973,10975
6169,6229,10974,10975
6236,6237,10976,13865
6237,1134,10976,13864
1134,6236,10976,10977
6238,6236,10977,13866
1134,6238,10977,10990
6239,6240,10978,13867
6240,6238,10978,13866
6238,6239,10978,10991
6241,6242,10979,13683
6242,6239,10979,13868
6239,6241,10979,10980
6243,6241,10980,11383
6239,6243,10980,10981
990,6243,10981,13688
6239,990,10981,10982
6239,991,10982,10983
6239,1009,10983,10991
1009,1007,10984,10985
1009,1006,10985,10986
1009,1130,10986,10987
1009,1132,10987,10988
1135,1132,10988,11936
1009,1135,10988,10989
1009,1134,10989,10990
1009,6238,10990,10991
6244,6131,10992,11103
6130,6244,10992,10993
6245,6244,10993,11108
6130,6245,10993,11002
6246,6247,10994,11352
6247,6245,10994,13638,198
6245,6246,10994,11002
6248,6249,10995,11351
6249,6246,10995,11352
6246,6248,10995,10996
6250,6248,10996,11350
6246,6250,10996,10997
6251,6250,10997,11112
6246,6251,10997,10998
6201,6251,10998,11111
6246,6201,10998,10999
6246,6013,10999,11000
6246,6015,11000,11001
6246,6130,11001,11002
6110,816,11003,11004
6110,817,11004,11005
6110,814,11005,11006
6110,815,11006,11007
6167,6179,11008,11009
6252,6179,11009,11036
6167,6252,11009,11010
6253,6252,11010,11046
6167,6253,11010,11025
6254,6255,11011,11851
6255,6256,11011,11406
6256,6254,11011,11027
6257,6258,11012,11731
6258,6254,11012,11854
6254,6257,11012,11028
6259,6260,11013,11739
6260,6257,11013,11740
6257,6259,11013,11014
6261,6259,11014,11738
6257,6261,11014,11015
6262,6261,11015,11728
6257,6262,11015,11016
6263,6262,11016,11334
6257,6263,11016,11017
6264,6263,11017,11451
6257,6264,11017,11018
6265,6264,11018,11450
6257,6265,11018,11019
6266,6265,11019,11449
6257,6266,11019,11020
6267,6266,11020,11448
6257,6267,11020,11021
6268,6267,11021,11173
6257,6268,11021,11022
6269,6268,11022,11172
6257,6269,11022,11028
6228,6270,11023,11178
6270,6271,11023,11171
6271,6228,11023,11024
6271,6167,11024,11025
6271,6253,11025,11026
6256,6253,11026,11047
6271,6256,11026,11027
6271,6254,11027,11029
6254,6269,11028,11029
6271,6269,11029,11171
6272,6273,11030,13712
6273,6274,11030,13713
6274,6272,11030,11055
6275,6024,11031,11033,337
6024,6272,11031,13712
6272,6275,11031,11032
6276,6275,11032,11045,337
6272,6276,11032,11052
6275,6023,11033,11034
6275,6178,11034,11035
6275,6179,11035,11036
6275,6252,11036,11045
6277,6278,11037,11404
6278,6279,11037,11405
6279,6277,11037,11038
6280,6277,11038,11404
6279,6280,11038,11039
6281,6280,11039,11403
6279,6281,11039,11049
6282,6283,11040,11401
6283,6284,11040,11402
6284,6282,11040,11041
6285,6282,11041,11400
6284,6285,11041,11054
6215,6286,11042,13644
6286,6287,11042,13645
6287,6215,11042,11043
6288,6215,11043,13637,337
6287,6288,11043,11050
6274,6018,11044,13713
6018,6288,11044,13636,337
6288,6274,11044,11051
6276,6252,11045,11046
6276,6253,11046,11047
6276,6256,11047,11048
6279,6256,11048,11405
6276,6279,11048,11049
6276,6281,11049,11052
6287,6285,11050,13646
6285,6288,11050,11051
6285,6274,11051,11054
6272,6281,11052,11053
6289,6281,11053,11403
6272,6289,11053,11055
6284,6274,11054,11056
6274,6289,11055,11056
6284,6289,11056,11402
5930,5962,11057,11061
5934,5106,11058,-1624
5106,5962,11058,11127
5962,5934,11058,11059
5962,5932,11059,11060
5962,5933,11060,11061
5553,5540,11062,11072
5540,1037,11063,11064
5540,1036,11064,11065
5540,1035,11065,11066
5540,1033,11066,11067
5540,1034,11067,11068
6290,1034,11068,11208
5540,6290,11068,11073
6291,6292,11069,11391
6292,6290,11069,11207
6290,6291,11069,11073
5542,6291,11070,11390
6291,5543,11070,11074
5543,5553,11071,11072
5543,5540,11072,11074
5540,6291,11073,11074
6293,6187,11075,11085
6188,6293,11075,11076
6294,6293,11076,11086
6188,6294,11076,11077
6212,6294,11077,11087
6188,6212,11077,11080
6212,734,11078,11079
6212,6189,11079,11080
6295,6296,11081,11318
6296,6297,11081,13632,337
6297,6295,11081,11082
6298,6295,11082,11317
6297,6298,11082,11083
5446,6298,11083,11145
6297,5446,11083,11084
6297,5445,11084,11090
5445,6293,11085,11086
5445,6294,11086,11087
5445,6212,11087,11088
6299,6212,11088,13540
5445,6299,11088,11089
6300,6299,11089,13539
5445,6300,11089,11090
6297,6300,11090,13632,337
1095,6301,11091,13728
6301,6302,11091,13727
6302,1095,11091,11092
6302,1094,11092,11093
6302,6219,11093,11094
6303,6219,11094,11346
6302,6303,11094,11095
5435,6303,11095,11323
6302,5435,11095,11096
6302,5436,11096,13726
5167,5171,11097,11098
6304,5171,11098,11458
5167,6304,11098,11099
6133,6304,11099,11154
5167,6133,11099,11100
5167,6134,11100,11102
6134,5166,11101,11102
6244,6121,11103,11104
6244,5473,11104,11105
6244,5474,11105,11106
6244,5475,11106,11107
6305,5475,11107,11645
6244,6305,11107,11108
6245,6305,11108,13631,198
6202,6306,11109,13627,198
6306,6200,11109,11110
6306,6201,11110,11111
6306,6251,11111,11112
6306,6250,11112,11113
6307,6250,11113,11350
6306,6307,11113,13628,198
5335,5908,11114,11119
6053,6308,11115,11277
6308,6051,11115,11116
6308,6052,11116,11121
6052,6049,11117,11118
6052,5335,11118,11119
6052,5908,11119,11120
6309,5908,11120,11278
6052,6309,11120,11121
6308,6309,11121,11278
6191,6170,11122,11123
6191,6235,11123,11125
6204,6235,11124,11330
6235,6203,11124,11125
5105,5959,11126,13761
5962,5105,11126,11127
800,796,11128,11129
800,795,11129,11130
799,795,11130,11196
957,959,11131,11132
957,6205,11132,11133
6310,6205,11133,11339
957,6310,11133,11137
6311,6312,11134,11338
6312,6310,11134,11339
6310,6311,11134,11138
956,6313,11135,11336
6313,955,11135,11139
955,957,11136,11137
955,6310,11137,11138
955,6311,11138,11139
6313,6311,11139,11337
5447,5443,11140,11141
6314,5443,11141,11298
5447,6314,11141,11142
6315,6314,11142,11297
5447,6315,11142,11143
6316,6315,11143,11296
5447,6316,11143,11146
6298,6317,11144,11316
6317,6316,11144,11296
6316,6298,11144,11145
6316,5446,11145,11146
6318,6319,11147,13519
6319,6320,11147,13623,82
6320,6318,11147,11161
6321,6322,11148,11149,82
6322,6318,11148,13519
6318,6321,11148,11162
6323,6322,11149,11566
6321,6323,11149,11150
6324,6323,11150,11565
6321,6324,11150,11151
6325,6324,11151,11564
6321,6325,11151,11163
6326,6327,11152,11638
6327,6325,11152,11563
6325,6326,11152,11153
6304,6326,11153,11461
6325,6304,11153,11154
6325,6133,11154,11163
6133,6137,11155,11164
6137,6139,11156,11157
6328,6139,11157,12228
6137,6328,11157,11158
6329,6328,11158,12006
6137,6329,11158,11159
6330,6329,11159,12005
6137,6330,11159,11160
6320,6330,11160,13520
6137,6320,11160,11161
6137,6318,11161,11162
6137,6321,11162,11164
6321,6133,11163,11164
5890,5948,11165,11166
6331,5948,11166,11361
5890,6331,11166,11167
6332,6331,11167,11361
5890,6332,11167,11168
6333,6332,11168,11371
5890,6333,11168,11360
6185,6183,11169,11170
6270,6269,11171,11172
6270,6268,11172,11173
6270,6267,11173,11174
6234,6267,11174,11447
6270,6234,11174,11179
6234,6230,11175,11176
6234,6231,11176,11179
6231,6228,11177,11178
6231,6270,11178,11179
5984,6334,11180,13668
6334,5985,11180,11181
6335,5985,11181,11263
6334,6335,11181,11186
6336,6337,11182,11261
6337,6335,11182,11262
6335,6336,11182,11187
6338,6339,11183,11259
6339,6336,11183,11260
6336,6338,11183,11184
6340,6338,11184,11468
6336,6340,11184,11185
6341,6340,11185,13666
6336,6341,11185,11187
6334,6341,11186,13667
6341,6335,11186,11187
794,5737,11188,11189
6342,5737,11189,11200
794,6342,11189,11190
6343,6342,11190,11199
794,6343,11190,11191
6344,6343,11191,11238
794,6344,11191,11192
6345,6344,11192,11544
794,6345,11192,11193
6346,6345,11193,11548
794,6346,11193,11197
798,6347,11194,11540
6347,6346,11194,11235
6346,798,11194,11195
6346,799,11195,11196
6346,795,11196,11197
6348,6349,11198,11240
6349,5736,11198,11241
5736,6348,11198,11201
6343,6348,11199,11239
6348,6342,11199,11201
6342,5736,11200,11201
5736,5734,11202,11241
5734,5732,11203,11204
6350,5732,11204,11393
5734,6350,11204,11205
6351,6350,11205,11392
5734,6351,11205,11242
6292,6352,11206,11391
6352,6351,11206,11392
6351,6292,11206,11207
6351,6290,11207,11208
6351,1034,11208,11209
6351,1032,11209,11243
1072,1030,11210,-1
1031,1072,11210,11211
1031,1071,11211,11212
1031,1070,11212,11213
1031,1067,11213,11214
6353,1067,11214,12298
1031,6353,11214,11215
6354,6353,11215,12297
1031,6354,11215,11244
6355,6356,11216,12300
6356,6354,11216,12297
6354,6355,11216,11245
1068,6355,11217,12300
6355,1069,11217,11218
6357,1069,11218,12555
6355,6357,11218,11219
6358,6357,11219,12452
6355,6358,11219,11220
6359,6358,11220,12451
6355,6359,11220,11221
6360,6359,11221,12451
6355,6360,11221,11222
6361,6360,11222,12491
6355,6361,11222,11246
6362,6363,11223,12515
6363,6361,11223,12495
6361,6362,11223,11246
1084,6364,11224,12517
6364,1085,11224,11225
6365,1085,11225,13065
6364,6365,11225,11226
6366,6365,11226,12166
6364,6366,11226,11227
6367,6366,11227,12165
6364,6367,11227,11228
6368,6367,11228,12164
6364,6368,11228,11229
6369,6368,11229,12164
6364,6369,11229,11230
6370,6369,11230,12163
6364,6370,11230,11231
6371,6370,11231,12162
6364,6371,11231,11232
6372,6371,11232,12161
6364,6372,11232,11233
804,6372,11233,11861
6364,804,11233,11234
6364,805,11234,11247
6347,805,11235,11541
805,6346,11235,11236
6373,6346,11236,11548
805,6373,11236,11248
6374,6375,11237,11545
6375,6376,11237,11546
6376,6374,11237,11250
6344,6374,11238,11544
6374,6343,11238,11239
6374,6348,11239,11240
6374,6349,11240,11251
6349,5734,11241,11242
6349,6351,11242,11243
6349,1032,11243,11252
1032,6354,11244,11245
1032,6355,11245,11252
6355,6362,11246,11253
6364,6362,11247,12517
6362,805,11247,11248
6362,6373,11248,11249
6376,6373,11249,11547
6362,6376,11249,11250
6362,6374,11250,11251
6362,6349,11251,11253
6349,6355,11252,11253
5985,5987,11254,11255
5985,6153,11255,11263
6377,6378,11256,11583
6378,6153,11256,11559
6153,6377,11256,11257
6379,6377,11257,11587
6153,6379,11257,11258
6338,6379,11258,11469
6153,6338,11258,11259
6153,6339,11259,11260
6153,6336,11260,11261
6153,6337,11261,11262
6153,6335,11262,11263
5904,6126,11264,11265
6380,6126,11265,11291
5904,6380,11265,11282
6381,6382,11266,11289
6382,6380,11266,11290
6380,6381,11266,11267
1039,6381,11267,11935
6380,1039,11267,11268
6380,1040,11268,11269
6380,1065,11269,11270
6380,1066,11270,11271
6380,1063,11271,11272
6380,1064,11272,11283
1064,1061,11273,11274
6383,1061,11274,11605
1064,6383,11274,11283
6054,6384,11275,11604
6384,6383,11275,11605
6383,6054,11275,11276
6383,6053,11276,11277
6383,6308,11277,11284
6308,5908,11278,11279
6308,5906,11279,11280
6308,5907,11280,11285
5907,5904,11281,11282
5907,6380,11282,11285
6380,6383,11283,11284
6380,6308,11284,11285
6125,810,11286,11287
6125,808,11287,11288
6381,808,11288,11775
6125,6381,11288,11289
6125,6382,11289,11290
6125,6380,11290,11291
6385,5441,11292,11377
5443,6385,11292,11293
6386,6385,11293,11380
5443,6386,11293,11294
6387,6386,11294,11379
5443,6387,11294,11295
6388,6387,11295,11378
5443,6388,11295,11298
6317,6315,11296,11297
6317,6314,11297,11299
6314,6388,11298,11299
6317,6388,11299,11316
642,840,11300,-903
841,642,11300,11301
6389,642,11301,11994
841,6389,11301,11310
6390,6391,11302,11993
6391,6389,11302,12002
6389,6390,11302,11310
6392,6393,11303,11657
6393,6394,11303,12001
6394,6392,11303,11312
6395,6396,11304,11660
6396,6397,11304,11661
6397,6395,11304,11305
846,6395,11305,11651
6397,846,11305,11306
6397,844,11306,11307
6397,843,11307,11308
6397,842,11308,11309
6397,841,11309,11313
841,6390,11310,11311
6394,6390,11311,11993
841,6394,11311,11312
841,6392,11312,11313
6397,6392,11313,11657
5438,5440,11314,11315
5438,5442,11315,11327
6388,6298,11316,11317
6388,6295,11317,11328
6398,6296,11318,13592,337
6295,6398,11318,11319
6399,6398,11319,13610,337
6295,6399,11319,11320
6400,6399,11320,13614,337
6295,6400,11320,11329
6401,6402,11321,11500
6402,6400,11321,13591,337
6400,6401,11321,11322
6303,6401,11322,11345
6400,6303,11322,11323
6400,5435,11323,11324
6400,5434,11324,11325
6400,5437,11325,11326
6400,5438,11326,11327
6400,5442,11327,11329
6388,5442,11328,11378
5442,6295,11328,11329
6205,6235,11330,11331
6205,6233,11331,11332
6403,6233,11332,11446
6205,6403,11332,11333
6263,6403,11333,11451
6205,6263,11333,11340
974,6262,11334,11728
6263,974,11334,11335
6263,956,11335,11336
6263,6313,11336,11337
6263,6311,11337,11338
6263,6312,11338,11340
6312,6205,11339,11340
6218,1101,11341,11342
6218,1103,11342,11343
6404,1103,11343,11452
6218,6404,11343,11348
6401,6405,11344,11514
6405,6406,11344,11456
6406,6401,11344,11345
6406,6303,11345,11346
6406,6219,11346,11347
6406,6220,11347,11349
6220,6404,11348,11349
6406,6404,11349,11452
6307,6248,11350,11351
6307,6249,11351,11353
6249,6247,11352,11353
6307,6247,11353,13533,198
6407,6408,11354,-936
6408,6409,11354,-936
6409,6407,11354,11355
6410,6407,11355,-936
6409,6410,11355,11359
6411,6412,11356,-936
6412,6410,11356,-936
6410,6411,11356,11357
6413,6411,11357,-936
6410,6413,11357,11358
6414,6413,11358,-936
6410,6414,11358,11359
6409,6414,11359,-936
5888,6333,11360,11370
6332,5948,11361,11362
6332,5949,11362,11363
6332,5951,11363,11364
6332,6094,11364,11365
6332,6093,11365,11371
6093,5883,11366,11372
6415,6416,11367,11551
6416,5883,11367,11552
5883,6415,11367,11372
5887,6417,11368,11440
6417,6418,11368,11549
6418,5887,11368,11369
6418,5886,11369,11375
5886,6333,11370,11376
6333,6093,11371,11376
6093,6415,11372,11373
6419,6415,11373,11550
6093,6419,11373,11374
6418,6419,11374,11549
6093,6418,11374,11375
6093,5886,11375,11376
6385,5442,11377,11380
5442,6387,11378,11379
5442,6386,11379,11380
6420,6421,11381,13706
6421,6422,11381,13705
6422,6420,11381,11382
6423,6420,11382,13687
6422,6423,11382,11387
6243,6423,11383,13687
6423,6241,11383,11384
6424,6241,11384,13683
6423,6424,11384,11385
6425,6424,11385,13684
6423,6425,11385,11386
6426,6425,11386,13685
6423,6426,11386,11387
6422,6426,11387,13686
5283,5545,11388,11389
5283,5542,11389,11390
5283,6291,11390,11396
6291,6352,11391,11397
6352,6350,11392,11397
6350,5284,11393,11394
6350,5282,11394,11395
6350,5283,11395,11396
6350,6291,11396,11397
6427,6428,11398,11784
6428,6429,11398,12279
6429,6427,11398,11419
6285,6430,11399,13647
6430,6427,11399,11783
6427,6285,11399,11400
6427,6282,11400,11401
6427,6283,11401,11420
6283,6289,11402,11421
6289,6280,11403,11421
6280,6278,11404,11422
6278,6256,11405,11406
6278,6255,11406,11407
6431,6255,11407,11851
6278,6431,11407,11408
6432,6431,11408,12272
6278,6432,11408,11423
6433,6434,11409,12649
6434,6432,11409,12350
6432,6433,11409,11410
6435,6433,11410,12846
6432,6435,11410,11411
6436,6435,11411,12798
6432,6436,11411,11412
6437,6436,11412,12328
6432,6437,11412,11413
6438,6437,11413,12329
6432,6438,11413,11424
6439,6440,11414,-182
6440,6441,11414,-182
6441,6439,11414,11415
6442,6439,11415,13472
6441,6442,11415,11416
6443,6442,11416,13471
6441,6443,11416,11417
6444,6443,11417,13470
6441,6444,11417,11426
6445,6429,11418,11419,337
6429,6444,11418,13469
6444,6445,11418,11426
6445,6427,11419,11420
6445,6283,11420,11427
6283,6280,11421,11422
6283,6278,11422,11423
6283,6432,11423,11424
6283,6438,11424,11425
6441,6438,11425,12318
6283,6441,11425,11427
6441,6445,11426,11427
6120,5056,11428,11429
6446,5056,11429,11846
6120,6446,11429,11431
6447,6448,11430,13695
6448,6446,11430,13694
6446,6447,11430,11431
6120,6447,11431,13696
6449,6450,11432,-2661
6450,6451,11432,-2661
6451,6449,11432,11438
6452,6453,11433,-2661
6453,6449,11433,-2661
6449,6452,11433,11434
6454,6452,11434,-2661
6449,6454,11434,11439
6455,6456,11435,-2661
6456,6454,11435,-2661
6454,6455,11435,11436
6457,6455,11436,-2661
6454,6457,11436,11439
6451,6458,11437,-2661
6458,6457,11437,-2661
6457,6451,11437,11438
6457,6449,11438,11439
5885,6417,11440,11441
6459,6417,11441,11554
5885,6459,11441,11442
6460,6459,11442,11553
5885,6460,11442,11445
5883,6461,11443,11552
6461,6460,11443,11553
6460,5883,11443,11444
6460,5884,11444,11445
6403,6234,11446,11447
6403,6267,11447,11448
6403,6266,11448,11449
6403,6265,11449,11450
6403,6264,11450,11451
6406,1103,11452,11453
6406,1102,11453,11457
6462,6463,11454,11518
6463,1102,11454,11520
1102,6462,11454,11455
6464,6462,11455,11513
1102,6464,11455,11457
6405,6464,11456,11513
6464,6406,11456,11457
6304,5170,11458,11461
6465,5169,11459,12112
5170,6465,11459,11460
6326,6465,11460,11637
5170,6326,11460,11461
6078,5490,11462,11463
6078,5493,11463,11464
6078,5494,11464,11465
6078,5495,11465,11466
6078,5497,11466,11467
6340,6466,11468,13665
6466,6338,11468,11469
6466,6379,11469,11474
6467,6468,11470,12103
6468,6379,11470,11587
6379,6467,11470,11471
6469,6467,11471,11647
6379,6469,11471,11475
6470,6471,11472,11535
6471,6469,11472,11536
6469,6470,11472,11475
6472,6473,11473,13663
6473,6470,11473,11534
6470,6472,11473,11476
6466,6472,11474,13664
6472,6379,11474,11476
6379,6470,11475,11476
1092,5533,11477,11491
6474,5532,11478,12184
5533,6474,11478,11491
5537,5538,11479,11492
5538,1016,11480,11492
1016,1018,11481,11482
1016,1019,11482,11493
1020,1023,11483,11495
1023,1025,11484,11496
1025,1027,11485,11486
1025,1026,11486,11487
6475,1026,11487,13257
1025,6475,11487,11488
6476,6475,11488,13392
1025,6476,11488,11489
6477,6476,11489,13525,211
1025,6477,11489,11497
972,6477,11490,13525,211
6477,1092,11490,11498
1092,6474,11491,11498
5537,1016,11492,11493
5537,1019,11493,11494
5537,1020,11494,11495
5537,1023,11495,11496
5537,1025,11496,11497
5537,6477,11497,11499
6477,6474,11498,11499
5537,6474,11499,12185
6478,6402,11500,13524,337
6401,6478,11500,11501
6479,6478,11501,12053
6401,6479,11501,11502
6480,6479,11502,12052
6401,6480,11502,11503
6481,6480,11503,12052
6401,6481,11503,11515
6482,6483,11504,12050
6483,6484,11504,12051
6484,6482,11504,11505
6485,6482,11505,12050
6484,6485,11505,11506
6486,6485,11506,12049
6484,6486,11506,11516
6487,6488,11507,12048
6488,6486,11507,12049
6486,6487,11507,11508
6489,6487,11508,12310
6486,6489,11508,11509
6490,6489,11509,12311
6486,6490,11509,11510
6491,6490,11510,12197
6486,6491,11510,11516
1105,6492,11511,12191
6492,6491,11511,12197
6491,1105,11511,11512
6491,1102,11512,11517
6462,6405,11513,11514
6462,6401,11514,11515
6462,6481,11515,11518
6484,6491,11516,11517
6484,1102,11517,11519
6463,6481,11518,11520
6484,6481,11519,12051
6481,1102,11519,11520
4746,4744,11521,11522
4746,4743,11522,11523
6493,4743,11523,11859
4746,6493,11523,11524
6494,6493,11524,12269
4746,6494,11524,11525
6495,6494,11525,12270
4746,6495,11525,11526
6496,6495,11526,12270
4746,6496,11526,11527
6497,6496,11527,11857
4746,6497,11527,11532
6498,6499,11528,12575
6499,6497,11528,12285
6497,6498,11528,11529
6500,6498,11529,12620
6497,6500,11529,11530
6501,6500,11530,11669
6497,6501,11530,11532
4746,6502,11531,-1
6502,6501,11531,11669
6501,4746,11531,11532
6473,6503,11533,13662
6503,6504,11533,-854
6504,6473,11533,11534
6504,6470,11534,11535
6504,6471,11535,11536
6504,6469,11536,11539
6505,6506,11537,13639
6506,6469,11537,11646
6469,6505,11537,11538
6507,6505,11538,13640
6469,6507,11538,11539
6504,6507,11539,-853
801,6347,11540,11541
801,805,11541,11543
805,803,11542,11543
6345,6374,11544,11545
6345,6375,11545,11546
6345,6376,11546,11547
6345,6373,11547,11548
6417,6419,11549,11550
6417,6415,11550,11551
6417,6416,11551,11554
6416,6461,11552,11555
6461,6459,11553,11555
6459,6416,11554,11555
6508,6152,11556,11918
6153,6508,11556,11557
6509,6508,11557,12104
6153,6509,11557,11559
6378,6510,11558,11583
6510,6509,11558,12110
6509,6378,11558,11559
6511,6512,11560,11642
6512,6320,11560,13521,82
6320,6511,11560,11561
6513,6511,11561,11641
6320,6513,11561,11562
6514,6513,11562,11640
6320,6514,11562,11569
6327,6514,11563,11639
6514,6325,11563,11564
6514,6324,11564,11565
6514,6323,11565,11566
6514,6322,11566,11567
6319,6322,11567,13519,82
6514,6319,11567,11568
6515,6319,11568,13623
6514,6515,11568,11569
6320,6515,11569,13623
5188,6516,11570,-1624
6516,5187,11570,11571
5185,5187,11571,11924
6516,5185,11571,-1624
6089,6087,11572,11573
6089,6086,11573,11574
6089,6085,11574,11575
6089,6084,11575,11576
6089,6083,11576,11577
6517,6083,11577,12234
6089,6517,11577,11578
6518,6517,11578,11866
6089,6518,11578,11579
6519,6518,11579,11866
6089,6519,11579,11582
6091,6519,11580,11869
6519,6092,11580,11581
6519,6088,11581,11582
6377,6510,11583,11584
6520,6510,11584,12126
6377,6520,11584,11585
6521,6520,11585,12143
6377,6521,11585,11586
6468,6521,11586,12097
6377,6468,11586,11587
659,662,11588,11600
662,988,11589,11600
988,986,11590,11601
6522,987,11591,12158
986,6522,11591,11592
6523,6522,11592,12160
986,6523,11592,11602
983,6523,11593,12160
6523,982,11593,11594
6523,654,11594,11595
6523,656,11595,11596
6523,658,11596,11597
6523,657,11597,11598
6523,660,11598,11599
6523,659,11599,11602
659,988,11600,11601
659,986,11601,11602
6056,6054,11603,11604
6056,6384,11604,11614
6384,1061,11605,11615
1061,6066,11606,11607
1061,6064,11607,11608
1061,6065,11608,11615
6065,6063,11609,11616
6063,6060,11610,11611
6063,6059,11611,11612
6063,6058,11612,11613
6063,6057,11613,11617
6057,6384,11614,11617
6384,6065,11615,11616
6384,6063,11616,11617
6524,6525,11618,13548
6525,6526,11618,-197
6526,6524,11618,11619
6527,6524,11619,11760
6526,6527,11619,11620
6528,6527,11620,12186
6526,6528,11620,11625
6529,6530,11621,12377
6530,6528,11621,12189
6528,6529,11621,11622
6531,6529,11622,12424
6528,6531,11622,11623
6532,6531,11623,11810
6528,6532,11623,11624
6533,6532,11624,13545
6528,6533,11624,11625
6526,6533,11625,-197
6534,6535,11626,13508
6535,6512,11626,13518,82
6512,6534,11626,11627
6536,6534,11627,12339
6512,6536,11627,11628
6537,6536,11628,12844
6512,6537,11628,11643
6538,6539,11629,-1
6539,6537,11629,12843
6537,6538,11629,11630
6540,6538,11630,12996
6537,6540,11630,11631
6541,6540,11631,12997
6537,6541,11631,11632
6542,6541,11632,12998
6537,6542,11632,11633
6543,6542,11633,11887
6537,6543,11633,11634
6544,6543,11634,12115
6537,6544,11634,11635
6545,6544,11635,12116
6537,6545,11635,11643
6546,6547,11636,12118
6547,6545,11636,12117
6545,6546,11636,11644
6465,6546,11637,12118
6546,6326,11637,11638
6546,6327,11638,11639
6546,6514,11639,11640
6546,6513,11640,11641
6546,6511,11641,11642
6546,6512,11642,11644
6512,6545,11643,11644
6305,5510,11645,13511,198
6506,6548,11646,13630
6548,6469,11646,11647
6548,6467,11647,11648
6549,6467,11648,12103
6548,6549,11648,11649
6550,6549,11649,12398
6548,6550,11649,11650
6551,6550,11650,11977
6548,6551,11650,13515
6552,6395,11651,11659
846,6552,11651,11652
6553,6552,11652,11940
846,6553,11652,11653
6554,6553,11653,11946
846,6554,11653,11654
6555,6554,11654,12013
846,6555,11654,11655
849,6555,11655,12018
846,849,11655,11656
6397,6393,11657,11661
6552,6556,11658,11940
6556,6393,11658,12000
6393,6552,11658,11659
6393,6395,11659,11660
6393,6396,11660,11661
6557,6558,11662,13553
6558,6559,11662,13552
6559,6557,11662,11667
6560,6561,11663,13555
6561,6562,11663,13554
6562,6560,11663,11664
6563,6560,11664,13566
6562,6563,11664,11668
6564,6565,11665,11746
6565,6563,11665,13567
6563,6564,11665,11666
6559,6564,11666,11768
6563,6559,11666,11667
6563,6557,11667,11668
6562,6557,11668,13553
6502,6500,11669,11670
6566,6500,11670,12613
6502,6566,11670,11671
6567,6566,11671,12613
6502,6567,11671,11672
6568,6567,11672,12614
6502,6568,11672,-1
6067,1059,11673,11674
6569,1059,11674,12341
6067,6569,11674,11675
6570,6569,11675,12340
6067,6570,11675,11680
6223,6570,11676,12340
6570,6224,11676,11677
6570,6222,11677,11678
6570,6181,11678,11679
6570,6180,11679,11680
921,922,11681,11682
921,925,11682,11683
921,924,11683,11714
923,927,11684,11685
923,930,11685,11686
923,929,11686,11687
923,928,11687,11688
923,932,11688,11715
932,935,11689,11690
932,934,11690,11715
6571,936,11691,-1
933,6571,11691,11716
6572,6573,11692,12784
6573,6571,11692,12783
6571,6572,11692,11693
6574,6572,11693,12784
6571,6574,11693,11717
6575,6576,11694,13134
6576,6577,11694,12786
6577,6575,11694,11695
6578,6575,11695,13133
6577,6578,11695,11696
6579,6578,11696,13132
6577,6579,11696,11697
6580,6579,11697,12790
6577,6580,11697,11698
6581,6580,11698,12791
6577,6581,11698,11699
6582,6581,11699,-933
6577,6582,11699,11700
6583,6582,11700,-901
6577,6583,11700,11701
6584,6583,11701,13527
6577,6584,11701,11702
6585,6584,11702,12629
6577,6585,11702,11719
904,6586,11703,13528
6586,6587,11703,12628
6587,904,11703,11704
6587,909,11704,11705
6587,908,11705,11721
908,910,11706,11707
908,912,11707,11722
913,973,11708,11709
913,917,11709,11710
913,916,11710,11711
913,915,11711,11723
915,919,11712,11713
915,921,11713,11714
915,924,11714,11724
923,934,11715,11726
934,6571,11716,11717
934,6574,11717,11718
6577,6574,11718,12785
934,6577,11718,11719
934,6585,11719,11720
6587,6585,11720,12628
934,6587,11720,11721
934,908,11721,11722
934,912,11722,11726
911,915,11723,11724
911,924,11724,11725
911,923,11725,11727
923,912,11726,11727
974,6261,11728,11729
951,6261,11729,11737
974,951,11729,11730
6588,6258,11731,11854
6257,6588,11731,11732
6589,6588,11732,11853
6257,6589,11732,11733
6590,6589,11733,12271
6257,6590,11733,11734
6591,6590,11734,12275
6257,6591,11734,11735
950,6591,11735,-933
6257,950,11735,11736
6257,952,11736,11740
952,6261,11737,11738
952,6259,11738,11739
952,6260,11739,11740
6592,6593,11741,11773
6593,6594,11741,13549
6594,6592,11741,11742
6595,6592,11742,11772
6594,6595,11742,11743
6596,6595,11743,11771
6594,6596,11743,11762
6597,6598,11744,11770
6598,6596,11744,11771
6596,6597,11744,11745
6599,6597,11745,11769
6596,6599,11745,11763
6564,6599,11746,11768
6599,6565,11746,11747
6600,6565,11747,13568
6599,6600,11747,11748
6601,6600,11748,13569
6599,6601,11748,11749
6602,6601,11749,12331
6599,6602,11749,11750
6603,6602,11750,12337
6599,6603,11750,11751
6604,6603,11751,12336
6599,6604,11751,11752
6605,6604,11752,12335
6599,6605,11752,11764
6606,6607,11753,13571
6607,6605,11753,12334
6605,6606,11753,11765
6608,6609,11754,12672
6609,6606,11754,12531
6606,6608,11754,11755
6610,6608,11755,12211
6606,6610,11755,11756
6611,6610,11756,12386
6606,6611,11756,11757
6612,6611,11757,12188
6606,6612,11757,11758
6613,6612,11758,12187
6606,6613,11758,11765
6527,6614,11759,12186
6614,6613,11759,12187
6613,6527,11759,11760
6613,6524,11760,11761
6594,6524,11761,13548
6613,6594,11761,11762
6613,6596,11762,11763
6613,6599,11763,11764
6613,6605,11764,11765
6615,6616,11766,13551
6616,6593,11766,13550
6593,6615,11766,11767
6559,6615,11767,13551
6593,6559,11767,11774
6559,6599,11768,11769
6559,6597,11769,11770
6559,6598,11770,11774
6598,6595,11771,11772
6598,6592,11772,11773
6598,6593,11773,11774
6381,809,11775,11778
809,806,11776,11777
6617,806,11777,11865
809,6617,11777,11778
6381,6617,11778,11930
6618,6619,11779,13652
6619,6620,11779,13653
6620,6618,11779,11814
6621,6622,11780,13651
6622,6618,11780,13652
6618,6621,11780,11815
6623,6624,11781,13649
6624,6621,11781,13650
6621,6623,11781,11816
6430,6625,11782,13648
6625,6623,11782,13649
6623,6430,11782,11783
6623,6427,11783,11784
6623,6428,11784,11785
6626,6428,11785,12279
6623,6626,11785,11786
6627,6626,11786,12295
6623,6627,11786,11787
6628,6627,11787,12294
6623,6628,11787,11788
6629,6628,11788,12293
6623,6629,11788,11825
6630,6631,11789,13414
6631,6632,11789,13478
6632,6630,11789,11790
6633,6630,11790,13509,337
6632,6633,11790,11791
6634,6633,11791,13416
6632,6634,11791,11817
6635,6636,11792,13415
6636,6634,11792,13416
6634,6635,11792,11793
6637,6635,11793,13510,337
6634,6637,11793,11794
6638,6637,11794,12631
6634,6638,11794,11795
6639,6638,11795,12630
6634,6639,11795,11818
6640,6641,11796,12454
6641,6639,11796,12455
6639,6640,11796,11819
6642,6643,11797,12569
6643,6644,11797,12458
6644,6642,11797,11798
6645,6642,11798,12568
6644,6645,11798,11799
6646,6645,11799,12571
6644,6646,11799,11821
6647,6648,11800,12663
6648,6646,11800,12442
6646,6647,11800,11801
6649,6647,11801,12378
6646,6649,11801,11802
6650,6649,11802,12426
6646,6650,11802,11803
6651,6650,11803,12426
6646,6651,11803,11804
6652,6651,11804,12427
6646,6652,11804,11805
6653,6652,11805,12427
6646,6653,11805,11822
6654,6655,11806,12429
6655,6653,11806,12428
6653,6654,11806,11807
6656,6654,11807,12430
6653,6656,11807,11808
6657,6656,11808,12430
6653,6657,11808,11809
6658,6657,11809,12431
6653,6658,11809,11823
6531,6658,11810,12424
6658,6532,11810,11811
6659,6532,11811,13544
6658,6659,11811,11812
6660,6659,11812,13654
6658,6660,11812,11813
6620,6660,11813,13653
6658,6620,11813,11814
6658,6618,11814,11815
6658,6621,11815,11816
6658,6623,11816,11824
6632,6629,11817,12292
6629,6634,11817,11818
6629,6639,11818,11819
6629,6640,11819,11820
6661,6640,11820,12454
6629,6661,11820,11825
6644,6662,11821,12459
6662,6646,11821,11822
6662,6653,11822,11823
6662,6658,11823,11824
6662,6623,11824,11826
6623,6661,11825,11826
6662,6661,11826,12460
6663,6664,11827,13598
6664,6665,11827,13560
6665,6663,11827,11828
6666,6663,11828,13561
6665,6666,11828,11829
6667,6666,11829,13561
6665,6667,11829,11837
6668,6669,11830,13563
6669,6667,11830,13562
6667,6668,11830,11831
6670,6668,11831,13564
6667,6670,11831,11838
6671,6672,11832,13565
6672,6670,11832,13564
6670,6671,11832,11833
6673,6671,11833,13565
6670,6673,11833,11839
6674,6560,11834,13555
6560,6673,11834,13566
6673,6674,11834,11835
6675,6674,11835,13556
6673,6675,11835,11839
6676,6677,11836,13558
6677,6675,11836,13557
6675,6676,11836,11840
6665,6676,11837,13559
6676,6667,11837,11838
6676,6670,11838,11840
6670,6675,11839,11840
6678,6679,11841,-903
6679,6680,11841,-903
6680,6678,11841,11842
6681,6678,11842,-903
6680,6681,11842,-903
5053,998,11843,11850
998,993,11844,11850
6446,994,11845,13693
993,6446,11845,11846
993,5056,11846,11847
993,5054,11847,11848
993,5055,11848,11849
993,5053,11849,11850
6254,6431,11851,11852
6589,6431,11852,12271
6254,6589,11852,11853
6254,6588,11853,11854
6682,6142,11855,12280
4741,6682,11855,11860
6497,6683,11856,12286
6683,6682,11856,12287
6682,6497,11856,11857
6682,6496,11857,11858
6493,6496,11858,12269
6682,6493,11858,11859
6682,4743,11859,11860
806,6372,11861,11862
6684,6372,11862,12161
806,6684,11862,11865
6685,6686,11863,12262
6686,6684,11863,12181
6684,6685,11863,11864
6617,6685,11864,12262
6684,6617,11864,11865
6519,6517,11866,11867
6687,6517,11867,12234
6519,6687,11867,11868
6688,6687,11868,12248
6519,6688,11868,11869
6091,6688,11869,12119
5176,5174,11870,11902
5173,5176,11870,11871
5173,5175,11871,11872
5173,5178,11872,11873
5173,5180,11873,11890
6689,5179,11874,12662
5180,6689,11874,11875
6690,6689,11875,12662
5180,6690,11875,11897
6691,6692,11876,12734
6692,6690,11876,12661
6690,6691,11876,11898
6693,6694,11877,12519
6694,6695,11877,12732
6695,6693,11877,11891
6696,6697,11878,12487
6697,6693,11878,12488
6693,6696,11878,11891
5189,6698,11879,12485
6698,5190,11879,11893
6699,5191,11880,12241
5190,6699,11880,11881
6700,6699,11881,12240
5190,6700,11881,11882
6701,6700,11882,13025
5190,6701,11882,11894
6702,6703,11883,12994
6703,6701,11883,-1
6701,6702,11883,11884
6704,6702,11884,12993
6701,6704,11884,11895
6705,6706,11885,12992
6706,6704,11885,12993
6704,6705,11885,11886
6707,6705,11886,12991
6704,6707,11886,11895
6542,6707,11887,12991
6707,6543,11887,11888
6708,6543,11888,12114
6707,6708,11888,11889
5172,6708,11889,12113
6707,5172,11889,11896
5172,5180,11890,11896
6695,6696,11891,11892
6698,6696,11892,12486
6695,6698,11892,11893
6695,5190,11893,11894
6695,6701,11894,11899
6701,6707,11895,11900
6707,5180,11896,11897
6707,6690,11897,11898
6707,6691,11898,11900
6695,6691,11899,12733
6691,6701,11899,11900
5174,5177,11901,11902
6152,6150,11903,11919
6709,6149,11904,12472
6150,6709,11904,11905
6710,6709,11905,12411
6150,6710,11905,11906
6711,6710,11906,12958
6150,6711,11906,11907
6712,6711,11907,12948
6150,6712,11907,11908
6713,6712,11908,12949
6150,6713,11908,11920
6714,6715,11909,12961
6715,6713,11909,12949
6713,6714,11909,11921
6716,6717,11910,12944
6717,6714,11910,-1
6714,6716,11910,11911
6718,6716,11911,12943
6714,6718,11911,11912
6719,6718,11912,12942
6714,6719,11912,11921
6720,6721,11913,12941
6721,6719,11913,12942
6719,6720,11913,11922
6722,6723,11914,12130
6723,6720,11914,12941
6720,6722,11914,11915
6724,6722,11915,12106
6720,6724,11915,11923
6725,6726,11916,12105
6726,6724,11916,12106
6724,6725,11916,11917
6508,6725,11917,12104
6724,6508,11917,11918
6724,6152,11918,11919
6724,6150,11919,11920
6724,6713,11920,11923
6713,6719,11921,11922
6713,6720,11922,11923
6727,5187,11924,-1624
5185,6727,11924,11925
6728,6727,11925,12484
5185,6728,11925,11926
6729,6728,11926,12490
5185,6729,11926,11927
6730,6729,11927,12489
5185,6730,11927,11928
5182,6730,11928,12518
5185,5182,11928,11929
6731,6617,11930,12267
6381,6731,11930,11931
6732,6731,11931,12266
6381,6732,11931,11932
6733,6732,11932,12265
6381,6733,11932,11933
6734,6733,11933,12176
6381,6734,11933,11934
1038,6734,11934,12175
6381,1038,11934,11935
1136,1132,11936,11937
1136,1131,11937,11938
1136,1133,11938,11939
6553,6556,11940,11941
6735,6556,11941,11999
6553,6735,11941,11942
6736,6735,11942,12260
6553,6736,11942,11943
6737,6736,11943,12364
6553,6737,11943,11946
6738,6739,11944,12373
6739,6737,11944,12374
6737,6738,11944,11945
6554,6738,11945,12013
6737,6554,11945,11946
5503,5506,11947,11967
6740,5505,11948,13513
5506,6740,11948,11949
6741,6740,11949,11988
5506,6741,11949,11950
6742,6741,11950,12360
5506,6742,11950,11968
6743,6744,11951,12362
6744,6742,11951,12363
6742,6743,11951,11969
6745,6746,11952,11985
6746,6743,11952,12362
6743,6745,11952,11953
6747,6745,11953,12599
6743,6747,11953,11970
6748,6749,11954,13252
6749,6750,11954,12602
6750,6748,11954,11955
6751,6748,11955,-1
6750,6751,11955,11956
6752,6751,11956,13021
6750,6752,11956,11972
6753,6754,11957,12741
6754,6752,11957,12239
6752,6753,11957,11958
6755,6753,11958,13083
6752,6755,11958,11972
6756,6757,11959,12739
6757,6758,11959,13082
6758,6756,11959,11960
6759,6756,11960,12552
6758,6759,11960,11961
6760,6759,11961,12551
6758,6760,11961,11974
5498,6761,11962,12448
6761,6760,11962,12550
6760,5498,11962,11963
6760,5499,11963,11964
6760,5501,11964,11975
5501,5502,11965,11966
5501,5504,11966,11976
5504,5506,11967,11968
5504,6742,11968,11969
5504,6743,11969,11970
5504,6747,11970,11971
6750,6747,11971,12602
5504,6750,11971,11976
6750,6755,11972,11973
6758,6755,11973,13083
6750,6758,11973,11974
6750,6760,11974,11975
6750,5501,11975,11976
6551,6762,11977,13515
6762,6550,11977,11978
6763,6550,11978,12401
6762,6763,11978,11989
6764,6765,11979,12940
6765,6766,11979,12706
6766,6764,11979,11991
6767,6768,11980,12939
6768,6764,11980,12940
6764,6767,11980,11981
6769,6767,11981,12704
6764,6769,11981,11982
6770,6769,11982,12703
6764,6770,11982,11983
6771,6770,11983,13249
6764,6771,11983,11984
6745,6771,11984,12599
6764,6745,11984,11985
6764,6746,11985,11986
6772,6746,11986,12361
6764,6772,11986,11987
6741,6772,11987,12360
6764,6741,11987,11992
6773,6740,11988,13514
6741,6773,11988,11992
6762,6773,11989,13514
6773,6763,11989,11990
6766,6763,11990,12695
6773,6766,11990,11991
6773,6764,11991,11992
6394,6391,11993,12001
6389,644,11994,11995
6389,645,11995,11996
6774,645,11996,12155
6389,6774,11996,11997
6775,6774,11997,12256
6389,6775,11997,11998
6735,6775,11998,12261
6389,6735,11998,11999
6389,6556,11999,12000
6389,6393,12000,12002
6393,6391,12001,12002
6776,6535,12003,13518
6535,6777,12003,13507,82
6777,6776,12003,12004
6330,6776,12004,13520
6777,6330,12004,12005
6777,6329,12005,12006
6777,6328,12006,12012
6778,6779,12007,12229
6779,6328,12007,12228
6328,6778,12007,12008
6780,6778,12008,12586
6328,6780,12008,12009
6781,6780,12009,13466
6328,6781,12009,12010
6782,6781,12010,13465
6328,6782,12010,12011
6783,6782,12011,13464
6328,6783,12011,12012
6777,6783,12012,13507,82
6555,6738,12013,12014
6784,6738,12014,12372
6555,6784,12014,12018
6785,6786,12015,12370
6786,6784,12015,12371
6784,6785,12015,12016
848,6785,12016,12466
6784,848,12016,12017
6784,849,12017,12018
6787,6788,12019,13485
6788,6789,12019,13482
6789,6787,12019,12020
6790,6787,12020,13504,337
6789,6790,12020,12021
6791,6790,12021,13506,337
6789,6791,12021,12022
6792,6791,12022,12927
6789,6792,12022,12023
6793,6792,12023,12926
6789,6793,12023,12024
6794,6793,12024,12925
6789,6794,12024,12063
6795,6796,12025,12924
6796,6794,12025,12925
6794,6795,12025,12026
6797,6795,12026,13295
6794,6797,12026,12027
6798,6797,12027,13072
6794,6798,12027,12028
6799,6798,12028,13073
6794,6799,12028,12029
6800,6799,12029,13073
6794,6800,12029,12030
6801,6800,12030,13074
6794,6801,12030,12031
6802,6801,12031,13074
6794,6802,12031,12032
6803,6802,12032,13075
6794,6803,12032,12033
6804,6803,12033,13076
6794,6804,12033,12034
6805,6804,12034,13066
6794,6805,12034,12063
6806,6807,12035,13078
6807,6808,12035,13067
6808,6806,12035,12064
6809,6810,12036,13266
6810,6806,12036,13068
6806,6809,12036,12065
6811,6812,12037,13268
6812,6809,12037,13267
6809,6811,12037,12066
6813,6814,12038,13263
6814,6815,12038,13262
6815,6813,12038,12068
6816,6817,12039,13314
6817,6813,12039,13263
6813,6816,12039,12040
6818,6816,12040,13017
6813,6818,12040,12069
6819,6820,12041,12937
6820,6818,12041,13018
6818,6819,12041,12042
6821,6819,12042,12937
6818,6821,12042,12043
1120,6821,12043,12938
6818,1120,12043,12070
6822,1119,12044,12609
1120,6822,12044,12045
6823,6822,12045,12728
1120,6823,12045,12070
6824,6825,12046,12730
6825,6823,12046,12729
6823,6824,12046,12047
6487,6824,12047,12309
6823,6487,12047,12048
6823,6488,12048,12071
6488,6485,12049,12072
6485,6483,12050,12081
6483,6481,12051,12078
6481,6479,12052,12053
6481,6478,12053,12054
6826,6478,12054,12055,337
6481,6826,12054,12073
6827,6478,12055,13523
6826,6827,12055,12073
6828,6829,12056,13588
6829,6827,12056,13522
6827,6828,12056,12057
6830,6828,12057,12204
6827,6830,12057,12058
6831,6830,12058,12061,337
6827,6831,12058,12059
6832,6831,12059,12061,337
6827,6832,12059,12060
6833,6832,12060,12075,337
6827,6833,12060,12074
6832,6830,12061,12062
6789,6830,12062,13482
6832,6789,12062,12079
6789,6805,12063,12080
6808,6834,12064,13067
6834,6806,12064,12065
6834,6809,12065,12066
6834,6811,12066,12067
6815,6811,12067,13262
6834,6815,12067,12068
6834,6813,12068,12069
6834,6818,12069,12076
6818,6823,12070,12071
6818,6488,12071,12072
6818,6485,12072,12077
6481,6827,12073,12074
6481,6833,12074,12075
6481,6832,12075,12078
6834,6805,12076,13066
6805,6818,12076,12077
6805,6485,12077,12080
6483,6832,12078,12079
6483,6789,12079,12081
6789,6485,12080,12081
1011,1014,12082,12083
1011,1015,12083,12084
1104,1108,12085,12086
1104,1107,12086,12095
1110,1139,12087,12088
1110,1140,12088,12089
1110,1113,12089,12090
1110,1112,12090,12091
6835,1112,12091,12302
1110,6835,12091,12092
6836,6835,12092,12301
1110,6836,12092,12093
6837,6836,12093,12194
1110,6837,12093,12096
1104,6838,12094,12192
6838,6837,12094,12193
6837,1104,12094,12095
6837,1107,12095,12096
6839,6521,12097,12142
6468,6839,12097,12098
6840,6839,12098,12141
6468,6840,12098,12099
6841,6840,12099,12462
6468,6841,12099,12100
6842,6841,12100,12461
6468,6842,12100,12101
6843,6842,12101,12461
6468,6843,12101,12102
6549,6843,12102,12398
6468,6549,12102,12103
6509,6725,12104,12105
6509,6726,12105,12111
6726,6722,12106,12107
6844,6722,12107,12129
6726,6844,12107,12108
6845,6844,12108,12524
6726,6845,12108,12111
6510,6846,12109,12126
6846,6845,12109,12524
6845,6510,12109,12110
6845,6509,12110,12111
6465,5172,12112,12113
6465,6708,12113,12114
6465,6543,12114,12115
6465,6544,12115,12116
6465,6545,12116,12117
6465,6547,12117,12118
5881,6688,12119,12120
6847,6688,12120,12247
5881,6847,12120,12121
6848,6847,12121,12512
5881,6848,12121,12122
6849,6848,12122,12512
5881,6849,12122,12123
6850,6849,12123,12511
5881,6850,12123,12124
5879,6850,12124,12243
5881,5879,12124,12125
6520,6846,12126,12127
6851,6846,12127,12526
6520,6851,12127,12128
6852,6851,12128,12526
6520,6852,12128,12144
6844,6852,12129,12525
6852,6722,12129,12130
6852,6723,12130,12131
6853,6723,12131,12946
6852,6853,12131,12145
6854,6855,12132,-1
6855,6853,12132,12945
6853,6854,12132,12133
6856,6854,12133,12868
6853,6856,12133,12134
6857,6856,12134,12867
6853,6857,12134,12135
6858,6857,12135,12605
6853,6858,12135,12136
6859,6858,12136,12647
6853,6859,12136,12137
6860,6859,12137,12646
6853,6860,12137,12138
6861,6860,12138,12645
6853,6861,12138,12139
6862,6861,12139,12644
6853,6862,12139,12145
6840,6863,12140,12462
6863,6862,12140,12643
6862,6840,12140,12141
6862,6839,12141,12142
6862,6521,12142,12143
6862,6520,12143,12144
6862,6852,12144,12145
645,647,12146,12155
647,650,12147,12148
647,649,12148,12149
6864,649,12149,-1
647,6864,12149,12156
6865,6866,12150,12403
6866,6864,12150,12404
6864,6865,12150,12156
6867,6868,12151,12418
6868,6865,12151,12403
6865,6867,12151,12152
6869,6867,12152,12258
6865,6869,12152,12153
6870,6869,12153,12257
6865,6870,12153,12154
6774,6870,12154,12256
6865,6774,12154,12157
6774,647,12155,12157
647,6865,12156,12157
6522,984,12158,12159
6522,983,12159,12160
6684,6371,12161,12162
6684,6370,12162,12163
6684,6369,12163,12182
6369,6367,12164,12165
6369,6366,12165,12183
1083,6365,12166,13065
6366,1083,12166,12167
6366,1081,12167,12168
6871,1081,12168,13233
6366,6871,12168,12169
6872,6871,12169,13235
6366,6872,12169,12170
1045,6872,12170,-1
6366,1045,12170,12171
6366,1044,12171,12172
6366,1043,12172,12173
6366,1042,12173,12174
6366,1041,12174,12183
1041,6734,12175,12176
1041,6733,12176,12177
6873,6733,12177,12264
1041,6873,12177,12178
6874,6873,12178,12264
1041,6874,12178,12179
6875,6874,12179,12268
1041,6875,12179,12180
6686,6875,12180,12263
1041,6686,12180,12181
1041,6684,12181,12182
1041,6369,12182,12183
5535,6474,12184,12185
6528,6614,12186,12190
6614,6612,12187,12190
6530,6611,12188,12387
6612,6530,12188,12189
6612,6528,12189,12190
6492,1104,12191,12192
6492,6838,12192,12193
6492,6837,12193,12194
6492,6836,12194,12195
6876,6836,12195,12301
6492,6876,12195,12196
6490,6876,12196,12312
6492,6490,12196,12197
6877,6878,12198,-3462
6878,6879,12198,-3462
6879,6877,12198,12199
6880,6877,12199,-3462
6879,6880,12199,12200
6881,6880,12200,-3462
6879,6881,12200,12201
6882,6881,12201,-3462
6879,6882,12201,12203
6883,6884,12202,-3462
6884,6882,12202,-3462
6882,6883,12202,12203
6879,6883,12203,-3462
6885,6828,12204,13588
6830,6885,12204,12205
6886,6885,12205,13609
6830,6886,12205,12215
6887,6888,12206,13585
6888,6889,12206,13586
6889,6887,12206,12221
6890,6891,12207,13580
6891,6892,12207,13584
6892,6890,12207,12208
6893,6890,12208,13579
6892,6893,12208,12217
6894,6895,12209,12669
6895,6896,12209,13578
6896,6894,12209,12227
6897,6898,12210,12670
6898,6894,12210,12669
6894,6897,12210,12223
6608,6897,12211,12671
6897,6610,12211,12218
6899,6900,12212,13486,337
6900,6610,12212,12385
6610,6899,12212,12218
6787,6901,12213,13504
6901,6902,12213,13499,337
6902,6787,12213,12214
6903,6787,12214,13485,337
6902,6903,12214,12225
6830,6904,12215,13483,337
6904,6886,12215,12216
6889,6886,12216,13587
6904,6889,12216,12220
6892,6887,12217,13585
6887,6893,12217,12222
6897,6899,12218,12219
6905,6899,12219,13486,337
6897,6905,12219,12223
6904,6903,12220,13484,337
6903,6889,12220,12221
6903,6887,12221,12222
6903,6893,12222,12225
6894,6905,12223,12224
6902,6905,12224,13503,337
6894,6902,12224,12227
6902,6893,12225,12226
6896,6893,12226,13579
6902,6896,12226,12227
6139,6779,12228,12233
6906,6778,12229,12587
6779,6906,12229,12230
6907,6906,12230,12435
6779,6907,12230,12231
6908,6907,12231,12434
6779,6908,12231,12233
6138,6908,12232,12434
6908,6139,12232,12233
6687,6083,12234,12235
6687,6082,12235,12236
6909,6082,12236,12313
6687,6909,12236,12249
6910,6911,12237,12316
6911,6909,12237,12317
6909,6910,12237,12238
6754,6910,12238,12741
6909,6754,12238,12250
6912,6752,12239,13020
6754,6912,12239,12255
6700,6912,12240,13020
6912,6699,12240,12251
6699,5192,12241,12242
6699,5879,12242,12243
6699,6850,12243,12244
6913,6850,12244,12510
6699,6913,12244,12251
6914,6915,12245,12509
6915,6913,12245,12510
6913,6914,12245,12252
6916,6917,12246,12508
6917,6914,12246,12509
6914,6916,12246,12253
6847,6918,12247,12507
6918,6688,12247,12248
6918,6687,12248,12249
6918,6909,12249,12250
6918,6754,12250,12254
6912,6913,12251,12252
6912,6914,12252,12253
6912,6916,12253,12255
6918,6916,12254,12507
6916,6754,12254,12255
6775,6870,12256,12257
6775,6869,12257,12258
6775,6867,12258,12259
6919,6867,12259,12402
6775,6919,12259,12261
6736,6919,12260,12364
6919,6735,12260,12261
6617,6686,12262,12263
6617,6875,12263,12267
6874,6733,12264,12265
6874,6732,12265,12266
6874,6731,12266,12268
6731,6875,12267,12268
6494,6496,12269,12270
6590,6431,12271,12276
6920,6432,12272,12350
6431,6920,12272,12276
948,6921,12273,12355
6921,6920,12273,12356
6920,948,12273,12274
6591,948,12274,-933
6920,6591,12274,12275
6920,6590,12275,12276
6922,6923,12277,12289
6923,6429,12277,13469,337
6429,6922,12277,12278
6626,6922,12278,12296
6429,6626,12278,12279
6682,6141,12280,12281
6924,6141,12281,12538
6682,6924,12281,12287
6925,6926,12282,12546
6926,6924,12282,12547
6924,6925,12282,12288
6927,6928,12283,12775
6928,6925,12283,12545
6925,6927,12283,12284
6499,6927,12284,12575
6925,6499,12284,12285
6925,6497,12285,12286
6925,6683,12286,12288
6683,6924,12287,12288
6929,6923,12289,13468,337
6922,6929,12289,12290
6930,6929,12290,13481
6922,6930,12290,12291
6931,6930,12291,13480
6922,6931,12291,12296
6632,6931,12292,13479
6931,6629,12292,12293
6931,6628,12293,12294
6931,6627,12294,12295
6931,6626,12295,12296
6356,6353,12297,12298
6356,1067,12298,12299
6356,1068,12299,12300
6876,6835,12301,12302
6876,1112,12302,12303
6876,1111,12303,12304
6932,1111,12304,12359
6876,6932,12304,12305
1116,6932,12305,-2661
6876,1116,12305,12306
6933,1116,12306,12607
6876,6933,12306,12307
6934,6933,12307,12607
6876,6934,12307,12308
6935,6934,12308,12611
6876,6935,12308,12312
6824,6935,12309,12731
6935,6487,12309,12310
6935,6489,12310,12311
6935,6490,12311,12312
6909,6081,12313,12314
6936,6081,12314,12450
6909,6936,12314,12315
6937,6936,12315,12554
6909,6937,12315,12317
6910,6937,12316,12737
6937,6911,12316,12317
6938,6441,12318,-950
6438,6938,12318,12330
6939,6439,12319,13472
6439,6938,12319,-950
6938,6939,12319,12320
6940,6939,12320,13473
6938,6940,12320,12321
6941,6940,12321,12496
6938,6941,12321,12322
6942,6941,12322,12497
6938,6942,12322,12330
6943,6944,12323,12499
6944,6942,12323,12498
6942,6943,12323,12324
6945,6943,12324,12499
6942,6945,12324,12325
6946,6945,12325,12708
6942,6946,12325,12326
6947,6946,12326,12722
6942,6947,12326,12327
6436,6947,12327,12798
6942,6436,12327,12328
6942,6437,12328,12329
6942,6438,12329,12330
6948,6601,12331,13569
6602,6948,12331,12332
6949,6948,12332,13570
6602,6949,12332,12333
6950,6949,12333,13570
6602,6950,12333,12337
6607,6950,12334,13571
6950,6605,12334,12335
6950,6604,12335,12336
6950,6603,12336,12337
6536,6951,12338,13410
6951,6783,12338,13464,82
6783,6536,12338,12339
6783,6534,12339,13508
6223,6569,12340,12348
6569,1057,12341,12342
6952,1057,12342,12480
6569,6952,12342,12343
6953,6952,12343,12479
6569,6953,12343,12344
6954,6953,12344,12479
6569,6954,12344,12348
1054,6955,12345,12482
6955,6226,12345,12346
6955,6225,12346,12347
6955,6223,12347,12349
6223,6954,12348,12349
6955,6954,12349,12483
6920,6434,12350,12351
6956,6434,12351,12649
6920,6956,12351,12352
6957,6956,12352,12654
6920,6957,12352,12353
6958,6957,12353,12653
6920,6958,12353,12354
947,6958,12354,12815
6920,947,12354,12356
947,6921,12355,12356
1111,1115,12357,12358
1111,1118,12358,12359
6932,1118,12359,-2661
6742,6772,12360,12361
6742,6746,12361,12363
6746,6744,12362,12363
6737,6919,12364,12365
6959,6919,12365,12402
6737,6959,12365,12374
6960,6961,12366,12415
6961,6962,12366,12416
6962,6960,12366,12376
6963,6964,12367,12414
6964,6960,12367,12415
6960,6963,12367,12368
6965,6963,12368,12468
6960,6965,12368,12369
6785,6965,12369,12467
6960,6785,12369,12370
6960,6786,12370,12371
6960,6784,12371,12372
6960,6738,12372,12373
6960,6739,12373,12376
6739,6959,12374,12375
6962,6959,12375,12416
6739,6962,12375,12376
6649,6529,12377,12425
6530,6649,12377,12378
6530,6647,12378,12379
6966,6647,12379,12663
6530,6966,12379,12380
6967,6966,12380,12852
6530,6967,12380,12381
6968,6967,12381,12851
6530,6968,12381,12382
6969,6968,12382,13175
6530,6969,12382,12383
6970,6969,12383,13436,337
6530,6970,12383,12388
6971,6972,12384,13435,337
6972,6970,12384,13457,337
6970,6971,12384,12388
6900,6971,12385,13435,337
6971,6610,12385,12386
6971,6611,12386,12387
6971,6530,12387,12388
6973,6974,12389,13582
6974,6975,12389,13606
6975,6973,12389,12396
6891,6976,12390,13584
6976,6977,12390,13583
6977,6891,12390,12391
6978,6891,12391,13580
6977,6978,12391,12392
6979,6978,12392,13581
6977,6979,12392,12393
6980,6979,12393,13581
6977,6980,12393,12394
6981,6980,12394,13604
6977,6981,12394,12395
6982,6981,12395,13605
6977,6982,12395,12397
6975,6982,12396,13616
6982,6973,12396,12397
6977,6973,12397,13582
6550,6843,12398,12399
6983,6843,12399,12478
6550,6983,12399,12400
6984,6983,12400,12477
6550,6984,12400,12401
6763,6984,12401,12695
6959,6867,12402,12417
6868,6866,12403,12419
6985,6864,12404,-1
6866,6985,12404,12405
6986,6985,12405,13337
6866,6986,12405,12406
6987,6986,12406,13337
6866,6987,12406,12407
6988,6987,12407,13336
6866,6988,12407,12408
6989,6988,12408,13336
6866,6989,12408,12419
6990,6991,12409,-1
6991,6989,12409,13339
6989,6990,12409,12410
6992,6990,12410,12959
6989,6992,12410,12420
6710,6992,12411,12958
6992,6709,12411,12412
6993,6709,12412,12471
6992,6993,12412,12413
6994,6993,12413,12470
6992,6994,12413,12421
6963,6994,12414,12469
6994,6964,12414,12422
6964,6961,12415,12423
6961,6959,12416,12417
6961,6867,12417,12418
6961,6868,12418,12423
6868,6989,12419,12420
6868,6992,12420,12421
6868,6994,12421,12422
6868,6964,12422,12423
6658,6529,12424,12425
6658,6649,12425,12432
6649,6651,12426,12433
6651,6653,12427,12428
6651,6655,12428,12429
6651,6654,12429,12433
6654,6657,12430,12431
6654,6658,12431,12432
6654,6649,12432,12433
6138,6907,12434,12435
6138,6906,12435,12436
6995,6906,12436,12588
6138,6995,12436,12437
6996,6995,12437,12974
6138,6996,12437,12441
6997,6998,12438,12878
6998,6996,12438,12879
6996,6997,12438,12441
6140,6999,12439,12539
6999,6997,12439,12878
6997,6140,12439,12440
6997,6138,12440,12441
7000,6648,12442,12666
6646,7000,12442,12446
7001,7002,12443,12854
7002,7000,12443,12666
7000,7001,12443,12444
7003,7001,12444,12565
7000,7003,12444,12445
7004,7003,12445,12572
7000,7004,12445,12446
6646,7004,12446,12571
6080,5498,12447,12448
6080,6761,12448,12449
6936,6761,12449,12550
6080,6936,12449,12450
6360,6358,12451,12452
6360,6357,12452,12453
7005,6357,12453,12555
6360,7005,12453,12491
6661,6641,12454,12460
7006,6639,12455,12630
6641,7006,12455,12456
7007,7006,12456,13417,337
6641,7007,12456,12457
6643,7007,12457,12561
6641,6643,12457,12458
6641,6644,12458,12459
6641,6662,12459,12460
6843,6841,12461,12465
6841,6863,12462,12463
7008,6863,12463,12643
6841,7008,12463,12464
7009,7008,12464,12603
6841,7009,12464,12465
6843,7009,12465,12474
847,6785,12466,12467
847,6965,12467,12468
847,6963,12468,12469
847,6994,12469,12470
847,6993,12470,12471
847,6709,12471,12472
847,6149,12472,12473
7010,7009,12474,12606
6843,7010,12474,12475
7011,7010,12475,12866
6843,7011,12475,12476
7012,7011,12476,12858
6843,7012,12476,12478
6984,7012,12477,12696
7012,6983,12477,12478
6954,6952,12479,12483
6952,1056,12480,12481
6952,1054,12481,12482
6952,6955,12482,12483
5189,6727,12484,-1624
6728,5189,12484,12485
6728,6698,12485,12486
6728,6696,12486,12487
6728,6697,12487,12488
6728,6693,12488,12490
6730,6693,12489,12518
6693,6729,12489,12490
6361,7005,12491,12492
1089,7005,12492,12558
6361,1089,12492,12493
6361,1088,12493,12494
6361,1087,12494,12495
6363,1087,12495,12515
6940,7013,12496,13473
7013,6941,12496,12497
7013,6942,12497,12498
7013,6944,12498,12506
6944,6945,12499,12500
7014,6945,12500,12707
6944,7014,12500,12501
7015,7014,12501,13401
6944,7015,12501,12502
6635,7015,12502,13510
6944,6635,12502,12503
6633,6635,12503,13415,337
6944,6633,12503,12504
7016,6633,12504,13509
6944,7016,12504,12506
7013,6630,12505,13414,337
6630,7016,12505,13509
7016,7013,12505,12506
6847,6916,12507,12508
6847,6917,12508,12513
6917,6915,12509,12514
6915,6850,12510,12511
6915,6849,12511,12514
6849,6847,12512,12513
6849,6917,12513,12514
6362,1087,12515,12516
6362,1084,12516,12517
5182,6693,12518,12519
5182,6694,12519,12520
7017,6694,12520,12732
5182,7017,12520,12521
7018,7017,12521,12735
5182,7018,12521,12522
7019,7018,12522,12658
5182,7019,12522,12523
5181,7019,12523,12657
6846,6844,12524,12525
6846,6852,12525,12526
7020,7021,12527,13575
7021,7022,12527,13574
7022,7020,12527,12532
7023,7024,12528,13576
7024,7020,12528,13575
7020,7023,12528,12529
7025,7023,12529,12667
7020,7025,12529,12530
6609,7025,12530,12667
7020,6609,12530,12533
7026,6606,12531,13572
6609,7026,12531,12533
7022,7026,12532,13573
7026,7020,12532,12533
7027,7028,12534,-2788
7028,7029,12534,-2788
7029,7027,12534,12535
7030,7027,12535,-2788
7029,7030,12535,12536
7031,7030,12536,-2788
7029,7031,12536,12537
7032,7031,12537,-2788
7029,7032,12537,-2788
6924,6140,12538,12539
6924,6999,12539,12540
7033,6999,12540,12887
6924,7033,12540,12541
7034,7033,12541,12886
6924,7034,12541,12547
7035,7036,12542,12914
7036,7037,12542,12915
7037,7035,12542,12543
7038,7035,12543,12956
7037,7038,12543,12544
6928,7038,12544,12776
7037,6928,12544,12545
7037,6925,12545,12546
7037,6926,12546,12549
6926,7034,12547,12548
7039,7034,12548,12907
6926,7039,12548,12549
7037,7039,12549,12916
6936,6760,12550,12551
6936,6759,12551,12552
6936,6756,12552,12553
7040,6756,12553,12738
6936,7040,12553,12554
6937,7040,12554,12737
7005,1069,12555,12556
7005,1091,12556,12557
7005,1090,12557,12558
7041,7042,12559,-933
7042,7043,12559,-933
7043,7041,12559,12560
7044,7041,12560,-933
7043,7044,12560,-933
7045,7007,12561,13411,337
6643,7045,12561,12562
7046,7045,12562,13413,337
6643,7046,12562,12563
7047,7046,12563,13434
6643,7047,12563,12570
7001,7048,12564,12855
7048,7047,12564,12856
7047,7001,12564,12565
7047,7003,12565,12566
7049,7003,12566,12572
7047,7049,12566,12567
7050,7049,12567,12573
7047,7050,12567,12570
6645,7050,12568,12573
7050,6642,12568,12569
7050,6643,12569,12570
6645,7004,12571,12574
7004,7049,12572,12574
7049,6645,12573,12574
6498,6927,12575,12576
7051,6927,12576,12775
6498,7051,12576,12577
7052,7051,12577,12780
6498,7052,12577,12584
7053,7054,12578,12779
7054,7052,12578,12780
7052,7053,12578,12579
7055,7053,12579,13117
7052,7055,12579,12584
7056,7057,12580,-1
7057,7055,12580,13117
7055,7056,12580,12581
7058,7056,12581,12687
7055,7058,12581,12582
7059,7058,12582,12688
7055,7059,12582,12583
6498,7059,12583,12619
7055,6498,12583,12584
6780,7060,12585,13466
7060,6951,12585,13467
6951,6780,12585,12586
6951,6778,12586,12587
6951,6906,12587,12588
6951,6995,12588,12589
7061,6995,12589,12974
6951,7061,12589,12590
7062,7061,12590,12975
6951,7062,12590,12591
7063,7062,12591,12976
6951,7063,12591,12592
7064,7063,12592,13329
6951,7064,12592,12598
7065,7066,12593,-1621
7066,7064,12593,13329
7064,7065,12593,12594
7067,7065,12594,-1622
7064,7067,12594,12595
7068,7067,12595,13386
7064,7068,12595,12596
7069,7068,12596,13385
7064,7069,12596,12598
6951,7070,12597,13410,82
7070,7069,12597,13384
7069,6951,12597,12598
6747,6771,12599,12600
7071,6771,12600,13249
6747,7071,12600,12601
6749,7071,12601,13252
6747,6749,12601,12602
7072,7008,12603,12648
7009,7072,12603,12604
6858,7072,12604,12647
7009,6858,12604,12605
7009,6857,12605,12606
7010,6857,12606,12866
6934,1116,12607,12608
6934,1119,12608,12609
6934,6822,12609,12612
7073,7074,12610,12727
7074,6822,12610,12728
6822,7073,12610,12612
6935,7073,12611,12727
7073,6934,12611,12612
6500,6567,12613,12623
7075,6568,12614,-1
6567,7075,12614,12627
7076,7077,12615,13409,98
7077,7075,12615,13111
7075,7076,12615,12624
7078,7079,12616,12694
7079,7080,12616,13407,98
7080,7078,12616,12617
7081,7078,12617,12693
7080,7081,12617,12621
7082,7083,12618,12691
7083,7084,12618,12692
7084,7082,12618,12626
7059,7085,12619,12689
7085,6498,12619,12620
7085,6500,12620,12622
7080,7076,12621,13408,98
7076,7081,12621,12624
7085,7082,12622,12690
7082,6500,12622,12623
7082,6567,12623,12626
7075,7081,12624,12625
7084,7081,12625,12692
7075,7084,12625,12627
7084,6567,12626,12627
6586,6585,12628,12629
6586,6584,12629,13527
7006,6638,12630,12631
7006,6637,12631,12634
7086,7087,12632,13398
7087,6637,12632,13400,337
6637,7086,12632,12633
7088,7086,12633,13398
6637,7088,12633,12634
7006,7088,12634,13402,337
1129,1005,12635,12636
7089,1005,12636,12685
1129,7089,12636,12637
7090,7089,12637,12684
1129,7090,12637,12642
7091,7092,12638,12982
7092,7090,12638,12683
7090,7091,12638,12639
1125,7091,12639,12952
7090,1125,12639,12640
7090,1127,12640,12642
1127,1129,12641,12642
7008,6862,12643,12644
7008,6861,12644,12645
7008,6860,12645,12646
7008,6859,12646,12648
6859,7072,12647,12648
6956,6433,12649,12650
7093,6433,12650,12848
6956,7093,12650,12655
7094,7095,12651,12809
7095,7093,12651,13007
7093,7094,12651,12656
7096,7097,12652,12808
7097,7094,12652,12809
7094,7096,12652,12656
6958,7096,12653,12808
7096,6957,12653,12654
7096,6956,12654,12655
7096,7093,12655,12656
5179,7019,12657,12658
5179,7018,12658,12659
7098,7018,12659,12735
5179,7098,12659,12660
6692,7098,12660,12734
5179,6692,12660,12661
5179,6690,12661,12662
6648,6966,12663,12664
7099,6966,12664,12853
6648,7099,12664,12665
7002,7099,12665,12853
6648,7002,12665,12666
6609,7023,12667,12668
7100,7023,12668,13576
6609,7100,12668,12672
6895,6898,12669,12670
6895,6897,12670,12671
6895,6608,12671,12673
6608,7100,12672,12673
6895,7100,12673,13577
7101,7102,12674,-902
7102,7103,12674,-902
7103,7101,12674,12675
7104,7101,12675,-902
7103,7104,12675,12679
7105,7106,12676,-902
7106,7104,12676,-902
7104,7105,12676,12677
7107,7105,12677,-902
7104,7107,12677,12679
7103,7108,12678,-902
7108,7107,12678,-902
7107,7103,12678,12679
7109,1002,12680,12773
1005,7109,12680,12681
7110,7109,12681,12773
1005,7110,12681,12685
7092,7111,12682,12982
7111,7110,12682,12772
7110,7092,12682,12683
7110,7090,12683,12684
7110,7089,12684,12685
7056,7112,12686,-1
7112,7079,12686,13399,98
7079,7056,12686,12687
7079,7058,12687,12688
7079,7059,12688,12689
7079,7085,12689,12690
7079,7082,12690,12691
7079,7083,12691,12694
7083,7081,12692,12693
7083,7078,12693,12694
6766,6984,12695,12696
6766,7012,12696,12697
7113,7012,12697,12858
6766,7113,12697,12698
7114,7113,12698,12865
6766,7114,12698,12699
7115,7114,12699,12864
6766,7115,12699,12700
7116,7115,12700,12863
6766,7116,12700,12701
7117,7116,12701,12862
6766,7117,12701,12706
6770,7118,12702,13250
7118,7117,12702,-1
7117,6770,12702,12703
7117,6769,12703,12704
7117,6767,12704,12705
6765,6767,12705,12939
7117,6765,12705,12706
7014,7087,12707,13401
7087,6945,12707,12708
7087,6946,12708,12726
7119,7120,12709,12800
7120,6947,12709,12799
6947,7119,12709,12710
7121,7119,12710,12800
6947,7121,12710,12722
7122,7123,12711,13029
7123,7121,12711,12801
7121,7122,12711,12712
7124,7122,12712,12920
7121,7124,12712,12713
7125,7124,12713,12921
7121,7125,12713,12714
7126,7125,12714,12922
7121,7126,12714,12723
7127,7128,12715,12918
7128,7129,12715,12917
7129,7127,12715,12725
7130,7131,12716,13031
7131,7127,12716,13030
7127,7130,12716,12717
7132,7130,12717,12832
7127,7132,12717,12718
7133,7132,12718,12816
7127,7133,12718,12719
7088,7133,12719,13402
7127,7088,12719,12720
7134,7088,12720,13397,337
7127,7134,12720,12721
7087,7134,12721,13397,337
7127,7087,12721,12725
6946,7121,12722,12723
6946,7126,12723,12724
7129,7126,12724,12917
6946,7129,12724,12726
7129,7087,12725,12726
6935,7074,12727,12731
7074,6823,12728,12729
7074,6825,12729,12730
7074,6824,12730,12731
7017,6695,12732,12733
7017,6691,12733,12736
6691,7098,12734,12736
7098,7017,12735,12736
6910,7040,12737,12738
6910,6756,12738,12739
6910,6757,12739,12740
6753,6757,12740,13082
6910,6753,12740,12741
977,6227,12742,12743
7135,6227,12743,12754
977,7135,12743,12748
7136,7137,12744,12876
7137,7135,12744,12754
7135,7136,12744,12748
7138,7139,12745,13159
7139,7136,12745,12875
7136,7138,12745,12749
978,7140,12746,13158
7140,7138,12746,13159
7138,978,12746,12747
7138,977,12747,12749
977,7136,12748,12749
7141,1055,12750,12760
6227,7141,12750,12751
7142,7141,12751,12759
6227,7142,12751,12752
7143,7142,12752,12871
6227,7143,12752,12753
7137,7143,12753,12876
6227,7137,12753,12754
1055,1050,12755,12761
7144,7145,12756,13156
7145,1050,12756,-1
1050,7144,12756,12757
7146,7144,12757,12873
1050,7146,12757,12761
7147,7148,12758,12872
7148,7146,12758,12873
7146,7147,12758,12762
7142,7147,12759,12871
7147,7141,12759,12760
7147,1055,12760,12762
1055,7146,12761,12762
7149,1003,12763,12903
1002,7149,12763,12764
7150,7149,12764,12902
1002,7150,12764,12765
7151,7150,12765,12902
1002,7151,12765,12766
7152,7151,12766,12901
1002,7152,12766,12767
7153,7152,12767,13211
1002,7153,12767,12774
7154,7155,12768,13321
7155,7153,12768,13220
7153,7154,12768,12769
7156,7154,12769,13346
7153,7156,12769,12770
7157,7156,12770,13237
7153,7157,12770,12771
7111,7157,12771,12983
7153,7111,12771,12772
7153,7110,12772,12774
7110,1002,12773,12774
7051,6928,12775,12776
7051,7038,12776,12777
7158,7038,12777,12956
7051,7158,12777,12778
7053,7158,12778,13114
7051,7053,12778,12779
7051,7054,12779,12780
7159,6476,12781,13392,211
6476,7160,12781,13526
7160,7159,12781,12792
6571,7161,12782,-1
7161,7162,12782,13391,211
7162,6571,12782,12783
7162,6573,12783,12793
6573,6574,12784,12785
6573,6577,12785,12786
6573,6576,12786,12787
7163,6576,12787,13135
6573,7163,12787,12793
7164,7165,12788,13136
7165,7163,12788,13135
7163,7164,12788,12789
7166,7164,12789,13137
7163,7166,12789,12797
6579,7167,12790,-677
7167,6580,12790,12794
7160,6581,12791,-934
6580,7160,12791,12792
6580,7159,12792,12795
7162,7163,12793,12796
7167,7166,12794,-677
7166,6580,12794,12795
7166,7159,12795,12797
7162,7159,12796,13391,211
7159,7163,12796,12797
6435,6947,12798,12799
6435,7120,12799,12804
7120,7121,12800,12801
7120,7123,12801,12802
7168,7123,12802,13029
7120,7168,12802,12803
7169,7168,12803,13028
7120,7169,12803,12804
6435,7169,12804,12846
7170,7171,12805,-901
7171,7172,12805,-901
7172,7170,12805,12806
7173,7170,12806,-901
7172,7173,12806,12807
7174,7173,12807,-901
7172,7174,12807,-901
6958,7097,12808,12815
7097,7095,12809,12810
7175,7095,12810,13009
7097,7175,12810,12811
7176,7175,12811,13147
7097,7176,12811,12812
7177,7176,12812,13089
7097,7177,12812,12813
944,7177,12813,12999
7097,944,12813,12814
7097,947,12814,12815
7178,7133,12816,13403
7132,7178,12816,12817
7179,7178,12817,13430
7132,7179,12817,12833
7180,7181,12818,13420
7181,7182,12818,13419
7182,7180,12818,12819
7183,7180,12819,13421
7182,7183,12819,12834
7184,7185,12820,13432
7185,7183,12820,13422
7183,7184,12820,12821
7186,7184,12821,13423
7183,7186,12821,12822
7187,7186,12822,13423
7183,7187,12822,12834
7188,7189,12823,-1
7189,7190,12823,13377
7190,7188,12823,12824
7191,7188,12824,13046
7190,7191,12824,12825
7192,7191,12825,13045
7190,7192,12825,12836
7193,7194,12826,13051
7194,7195,12826,13044
7195,7193,12826,12837
7196,7197,12827,13272
7197,7193,12827,13050
7193,7196,12827,12828
7198,7196,12828,13165
7193,7198,12828,12829
7199,7198,12829,13165
7193,7199,12829,12830
7200,7199,12830,13164
7193,7200,12830,12831
7130,7200,12831,13032
7193,7130,12831,12832
7193,7132,12832,12833
7193,7179,12833,12837
7182,7187,12834,12835
7190,7187,12835,13376
7182,7190,12835,12836
7182,7192,12836,12838
7195,7179,12837,12839
7182,7201,12838,13418
7201,7192,12838,12840
7195,7192,12839,13044
7192,7179,12839,12840
7201,7179,12840,13418
7202,7203,12841,13390,82
7203,7070,12841,13384,82
7070,7202,12841,12845
6539,7204,12842,-1
7204,7202,12842,13389,82
7202,6539,12842,12843
7202,6537,12843,12844
7202,6536,12844,12845
7070,6536,12845,13410
6433,7169,12846,12847
7205,7169,12847,13028
6433,7205,12847,12848
7093,7205,12848,13007
7206,7207,12849,13382,337
7207,7208,12849,13373,337
7208,7206,12849,12850
6968,7206,12850,13175
7208,6968,12850,12851
7208,6967,12851,12852
7208,6966,12852,12857
6966,7002,12853,12854
6966,7001,12854,12855
6966,7048,12855,12857
7208,7047,12856,13434
7048,7208,12856,12857
7113,7011,12858,12859
7209,7011,12859,12870
7113,7209,12859,12860
7210,7209,12860,13352
7113,7210,12860,12861
7211,7210,12861,13353
7113,7211,12861,12865
7117,7211,12862,-1
7211,7116,12862,12863
7211,7115,12863,12864
7211,7114,12864,12865
7011,6857,12866,12867
7011,6856,12867,12868
7011,6854,12868,12869
7212,6854,12869,-1
7011,7212,12869,12870
7209,7212,12870,13352
7143,7147,12871,12872
7143,7148,12872,12877
7148,7144,12873,12874
7139,7144,12874,13156
7148,7139,12874,12875
7148,7136,12875,12877
7136,7143,12876,12877
6999,6998,12878,12879
6999,6996,12879,12880
7213,6996,12880,12981
6999,7213,12880,12881
7214,7213,12881,12980
6999,7214,12881,12882
7215,7214,12882,-1
6999,7215,12882,12883
7216,7215,12883,13231
6999,7216,12883,12887
7217,7218,12884,12908
7218,7216,12884,13231
7216,7217,12884,12885
7034,7217,12885,12907
7216,7034,12885,12886
7216,7033,12886,12887
655,7219,12888,-903
7219,980,12888,12889
7219,981,12889,12890
648,981,12890,-1
7219,648,12890,12892
648,652,12891,12892
7219,652,12892,-903
7220,7221,12893,-630
7221,7222,12893,-630
7222,7220,12893,12894
7223,7220,12894,-630
7222,7223,12894,12895
7224,7223,12895,-630
7222,7224,12895,12898
7225,7226,12896,-630
7226,7224,12896,-630
7224,7225,12896,12898
7222,7227,12897,-630
7227,7225,12897,-630
7225,7222,12897,12898
1001,5052,12899,12904
7152,7228,12900,13211
7228,7229,12900,12990
7229,7152,12900,12901
7229,7151,12901,12906
7151,7149,12902,12903
7151,1003,12903,12906
1003,5052,12904,12905
7229,5052,12905,12986
1003,7229,12905,12906
7039,7217,12907,12908
7039,7218,12908,12909
7230,7218,12909,13182
7039,7230,12909,12910
7231,7230,12910,13184
7039,7231,12910,12911
7232,7231,12911,13183
7039,7232,12911,12916
7233,7234,12912,13115
7234,7232,12912,-1
7232,7233,12912,12913
7035,7233,12913,12957
7232,7035,12913,12914
7232,7036,12914,12915
7232,7037,12915,12916
7126,7128,12917,12922
7235,7127,12918,13030
7128,7235,12918,12919
7122,7235,12919,13043
7128,7122,12919,12920
7128,7124,12920,12921
7128,7125,12921,12922
6795,7236,12923,13296
7236,7237,12923,13367
7237,6795,12923,12924
7237,6796,12924,12929
6796,6793,12925,12926
6796,6792,12926,12927
6796,6791,12927,12928
7238,6791,12928,13372,337
6796,7238,12928,12929
7237,7238,12929,13371,337
1120,1122,12930,12931
7239,1122,12931,12965
1120,7239,12931,12932
7240,7239,12932,13053
1120,7240,12932,12933
7241,7240,12933,13059
1120,7241,12933,12934
7242,7241,12934,13131
1120,7242,12934,12935
7243,7242,12935,13010
1120,7243,12935,12936
6820,7243,12936,13010
1120,6820,12936,12938
6820,6821,12937,12938
6765,6768,12939,12940
6723,6721,12941,12947
6721,6718,12942,12943
6721,6716,12943,12947
6855,6717,12944,-1
6716,6855,12944,12945
6716,6853,12945,12946
6716,6723,12946,12947
6715,6711,12948,12961
6712,6715,12948,12949
1123,1126,12950,12951
1123,1125,12951,12952
1123,7091,12952,12953
7244,7091,12953,12985
1123,7244,12953,12955
7245,7246,12954,13099
7246,7244,12954,13100
7244,7245,12954,12955
1123,7245,12955,12962
7158,7035,12956,12957
7158,7233,12957,13114
6711,6992,12958,12959
6711,6990,12959,12960
6714,6990,12960,-1
6711,6714,12960,12961
1122,7245,12962,12963
7247,7245,12963,13099
1122,7247,12963,12964
7248,7247,12964,13103
1122,7248,12964,12965
7239,7248,12965,13053
7249,7237,12966,13371
7237,7250,12966,13367,337
7250,7249,12966,12972
7251,7252,12967,13369
7252,7249,12967,13370
7249,7251,12967,12968
7253,7251,12968,13496
7249,7253,12968,12973
7254,7255,12969,-101
7255,7253,12969,13443
7253,7254,12969,12970
7256,7254,12970,13229
7253,7256,12970,12973
7250,7257,12971,13356
7257,7256,12971,-1
7256,7250,12971,12972
7256,7249,12972,12973
6996,7061,12974,12975
6996,7062,12975,12976
6996,7063,12976,12977
7258,7063,12977,13334
6996,7258,12977,12978
7259,7258,12978,13333
6996,7259,12978,12979
7260,7259,12979,13333
6996,7260,12979,12981
7214,7260,12980,-1
7260,7213,12980,12981
7091,7111,12982,12983
7091,7157,12983,12984
7261,7157,12984,13236
7091,7261,12984,12985
7244,7261,12985,13101
7229,5050,12986,12987
7262,5050,12987,13177
7229,7262,12987,12988
7263,7262,12988,13176
7229,7263,12988,12989
7264,7263,12989,13176
7229,7264,12989,12990
7228,7264,12990,13212
6542,6705,12991,12992
6542,6706,12992,12998
6706,6702,12993,12994
6706,6703,12994,12995
6538,6703,12995,-1
6706,6538,12995,12996
6706,6540,12996,12997
6706,6541,12997,12998
945,7177,12999,13000
7265,7177,13000,13094
945,7265,13000,13001
7266,7265,13001,13093
945,7266,13001,13005
7267,7268,13002,13209
7268,7269,13002,13210
7269,7267,13002,13003
7270,7267,13003,13085
7269,7270,13003,13006
945,7271,13004,13084
7271,7270,13004,13085
7270,945,13004,13005
7270,7266,13005,13006
7269,7266,13006,13092
7095,7205,13007,13008
7272,7205,13008,13041
7095,7272,13008,13009
7175,7272,13009,13139
6820,7242,13010,13011
7273,7242,13011,13130
6820,7273,13011,13012
7274,7273,13012,13129
6820,7274,13012,13019
7275,7276,13013,13127
7276,7274,13013,13128
7274,7275,13013,13014
7277,7275,13014,13305
7274,7277,13014,13015
7278,7277,13015,13149
7274,7278,13015,13019
6816,7279,13016,13314
7279,7278,13016,13149
7278,6816,13016,13017
7278,6818,13017,13018
7278,6820,13018,13019
6700,6752,13020,13021
6700,6751,13021,13022
7280,6751,13022,-1
6700,7280,13022,13026
7281,7282,13023,13221
7282,7280,13023,13222
7280,7281,13023,13026
6701,7283,13024,-1
7283,7284,13024,13223
7284,6701,13024,13025
7284,6700,13025,13027
6700,7281,13026,13027
7284,7281,13027,13221
7205,7168,13028,13041
7168,7122,13029,13042
7235,7131,13030,13031
7235,7130,13031,13032
7235,7200,13032,13033
7285,7200,13033,13164
7235,7285,13033,13034
7286,7285,13034,13171
7235,7286,13034,13035
7287,7286,13035,13170
7235,7287,13035,13036
7288,7287,13036,13169
7235,7288,13036,13037
7289,7288,13037,13245
7235,7289,13037,13038
7290,7289,13038,13248
7235,7290,13038,13039
7291,7290,13039,13224
7235,7291,13039,13040
7272,7291,13040,13139
7235,7272,13040,13043
7272,7168,13041,13042
7272,7122,13042,13043
7194,7192,13044,13045
7194,7191,13045,13046
7194,7188,13046,13047
7292,7188,13047,-1
7194,7292,13047,13052
7293,7294,13048,13285
7294,7292,13048,13286
7292,7293,13048,13052
7197,7295,13049,13272
7295,7293,13049,13285
7293,7197,13049,13050
7293,7193,13050,13051
7293,7194,13051,13052
7240,7248,13053,13054
7296,7248,13054,13103
7240,7296,13054,13055
7297,7296,13055,13241
7240,7297,13055,13060
7298,7299,13056,13300
7299,7297,13056,13318
7297,7298,13056,13057
7300,7298,13057,13125
7297,7300,13057,13061
7301,7302,13058,13124
7302,7300,13058,13125
7300,7301,13058,13061
7241,7303,13059,13123
7303,7240,13059,13060
7303,7297,13060,13062
7297,7301,13061,13062
7303,7301,13062,13123
1085,1082,13063,13064
1085,1083,13064,13065
6804,6834,13066,13076
6834,6807,13067,13077
7304,6810,13068,13266
6806,7304,13068,13069
7305,7304,13069,-1
6806,7305,13069,13070
7306,7305,13070,13294
6806,7306,13070,13078
6797,7307,13071,13295
7307,7306,13071,13299
7306,6797,13071,13072
7306,6798,13072,13079
6798,6800,13073,13080
6800,6802,13074,13075
6800,6803,13075,13081
6803,6834,13076,13077
6803,6807,13077,13081
6807,7306,13078,13079
6807,6798,13079,13080
6807,6800,13080,13081
6753,6758,13082,13083
946,7271,13084,13088
7271,7267,13085,13086
941,7267,13086,13208
7271,941,13086,13087
7271,943,13087,13088
7308,7176,13089,13146
7177,7308,13089,13090
7309,7308,13090,13145
7177,7309,13090,13094
7269,7310,13091,13205
7310,7309,13091,13161
7309,7269,13091,13092
7309,7266,13092,13093
7309,7265,13093,13094
7311,7312,13095,13122
7312,7313,13095,13440
7313,7311,13095,13098
7314,7315,13096,-1
7315,7311,13096,13121
7311,7314,13096,13097
7316,7314,13097,13439
7311,7316,13097,13098
7313,7316,13098,13453
7247,7246,13099,13100
7247,7244,13100,13101
7247,7261,13101,13102
7296,7261,13102,13236
7247,7296,13102,13103
7317,7318,13104,-1
7318,7319,13104,13277
7319,7317,13104,13105
7320,7317,13105,13326
7319,7320,13105,13106
7321,7320,13106,13327
7319,7321,13106,13107
7322,7321,13107,13328
7319,7322,13107,13108
7323,7322,13108,13154
7319,7323,13108,13109
7077,7323,13109,13404
7319,7077,13109,13110
7324,7077,13110,13111,98
7319,7324,13110,13113
7324,7075,13111,13112
7325,7075,13112,-1
7324,7325,13112,13113
7319,7325,13113,13277
7053,7233,13114,13115
7053,7234,13115,13116
7057,7234,13116,-1
7053,7057,13116,13117
7326,7327,13118,13441
7327,7312,13118,13440
7312,7326,13118,13122
7328,7329,13119,13461
7329,7326,13119,13441
7326,7328,13119,13120
7315,7328,13120,-1
7326,7315,13120,13121
7326,7311,13121,13122
7241,7301,13123,13124
7241,7302,13124,13131
7302,7298,13125,13126
7275,7298,13126,13300
7302,7275,13126,13127
7302,7276,13127,13128
7302,7274,13128,13129
7302,7273,13129,13130
7302,7242,13130,13131
6579,7330,13132,-933
7330,6578,13132,13133
7330,6575,13133,13134
7330,6576,13134,13138
6576,7165,13135,13136
6576,7164,13136,13138
7330,7166,13137,-933
7164,7330,13137,13138
7175,7291,13139,13140
7331,7291,13140,13224
7175,7331,13140,13141
7332,7331,13141,13227
7175,7332,13141,13142
7333,7332,13142,13244
7175,7333,13142,13143
7334,7333,13143,13244
7175,7334,13143,13148
7335,7336,13144,13162
7336,7334,13144,-1
7334,7335,13144,13148
7309,7335,13145,13161
7335,7308,13145,13146
7335,7176,13146,13147
7335,7175,13147,13148
7279,7277,13149,13151
7337,7338,13150,13303
7338,7277,13150,13304
7277,7337,13150,13151
7279,7337,13151,13315
7339,7340,13152,13405
7340,7323,13152,13404
7323,7339,13152,13155
7341,7342,13153,13325
7342,7339,13153,-1
7339,7341,13153,13155
7322,7341,13154,13325
7341,7323,13154,13155
7139,7145,13156,13157
979,7145,13157,-1
7139,979,13157,13160
979,7140,13158,13160
7140,7139,13159,13160
7310,7335,13161,13162
7310,7336,13162,13163
7343,7336,13163,-1
7310,7343,13163,13205
7285,7199,13164,13172
7199,7196,13165,13173
7344,7345,13166,13275
7345,7196,13166,13276
7196,7344,13166,13167
7346,7344,13167,13258
7196,7346,13167,13173
7288,7347,13168,13245
7347,7348,13168,13261
7348,7288,13168,13169
7348,7287,13169,13170
7348,7286,13170,13171
7348,7285,13171,13172
7348,7199,13172,13174
7199,7346,13173,13174
7348,7346,13174,13258
6969,7206,13175,13357,337
7264,7262,13176,13181
7262,5051,13177,13178
7349,5051,13178,-1
7262,7349,13178,13179
7350,7349,13179,13311
7262,7350,13179,13180
7351,7350,13180,13310
7262,7351,13180,13181
7264,7351,13181,13213
7352,7218,13182,13232
7230,7352,13182,13184
7232,7352,13183,-1
7352,7231,13183,13184
7353,7354,13185,13388
7354,7067,13185,13387
7067,7353,13185,13190
7355,7356,13186,13350
7356,7353,13186,-1
7353,7355,13186,13190
7357,7358,13187,-1
7358,7359,13187,13351
7359,7357,13187,13188
7360,7357,13188,13331
7359,7360,13188,13192
7067,7361,13189,-8790
7361,7360,13189,13330
7360,7067,13189,13192
7067,7355,13190,13191
7359,7355,13191,13350
7067,7359,13191,13192
1052,1048,13193,13194
1052,1046,13194,13195
1052,1047,13195,13201
7362,7363,13196,13342
7363,1047,13196,-1
1047,7362,13196,13201
7364,7365,13197,13345
7365,7366,13197,13341
7366,7364,13197,13198
7367,7364,13198,13340
7366,7367,13198,13203
1051,7368,13199,-1
7368,7369,13199,13344
7369,1051,13199,13200
7369,1052,13200,13204
1052,7362,13201,13202
7366,7362,13202,13341
1052,7366,13202,13203
1052,7367,13203,13204
7369,7367,13204,13340
7269,7343,13205,13210
942,7370,13206,13306
7370,7343,13206,-1
7343,942,13206,13207
7343,941,13207,13208
7343,7267,13208,13209
7343,7268,13209,13210
7153,7228,13211,13212
7153,7264,13212,13213
7153,7351,13213,13214
7371,7351,13214,13310
7153,7371,13214,13220
7372,7373,13215,13312
7373,7371,13215,13313
7371,7372,13215,13216
7374,7372,13216,-1
7371,7374,13216,13217
7375,7374,13217,13323
7371,7375,13217,13218
7376,7375,13218,13322
7371,7376,13218,13219
7155,7376,13219,13321
7371,7155,13219,13220
7284,7282,13221,13222
7284,7280,13222,13223
7283,7280,13223,-1
7331,7290,13224,13225
7377,7290,13225,13248
7331,7377,13225,13228
7378,7379,13226,13242
7379,7377,13226,-1
7377,7378,13226,13228
7332,7378,13227,13242
7378,7331,13227,13228
7254,7380,13229,-100
7380,7256,13229,13230
7381,7256,13230,-1
7380,7381,13230,-197
7218,7215,13231,13232
7352,7215,13232,-1
6871,1078,13233,13234
7382,1078,13234,13270
6871,7382,13234,13235
6872,7382,13235,-1
7296,7157,13236,13237
7296,7156,13237,13238
7383,7156,13238,13346
7296,7383,13238,13239
7384,7383,13239,13349
7296,7384,13239,13240
7385,7384,13240,13354
7296,7385,13240,13241
7297,7385,13241,13318
7332,7379,13242,13243
7334,7379,13243,-1
7332,7334,13243,13244
7289,7347,13245,13246
7386,7347,13246,13261
7289,7386,13246,13247
7377,7386,13247,-1
7289,7377,13247,13248
7071,6770,13249,13250
7071,7118,13250,13251
6748,7118,13251,-1
7071,6748,13251,13252
7387,7388,13253,13394
7388,6475,13253,13393
6475,7387,13253,13257
1029,7389,13254,-1
7389,7387,13254,13395
7387,1029,13254,13255
7387,1028,13255,13256
7387,1026,13256,13257
7348,7344,13258,13259
7390,7344,13259,13274
7348,7390,13259,13260
7386,7390,13260,-1
7348,7386,13260,13261
6811,6814,13262,13268
6814,6817,13263,13264
7391,6817,13264,13317
6814,7391,13264,13265
7304,7391,13265,-1
6814,7304,13265,13269
7304,6809,13266,13267
7304,6812,13267,13269
6812,6814,13268,13269
7382,1079,13270,13271
7392,1079,13271,13283
7382,7392,13271,-1
7196,7295,13272,13273
7393,7295,13273,13287
7196,7393,13273,13276
7390,7393,13274,-1
7393,7344,13274,13275
7393,7345,13275,13276
7325,7318,13277,13278
7394,7318,13278,-1
7325,7394,13278,-1
1079,1077,13279,13283
1077,1075,13280,13284
1075,1073,13281,13282
7392,1073,13282,-1
1075,7392,13282,13284
7392,1077,13283,13284
7295,7294,13285,13286
7295,7292,13286,13287
7393,7292,13287,-1
7395,7396,13288,13292
7396,7397,13288,13363
7397,7395,13288,13289
7398,7395,13289,-1
7397,7398,13289,13290
7399,7398,13290,13361
7397,7399,13290,13362
7400,7401,13291,13438
7401,7396,13291,13437
7396,7400,13291,13292
7395,7400,13292,-1
7305,7402,13293,-1
7402,7250,13293,13356,337
7250,7305,13293,13294
7250,7306,13294,13298
7307,6795,13295,13296
7307,7236,13296,13297
7403,7236,13297,13366
7307,7403,13297,13299
7250,7403,13298,13366
7403,7306,13298,13299
7275,7299,13300,13301
7404,7299,13301,13320
7275,7404,13301,13302
7405,7404,13302,-1
7275,7405,13302,13305
7337,7405,13303,13315
7405,7338,13303,13304
7405,7277,13304,13305
940,7370,13306,13309
937,7370,13307,-1
7370,938,13307,13308
7370,939,13308,13309
7371,7350,13310,13311
7371,7349,13311,13313
7372,7349,13312,-1
7349,7373,13312,13313
6817,7279,13314,13317
7279,7405,13315,13316
7391,7405,13316,-1
7279,7391,13316,13317
7299,7385,13318,13319
7406,7385,13319,13355
7299,7406,13319,13320
7404,7406,13320,-1
7154,7376,13321,13322
7154,7375,13322,13323
7154,7374,13323,13324
7407,7374,13324,-1
7154,7407,13324,13347
7322,7342,13325,13328
7317,7342,13326,-1
7342,7320,13326,13327
7342,7321,13327,13328
7063,7066,13329,13334
7361,7066,13330,-8790
7066,7360,13330,13331
7066,7357,13331,13332
7260,7357,13332,-1
7066,7260,13332,13335
7260,7258,13333,13335
7258,7066,13334,13335
6989,6987,13336,13339
6987,6985,13337,13338
6991,6985,13338,-1
6987,6991,13338,13339
7369,7364,13340,13344
7365,7362,13341,13342
7365,7363,13342,13343
7368,7363,13343,-1
7365,7368,13343,13345
7368,7364,13344,13345
7383,7154,13346,13347
7383,7407,13347,13348
7408,7407,13348,-1
7383,7408,13348,13349
7384,7408,13349,13354
7359,7356,13350,13351
7358,7356,13351,-1
7210,7212,13352,13353
7211,7212,13353,-1
7385,7408,13354,13355
7406,7408,13355,-1
7402,7257,13356,-1
7409,7206,13357,13381
6969,7409,13357,13364
7410,7411,13358,13379
7411,7412,13358,13380
7412,7410,13358,13359
7413,7410,13359,13378
7412,7413,13359,13360
7398,7413,13360,-1
7412,7398,13360,13361
7412,7399,13361,13362
7412,7397,13362,13365
6969,7396,13363,13436
7397,6969,13363,13364
7397,7409,13364,13365
7412,7409,13365,13380
7250,7236,13366,13367
7251,7414,13368,13497
7414,6791,13368,13506
6791,7251,13368,13369
6791,7252,13369,13370
6791,7249,13370,13372
7249,7238,13371,13372
7415,7208,13373,13426
7207,7415,13373,13374
7416,7415,13374,13425
7207,7416,13374,13375
7187,7416,13375,13424
7207,7187,13375,13376
7207,7190,13376,13377
7207,7189,13377,13383
7413,7189,13378,-1
7189,7410,13378,13379
7189,7411,13379,13383
7411,7409,13380,13381
7411,7206,13381,13382
7411,7207,13382,13383
7203,7069,13384,13385
7203,7068,13385,13386
7203,7067,13386,13387
7203,7354,13387,13390
7204,7353,13388,-1
7354,7204,13388,13389
7354,7202,13389,13390
7161,7159,13391,13396
7159,6475,13392,13393
7159,7388,13393,13394
7159,7387,13394,13395
7159,7389,13395,13396
7161,7389,13396,-1
7087,7088,13397,13398
7417,7079,13399,13406
7112,7417,13399,-1
7015,6637,13400,13510
7087,7015,13400,13401
7006,7133,13402,13403
7006,7178,13403,13417
7077,7340,13404,13409
7417,7339,13405,-1
7340,7417,13405,13406
7340,7079,13406,13407
7340,7080,13407,13408
7340,7076,13408,13409
7418,7007,13411,13429
7045,7418,13411,13412
7419,7418,13412,13428
7045,7419,13412,13413
7046,7419,13413,13427
7013,6631,13414,13478
6633,6636,13415,13416
7007,7178,13417,13429
7179,7182,13418,13419
7179,7181,13419,13420
7179,7180,13420,13421
7179,7183,13421,13422
7179,7185,13422,13431
7184,7187,13423,13424
7184,7416,13424,13425
7184,7415,13425,13426
7184,7208,13426,13432
7046,7208,13427,13434,337
7208,7419,13427,13428
7208,7418,13428,13433
7418,7178,13429,13430
7418,7179,13430,13431
7418,7185,13431,13433
7185,7208,13432,13433
6900,6972,13435,13451
6970,7396,13436,13437
6970,7401,13437,13438
6970,7400,13438,13452
7314,7400,13439,-1
7400,7316,13439,13452
7313,7327,13440,13458
7327,7329,13441,13463
7255,7381,13442,-101
7381,7328,13442,-1
7328,7255,13442,13454
7420,7253,13443,13495
7255,7420,13443,13444
7421,7420,13444,13494
7255,7421,13444,13445
7422,7421,13445,13493
7255,7422,13445,13446
7423,7422,13446,13492
7255,7423,13446,13454
7424,7425,13447,13502
7425,7426,13447,13491
7426,7424,13447,13448
7427,7424,13448,13490
7426,7427,13448,13449
7428,7427,13449,13489
7426,7428,13449,13455
7429,7430,13450,13488
7430,7428,13450,13489
7428,7429,13450,13456
6900,7431,13451,13487
7431,6972,13451,13460
6970,7316,13452,13453
6970,7313,13453,13457
7328,7423,13454,13459
7426,7423,13455,13491
7423,7428,13455,13456
7423,7429,13456,13459
6972,7313,13457,13458
6972,7327,13458,13460
7328,7429,13459,13461
7431,7327,13460,13462
7329,7429,13461,13463
7431,7429,13462,13488
7429,7327,13462,13463
6951,6782,13464,13465
6951,6781,13465,13467
6781,7060,13466,13467
6929,7432,13468,13475
7432,6923,13468,13476
6923,6444,13469,13470
6923,6443,13470,13471
6923,6442,13471,13477
6442,6939,13472,13477
6939,7013,13473,13474
6929,7013,13474,13481,337
6939,6929,13474,13475
6939,7432,13475,13476
6939,6923,13476,13477
7013,6632,13478,13479
7013,6931,13479,13480
7013,6930,13480,13481
6788,6830,13482,13483
6788,6904,13483,13484
6788,6903,13484,13485
6905,6900,13486,13487
6905,7431,13487,13500
7431,7430,13488,13500
7430,7427,13489,13490
7430,7424,13490,13501
7425,7423,13491,13492
7425,7422,13492,13493
7425,7421,13493,13494
7425,7420,13494,13495
7425,7253,13495,13496
7425,7251,13496,13497
7425,7414,13497,13498
6901,7414,13498,13505
7425,6901,13498,13499
7425,6902,13499,13502
6905,7430,13500,13501
6905,7424,13501,13503
7424,6902,13502,13503
6790,6901,13504,13505,337
6790,7414,13505,13506
6535,6783,13507,13508
6305,5508,13511,13512
6305,5505,13512,13513
6305,6740,13513,13517
6740,6762,13514,13517
6762,6548,13515,13516
6305,6548,13516,13630
6762,6305,13516,13517
6776,6512,13518,13521
6320,6776,13520,13521
6829,7433,13522,13589
7433,6827,13522,13523
7433,6478,13523,13524
7433,6402,13524,13590
972,6476,13525,13530
6583,7160,13526,-934
6476,6583,13526,13530
6583,6586,13527,13528
6583,904,13528,13531
905,972,13529,13532
972,6583,13530,13531
972,904,13531,13532
6507,6247,13533,13640
6307,6507,13533,13534
7434,6507,13534,-8791
6307,7434,13534,13535
7435,7434,13535,13624
6307,7435,13535,13536
7436,7435,13536,13629
6307,7436,13536,13628
7437,7438,13537,13543,337
7438,7439,13537,13661
7439,7437,13537,13538
6300,7437,13538,13593,337
7439,6300,13538,13539
7439,6299,13539,13540
7439,6212,13540,13541
7439,6213,13541,13542
7440,6213,13542,13622,337
7439,7440,13542,13661
6659,7438,13543,13654
7437,6659,13543,13544
7437,6532,13544,13545
7437,6533,13545,13546
7441,6533,13546,-198
7437,7441,13546,13547
6525,7441,13547,-198
7437,6525,13547,13594
6525,6594,13548,13549
6525,6593,13549,13550
6525,6616,13550,13595
6616,6559,13551,13552
6616,6558,13552,13596
6558,6562,13553,13554
6558,6561,13554,13597
6561,6674,13555,13556
6561,6675,13556,13557
6561,6677,13557,13558
6561,6676,13558,13559
6561,6665,13559,13560
6561,6664,13560,13611
6663,6667,13561,13562
6663,6669,13562,13563
6663,6668,13563,13598
6668,6672,13564,13618
6672,6673,13565,13599
6673,6563,13566,13567
6673,6565,13567,13568
6673,6600,13568,13599
6600,6948,13569,13600
6948,6950,13570,13600
6950,6606,13571,13572
6950,7026,13572,13573
6950,7022,13573,13574
6950,7021,13574,13615
7021,7024,13575,13613
7024,7100,13576,13577
7024,6895,13577,13578
7024,6896,13578,13601
6896,6890,13579,13601
6890,6978,13580,13602
6978,6980,13581,13603
6974,6977,13582,13583
6974,6976,13583,13606
6976,6892,13584,13607
6892,6888,13585,13586
6892,6889,13586,13587
6892,6886,13587,13608
6885,6829,13588,13589
6885,7433,13589,13590
6885,6402,13590,13591
6885,6400,13591,13609
6300,6296,13592,13632
6398,6300,13592,13593
6398,7437,13593,13594
6398,6525,13594,13595
6398,6616,13595,13596
6398,6558,13596,13597
6398,6561,13597,13610
6664,6668,13598,13612
6672,6600,13599,13621
6600,6950,13600,13619
7024,6890,13601,13602
7024,6978,13602,13603
7024,6980,13603,13604
7024,6981,13604,13605
7024,6982,13605,13613
6975,6976,13606,13607
6975,6892,13607,13608
6975,6886,13608,13620
6886,6400,13609,13617
6399,6561,13610,13611
6399,6664,13611,13612
6399,6668,13612,13614
7021,6982,13613,13615
6400,6668,13614,13617
6950,6982,13615,13616
6950,6975,13616,13619
6886,6668,13617,13618
6886,6672,13618,13620
6600,6975,13619,13621
6975,6672,13620,13621
7442,6213,13622,13641
7440,7442,13622,13656
6503,7434,13624,-8791
7435,6503,13624,13625
7443,6503,13625,13662
7435,7443,13625,13626
6202,7443,13626,13671
7435,6202,13626,13627
7435,6306,13627,13629
6306,7436,13628,13629
6305,6506,13630,13631
6245,6506,13631,13638
6216,742,13633,13634
6216,6017,13634,13635
6216,6018,13635,13636
6216,6288,13636,13637
6247,6506,13638,13639
6247,6505,13639,13640
7442,6209,13641,13642
7442,6210,13642,13657
6210,6215,13643,13644
6210,6286,13644,13645
6210,6287,13645,13646
6210,6285,13646,13647
6210,6430,13647,13648
6210,6625,13648,13658
6625,6624,13649,13650
6625,6621,13650,13651
6625,6622,13651,13659
6622,6619,13652,13659
6619,6660,13653,13660
6660,7438,13654,13655
7440,7438,13655,13661,337
6660,7440,13655,13656
6660,7442,13656,13657
6660,6210,13657,13658
6660,6625,13658,13660
6625,6619,13659,13660
7443,6473,13662,13663
7443,6472,13663,13664
7443,6466,13664,13665
7443,6340,13665,13666
7443,6341,13666,13667
7443,6334,13667,13671
6334,5982,13668,13669
6197,5982,13669,13672
6334,6197,13669,13670
6334,6202,13670,13671
6197,5983,13672,13675
5983,5979,13673,13674
5983,6196,13674,13675
7444,6073,13676,13701
6113,7444,13676,13677
6117,7444,13677,13700
6113,6117,13677,13678
6113,6118,13678,13679
7445,6074,13680,13873
6073,7445,13680,13701
7446,7447,13681,13871
7447,7445,13681,13872
7445,7446,13681,13702
6242,7448,13682,13869
7448,7449,13682,13870
7449,6242,13682,13704
6242,6424,13683,13684
6242,6425,13684,13685
6242,6426,13685,13686
6242,6422,13686,13704
6420,6243,13687,13688
6420,990,13688,13689
6420,989,13689,13690
6420,992,13690,13691
6420,995,13691,13692
6420,994,13692,13693
6420,6446,13693,13694
6420,6448,13694,13695
6420,6447,13695,13696
6420,6120,13696,13697
6420,6119,13697,13698
6420,6116,13698,13699
6420,6117,13699,13700
6420,7444,13700,13707
7444,7445,13701,13702
7444,7446,13702,13703
7449,7446,13703,13870
7444,7449,13703,13707
7449,6422,13704,13705
7449,6421,13705,13706
7449,6420,13706,13707
6031,5942,13709,13736
5878,6031,13709,13710
5878,6034,13710,13750
5840,5990,13711,13780
6024,6273,13712,13716
6273,6018,13713,13714
6273,6019,13714,13715
6273,6025,13715,13716
7450,1137,13717,13863
897,7450,13717,13718
6008,7450,13718,13876
5992,5989,13719,13720
5992,6030,13720,13721
5992,6029,13721,13722
5992,6127,13722,13730
6127,6194,13723,13724
6127,6193,13724,13731
6195,5436,13725,13726
6195,6302,13726,13727
6195,6301,13727,13733
6301,892,13728,13729
6301,5992,13729,13730
6301,6127,13730,13731
6301,6193,13731,13732
6301,6192,13732,13733
5844,6206,13734,13772
6032,5943,13735,13753
5943,6031,13735,13736
5943,5942,13736,13737
5139,7451,13738,13983
7451,5137,13738,13739
7451,5667,13739,13813
869,963,13740,13741
869,961,13741,13747
6190,6112,13742,13743
6190,6068,13743,13744
6190,5928,13744,13745
6190,5927,13745,13746
6190,5926,13746,13748
5926,961,13747,13748
5701,5598,13749,13797
5943,5701,13749,13754,314
5877,6034,13750,13751
5877,6035,13751,13752
5877,6036,13752,13765
6033,5943,13753,13754
6033,5701,13754,13755
6033,5700,13755,13756
6033,5699,13756,13757
6033,5697,13757,13766
5697,6041,13758,13759
7452,6041,13759,-87
5697,7452,13759,13767
6043,5959,13760,13761
6043,5105,13761,13762
6043,5102,13762,13763
6043,5103,13763,13764
6043,5104,13764,13769
5104,6036,13765,13769
6037,5697,13766,13767
6037,7452,13767,13768
6043,7452,13768,-87
6037,6043,13768,13770
6043,6036,13769,13770
5794,5844,13771,13772
5794,6206,13772,13778
6206,6047,13773,13774
6206,6048,13774,13778
6044,5686,13775,13776
6044,5687,13776,13777
6044,5794,13777,13779
5794,6048,13778,13779
5840,5828,13780,13781
5840,5823,13781,13782
5840,5825,13782,13783
5840,5841,13783,13784
5840,5842,13784,13788
5842,5791,13785,13786
5842,5812,13786,13787
5842,5835,13787,13788
5812,5811,13789,13790
5812,5809,13790,13791
5782,5625,13793,13849
5370,5728,13795,13918
5727,5370,13795,13796
5701,5599,13797,13798
7453,7454,13799,13817
7454,5642,13799,13818
5642,7453,13799,13809
1199,7453,13800,13816
7453,1200,13800,13801
7453,5827,13801,13802
7453,5855,13802,13803
7453,5856,13803,13804
7453,5849,13804,13805
7453,5848,13805,13806
1231,5848,13806,13826
7453,1231,13806,13807
7453,1232,13807,13808
5644,1232,13808,13821
7453,5644,13808,13809
5754,4907,13810,13989
4907,5753,13810,13811
7455,5753,13811,13985
4907,7455,13811,13812
7451,7455,13812,13984
4907,7451,13812,13813
5680,1230,13814,13881
1229,5680,13814,13819
5680,1199,13815,13816
5680,7453,13816,13817
5680,7454,13817,13818
5680,5642,13818,13819
1213,5644,13820,13821
5358,5603,13822,13892
5635,5358,13822,13823
5635,5359,13823,13825
5359,5355,13824,13825
1212,5848,13826,13827
1212,5847,13827,13828
1212,5850,13828,13852
5850,5852,13829,13830
5850,5853,13830,13831
5850,5854,13831,13853
5854,903,13832,13833
5854,6006,13833,13834
5854,6005,13834,13853
6005,6004,13835,13854
6004,6001,13836,13837
6004,6000,13837,13838
6004,5999,13838,13857
5999,5998,13839,13858
5994,6007,13840,13841
5994,6008,13841,13842
7456,6008,13842,13876,49
5994,7456,13842,13855
6074,7457,13843,13874,49
7457,6071,13843,13844
7457,6040,13844,13845
7457,6038,13845,13861
6038,5902,13846,13847
6038,5781,13847,13848
6038,5782,13848,13849
6038,5625,13849,13850
6038,5623,13850,13851
6038,1212,13851,13852
6038,5850,13852,13856
5850,6005,13853,13854
5850,6004,13854,13856
5993,7456,13855,13859
6038,6004,13856,13857
6038,5999,13857,13858
6038,5998,13858,13861
5996,7456,13859,13860
7457,7456,13860,13875,49
5996,7457,13860,13862
7457,5998,13861,13862
7450,1134,13863,13864
7450,6237,13864,13865
7450,6236,13865,13877
6236,6240,13866,13867
6236,6239,13867,13868
6236,6242,13868,13869
6236,7448,13869,13878
7448,7446,13870,13871
7448,7447,13871,13872
7448,7445,13872,13873
7448,6074,13873,13874
7448,7457,13874,13875
7448,7456,13875,13878
7456,7450,13876,13877
7456,6236,13877,13878
5681,5679,13879,13885
5680,7458,13880,-2789
7458,5678,13880,-2789
5678,5680,13880,13881
5678,1230,13881,13882
5678,1228,13882,13886
7459,5579,13883,13899
1228,7459,13883,13884
5681,7459,13884,13898
1228,5681,13884,13885
1228,5679,13885,13886
5599,5556,13887,13888
5870,5779,13889,13890
5870,5360,13890,13891
5870,5358,13891,13892
5870,5603,13892,13893
5870,5602,13893,13894
1146,1204,13895,13901
1204,1202,13896,13897
1204,5681,13897,13898
1204,7459,13898,13899
1204,5579,13899,13900
1204,5580,13900,13901
7460,5523,13903,13908
5559,7460,13903,13904
630,7460,13904,14062
5559,630,13904,13905
7460,7461,13907,14063
7461,4755,13907,14064
4755,7460,13907,13908
5409,1243,13910,13911
5409,1240,13911,13912
5275,5375,13913,13915
5393,5374,13914,13916,296
5375,5393,13914,13915
5393,5371,13916,13917
5372,5728,13918,13919
5372,5402,13919,13920
5372,4894,13920,13921
5326,5362,13924,13927
5271,5361,13925,-86
5362,5271,13925,13926
4593,5271,13926,14125
5362,4593,13926,13927
5221,5275,13928,13929
4756,7462,13930,14052
7462,5249,13930,13931
7462,5248,13931,13932
7462,5092,13932,13946
4702,5016,13933,14069
5207,5210,13934,13939
5210,5578,13935,13939
5578,5215,13936,13937
5578,5214,13937,13938
5578,5207,13938,13939
703,699,13940,13941
703,5238,13941,13942
703,5237,13942,13943
703,5236,13943,13947
5236,5241,13944,13945
7462,5241,13945,14053
5236,7462,13945,13946
5236,5092,13946,13947
573,1225,13948,13959
1225,1222,13949,13950
5564,1222,13950,-1764
1225,5564,13950,13960
5564,5565,13951,13952
5564,5077,13952,13953
5564,5078,13953,13954
5564,5260,13954,13955
5564,5350,13955,13956
5564,5351,13956,13957
5564,5352,13957,13960
5352,573,13958,13959
5352,1225,13959,13960
5003,5247,13962,13963
4916,4662,13964,13965
7463,4662,13965,14088
4916,7463,13965,14087
4907,4902,13966,13990
4730,4903,13967,14086
4902,4730,13967,13968
4902,4729,13968,13969
4902,5154,13969,13970
4902,5155,13970,13991
5155,5203,13971,13972
5155,5151,13972,13973
5155,5152,13973,13974
5155,5153,13974,13975
5155,5149,13975,13976
5155,5150,13976,13977
5155,5147,13977,13978
5155,5148,13978,13992
5148,5145,13979,13993
5145,5142,13980,13981
5145,5143,13981,13996
5143,5140,13982,13994
5140,7451,13983,13984
5140,7455,13984,13985
5140,5753,13985,13986
5140,5756,13986,13987
5140,5758,13987,13994
5758,5755,13988,13995
5755,4907,13989,13990
5755,4902,13990,13991
5755,5155,13991,13992
5755,5148,13992,13993
5755,5145,13993,13995
5143,5758,13994,13996
5758,5145,13995,13996
4613,1238,13997,13998
7464,1238,13998,14114
4613,7464,13998,13999
7465,7464,13999,14114
4613,7465,13999,14113
7466,7467,14000,-2789
7467,7468,14000,-2789
7468,7466,14000,14001
7469,7466,14001,-2789
7468,7469,14001,14002
7470,7469,14002,-2789
7468,7470,14002,14003
7471,7470,14003,-2789
7468,7471,14003,14005,292
4800,4805,14004,14007
7472,7471,14005,-2789
7468,7472,14005,14006
7473,7472,14006,-2789
7468,7473,14006,14009
4800,7474,14007,-2789
7474,4805,14007,14008
7475,4805,14008,-2789
7474,7475,14008,14011
7468,7475,14009,-2789
7475,7473,14009,14010
7476,7473,14010,-2789
7475,7476,14010,14011
7474,7476,14011,-2789
4464,4466,14012,14157
4768,4464,14012,14013
4616,4464,14013,14041,110
4768,4616,14013,14014
7477,4616,14014,14092
4768,7477,14014,14033
7478,4582,14015,14049,110
4582,7477,14015,14124
7477,7478,14015,14016
4595,7478,14016,14048,110
7477,4595,14016,14034
5270,7479,14017,14126
7479,4595,14017,14127
4595,5270,14017,14018
4595,5020,14018,14019
4595,5021,14019,14020
4595,5018,14020,14034
5017,4950,14021,14022
5017,4947,14022,14036
4946,4948,14023,14038
4948,4966,14024,14025
4948,5028,14025,14026
4948,5029,14026,14027
4948,4985,14027,14028
4948,4771,14028,14029
4948,4772,14029,14038
4772,4778,14030,14031
4772,4769,14031,14032
4772,4770,14032,14039
4770,7477,14033,14040
7477,5018,14034,14035
7477,5017,14035,14036
7477,4947,14036,14037
7477,4946,14037,14040
4946,4772,14038,14039
4946,4770,14039,14040
4602,4747,14042,14050
4747,4750,14043,14051
4750,4598,14044,14045
4750,4597,14045,14046
4750,4596,14046,14047
4750,4595,14047,14048
4750,7478,14048,14049
4750,4582,14049,14051
4582,4747,14050,14051
4755,7462,14052,14064
7462,5240,14053,14068
5585,836,14054,14055
5585,5648,14055,14056
5585,5649,14056,14057
5585,5608,14057,14058
5585,5610,14058,14059
7480,5610,14059,-936
5585,7480,14059,14060
5607,7480,14060,-936
5585,5607,14060,14065
5606,630,14061,14062
5606,7460,14062,14063
5606,7461,14063,14066
7461,7462,14064,14067
5240,5607,14065,14068
5607,7461,14066,14067
5607,7462,14067,14068
4702,5015,14069,14077
5014,4587,14070,14071
5014,4588,14071,14072
5014,4789,14072,14073
5014,4586,14073,14074
5014,4584,14074,14075
4572,4584,14075,14128
5014,4572,14075,14076
5014,4703,14076,14079
4703,5015,14077,14078
4703,5013,14078,14079
4405,4658,14080,14081
4660,4671,14083,14084
4660,4727,14084,14089
4727,4730,14085,14086
4727,4903,14086,14090
4916,4903,14087,14091,78
4903,7463,14087,14090
7463,4660,14088,14089
7463,4727,14089,14090
7477,4581,14092,14124
5031,5034,14093,14094
5031,5033,14094,14095
5031,5036,14095,14096
5031,5035,14096,14120
5035,1235,14097,14098
5035,1234,14098,14099
5035,5097,14099,14100
5035,5096,14100,14120
5096,1260,14101,14102
5096,4678,14102,14103
5096,4898,14103,14104
5096,4900,14104,14105
5096,4899,14105,14121
4899,4897,14106,14122
4897,1253,14107,14108
4897,1254,14108,14109
4897,4563,14109,14110
4897,4615,14110,14111
4897,4614,14111,14112
4897,4613,14112,14113
4897,7465,14113,14122
7465,1238,14114,14115
7465,1239,14115,14116
7465,1237,14116,14117
7465,1236,14117,14118
7465,5032,14118,14119
7465,5031,14119,14123
5031,5096,14120,14121
5031,4899,14121,14123
4899,7465,14122,14123
4595,5271,14125,14127
5271,7479,14126,14127
4572,4562,14128,14129
4572,4517,14129,14133
4517,4227,14130,14131
7481,4227,14131,14137
4517,7481,14131,14134
4508,7481,14132,14137
7481,4571,14132,14134
4571,4517,14133,14134
4563,493,14135,14136
4508,4227,14137,14138
4508,4228,14138,14139
4452,4350,14140,14163
4350,4453,14140,14141
4350,4455,14141,14153
4629,7482,14142,-9127
7482,4455,14142,-9094
4455,4629,14142,14143
4455,4693,14143,14154
4693,4696,14144,14155
4696,4761,14145,14146
4696,4762,14146,14147
4696,1207,14147,14148
4696,697,14148,14149
4696,4496,14149,14156
7483,4497,14150,14151,79
4496,7483,14150,14156
7483,4498,14151,14152
7483,4350,14152,14153
7483,4455,14153,14154
7483,4693,14154,14155
7483,4696,14155,14156
4450,4402,14158,14159
4086,3992,14160,14161
4086,4451,14161,14162
4086,4452,14162,14163
4228,4175,14164,14165
4228,4176,14165,14168
4176,4179,14166,14167
4176,4355,14167,14168
4216,4220,14169,-1734
7484,4101,14170,14343
4100,7484,14170,14179
7485,7486,14171,14342
7486,7484,14171,14349
7484,7485,14171,14180
7487,7488,14172,14341
7488,7485,14172,14342
7485,7487,14172,14181
4539,7489,14173,14339
7489,7487,14173,14340
7487,4539,14173,14174
7487,4542,14174,14175
7487,4002,14175,14176
7487,4003,14176,14181
4003,4000,14177,14178
4100,4000,14178,14354
4003,4100,14178,14179
4003,7484,14179,14180
4003,7485,14180,14181
4085,3768,14182,14229
3782,7490,14183,14207
7490,3944,14183,14208
4022,7491,14184,14188
7491,4023,14184,14185
3943,4023,14185,14209
7491,3943,14185,14186
7491,3940,14186,14189
4022,7492,14187,14324
7492,3588,14187,14325
3588,4022,14187,14188
3588,7491,14188,14190
7491,3941,14189,14190
1278,5789,14191,14192
1278,5826,14192,14193
1278,5818,14193,14194
1278,1189,14194,14195
1278,1186,14195,14196
1278,1187,14196,14205
1187,1183,14197,14198
1187,1184,14198,14199
1187,1185,14199,14200
1187,1182,14200,14201
1187,1180,14201,14202
1187,1181,14202,14205
1179,1277,14203,14204
1179,1278,14204,14206
1278,1181,14205,14206
3781,7490,14207,14218
3943,3944,14208,14219,299
7490,3943,14208,14209
7490,4023,14209,14210
7490,4021,14210,14211
7490,4020,14211,14212
7490,4104,14212,14213
7490,4030,14213,14214
7490,4031,14214,14215
7490,500,14215,14216
7490,499,14216,14217
3765,499,14217,14231
7490,3765,14217,14218
3586,3770,14220,14223
7493,3763,14221,14244
3770,7493,14221,14222
7494,7493,14222,14297
3770,7494,14222,14223
3586,7494,14223,14298
3768,3733,14224,14230
3884,3733,14225,14259
3733,3883,14225,14230
3883,3888,14226,14227
3883,3988,14227,14228
3883,4085,14228,14229
3883,3768,14229,14230
3764,499,14231,14232
3764,475,14232,14233
3764,476,14233,14234
3764,3510,14234,14235
3761,3759,14236,14241
3759,3757,14237,14238
3759,3755,14238,14242
7495,3752,14239,14295
3756,7495,14239,14240
3762,7495,14240,14245,299
3756,3762,14240,14243
3762,3759,14241,14242
3762,3755,14242,14243
7493,7495,14244,14296
7495,3763,14244,14245
2461,3348,14247,14248
2461,3743,14248,14261
3742,3745,14249,14250
3742,3747,14250,14263
3747,3737,14251,14252
3747,3738,14252,14253
3747,3967,14253,14254
3747,3937,14254,14255
3747,3938,14255,14256
3747,3939,14256,14263
3939,3885,14257,14258
3939,3884,14258,14264
3884,2460,14259,14260
3884,2461,14260,14261
3884,3743,14261,14262
3884,3742,14262,14264
3742,3939,14263,14264
3730,3631,14265,14279
3453,3730,14265,14266
3453,3592,14266,14267
3453,3591,14267,14268
3453,3433,14268,14269
3577,3787,14270,14271
3577,3786,14271,14274
3650,7496,14272,14275
7496,3786,14272,14285
3786,3650,14272,14273
3786,3651,14273,14274
7497,7496,14275,14284
3650,7497,14275,14276
7498,7497,14276,14284
3650,7498,14276,14277
3596,7498,14277,14292
3483,3593,14278,14282
3731,3631,14279,14280
3731,3630,14280,14281
3731,3629,14281,14283
3629,3593,14282,14283
7498,7496,14284,14285
7498,3786,14285,14286
7498,3788,14286,14293
3788,3754,14287,14288
3788,3749,14288,14289
3788,3750,14289,14293
3751,3597,14290,14291
3751,3596,14291,14292
3751,7498,14292,14294
7498,3750,14293,14294
3753,7495,14295,14296
3753,7493,14296,14297
3753,7494,14297,14298
3753,3586,14298,14299
3753,3587,14299,14300
3753,3582,14300,14301
3753,3583,14301,14302
3753,3584,14302,14303
3753,3598,14303,14307
3598,3750,14304,14305
3598,3749,14305,14306
3598,3754,14306,14307
3585,7494,14308,14309
3585,7493,14309,14310
3585,7495,14310,14311
7499,7495,14311,14350,299
3585,7499,14311,14329
4101,7500,14312,14343,299
7500,7499,14312,14344,299
7499,4101,14312,14313
7499,4102,14313,14314
7499,4103,14314,14330
7501,4100,14315,14353,299
4103,7501,14315,14327
3996,7501,14316,14353,299
7501,3977,14316,14317
7501,3976,14317,14318
7501,3978,14318,14319
7501,3979,14319,14327
3979,3981,14320,14331
7502,3975,14321,-950
3981,7502,14321,14328
3973,7502,14322,-950
7502,3995,14322,14323
7502,4022,14323,14324
7502,7492,14324,14325
7502,3588,14325,14326
7502,3585,14326,14328
4103,3979,14327,14330
3981,3585,14328,14329
3981,7499,14329,14331
7499,3979,14330,14331
3752,537,14332,14333
3752,535,14333,14345
535,534,14334,14352
4099,529,14335,14336
4099,4543,14336,14346
4543,4540,14337,14338
4543,4539,14338,14339
4543,7489,14339,14340
4543,7487,14340,14341
4543,7488,14341,14347
7488,7486,14342,14348
7484,7500,14343,14344
7484,7499,14344,14349
7495,535,14345,14351
534,4543,14346,14347
534,7488,14347,14348
534,7486,14348,14352
7486,7499,14349,14350
7486,7495,14350,14351
7486,535,14351,14352
3996,4100,14353,14354
3996,4000,14354,14355
3492,3475,14358,14359
3492,3474,14359,14383
3483,3579,14361,14362
3483,3458,14362,14368
7503,3410,14363,-948
3458,7503,14363,14364
3089,7503,14364,-948
3458,3089,14364,14365
3458,3088,14365,14366
3458,3486,14366,14367
3458,3485,14367,14368
3472,3290,14369,14384
3290,3471,14369,14370
3290,3476,14370,14371
3290,3477,14371,14372
3083,3477,14372,14385
3336,3005,14373,14395
3291,3336,14373,14380
7504,3335,14374,-5028
3336,7504,14374,14375
3337,7504,14375,-5028
3336,3337,14375,14376
3336,3339,14376,14380
3339,3494,14377,14381
3494,3492,14378,14379
3291,3492,14379,14382,299
3494,3291,14379,14381
3291,3339,14380,14381
3290,3492,14382,14383
3290,3474,14383,14384
3006,2954,14387,14388
3006,3026,14388,14397
3026,3078,14389,14390
3026,3077,14390,14391
3026,3076,14391,14397
3076,2936,14392,14398
2936,3329,14393,14394
2936,3336,14394,14395
2936,3005,14395,14396
2936,3006,14396,14398
3006,3076,14397,14398
7505,2982,14399,14409,96
2700,7505,14399,14400
7506,7505,14400,14443
2700,7506,14400,14406
7507,7508,14401,14411,96
7508,7506,14401,14443
7506,7507,14401,14402
7509,7507,14402,14444
7506,7509,14402,14407
2703,7510,14403,14413,96
7510,7509,14403,14444
7509,2703,14403,14404
7509,2702,14404,14405
7509,2701,14405,14407
2701,7506,14406,14407
7505,7511,14408,14432
7511,2899,14408,14433
2899,7505,14408,14409
2899,2982,14409,14410
7512,7508,14411,14430
7507,7512,14411,14429
7513,7514,14412,14426
7514,7510,14412,14427
7510,7513,14412,14413
2703,7513,14413,14425
2956,2953,14414,14415
2956,3007,14415,14491
2698,2620,14416,14417
2808,2620,14417,14451
2698,2808,14417,14418
2698,2896,14418,14421
2626,2618,14419,14420
2698,2897,14421,14422
2660,2656,14423,14438
2657,2703,14424,14425
2657,7513,14425,14426
2657,7514,14426,14427
2657,7510,14427,14428
7507,7510,14428,14444,96
2657,7507,14428,14429
2657,7512,14429,14430
2657,7508,14430,14431
7505,7508,14431,14443,96
2657,7505,14431,14432
2657,7511,14432,14433
2657,2899,14433,14439
2899,3023,14434,14435
3082,3023,14435,-180
2899,3082,14435,14436
2899,3092,14436,14439
3425,3448,14437,14441
3448,2656,14438,14441
2657,3092,14439,14440
2657,3425,14440,14442
3425,2656,14441,14442
123,2709,14445,14446
123,2798,14446,14447
123,2627,14447,14450
2627,2629,14448,14450
2629,123,14449,14450
2402,2553,14452,14490
7515,2389,14453,14504
2438,7515,14453,14454
7516,7515,14454,14503
2438,7516,14454,14458
7517,7518,14455,14461
7518,7519,14455,14502
7519,7517,14455,14456
7520,7517,14456,14472
7519,7520,14456,14457
7521,7520,14457,14460
7519,7521,14457,14459
2438,7521,14458,14460
7521,7516,14458,14459
7519,7516,14459,14502
2438,7520,14460,14471
2592,7518,14461,14501
7517,2592,14461,14462
7517,2571,14462,14472
2571,2572,14463,14464
2571,2573,14464,14465
2571,2367,14465,14466
2571,2368,14466,14467
7522,2368,14467,14477
2571,7522,14467,14468
7523,7522,14468,14486
2571,7523,14468,14469
7524,7523,14469,14485
2571,7524,14469,14470
2435,7524,14470,14474
2571,2435,14470,14473
2435,7520,14471,14473
7520,2571,14472,14473
2392,7524,14474,14484
7525,2396,14475,14489
2366,7525,14475,14476
7526,7525,14476,14488
2366,7526,14476,14481
7522,7527,14477,14486
7527,2368,14477,14478
7527,2369,14478,14479
7527,2364,14479,14480
7527,2365,14480,14482
2365,7526,14481,14482
7527,7526,14482,14487
2396,2392,14483,14484
2396,7524,14484,14485
2396,7523,14485,14489
7523,7527,14486,14487
7523,7526,14487,14488
7523,7525,14488,14489
7528,2553,14490,14515,299
2402,7528,14490,14506
2956,7528,14491,14514,299
7528,3007,14491,14507
3007,2846,14492,14493
3007,2887,14493,14494
3007,2889,14494,14495
3007,2888,14495,14496
3007,2890,14496,14507
2847,2786,14497,14498
2847,2788,14498,14499
2847,2787,14499,14509
2787,2591,14500,14510
2591,7518,14501,14511
7518,7516,14502,14503
7518,7515,14503,14504
7518,2389,14504,14505
7518,2402,14505,14506
7518,7528,14506,14511
7528,2890,14507,14508
7528,2847,14508,14509
7528,2787,14509,14510
7528,2591,14510,14511
2553,2907,14512,14515
2907,2956,14513,14514
2907,7528,14514,14515