0,1,0,165,207
1,2,0,13129
2,0,0,8
3,4,1,163,207
4,0,1,164,207
0,3,1,2
5,3,2,6160
0,5,2,3
6,5,3,5435
0,6,3,9
7,8,4,4133
8,6,4,5436
6,7,4,5
9,7,5,5107
6,9,5,6
10,9,6,5108
6,10,6,7
11,10,7,4692
6,11,7,9
2,11,8,13339
11,0,8,9
12,13,10,-52
13,14,10,5470
14,12,10,11
15,12,11,5969
14,15,11,12
16,15,12,5969
14,16,12,44
17,18,13,5971
18,16,13,5970
16,17,13,14
19,17,14,-51
16,19,14,15
20,19,15,-51
16,20,15,16
21,20,16,6756
16,21,16,17
22,21,17,6755
16,22,17,18
23,22,18,6755
16,23,18,45
24,25,19,6761
25,26,19,6762
26,24,19,20
27,24,20,6612
26,27,20,21
28,27,21,6613
26,28,21,22
29,28,22,6613
26,29,22,46
30,31,23,6616
31,32,23,6615
32,30,23,48
33,34,24,6617
34,30,24,6616
30,33,24,25
35,33,25,6617
30,35,25,48
36,37,26,6619
37,35,26,6618
35,36,26,49
38,39,27,6620
39,36,27,6619
36,38,27,28
40,38,28,6620
36,40,28,50
41,42,29,6641
42,43,29,6623
43,41,29,30
44,41,30,-1843
43,44,30,51
45,46,31,6101
46,44,31,-1843
44,45,31,32
47,45,32,6102
44,47,32,33
48,47,33,6103
44,48,33,34
49,48,34,5363
44,49,34,35
50,49,35,5363
44,50,35,36
51,50,36,5362
44,51,36,37
52,51,37,5361
44,52,37,38
53,52,38,5361
44,53,38,39
54,53,39,5375
44,54,39,40
55,54,40,5360
44,55,40,41
56,55,41,5360
44,56,41,42
57,56,42,5359
44,57,42,43
58,57,43,5358
44,58,43,52
14,58,44,5358
58,16,44,45
58,23,45,57
26,59,46,6762
59,29,46,47
32,29,47,6614
59,32,47,53
32,35,48,49
32,36,49,50
32,40,50,54
43,60,51,6623
60,44,51,52
60,58,52,56
59,23,53,6763
23,32,53,54
23,40,54,55
61,40,55,6621
23,61,55,57
60,61,56,6622
61,58,56,57
62,63,58,5938
63,64,58,5464
64,62,58,59
65,62,59,6253
64,65,59,60
66,65,60,6371
64,66,60,61
67,66,61,6370
64,67,61,78
68,69,62,6369
69,67,62,6370
67,68,62,79
70,71,63,6368
71,68,63,6369
68,70,63,64
72,70,64,6367
68,72,64,80
73,74,65,7325
74,72,65,6366
72,73,65,66
75,73,66,7324
72,75,66,67
76,75,67,7154
72,76,67,68
77,76,68,7154
72,77,68,69
78,77,69,5986
72,78,69,70
79,78,70,6769
72,79,70,71
80,79,71,6768
72,80,71,72
81,80,72,6569
72,81,72,73
82,81,73,6568
72,82,73,74
83,82,74,6567
72,83,74,80
84,85,75,6083
85,83,75,6567
83,84,75,76
86,84,76,6082
83,86,76,77
64,86,77,5465
83,64,77,78
83,67,78,79
83,68,79,80
87,88,81,8987
88,89,81,8988
89,87,81,126
90,91,82,9702
91,87,82,8986
87,90,82,83
92,90,83,-10439
87,92,83,139
93,94,84,-1734
94,95,84,-2246
95,93,84,85
96,93,85,9981
95,96,85,86
97,96,86,10262
95,97,86,87
98,97,87,88,321
95,98,87,127
99,97,88,11278
98,99,88,89
100,99,89,10359
98,100,89,90
101,100,90,10358
98,101,90,91
102,101,91,10357
98,102,91,92
103,102,92,10272
98,103,92,93
104,103,93,10271
98,104,93,94
105,104,94,10270
98,105,94,127
106,107,95,10267
107,108,95,10268
108,106,95,129
109,110,96,10265
110,106,96,10266
106,109,96,130
111,112,97,10477
112,109,97,10264
109,111,97,98
113,111,98,144,239
109,113,98,99
114,113,99,149,239
109,114,99,100
115,114,100,143,239
109,115,100,101
116,115,101,11309
109,116,101,131
117,118,102,-2246
118,116,102,9666
116,117,102,103
119,117,103,9902
116,119,103,132
120,121,104,9904
121,119,104,9903
119,120,104,105
122,120,105,9904
119,122,105,106
123,122,106,9905
119,123,106,133
124,125,107,9907
125,126,107,9906
126,124,107,135
127,128,108,9915
128,124,108,9908
124,127,108,109
129,127,109,9909
124,129,109,110
130,129,110,9909
124,130,110,136
131,132,111,9901
132,133,111,9900
133,131,111,112
134,131,112,9901
133,134,112,113
135,134,113,9690
133,135,113,114
136,135,114,9665
133,136,114,115
137,136,115,9664
133,137,115,116
138,137,116,9663
133,138,116,137
139,140,117,9661
140,141,117,9662
141,139,117,138
142,143,118,9037
143,139,118,9660
139,142,118,119
144,142,119,-967
139,144,119,120
145,144,120,-967
139,145,120,121
146,145,121,8860
139,146,121,122
147,146,122,8861
139,147,122,123
148,147,123,8894
139,148,123,124
149,148,124,-967
139,149,124,125
89,149,125,-967
139,89,125,126
139,87,126,138
95,105,127,128
108,105,128,10269
95,108,128,129
95,106,129,130
95,109,130,131
95,116,131,132
95,119,132,133
95,123,133,134
126,123,134,9905
95,126,134,135
95,124,135,136
95,130,136,141
133,130,137,9900
130,138,137,141
141,87,138,139
141,92,139,140
95,92,140,-2246
141,95,140,142
95,138,141,142
141,138,142,9662
115,150,143,10094
150,114,143,149,239
151,111,144,11127
113,151,144,145
152,151,145,11126
113,152,145,146
153,152,146,-2247
113,153,146,147
154,153,147,-2248
113,154,147,148
150,154,148,10096
113,150,148,149
155,156,150,4351
156,1,150,4641
1,155,150,165
157,158,151,4354
158,159,151,-661
159,157,151,167
160,161,152,4356
161,157,152,4355
157,160,152,153
162,160,153,4535
157,162,153,167
163,164,154,4538
164,165,154,4537
165,163,154,155
166,163,155,5461
165,166,155,156
167,166,156,5934
165,167,156,168
168,169,157,5837
169,170,157,5836
170,168,157,171
171,172,158,6153
172,168,158,5838
168,171,158,159
173,171,159,5950
168,173,159,160
174,173,160,5950
168,174,160,171
175,176,161,6152
176,177,161,5948
177,175,161,162
3,175,162,6152
177,3,162,163
177,4,163,164
177,0,164,173
0,155,165,166
159,155,166,-661
0,159,166,174
159,162,167,175
165,162,168,4536
162,167,168,169
178,167,169,5906
162,178,169,170
170,178,170,5836
162,170,170,175
170,174,171,172
179,174,172,5947
170,179,172,176
177,179,173,5947
179,0,173,174
179,159,174,176
159,170,175,176
180,181,177,226
181,182,177,-1
182,180,177,178
183,180,178,227
182,183,178,179
184,183,179,228
182,184,179,180
185,184,180,229
182,185,180,181
186,185,181,230
182,186,181,182
187,186,182,230
182,187,182,183
188,187,183,-29586
182,188,183,184
189,188,184,-29586
182,189,184,185
190,189,185,232
182,190,185,186
191,190,186,233
182,191,186,187
192,191,187,233
182,192,187,188
193,192,188,234
182,193,188,189
194,193,189,235
182,194,189,190
195,194,190,235
182,195,190,191
196,195,191,236
182,196,191,192
197,196,192,237
182,197,192,193
198,197,193,237
182,198,193,194
199,198,194,238
182,199,194,195
200,199,195,239
182,200,195,196
201,200,196,239
182,201,196,197
202,201,197,240
182,202,197,198
203,202,198,240
182,203,198,199
204,203,199,728
182,204,199,200
205,204,200,728
182,205,200,201
206,205,201,727
182,206,201,202
207,206,202,726
182,207,202,203
208,207,203,726
182,208,203,204
209,208,204,725
182,209,204,205
210,209,205,724
182,210,205,206
211,210,206,723
182,211,206,-1
212,213,207,14522
213,214,207,14523
214,212,207,208
215,212,208,14521
214,215,208,256
216,217,209,327
217,215,209,14520
215,216,209,210
218,216,210,326
215,218,210,211
219,218,211,325
215,219,211,257
220,221,212,324
221,219,212,325
219,220,212,213
222,220,213,323
219,222,213,258
223,224,214,322
224,222,214,323
222,223,214,259
225,226,215,321
226,223,215,322
223,225,215,216
227,225,216,320
223,227,216,260
228,229,217,352
229,227,217,320
227,228,217,218
230,228,218,319
227,230,218,219
231,230,219,318
227,231,219,261
232,233,220,317
233,231,220,318
231,232,220,221
234,232,221,316
231,234,221,222
235,234,222,315
231,235,222,262
236,237,223,313
237,235,223,314
235,236,223,224
238,236,224,312
235,238,224,225
181,238,225,-1
235,181,225,226
235,180,226,227
235,183,227,228
235,184,228,229
235,185,229,263
185,187,230,264
189,239,231,-29330
239,187,231,-29330
187,189,231,232
187,190,232,265
190,192,233,234
190,193,234,266
193,195,235,236
193,196,236,267
196,198,237,238
196,199,238,268
199,201,239,269
201,203,240,241
240,203,241,708
201,240,241,242
241,240,242,708
201,241,242,243
242,241,243,709
201,242,243,244
243,242,244,709
201,243,244,270
244,245,245,711
245,243,245,710
243,244,245,271
246,247,246,-30610
247,244,246,-30610
244,246,246,272
248,249,247,-30610
249,250,247,-30610
250,248,247,248
251,248,248,715
250,251,248,274
252,253,249,717
253,251,249,716
251,252,249,250
254,252,250,836
251,254,250,251
255,254,251,816
251,255,251,252
256,255,252,815
251,256,252,253
257,256,253,801
251,257,253,274
214,258,254,806
258,257,254,805
257,214,254,255
259,214,255,256,40
257,259,255,275
259,215,256,257
259,219,257,258
259,222,258,259
259,223,259,260
259,227,260,261
259,231,261,262
259,235,262,263
259,185,263,264
259,187,264,265
259,190,265,266
259,193,266,267
259,196,267,268
259,199,268,269
259,201,269,270
259,243,270,271
259,244,271,272
259,246,272,273
250,246,273,713
259,250,273,275
250,257,274,275
260,261,276,1019
261,262,276,980
262,260,276,333
263,264,277,-17271
264,260,277,-17271
260,263,277,334
265,266,278,1164
266,263,278,1171
263,265,278,279
267,265,279,1164
263,267,279,334
268,269,280,1268
269,267,280,1207
267,268,280,335
270,271,281,-18041
271,268,281,1268
268,270,281,282
272,270,282,-9078
268,272,282,283
273,272,283,1288
268,273,283,335
274,275,284,1485
275,276,284,1486
276,274,284,285
277,274,285,1133
276,277,285,286
278,277,286,1134
276,278,286,287
279,278,287,1135
276,279,287,336
280,281,288,1137
281,279,288,1136
279,280,288,289
282,280,289,1138
279,282,289,290
283,282,290,1139
279,283,290,337
284,285,291,1140
285,283,291,1139
283,284,291,292
286,284,292,1140
283,286,292,338
287,288,293,1025
288,286,293,1103
286,287,293,294
289,287,294,377
286,289,294,339
290,291,295,-29522
291,292,295,-29522
292,290,295,296
293,290,296,-29522
292,293,296,297
294,293,297,381
292,294,297,341
295,296,298,-29522
296,297,298,383
297,295,298,299
298,295,299,-29522
297,298,299,300
299,298,300,385
297,299,300,343
300,301,301,386
301,299,301,385
299,300,301,344
302,303,302,388
303,300,302,387
300,302,302,345
304,305,303,390
305,302,303,389
302,304,303,304
306,304,304,390
302,306,304,346
307,308,305,392
308,306,305,391
306,307,305,347
309,310,306,394
310,307,306,393
307,309,306,348
311,312,307,-29522
312,309,307,-29522
309,311,307,349
313,314,308,398
314,311,308,397
311,313,308,309
315,313,309,399
311,315,309,310
316,315,310,399
311,316,310,311
238,316,311,-1
311,238,311,312
311,236,312,313
311,237,313,314
311,235,314,315
311,234,315,316
311,232,316,317
311,233,317,350
233,230,318,319
233,228,319,351
229,225,320,321
229,226,321,353
226,224,322,354
224,220,323,324
224,221,324,355
221,218,325,326
221,216,326,355
317,217,327,14519
216,317,327,328
318,317,328,964
216,318,328,329
319,318,329,997
216,319,329,330
320,319,330,985
216,320,330,356
262,321,331,983
321,320,331,984
320,262,331,332
322,262,332,333,287
320,322,332,357
322,260,333,358
260,267,334,359
267,273,335,360
276,323,336,1316
323,279,336,337
323,283,337,338
323,286,338,339
323,289,339,340
292,289,340,-29522
323,292,340,341
323,294,341,342
297,294,342,382
323,297,342,343
323,299,343,344
323,300,344,345
323,302,345,346
323,306,346,347
323,307,347,348
323,309,348,349
323,311,349,350
323,233,350,351
323,228,351,352
323,229,352,353
323,226,353,354
323,224,354,363
224,216,355,356
224,320,356,357
224,322,357,358
224,260,358,359
224,267,359,360
224,273,360,361
324,273,361,1288
224,324,361,362
325,324,362,1289
224,325,362,363
323,325,363,1316
326,327,364,-28754
327,316,364,-1
316,326,364,365
328,326,365,-28754
316,328,365,366
329,328,366,415
316,329,366,400
330,331,367,417
331,329,367,416
329,330,367,401
332,333,368,418
333,330,368,417
330,332,368,369
334,332,369,419
330,334,369,402
335,336,370,421
336,337,370,420
337,335,370,404
338,339,371,738
339,335,371,421
335,338,371,404
340,341,372,778
341,342,372,779
342,340,372,373
343,340,373,777
342,343,373,406
344,345,374,775
345,343,374,776
343,344,374,407
346,347,375,773
347,344,375,774
344,346,375,376
287,346,376,1025
344,287,376,377
344,289,377,378
348,289,378,-29554
344,348,378,379
291,348,379,-29554
344,291,379,380
349,291,380,-29554
344,349,380,407
293,349,381,-29554
349,294,381,382
349,297,382,383
349,296,383,384
350,296,384,-29554
349,350,384,408
298,301,385,386
298,300,386,387
298,303,387,388
298,302,388,389
298,305,389,413
305,306,390,391
305,308,391,392
305,307,392,393
305,310,393,394
305,309,394,395
351,309,395,-29554
305,351,395,396
311,351,396,-29554
305,311,396,397
305,314,397,398
305,313,398,409
313,316,399,400
313,329,400,401
313,330,401,402
313,334,402,403
337,334,403,419
313,337,403,409
337,338,404,405
352,338,405,780
337,352,405,410
342,353,406,779
353,343,406,411
343,349,407,408
343,350,408,411
305,337,409,410
305,352,410,413
353,350,411,412
298,350,412,-29554
353,298,412,414
298,352,413,414
353,352,414,780
328,354,415,-29522
354,329,415,416
354,331,416,487
331,333,417,418
331,332,418,488
332,337,419,420
332,336,420,489
336,339,421,422
355,339,422,738
336,355,422,423
356,355,423,739
336,356,423,424
357,356,424,739
336,357,424,490
358,359,425,741
359,357,425,740
357,358,425,426
360,358,426,741
357,360,426,427
361,360,427,742
357,361,427,428
362,361,428,742
357,362,428,491
363,364,429,744
364,362,429,743
362,363,429,492
365,366,430,745
366,363,430,744
363,365,430,431
367,365,431,745
363,367,431,493
368,369,432,748
369,370,432,747
370,368,432,433
371,368,433,749
370,371,433,434
372,371,434,749
370,372,434,435
373,372,435,750
370,373,435,436
374,373,436,750
370,374,436,495
375,376,437,752
376,374,437,751
374,375,437,496
377,378,438,754
378,375,438,753
375,377,438,497
379,380,439,2222
380,381,439,755
381,379,439,440
382,379,440,2224
381,382,440,441
383,382,441,442,162
381,383,441,498
384,382,442,13459
383,384,442,443
385,384,443,1987
383,385,443,444
386,385,444,1988
383,386,444,499
387,388,445,1984
388,389,445,1983
389,387,445,446
390,387,446,2053
389,390,446,447
391,390,447,1879
389,391,447,448
392,391,448,-29522
389,392,448,501
393,394,449,1877
394,395,449,1876
395,393,449,450
396,393,450,2054
395,396,450,451
397,396,451,2046
395,397,451,452
398,397,452,1974
395,398,452,453
399,398,453,1966
395,399,453,503
400,401,454,1198
401,399,454,1528
399,400,454,455
402,400,455,1199
399,402,455,456
403,402,456,947
399,403,456,457
404,403,457,948
399,404,457,503
405,406,458,-29522
406,404,458,-29522
404,405,458,504
407,408,459,952
408,405,459,951
405,407,459,460
409,407,460,952
405,409,460,505
410,411,461,954
411,409,461,953
409,410,461,462
412,410,462,-29522
409,412,462,506
413,414,463,956
414,412,463,-29522
412,413,463,507
415,416,464,958
416,413,464,957
413,415,464,508
417,418,465,538
418,419,465,937
419,417,465,466
420,417,466,539
419,420,466,509
421,422,467,566
422,420,467,539
420,421,467,468
423,421,468,540
420,423,468,510
424,425,469,541
425,423,469,540
423,424,469,470
426,424,470,541
423,426,470,511
427,428,471,543
428,426,471,542
426,427,471,472
429,427,472,-31314
426,429,472,512
430,431,473,-31314
431,429,473,-31314
429,430,473,513
432,433,474,-31314
433,430,474,-31314
430,432,474,475
434,432,475,569
430,434,475,476
435,434,476,548
430,435,476,477
436,435,477,548
430,436,477,514
437,438,478,550
438,436,478,549
436,437,478,479
439,437,479,550
436,439,479,515
440,441,480,552
441,439,480,551
439,440,480,516
442,443,481,554
443,440,481,553
440,442,481,482
444,442,482,555
440,444,482,483
445,444,483,555
440,445,483,484
446,445,484,556
440,446,484,517
327,447,485,-1
447,446,485,557
446,327,485,486
354,327,486,-29522
446,354,486,487
446,331,487,488
446,332,488,489
446,336,489,490
446,357,490,491
446,362,491,492
446,363,492,493
446,367,493,494
370,367,494,746
446,370,494,495
446,374,495,496
446,375,496,497
446,377,497,517
381,377,498,754
377,383,498,499
377,386,499,500
389,386,500,1983
377,389,500,501
377,392,501,502
395,392,502,-29522
377,395,502,518
395,404,503,504
395,405,504,505
395,409,505,506
395,412,506,507
395,413,507,508
395,415,508,519
419,415,509,958
415,420,509,510
415,423,510,511
415,426,511,512
415,429,512,513
415,430,513,514
415,436,514,515
415,439,515,516
415,440,516,519
440,377,517,518
440,395,518,519
448,449,520,622
449,447,520,-1
447,448,520,521
450,448,521,621
447,450,521,522
451,450,522,620
447,451,522,523
452,451,523,620
447,452,523,524
453,452,524,619
447,453,524,525
454,453,525,618
447,454,525,558
455,456,526,640
456,454,526,618
454,455,526,527
457,455,527,617
454,457,527,528
458,457,528,616
454,458,528,559
459,460,529,612
460,461,529,613
461,459,529,562
462,463,530,610
463,464,530,611
464,462,530,563
465,466,531,637
466,467,531,609
467,465,531,532
468,465,532,608
467,468,532,533
469,468,533,940
467,469,533,534
470,469,534,939
467,470,534,535
471,470,535,939
467,471,535,536
472,471,536,938
467,472,536,537
418,472,537,937
467,418,537,538
467,417,538,564
417,422,539,565
421,425,540,567
425,426,541,542
425,428,542,568
473,427,543,-28754
428,473,543,544
474,473,544,-28754
428,474,544,545
430,474,545,-28754
428,430,545,546
475,430,546,-28754
428,475,546,547
432,475,547,-28754
428,432,547,574
434,436,548,549
434,438,549,569
438,439,550,551
438,441,551,552
438,440,552,553
438,443,553,554
438,442,554,570
442,445,555,556
442,446,556,557
442,447,557,558
442,454,558,559
442,458,559,560
476,458,560,615
442,476,560,561
477,476,561,614
442,477,561,571
461,477,562,613
477,459,562,572
464,459,563,611
459,462,563,573
467,462,564,609
462,417,564,565
462,422,565,566
462,421,566,567
462,425,567,568
462,428,568,573
432,438,569,570
432,442,570,571
432,477,571,572
432,459,572,574
459,428,573,574
478,479,575,683
479,449,575,-1
449,478,575,623
480,481,576,682
481,478,576,683
478,480,576,624
482,483,577,680
483,484,577,681
484,482,577,626
485,486,578,679
486,482,578,680
482,485,578,627
487,488,579,678
488,485,579,679
485,487,579,628
489,490,580,693
490,487,580,678
487,489,580,581
491,489,581,677
487,491,581,582
492,491,582,676
487,492,582,629
493,494,583,675
494,492,583,676
492,493,583,584
495,493,584,674
492,495,584,585
496,495,585,673
492,496,585,586
497,496,586,672
492,497,586,630
498,499,587,692
499,500,587,671
500,498,587,588
501,498,588,670
500,501,588,632
502,503,589,701
503,501,589,670
501,502,589,590
504,502,590,669
501,504,590,591
505,504,591,668
501,505,591,592
506,505,592,667
501,506,592,633
507,508,593,1602
508,506,593,667
506,507,593,594
509,507,594,1601
506,509,594,595
510,509,595,1666
506,510,595,596
511,510,596,1671
506,511,596,597
512,511,597,1659
506,512,597,598
513,512,598,1659
506,513,598,599
514,513,599,1684
506,514,599,600
515,514,600,1569
506,515,600,601
516,515,601,1513
506,516,601,602
517,516,602,1191
506,517,602,603
518,517,603,1190
506,518,603,604
519,518,604,1189
506,519,604,634
520,521,605,1188
521,519,605,1189
519,520,605,635
522,523,606,1186
523,520,606,1187
520,522,606,636
468,524,607,941
524,522,607,1186
522,468,607,608
522,465,608,636
466,462,609,610
466,463,610,638
463,459,611,612
463,460,612,638
460,477,613,614
460,476,614,615
460,458,615,616
460,457,616,617
460,455,617,639
456,453,618,619
456,452,619,641
452,450,620,621
452,448,621,622
452,449,622,623
452,478,623,624
452,480,624,625
484,480,625,681
452,484,625,626
452,482,626,627
452,485,627,628
452,487,628,629
452,492,629,630
452,497,630,631
500,497,631,671
452,500,631,632
452,501,632,633
452,506,633,634
452,519,634,635
452,520,635,642
520,465,636,637
520,466,637,642
466,460,638,639
466,455,639,640
466,456,640,641
466,452,641,642
525,526,643,707
526,479,643,-1
479,525,643,644
527,525,644,706
479,527,644,645
528,527,645,705
479,528,645,646
529,528,646,-1
479,529,646,647
530,529,647,1356
479,530,647,648
531,530,648,1356
479,531,648,649
532,531,649,1382
479,532,649,650
533,532,650,1357
479,533,650,651
534,533,651,1467
479,534,651,652
535,534,652,1475
479,535,652,684
536,537,653,1301
537,538,653,1473
538,536,653,685
539,540,654,1305
540,541,654,1306
541,539,654,687
542,543,655,1579
543,539,655,1305
539,542,655,656
544,542,656,1584
539,544,656,657
545,544,657,1595
539,545,657,658
546,545,658,1615
539,546,658,687
547,548,659,1614
548,546,659,1615
546,547,659,688
549,550,660,1612
550,547,660,1613
547,549,660,661
551,549,661,1433
547,551,661,662
552,551,662,1432
547,552,662,663
553,552,663,1431
547,553,663,689
554,555,664,1435
555,556,664,1436
556,554,664,665
557,554,665,1605
556,557,665,666
508,557,666,1597
556,508,666,691
508,505,667,668
508,504,668,669
508,502,669,691
503,498,670,702
499,497,671,672
499,496,672,673
499,495,673,674
499,493,674,675
499,494,675,692
494,491,676,677
494,489,677,704
490,488,678,693
488,486,679,694
486,483,680,695
483,480,681,682
483,481,682,696
481,479,683,684
481,535,684,697
538,535,685,1474
535,536,685,686
558,536,686,1301
535,558,686,698
541,546,687,688
541,547,688,689
541,553,689,690
556,553,690,1431
541,556,690,700
556,502,691,700
498,494,692,703
489,488,693,694
489,486,694,695
489,483,695,696
489,481,696,697
489,535,697,698
489,558,698,699
541,558,699,1306
489,541,699,704
541,502,700,701
541,503,701,702
541,498,702,703
541,494,703,704
528,559,705,-1
559,527,705,706
559,525,706,707
559,526,707,-1
203,241,708,729
241,243,709,710
241,245,710,711
241,244,711,712
560,244,712,-29586
241,560,712,730
246,560,713,-29586
560,250,713,714
561,250,714,-29586
560,561,714,731
248,561,715,-29586
561,251,715,716
561,253,716,717
561,252,717,732
562,563,718,817
563,252,718,837
252,562,718,733
564,565,719,819
565,566,719,818
566,564,719,720
567,564,720,820
566,567,720,721
568,567,721,898
566,568,721,735
211,569,722,-1
569,570,722,-2277
570,211,722,723
570,210,723,724
570,209,724,725
570,208,725,737
208,206,726,727
208,205,727,737
205,203,728,729
205,241,729,730
205,560,730,731
205,561,731,732
205,252,732,733
205,562,733,734
566,562,734,817
205,566,734,735
205,568,735,736
570,568,736,-2277
205,570,736,737
338,355,738,781
355,357,739,740
355,359,740,782
359,360,741,783
360,362,742,743
360,364,743,784
364,366,744,785
366,367,745,746
366,370,746,747
366,369,747,748
366,368,748,786
368,372,749,787
372,374,750,751
372,376,751,752
372,375,752,753
372,378,753,788
378,381,754,755
378,380,755,756
571,380,756,2213
378,571,756,757
572,571,757,2213
378,572,757,758
573,572,758,2368
378,573,758,759
574,573,759,2370
378,574,759,760
575,574,760,2380
378,575,760,761
576,575,761,2379
378,576,761,762
577,576,762,2304
378,577,762,763
578,577,763,-29522
378,578,763,789
579,580,764,1459
580,578,764,1440
578,579,764,765
581,579,765,1441
578,581,765,790
582,583,766,1442
583,581,766,1441
581,582,766,791
584,585,767,-29522
585,586,767,-29522
586,584,767,793
587,588,768,1032
588,584,768,1447
584,587,768,794
589,590,769,1031
590,587,769,1032
587,589,769,770
591,589,770,1030
587,591,770,795
592,593,771,1029
593,591,771,1030
591,592,771,796
346,594,772,1026
594,595,772,1027
595,346,772,773
595,347,773,774
595,344,774,775
595,345,775,776
595,343,776,777
595,340,777,778
595,341,778,798
341,353,779,799
353,338,780,781
353,355,781,782
353,359,782,783
353,360,783,784
353,364,784,785
353,366,785,786
353,368,786,787
353,372,787,788
353,378,788,789
353,578,789,790
353,581,790,791
353,582,791,792
596,582,792,1443
353,596,792,800
586,596,793,1444
596,584,793,794
596,587,794,795
596,591,795,796
596,592,796,797
597,592,797,1028
596,597,797,800
595,597,798,1027
597,341,798,799
597,353,799,800
598,256,801,815
257,598,801,802
599,598,802,814
257,599,802,803
600,599,803,14528,40
257,600,803,804
601,600,804,807
257,601,804,805
258,601,805,806
214,601,806,807
214,600,807,808
602,600,808,14510,40
214,602,808,14524,40
603,604,809,933
604,605,809,14504,6
605,603,809,810
606,603,810,936
605,606,810,811
607,606,811,932
605,607,811,812
599,607,812,14525
605,599,812,813
608,599,813,814,40
605,608,813,833
608,598,814,834
598,255,815,816
598,254,816,835
563,566,817,818
563,565,818,819
563,564,819,820
563,567,820,821
609,567,821,898
563,609,821,822
610,609,822,897
563,610,822,823
611,610,823,897
563,611,823,824
612,611,824,896
563,612,824,825
613,612,825,895
563,613,825,826
614,613,826,895
563,614,826,827
615,614,827,894
563,615,827,838
616,617,828,893
617,615,828,894
615,616,828,839
618,619,829,892
619,616,829,893
616,618,829,839
620,621,830,891
621,618,830,892
618,620,830,831
622,620,831,1097
618,622,831,832
605,622,832,14504,6
618,605,832,833
618,608,833,834
618,598,834,835
618,254,835,836
618,252,836,837
618,563,837,838
618,615,838,839
569,623,840,-30610
623,568,840,-30610
568,569,840,841
624,569,841,-1
568,624,841,842
625,624,842,14480,6
568,625,842,924
626,627,843,14479,6
627,625,843,14495,6
625,626,843,917
628,629,844,14478,6
629,626,844,14479,6
626,628,844,845
630,628,845,14062
626,630,845,846
631,630,846,14062
626,631,846,847
632,631,847,14498,6
626,632,847,899
633,634,848,14032
634,632,848,14498,6
632,633,848,849
635,633,849,14049
632,635,849,850
636,635,850,14031
632,636,850,851
637,636,851,14030
632,637,851,852
638,637,852,14030
632,638,852,853
639,638,853,14029
632,639,853,899
640,641,854,14047
641,639,854,14029
639,640,854,855
642,640,855,14046
639,642,855,856
643,642,856,14045
639,643,856,857
644,643,857,14028
639,644,857,900
645,646,858,868,6
646,644,858,14027
644,645,858,901
647,648,859,867,6
648,645,859,868,6
645,647,859,860
649,647,860,866,6
645,649,860,861
650,649,861,865,6
645,650,861,902
651,652,862,904,6
652,653,862,863,6
653,651,862,919
654,653,863,918,6
652,654,863,864
650,654,864,903,6
652,650,864,865
652,649,865,866
652,647,866,867
652,648,867,904
648,646,868,869
655,646,869,14007
648,655,869,870
656,655,870,14007
648,656,870,871
657,656,871,14006
648,657,871,872
658,657,872,14361
648,658,872,873
659,658,873,14360
648,659,873,874
660,659,874,14359
648,660,874,875
661,660,875,14358
648,661,875,905
662,663,876,14357
663,661,876,14358
661,662,876,877
664,662,877,14356
661,664,877,878
665,664,878,888,6
661,665,878,879
666,665,879,887,6
661,666,879,880
667,666,880,886,6
661,667,880,881
668,667,881,885,6
661,668,881,906
669,670,882,909,6
670,668,882,885,6
668,669,882,883
671,669,883,884,6
668,671,883,907
671,672,884,908,6
672,669,884,920
670,667,885,886
670,666,886,887
670,665,887,909
673,664,888,1277
665,673,888,910
674,675,889,1098
675,673,889,1276
673,674,889,911
620,676,890,1097
676,677,890,1100
677,620,890,891
677,621,891,913
621,619,892,913
619,617,893,914
617,614,894,915
614,612,895,896
614,611,896,915
611,609,897,916
609,568,898,916
626,639,899,900
626,644,900,901
626,645,901,902
626,650,902,903
626,654,903,917
651,648,904,905
651,661,905,906
651,668,906,907
651,671,907,908
651,672,908,919
669,665,909,910
669,673,910,911
669,674,911,912
677,674,912,1101
669,677,912,920
677,619,913,914
677,617,914,921
617,611,915,922
611,568,916,923
625,654,917,918
625,653,918,924
653,672,919,925
672,677,920,921
672,617,921,922
672,611,922,923
672,568,923,925
568,653,924,925
678,679,926,1016
679,680,926,1010
680,678,926,927
681,678,927,-18044
680,681,927,928
682,681,928,971
680,682,928,929
683,682,929,14513
680,683,929,930
684,683,930,14512
680,684,930,931
607,684,931,14525
680,607,931,932
680,606,932,935
685,604,933,14454,6
603,685,933,936
680,686,934,1011
686,685,934,14454,6
685,680,934,935
685,606,935,936
419,472,937,938
419,471,938,959
471,469,939,940
471,468,940,941
471,524,941,942
687,524,942,1206
471,687,942,960
688,689,943,1204
689,687,943,1205
687,688,943,944
690,688,944,1203
687,690,944,961
691,692,945,1201
692,690,945,1202
690,691,945,946
402,691,946,1200
690,402,946,947
690,403,947,948
690,404,948,949
693,404,949,-28754
690,693,949,950
405,693,950,-28754
690,405,950,951
690,408,951,962
408,409,952,953
408,411,953,962
694,410,954,-28754
411,694,954,955
414,694,955,-28754
411,414,955,956
411,413,956,957
411,416,957,963
416,419,958,959
416,471,959,960
416,687,960,961
416,690,961,963
690,411,962,963
695,318,964,998
317,695,964,965
696,695,965,967
317,696,965,14518
697,698,966,14516
698,699,966,14515
699,697,966,973
696,697,967,14517
697,695,967,974
700,701,968,1013
701,695,968,999
695,700,968,974
702,703,969,-18044
703,700,969,1014
700,702,969,970
681,702,970,-18410
700,681,970,971
700,682,971,972
699,682,972,14514
700,699,972,973
700,697,973,974
704,705,975,1183
705,706,975,995
706,704,975,976
707,704,976,1184
706,707,976,977
708,707,977,1172
706,708,977,978
709,708,978,1093
706,709,978,979
261,709,979,1024
706,261,979,980
706,262,980,981
710,262,981,983,287
706,710,981,982
711,710,982,989,287
706,711,982,988
710,321,983,984
710,320,984,985
710,319,985,986
712,319,986,996
710,712,986,987
713,712,987,996
710,713,987,989
706,714,988,995
714,711,988,990
711,713,989,990
714,713,990,1007
715,716,991,1160
716,717,991,14445
717,715,991,992
718,715,992,1252
717,718,992,993
719,718,993,1251
717,719,993,994
720,719,994,1237
717,720,994,1004
705,714,995,1006
713,319,996,997
713,318,997,998
713,695,998,999
713,701,999,1000
721,701,1000,1013
713,721,1000,1001
722,721,1001,1002,6
713,722,1001,1007
722,723,1002,1008,6
723,721,1002,1003
717,721,1003,14446
723,717,1003,1004
723,720,1004,1005
705,720,1005,1182
723,705,1005,1006
723,714,1006,1008
714,722,1007,1008
679,724,1009,1017
724,725,1009,1018
725,679,1009,1010
725,680,1010,1011
725,686,1011,14447,6
721,726,1012,14446,6
726,725,1012,14443,6
725,721,1012,1018
721,700,1013,1014
721,703,1014,1015
678,703,1015,-18044
721,678,1015,1016
721,679,1016,1017
721,724,1017,1018
727,260,1019,-29554
261,727,1019,1020
263,727,1020,-29554
261,263,1020,1021
728,263,1021,1171
261,728,1021,1022
729,728,1022,1170
261,729,1022,1023
730,729,1023,1086
261,730,1023,1024
709,730,1024,1093
288,346,1025,1026
288,594,1026,1070
594,597,1027,1028
594,592,1028,1029
594,593,1029,1071
593,589,1030,1031
593,590,1031,1072
590,588,1032,1033
731,588,1033,1448
590,731,1033,1034
732,731,1034,1929
590,732,1034,1035
733,732,1035,1928
590,733,1035,1036
734,733,1036,1928
590,734,1036,1037
735,734,1037,1927
590,735,1037,1038
736,735,1038,1927
590,736,1038,1039
737,736,1039,1926
590,737,1039,1040
738,737,1040,1926
590,738,1040,1072
739,740,1041,1941
740,738,1041,1942
738,739,1041,1042
741,739,1042,1940
738,741,1042,1073
742,743,1043,2760
743,741,1043,1939
741,742,1043,1044
744,742,1044,2761
741,744,1044,1045
745,744,1045,2067
741,745,1045,1046
746,745,1046,2068
741,746,1046,1074
747,748,1047,2957
748,746,1047,2069
746,747,1047,1048
749,747,1048,2958
746,749,1048,1075
750,751,1049,1908
751,749,1049,2869
749,750,1049,1050
752,750,1050,1907
749,752,1050,1051
753,752,1051,1906
749,753,1051,1052
754,753,1052,1905
749,754,1052,1053
755,754,1053,1904
749,755,1053,1054
756,755,1054,1903
749,756,1054,1075
757,758,1055,1901
758,759,1055,1902
759,757,1055,1056
760,757,1056,1900
759,760,1056,1077
761,762,1057,1912
762,763,1057,1913
763,761,1057,1058
764,761,1058,2372
763,764,1058,1059
765,764,1059,1823
763,765,1059,1060
766,765,1060,1822
763,766,1060,1061
767,766,1061,1821
763,767,1061,1062
768,767,1062,1820
763,768,1062,1063
769,768,1063,1819
763,769,1063,1064
770,769,1064,1818
763,770,1064,1078
771,772,1065,1110
772,770,1065,1111
770,771,1065,1066
773,771,1066,1109
770,773,1066,1079
774,775,1067,1108
775,773,1067,1109
773,774,1067,1068
776,774,1068,1107
773,776,1068,1080
777,778,1069,1104
778,779,1069,1105
779,777,1069,1082
288,777,1070,1103
777,594,1070,1071
777,593,1071,1082
593,738,1072,1073
593,741,1073,1074
593,746,1074,1083
746,756,1075,1076
759,756,1076,1902
746,759,1076,1077
746,760,1077,1084
763,780,1078,1914
780,770,1078,1079
780,773,1079,1080
780,776,1080,1081
779,776,1081,1106
780,779,1081,1085
779,593,1082,1083
779,746,1083,1084
779,760,1084,1085
780,760,1085,1900
781,729,1086,1169
730,781,1086,1087
782,781,1087,1256
730,782,1087,1088
783,782,1088,1174
730,783,1088,1089
784,783,1089,1174
730,784,1089,1090
785,784,1090,1173
730,785,1090,1091
786,785,1091,1173
730,786,1091,1092
708,786,1092,1172
730,708,1092,1093
787,788,1094,1279
788,675,1094,1276
675,787,1094,1095
789,787,1095,14427,6
675,789,1095,1096
790,789,1096,14426,6
675,790,1096,1098
622,676,1097,1099
674,790,1098,1101
622,791,1099,14424,6
791,676,1099,1100
791,677,1100,1102
677,790,1101,1102
791,790,1102,14425,6
286,777,1103,1104
286,778,1104,1105
286,779,1105,1106
286,776,1106,1107
286,774,1107,1108
286,775,1108,1141
775,771,1109,1110
775,772,1110,1142
792,770,1111,1818
772,792,1111,1112
793,792,1112,1830
772,793,1112,1113
794,793,1113,1829
772,794,1113,1148
795,796,1114,1826
796,797,1114,1827
797,795,1114,1115
798,795,1115,2192
797,798,1115,1116
799,798,1116,2168
797,799,1116,1117
800,799,1117,1677
797,800,1117,1118
801,800,1118,1676
797,801,1118,1119
802,801,1119,1675
797,802,1119,1120
803,802,1120,1674
797,803,1120,1121
804,803,1121,1673
797,804,1121,1143
805,806,1122,1682
806,807,1122,1672
807,805,1122,1150
808,809,1123,1680
809,810,1123,1681
810,808,1123,1124
811,808,1124,13500
810,811,1124,1125
812,811,1125,1510
810,812,1125,1126
813,812,1126,1499
810,813,1126,1127
814,813,1127,1499
810,814,1127,1128
815,814,1128,1500
810,815,1128,1144
816,817,1129,1503
817,818,1129,1502
818,816,1129,1130
819,816,1130,1504
818,819,1130,1146
820,821,1131,1483
821,819,1131,1505
819,820,1131,1132
274,820,1132,1484
819,274,1132,1133
819,277,1133,1134
819,278,1134,1135
819,279,1135,1136
819,281,1136,1137
819,280,1137,1138
819,282,1138,1146
282,285,1139,1147
285,286,1140,1141
285,775,1141,1142
285,772,1142,1152
797,794,1143,1828
794,804,1143,1148
810,805,1144,1681
805,815,1144,1145
822,815,1145,1500
805,822,1145,1150
818,282,1146,1147
818,285,1147,1151
772,804,1148,1149
807,804,1149,1672
772,807,1149,1153
807,822,1150,1153
818,822,1151,1501
822,285,1151,1152
822,772,1152,1153
823,824,1154,14420
824,825,1154,14453
825,823,1154,1162
826,827,1155,14411,6
827,823,1155,14419
823,826,1155,1156
828,826,1156,14407
823,828,1156,1157
829,828,1157,14409,6
823,829,1157,1162
830,831,1158,14408,6
831,829,1158,14409,6
829,830,1158,1163
715,832,1159,1253
832,830,1159,14408,6
830,715,1159,1160
830,716,1160,1161
825,716,1161,14444
830,825,1161,1163
825,829,1162,1163
266,267,1164,1165
833,267,1165,1219
266,833,1165,1166
834,833,1166,1218
266,834,1166,1167
835,834,1167,1257
266,835,1167,1168
781,835,1168,1256
266,781,1168,1169
266,729,1169,1170
266,728,1170,1171
707,786,1172,1184
786,784,1173,1185
784,782,1174,1175
836,782,1175,1266
784,836,1175,1176
837,836,1176,1280
784,837,1176,1177
838,837,1177,1287
784,838,1177,1178
839,838,1178,1287
784,839,1178,1179
840,839,1179,1246
784,840,1179,1180
841,840,1180,1236
784,841,1180,1181
720,841,1181,1236
784,720,1181,1182
784,705,1182,1183
784,704,1183,1185
704,786,1184,1185
524,523,1186,1187
524,520,1187,1188
524,521,1188,1206
521,518,1189,1190
521,517,1190,1191
521,516,1191,1192
842,516,1192,1512
521,842,1192,1193
843,842,1193,1512
521,843,1193,1194
844,843,1194,1531
521,844,1194,1195
845,844,1195,1531
521,845,1195,1196
846,845,1196,1530
521,846,1196,1197
401,846,1197,1529
521,401,1197,1198
521,400,1198,1199
521,402,1199,1200
521,691,1200,1201
521,692,1201,1202
521,690,1202,1203
521,688,1203,1204
521,689,1204,1205
521,687,1205,1206
847,269,1207,1275
267,847,1207,1208
848,847,1208,1275
267,848,1208,1219
849,850,1209,1273
850,848,1209,1274
848,849,1209,1220
851,852,1210,1313
852,849,1210,1272
849,851,1210,1220
853,854,1211,1312
854,851,1211,1313
851,853,1211,1212
855,853,1212,1461
851,855,1212,1213
856,855,1213,1461
851,856,1213,1214
857,856,1214,1339
851,857,1214,1215
858,857,1215,1261
851,858,1215,1216
859,858,1216,1260
851,859,1216,1221
834,860,1217,1258
860,859,1217,1259
859,834,1217,1218
859,833,1218,1222
833,848,1219,1222
848,851,1220,1221
848,859,1221,1222
861,862,1223,14403
862,863,1223,14404
863,861,1223,1242
864,865,1224,14401
865,866,1224,14402
866,864,1224,1225
867,864,1225,1409
866,867,1225,1226
868,867,1226,1418
866,868,1226,1227
869,868,1227,1408
866,869,1227,1228
870,869,1228,1407
866,870,1228,1229
871,870,1229,1406
866,871,1229,1230
872,871,1230,1405
866,872,1230,1231
873,872,1231,1427
866,873,1231,1244
874,875,1232,1346
875,873,1232,1426
873,874,1232,1233
876,874,1233,1284
873,876,1233,1234
877,876,1234,1285
873,877,1234,1235
839,877,1235,1286
873,839,1235,1245
840,720,1236,1247
878,719,1237,1251
720,878,1237,1238
879,878,1238,1250
720,879,1238,1239
880,879,1239,1249
720,880,1239,1247
863,881,1240,1255
881,880,1240,1249
880,863,1240,1241
882,863,1241,1242,6
880,882,1241,1248
882,861,1242,1243
866,861,1243,14402
882,866,1243,1244
882,873,1244,1245
882,839,1245,1246
882,840,1246,1248
840,880,1247,1248
881,879,1249,1250
881,878,1250,1255
878,718,1251,1252
878,715,1252,1253
878,832,1253,1254
863,832,1254,14393,6
878,863,1254,1255
782,835,1256,1257
782,834,1257,1258
782,860,1258,1259
782,859,1259,1260
782,858,1260,1261
782,857,1261,1262
883,857,1262,1339
782,883,1262,1263
884,883,1263,1348
782,884,1263,1264
885,884,1264,1347
782,885,1264,1267
886,887,1265,1281
887,885,1265,1282
885,886,1265,1267
836,886,1266,1280
886,782,1266,1267
269,271,1268,1269
888,271,1269,-29554
269,888,1269,1270
889,888,1270,1295
269,889,1270,1271
852,889,1271,1314
269,852,1271,1272
269,849,1272,1273
269,850,1273,1274
269,848,1274,1275
788,673,1276,1277
788,664,1277,1278
890,664,1278,14355,6
788,890,1278,1279
787,890,1279,14352,6
837,886,1280,1281
837,887,1281,1282
837,885,1282,1283
874,885,1283,1347
837,874,1283,1284
837,876,1284,1285
837,877,1285,1286
837,839,1286,1287
272,324,1288,1289
272,325,1289,1290
891,325,1290,1320
272,891,1290,1291
892,891,1291,1320
272,892,1291,1292
893,892,1292,1349
272,893,1292,1293
894,893,1293,1349
272,894,1293,1294
889,894,1294,1308
272,889,1294,1295
272,888,1295,-29554
895,896,1296,14414
896,897,1296,14415
897,895,1296,1297
898,895,1297,14376
897,898,1297,1298
899,898,1298,14375
897,899,1298,1299
900,899,1299,14348,6
897,900,1299,1300
901,900,1300,14340,6
897,901,1300,14345,6
558,537,1301,1302
902,537,1302,1472
558,902,1302,1303
903,902,1303,1560
558,903,1303,1304
543,903,1304,1579
558,543,1304,1307
543,540,1305,1307
540,558,1306,1307
904,894,1308,1351
889,904,1308,1309
905,904,1309,1498
889,905,1309,1310
906,905,1310,1497
889,906,1310,1311
907,906,1311,1550
889,907,1311,1315
853,907,1312,1462
907,854,1312,1315
854,852,1313,1314
854,889,1314,1315
325,276,1316,1317
908,276,1317,-9082
325,908,1317,1318
909,908,1318,1490
325,909,1318,1319
892,909,1319,1350
325,892,1319,1320
910,911,1321,13906,6
911,912,1321,13907,6
912,910,1321,1335
913,914,1322,13905,6
914,910,1322,13906,6
910,913,1322,1323
915,913,1323,13904,6
910,915,1323,1336
916,917,1324,1391
917,918,1324,13902,6
918,916,1324,1325
919,916,1325,14398
918,919,1325,1326
920,919,1326,14436
918,920,1326,1327
921,920,1327,14435
918,921,1327,1328
922,921,1328,13781,6
918,922,1328,1329
923,922,1329,13781,6
918,923,1329,1330
924,923,1330,14441
918,924,1330,1331
925,924,1331,14382
918,925,1331,1332
926,925,1332,14391
918,926,1332,1337
927,928,1333,14380
928,926,1333,14381
926,927,1333,1334
929,927,1334,14003,6
926,929,1334,1338
912,929,1335,14003,6
929,910,1335,1336
929,915,1336,1338
918,915,1337,13903,6
915,926,1337,1338
883,856,1339,1340
930,856,1340,1466
883,930,1340,1341
931,930,1341,1465
883,931,1341,1342
932,931,1342,1549
883,932,1342,1343
933,932,1343,1423
883,933,1343,1344
934,933,1344,1424
883,934,1344,1345
875,934,1345,1425
883,875,1345,1346
883,874,1346,1348
874,884,1347,1348
894,892,1349,1350
894,909,1350,1351
904,909,1351,1498
935,936,1352,1748
936,937,1352,1749
937,935,1352,1353
938,935,1353,1737
937,938,1353,1354
939,938,1354,-20808
937,939,1354,1380
529,940,1355,-1
940,939,1355,-20808
939,529,1355,1381
529,531,1356,1381
941,533,1357,1467
532,941,1357,1358
942,941,1358,1537
532,942,1358,1359
943,942,1359,1538
532,943,1359,1383
944,945,1360,1565
945,943,1360,1539
943,944,1360,1361
946,944,1361,1622
943,946,1361,1384
947,948,1362,1623
948,946,1362,1622
946,947,1362,1363
949,947,1363,1582
946,949,1363,1364
950,949,1364,1762
946,950,1364,1365
951,950,1365,1763
946,951,1365,1366
952,951,1366,1848
946,952,1366,1367
953,952,1367,1849
946,953,1367,1385
954,955,1368,1850
955,953,1368,1849
953,954,1368,1369
956,954,1369,1991
953,956,1369,1370
957,956,1370,1874
953,957,1370,1371
958,957,1371,1875
953,958,1371,1385
959,960,1372,1962
960,958,1372,1871
958,959,1372,1373
961,959,1373,1831
958,961,1373,1386
962,963,1374,1864
963,961,1374,1831
961,962,1374,1375
964,962,1375,13476
961,964,1375,1387
965,966,1376,13482
966,964,1376,13483
964,965,1376,1377
967,965,1377,13481
964,967,1377,1378
968,967,1378,1379,231
964,968,1378,1388
969,967,1379,1791
968,969,1379,1388
937,969,1380,1750
969,939,1380,1389
939,531,1381,1382
939,532,1382,1383
939,943,1383,1384
939,946,1384,1390
946,958,1385,1386
946,961,1386,1387
946,964,1387,1390
964,969,1388,1389
964,939,1389,1390
970,917,1391,13652,6
916,970,1391,1392
971,970,1392,13651,6
916,971,1392,1393
972,971,1393,1394,6
916,972,1393,1412
973,971,1394,13651,6
972,973,1394,1395
974,973,1395,13650,6
972,974,1395,1413
975,976,1396,13728,6
976,974,1396,13650,6
974,975,1396,1397
977,975,1397,13649,6
974,977,1397,1398
978,977,1398,13648,6
974,978,1398,1414
979,980,1399,13647,6
980,978,1399,13648,6
978,979,1399,1415
981,982,1400,13646,6
982,979,1400,13647,6
979,981,1400,1415
983,984,1401,13644,6
984,981,1401,13645,6
981,983,1401,1416
985,986,1402,13642,6
986,983,1402,13643,6
983,985,1402,1403
987,985,1403,1543
983,987,1403,1404
872,987,1404,1428
983,872,1404,1405
983,871,1405,1406
983,870,1406,1407
983,869,1407,1408
983,868,1408,1417
988,864,1409,14401
867,988,1409,1410
989,988,1410,14400
867,989,1410,1411
990,989,1411,14399
867,990,1411,1419
916,990,1412,14399
990,972,1412,1413
990,974,1413,1414
990,978,1414,1419
978,981,1415,1416
978,983,1416,1417
978,868,1417,1418
978,867,1418,1419
991,992,1420,13593,6
992,993,1420,13594,6
993,991,1420,1430
994,995,1421,1545
995,991,1421,13592,6
991,994,1421,1422
932,994,1422,1549
991,932,1422,1423
991,933,1423,1424
991,934,1424,1425
991,875,1425,1426
991,873,1426,1427
991,872,1427,1430
996,987,1428,1543
872,996,1428,1429
993,996,1429,13594,6
872,993,1429,1430
556,552,1431,1432
556,551,1432,1433
556,549,1433,1434
997,549,1434,1611
556,997,1434,1436
554,997,1435,1603
997,555,1435,1436
998,999,1437,2480
999,1000,1437,2481
1000,998,1437,1456
1001,1002,1438,2310
1002,998,1438,2479
998,1001,1438,1457
578,1003,1439,-29266
1003,1001,1439,-9304
1001,578,1439,1440
1001,580,1440,1458
579,583,1441,1442
579,582,1442,1443
579,596,1443,1444
579,586,1444,1445
1004,586,1445,-29266
579,1004,1445,1446
584,1004,1446,-29266
579,584,1446,1447
579,588,1447,1448
579,731,1448,1449
1005,731,1449,1929
579,1005,1449,1450
1006,1005,1450,1930
579,1006,1450,1451
1007,1006,1451,2666
579,1007,1451,1452
1008,1007,1452,2582
579,1008,1452,1453
1009,1008,1453,2577
579,1009,1453,1454
1010,1009,1454,13446
579,1010,1454,1460
1011,1000,1455,1456,53
1000,1010,1455,13445
1010,1011,1455,1460
1011,998,1456,1457
1011,1001,1457,1458
1011,580,1458,1459
1011,579,1459,1460
856,853,1461,1462
856,907,1462,1463
1012,907,1463,1554
856,1012,1463,1466
931,1013,1464,1548
1013,1012,1464,1574
1012,931,1464,1465
1012,930,1465,1466
534,941,1467,1468
1014,941,1468,1537
534,1014,1468,1469
1015,1014,1469,1542
534,1015,1469,1470
1016,1015,1470,1561
534,1016,1470,1475
1017,1018,1471,1555
1018,1016,1471,1561
1016,1017,1471,1476
902,1017,1472,1560
1017,537,1472,1473
1017,538,1473,1474
1017,535,1474,1476
535,1016,1475,1476
1019,1020,1477,1703
1020,1021,1477,-11389
1021,1019,1477,1488
1022,1023,1478,13485
1023,1019,1478,1702
1019,1022,1478,1479
1024,1022,1479,13484
1019,1024,1479,1480
1025,1024,1480,1481,217
1019,1025,1480,1488
1026,1024,1481,1774
1025,1026,1481,1489
821,1027,1482,1506
1027,1026,1482,1775
1026,821,1482,1483
1026,820,1483,1484
1026,274,1484,1485
1026,275,1485,1486
1026,276,1486,1487
1021,276,1487,-9078
1026,1021,1487,1489
1021,1025,1488,1489
1020,908,1490,-9082
909,1020,1490,1491
1028,1020,1491,-1662
909,1028,1491,1492
1029,1028,1492,-1662
909,1029,1492,1493
1030,1029,1493,1706
909,1030,1493,1494
1031,1030,1494,1707
909,1031,1494,1495
1032,1031,1495,1707
909,1032,1495,1496
906,1032,1496,1550
909,906,1496,1497
909,905,1497,1498
812,814,1499,1511
814,822,1500,1501
814,818,1501,1502
814,817,1502,1503
814,816,1503,1504
814,819,1504,1505
814,821,1505,1506
814,1027,1506,1507
1033,1027,1507,1775
814,1033,1507,1508
1034,1033,1508,1509,217
814,1034,1508,1511
811,1033,1509,13496
1034,811,1509,1510
1034,812,1510,1511
843,516,1512,1513
843,515,1513,1514
1035,515,1514,1572
843,1035,1514,1515
1036,1035,1515,1571
843,1036,1515,1516
1037,1036,1516,1571
843,1037,1516,1532
1038,1039,1517,1687
1039,1037,1517,1570
1037,1038,1517,1518
1040,1038,1518,1759
1037,1040,1518,1519
1041,1040,1519,1754
1037,1041,1519,1520
1042,1041,1520,1835
1037,1042,1520,1533
1043,1044,1521,1885
1044,1045,1521,1881
1045,1043,1521,1535
1046,1047,1522,2003
1047,1043,1522,1978
1043,1046,1522,1536
1048,1049,1523,2086
1049,1046,1523,2005
1046,1048,1523,1524
1050,1048,1524,2090
1046,1050,1524,1525
1051,1050,1525,1967
1046,1051,1525,1526
1052,1051,1526,1967
1046,1052,1526,1527
399,1052,1527,1966
1046,399,1527,1528
1046,401,1528,1529
1046,846,1529,1530
1046,845,1530,1536
845,843,1531,1532
845,1037,1532,1533
845,1042,1533,1534
1045,1042,1534,1840
845,1045,1534,1535
845,1043,1535,1536
1014,942,1537,1538
1014,943,1538,1539
1014,945,1539,1540
1053,945,1540,1564
1014,1053,1540,1541
1054,1053,1541,1563
1014,1054,1541,1542
1015,1054,1542,1562
996,985,1543,1544
1055,985,1544,13528,6
996,1055,1544,13571,6
1056,995,1545,13527,6
994,1056,1545,1546
1057,1056,1546,1575
994,1057,1546,1547
1013,1057,1547,1574
994,1013,1547,1548
994,931,1548,1549
907,1032,1550,1551
1058,1032,1551,1708
907,1058,1551,1552
1059,1058,1552,1709
907,1059,1552,1553
1060,1059,1553,1870
907,1060,1553,1554
1012,1060,1554,1573
1061,1018,1555,1568
1017,1061,1555,1556
1062,1061,1556,1619
1017,1062,1556,1557
1063,1062,1557,1625
1017,1063,1557,1558
1064,1063,1558,1624
1017,1064,1558,1559
903,1064,1559,1580
1017,903,1559,1560
1018,1015,1561,1562
1018,1054,1562,1563
1018,1053,1563,1564
1018,945,1564,1568
1065,944,1565,1621
945,1065,1565,1566
1066,1065,1566,1620
945,1066,1566,1567
1061,1066,1567,1619
945,1061,1567,1568
1039,514,1569,1687
515,1039,1569,1570
515,1037,1570,1572
1037,1035,1571,1572
1060,1067,1573,1865
1067,1012,1573,1578
1012,1057,1574,1575
1012,1056,1575,1576
1068,1056,1576,13519,6
1012,1068,1576,1577
1069,1068,1577,13518,6
1012,1069,1577,1578
1067,1069,1578,13517,6
542,903,1579,1580
542,1064,1580,1581
947,1064,1581,1623
542,947,1581,1582
542,949,1582,1583
1070,949,1583,1761
542,1070,1583,1584
544,1070,1584,1585
1071,1070,1585,1760
544,1071,1585,1593
1072,1073,1586,1771
1073,1071,1586,1760
1071,1072,1586,1594
1074,1075,1587,1769
1075,1072,1587,1770
1072,1074,1587,1588
1076,1074,1588,1654
1072,1076,1588,1589
1077,1076,1589,1653
1072,1077,1589,1590
1078,1077,1590,1652
1072,1078,1590,1591
1079,1078,1591,1606
1072,1079,1591,1592
1080,1079,1592,1596
1072,1080,1592,1594
544,1080,1593,1595
1080,1071,1593,1594
545,1080,1595,1596
545,1079,1596,1606
1081,557,1597,1605
508,1081,1597,1598
1082,1081,1598,1718
508,1082,1598,1599
1083,1082,1599,1688
508,1083,1599,1600
1084,1083,1600,1693
508,1084,1600,1602
509,1084,1601,1666
1084,507,1601,1602
1085,997,1603,1610
554,1085,1603,1604
1081,1085,1604,1718
554,1081,1604,1605
545,1078,1606,1616
1086,1087,1607,1694
1087,1078,1607,1652
1078,1086,1607,1617
1088,1089,1608,1698
1089,1086,1608,1699
1086,1088,1608,1618
1085,1090,1609,1719
1090,1088,1609,1697
1088,1085,1609,1610
1088,997,1610,1611
1088,549,1611,1612
1088,550,1612,1613
1088,547,1613,1614
1088,548,1614,1618
548,545,1615,1616
548,1078,1616,1617
548,1086,1617,1618
1062,1066,1619,1620
1062,1065,1620,1621
1062,944,1621,1625
944,948,1622,1626
948,1064,1623,1624
948,1063,1624,1626
1063,944,1625,1626
1091,1092,1627,13512,6
1092,1093,1627,13778
1093,1091,1627,1628
1094,1091,1628,13632
1093,1094,1628,1629
1095,1094,1629,13631
1093,1095,1629,1630
1096,1095,1630,13631
1093,1096,1630,1631
1097,1096,1631,13630
1093,1097,1631,1632
1098,1097,1632,13540
1093,1098,1632,1633
1099,1098,1633,13540
1093,1099,1633,1643
1100,1101,1634,13538
1101,1099,1634,13539
1099,1100,1634,1643
1102,1103,1635,13574
1103,1104,1635,13537
1104,1102,1635,1636
1105,1102,1636,13536
1104,1105,1636,1637
1106,1105,1637,13535
1104,1106,1637,1649
1107,1108,1638,13533
1108,1106,1638,13534
1106,1107,1638,1650
1109,1110,1639,13639
1110,1111,1639,13531
1111,1109,1639,1640
1112,1109,1640,13638
1111,1112,1640,1645
1113,1114,1641,13637
1114,1112,1641,13638
1112,1113,1641,1646
1115,1093,1642,1648,6
1093,1116,1642,13635
1116,1115,1642,1651
1093,1100,1643,1644
1104,1100,1644,13537
1093,1104,1644,1648
1111,1107,1645,13532
1107,1112,1645,1646
1107,1113,1646,1647
1116,1113,1647,13636
1107,1116,1647,1650
1115,1104,1648,1649
1115,1106,1649,1651
1106,1116,1650,1651
1087,1077,1652,1653
1087,1076,1653,1654
1087,1074,1654,1655
1117,1074,1655,1768
1087,1117,1655,1656
1118,1117,1656,1731
1087,1118,1656,1657
1119,1118,1657,1730
1087,1119,1657,1694
1120,1121,1658,1670
1121,1122,1658,1803
1122,1120,1658,1663
511,513,1659,1660
1123,513,1660,1684
511,1123,1660,1665
1124,1125,1661,1753
1125,1123,1661,1685
1123,1124,1661,1662
1126,1124,1662,13503,24
1123,1126,1662,1665
1122,1126,1663,13503,24
1126,1120,1663,1664
511,1120,1664,1671
1126,511,1664,1665
510,1084,1666,1667
1127,1084,1667,1693
510,1127,1667,1668
1128,1127,1668,1692
510,1128,1668,1669
1121,1128,1669,1802
510,1121,1669,1670
510,1120,1670,1671
806,804,1672,1673
806,803,1673,1674
806,802,1674,1675
806,801,1675,1676
806,800,1676,1677
806,799,1677,1678
1129,799,1678,2168
806,1129,1678,1679
1130,1129,1679,13494
806,1130,1679,1683
808,1130,1680,13495
1130,809,1680,1683
809,805,1681,1682
809,806,1682,1683
514,1123,1684,1685
514,1125,1685,1686
1038,1125,1686,1753
514,1038,1686,1687
1131,1082,1688,1728
1083,1131,1688,1689
1132,1131,1689,1727
1083,1132,1689,1690
1133,1132,1690,1776
1083,1133,1690,1691
1128,1133,1691,1801
1083,1128,1691,1692
1083,1127,1692,1693
1086,1119,1694,1695
1134,1119,1695,1730
1086,1134,1695,1699
1090,1135,1696,1719
1135,1134,1696,1734
1134,1090,1696,1697
1134,1088,1697,1698
1134,1089,1698,1699
1136,1137,1700,13487
1137,1138,1700,13502,178
1138,1136,1700,1701
1139,1136,1701,13486
1138,1139,1701,1716
1023,1139,1702,13485
1139,1019,1702,1703
1139,1020,1703,1704
1140,1020,1704,-11389
1139,1140,1704,1705
1029,1140,1705,-11389
1139,1029,1705,1706
1139,1030,1706,1717
1030,1032,1707,1708
1030,1058,1708,1709
1030,1059,1709,1710
1141,1059,1710,1870
1030,1141,1710,1717
1142,1143,1711,1868
1143,1141,1711,1869
1141,1142,1711,1712
1144,1142,1712,2105
1141,1144,1712,1713
1145,1144,1713,2268
1141,1145,1713,1714
1146,1145,1714,2035
1141,1146,1714,1715
1138,1146,1715,2035
1141,1138,1715,1716
1141,1139,1716,1717
1082,1085,1718,1728
1085,1135,1719,1720
1147,1135,1720,1734
1085,1147,1720,1721
1148,1147,1721,1847
1085,1148,1721,1722
1149,1148,1722,1780
1085,1149,1722,1723
1150,1149,1723,1788
1085,1150,1723,1724
1151,1150,1724,1779
1085,1151,1724,1725
1152,1151,1725,1778
1085,1152,1725,1726
1153,1152,1726,1777
1085,1153,1726,1729
1132,1153,1727,1776
1153,1131,1727,1729
1131,1085,1728,1729
1134,1118,1730,1731
1134,1117,1731,1732
1154,1117,1732,1768
1134,1154,1732,1733
1147,1154,1733,1847
1134,1147,1733,1734
1155,940,1735,-1
940,1156,1735,-38466
1156,1155,1735,1738
935,1157,1736,1747
1157,1158,1736,1997
1158,935,1736,1737
1158,938,1737,1739
1156,938,1738,-38466
938,1155,1738,1739
1158,1155,1739,1998
1159,1160,1740,1741,231
1160,969,1740,1791
969,1159,1740,1751
1159,1161,1741,1752,231
1161,1160,1741,1742
1162,1160,1742,13480
1161,1162,1742,1743
1163,1162,1743,1959
1161,1163,1743,1752
1164,1165,1744,2163
1165,1163,1744,2133
1163,1164,1744,1745
1166,1164,1745,-16711
1163,1166,1745,1746
1157,1166,1746,-16711
1163,1157,1746,1747
1163,935,1747,1748
1163,936,1748,1749
1163,937,1749,1750
1163,969,1750,1751
1163,1159,1751,1752
1124,1038,1753,1758
1167,1041,1754,1835
1040,1167,1754,1755
1168,1167,1755,13504
1040,1168,1755,1756
1124,1168,1756,13510
1040,1124,1756,1757
1169,1124,1757,1758,24
1040,1169,1757,1759
1169,1038,1758,1759
1073,1070,1760,1761
1073,949,1761,1762
1073,950,1762,1763
1073,951,1763,1772
1170,1171,1764,1811
1171,951,1764,1848
951,1170,1764,1772
1172,1173,1765,1816
1173,1170,1765,1817
1170,1172,1765,1766
1174,1172,1766,1920
1170,1174,1766,1767
1154,1174,1767,1841
1170,1154,1767,1773
1154,1074,1768,1769
1154,1075,1769,1770
1154,1072,1770,1771
1154,1073,1771,1773
1073,1170,1772,1773
1033,1024,1774,13484,217
1026,1033,1774,1775
1133,1153,1776,1777
1133,1152,1777,1778
1133,1151,1778,1779
1133,1150,1779,1787
1175,1148,1780,1846
1149,1175,1780,1788
1176,1177,1781,1844
1177,1175,1781,1845
1175,1176,1781,1782
1178,1176,1782,2020
1175,1178,1782,1783
1179,1178,1783,2006
1175,1179,1783,1784
1180,1179,1784,2006
1175,1180,1784,1789
1181,1182,1785,2011
1182,1180,1785,2012
1180,1181,1785,1786
1183,1181,1786,1947
1180,1183,1786,1790
1133,1183,1787,1800
1183,1150,1787,1790
1150,1175,1788,1789
1150,1180,1789,1790
1160,967,1791,13480,231
1184,1185,1792,13507
1185,1186,1792,13508
1186,1184,1792,1793
1187,1184,1793,13506
1186,1187,1793,1794
1188,1187,1794,13505
1186,1188,1794,1806
1189,1190,1795,1837
1190,1188,1795,13505
1188,1189,1795,1796
1191,1189,1796,2140
1188,1191,1796,1797
1192,1191,1797,2160
1188,1192,1797,1806
1193,1194,1798,-16713
1194,1192,1798,2151
1192,1193,1798,1807
1195,1196,1799,1950
1196,1197,1799,2098
1197,1195,1799,1808
1183,1195,1800,1947
1195,1133,1800,1801
1195,1128,1801,1802
1195,1121,1802,1803
1195,1122,1803,1804
1198,1122,1804,1805,24
1195,1198,1804,1809
1186,1122,1805,13508
1198,1186,1805,1810
1186,1192,1806,1807
1186,1193,1807,1810
1197,1193,1808,-16713
1193,1195,1808,1809
1193,1198,1809,1810
1199,1171,1811,1856
1170,1199,1811,1812
1200,1199,1812,1855
1170,1200,1812,1813
1201,1200,1813,1952
1170,1201,1813,1814
1202,1201,1814,1951
1170,1202,1814,1817
1172,1203,1815,1915
1203,1202,1815,1951
1202,1172,1815,1816
1202,1173,1816,1817
792,769,1818,1819
792,768,1819,1820
792,767,1820,1821
792,766,1821,1822
792,765,1822,1823
792,764,1823,1824
1204,764,1824,2371
792,1204,1824,1825
1205,1204,1825,2371
792,1205,1825,1830
795,1205,1826,2193
1205,796,1826,1827
1205,797,1827,1828
1205,794,1828,1829
1205,793,1829,1830
959,963,1831,1832
1206,963,1832,1860
959,1206,1832,1833
1207,1206,1833,2026
959,1207,1833,1834
1208,1207,1834,2078
959,1208,1834,1962
1042,1167,1835,1836
1190,1167,1836,13504
1042,1190,1836,1837
1042,1189,1837,1838
1209,1189,1838,2140
1042,1209,1838,1839
1210,1209,1839,1882
1042,1210,1839,1840
1045,1210,1840,1881
1211,1174,1841,1920
1154,1211,1841,1842
1212,1211,1842,2013
1154,1212,1842,1843
1176,1212,1843,2013
1154,1176,1843,1844
1154,1177,1844,1845
1154,1175,1845,1846
1154,1148,1846,1847
1171,952,1848,1857
952,955,1849,1857
1213,954,1850,1996
955,1213,1850,1851
1214,1213,1851,2071
955,1214,1851,1852
1215,1214,1852,2117
955,1215,1852,1858
1216,1217,1853,1953
1217,1215,1853,2123
1215,1216,1853,1854
1200,1216,1854,1952
1215,1200,1854,1855
1215,1199,1855,1856
1215,1171,1856,1858
1171,955,1857,1858
962,1218,1859,13476
1218,1219,1859,1925
1219,962,1859,1863
1220,1206,1860,2025
963,1220,1860,1861
1219,1220,1861,13468
963,1219,1861,1862
1221,1219,1862,1863,345
963,1221,1862,1864
1221,962,1863,1864
1222,1067,1865,13475,6
1060,1222,1865,1866
1223,1222,1866,13472
1060,1223,1866,1867
1142,1223,1867,2106
1060,1142,1867,1868
1060,1143,1868,1869
1060,1141,1869,1870
1224,960,1871,1977
958,1224,1871,1872
1225,1224,1872,1976
958,1225,1872,1873
1226,1225,1873,1992
958,1226,1873,1875
956,1226,1874,1991
1226,957,1874,1875
395,1227,1876,-28754
1227,394,1876,1880
1228,393,1877,2054
394,1228,1877,1878
390,1228,1878,2053
394,390,1878,1879
394,391,1879,1880
1227,391,1880,-28754
1044,1210,1881,1882
1044,1209,1882,1885
1229,1230,1883,2148
1230,1209,1883,2149
1209,1229,1883,1884
1043,1229,1884,1978
1209,1043,1884,1885
1231,1232,1886,13515
1232,1233,1886,13474
1233,1231,1886,1887
1234,1231,1887,13514
1233,1234,1887,1888
1235,1234,1888,13523
1233,1235,1888,1889
1236,1235,1889,13568
1233,1236,1889,1898
1237,1238,1890,2259
1238,1236,1890,13567
1236,1237,1890,1898
1239,1240,1891,2253
1240,1241,1891,2261
1241,1239,1891,1892
1242,1239,1892,2299
1241,1242,1892,1893
1243,1242,1893,2290
1241,1243,1893,1894
1244,1243,1894,2101
1241,1244,1894,1895
1245,1244,1895,13473,6
1241,1245,1895,1896
1222,1245,1896,13473,6
1241,1222,1896,1897
1233,1222,1897,13475
1241,1233,1897,1899
1233,1237,1898,1899
1241,1237,1899,2260
780,757,1900,1901
780,758,1901,1914
758,756,1902,1903
758,755,1903,1904
758,754,1904,1905
758,753,1905,1906
758,752,1906,1907
758,750,1907,1908
758,751,1908,1909
1246,751,1909,2870
758,1246,1909,1910
1247,1246,1910,2373
758,1247,1910,1911
761,1247,1911,2372
758,761,1911,1912
758,762,1912,1913
758,763,1913,1914
1248,1203,1915,1957
1172,1248,1915,1916
1249,1248,1916,2057
1172,1249,1916,1917
1250,1249,1917,2063
1172,1250,1917,1918
1251,1250,1918,2015
1172,1251,1918,1919
1211,1251,1919,2014
1172,1211,1919,1920
1252,1253,1921,13465
1253,1254,1921,13471,345
1254,1252,1921,1922
1255,1252,1922,-17992
1254,1255,1922,1923
1256,1255,1923,-20808
1254,1256,1923,1924
1218,1256,1924,13477
1254,1218,1924,1925
1254,1219,1925,13471,345
738,736,1926,1942
736,734,1927,1946
734,732,1928,1943
732,1005,1929,1930
732,1006,1930,1931
1257,1006,1931,2666
732,1257,1931,1932
1258,1257,1932,2671
732,1258,1932,1933
1259,1258,1933,2657
732,1259,1933,1943
1260,1261,1934,2645
1261,1259,1934,2634
1259,1260,1934,1935
1262,1260,1935,2772
1259,1262,1935,1944
1263,1264,1936,2820
1264,1262,1936,2777
1262,1263,1936,1937
1265,1263,1937,2758
1262,1265,1937,1938
743,1265,1938,2759
1262,743,1938,1939
1262,741,1939,1940
1262,739,1940,1941
1262,740,1941,1945
740,736,1942,1945
734,1259,1943,1944
734,1262,1944,1946
1262,736,1945,1946
1195,1181,1947,1948
1266,1181,1948,2010
1195,1266,1948,1949
1267,1266,1949,2091
1195,1267,1949,1950
1196,1267,1950,2099
1203,1201,1951,1958
1201,1216,1952,1958
1268,1217,1953,2122
1216,1268,1953,1954
1269,1268,1954,2229
1216,1269,1954,1955
1270,1269,1955,2058
1216,1270,1955,1956
1248,1270,1956,2057
1216,1248,1956,1957
1216,1203,1957,1958
1162,1271,1959,13479
1271,1163,1959,1961
1256,1272,1960,-20808
1272,1163,1960,2133
1163,1256,1960,1961
1271,1256,1961,13478
960,1208,1962,1963
1273,1208,1963,2079
960,1273,1963,1964
1274,1273,1964,2124
960,1274,1964,1965
1275,1274,1965,2132
960,1275,1965,1975
398,1052,1966,1974
1052,1050,1967,1968
1276,1050,1968,2090
1052,1276,1968,1969
1277,1276,1969,2207
1052,1277,1969,1970
1278,1277,1970,2203
1052,1278,1970,1971
1279,1278,1971,2202
1052,1279,1971,1972
1280,1279,1972,2047
1052,1280,1972,1973
397,1280,1973,2046
1052,397,1973,1974
1281,1275,1975,2131
960,1281,1975,1977
1225,1281,1976,1993
1281,1224,1976,1977
1047,1229,1978,1979
1282,1229,1979,2147
1047,1282,1979,1980
1283,1282,1980,2146
1047,1283,1980,1982
1284,1285,1981,2111
1285,1283,1981,2347
1283,1284,1981,1982
1047,1284,1982,2003
386,388,1983,1989
1286,387,1984,2052
388,1286,1984,1990
1287,1288,1985,2234
1288,1286,1985,2262
1286,1287,1985,1990
384,1289,1986,-12374
1289,1287,1986,2234
1287,384,1986,1987
1287,385,1987,1988
1287,386,1988,1989
1287,388,1989,1990
954,1226,1991,1992
954,1225,1992,1993
954,1281,1993,1994
1290,1281,1994,2131
954,1290,1994,1995
1291,1290,1995,2072
954,1291,1995,1996
1213,1291,1996,2071
1157,1292,1997,-22088
1292,1158,1997,1998
1292,1155,1998,1999
1293,1155,1999,-1
1292,1293,1999,2000
1294,1293,2000,2248
1292,1294,2000,2001
1295,1294,2001,2252
1292,1295,2001,2002
1164,1295,2002,2163
1292,1164,2002,-22088
1046,1284,2003,2004
1296,1284,2004,2111
1046,1296,2004,2005
1049,1296,2005,2086
1180,1178,2006,2007
1297,1178,2007,2019
1180,1297,2007,2008
1298,1297,2008,2182
1180,1298,2008,2009
1299,1298,2009,2191
1180,1299,2009,2012
1266,1299,2010,2091
1299,1181,2010,2011
1299,1182,2011,2012
1176,1211,2013,2014
1176,1251,2014,2021
1300,1250,2015,2063
1251,1300,2015,2016
1301,1300,2016,2062
1251,1301,2016,2017
1302,1301,2017,2247
1251,1302,2017,2022
1303,1304,2018,2183
1304,1302,2018,2247
1302,1303,2018,2022
1297,1303,2019,2182
1303,1178,2019,2020
1303,1176,2020,2021
1303,1251,2021,2022
1305,1306,2023,2161
1306,1307,2023,13467,345
1307,1305,2023,2024
1220,1305,2024,13468
1307,1220,2024,2025
1307,1206,2025,2026
1307,1207,2026,2027
1308,1207,2027,2078
1307,1308,2027,2028
1309,1308,2028,2084
1307,1309,2028,13467,345
1310,1311,2029,2174
1311,1312,2029,13492
1312,1310,2029,2034
1313,1314,2030,2565
1314,1310,2030,2173
1310,1313,2030,2031
1315,1313,2031,2038
1310,1315,2031,2032
1316,1315,2032,2039
1310,1316,2032,2033
1317,1316,2033,2040
1310,1317,2033,2034
1312,1317,2034,2041
1138,1145,2035,2044
1318,1319,2036,2572
1319,1145,2036,2269
1145,1318,2036,2037
1313,1318,2037,2565
1145,1313,2037,2038
1145,1315,2038,2039
1145,1316,2039,2040
1145,1317,2040,2041
1145,1312,2041,2045
1138,1320,2042,13502
1320,1312,2042,13491
1312,1138,2042,2043
1321,1138,2043,2044,178
1312,1321,2043,2045
1321,1145,2044,2045
396,1280,2046,2047
396,1279,2047,2048
1322,1279,2048,2202
396,1322,2048,2055
1323,1324,2049,2276
1324,1322,2049,2206
1322,1323,2049,2050
1325,1323,2050,2300
1322,1325,2050,2051
1286,1325,2051,2262
1322,1286,2051,2052
1322,387,2052,2056
387,1228,2053,2056
1228,396,2054,2055
1228,1322,2055,2056
1249,1270,2057,2058
1249,1269,2058,2059
1326,1269,2059,2229
1249,1326,2059,2060
1327,1326,2060,2311
1249,1327,2060,2061
1301,1327,2061,2241
1249,1301,2061,2062
1249,1300,2062,2063
1328,1329,2064,2065,165
1329,748,2064,2957
748,1328,2064,2070
1330,1329,2065,13419
1328,1330,2065,2066
1331,1330,2066,13418
1328,1331,2066,2070
744,1331,2067,2762
1331,745,2067,2068
1331,746,2068,2069
1331,748,2069,2070
1214,1291,2071,2077
1332,1290,2072,2130
1291,1332,2072,2073
1333,1332,2073,2462
1291,1333,2073,2074
1334,1333,2074,2471
1291,1334,2074,2075
1335,1334,2075,2118
1291,1335,2075,2076
1336,1335,2076,2118
1291,1336,2076,2077
1214,1336,2077,2117
1308,1208,2078,2079
1308,1273,2079,2080
1337,1273,2080,2124
1308,1337,2080,2081
1338,1337,2081,2325
1308,1338,2081,2085
1309,1339,2082,13466
1339,1338,2082,13461
1338,1309,2082,2083
1340,1309,2083,2084,345
1338,1340,2083,2085
1340,1308,2084,2085
1048,1296,2086,2087
1341,1296,2087,2116
1048,1341,2087,2088
1342,1341,2088,2340
1048,1342,2088,2089
1276,1342,2089,2207
1048,1276,2089,2090
1267,1299,2091,2092
1343,1299,2092,2190
1267,1343,2092,2093
1344,1343,2093,2189
1267,1344,2093,2094
1345,1344,2094,2364
1267,1345,2094,2095
1346,1345,2095,2367
1267,1346,2095,2100
1347,1348,2096,2178
1348,1346,2096,2443
1346,1347,2096,2100
1197,1349,2097,2176
1349,1347,2097,2177
1347,1197,2097,2098
1347,1196,2098,2099
1347,1267,2099,2100
1350,1243,2101,2290
1244,1350,2101,2102
1351,1350,2102,2548
1244,1351,2102,2103
1352,1351,2103,2273
1244,1352,2103,2104
1353,1352,2104,2274
1244,1353,2104,2109
1144,1354,2105,2268
1354,1142,2105,2106
1354,1223,2106,2107
1244,1223,2107,13472
1354,1244,2107,2108
1355,1244,2108,2109,6
1354,1355,2108,2110
1355,1353,2109,2110
1354,1353,2110,2275
1296,1285,2111,2112
1356,1285,2112,2347
1296,1356,2112,2113
1357,1356,2113,2358
1296,1357,2113,2114
1358,1357,2114,2357
1296,1358,2114,2115
1359,1358,2115,2346
1296,1359,2115,2116
1341,1359,2116,2340
1215,1336,2117,2123
1336,1334,2118,2119
1360,1334,2119,2471
1336,1360,2119,2120
1361,1360,2120,2320
1336,1361,2120,2121
1268,1361,2121,2230
1336,1268,2121,2122
1336,1217,2122,2123
1274,1337,2124,2125
1362,1337,2125,2329
1274,1362,2125,2126
1363,1362,2126,2410
1274,1363,2126,2127
1364,1363,2127,2414
1274,1364,2127,2128
1365,1364,2128,2503
1274,1365,2128,2129
1332,1365,2129,2462
1274,1332,2129,2130
1274,1290,2130,2132
1290,1275,2131,2132
1272,1165,2133,2134
1366,1165,2134,2167
1272,1366,2134,2135
1367,1366,2135,2166
1272,1367,2135,2136
1368,1367,2136,2362
1272,1368,2136,2137
1369,1368,2137,2330
1272,1369,2137,2138
1370,1369,2138,2330
1272,1370,2138,2139
1252,1370,2139,13464
1272,1252,2139,-20808
1209,1191,2140,2141
1371,1191,2141,2160
1209,1371,2141,2142
1372,1371,2142,2159
1209,1372,2142,2143
1373,1372,2143,2440
1209,1373,2143,2144
1374,1373,2144,2439
1209,1374,2144,2145
1375,1374,2145,2438
1209,1375,2145,2149
1283,1376,2146,2348
1376,1282,2146,2147
1376,1229,2147,2148
1376,1230,2148,2150
1230,1375,2149,2150
1376,1375,2150,2349
1377,1194,2151,2181
1192,1377,2151,2152
1378,1377,2152,2225
1192,1378,2152,2153
1379,1378,2153,2228
1192,1379,2153,2154
1380,1379,2154,2283
1192,1380,2154,2155
1381,1380,2155,2289
1192,1381,2155,2156
1382,1381,2156,2288
1192,1382,2156,2157
1383,1382,2157,2428
1192,1383,2157,2158
1372,1383,2158,2428
1192,1372,2158,2159
1192,1371,2159,2160
1253,1306,2161,13465,345
1305,1253,2161,2162
1384,1253,2162,13470
1305,1384,2162,13469
1165,1295,2163,2164
1385,1295,2164,2251
1165,1385,2164,2165
1386,1385,2165,2332
1165,1386,2165,2167
1367,1386,2166,2362
1386,1366,2166,2167
1129,798,2168,2169
1387,798,2169,2192
1129,1387,2169,2170
1388,1387,2170,2200
1129,1388,2170,2175
1389,1390,2171,2199
1390,1388,2171,2200
1388,1389,2171,2172
1314,1389,2172,2566
1388,1314,2172,2173
1388,1310,2173,2174
1388,1311,2174,2175
1129,1311,2175,13493
1197,1391,2176,-325
1391,1349,2176,2177
1391,1347,2177,2178
1391,1348,2178,2179
1392,1348,2179,2443
1391,1392,2179,2180
1377,1392,2180,2225
1391,1377,2180,2181
1391,1194,2181,-325
1298,1303,2182,2183
1298,1304,2183,2184
1393,1304,2184,2246
1298,1393,2184,2191
1394,1395,2185,2396
1395,1393,2185,2245
1393,1394,2185,2186
1396,1394,2186,2482
1393,1396,2186,2187
1397,1396,2187,2482
1393,1397,2187,2188
1344,1397,2188,2364
1393,1344,2188,2189
1393,1343,2189,2190
1393,1299,2190,2191
1387,795,2192,2201
1398,1205,2193,2376
795,1398,2193,2194
1399,1398,2194,2840
795,1399,2194,2195
1400,1399,2195,2848
795,1400,2195,2196
1401,1400,2196,2968
795,1401,2196,2197
1402,1401,2197,2968
795,1402,2197,2198
1389,1402,2198,2567
795,1389,2198,2199
795,1390,2199,2201
1390,1387,2200,2201
1322,1278,2202,2206
1403,1277,2203,2212
1278,1403,2203,2204
1404,1403,2204,2454
1278,1404,2204,2205
1324,1404,2205,2276
1278,1324,2205,2206
1277,1342,2207,2208
1405,1342,2208,2345
1277,1405,2208,2209
1406,1405,2209,2344
1277,1406,2209,2210
1407,1406,2210,2556
1277,1407,2210,2211
1408,1407,2211,2455
1277,1408,2211,2212
1403,1408,2212,2454
380,572,2213,2214
1409,572,2214,2368
380,1409,2214,2215
1410,1409,2215,2449
380,1410,2215,2216
1411,1410,2216,2449
380,1411,2216,2223
1412,1413,2217,13456
1413,1411,2217,2420
1411,1412,2217,2218
1414,1412,2218,13455
1411,1414,2218,2219
1415,1414,2219,13455
1411,1415,2219,2220
1416,1415,2220,2221,162
1411,1416,2220,2223
379,1415,2221,2224
1416,379,2221,2222
1416,380,2222,2223
382,1415,2224,13460,162
1378,1392,2225,2226
1417,1392,2226,2448
1378,1417,2226,2227
1418,1417,2227,2421
1378,1418,2227,2228
1379,1418,2228,2283
1326,1268,2229,2230
1326,1361,2230,2231
1419,1361,2231,2320
1326,1419,2231,2232
1420,1419,2232,2324
1326,1420,2232,2233
1421,1420,2233,2312
1326,1421,2233,2311
1289,1288,2234,2235
1422,1288,2235,2267
1289,1422,2235,2240
1423,1424,2236,2265
1424,1422,2236,2266
1422,1423,2236,2237
1425,1423,2237,2583
1422,1425,2237,2238
1426,1425,2238,2646
1422,1426,2238,2239
1427,1426,2239,2415
1422,1427,2239,2240
1289,1427,2240,-12374
1428,1327,2241,2319
1301,1428,2241,2242
1429,1428,2242,2318
1301,1429,2242,2243
1430,1429,2243,-9112
1301,1430,2243,2244
1395,1430,2244,2395
1301,1395,2244,2245
1301,1393,2245,2246
1301,1304,2246,2247
1431,1293,2248,-1
1294,1431,2248,2249
1432,1431,2249,2561
1294,1432,2249,2252
1385,1433,2250,2333
1433,1432,2250,2564
1432,1385,2250,2251
1432,1295,2251,2252
1434,1239,2253,2299
1240,1434,2253,2254
1435,1434,2254,2298
1240,1435,2254,2255
1436,1435,2255,2907
1240,1436,2255,2256
1437,1436,2256,2838
1240,1437,2256,2257
1438,1437,2257,13565
1240,1438,2257,2258
1439,1438,2258,13566
1240,1439,2258,2261
1238,1439,2259,13566
1439,1237,2259,2260
1439,1241,2260,2261
1288,1325,2262,2267
1440,1441,2263,2584
1441,1325,2263,2303
1325,1440,2263,2264
1423,1440,2264,2583
1325,1423,2264,2265
1325,1424,2265,2266
1325,1422,2266,2267
1354,1145,2268,2269
1354,1319,2269,2270
1442,1319,2270,2571
1354,1442,2270,2271
1443,1442,2271,2570
1354,1443,2271,2275
1351,1444,2272,2549
1444,1443,2272,2538
1443,1351,2272,2273
1443,1352,2273,2274
1443,1353,2274,2275
1323,1404,2276,2277
1445,1404,2277,2461
1323,1445,2277,2278
1446,1445,2278,2461
1323,1446,2278,2279
1447,1446,2279,2617
1323,1447,2279,2280
1448,1447,2280,2708
1323,1448,2280,2282
1449,1450,2281,2301
1450,1448,2281,2573
1448,1449,2281,2282
1323,1449,2282,2300
1380,1418,2283,2284
1451,1418,2284,2421
1380,1451,2284,2285
1452,1451,2285,2427
1380,1452,2285,2286
1453,1452,2286,2430
1380,1453,2286,2287
1454,1453,2287,2429
1380,1454,2287,2289
1382,1454,2288,2429
1454,1381,2288,2289
1242,1350,2290,2291
1455,1350,2291,2547
1242,1455,2291,2292
1456,1455,2292,2546
1242,1456,2292,2293
1457,1456,2293,2545
1242,1457,2293,2294
1458,1457,2294,2544
1242,1458,2294,2295
1459,1458,2295,3225
1242,1459,2295,2296
1460,1459,2296,2908
1242,1460,2296,2297
1435,1460,2297,2907
1242,1435,2297,2298
1242,1434,2298,2299
1325,1449,2300,2301
1325,1450,2301,2302
1461,1450,2302,2576
1325,1461,2302,2303
1441,1461,2303,2584
577,1001,2304,-29522
1001,576,2304,2305
1462,576,2305,2379
1001,1462,2305,2306
1463,1462,2306,2390
1001,1463,2306,2307
1464,1463,2307,2389
1001,1464,2307,2308
1465,1464,2308,2779
1001,1465,2308,2309
1466,1465,2309,-9046
1001,1466,2309,2310
1002,1466,2310,2478
1327,1421,2311,2319
1467,1420,2312,2324
1421,1467,2312,2313
1468,1467,2313,-8856
1421,1468,2313,2314
1469,1468,2314,2613
1421,1469,2314,2315
1470,1469,2315,2392
1421,1470,2315,2316
1471,1470,2316,2393
1421,1471,2316,2317
1429,1471,2317,-9112
1421,1429,2317,2318
1421,1428,2318,2319
1419,1360,2320,2321
1472,1360,2321,2470
1419,1472,2321,2322
1473,1472,2322,2469
1419,1473,2322,2323
1467,1473,2323,-8856
1419,1467,2323,2324
1474,1338,2325,13462
1337,1474,2325,2326
1475,1474,2326,2338
1337,1475,2326,2327
1476,1475,2327,2489
1337,1476,2327,2328
1477,1476,2328,2501
1337,1477,2328,2329
1362,1477,2329,2410
1370,1368,2330,2331
1478,1368,2331,2363
1370,1478,2331,2339
1386,1478,2332,2363
1478,1385,2332,2333
1478,1433,2333,2334
1479,1433,2334,2564
1478,1479,2334,2335
1480,1479,2335,2744
1478,1480,2335,2336
1481,1480,2336,2490
1478,1481,2336,2337
1475,1481,2337,2489
1478,1475,2337,2338
1478,1474,2338,2339
1370,1474,2339,13463
1342,1359,2340,2345
1482,1483,2341,2356
1483,1358,2341,2357
1358,1482,2341,2342
1484,1482,2342,2596
1358,1484,2342,2343
1406,1484,2343,2552
1358,1406,2343,2344
1358,1405,2344,2346
1405,1359,2345,2346
1356,1283,2347,2348
1356,1376,2348,2349
1356,1375,2349,2358
1485,1486,2350,2436
1486,1375,2350,2437
1375,1485,2350,2351
1487,1485,2351,2517
1375,1487,2351,2352
1488,1487,2352,2517
1375,1488,2352,2359
1489,1490,2353,2623
1490,1488,2353,2523
1488,1489,2353,2360
1491,1492,2354,2626
1492,1489,2354,2627
1489,1491,2354,2355
1482,1491,2355,2596
1489,1482,2355,2356
1489,1483,2356,2361
1483,1357,2357,2361
1357,1375,2358,2359
1357,1488,2359,2360
1357,1489,2360,2361
1368,1386,2362,2363
1345,1397,2364,2365
1493,1397,2365,2488
1345,1493,2365,2366
1494,1493,2366,2508
1345,1494,2366,2367
1346,1494,2367,2444
573,1409,2368,2369
1495,1409,2369,2453
573,1495,2369,2370
574,1495,2370,2381
1205,764,2371,2377
764,1247,2372,2373
764,1246,2373,2378
1496,1497,2374,2871
1497,1246,2374,2870
1246,1496,2374,2378
1398,1498,2375,2840
1498,1496,2375,-632
1496,1398,2375,2376
1496,1205,2376,2377
1496,764,2377,2378
1462,575,2379,2380
1462,574,2380,2381
1462,1495,2381,2382
1499,1495,2382,2453
1462,1499,2382,2383
1500,1499,2383,2706
1462,1500,2383,2384
1501,1500,2384,2849
1462,1501,2384,2385
1502,1501,2385,2853
1462,1502,2385,2386
1503,1502,2386,2852
1462,1503,2386,2387
1504,1503,2387,3173
1462,1504,2387,2390
1464,1505,2388,2780
1505,1506,2388,2894
1506,1464,2388,2389
1506,1463,2389,2391
1463,1504,2390,2391
1506,1504,2391,2894
1469,1507,2392,2614
1507,1470,2392,2393
1507,1471,2393,2406
1430,1508,2394,-17993
1508,1471,2394,-9880
1471,1430,2394,2395
1471,1395,2395,2396
1471,1394,2396,2397
1509,1394,2397,2483
1471,1509,2397,2407
1510,1511,2398,2713
1511,1512,2398,2712
1512,1510,2398,2399
1513,1510,2399,2794
1512,1513,2399,2409
1514,1515,2400,3022
1515,1513,2400,2795
1513,1514,2400,2401
1516,1514,2401,13453,207
1513,1516,2401,2402
1517,1516,2402,13452,207
1513,1517,2402,2403
1518,1517,2403,13451,207
1513,1518,2403,2404
1507,1518,2404,13443
1513,1507,2404,2405
1519,1507,2405,2406,207
1513,1519,2405,2409
1519,1471,2406,2407
1519,1509,2407,2408
1512,1509,2408,2712
1519,1512,2408,2409
1363,1477,2410,2411
1520,1477,2411,2500
1363,1520,2411,2412
1521,1520,2412,2499
1363,1521,2412,2413
1522,1521,2413,2557
1363,1522,2413,2414
1364,1522,2414,2503
1427,1413,2415,13456
1413,1426,2415,2416
1523,1426,2416,2650
1413,1523,2416,2417
1524,1523,2417,2649
1413,1524,2417,2418
1525,1524,2418,2700
1413,1525,2418,2419
1526,1525,2419,2699
1413,1526,2419,2420
1411,1526,2420,2450
1451,1417,2421,2422
1527,1417,2422,2448
1451,1527,2422,2423
1528,1527,2423,2633
1451,1528,2423,2424
1529,1528,2424,2854
1451,1529,2424,2425
1530,1529,2425,2810
1451,1530,2425,2426
1531,1530,2426,2601
1451,1531,2426,2427
1452,1531,2427,2430
1372,1382,2428,2440
1382,1453,2429,2441
1453,1531,2430,2431
1532,1531,2431,2601
1453,1532,2431,2432
1533,1532,2432,2605
1453,1533,2432,2433
1534,1533,2433,2815
1453,1534,2433,2434
1535,1534,2434,2806
1453,1535,2434,2435
1536,1535,2435,2519
1453,1536,2435,2442
1485,1536,2436,2518
1536,1486,2436,2437
1536,1375,2437,2438
1536,1374,2438,2439
1536,1373,2439,2442
1373,1382,2440,2441
1373,1453,2441,2442
1392,1346,2443,2444
1392,1494,2444,2445
1537,1494,2445,2514
1392,1537,2445,2446
1538,1537,2446,2628
1392,1538,2446,2447
1527,1538,2447,2628
1392,1527,2447,2448
1409,1411,2449,2450
1409,1526,2450,2451
1539,1526,2451,2699
1409,1539,2451,2452
1499,1539,2452,2707
1409,1499,2452,2453
1404,1408,2454,2455
1404,1407,2455,2456
1540,1407,2456,2556
1404,1540,2456,2457
1541,1540,2457,2676
1404,1541,2457,2458
1542,1541,2458,2619
1404,1542,2458,2459
1543,1542,2459,2618
1404,1543,2459,2460
1446,1543,2460,2617
1404,1446,2460,2461
1333,1365,2462,2463
1544,1365,2463,2507
1333,1544,2463,2464
1545,1544,2464,2506
1333,1545,2464,2465
1546,1545,2465,2721
1333,1546,2465,2466
1547,1546,2466,2738
1333,1547,2466,2467
1548,1547,2467,2651
1333,1548,2467,2468
1473,1548,2468,2610
1333,1473,2468,2469
1333,1472,2469,2470
1333,1360,2470,2471
1549,1550,2472,13448,53
1550,1551,2472,13444
1551,1549,2472,2473
1552,1549,2473,2915
1551,1552,2473,2474
1553,1552,2474,2923
1551,1553,2474,2475
1554,1553,2475,2783
1551,1554,2475,2476
1555,1554,2476,-9373
1551,1555,2476,2477
1466,1555,2477,-9304
1551,1466,2477,2478
1551,1002,2478,2479
1551,998,2479,2480
1551,999,2480,2481
1551,1000,2481,13445,53
1397,1394,2482,2483
1397,1509,2483,2484
1556,1509,2484,2719
1397,1556,2484,2485
1557,1556,2485,2718
1397,1557,2485,2486
1558,1557,2486,2717
1397,1558,2486,2487
1559,1558,2487,2924
1397,1559,2487,2488
1493,1559,2488,2508
1476,1481,2489,2490
1476,1480,2490,2491
1560,1480,2491,2745
1476,1560,2491,2492
1561,1560,2492,2956
1476,1561,2492,2493
1562,1561,2493,2955
1476,1562,2493,2502
1563,1564,2494,3310
1564,1562,2494,2954
1562,1563,2494,2495
1565,1563,2495,3160
1562,1565,2495,2496
1566,1565,2496,2802
1562,1566,2496,2502
1567,1568,2497,2558
1568,1566,2497,2803
1566,1567,2497,2498
1521,1567,2498,2557
1566,1521,2498,2499
1566,1520,2499,2500
1566,1477,2500,2501
1566,1476,2501,2502
1365,1522,2503,2504
1569,1522,2504,2560
1365,1569,2504,2505
1570,1569,2505,2769
1365,1570,2505,2507
1545,1570,2506,2721
1570,1544,2506,2507
1494,1559,2508,2509
1571,1559,2509,2924
1494,1571,2509,2510
1572,1571,2510,2928
1494,1572,2510,2515
1573,1574,2511,3301
1574,1572,2511,3012
1572,1573,2511,2512
1575,1573,2512,3179
1572,1575,2512,2516
1576,1577,2513,2630
1577,1575,2513,3179
1575,1576,2513,2516
1537,1576,2514,2629
1576,1494,2514,2515
1576,1572,2515,2516
1488,1485,2517,2518
1488,1536,2518,2519
1488,1535,2519,2520
1578,1535,2520,2806
1488,1578,2520,2521
1579,1578,2521,2809
1488,1579,2521,2522
1580,1579,2522,2935
1488,1580,2522,2523
1490,1580,2523,2623
1581,1582,2524,13550
1582,1583,2524,13589
1583,1581,2524,2525
1584,1581,2525,13550
1583,1584,2525,2526
1585,1584,2526,13551
1583,1585,2526,2527
1586,1585,2527,13551
1583,1586,2527,2537
1587,1588,2528,3092
1588,1586,2528,13552
1586,1587,2528,2529
1589,1587,2529,3092
1586,1589,2529,2530
1590,1589,2530,3093
1586,1590,2530,2531
1591,1590,2531,13621
1586,1591,2531,2532
1592,1591,2532,13622
1586,1592,2532,2533
1593,1592,2533,13547
1586,1593,2533,2534
1594,1593,2534,-2790
1586,1594,2534,2537
1595,1596,2535,13549
1596,1594,2535,-2790
1594,1595,2535,2536
1583,1595,2536,13578
1594,1583,2536,2537
1597,1443,2538,2570
1444,1597,2538,2539
1598,1597,2539,3249
1444,1598,2539,2540
1599,1598,2540,3209
1444,1599,2540,2541
1600,1599,2541,3030
1444,1600,2541,2550
1601,1602,2542,3028
1602,1600,2542,3029
1600,1601,2542,2550
1458,1603,2543,3207
1603,1604,2543,3033
1604,1458,2543,2544
1604,1457,2544,2545
1604,1456,2545,2546
1604,1455,2546,2547
1604,1350,2547,2548
1604,1351,2548,2549
1604,1444,2549,2551
1444,1601,2550,2551
1604,1601,2551,3028
1605,1484,2552,2600
1406,1605,2552,2553
1606,1605,2553,2784
1406,1606,2553,2554
1607,1606,2554,2784
1406,1607,2554,2555
1540,1607,2555,2672
1406,1540,2555,2556
1522,1567,2557,2558
1522,1568,2558,2559
1608,1568,2559,2804
1522,1608,2559,2560
1569,1608,2560,2768
1609,1431,2561,-1
1432,1609,2561,2562
1610,1609,2562,2743
1432,1610,2562,2563
1479,1610,2563,2744
1432,1479,2563,2564
1318,1314,2565,2566
1318,1389,2566,2567
1318,1402,2567,2568
1611,1402,2568,2977
1318,1611,2568,2569
1597,1611,2569,3235
1318,1597,2569,2572
1597,1442,2570,2571
1597,1319,2571,2572
1612,1448,2573,2711
1450,1612,2573,2574
1613,1612,2574,2830
1450,1613,2574,2575
1614,1613,2575,2586
1450,1614,2575,2576
1461,1614,2576,2585
1615,1009,2577,13447
1008,1615,2577,2578
1616,1615,2578,2591
1008,1616,2578,2579
1617,1616,2579,2592
1008,1617,2579,2580
1618,1617,2580,2997
1008,1618,2580,2581
1619,1618,2581,3165
1008,1619,2581,2582
1007,1619,2582,2667
1425,1440,2583,2589
1440,1461,2584,2585
1440,1614,2585,2586
1440,1613,2586,2587
1620,1613,2587,2834
1440,1620,2587,2588
1621,1620,2588,2962
1440,1621,2588,2589
1425,1621,2589,2646
1615,1551,2590,13447
1551,1622,2590,13444,53
1622,1615,2590,2591
1622,1616,2591,2592
1622,1617,2592,2593
1623,1617,2593,2992
1622,1623,2593,2594
1624,1623,2594,2917
1622,1624,2594,2595
1550,1624,2595,13448
1622,1550,2595,13444,53
1484,1491,2596,2597
1625,1491,2597,2625
1484,1625,2597,2598
1626,1625,2598,2947
1484,1626,2598,2599
1627,1626,2599,2785
1484,1627,2599,2600
1605,1627,2600,2793
1532,1530,2601,2602
1628,1530,2602,2810
1532,1628,2602,2603
1629,1628,2603,2818
1532,1629,2603,2604
1630,1629,2604,2817
1532,1630,2604,2605
1533,1630,2605,2816
1631,1518,2606,13451
1518,1632,2606,13443,207
1632,1631,2606,2616
1633,1634,2607,2906
1634,1631,2607,13454
1631,1633,2607,2608
1635,1633,2608,2677
1631,1635,2608,2609
1636,1635,2609,2656
1631,1636,2609,2616
1548,1636,2610,2651
1636,1473,2610,2611
1637,1473,2611,-9881
1636,1637,2611,2612
1468,1637,2612,-9880
1636,1468,2612,2613
1636,1469,2613,2614
1636,1507,2614,2615
1632,1507,2615,13443,207
1636,1632,2615,2616
1447,1543,2617,2618
1447,1542,2618,2619
1447,1541,2619,2620
1638,1541,2620,2676
1447,1638,2620,2621
1639,1638,2621,2675
1447,1639,2621,2622
1640,1639,2622,2982
1447,1640,2622,2708
1489,1580,2623,2627
1625,1641,2624,2948
1641,1580,2624,2935
1580,1625,2624,2625
1580,1491,2625,2626
1580,1492,2626,2627
1527,1537,2628,2629
1527,1576,2629,2630
1527,1577,2630,2631
1642,1577,2631,3182
1527,1642,2631,2632
1643,1642,2632,2856
1527,1643,2632,2633
1528,1643,2633,2855
1644,1259,2634,2665
1261,1644,2634,2635
1645,1644,2635,2664
1261,1645,2635,2636
1646,1645,2636,2663
1261,1646,2636,2637
1647,1646,2637,3413
1261,1647,2637,2638
1648,1647,2638,3324
1261,1648,2638,2639
1649,1648,2639,3324
1261,1649,2639,2645
1650,1651,2640,3558
1651,1649,2640,3327
1649,1650,2640,2641
1652,1650,2641,3037
1649,1652,2641,2642
1653,1652,2642,3036
1649,1653,2642,2643
1654,1653,2643,2773
1649,1654,2643,2644
1260,1654,2644,2772
1649,1260,2644,2645
1426,1621,2646,2647
1655,1621,2647,2967
1426,1655,2647,2650
1524,1656,2648,2700
1656,1655,2648,2929
1655,1524,2648,2649
1655,1523,2649,2650
1636,1547,2651,2652
1657,1547,2652,2738
1636,1657,2652,2653
1658,1657,2653,2737
1636,1658,2653,2654
1659,1658,2654,3050
1636,1659,2654,2655
1660,1659,2655,2678
1636,1660,2655,2656
1635,1660,2656,2677
1661,1258,2657,2671
1259,1661,2657,2665
1662,1663,2658,3171
1663,1661,2658,2670
1661,1662,2658,2659
1664,1662,2659,3170
1661,1664,2659,2660
1665,1664,2660,3169
1661,1665,2660,2661
1666,1665,2661,3414
1661,1666,2661,2662
1646,1666,2662,3413
1661,1646,2662,2663
1661,1645,2663,2664
1661,1644,2664,2665
1257,1007,2666,2667
1257,1619,2667,2668
1667,1619,2668,3165
1257,1667,2668,2669
1663,1667,2669,3172
1257,1663,2669,2670
1257,1661,2670,2671
1668,1607,2672,2791
1540,1668,2672,2673
1669,1668,2673,3061
1540,1669,2673,2674
1639,1669,2674,2982
1540,1639,2674,2675
1540,1638,2675,2676
1633,1660,2677,2691
1670,1659,2678,3060
1660,1670,2678,2679
1671,1670,2679,3654
1660,1671,2679,2680
1672,1671,2680,3914
1660,1672,2680,2681
1673,1672,2681,3927
1660,1673,2681,2682
1674,1673,2682,3886
1660,1674,2682,2683
1675,1674,2683,3885
1660,1675,2683,2697
1676,1677,2684,3884
1677,1675,2684,3885
1675,1676,2684,2685
1678,1676,2685,3884
1675,1678,2685,2686
1679,1678,2686,3883
1675,1679,2686,2692
1680,1681,2687,3189
1681,1679,2687,3467
1679,1680,2687,2692
1682,1683,2688,3187
1683,1680,2688,3188
1680,1682,2688,2693
1684,1685,2689,3185
1685,1682,2689,3186
1682,1684,2689,2694
1686,1687,2690,2904
1687,1688,2690,3184
1688,1686,2690,2695
1633,1689,2691,2903
1689,1660,2691,2696
1675,1680,2692,2693
1675,1682,2693,2694
1675,1684,2694,2697
1688,1684,2695,3184
1684,1686,2695,2698
1689,1686,2696,2903
1686,1660,2696,2698
1660,1684,2697,2698
1539,1525,2699,2707
1525,1656,2700,2701
1690,1656,2701,2929
1525,1690,2701,2702
1691,1690,2702,2934
1525,1691,2702,2703
1692,1691,2703,3268
1525,1692,2703,2704
1693,1692,2704,3267
1525,1693,2704,2705
1500,1693,2705,2849
1525,1500,2705,2706
1525,1499,2706,2707
1448,1640,2708,2709
1694,1640,2709,2991
1448,1694,2709,2710
1695,1694,2710,2831
1448,1695,2710,2711
1612,1695,2711,2830
1509,1511,2712,2713
1509,1510,2713,2714
1696,1510,2714,2794
1509,1696,2714,2715
1697,1696,2715,2998
1509,1697,2715,2719
1698,1699,2716,2926
1699,1697,2716,3015
1697,1698,2716,2720
1558,1698,2717,2925
1698,1557,2717,2718
1698,1556,2718,2720
1556,1697,2719,2720
1546,1570,2721,2722
1700,1570,2722,2765
1546,1700,2722,2723
1701,1700,2723,13438
1546,1701,2723,2724
1702,1701,2724,3195
1546,1702,2724,2725
1703,1702,2725,3196
1546,1703,2725,2726
1704,1703,2726,3320
1546,1704,2726,2739
1705,1706,2727,3198
1706,1704,2727,3320
1704,1705,2727,2728
1707,1705,2728,3454
1704,1707,2728,2729
1708,1707,2729,3453
1704,1708,2729,2730
1709,1708,2730,3453
1704,1709,2730,2731
1710,1709,2731,3452
1704,1710,2731,2732
1711,1710,2732,3451
1704,1711,2732,2740
1712,1713,2733,3054
1713,1711,2733,3451
1711,1712,2733,2741
1714,1715,2734,3053
1715,1712,2734,3054
1712,1714,2734,2735
1716,1714,2735,3052
1712,1716,2735,2741
1658,1717,2736,3050
1717,1716,2736,3051
1716,1658,2736,2737
1716,1657,2737,2742
1657,1546,2738,2739
1657,1704,2739,2740
1657,1711,2740,2742
1711,1716,2741,2742
1609,1718,2743,-1
1718,1610,2743,2750
1610,1480,2744,2745
1610,1560,2745,2746
1719,1560,2746,2952
1610,1719,2746,2747
1720,1719,2747,3023
1610,1720,2747,2748
1721,1720,2748,3024
1610,1721,2748,2751
1722,1718,2749,2750,41
1718,1721,2749,-1
1721,1722,2749,2751
1722,1610,2750,2751
1723,1724,2752,3583
1724,1725,2752,13440,165
1725,1723,2752,2753
1726,1723,2753,3583
1725,1726,2753,2754
1727,1726,2754,-8779
1725,1727,2754,2755
1728,1727,2755,-8779
1725,1728,2755,2756
1729,1728,2756,3040
1725,1729,2756,2757
1263,1729,2757,2827
1725,1263,2757,2758
1725,1265,2758,2759
1725,743,2759,2760
1725,742,2760,2761
1725,744,2761,2762
1725,1331,2762,2763
1730,1331,2763,13418
1725,1730,2763,2764
1731,1730,2764,13420
1725,1731,2764,13440,165
1732,1700,2765,13438
1570,1732,2765,2770
1733,1734,2766,2771,41
1734,1732,2766,2767,41
1732,1733,2766,2770
1608,1732,2767,2805
1734,1608,2767,2768
1734,1569,2768,2769
1734,1570,2769,2771
1570,1733,2770,2771
1262,1654,2772,2773
1262,1653,2773,2778
1735,1736,2774,3034
1736,1653,2774,3035
1653,1735,2774,2778
1737,1738,2775,2821
1738,1735,2775,3034
1735,1737,2775,2776
1264,1737,2776,2820
1735,1264,2776,2777
1735,1262,2777,2778
1465,1554,2779,-9046
1554,1464,2779,2780
1554,1505,2780,2781
1739,1505,2781,2902
1554,1739,2781,2782
1740,1739,2782,2901
1554,1740,2782,2783
1553,1740,2783,-17051
1607,1605,2784,2792
1741,1626,2785,2946
1627,1741,2785,2786
1742,1741,2786,2945
1627,1742,2786,2793
1743,1744,2787,3374
1744,1742,2787,2944
1742,1743,2787,2788
1745,1743,2788,3373
1742,1745,2788,2789
1746,1745,2789,3062
1742,1746,2789,2790
1668,1746,2790,3061
1742,1668,2790,2791
1742,1607,2791,2792
1742,1605,2792,2793
1696,1513,2794,2795
1696,1515,2795,2796
1747,1515,2796,3022
1696,1747,2796,2797
1748,1747,2797,3066
1696,1748,2797,2998
1749,1750,2798,13381
1750,1732,2798,13439,41
1732,1749,2798,2799
1751,1749,2799,13380
1732,1751,2799,2800
1752,1751,2800,3323
1732,1752,2800,2801
1753,1752,2801,3164
1732,1753,2801,2805
1565,1753,2802,3160
1753,1566,2802,2803
1753,1568,2803,2804
1753,1608,2804,2805
1578,1534,2806,2807
1754,1534,2807,2814
1578,1754,2807,2808
1755,1754,2808,2937
1578,1755,2808,2809
1579,1755,2809,2936
1628,1529,2810,2811
1756,1529,2811,2854
1628,1756,2811,2818
1757,1758,2812,2863
1758,1756,2812,2864
1756,1757,2812,2813
1759,1757,2813,3231
1756,1759,2813,2819
1754,1759,2814,2937
1759,1534,2814,2815
1759,1533,2815,2816
1759,1630,2816,2817
1759,1629,2817,2819
1629,1756,2818,2819
1263,1737,2820,2821
1263,1738,2821,2822
1760,1738,2822,3044
1263,1760,2822,2828
1761,1762,2823,3049
1762,1763,2823,3043
1763,1761,2823,2824
1764,1761,2824,3042
1763,1764,2824,2829
1765,1766,2825,3041
1766,1764,2825,3042
1764,1765,2825,2826
1729,1765,2826,3040
1764,1729,2826,2827
1764,1263,2827,2828
1764,1760,2828,2829
1763,1760,2829,3043
1613,1695,2830,2831
1613,1694,2831,2832
1767,1694,2832,2991
1613,1767,2832,2833
1768,1767,2833,2979
1613,1768,2833,2834
1620,1768,2834,2962
1769,1770,2835,13425,6
1770,1771,2835,13426,6
1771,1769,2835,2836
1772,1769,2836,13397
1771,1772,2836,2837
1436,1772,2837,2914
1771,1436,2837,2838
1771,1437,2838,2839
1773,1437,2839,13564
1771,1773,2839,13426,6
1399,1498,2840,2841
1774,1498,2841,-632
1399,1774,2841,2842
1775,1774,2842,2873
1399,1775,2842,2848
1776,1777,2843,-632
1777,1775,2843,-632
1775,1776,2843,2844
1778,1776,2844,3428
1775,1778,2844,2845
1779,1778,2845,3435
1775,1779,2845,2846
1780,1779,2846,3521
1775,1780,2846,2847
1400,1780,2847,2969
1775,1400,2847,2848
1501,1693,2849,2850
1781,1693,2850,3267
1501,1781,2850,2853
1503,1782,2851,3173
1782,1781,2851,3276
1781,1503,2851,2852
1781,1502,2852,2853
1756,1528,2854,2855
1756,1643,2855,2856
1756,1642,2856,2857
1783,1642,2857,3182
1756,1783,2857,2858
1784,1783,2858,3300
1756,1784,2858,2859
1785,1784,2859,3308
1756,1785,2859,2860
1786,1785,2860,3441
1756,1786,2860,2861
1787,1786,2861,3450
1756,1787,2861,2864
1757,1788,2862,3231
1788,1787,2862,3338
1787,1757,2862,2863
1787,1758,2863,2864
1789,1790,2865,2866,165
1790,1791,2865,13424,165
1791,1789,2865,2886
1792,1790,2866,13424,165
1789,1792,2866,2867
1793,1792,2867,2961
1789,1793,2867,2868
1794,1793,2868,2960
1789,1794,2868,2887
749,1794,2869,2959
1794,751,2869,2888
751,1497,2870,2889
1795,1496,2871,-33394
1497,1795,2871,2872
1774,1795,2872,-9852
1497,1774,2872,2873
1497,1775,2873,2874
1796,1775,2874,-9852
1497,1796,2874,2890
1797,1776,2875,3428
1776,1796,2875,-9852
1796,1797,2875,2876
1798,1797,2876,3429
1796,1798,2876,2877
1799,1798,2877,3353
1796,1799,2877,2878
1800,1799,2878,3353
1796,1800,2878,2891
1801,1802,2879,3354
1802,1800,2879,3365
1800,1801,2879,2880
1803,1801,2880,3485
1800,1803,2880,2881
1804,1803,2881,3476
1800,1804,2881,2892
1805,1806,2882,3477
1806,1804,2882,3476
1804,1805,2882,2893
1807,1808,2883,3512
1808,1805,2883,3477
1805,1807,2883,2893
1731,1809,2884,13441
1809,1807,2884,3507
1807,1731,2884,2885
1791,1731,2885,13420,165
1807,1791,2885,2886
1807,1789,2886,2887
1807,1794,2887,2888
1807,751,2888,2889
1807,1497,2889,2890
1807,1796,2890,2891
1807,1800,2891,2892
1807,1804,2892,2893
1505,1504,2894,2895
1810,1504,2895,3178
1505,1810,2895,2896
1811,1810,2896,3177
1505,1811,2896,2897
1812,1811,2897,3176
1505,1812,2897,2898
1813,1812,2898,3538
1505,1813,2898,2902
1814,1815,2899,2920
1815,1813,2899,3436
1813,1814,2899,2900
1740,1814,2900,-17051
1813,1740,2900,2901
1813,1739,2901,2902
1633,1686,2903,2904
1633,1687,2904,2905
1816,1687,2905,3183
1633,1816,2905,2906
1634,1816,2906,13450
1436,1460,2907,2908
1436,1459,2908,2909
1817,1459,2909,3224
1436,1817,2909,2910
1818,1817,2910,3655
1436,1818,2910,2911
1819,1818,2911,3728
1436,1819,2911,2912
1820,1819,2912,3730
1436,1820,2912,2914
1772,1821,2913,13396
1821,1820,2913,13395
1820,1772,2913,2914
1822,1549,2915,2916,53
1552,1822,2915,2923
1624,1549,2916,13448
1822,1624,2916,2917
1822,1623,2917,2918
1823,1623,2918,2992
1822,1823,2918,2919
1815,1823,2919,3388
1822,1815,2919,2920
1822,1814,2920,2921
1824,1814,2921,-8861
1822,1824,2921,2922
1553,1824,2922,-9373
1822,1553,2922,2923
1571,1558,2924,2925
1571,1698,2925,2926
1571,1699,2926,2927
1825,1699,2927,3014
1571,1825,2927,2928
1572,1825,2928,3013
1690,1655,2929,2930
1826,1655,2930,2967
1690,1826,2930,2931
1827,1826,2931,3256
1690,1827,2931,2932
1828,1827,2932,3256
1690,1828,2932,2933
1829,1828,2933,3265
1690,1829,2933,2934
1691,1829,2934,3269
1641,1579,2935,2936
1641,1755,2936,2949
1755,1759,2937,2938
1830,1759,2938,3234
1755,1830,2938,2939
1831,1830,2939,3280
1755,1831,2939,2950
1832,1833,2940,3296
1833,1831,2940,3280
1831,1832,2940,2941
1834,1832,2941,3279
1831,1834,2941,2950
1835,1836,2942,3292
1836,1837,2942,3278
1837,1835,2942,2943
1744,1835,2943,3375
1837,1744,2943,2944
1837,1742,2944,2945
1837,1741,2945,2946
1837,1626,2946,2947
1837,1625,2947,2948
1837,1641,2948,2949
1837,1755,2949,2951
1755,1834,2950,2951
1837,1834,2951,3278
1838,1719,2952,3023
1560,1838,2952,2956
1564,1839,2953,3310
1839,1838,2953,3027
1838,1564,2953,2954
1838,1562,2954,2955
1838,1561,2955,2956
1329,747,2957,2958
1329,749,2958,2959
1329,1794,2959,2960
1329,1793,2960,2961
1329,1792,2961,13415,165
1621,1768,2962,2963
1840,1768,2963,2981
1621,1840,2963,2964
1841,1840,2964,3328
1621,1841,2964,2965
1842,1841,2965,3258
1621,1842,2965,2966
1826,1842,2966,3257
1621,1826,2966,2967
1402,1400,2968,2969
1402,1780,2969,2970
1843,1780,2970,3535
1402,1843,2970,2971
1844,1843,2971,3537
1402,1844,2971,2972
1845,1844,2972,3534
1402,1845,2972,2973
1846,1845,2973,3239
1402,1846,2973,2974
1847,1846,2974,3238
1402,1847,2974,2978
1848,1849,2975,3237
1849,1847,2975,3238
1847,1848,2975,2976
1850,1848,2976,3236
1847,1850,2976,2978
1611,1850,2977,3235
1850,1402,2977,2978
1851,1767,2979,2990
1768,1851,2979,2980
1852,1851,2980,3329
1768,1852,2980,2981
1840,1852,2981,3328
1640,1669,2982,2983
1853,1669,2983,3065
1640,1853,2983,2984
1854,1853,2984,3400
1640,1854,2984,2985
1855,1854,2985,3407
1640,1855,2985,2986
1856,1855,2986,3367
1640,1856,2986,2987
1857,1856,2987,3367
1640,1857,2987,2988
1858,1857,2988,3372
1640,1858,2988,2989
1851,1858,2989,3329
1640,1851,2989,2990
1640,1767,2990,2991
1617,1823,2992,2993
1859,1823,2993,3388
1617,1859,2993,2994
1860,1859,2994,3397
1617,1860,2994,2997
1861,1862,2995,3167
1862,1860,2995,3565
1860,1861,2995,2996
1618,1861,2996,3166
1860,1618,2996,2997
1697,1748,2998,2999
1863,1748,2999,3067
1697,1863,2999,3000
1864,1863,3000,3068
1697,1864,3000,3015
1865,1866,3001,3577
1866,1864,3001,3069
1864,1865,3001,3002
1867,1865,3002,3687
1864,1867,3002,3003
1868,1867,3003,3681
1864,1868,3003,3004
1869,1868,3004,3681
1864,1869,3004,3005
1870,1869,3005,3682
1864,1870,3005,3006
1871,1870,3006,3496
1864,1871,3006,3007
1872,1871,3007,3495
1864,1872,3007,3008
1873,1872,3008,3495
1864,1873,3008,3016
1874,1875,3009,3506
1875,1873,3009,3503
1873,1874,3009,3017
1876,1877,3010,3489
1877,1874,3010,3502
1874,1876,3010,3011
1878,1876,3011,3304
1874,1878,3011,3017
1574,1879,3012,3302
1879,1572,3012,3013
1879,1825,3013,3014
1879,1699,3014,3019
1699,1864,3015,3016
1699,1873,3016,3019
1873,1878,3017,3018
1879,1878,3018,3303
1873,1879,3018,3019
1880,1881,3020,13410,207
1881,1747,3020,3066
1747,1880,3020,3021
1514,1880,3021,13410,207
1747,1514,3021,3022
1838,1720,3023,3024
1838,1721,3024,3025
1882,1721,3025,-1
1838,1882,3025,3026
1883,1882,3026,3311
1838,1883,3026,3027
1839,1883,3027,3317
1604,1602,3028,3029
1604,1600,3029,3030
1604,1599,3030,3031
1884,1599,3031,3208
1604,1884,3031,3032
1885,1884,3032,3208
1604,1885,3032,3033
1603,1885,3033,3207
1738,1736,3034,3035
1738,1653,3035,3036
1738,1652,3036,3045
1886,1650,3037,3558
1652,1886,3037,3038
1887,1886,3038,3545
1652,1887,3038,3046
1728,1888,3039,3382
1888,1887,3039,3383
1887,1728,3039,3047
1728,1765,3040,3041
1728,1766,3041,3047
1766,1761,3042,3048
1762,1760,3043,3044
1762,1738,3044,3045
1762,1652,3045,3046
1762,1887,3046,3049
1887,1766,3047,3048
1887,1761,3048,3049
1659,1717,3050,3051
1659,1716,3051,3052
1659,1714,3052,3053
1659,1715,3053,3060
1715,1713,3054,3055
1889,1713,3055,3461
1715,1889,3055,3056
1890,1889,3056,3461
1715,1890,3056,3057
1891,1890,3057,3688
1715,1891,3057,3058
1892,1891,3058,3650
1715,1892,3058,3059
1670,1892,3059,3654
1715,1670,3059,3060
1669,1746,3061,3062
1669,1745,3062,3065
1893,1894,3063,3401
1894,1745,3063,3373
1745,1893,3063,3064
1853,1893,3064,3400
1745,1853,3064,3065
1881,1748,3066,3067
1881,1863,3067,3068
1881,1864,3068,3069
1881,1866,3069,3070
1895,1866,3070,3576
1881,1895,3070,3071
1896,1895,3071,13375
1881,1896,3071,13409,207
1897,1898,3072,4042
1898,1899,3072,13248
1899,1897,3072,3073
1900,1897,3073,4042
1899,1900,3073,3074
1901,1900,3074,4041
1899,1901,3074,3075
1902,1901,3075,4040
1899,1902,3075,3076
1903,1902,3076,4039
1899,1903,3076,3138
1904,1905,3077,4037
1905,1903,3077,4038
1903,1904,3077,3078
1906,1904,3078,4036
1903,1906,3078,3154
1907,1908,3079,13168
1908,1909,3079,4033
1909,1907,3079,3139
1910,1911,3080,13385,6
1911,1907,3080,13386,6
1907,1910,3080,3139
1912,1913,3081,13384,6
1913,1910,3081,13385,6
1910,1912,3081,3140
1914,1915,3082,13383,6
1915,1912,3082,13384,6
1912,1914,3082,3083
1916,1914,3083,13431
1912,1916,3083,3141
1917,1918,3084,13560
1918,1916,3084,13430
1916,1917,3084,3085
1919,1917,3085,13559
1916,1919,3085,3086
1920,1919,3086,13558
1916,1920,3086,3142
1921,1922,3087,13557
1922,1920,3087,13558
1920,1921,3087,3088
1923,1921,3088,13556
1920,1923,3088,3089
1924,1923,3089,13555
1920,1924,3089,3090
1925,1924,3090,13554
1920,1925,3090,3143
1588,1926,3091,13552
1926,1925,3091,13553
1925,1588,3091,3144
1588,1589,3092,3145
1927,1590,3093,13620
1589,1927,3093,3094
1928,1927,3094,13619
1589,1928,3094,3146
1929,1930,3095,13618
1930,1928,3095,13619
1928,1929,3095,3147
1931,1932,3096,13762
1932,1929,3096,13618
1929,1931,3096,3097
1933,1931,3097,13617
1929,1933,3097,3098
1934,1933,3098,13617
1929,1934,3098,3099
1935,1934,3099,13616
1929,1935,3099,3100
1936,1935,3100,13615
1929,1936,3100,3101
1937,1936,3101,13614
1929,1937,3101,3102
1938,1937,3102,13613
1929,1938,3102,3103
1939,1938,3103,13612
1929,1939,3103,3104
1940,1939,3104,13611
1929,1940,3104,3105
1941,1940,3105,13822
1929,1941,3105,3106
1942,1941,3106,13821
1929,1942,3106,3107
1943,1942,3107,13185
1929,1943,3107,3108
1944,1943,3108,13184
1929,1944,3108,3109
1945,1944,3109,13184
1929,1945,3109,3110
1946,1945,3110,13183
1929,1946,3110,3111
1947,1946,3111,13405,6
1929,1947,3111,3112
1948,1947,3112,4275
1929,1948,3112,3113
1949,1948,3113,4275
1929,1949,3113,3114
1950,1949,3114,3115,6
1929,1950,3114,3148
1951,1949,3115,13175
1950,1951,3115,3116
1952,1951,3116,13174
1950,1952,3116,3148
1953,1954,3117,13180
1954,1952,3117,13174
1952,1953,3117,3156
1955,1956,3118,13406,6
1956,1957,3118,13172
1957,1955,3118,3119
1958,1955,3119,13210
1957,1958,3119,3120
1959,1958,3120,13210
1957,1959,3120,3121
1960,1959,3121,13209
1957,1960,3121,3122
1961,1960,3122,13208
1957,1961,3122,3149
1962,1963,3123,13223
1963,1961,3123,13208
1961,1962,3123,3124
1964,1962,3124,13207
1961,1964,3124,3125
1965,1964,3125,13206
1961,1965,3125,3126
1966,1965,3126,13205
1961,1966,3126,3150
1967,1968,3127,13203
1968,1969,3127,13204
1969,1967,3127,3152
1970,1971,3128,13222
1971,1967,3128,13203
1967,1970,3128,3129
1972,1970,3129,13202
1967,1972,3129,3130
1973,1972,3130,13202
1967,1973,3130,3131
1974,1973,3131,13217
1967,1974,3131,3132
1899,1974,3132,13201
1967,1899,3132,3133
1975,1899,3133,3137,6
1967,1975,3133,3134
1976,1975,3134,3136,6
1967,1976,3134,3135
1977,1976,3135,3136,6
1967,1977,3135,3152
1977,1975,3136,3137
1977,1899,3137,3138
1977,1903,3138,3153
1909,1910,3139,3140
1909,1912,3140,3141
1909,1916,3141,3142
1909,1920,3142,3143
1909,1925,3143,3144
1909,1588,3144,3145
1909,1589,3145,3146
1909,1928,3146,3147
1909,1929,3147,3155
1929,1952,3148,3159
1957,1953,3149,13173
1953,1961,3149,3150
1953,1966,3150,3151
1969,1966,3151,13204
1953,1969,3151,3156
1969,1977,3152,3153
1969,1903,3153,3154
1969,1906,3154,3157
1909,1978,3155,4034
1978,1929,3155,3158
1952,1969,3156,3157
1952,1906,3157,3159
1978,1906,3158,4035
1906,1929,3158,3159
1753,1563,3160,3161
1979,1563,3161,3316
1753,1979,3161,3162
1980,1979,3162,-8759
1753,1980,3162,3163
1981,1980,3163,3342
1753,1981,3163,3164
1752,1981,3164,3322
1667,1618,3165,3166
1667,1861,3166,3167
1667,1862,3167,3172
1665,1982,3168,3415
1982,1862,3168,3565
1862,1665,3168,3169
1862,1664,3169,3170
1862,1662,3170,3171
1862,1663,3171,3172
1504,1782,3173,3178
1983,1984,3174,3598
1984,1782,3174,3275
1782,1983,3174,3175
1812,1983,3175,3538
1782,1812,3175,3176
1782,1811,3176,3177
1782,1810,3177,3178
1577,1573,3179,3180
1985,1573,3180,3301
1577,1985,3180,3181
1783,1985,3181,3300
1577,1783,3181,3182
1816,1986,3183,13449
1986,1687,3183,3193
1687,1684,3184,3185
1687,1685,3185,3186
1687,1682,3186,3187
1687,1683,3187,3188
1687,1680,3188,3189
1687,1681,3189,3190
1987,1681,3190,-663
1687,1987,3190,3191
1988,1987,3191,-663
1687,1988,3191,3192
1989,1988,3192,-8855
1687,1989,3192,3193
1986,1989,3193,-8855
1701,1750,3194,13439
1750,1990,3194,13382,41
1990,1701,3194,3195
1990,1702,3195,3204
1991,1703,3196,3318
1702,1991,3196,3197
1992,1991,3197,3318
1702,1992,3197,3204
1993,1705,3198,3454
1706,1993,3198,3206
1994,1995,3199,3731
1995,1993,3199,3455
1993,1994,3199,3200
1996,1994,3200,3609
1993,1996,3200,3201
1997,1996,3201,3608
1993,1997,3201,3202
1998,1997,3202,13378
1993,1998,3202,3203
1990,1998,3203,13382,41
1993,1990,3203,3206
1990,1992,3204,3205
1706,1992,3205,3319
1990,1706,3205,3206
1458,1885,3207,3226
1885,1599,3208,3209
1885,1598,3209,3210
1999,1598,3210,3248
1885,1999,3210,3227
2000,2001,3211,3254
2001,1999,3211,3248
1999,2000,3211,3227
2002,2003,3212,3246
2003,2000,3212,3247
2000,2002,3212,3228
2004,2005,3213,4602
2005,2002,3213,3246
2002,2004,3213,3214
2006,2004,3214,4899
2002,2006,3214,3215
2007,2006,3215,4898
2002,2007,3215,3216
2008,2007,3216,4797
2002,2008,3216,3217
2009,2008,3217,4724
2002,2009,3217,3218
2010,2009,3218,4426
2002,2010,3218,3219
2011,2010,3219,4065
2002,2011,3219,3229
2012,2013,3220,-18120
2013,2011,3220,4064
2011,2012,3220,3221
2014,2012,3221,3662
2011,2014,3221,3230
2015,2016,3222,3663
2016,2014,3222,3662
2014,2015,3222,3223
1817,2015,3223,3655
2014,1817,3223,3224
2014,1459,3224,3225
2014,1458,3225,3226
2014,1885,3226,3230
1885,2000,3227,3228
1885,2002,3228,3229
1885,2011,3229,3230
1759,1788,3231,3232
2017,1788,3232,3338
1759,2017,3232,3233
2018,2017,3233,3341
1759,2018,3233,3234
1830,2018,3234,3281
1597,1850,3235,3236
1597,1848,3236,3237
1597,1849,3237,3250
1849,1846,3238,3251
2019,1845,3239,3533
1846,2019,3239,3240
2020,2019,3240,4376
1846,2020,3240,3241
2021,2020,3241,4376
1846,2021,3241,3242
2022,2021,3242,4383
1846,2022,3242,3243
2023,2022,3243,4375
1846,2023,3243,3244
2024,2023,3244,4375
1846,2024,3244,3251
2005,2025,3245,4602
2025,2026,3245,4381
2026,2005,3245,3253
2005,2003,3246,3247
2005,2000,3247,3253
2001,1598,3248,3249
2001,1597,3249,3250
2001,1849,3250,3255
1849,2024,3251,3252
2026,2024,3252,4381
1849,2026,3252,3255
2026,2000,3253,3254
2026,2001,3254,3255
1828,1826,3256,3257
1828,1842,3257,3266
2027,1841,3258,3336
1842,2027,3258,3259
2028,2027,3259,3335
1842,2028,3259,3266
2029,2030,3260,3619
2030,2028,3260,3335
2028,2029,3260,3261
2031,2029,3261,3571
2028,2031,3261,3262
2032,2031,3262,3423
2028,2032,3262,3263
2033,2032,3263,3422
2028,2033,3263,3264
1829,2033,3264,3270
2028,1829,3264,3265
2028,1828,3265,3266
1781,1692,3267,3268
1781,1691,3268,3269
1781,1829,3269,3270
1781,2033,3270,3271
2034,2033,3271,3422
1781,2034,3271,3272
2035,2034,3272,3427
1781,2035,3272,3277
2036,2037,3273,3714
2037,2035,3273,3426
2035,2036,3273,3274
2038,2036,3274,3599
2035,2038,3274,3277
1984,2038,3275,3598
2038,1782,3275,3276
2038,1781,3276,3277
1836,1834,3278,3279
1836,1832,3279,3299
1833,1830,3280,3293
2039,2018,3281,3631
1830,2039,3281,3282
2040,2039,3282,3638
1830,2040,3282,3283
2041,2040,3283,3637
1830,2041,3283,3284
2042,2041,3284,3779
1830,2042,3284,3293
2043,2044,3285,3597
2044,2045,3285,3783
2045,2043,3285,3286
2046,2043,3286,3589
2045,2046,3286,3297
2047,2048,3287,3595
2048,2049,3287,3596
2049,2047,3287,3295
2050,2051,3288,3593
2051,2047,3288,3594
2047,2050,3288,3289
2052,2050,3289,3592
2047,2052,3289,3290
2053,2052,3290,3807
2047,2053,3290,3291
1835,2053,3291,3376
2047,1835,3291,3292
2047,1836,3292,3295
1833,2042,3293,3294
2045,2042,3294,3779
1833,2045,3294,3296
2049,1836,3295,3298
1832,2045,3296,3297
1832,2046,3297,3299
2049,2046,3298,3589
2046,1836,3298,3299
1784,1985,3300,3309
1985,1574,3301,3302
1985,1879,3302,3303
1985,1878,3303,3304
1985,1876,3304,3305
2054,1876,3305,3489
1985,2054,3305,3309
2055,2056,3306,3442
2056,2054,3306,3493
2054,2055,3306,3307
1785,2055,3307,3441
2054,1785,3307,3308
2054,1784,3308,3309
1563,1839,3310,3316
2057,1882,3311,-1
1883,2057,3311,3312
2058,2057,3312,3513
1883,2058,3312,3313
2059,2058,3313,3513
1883,2059,3313,3314
2060,2059,3314,3351
1883,2060,3314,3315
1979,2060,3315,-8759
1883,1979,3315,3317
1979,1839,3316,3317
1703,1992,3318,3319
1703,1706,3319,3320
1981,2061,3321,3342
2061,1998,3321,13378,41
1998,1981,3321,3322
1998,1752,3322,3323
1998,1751,3323,13380
1649,1647,3324,3325
2062,1647,3325,3421
1649,2062,3325,3326
2063,2062,3326,3420
1649,2063,3326,3327
1651,2063,3327,3559
1841,1852,3328,3336
1852,1858,3329,3330
2064,1858,3330,3372
1852,2064,3330,3331
2065,2064,3331,3620
1852,2065,3331,3332
2066,2065,3332,3630
1852,2066,3332,3333
2067,2066,3333,3629
1852,2067,3333,3334
2030,2067,3334,3619
1852,2030,3334,3337
2030,2027,3335,3337
2027,1852,3336,3337
2017,1787,3338,3339
2068,1787,3339,3449
2017,2068,3339,3340
2069,2068,3340,3632
2017,2069,3340,3341
2018,2069,3341,3631
1980,2061,3342,3343
2070,2061,3343,13376,41
1980,2070,3343,3344
2071,2070,3344,13364
1980,2071,3344,3345
2072,2071,3345,13364
1980,2072,3345,3346
2073,2072,3346,13377,41
1980,2073,3346,3347
2074,2073,3347,3557
1980,2074,3347,3348
2075,2074,3348,3556
1980,2075,3348,3349
2076,2075,3349,-8854
1980,2076,3349,3350
2059,2076,3350,-8854
1980,2059,3350,3351
1980,2060,3351,3352
2077,2060,3352,-8760
1980,2077,3352,-8760
1798,1800,3353,3364
2078,1801,3354,3484
1802,2078,3354,3366
2079,2080,3355,3488
2080,2078,3355,3484
2078,2079,3355,3356
2081,2079,3356,3483
2078,2081,3356,3357
2082,2081,3357,3482
2078,2082,3357,3358
2083,2082,3358,4009
2078,2083,3358,3359
2084,2083,3359,3816
2078,2084,3359,3360
2085,2084,3360,3816
2078,2085,3360,3361
2086,2085,3361,3815
2078,2086,3361,3362
2087,2086,3362,3432
2078,2087,3362,3363
2088,2087,3363,3431
2078,2088,3363,3366
1798,2088,3364,3430
2088,1800,3364,3365
2088,1802,3365,3366
1857,1855,3367,3368
2089,1855,3368,3406
1857,2089,3368,3369
2090,2089,3369,3664
1857,2090,3369,3370
2091,2090,3370,3664
1857,2091,3370,3371
2064,2091,3371,3620
1857,2064,3371,3372
1894,1743,3373,3374
1894,1744,3374,3375
1894,1835,3375,3376
1894,2053,3376,3377
2092,2053,3377,3814
1894,2092,3377,3381
2093,2094,3378,3409
2094,2092,3378,3404
2092,2093,3378,3379
2095,2093,3379,3408
2092,2095,3379,3380
2096,2095,3380,3403
2092,2096,3380,3381
1894,2096,3381,3402
1728,2097,3382,-633
2097,1888,3382,3383
2097,1887,3383,3384
2098,1887,3384,3550
2097,2098,3384,3385
2099,2098,3385,3614
2097,2099,3385,3386
2100,2099,3386,3618
2097,2100,3386,3387
1726,2100,3387,3582
2097,1726,3387,-633
1859,1815,3388,3389
2101,1815,3389,3440
1859,2101,3389,3390
2102,2101,3390,3439
1859,2102,3390,3398
2103,2104,3391,3648
2104,2102,3391,3439
2102,2103,3391,3392
2105,2103,3392,3647
2102,2105,3392,3399
2106,2107,3393,3646
2107,2105,3393,3647
2105,2106,3393,3399
2108,2109,3394,3900
2109,2106,3394,3645
2106,2108,3394,3395
2110,2108,3395,3567
2106,2110,3395,3396
1860,2110,3396,3566
2106,1860,3396,3397
2106,1859,3397,3398
2106,2102,3398,3399
1854,1893,3400,3401
1854,1894,3401,3402
1854,2096,3402,3403
1854,2095,3403,3407
2111,2092,3404,3813
2094,2111,3404,3409
2089,2112,3405,3665
2112,2113,3405,3757
2113,2089,3405,3406
2113,1855,3406,3412
1855,2095,3407,3408
1855,2093,3408,3412
2093,2111,3409,3410
2114,2111,3410,3758
2093,2114,3410,3411
2113,2114,3411,3757
2093,2113,3411,3412
1647,1666,3413,3414
1647,1665,3414,3415
1647,1982,3415,3416
2115,1982,3416,3570
1647,2115,3416,3417
2116,2115,3417,3799
1647,2116,3417,3418
2117,2116,3418,3694
1647,2117,3418,3421
2063,2118,3419,3560
2118,2117,3419,3694
2117,2063,3419,3420
2117,2062,3420,3421
2034,2032,3422,3423
2034,2031,3423,3424
2119,2031,3424,3575
2034,2119,3424,3427
2037,2120,3425,3703
2120,2119,3425,3575
2119,2037,3425,3426
2119,2035,3426,3427
1778,1797,3428,3429
1778,1798,3429,3430
1778,2088,3430,3431
1778,2087,3431,3432
1778,2086,3432,3433
2121,2086,3433,3815
1778,2121,3433,3434
2122,2121,3434,3522
1778,2122,3434,3435
1779,2122,3435,3521
2123,1813,3436,3544
1815,2123,3436,3437
2124,2123,3437,3543
1815,2124,3437,3438
2104,2124,3438,3639
1815,2104,3438,3440
2104,2101,3439,3440
1786,2055,3441,3442
1786,2056,3442,3443
2125,2056,3443,3492
1786,2125,3443,3444
2126,2125,3444,3788
1786,2126,3444,3445
2127,2126,3445,3788
1786,2127,3445,3446
2128,2127,3446,3834
1786,2128,3446,3447
2129,2128,3447,3841
1786,2129,3447,3450
2068,2130,3448,3632
2130,2129,3448,3909
2129,2068,3448,3449
2129,1787,3449,3450
1713,1710,3451,3452
1713,1709,3452,3462
1709,1707,3453,3463
1707,1993,3454,3455
1707,1995,3455,3456
2131,1995,3456,3746
1707,2131,3456,3457
2132,2131,3457,3745
1707,2132,3457,3458
2133,2132,3458,3715
1707,2133,3458,3459
2134,2133,3459,3689
1707,2134,3459,3460
1890,2134,3460,3688
1707,1890,3460,3463
1890,1713,3461,3462
1890,1709,3462,3463
2135,2136,3464,13369
2136,2137,3464,13374,207
2137,2135,3464,3465
2138,2135,3465,13368
2137,2138,3465,3473
2139,2140,3466,3882
2140,2138,3466,13367
2138,2139,3466,3474
1679,2139,3467,3882
2139,1681,3467,3468
2141,1681,3468,-920
2139,2141,3468,3469
1988,2141,3469,-920
2139,1988,3469,3470
2142,1988,3470,13412
2139,2142,3470,3475
2143,2144,3471,13407
2144,2142,3471,13408
2142,2143,3471,3475
2137,1896,3472,13374,207
1896,2143,3472,13407
2143,2137,3472,3473
2143,2138,3473,3474
2143,2139,3474,3475
1803,1806,3476,3486
1806,1808,3477,3478
2145,1808,3478,3511
1806,2145,3478,3479
2146,2145,3479,3510
1806,2146,3479,3480
2147,2146,3480,3928
1806,2147,3480,3487
2082,2148,3481,4009
2148,2147,3481,4010
2147,2082,3481,3482
2147,2081,3482,3483
2147,2079,3483,3487
2080,1801,3484,3485
2080,1803,3485,3486
2080,1806,3486,3488
1806,2079,3487,3488
2054,1877,3489,3494
2149,2150,3490,3501
2150,1877,3490,3502
1877,2149,3490,3494
2125,2151,3491,3789
2151,2149,3491,3501
2149,2125,3491,3492
2149,2056,3492,3493
2149,2054,3493,3494
1873,1871,3495,3503
2152,1870,3496,3683
1871,2152,3496,3497
2153,2152,3497,3943
1871,2153,3497,3498
2154,2153,3498,4001
1871,2154,3498,3499
2155,2154,3499,3784
1871,2155,3499,3500
2151,2155,3500,3784
1871,2151,3500,3504
2151,2150,3501,3504
2150,1874,3502,3505
1875,1871,3503,3506
1871,2150,3504,3505
1871,1874,3505,3506
2156,1809,3507,13442
1807,2156,3507,3508
2157,2156,3508,3579
1807,2157,3508,3509
2158,2157,3509,3580
1807,2158,3509,3512
2146,2158,3510,3928
2158,2145,3510,3511
2158,1808,3511,3512
2059,2057,3513,3514
2159,2057,3514,-1
2059,2159,3514,3515
2160,2159,3515,3852
2059,2160,3515,3516
2161,2160,3516,3858
2059,2161,3516,3517
2162,2161,3517,3748
2059,2162,3517,3518
2163,2162,3518,3748
2059,2163,3518,3519
2075,2163,3519,3555
2059,2075,3519,3520
2164,2075,3520,-8759
2059,2164,3520,-8759
1780,2122,3521,3522
1780,2121,3522,3523
2165,2121,3523,3824
1780,2165,3523,3535
2166,2167,3524,3823
2167,2165,3524,3824
2165,2166,3524,3536
2168,2169,3525,3822
2169,2166,3525,3823
2166,2168,3525,3526
2170,2168,3526,4020
2166,2170,3526,3527
2171,2170,3527,4732
2166,2171,3527,3528
2172,2171,3528,4695
2166,2172,3528,3529
2173,2172,3529,4695
2166,2173,3529,3530
2174,2173,3530,4598
2166,2174,3530,3531
2175,2174,3531,4378
2166,2175,3531,3532
2019,2175,3532,4377
2166,2019,3532,3533
2166,1845,3533,3534
2166,1844,3534,3536
1843,2165,3535,3537
2165,1844,3536,3537
1813,1983,3538,3539
2176,1983,3539,3604
1813,2176,3539,3540
2177,2176,3540,3603
1813,2177,3540,3541
2178,2177,3541,3773
1813,2178,3541,3544
2124,2179,3542,3639
2179,2178,3542,3803
2178,2124,3542,3543
2178,2123,3543,3544
2180,1886,3545,3564
1887,2180,3545,3546
2181,2180,3546,3564
1887,2181,3546,3547
2182,2181,3547,3767
1887,2182,3547,3548
2183,2182,3548,3772
1887,2183,3548,3549
2184,2183,3549,3859
1887,2184,3549,3550
2098,2184,3550,3614
2185,2186,3551,13335
2186,2187,3551,13371,41
2187,2185,3551,3552
2188,2185,3552,3958
2187,2188,3552,3553
2189,2188,3553,3953
2187,2189,3553,3554
2163,2189,3554,3751
2187,2163,3554,3555
2187,2075,3555,3556
2187,2074,3556,3557
2187,2073,3557,13371,41
1886,1651,3558,3559
1886,2063,3559,3560
1886,2118,3560,3561
2190,2118,3561,3702
1886,2190,3561,3562
2191,2190,3562,3701
1886,2191,3562,3563
2181,2191,3563,3767
1886,2181,3563,3564
1982,1860,3565,3566
1982,2110,3566,3567
1982,2108,3567,3568
2192,2108,3568,3900
1982,2192,3568,3569
2193,2192,3569,3790
1982,2193,3569,3570
2115,2193,3570,3790
2194,2029,3571,3627
2031,2194,3571,3572
2195,2194,3572,3752
2031,2195,3572,3573
2196,2195,3573,3756
2031,2196,3573,3574
2120,2196,3574,3703
2031,2120,3574,3575
1895,2136,3576,13375
2136,1866,3576,3577
2136,1865,3577,3578
2197,1865,3578,3680
2136,2197,3578,13369,207
2156,1724,3579,13442
1724,2157,3579,3580
1724,2158,3580,3587
2100,2198,3581,3618
2198,2158,3581,3929
2158,2100,3581,3582
2158,1726,3582,3588
1726,1724,3583,3584
2199,1724,3584,3586,165
1726,2199,3584,3585
2200,2199,3585,3586,165
1726,2200,3585,3588
2200,1724,3586,3587
2200,2158,3587,3588
2049,2043,3589,3596
2201,2202,3590,3829
2202,2044,3590,3783
2044,2201,3590,3591
2052,2201,3591,3807
2044,2052,3591,3592
2044,2050,3592,3593
2044,2051,3593,3594
2044,2047,3594,3595
2044,2048,3595,3597
2048,2043,3596,3597
1983,2038,3598,3599
1983,2036,3599,3600
2203,2036,3600,3713
1983,2203,3600,3601
2204,2203,3601,3712
1983,2204,3601,3605
2205,2206,3602,3774
2206,2204,3602,3775
2204,2205,3602,3605
2177,2205,3603,3773
2205,2176,3603,3604
2205,1983,3604,3605
2207,2070,3606,13376
2070,2072,3606,13364,41
2072,2207,3606,3607
1997,2207,3607,13379
2072,1997,3607,3608
2072,1996,3608,3609
2072,1994,3609,3610
2208,1994,3610,3731
2072,2208,3610,3613
2209,2210,3611,3973
2210,2208,3611,3843
2208,2209,3611,3612
2211,2209,3612,13373
2208,2211,3612,3613
2072,2211,3613,13377
2099,2184,3614,3615
2212,2184,3615,3859
2099,2212,3615,3616
2213,2212,3616,3868
2099,2213,3616,3617
2198,2213,3617,3930
2099,2198,3617,3618
2029,2067,3619,3628
2065,2091,3620,3621
2214,2091,3621,3676
2065,2214,3621,3622
2215,2214,3622,3675
2065,2215,3622,3623
2216,2215,3623,3674
2065,2216,3623,3624
2217,2216,3624,3673
2065,2217,3624,3625
2218,2217,3625,3870
2065,2218,3625,3630
2194,2219,3626,3752
2219,2218,3626,3753
2218,2194,3626,3627
2218,2029,3627,3628
2218,2067,3628,3629
2218,2066,3629,3630
2039,2069,3631,3638
2069,2130,3632,3633
2220,2130,3633,3913
2069,2220,3633,3634
2221,2220,3634,3963
2069,2221,3634,3635
2222,2221,3635,3831
2069,2222,3635,3636
2041,2222,3636,3780
2069,2041,3636,3637
2069,2040,3637,3638
2104,2179,3639,3640
2223,2179,3640,3806
2104,2223,3640,3641
2224,2223,3641,3806
2104,2224,3641,3642
2225,2224,3642,4282
2104,2225,3642,3643
2226,2225,3643,4176
2104,2226,3643,3648
2109,2227,3644,3901
2227,2226,3644,4176
2226,2109,3644,3645
2226,2106,3645,3646
2226,2107,3646,3649
2107,2103,3647,3649
2103,2226,3648,3649
2228,1891,3650,3692
1892,2228,3650,3651
2229,2228,3651,3691
1892,2229,3651,3652
2230,2229,3652,3722
1892,2230,3652,3653
1671,2230,3653,3914
1892,1671,3653,3654
2015,1818,3655,3656
2231,1818,3656,3728
2015,2231,3656,3657
2232,2231,3657,4261
2015,2232,3657,3658
2233,2232,3658,13362,6
2015,2233,3658,3659
2234,2233,3659,13362,6
2015,2234,3659,3660
2235,2234,3660,4055
2015,2235,3660,3661
2012,2235,3661,4054
2015,2012,3661,3663
2012,2016,3662,3663
2091,2089,3664,3665
2091,2112,3665,3666
2236,2112,3666,3766
2091,2236,3666,3676
2237,2238,3667,4206
2238,2239,3667,3764
2239,2237,3667,3668
2240,2237,3668,4417
2239,2240,3668,3678
2241,2242,3669,4098
2242,2240,3669,4292
2240,2241,3669,3670
2243,2241,3670,3874
2240,2243,3670,3671
2244,2243,3671,3873
2240,2244,3671,3672
2245,2244,3672,3872
2240,2245,3672,3678
2217,2245,3673,3871
2245,2216,3673,3674
2245,2215,3674,3675
2245,2214,3675,3679
2214,2236,3676,3677
2239,2236,3677,3765
2214,2239,3677,3679
2239,2245,3678,3679
2197,2246,3680,13349,207
2246,1865,3680,3686
1867,1869,3681,3682
1867,1870,3682,3683
1867,2152,3683,3684
2247,2152,3684,3942
1867,2247,3684,3687
2246,2248,3685,3941
2248,2247,3685,3942
2247,2246,3685,3686
2247,1865,3686,3687
1891,2134,3688,3689
1891,2133,3689,3692
2229,2249,3690,3722
2249,2250,3690,3727
2250,2229,3690,3691
2250,2228,3691,3693
2228,2133,3692,3693
2250,2133,3693,3723
2118,2116,3694,3695
2251,2116,3695,3802
2118,2251,3695,3696
2252,2251,3696,3798
2118,2252,3696,3697
2253,2252,3697,3797
2118,2253,3697,3702
2254,2255,3698,3989
2255,2253,3698,3990
2253,2254,3698,3699
2256,2254,3699,3935
2253,2256,3699,3700
2191,2256,3700,3768
2253,2191,3700,3701
2253,2190,3701,3702
2037,2196,3703,3704
2257,2196,3704,3756
2037,2257,3704,3705
2258,2257,3705,3869
2037,2258,3705,3706
2259,2258,3706,3877
2037,2259,3706,3707
2260,2259,3707,4115
2037,2260,3707,3708
2261,2260,3708,4093
2037,2261,3708,3714
2262,2263,3709,4058
2263,2261,3709,4096
2261,2262,3709,3710
2264,2262,3710,3777
2261,2264,3710,3711
2204,2264,3711,3776
2261,2204,3711,3712
2261,2203,3712,3713
2261,2036,3713,3714
2265,2132,3715,3744
2133,2265,3715,3723
2266,2267,3716,3743
2267,2265,3716,3744
2265,2266,3716,3724
2268,2269,3717,3741
2269,2266,3717,3742
2266,2268,3717,3725
2270,2271,3718,4438
2271,2268,3718,3740
2268,2270,3718,3719
2272,2270,3719,4437
2268,2272,3719,3720
2273,2272,3720,3916
2268,2273,3720,3721
2230,2273,3721,3915
2268,2230,3721,3726
2230,2249,3722,3726
2250,2265,3723,3724
2250,2266,3724,3725
2250,2268,3725,3727
2268,2249,3726,3727
1819,2231,3728,3729
2274,2231,3729,4262
1819,2274,3729,3730
1820,2274,3730,13394
1995,2208,3731,3732
2275,2208,3732,3851
1995,2275,3732,3733
2276,2275,3733,3850
1995,2276,3733,3734
2277,2276,3734,3849
1995,2277,3734,3735
2278,2277,3735,4119
1995,2278,3735,3736
2279,2278,3736,4152
1995,2279,3736,3737
2280,2279,3737,4151
1995,2280,3737,3746
2281,2282,3738,4147
2282,2280,3738,4477
2280,2281,3738,3739
2271,2281,3739,4439
2280,2271,3739,3740
2280,2268,3740,3741
2280,2269,3741,3742
2280,2266,3742,3743
2280,2267,3743,3747
2267,2132,3744,3745
2267,2131,3745,3747
2131,2280,3746,3747
2163,2161,3748,3749
2283,2161,3749,3857
2163,2283,3749,3750
2284,2283,3750,3959
2163,2284,3750,3751
2189,2284,3751,3953
2195,2219,3752,3753
2195,2218,3753,3754
2285,2218,3754,3870
2195,2285,3754,3755
2257,2285,3755,3869
2195,2257,3755,3756
2112,2114,3757,3766
2286,2111,3758,3812
2114,2286,3758,3759
2287,2286,3759,4211
2114,2287,3759,3760
2288,2287,3760,4210
2114,2288,3760,3761
2289,2288,3761,4209
2114,2289,3761,3762
2290,2289,3762,4208
2114,2290,3762,3763
2238,2290,3763,4207
2114,2238,3763,3764
2114,2239,3764,3765
2114,2236,3765,3766
2182,2191,3767,3768
2182,2256,3768,3769
2291,2256,3769,3940
2182,2291,3769,3770
2292,2291,3770,4111
2182,2292,3770,3771
2293,2292,3771,4074
2182,2293,3771,3772
2183,2293,3772,3860
2178,2205,3773,3774
2178,2206,3774,3775
2178,2204,3775,3776
2178,2264,3776,3777
2178,2262,3777,3778
2294,2262,3778,4058
2178,2294,3778,3803
2045,2041,3779,3780
2045,2222,3780,3781
2295,2222,3781,3830
2045,2295,3781,3782
2202,2295,3782,3829
2045,2202,3782,3783
2151,2154,3784,3785
2296,2154,3785,4008
2151,2296,3785,3786
2297,2296,3786,4007
2151,2297,3786,3787
2127,2297,3787,3834
2151,2127,3787,3789
2127,2125,3788,3789
2115,2192,3790,3799
2298,2299,3791,3907
2299,2192,3791,3908
2192,2298,3791,3792
2300,2298,3792,4084
2192,2300,3792,3793
2301,2300,3793,4092
2192,2301,3793,3794
2302,2301,3794,4091
2192,2302,3794,3800
2303,2304,3795,3993
2304,2302,3795,3994
2302,2303,3795,3796
2305,2303,3796,3992
2302,2305,3796,3800
2253,2305,3797,3991
2305,2252,3797,3798
2305,2251,3798,3801
2116,2192,3799,3802
2192,2305,3800,3801
2192,2251,3801,3802
2179,2294,3803,3804
2306,2294,3804,4063
2179,2306,3804,3805
2224,2306,3805,4282
2179,2224,3805,3806
2053,2201,3807,3808
2307,2201,3808,3833
2053,2307,3808,3809
2308,2307,3809,3971
2053,2308,3809,3814
2309,2310,3810,4183
2310,2308,3810,3970
2308,2309,3810,3811
2286,2309,3811,4211
2308,2286,3811,3812
2308,2111,3812,3813
2308,2092,3813,3814
2121,2085,3815,3825
2085,2083,3816,3817
2311,2083,3817,4025
2085,2311,3817,3818
2312,2311,3818,4024
2085,2312,3818,3826
2313,2314,3819,4030
2314,2312,3819,4024
2312,2313,3819,3820
2315,2313,3820,4023
2312,2315,3820,3821
2316,2315,3821,4022
2312,2316,3821,3827
2168,2316,3822,4021
2316,2169,3822,3828
2169,2167,3823,3828
2167,2121,3824,3825
2167,2085,3825,3826
2167,2312,3826,3827
2167,2316,3827,3828
2201,2295,3829,3830
2201,2222,3830,3831
2201,2221,3831,3832
2317,2221,3832,3963
2201,2317,3832,3833
2307,2317,3833,3971
2128,2297,3834,3835
2318,2297,3835,4006
2128,2318,3835,3836
2319,2318,3836,4358
2128,2319,3836,3837
2320,2319,3837,4443
2128,2320,3837,3842
2321,2322,3838,4224
2322,2320,3838,4225
2320,2321,3838,3842
2323,2324,3839,4223
2324,2321,3839,4224
2321,2323,3839,3840
2129,2323,3840,3909
2321,2129,3840,3841
2321,2128,3841,3842
2325,2210,3843,3974
2208,2325,3843,3844
2326,2325,3844,3975
2208,2326,3844,3845
2327,2326,3845,3976
2208,2327,3845,3851
2328,2329,3846,4121
2329,2327,3846,3977
2327,2328,3846,3847
2330,2328,3847,4120
2327,2330,3847,3848
2277,2330,3848,4119
2327,2277,3848,3849
2327,2276,3849,3850
2327,2275,3850,3851
2331,2159,3852,-1
2160,2331,3852,3858
2332,2333,3853,4267
2333,2331,3853,4372
2331,2332,3853,3854
2334,2332,3854,3961
2331,2334,3854,3855
2335,2334,3855,3960
2331,2335,3855,3856
2283,2335,3856,3959
2331,2283,3856,3857
2331,2161,3857,3858
2212,2183,3859,3860
2212,2293,3860,3861
2336,2293,3861,4074
2212,2336,3861,3862
2337,2336,3862,4073
2212,2337,3862,3863
2338,2337,3863,4073
2212,2338,3863,3864
2339,2338,3864,4072
2212,2339,3864,3865
2340,2339,3865,4071
2212,2340,3865,3866
2341,2340,3866,4071
2212,2341,3866,3867
2342,2341,3867,3931
2212,2342,3867,3868
2213,2342,3868,3931
2258,2285,3869,3878
2285,2217,3870,3871
2285,2245,3871,3872
2285,2244,3872,3873
2285,2243,3873,3879
2343,2241,3874,4097
2243,2343,3874,3879
2344,2345,3875,4103
2345,2346,3875,4104
2346,2344,3875,3876
2259,2344,3876,4115
2346,2259,3876,3877
2346,2258,3877,3878
2346,2285,3878,3881
2285,2343,3879,3880
2347,2343,3880,4097
2285,2347,3880,3881
2346,2347,3881,4104
2140,1679,3882,3883
2140,1678,3883,3893
1678,1677,3884,3894
1677,1674,3885,3886
1677,1673,3886,3895
2348,2349,3887,4253
2349,1673,3887,3926
1673,2348,3887,3888
2350,2348,3888,4258
1673,2350,3888,3895
2351,2352,3889,4167
2352,2353,3889,4256
2353,2351,3889,3896
2354,2355,3890,4166
2355,2351,3890,4167
2351,2354,3890,3897
2356,2357,3891,13355
2357,2354,3891,4166
2354,2356,3891,3892
2140,2356,3892,13366
2354,2140,3892,3893
2354,1678,3893,3894
2354,1677,3894,3898
1677,2350,3895,3898
2353,2358,3896,4257
2358,2351,3896,3897
2358,2354,3897,3899
2354,2350,3898,3899
2358,2350,3899,4257
2192,2109,3900,3901
2192,2227,3901,3902
2359,2227,3902,4182
2192,2359,3902,3903
2360,2359,3903,4276
2192,2360,3903,3908
2361,2362,3904,4429
2362,2360,3904,4281
2360,2361,3904,3905
2363,2361,3905,4085
2360,2363,3905,3906
2298,2363,3906,4084
2360,2298,3906,3907
2360,2299,3907,3908
2130,2323,3909,3910
2364,2323,3910,4223
2130,2364,3910,3911
2365,2364,3911,4235
2130,2365,3911,3912
2366,2365,3912,3965
2130,2366,3912,3913
2220,2366,3913,3964
1672,2230,3914,3915
1672,2273,3915,3916
1672,2272,3916,3917
2367,2272,3917,4437
1672,2367,3917,3918
2368,2367,3918,4480
1672,2368,3918,3919
2369,2368,3919,4486
1672,2369,3919,3920
2370,2369,3920,4485
1672,2370,3920,3927
2371,2372,3921,4621
2372,2370,3921,4485
2370,2371,3921,3922
2373,2371,3922,4767
2370,2373,3922,3923
2374,2373,3923,4582
2370,2374,3923,3924
2375,2374,3924,4581
2370,2375,3924,3925
2349,2375,3925,4253
2370,2349,3925,3926
2370,1673,3926,3927
2147,2158,3928,3929
2147,2198,3929,3930
2147,2213,3930,3934
2213,2341,3931,3932
2376,2341,3932,4081
2213,2376,3932,3933
2377,2376,3933,4251
2213,2377,3933,3934
2147,2377,3934,4011
2378,2254,3935,3989
2256,2378,3935,3936
2379,2378,3936,4000
2256,2379,3936,3937
2380,2379,3937,4107
2256,2380,3937,3938
2381,2380,3938,4113
2256,2381,3938,3939
2382,2381,3939,4112
2256,2382,3939,3940
2291,2382,3940,4111
2246,2383,3941,13338,207
2383,2248,3941,3951
2248,2152,3942,3943
2248,2153,3943,3951
2384,2385,3944,4290
2385,2386,3944,4289
2386,2384,3944,3945
2387,2384,3945,4642
2386,2387,3945,3946
2388,2387,3946,13348,207
2386,2388,3946,3947
2389,2388,3947,13347,207
2386,2389,3947,3948
2390,2389,3948,13361
2386,2390,3948,3949
2391,2390,3949,13361
2386,2391,3949,3950
2383,2391,3950,13338,207
2386,2383,3950,3952
2383,2153,3951,3952
2386,2153,3952,4001
2188,2284,3953,3954
2392,2284,3954,3962
2188,2392,3954,3955
2393,2392,3955,4268
2188,2393,3955,3956
2394,2393,3956,4269
2188,2394,3956,3957
2395,2394,3957,4270
2188,2395,3957,3958
2185,2395,3958,13334
2284,2335,3959,3960
2284,2334,3960,3961
2284,2332,3961,3962
2392,2332,3962,4268
2317,2220,3963,3964
2317,2366,3964,3965
2317,2365,3965,3966
2396,2365,3966,4234
2317,2396,3966,3967
2397,2396,3967,4233
2317,2397,3967,3968
2398,2397,3968,4184
2317,2398,3968,3969
2310,2398,3969,4183
2317,2310,3969,3970
2317,2308,3970,3971
2209,2186,3972,13373
2186,2399,3972,13336,41
2399,2209,3972,3973
2399,2210,3973,3974
2399,2325,3974,3975
2399,2326,3975,3976
2399,2327,3976,3977
2399,2329,3977,3978
2400,2329,3978,4121
2399,2400,3978,3985
2401,2402,3979,-917
2402,2400,3979,-917
2400,2401,3979,3986
2403,2404,3980,13162
2404,2401,3980,4658
2401,2403,3980,3986
2405,2406,3981,13329,41
2406,2403,3981,13161
2403,2405,3981,3982
2407,2405,3982,13328,41
2403,2407,3982,3987
2408,2409,3983,13267
2409,2407,3983,13328,41
2407,2408,3983,3988
2399,2410,3984,13327,41
2410,2408,3984,13337
2408,2399,3984,3985
2408,2400,3985,3988
2400,2403,3986,3987
2400,2407,3987,3988
2378,2255,3989,3990
2378,2253,3990,3991
2378,2305,3991,3992
2378,2303,3992,3993
2378,2304,3993,4000
2411,2302,3994,4090
2304,2411,3994,3995
2412,2411,3995,4460
2304,2412,3995,3996
2413,2412,3996,4338
2304,2413,3996,3997
2414,2413,3997,4108
2304,2414,3997,3998
2415,2414,3998,4108
2304,2415,3998,3999
2379,2415,3999,4107
2304,2379,3999,4000
2154,2386,4001,4002
2416,2386,4002,4289
2154,2416,4002,4003
2417,2416,4003,4291
2154,2417,4003,4004
2418,2417,4004,4638
2154,2418,4004,4008
2318,2419,4005,4358
2419,2418,4005,4348
2418,2318,4005,4006
2418,2297,4006,4007
2418,2296,4007,4008
2083,2148,4009,4010
2083,2147,4010,4011
2083,2377,4011,4012
2420,2377,4012,4250
2083,2420,4012,4013
2421,2420,4013,4249
2083,2421,4013,4014
2422,2421,4014,4248
2083,2422,4014,4026
2423,2424,4015,4707
2424,2422,4015,4247
2422,2423,4015,4027
2425,2426,4016,4744
2426,2423,4016,4706
2423,2425,4016,4027
2427,2428,4017,-925
2428,2425,4017,4745
2425,2427,4017,4028
2429,2430,4018,4747
2430,2427,4018,-925
2427,2429,4018,4019
2431,2429,4019,4731
2427,2431,4019,4029
2170,2431,4020,4731
2431,2168,4020,4021
2431,2316,4021,4022
2431,2315,4022,4023
2431,2313,4023,4029
2314,2311,4024,4025
2314,2083,4025,4026
2314,2422,4026,4031
2422,2425,4027,4028
2422,2427,4028,4031
2427,2313,4029,4030
2427,2314,4030,4031
1908,2432,4032,13168
2432,2433,4032,13325,6
2433,1908,4032,4033
2433,1909,4033,4034
2433,1978,4034,4035
2433,1906,4035,4036
2433,1904,4036,4037
2433,1905,4037,4038
2433,1903,4038,4039
2433,1902,4039,4040
2433,1901,4040,4041
2433,1900,4041,4048
1900,1898,4042,4043
2434,1898,4043,13248
1900,2434,4043,4044
2435,2434,4044,13247
1900,2435,4044,4045
2436,2435,4045,13247
1900,2436,4045,4046
2437,2436,4046,13246
1900,2437,4046,4047
2438,2437,4047,13171
1900,2438,4047,4048
2433,2438,4048,13325,6
2439,2440,4049,4592
2440,2441,4049,4637
2441,2439,4049,4050
2442,2439,4050,4068
2441,2442,4050,4051
2443,2442,4051,4069
2441,2443,4051,4052
2444,2443,4052,4070
2441,2444,4052,4057
2012,2445,4053,-1741
2445,2444,4053,-18122
2444,2012,4053,4054
2444,2235,4054,4055
2444,2234,4055,4056
2446,2234,4056,13321,6
2444,2446,4056,4057
2441,2446,4057,13321,6
2294,2263,4058,4059
2447,2263,4059,4096
2294,2447,4059,4063
2448,2449,4060,4396
2449,2447,4060,4095
2447,2448,4060,4061
2450,2448,4061,4412
2447,2450,4061,4062
2306,2450,4062,4283
2447,2306,4062,4063
2013,2444,4064,-18120
2444,2011,4064,4065
2444,2010,4065,4066
2451,2010,4066,4428
2444,2451,4066,4067
2452,2451,4067,4427
2444,2452,4067,4070
2439,2452,4068,-18122
2452,2442,4068,4069
2452,2443,4069,4070
2341,2339,4071,4072
2341,2338,4072,4082
2338,2336,4073,4083
2336,2292,4074,4075
2453,2292,4075,4110
2336,2453,4075,4076
2454,2453,4076,4337
2336,2454,4076,4077
2455,2454,4077,4324
2336,2455,4077,4078
2456,2455,4078,4324
2336,2456,4078,4079
2457,2456,4079,4241
2336,2457,4079,4080
2458,2457,4080,4240
2336,2458,4080,4083
2376,2458,4081,4240
2458,2341,4081,4082
2458,2338,4082,4083
2300,2363,4084,4085
2300,2361,4085,4086
2459,2361,4086,4435
2300,2459,4086,4087
2460,2459,4087,4434
2300,2460,4087,4092
2461,2462,4088,4564
2462,2460,4088,4433
2460,2461,4088,4089
2411,2461,4089,4460
2460,2411,4089,4090
2460,2302,4090,4091
2460,2301,4091,4092
2463,2260,4093,4118
2261,2463,4093,4094
2449,2463,4094,4391
2261,2449,4094,4095
2261,2447,4095,4096
2347,2241,4097,4098
2347,2242,4098,4099
2464,2242,4099,4299
2347,2464,4099,4100
2465,2464,4100,4298
2347,2465,4100,4105
2466,2467,4101,4398
2467,2465,4101,4516
2465,2466,4101,4106
2344,2468,4102,4116
2468,2466,4102,4397
2466,2344,4102,4103
2466,2345,4103,4106
2345,2347,4104,4105
2345,2465,4105,4106
2380,2415,4107,4114
2415,2413,4108,4109
2453,2413,4109,4337
2415,2453,4109,4110
2415,2292,4110,4114
2292,2382,4111,4112
2292,2381,4112,4113
2292,2380,4113,4114
2260,2344,4115,4116
2260,2468,4116,4117
2469,2468,4117,4397
2260,2469,4117,4118
2463,2469,4118,4391
2278,2330,4119,4120
2278,2328,4120,4153
2328,2400,4121,4122
2470,2400,4122,4666
2328,2470,4122,4123
2471,2470,4123,4665
2328,2471,4123,4124
2472,2471,4124,4664
2328,2472,4124,4154
2473,2474,4125,4663
2474,2472,4125,4664
2472,2473,4125,4154
2475,2476,4126,4662
2476,2473,4126,4663
2473,2475,4126,4127
2477,2475,4127,5003
2473,2477,4127,4128
2478,2477,4128,5002
2473,2478,4128,4129
2479,2478,4129,5002
2473,2479,4129,4162
2480,2481,4130,5026
2481,2479,4130,5018
2479,2480,4130,4131
2482,2480,4131,5025
2479,2482,4131,4163
8,2483,4132,5437
2483,2484,4132,5015
2484,8,4132,4133
2484,7,4133,4134
2485,7,4134,5106
2484,2485,4134,4135
2486,2485,4135,4688
2484,2486,4135,4136
2487,2486,4136,4687
2484,2487,4136,4137
2488,2487,4137,4686
2484,2488,4137,4138
2489,2488,4138,4170
2484,2489,4138,4139
2490,2489,4139,4169
2484,2490,4139,4140
2491,2490,4140,4584
2484,2491,4140,4141
2492,2491,4141,4765
2484,2492,4141,4142
2493,2492,4142,4765
2484,2493,4142,4155
2494,2495,4143,4763
2495,2493,4143,4764
2493,2494,4143,4159
2496,2497,4144,4617
2497,2498,4144,4762
2498,2496,4144,4145
2499,2496,4145,4441
2498,2499,4145,4146
2281,2499,4146,4440
2498,2281,4146,4147
2498,2282,4147,4148
2500,2282,4148,4477
2498,2500,4148,4149
2501,2500,4149,4476
2498,2501,4149,4156
2280,2502,4150,4478
2502,2503,4150,4479
2503,2280,4150,4151
2503,2279,4151,4152
2503,2278,4152,4153
2503,2328,4153,4157
2328,2473,4154,4161
2484,2504,4155,5016
2504,2493,4155,4158
2498,2494,4156,4762
2494,2501,4156,4164
2503,2505,4157,4474
2505,2328,4157,4160
2504,2482,4158,5017
2482,2493,4158,4159
2482,2494,4159,4163
2505,2506,4160,4474
2506,2328,4160,4161
2506,2473,4161,4162
2506,2479,4162,4165
2479,2494,4163,4164
2479,2501,4164,4165
2506,2501,4165,4475
2357,2355,4166,4175
2355,2352,4167,4168
2507,2352,4168,4256
2355,2507,4168,4175
2490,2507,4169,4585
2507,2489,4169,4170
2507,2488,4170,4171
2508,2488,4171,4686
2507,2508,4171,4172
2509,2508,4172,4559
2507,2509,4172,4173
2510,2509,4173,4364
2507,2510,4173,4174
2357,2510,4174,13354
2507,2357,4174,4175
2227,2225,4176,4177
2511,2225,4177,4288
2227,2511,4177,4178
2512,2511,4178,4287
2227,2512,4178,4179
2513,2512,4179,4487
2227,2513,4179,4180
2514,2513,4180,4385
2227,2514,4180,4181
2515,2514,4181,4384
2227,2515,4181,4182
2359,2515,4182,4276
2309,2398,4183,4212
2516,2397,4184,4232
2398,2516,4184,4213
2517,2518,4185,4231
2518,2516,4185,4232
2516,2517,4185,4186
2519,2517,4186,4580
2516,2519,4186,4187
2520,2519,4187,4579
2516,2520,4187,4214
2521,2522,4188,4544
2522,2520,4188,4579
2520,2521,4188,4189
2523,2521,4189,4842
2520,2523,4189,4190
2524,2523,4190,4858
2520,2524,4190,4191
2525,2524,4191,4857
2520,2525,4191,4192
2526,2525,4192,4856
2520,2526,4192,4215
2527,2528,4193,5287
2528,2526,4193,4856
2526,2527,4193,4194
2529,2527,4194,5277
2526,2529,4194,4215
2530,2531,4195,5284
2531,2532,4195,5285
2532,2530,4195,4196
2533,2530,4196,5516
2532,2533,4196,4197
2534,2533,4197,5271
2532,2534,4197,4198
2535,2534,4198,4774
2532,2535,4198,4199
2536,2535,4199,4773
2532,2536,4199,4200
2537,2536,4200,4772
2532,2537,4200,4216
2538,2539,4201,4748
2539,2540,4201,4780
2540,2538,4201,4217
2541,2542,4202,4669
2542,2538,4202,4748
2538,2541,4202,4203
2543,2541,4203,4420
2538,2543,4203,4217
2544,2545,4204,4418
2545,2546,4204,4419
2546,2544,4204,4205
2237,2544,4205,4417
2546,2237,4205,4206
2546,2238,4206,4207
2546,2290,4207,4208
2546,2289,4208,4209
2546,2288,4209,4210
2546,2287,4210,4218
2287,2309,4211,4212
2287,2398,4212,4213
2287,2516,4213,4214
2287,2520,4214,4219
2520,2529,4215,4220
2532,2529,4216,5285
2529,2537,4216,4220
2540,2543,4217,4222
2546,2543,4218,4419
2543,2287,4218,4219
2543,2520,4219,4222
2520,2537,4220,4221
2540,2537,4221,4772
2520,2540,4221,4222
2364,2324,4223,4236
2324,2322,4224,4225
2324,2320,4225,4226
2547,2320,4226,4453
2324,2547,4226,4227
2548,2547,4227,4530
2324,2548,4227,4237
2549,2550,4228,4529
2550,2548,4228,4555
2548,2549,4228,4229
2551,2549,4229,4528
2548,2551,4229,4237
2552,2553,4230,4576
2553,2551,4230,4528
2551,2552,4230,4238
2517,2552,4231,4576
2552,2518,4231,4239
2518,2397,4232,4233
2518,2396,4233,4234
2518,2365,4234,4235
2518,2364,4235,4236
2518,2324,4236,4239
2324,2551,4237,4238
2324,2552,4238,4239
2376,2457,4240,4252
2554,2456,4241,4336
2457,2554,4241,4242
2555,2554,4242,4335
2457,2555,4242,4243
2556,2555,4243,4334
2457,2556,4243,4252
2557,2558,4244,4332
2558,2556,4244,4333
2556,2557,4244,4245
2559,2557,4245,4331
2556,2559,4245,4246
2424,2559,4246,4702
2556,2424,4246,4247
2556,2422,4247,4248
2556,2421,4248,4249
2556,2420,4249,4250
2556,2377,4250,4251
2556,2376,4251,4252
2348,2375,4253,4254
2560,2375,4254,4581
2348,2560,4254,4255
2507,2560,4255,4585
2348,2507,4255,4259
2507,2353,4256,4259
2353,2350,4257,4258
2353,2348,4258,4259
2232,2561,4260,13293,6
2561,2562,4260,13268,6
2562,2232,4260,4261
2562,2231,4261,4262
2562,2274,4262,4263
2563,2274,4263,13393
2562,2563,4263,4264
2564,2563,4264,13392
2562,2564,4264,4265
2565,2564,4265,4305
2562,2565,4265,4266
2566,2565,4266,4304
2562,2566,4266,13268,6
2333,2567,4267,4373
2567,2332,4267,4274
2332,2393,4268,4269
2332,2394,4269,4270
2332,2395,4270,4271
2568,2395,4271,13333
2332,2568,4271,4274
2409,2569,4272,13267,41
2569,2568,4272,13332
2568,2409,4272,4273
2567,2409,4273,13330
2568,2567,4273,4274
1949,1947,4275,13176,6
2360,2515,4276,4277
2570,2515,4277,4384
2360,2570,4277,4278
2571,2570,4278,4390
2360,2571,4278,4281
2572,2573,4279,4676
2573,2571,4279,4390
2571,2572,4279,4280
2362,2572,4280,4429
2571,2362,4280,4281
2225,2306,4282,4283
2225,2450,4283,4284
2574,2450,4284,4416
2225,2574,4284,4285
2575,2574,4285,4494
2225,2575,4285,4288
2512,2576,4286,4487
2576,2575,4286,4494
2575,2512,4286,4287
2575,2511,4287,4288
2416,2385,4289,4290
2416,2384,4290,4291
2417,2384,4291,4643
2577,2240,4292,4425
2242,2577,4292,4300
2578,2579,4293,4423
2579,2577,4293,4424
2577,2578,4293,4294
2580,2578,4294,4674
2577,2580,4294,4295
2581,2580,4295,4503
2577,2581,4295,4296
2582,2581,4296,4503
2577,2582,4296,4297
2583,2582,4297,4502
2577,2583,4297,4300
2465,2583,4298,4502
2583,2464,4298,4299
2583,2242,4299,4300
2584,2585,4301,13306
2585,2586,4301,13307
2586,2584,4301,4323
2587,2588,4302,13304
2588,2584,4302,13305
2584,2587,4302,4303
2589,2587,4303,13167,6
2584,2589,4303,4320
2566,2589,4304,13167,6
2589,2565,4304,4305
2589,2564,4305,4306
2590,2564,4306,13392
2589,2590,4306,4307
2591,2590,4307,13391
2589,2591,4307,4308
2592,2591,4308,13390
2589,2592,4308,4309
2593,2592,4309,13389
2589,2593,4309,4320
2594,2595,4310,13387
2595,2593,4310,13388
2593,2594,4310,4321
2432,1907,4311,13168,6
1907,2594,4311,13386
2594,2432,4311,4312
2596,2432,4312,13326
2594,2596,4312,4313
2438,2596,4313,13326
2594,2438,4313,4314
2597,2438,4314,13171,6
2594,2597,4314,4315
2598,2597,4315,13228
2594,2598,4315,4316
2599,2598,4316,13227
2594,2599,4316,4317
2600,2599,4317,13170,6
2594,2600,4317,4318
2601,2600,4318,13310
2594,2601,4318,4321
2586,2602,4319,13169,6
2602,2601,4319,13309
2601,2586,4319,4322
2584,2593,4320,4323
2593,2601,4321,4322
2593,2586,4322,4323
2456,2454,4324,4325
2603,2454,4325,4347
2456,2603,4325,4326
2604,2603,4326,4346
2456,2604,4326,4336
2605,2606,4327,-668
2606,2604,4327,4345
2604,2605,4327,4328
2607,2605,4328,-668
2604,2607,4328,4329
2608,2607,4329,4958
2604,2608,4329,4330
2559,2608,4330,4702
2604,2559,4330,4331
2604,2557,4331,4332
2604,2558,4332,4333
2604,2556,4333,4334
2604,2555,4334,4335
2604,2554,4335,4336
2454,2413,4337,4338
2454,2412,4338,4339
2609,2412,4339,4473
2454,2609,4339,4340
2610,2609,4340,4472
2454,2610,4340,4341
2611,2610,4341,4472
2454,2611,4341,4342
2612,2611,4342,4471
2454,2612,4342,4347
2613,2614,4343,4903
2614,2612,4343,4470
2612,2613,4343,4344
2606,2613,4344,4972
2612,2606,4344,4345
2612,2604,4345,4346
2612,2603,4346,4347
2615,2418,4348,4638
2419,2615,4348,4349
2616,2615,4349,4639
2419,2616,4349,4350
2617,2616,4350,4640
2419,2617,4350,4359
156,2617,4351,4640
2617,155,4351,4352
2618,155,4352,-660
2617,2618,4352,4353
158,2618,4353,-660
2617,158,4353,4354
2617,157,4354,4355
2617,161,4355,4360
2619,160,4356,4445
161,2619,4356,4360
2319,2620,4357,4443
2620,2621,4357,4444
2621,2319,4357,4362
2319,2419,4358,4359
2319,2617,4359,4363
2617,2619,4360,4361
2622,2619,4361,4445
2617,2622,4361,4363
2621,2622,4362,4444
2622,2319,4362,4363
2510,2623,4364,13354
2623,2509,4364,4365
2624,2509,4365,4559
2623,2624,4365,4366
2625,2624,4366,4563
2623,2625,4366,4367
2626,2625,4367,4562
2623,2626,4367,4369
2627,2628,4368,-661
2628,2626,4368,4561
2626,2627,4368,4369
2623,2627,4369,13353
2629,2630,4370,13151,41
2630,2406,4370,13160,41
2406,2629,4370,4371
2631,2629,4371,13150,41
2406,2631,4371,4374
2331,2631,4372,-1
2631,2333,4372,4373
2631,2567,4373,4374
2406,2567,4374,13329
2024,2022,4375,4382
2021,2019,4376,4377
2021,2175,4377,4378
2021,2174,4378,4379
2632,2174,4379,4597
2021,2632,4379,4380
2025,2632,4380,4597
2021,2025,4380,4383
2025,2024,4381,4382
2025,2022,4382,4383
2570,2514,4384,4385
2570,2513,4385,4386
2633,2513,4386,4493
2570,2633,4386,4387
2634,2633,4387,4715
2570,2634,4387,4388
2635,2634,4388,4714
2570,2635,4388,4389
2573,2635,4389,4676
2570,2573,4389,4390
2449,2469,4391,4392
2636,2469,4392,4406
2449,2636,4392,4393
2637,2636,4393,4514
2449,2637,4393,4394
2638,2637,4394,4603
2449,2638,4394,4395
2639,2638,4395,4586
2449,2639,4395,4396
2448,2639,4396,4412
2469,2466,4397,4398
2469,2467,4398,4399
2640,2467,4399,4515
2469,2640,4399,4411
2641,2642,4400,4523
2642,2640,4400,4515
2640,2641,4400,4401
2643,2641,4401,4527
2640,2643,4401,4407
2644,2645,4402,4719
2645,2643,4402,4720
2643,2644,4402,4407
2646,2647,4403,4723
2647,2648,4403,4717
2648,2646,4403,4404
2649,2646,4404,4722
2648,2649,4404,4410
2636,2650,4405,4522
2650,2649,4405,4721
2649,2636,4405,4406
2649,2469,4406,4410
2640,2644,4407,4408
2651,2644,4408,4718
2640,2651,4408,4409
2648,2651,4409,4717
2640,2648,4409,4411
2648,2469,4410,4411
2450,2639,4412,4413
2652,2639,4413,4586
2450,2652,4413,4416
2653,2654,4414,4608
2654,2652,4414,4588
2652,2653,4414,4415
2574,2653,4415,4495
2652,2574,4415,4416
2240,2544,4417,4418
2240,2545,4418,4425
2545,2543,4419,4420
2545,2541,4420,4421
2655,2541,4421,4669
2545,2655,4421,4422
2578,2655,4422,4675
2545,2578,4422,4423
2545,2579,4423,4424
2545,2577,4424,4425
2656,2009,4426,4724
2010,2656,4426,4428
2452,2656,4427,-18122
2656,2451,4427,4428
2361,2572,4429,4430
2657,2572,4430,4684
2361,2657,4430,4436
2658,2659,4431,4566
2659,2657,4431,4684
2657,2658,4431,4432
2660,2658,4432,4565
2657,2660,4432,4436
2462,2660,4433,4564
2660,2460,4433,4434
2660,2459,4434,4435
2660,2361,4435,4436
2367,2270,4437,4438
2367,2271,4438,4439
2367,2281,4439,4440
2367,2499,4440,4441
2367,2496,4441,4442
2661,2496,4442,4616
2367,2661,4442,4480
2320,2620,4443,4454
2620,2622,4444,4455
2622,160,4445,4456
2662,2663,4446,4534
2663,160,4446,4535
160,2662,4446,4457
2664,2665,4447,4556
2665,2666,4447,4533
2666,2664,4447,4448
2667,2664,4448,4558
2666,2667,4448,4449
2668,2667,4449,4550
2666,2668,4449,4450
2669,2668,4450,4532
2666,2669,4450,4451
2670,2669,4451,4532
2666,2670,4451,4452
2671,2670,4452,4531
2666,2671,4452,4458
2547,2672,4453,4530
2672,2320,4453,4454
2672,2620,4454,4455
2672,2622,4455,4456
2672,160,4456,4457
2672,2662,4457,4459
2666,2662,4458,4533
2662,2671,4458,4459
2672,2671,4459,4531
2412,2461,4460,4461
2673,2461,4461,4573
2412,2673,4461,4462
2674,2673,4462,4575
2412,2674,4462,4463
2675,2674,4463,4572
2412,2675,4463,4464
2676,2675,4464,4571
2412,2676,4464,4465
2677,2676,4465,4570
2412,2677,4465,4466
2678,2677,4466,-17994
2412,2678,4466,4467
2679,2678,4467,-17226
2412,2679,4467,4468
2680,2679,4468,4841
2412,2680,4468,4469
2614,2680,4469,4900
2412,2614,4469,4470
2412,2612,4470,4471
2412,2611,4471,4473
2611,2609,4472,4473
2503,2506,4474,4475
2503,2501,4475,4476
2503,2500,4476,4479
2500,2280,4477,4478
2500,2502,4478,4479
2368,2661,4480,4481
2681,2661,4481,4616
2368,2681,4481,4482
2682,2681,4482,4623
2368,2682,4482,4483
2683,2682,4483,4622
2368,2683,4483,4484
2372,2683,4484,4622
2368,2372,4484,4486
2372,2369,4485,4486
2513,2576,4487,4488
2684,2576,4488,4501
2513,2684,4488,4489
2685,2684,4489,4500
2513,2685,4489,4493
2686,2687,4490,4752
2687,2685,4490,4499
2685,2686,4490,4491
2688,2686,4491,4759
2685,2688,4491,4492
2633,2688,4492,4709
2685,2633,4492,4493
2576,2574,4494,4495
2576,2653,4495,4496
2689,2653,4496,4608
2576,2689,4496,4497
2690,2689,4497,4614
2576,2690,4497,4501
2687,2691,4498,4752
2691,2690,4498,4613
2690,2687,4498,4499
2690,2685,4499,4500
2690,2684,4500,4501
2465,2582,4502,4517
2582,2580,4503,4504
2692,2580,4504,4674
2582,2692,4504,4518
2693,2694,4505,5001
2694,2692,4505,4673
2692,2693,4505,4506
2695,2693,4506,5193
2692,2695,4506,4519
2696,2697,4507,5416
2697,2695,4507,5197
2695,2696,4507,4508
2698,2696,4508,5073
2695,2698,4508,4520
2699,2700,4509,4871
2700,2698,4509,5073
2698,2699,4509,4524
2701,2702,4510,5192
2702,2703,4510,4885
2703,2701,4510,4511
2704,2701,4511,5029
2703,2704,4511,4512
2705,2704,4512,4604
2703,2705,4512,4513
2637,2705,4513,4603
2703,2637,4513,4514
2703,2636,4514,4521
2642,2467,4515,4516
2642,2465,4516,4517
2642,2582,4517,4518
2642,2692,4518,4519
2642,2695,4519,4520
2642,2698,4520,4523
2703,2706,4521,4886
2706,2636,4521,4522
2706,2650,4522,4525
2641,2698,4523,4524
2641,2699,4524,4527
2706,2699,4525,4871
2699,2650,4525,4526
2643,2650,4526,4721
2699,2643,4526,4527
2553,2549,4528,4529
2553,2550,4529,4547
2548,2672,4530,4548
2672,2670,4531,4548
2670,2668,4532,4549
2665,2662,4533,4534
2665,2663,4534,4551
2663,162,4535,4536
2663,165,4536,4537
2663,164,4537,4551
2707,163,4538,5460
164,2707,4538,4539
2708,2707,4539,5459
164,2708,4539,4540
2709,2708,4540,4845
164,2709,4540,4552
2710,2711,4541,4844
2711,2709,4541,4845
2709,2710,4541,4553
2712,2713,4542,4859
2713,2710,4542,4844
2710,2712,4542,4543
2714,2712,4543,4843
2710,2714,4543,4554
2521,2714,4544,4842
2714,2522,4544,4545
2715,2522,4545,4578
2714,2715,4545,4546
2553,2715,4546,4577
2714,2553,4546,4547
2714,2550,4547,4557
2548,2670,4548,4549
2548,2668,4549,4550
2548,2667,4550,4555
2665,164,4551,4552
2665,2709,4552,4553
2665,2710,4553,4554
2665,2714,4554,4556
2550,2667,4555,4557
2664,2714,4556,4558
2714,2667,4557,4558
2624,2508,4559,4560
2716,2508,4560,4694
2624,2716,4560,4563
2628,2716,4561,-661
2716,2626,4561,4562
2716,2625,4562,4563
2461,2660,4564,4565
2461,2658,4565,4566
2461,2659,4566,4567
2717,2659,4567,4683
2461,2717,4567,4568
2718,2717,4568,4682
2461,2718,4568,4569
2719,2718,4569,4681
2461,2719,4569,4573
2677,2720,4570,4915
2720,2676,4570,4571
2720,2675,4571,4572
2720,2674,4572,4574
2673,2719,4573,4575
2720,2719,4574,4914
2719,2674,4574,4575
2517,2553,4576,4577
2517,2715,4577,4578
2517,2522,4578,4580
2522,2519,4579,4580
2560,2374,4581,4582
2560,2373,4582,4583
2491,2373,4583,4766
2560,2491,4583,4584
2560,2490,4584,4585
2652,2638,4586,4587
2721,2638,4587,4607
2652,2721,4587,4588
2654,2721,4588,4609
2722,2723,4589,4821
2723,2724,4589,13133
2724,2722,4589,4590
2656,2722,4590,4729
2724,2656,4590,4595
2439,2725,4591,-18122
2725,2656,4591,-18124
2656,2439,4591,4592
2656,2440,4592,4593
2726,2440,4593,4637
2656,2726,4593,4596
2727,2724,4594,4595,6
2724,2726,4594,4636
2726,2727,4594,4596
2727,2656,4595,4596
2025,2174,4597,4598
2025,2173,4598,4599
2728,2173,4599,4701
2025,2728,4599,4600
2729,2728,4600,4701
2025,2729,4600,4601
2004,2729,4601,4899
2025,2004,4601,4602
2638,2705,4603,4604
2638,2704,4604,4605
2730,2704,4605,5028
2638,2730,4605,4606
2731,2730,4606,4611
2638,2731,4606,4607
2721,2731,4607,4610
2689,2654,4608,4609
2689,2721,4609,4610
2689,2731,4610,4611
2689,2730,4611,4612
2732,2730,4612,5028
2689,2732,4612,4614
2691,2733,4613,4753
2733,2690,4613,4615
2690,2732,4614,4615
2733,2732,4615,4754
2681,2496,4616,4617
2681,2497,4617,4618
2734,2497,4618,4771
2681,2734,4618,4619
2735,2734,4619,4770
2681,2735,4619,4620
2736,2735,4620,4769
2681,2736,4620,4623
2371,2736,4621,4768
2736,2372,4621,4624
2372,2682,4622,4624
2682,2736,4623,4624
2737,2738,4625,13324
2738,2739,4625,13291
2739,2737,4625,4626
2740,2737,4626,13131
2739,2740,4626,4627
2741,2740,4627,13132
2739,2741,4627,4628
2742,2741,4628,4823
2739,2742,4628,4629
2743,2742,4629,-1733
2739,2743,4629,4630
2744,2743,4630,-1733
2739,2744,4630,4631
2745,2744,4631,4825
2739,2745,4631,4632
2746,2745,4632,4825
2739,2746,4632,4633
2747,2746,4633,4826
2739,2747,4633,4634
2748,2747,4634,13290
2739,2748,4634,13303
2724,2749,4635,13134,6
2749,2441,4635,13135,6
2441,2724,4635,4636
2441,2726,4636,4637
2417,2615,4638,4639
2417,2616,4639,4644
2616,156,4640,4645
2750,1,4641,13129,207
156,2750,4641,4645
2387,2751,4642,13128,207
2751,2384,4642,4643
2751,2417,4643,4644
2751,2616,4644,4646
2616,2750,4645,4646
2751,2750,4646,13128,207
2752,2753,4647,-1
2753,2754,4647,13149
2754,2752,4647,4648
2755,2752,4648,-661
2754,2755,4648,4649
2756,2755,4649,-661
2754,2756,4649,4650
2757,2756,4650,13144
2754,2757,4650,4657
2758,2759,4651,13145
2759,2757,4651,13144
2757,2758,4651,4652
2760,2758,4652,13146
2757,2760,4652,4653
2761,2760,4653,13146
2757,2761,4653,4654
2762,2761,4654,13147
2757,2762,4654,4655
2763,2762,4655,13147
2757,2763,4655,4656
2764,2763,4656,13148
2757,2764,4656,4657
2754,2764,4657,13148
2401,2765,4658,-918
2765,2404,4658,4659
2766,2404,4659,13163
2765,2766,4659,4660
2767,2766,4660,4904
2765,2767,4660,4661
2475,2767,4661,5003
2765,2475,4661,4662
2765,2476,4662,4667
2476,2474,4663,4668
2474,2471,4664,4665
2474,2470,4665,4668
2765,2400,4666,-918
2470,2765,4666,4667
2470,2476,4667,4668
2655,2542,4669,4670
2768,2542,4670,4751
2655,2768,4670,4671
2769,2768,4671,4995
2655,2769,4671,4672
2694,2769,4672,5001
2655,2694,4672,4673
2655,2692,4673,4675
2692,2578,4674,4675
2572,2635,4676,4677
2770,2635,4677,4713
2572,2770,4677,4678
2771,2770,4678,4712
2572,2771,4678,4679
2772,2771,4679,4992
2572,2772,4679,4685
2719,2773,4680,4914
2773,2772,4680,4993
2772,2719,4680,4681
2772,2718,4681,4682
2772,2717,4682,4683
2772,2659,4683,4685
2659,2572,4684,4685
2508,2487,4686,4687
2508,2486,4687,4688
2508,2485,4688,4689
2774,2485,4689,5105
2508,2774,4689,4690
2775,2774,4690,5105
2508,2775,4690,4691
10,2775,4691,5108
2508,10,4691,4692
2508,11,4692,4693
2776,11,4693,13340
2508,2776,4693,4694
2716,2776,4694,13341
2173,2171,4695,4696
2777,2171,4696,4733
2173,2777,4696,4697
2778,2777,4697,5037
2173,2778,4697,4698
2779,2778,4698,5046
2173,2779,4698,4699
2780,2779,4699,5045
2173,2780,4699,4700
2729,2780,4700,4891
2173,2729,4700,4701
2424,2608,4702,4703
2781,2608,4703,4958
2424,2781,4703,4704
2782,2781,4704,4959
2424,2782,4704,4708
2783,2784,4705,4742
2784,2782,4705,12977
2782,2783,4705,4708
2426,2783,4706,4743
2783,2423,4706,4707
2783,2424,4707,4708
2785,2688,4709,4759
2633,2785,4709,4710
2786,2785,4710,4758
2633,2786,4710,4715
2787,2788,4711,-9802
2788,2786,4711,-9802
2786,2787,4711,4716
2771,2787,4712,-9802
2787,2770,4712,4713
2787,2635,4713,4714
2787,2634,4714,4716
2634,2786,4715,4716
2647,2651,4717,4718
2647,2644,4718,4719
2647,2645,4719,4720
2647,2643,4720,4723
2643,2649,4721,4722
2643,2646,4722,4723
2656,2008,4724,4725
2789,2008,4725,4798
2656,2789,4725,4729
2790,2791,4726,4782
2791,2789,4726,4799
2789,2790,4726,4727
2792,2790,4727,4819
2789,2792,4727,4728
2722,2792,4728,4820
2789,2722,4728,4729
2430,2793,4730,-669
2793,2428,4730,-669
2428,2430,4730,4746
2429,2170,4731,4732
2429,2171,4732,4733
2429,2777,4733,4734
2794,2777,4734,5037
2429,2794,4734,4735
2795,2794,4735,5038
2429,2795,4735,4736
2796,2795,4736,5101
2429,2796,4736,4737
2797,2796,4737,5086
2429,2797,4737,4738
2798,2797,4738,5085
2429,2798,4738,4739
2799,2798,4739,5095
2429,2799,4739,4740
2800,2799,4740,4741,239
2429,2800,4740,4747
2784,2799,4741,12977
2800,2784,4741,4742
2800,2783,4742,4743
2800,2426,4743,4744
2800,2425,4744,4745
2800,2428,4745,4746
2800,2430,4746,4747
2542,2539,4748,4749
2801,2539,4749,4780
2542,2801,4749,4750
2802,2801,4750,4779
2542,2802,4750,4751
2768,2802,4751,4995
2686,2691,4752,4753
2686,2733,4753,4754
2686,2732,4754,4755
2803,2732,4755,5036
2686,2803,4755,4756
2804,2803,4756,5035
2686,2804,4756,4760
2805,2806,4757,5061
2806,2804,4757,5035
2804,2805,4757,4761
2786,2805,4758,5061
2805,2785,4758,4761
2785,2686,4759,4760
2785,2804,4760,4761
2497,2494,4762,4763
2497,2495,4763,4764
2497,2493,4764,4771
2493,2491,4765,4766
2493,2373,4766,4767
2493,2371,4767,4768
2493,2736,4768,4769
2493,2735,4769,4770
2493,2734,4770,4771
2540,2536,4772,4773
2540,2535,4773,4781
2807,2534,4774,5270
2535,2807,4774,4775
2808,2807,4775,5143
2535,2808,4775,4776
2809,2808,4776,5142
2535,2809,4776,4777
2810,2809,4777,4997
2535,2810,4777,4778
2802,2810,4778,4996
2535,2802,4778,4779
2535,2801,4779,4781
2801,2540,4780,4781
2811,2790,4782,4818
2791,2811,4782,4783
2812,2811,4783,4817
2791,2812,4783,4784
2813,2812,4784,5563
2791,2813,4784,4785
2814,2813,4785,12959
2791,2814,4785,4786
2815,2814,4786,12958
2791,2815,4786,4787
2816,2815,4787,12957
2791,2816,4787,4788
2817,2816,4788,12956
2791,2817,4788,4789
2818,2817,4789,12955
2791,2818,4789,4790
2819,2818,4790,4791,6
2791,2819,4790,4799
2820,2818,4791,5214
2819,2820,4791,4792
2821,2820,4792,5218
2819,2821,4792,4793
2822,2821,4793,5217
2819,2822,4793,4794
2823,2822,4794,4895
2819,2823,4794,4795
2824,2823,4795,4896
2819,2824,4795,4796
2007,2824,4796,4897
2819,2007,4796,4797
2819,2008,4797,4798
2819,2789,4798,4799
2825,2826,4800,-1
2826,2827,4800,13141
2827,2825,4800,4801
2828,2825,4801,5152
2827,2828,4801,4802
2829,2828,4802,5167
2827,2829,4802,4808
2830,2831,4803,5166
2831,2829,4803,5167
2829,2830,4803,4804
2832,2830,4804,5302
2829,2832,4804,4805
2833,2832,4805,13139
2829,2833,4805,4806
2834,2833,4806,13140
2829,2834,4806,4807
2835,2834,4807,13156
2829,2835,4807,4808
2827,2835,4808,13141
2836,2837,4809,12770
2837,2838,4809,12771
2838,2836,4809,4810
2839,2836,4810,12769
2838,2839,4810,4811
2840,2839,4811,12768
2838,2840,4811,4812
2841,2840,4812,12767
2838,2841,4812,4813
2842,2841,4813,6062
2838,2842,4813,4814
2843,2842,4814,5573
2838,2843,4814,4815
2844,2843,4815,5573
2838,2844,4815,4816
2812,2844,4816,5563
2838,2812,4816,4817
2838,2811,4817,4818
2838,2790,4818,4819
2838,2792,4819,4820
2838,2722,4820,4821
2838,2723,4821,4822
2741,2723,4822,13133
2838,2741,4822,4823
2838,2742,4823,4824
2845,2742,4824,-2757
2838,2845,4824,4831
2744,2746,4825,4833
2846,2747,4826,13289
2746,2846,4826,4827
2847,2846,4827,13126,6
2746,2847,4827,4828
2848,2847,4828,13125,6
2746,2848,4828,4829
2849,2848,4829,13124,6
2746,2849,4829,4833
2838,2850,4830,12771
2850,2849,4830,13124,6
2849,2838,4830,4831
2849,2845,4831,4832
2744,2845,4832,-2757
2849,2744,4832,4833
2851,2852,4834,-9036
2852,2680,4834,-9036
2680,2851,4834,4835
2853,2851,4835,5135
2680,2853,4835,4836
2854,2853,4836,5135
2680,2854,4836,4837
2855,2854,4837,12946
2680,2855,4837,4838
2856,2855,4838,12945
2680,2856,4838,4839
2857,2856,4839,13123,239
2680,2857,4839,4840
2858,2857,4840,4911
2680,2858,4840,4841
2679,2858,4841,-669
2523,2714,4842,4843
2523,2712,4843,4858
2713,2711,4844,4860
2711,2708,4845,4861
2859,2860,4846,5205
2860,2708,4846,5458
2708,2859,4846,4847
2861,2859,4847,5204
2708,2861,4847,4848
2862,2861,4848,5204
2708,2862,4848,4861
2863,2864,4849,5202
2864,2865,4849,5203
2865,2863,4849,4863
2866,2867,4850,5200
2867,2868,4850,5201
2868,2866,4850,4865
2869,2870,4851,5208
2870,2866,4851,5200
2866,2869,4851,4852
2871,2869,4852,5199
2866,2871,4852,4866
2872,2873,4853,5457
2873,2874,4853,5207
2874,2872,4853,4854
2875,2872,4854,5356
2874,2875,4854,4855
2528,2875,4855,5287
2874,2528,4855,4868
2528,2525,4856,4857
2528,2524,4857,4868
2524,2712,4858,4859
2524,2713,4859,4860
2524,2711,4860,4869
2711,2862,4861,4862
2865,2862,4862,5203
2711,2865,4862,4863
2711,2863,4863,4864
2868,2863,4864,5201
2711,2868,4864,4865
2711,2866,4865,4866
2711,2871,4866,4867
2876,2871,4867,5198
2711,2876,4867,4869
2874,2524,4868,4870
2524,2876,4869,4870
2874,2876,4870,5198
2706,2700,4871,4872
2877,2700,4872,5080
2706,2877,4872,4873
2878,2877,4873,5079
2706,2878,4873,4874
2879,2878,4874,5109
2706,2879,4874,4875
2880,2879,4875,5119
2706,2880,4875,4890
2881,2882,4876,5117
2882,2880,4876,5118
2880,2881,4876,4877
2883,2881,4877,5592
2880,2883,4877,4878
2884,2883,4878,5607
2880,2884,4878,4887
2885,2886,4879,5262
2886,2884,4879,5502
2884,2885,4879,4880
2887,2885,4880,5233
2884,2887,4880,4881
2888,2887,4881,5232
2884,2888,4881,4882
2889,2888,4882,5231
2884,2889,4882,4887
2890,2891,4883,5230
2891,2889,4883,5231
2889,2890,4883,4884
2892,2890,4884,5229
2889,2892,4884,4888
2702,2893,4885,5185
2893,2703,4885,4886
2893,2706,4886,4889
2880,2889,4887,4888
2880,2892,4888,4890
2893,2892,4889,5185
2892,2706,4889,4890
2894,2780,4891,5044
2729,2894,4891,4892
2895,2894,4892,5251
2729,2895,4892,4893
2896,2895,4893,5242
2729,2896,4893,4894
2822,2896,4894,5216
2729,2822,4894,4895
2729,2823,4895,4896
2729,2824,4896,4897
2729,2007,4897,4898
2729,2006,4898,4899
2897,2680,4900,-17226
2614,2897,4900,4901
2851,2897,4901,-17226
2614,2851,4901,4902
2898,2851,4902,5134
2614,2898,4902,4903
2613,2898,4903,4971
2899,2767,4904,5004
2766,2899,4904,4905
2900,2899,4905,5005
2766,2900,4905,4906
2901,2900,4906,5005
2766,2901,4906,4907
2902,2901,4907,13165
2766,2902,4907,4908
2903,2902,4908,13122,41
2766,2903,4908,4909
2904,2903,4909,13122,41
2766,2904,4909,4910
2905,2904,4910,13164
2766,2905,4910,13163
2858,2677,4911,-669
2677,2857,4911,4912
2906,2857,4912,13116,239
2677,2906,4912,4913
2907,2906,4913,13116,239
2677,2907,4913,4915
2773,2720,4914,4916
2720,2907,4915,4916
2773,2907,4916,4979
2908,2909,4917,14084
2909,2910,4917,14085
2910,2908,4917,4918
2911,2908,4918,4920,6
2910,2911,4918,4941
2911,2912,4919,4942,6
2912,2913,4919,4955,6
2913,2911,4919,4943
2914,2908,4920,14150
2911,2914,4920,4921
2915,2914,4921,14149
2911,2915,4921,4943
2916,2917,4922,14147
2917,2915,4922,14148
2915,2916,4922,4944
2918,2919,4923,14145
2919,2916,4923,14146
2916,2918,4923,4945
2920,2921,4924,14142
2921,2922,4924,14143
2922,2920,4924,4925
2923,2920,4925,14141
2922,2923,4925,4947
2924,2925,4926,13067,6
2925,2923,4926,14140
2923,2924,4926,4947
2926,2927,4927,13019,6
2927,2924,4927,13066,6
2924,2926,4927,4928
2928,2926,4928,13018,6
2924,2928,4928,4929
2929,2928,4929,13017,6
2924,2929,4929,4930
2930,2929,4930,12871
2924,2930,4930,4931
2931,2930,4931,12870
2924,2931,4931,4948
2932,2933,4932,12873
2933,2931,4932,12870
2931,2932,4932,4933
2934,2932,4933,13009,6
2931,2934,4933,4949
2935,2936,4934,13006,6
2936,2934,4934,13007,6
2934,2935,4934,4950
2937,2938,4935,12736
2938,2935,4935,13005,6
2935,2937,4935,4936
2939,2937,4936,12735
2935,2939,4936,4951
2940,2941,4937,13002,6
2941,2939,4937,12734
2939,2940,4937,4938
2942,2940,4938,14247
2939,2942,4938,4952
2943,2944,4939,13000,6
2944,2945,4939,14250
2945,2943,4939,4957
2910,2946,4940,14086
2946,2947,4940,12999,6
2947,2910,4940,4941
2947,2911,4941,4942
2947,2912,4942,4954
2913,2915,4943,4944
2913,2916,4944,4945
2913,2918,4945,4946
2922,2918,4946,14144
2913,2922,4946,4956
2922,2924,4947,4948
2922,2931,4948,4949
2922,2934,4949,4950
2922,2935,4950,4951
2922,2939,4951,4952
2922,2942,4952,4953
2945,2942,4953,14247
2922,2945,4953,4956
2947,2943,4954,12999,6
2943,2912,4954,4955
2943,2913,4955,4957
2913,2945,4956,4957
2607,2781,4958,4975
2948,2782,4959,12976
2781,2948,4959,4960
2949,2948,4960,12975
2781,2949,4960,4961
2950,2949,4961,12998,239
2781,2950,4961,4976
2951,2952,4962,12978
2952,2950,4962,12998,239
2950,2951,4962,4963
2953,2951,4963,5321
2950,2953,4963,4964
2954,2953,4964,5352
2950,2954,4964,4965
2955,2954,4965,5353
2950,2955,4965,4976
2956,2957,4966,5325
2957,2955,4966,5345
2955,2956,4966,4967
2958,2956,4967,5175
2955,2958,4967,4968
2959,2958,4968,5176
2955,2959,4968,4977
2960,2961,4969,5128
2961,2962,4969,5133
2962,2960,4969,4970
2898,2960,4970,5134
2962,2898,4970,4971
2962,2613,4971,4972
2962,2606,4972,4973
2963,2606,4973,-669
2962,2963,4973,4974
2607,2963,4974,-669
2962,2607,4974,4975
2962,2781,4975,4978
2781,2955,4976,4977
2781,2959,4977,4978
2962,2959,4978,5173
2964,2907,4979,4981,239
2773,2964,4979,4980
2965,2964,4980,4981,239
2773,2965,4980,4994
2965,2907,4981,4982
2966,2907,4982,13121
2965,2966,4982,4983
2967,2966,4983,13121
2965,2967,4983,4984
2968,2967,4984,5219
2965,2968,4984,4985
2969,2968,4985,5227
2965,2969,4985,4986
2970,2969,4986,-662
2965,2970,4986,4987
2971,2970,4987,-918
2965,2971,4987,4994
2786,2972,4988,5070
2972,2971,4988,5069
2971,2786,4988,4989
2973,2786,4989,-9035
2971,2973,4989,4990
2974,2973,4990,-9035
2971,2974,4990,4991
2771,2974,4991,-9035
2971,2771,4991,4992
2971,2772,4992,4993
2971,2773,4993,4994
2769,2802,4995,4996
2769,2810,4996,4997
2769,2809,4997,4998
2975,2809,4998,5142
2769,2975,4998,4999
2976,2975,4999,5148
2769,2976,4999,5000
2693,2976,5000,5193
2769,2693,5000,5001
2479,2477,5002,5018
2477,2767,5003,5004
2477,2899,5004,5019
2899,2901,5005,5006
2977,2901,5006,13165
2899,2977,5006,5007
2978,2977,5007,5295
2899,2978,5007,5008
2979,2978,5008,5492
2899,2979,5008,5020
2980,2981,5009,5297
2981,2982,5009,5493
2982,2980,5009,5010
2983,2980,5010,5163
2982,2983,5010,5022
2984,2985,5011,6045
2985,2983,5011,6046
2983,2984,5011,5012
2986,2984,5012,5431
2983,2986,5012,5013
2987,2986,5013,5430
2983,2987,5013,5022
2988,2989,5014,5428
2989,2990,5014,5429
2990,2988,5014,5024
2483,2988,5015,5428
2988,2484,5015,5016
2988,2504,5016,5017
2988,2482,5017,5024
2481,2477,5018,5019
2481,2899,5019,5020
2481,2979,5020,5021
2982,2979,5021,5493
2481,2982,5021,5027
2982,2987,5022,5023
2990,2987,5023,5429
2982,2990,5023,5027
2990,2482,5024,5025
2990,2480,5025,5026
2990,2481,5026,5027
2732,2704,5028,5029
2732,2701,5029,5030
2991,2701,5030,5191
2732,2991,5030,5031
2992,2991,5031,5190
2732,2992,5031,5032
2993,2992,5032,5235
2732,2993,5032,5033
2994,2993,5033,5063
2732,2994,5033,5034
2806,2994,5034,5062
2732,2806,5034,5036
2806,2803,5035,5036
2778,2794,5037,5038
2778,2795,5038,5039
2995,2795,5039,5104
2778,2995,5039,5040
2996,2995,5040,5121
2778,2996,5040,5041
2997,2996,5041,5127
2778,2997,5041,5042
2998,2997,5042,5126
2778,2998,5042,5046
2894,2999,5043,5251
2999,2998,5043,5126
2998,2894,5043,5044
2998,2780,5044,5045
2998,2779,5045,5046
3000,3001,5047,12980,6
3001,3002,5047,12981,6
3002,3000,5047,5058
3003,3004,5048,13287
3004,3000,5048,12980,6
3000,3003,5048,5049
3005,3003,5049,13286
3000,3005,5049,5059
3006,3007,5050,13285
3007,3005,5050,13286
3005,3006,5050,5059
3008,3009,5051,13300
3009,3006,5051,13285
3006,3008,5051,5052
3010,3008,5052,13284
3006,3010,5052,5053
3011,3010,5053,13283
3006,3011,5053,5054
3012,3011,5054,13282
3006,3012,5054,5055
3013,3012,5055,13281
3006,3013,5055,5060
3014,3015,5056,5378
3015,3013,5056,5178
3013,3014,5056,5057
3002,3014,5057,12981,6
3013,3002,5057,5058
3013,3000,5058,5060
3000,3006,5059,5060
2786,2806,5061,5062
2786,2994,5062,5071
3016,2993,5063,5235
2994,3016,5063,5064
3017,3016,5064,5234
2994,3017,5064,5065
3018,3017,5065,5261
2994,3018,5065,5072
3019,3020,5066,5501
3020,3018,5066,5264
3018,3019,5066,5067
3021,3019,5067,5585
3018,3021,5067,5068
3022,3021,5068,5225
3018,3022,5068,5072
2971,3022,5069,-9802
3022,2972,5069,5070
3022,2786,5070,5071
3022,2994,5071,5072
2700,2696,5073,5074
3023,2696,5074,5425
2700,3023,5074,5075
3024,3023,5075,5424
2700,3024,5075,5076
3025,3024,5076,5478
2700,3025,5076,5077
3026,3025,5077,5332
2700,3026,5077,5078
3027,3026,5078,5265
2700,3027,5078,5080
2878,3027,5079,5109
3027,2877,5079,5080
3028,3029,5081,5099
3029,3030,5081,12940
3030,3028,5081,5082
3031,3028,5082,5098
3030,3031,5082,5083
3032,3031,5083,5097
3030,3032,5083,5084
2798,3032,5084,5096
3030,2798,5084,5085
3030,2797,5085,5086
3030,2796,5086,5092
3033,3034,5087,5341
3034,2796,5087,5101
2796,3033,5087,5088
3035,3033,5088,5554
2796,3035,5088,5089
3036,3035,5089,12943
2796,3036,5089,5090
3037,3036,5090,12979,239
2796,3037,5090,5091
3038,3037,5091,12979,239
2796,3038,5091,5092
3030,3038,5092,12940
2949,2952,5093,12998
2952,3039,5093,12978,239
3039,2949,5093,5094
3040,2949,5094,12974,239
3039,3040,5094,5100
2799,3040,5095,12974,239
3040,2798,5095,5096
3040,3032,5096,5097
3040,3031,5097,5098
3040,3028,5098,5099
3040,3029,5099,5100
3039,3029,5100,12941
2795,3034,5101,5104
3041,3042,5102,5339
3042,3034,5102,5340
3034,3041,5102,5103
2995,3041,5103,5121
3034,2995,5103,5104
2775,2485,5105,5106
2775,7,5106,5107
2775,9,5107,5108
2879,3027,5109,5110
3043,3027,5110,5265
2879,3043,5110,5111
3044,3043,5111,5269
2879,3044,5111,5112
3045,3044,5112,5268
2879,3045,5112,5113
3046,3045,5113,5685
2879,3046,5113,5114
3047,3046,5114,5692
2879,3047,5114,5120
3048,3049,5115,5802
3049,3047,5115,5803
3047,3048,5115,5116
3050,3048,5116,5593
3047,3050,5116,5120
2881,3050,5117,5592
3050,2882,5117,5118
3050,2880,5118,5119
3050,2879,5119,5120
2996,3041,5121,5122
3051,3041,5122,5339
2996,3051,5122,5123
3052,3051,5123,5344
2996,3052,5123,5124
3053,3052,5124,5452
2996,3053,5124,5125
2999,3053,5125,5250
2996,2999,5125,5127
2999,2997,5126,5127
3054,2960,5128,5141
2961,3054,5128,5129
3055,3054,5129,5140
2961,3055,5129,5130
3056,3055,5130,5494
2961,3056,5130,5131
3057,3056,5131,5574
2961,3057,5131,5132
3058,3057,5132,5507
2961,3058,5132,5133
2962,3058,5133,5173
2960,2851,5134,5141
2851,2854,5135,5136
3059,2854,5136,12947
2851,3059,5136,5137
3060,3059,5137,5438
2851,3060,5137,5138
3061,3060,5138,5444
2851,3061,5138,5139
3055,3061,5139,5494
2851,3055,5139,5140
2851,3054,5140,5141
2975,2808,5142,5143
2975,2807,5143,5144
3062,2807,5144,5270
2975,3062,5144,5145
3063,3062,5145,5275
2975,3063,5145,5149
3064,3065,5146,5473
3065,3066,5146,5474
3066,3064,5146,5147
3067,3064,5147,5196
3066,3067,5147,5150
2976,3068,5148,5194
3068,2975,5148,5149
3068,3063,5149,5151
3066,3063,5150,5418
3063,3067,5150,5151
3068,3067,5151,5195
3069,2825,5152,-1
2828,3069,5152,5153
3070,3069,5153,6286
2828,3070,5153,5154
3071,3070,5154,6285
2828,3071,5154,5155
3072,3071,5155,6284
2828,3072,5155,5156
3073,3072,5156,6283
2828,3073,5156,5157
3074,3073,5157,6283
2828,3074,5157,5158
3075,3074,5158,6303
2828,3075,5158,5159
3076,3075,5159,6282
2828,3076,5159,5160
3077,3076,5160,6281
2828,3077,5160,5161
3078,3077,5161,6281
2828,3078,5161,5168
3079,3080,5162,6048
3080,3081,5162,6279
3081,3079,5162,5170
2983,3079,5163,6047
3079,2980,5163,5171
3082,3083,5164,-33426
3083,2980,5164,-33426
2980,3082,5164,5172
2830,3084,5165,5301
3084,3082,5165,5300
3082,2830,5165,5166
3082,2831,5166,5172
2831,2828,5167,5168
2831,3078,5168,5169
3081,3078,5169,6280
2831,3081,5169,5170
2831,3079,5170,5171
2831,2980,5171,5172
2959,3058,5173,5174
3085,3058,5174,5507
2959,3085,5174,5176
2956,3086,5175,5325
3086,2958,5175,5177
2958,3085,5176,5177
3086,3085,5177,5326
3015,3087,5178,5379
3087,3013,5178,5179
3088,3013,5179,13280
3087,3088,5179,5184
3089,3090,5180,13232
3090,3088,5180,13279
3088,3089,5180,5181
3091,3089,5181,13232
3088,3091,5181,5182
3092,3091,5182,12965,6
3088,3092,5182,5183
3093,3092,5183,12971,6
3088,3093,5183,5184
3087,3093,5184,5380
2702,2892,5185,5186
3094,2892,5186,5229
2702,3094,5186,5187
3095,3094,5187,5237
2702,3095,5187,5192
3096,3097,5188,5241
3097,3095,5188,5237
3095,3096,5188,5189
2992,3096,5189,5236
3095,2992,5189,5190
3095,2991,5190,5191
3095,2701,5191,5192
2695,2976,5193,5194
2695,3068,5194,5195
2695,3067,5195,5196
2695,3064,5196,5197
2697,3064,5197,5473
2874,2871,5198,5199
2874,2869,5199,5207
2870,2867,5200,5209
2867,2863,5201,5202
2867,2864,5202,5209
2864,2862,5203,5210
2862,2859,5204,5210
3098,2860,5205,5458
2859,3098,5205,5211
2873,3099,5206,5457
3099,3098,5206,5472
3098,2873,5206,5212
2873,2869,5207,5208
2873,2870,5208,5212
2870,2864,5209,5213
2864,2859,5210,5211
2864,3098,5211,5213
3098,2870,5212,5213
3100,2818,5214,12954,6
2820,3100,5214,5218
2896,3101,5215,5242
3101,3100,5215,12954,6
3100,2896,5215,5216
3100,2822,5216,5217
3100,2821,5217,5218
3102,2968,5219,5226
2967,3102,5219,5220
3103,3102,5220,5451
2967,3103,5220,5224
3104,3105,5221,5255
3105,3103,5221,5581
3103,3104,5221,5222
3106,3104,5222,5256
3103,3106,5222,5223
3107,3106,5223,5256
3103,3107,5223,5224
2967,3107,5224,13120
3108,3021,5225,5585
3022,3108,5225,5228
3102,3108,5226,5445
3108,2968,5226,5227
3108,2969,5227,5228
3022,2969,5228,-9802
3094,2890,5229,5230
3094,2891,5230,5238
2891,2888,5231,5232
2891,2887,5232,5233
2891,2885,5233,5239
3017,2885,5234,5261
2885,3016,5234,5240
3016,2992,5235,5236
3016,3096,5236,5240
3097,3094,5237,5238
3097,2891,5238,5239
3097,2885,5239,5241
2885,3096,5240,5241
2895,3101,5242,5243
3109,3101,5243,12953,6
2895,3109,5243,5244
3110,3109,5244,12953,6
2895,3110,5244,5245
3111,3110,5245,12911
2895,3111,5245,5246
3112,3111,5246,5700
2895,3112,5246,5247
3113,3112,5247,5456
2895,3113,5247,5248
3114,3113,5248,5456
2895,3114,5248,5249
3053,3114,5249,5452
2895,3053,5249,5250
2895,2999,5250,5251
3115,3116,5252,12944,239
3116,2856,5252,12945,239
2856,3115,5252,5260
3117,3118,5253,12786
3118,3115,5253,12944,239
3115,3117,5253,5254
3105,3117,5254,5581
3115,3105,5254,5255
3115,3104,5255,5260
3104,3107,5256,5257
3119,3107,5257,13119
3104,3119,5257,5258
3120,3119,5258,13118
3104,3120,5258,5259
2856,3120,5259,13123
3104,2856,5259,5260
3018,2885,5261,5262
3018,2886,5262,5263
3121,2886,5263,5502
3018,3121,5263,5264
3020,3121,5264,5501
3043,3026,5265,5266
3122,3026,5266,5338
3043,3122,5266,5269
3045,3123,5267,5685
3123,3122,5267,5337
3122,3045,5267,5268
3122,3044,5268,5269
3062,2534,5270,5271
3062,2533,5271,5272
3124,2533,5272,5516
3062,3124,5272,5273
3125,3124,5273,5527
3062,3125,5273,5276
3126,3127,5274,5420
3127,3125,5274,5526
3125,3126,5274,5276
3063,3126,5275,5419
3126,3062,5275,5276
3128,2527,5277,5292
2529,3128,5277,5278
3129,3128,5278,5291
2529,3129,5278,5279
3130,3129,5279,5291
2529,3130,5279,5280
3131,3130,5280,5533
2529,3131,5280,5286
3132,3133,5281,5370
3133,3131,5281,5533
3131,3132,5281,5282
3134,3132,5282,5702
3131,3134,5282,5283
2530,3134,5283,5517
3131,2530,5283,5284
3131,2531,5284,5286
2531,2529,5285,5286
2527,2875,5287,5288
3135,2875,5288,5355
2527,3135,5288,5289
3136,3135,5289,5355
2527,3136,5289,5290
3130,3136,5290,5531
2527,3130,5290,5292
3130,3128,5291,5292
3137,3138,5293,5294,41
3138,3139,5293,13137
3139,3137,5293,5303
2977,3138,5294,13166
3137,2977,5294,5295
3137,2978,5295,5296
2981,2978,5296,5492
3137,2981,5296,5297
3137,2980,5297,5298
3140,2980,5298,-29330
3137,3140,5298,5299
3082,3140,5299,-29330
3137,3082,5299,5300
3137,3084,5300,5301
3137,2830,5301,5302
3137,2832,5302,5303
3139,2832,5303,13138
3141,3142,5304,12973
3142,3143,5304,13258
3143,3141,5304,5305
3144,3141,5305,12966
3143,3144,5305,5312
3145,3146,5306,12969
3146,3147,5306,12968
3147,3145,5306,5307
3148,3145,5307,12969
3147,3148,5307,5314
3149,3150,5308,5919
3150,3148,5308,5383
3148,3149,5308,5315
3151,3152,5309,5643
3152,3149,5309,5927
3149,3151,5309,5310
3153,3151,5310,5642
3149,3153,5310,5311
3143,3153,5311,13257
3149,3143,5311,5312
3149,3144,5312,5313
3154,3144,5313,12966
3149,3154,5313,5315
3147,3154,5314,12967
3154,3148,5314,5315
3155,3156,5316,12900
3156,3157,5316,12942,239
3157,3155,5316,5317
3158,3155,5317,5754
3157,3158,5317,5318
3159,3158,5318,5349
3157,3159,5318,5319
3160,3159,5319,5350
3157,3160,5319,5320
2953,3160,5320,5351
3157,2953,5320,5321
3157,2951,5321,5322
3039,2951,5322,12978
3157,3039,5322,5323
3038,3039,5323,12941,239
3157,3038,5323,5324
3036,3038,5324,12979
3157,3036,5324,12942,239
2957,3086,5325,5326
2957,3085,5326,5330
3161,3162,5327,5514
3162,3085,5327,5515
3085,3161,5327,5331
3163,3164,5328,5347
3164,3161,5328,5513
3161,3163,5328,5329
3165,3163,5329,5346
3161,3165,5329,5331
2957,3165,5330,5345
3165,3085,5330,5331
3166,3025,5332,5478
3026,3166,5332,5338
3167,3168,5333,5828
3168,3166,5333,5482
3166,3167,5333,5334
3169,3167,5334,5687
3166,3169,5334,5335
3170,3169,5335,5687
3166,3170,5335,5336
3123,3170,5336,5686
3166,3123,5336,5337
3166,3122,5337,5338
3051,3042,5339,5340
3051,3034,5340,5341
3051,3033,5341,5342
3171,3033,5342,5555
3051,3171,5342,5343
3172,3171,5343,5707
3051,3172,5343,5344
3052,3172,5344,5453
2955,3165,5345,5346
2955,3163,5346,5347
2955,3164,5347,5348
3173,3164,5348,5513
2955,3173,5348,5353
3158,3174,5349,5754
3174,3159,5349,5350
3174,3160,5350,5351
3174,2953,5351,5352
3174,2954,5352,5354
2954,3173,5353,5354
3174,3173,5354,5755
3136,2875,5355,5356
3136,2872,5356,5357
14,2872,5357,5471
3136,14,5357,5372
14,57,5358,5359
14,56,5359,5373
56,54,5360,5374
53,51,5361,5362
53,50,5362,5376
50,48,5363,5364
3175,48,5364,5957
50,3175,5364,5365
3176,3175,5365,5957
50,3176,5365,5366
3177,3176,5366,5966
50,3177,5366,5367
3178,3177,5367,5519
50,3178,5367,5368
3179,3178,5368,5704
50,3179,5368,5369
3180,3179,5369,5703
50,3180,5369,5377
3132,3180,5370,5703
3180,3133,5370,5371
3181,3133,5371,5532
3180,3181,5371,5377
3136,3181,5372,5531
3181,14,5372,5373
3181,56,5373,5374
3181,54,5374,5375
3181,53,5375,5376
3181,50,5376,5377
3014,3182,5378,12913,6
3182,3015,5378,5379
3182,3087,5379,5380
3182,3093,5380,5381
3183,3093,5381,5382,6
3182,3183,5381,5406
3148,3093,5382,12970
3183,3148,5382,5383
3183,3150,5383,5384
3184,3150,5384,5919
3183,3184,5384,5385
3185,3184,5385,6261
3183,3185,5385,5386
3186,3185,5386,6261
3183,3186,5386,5387
3187,3186,5387,6478
3183,3187,5387,5388
3188,3187,5388,-2245
3183,3188,5388,5407
3189,3190,5389,6677
3190,3188,5389,-2245
3188,3189,5389,5414
3191,3192,5390,6678
3192,3189,5390,6677
3189,3191,5390,5408
3193,3194,5391,12939,6
3194,3191,5391,6491
3191,3193,5391,5408
3195,3196,5392,6587
3196,3197,5392,12937,6
3197,3195,5392,5415
3198,3199,5393,6586
3199,3195,5393,6589
3195,3198,5393,5410
3200,3201,5394,12918,6
3201,3198,5394,6586
3198,3200,5394,5395
3202,3200,5395,12917,6
3198,3202,5395,5410
3203,3204,5396,12916,6
3204,3202,5396,12917,6
3202,3203,5396,5397
3205,3203,5397,5792
3202,3205,5397,5398
3206,3205,5398,5791
3202,3206,5398,5399
3207,3206,5399,5790
3202,3207,5399,5411
3208,3209,5400,5801
3209,3207,5400,5790
3207,3208,5400,5412
3210,3211,5401,5789
3211,3208,5401,5800
3208,3210,5401,5402
3212,3210,5402,5788
3208,3212,5402,5403
3213,3212,5403,12906
3208,3213,5403,5404
3214,3213,5404,12914,6
3208,3214,5404,5405
3182,3214,5405,12914,6
3208,3182,5405,5406
3208,3183,5406,5407
3208,3188,5407,5413
3189,3193,5408,5409
3197,3193,5409,12938,6
3189,3197,5409,5414
3195,3202,5410,5411
3195,3207,5411,5412
3195,3208,5412,5413
3195,3188,5413,5415
3188,3197,5414,5415
3215,2697,5416,5477
2696,3215,5416,5417
3216,3215,5417,5476
2696,3216,5417,5425
3066,3217,5418,5474
3217,3063,5418,5419
3217,3126,5419,5420
3217,3127,5420,5421
3218,3127,5421,5525
3217,3218,5421,5422
3219,3218,5422,5524
3217,3219,5422,5423
3220,3219,5423,5768
3217,3220,5423,5426
3024,3220,5424,5479
3220,3023,5424,5427
3023,3216,5425,5427
3217,3216,5426,5475
3216,3220,5426,5427
2483,2989,5428,5437
2989,2987,5429,5430
2989,2986,5430,5431
2989,2984,5431,5432
3221,2984,5432,6045
2989,3221,5432,5433
3222,3221,5433,6050
2989,3222,5433,5434
5,3222,5434,6159
2989,5,5434,5435
2989,6,5435,5436
2989,8,5436,5437
3223,3059,5438,12948
3060,3223,5438,5439
3224,3223,5439,12949
3060,3224,5439,5440
3225,3224,5440,5638
3060,3225,5440,5441
3226,3225,5441,5720
3060,3226,5441,5442
3227,3226,5442,5726
3060,3227,5442,5443
3228,3227,5443,5496
3060,3228,5443,5444
3061,3228,5444,5495
3229,3108,5445,5591
3102,3229,5445,5446
3230,3229,5446,5775
3102,3230,5446,5447
3231,3230,5447,12783
3102,3231,5447,5448
3232,3231,5448,12790
3102,3232,5448,5449
3233,3232,5449,12784
3102,3233,5449,5450
3234,3233,5450,12784
3102,3234,5450,5451
3103,3234,5451,5582
3114,3052,5452,5453
3114,3172,5453,5454
3235,3172,5454,5710
3114,3235,5454,5455
3112,3235,5455,5699
3114,3112,5455,5456
2872,3099,5457,5471
3098,2708,5458,5459
3098,2707,5459,5460
3098,163,5460,5461
3098,166,5461,5462
3236,166,5462,5939
3098,3236,5462,5463
63,3236,5463,5938
3098,63,5463,5464
3098,64,5464,5465
3098,86,5465,5466
3237,86,5466,6077
3098,3237,5466,5467
3238,3237,5467,6077
3098,3238,5467,5468
3239,3238,5468,5993
3098,3239,5468,5469
13,3239,5469,-52
3098,13,5469,5470
3098,14,5470,5472
14,3099,5471,5472
2697,3065,5473,5477
3065,3217,5474,5475
3065,3216,5475,5476
3065,3215,5476,5477
3166,3024,5478,5479
3166,3220,5479,5480
3240,3220,5480,5774
3166,3240,5480,5481
3241,3240,5481,5774
3166,3241,5481,5482
3168,3241,5482,5828
3242,3243,5483,12963
3243,3110,5483,12952
3110,3242,5483,5484
3244,3242,5484,12962
3110,3244,5484,5491
3245,3246,5485,5711
3246,3244,5485,12961
3244,3245,5485,5486
3247,3245,5486,5712
3244,3247,5486,5487
3248,3247,5487,12777
3244,3248,5487,5488
3249,3248,5488,12909,6
3244,3249,5488,5489
3250,3249,5489,12909,6
3244,3250,5489,5490
3251,3250,5490,12908,6
3244,3251,5490,5491
3110,3251,5491,12908,6
2979,2981,5492,5493
3056,3061,5494,5495
3056,3228,5495,5496
3056,3227,5496,5497
3252,3227,5497,5726
3056,3252,5497,5498
3253,3252,5498,5889
3056,3253,5498,5499
3254,3253,5499,5576
3056,3254,5499,5500
3255,3254,5500,5575
3056,3255,5500,5574
3019,3121,5501,5506
3121,2884,5502,5503
3256,2884,5503,5606
3121,3256,5503,5504
3257,3256,5504,5605
3121,3257,5504,5505
3258,3257,5505,5604
3121,3258,5505,5506
3019,3258,5506,5586
3085,3057,5507,5508
3259,3057,5508,5579
3085,3259,5508,5509
3260,3259,5509,5817
3085,3260,5509,5510
3261,3260,5510,5882
3085,3261,5510,5511
3262,3261,5511,5883
3085,3262,5511,5512
3173,3262,5512,5756
3085,3173,5512,5515
3173,3161,5513,5514
3173,3162,5514,5515
3124,2530,5516,5528
3263,3134,5517,5702
2530,3263,5517,5529
3178,3264,5518,5705
3264,3263,5518,5706
3263,3178,5518,5519
3263,3177,5519,5520
3265,3177,5520,5965
3263,3265,5520,5530
3266,3267,5521,5964
3267,3265,5521,5965
3265,3266,5521,5530
3268,3269,5522,5963
3269,3266,5522,5964
3266,3268,5522,5523
3219,3268,5523,5768
3266,3219,5523,5524
3266,3218,5524,5525
3266,3127,5525,5526
3266,3125,5526,5527
3266,3124,5527,5528
3266,2530,5528,5529
3266,3263,5529,5530
3130,3181,5531,5532
3130,3133,5532,5533
3270,3271,5534,5535,6
3271,3213,5534,12906,6
3213,3270,5534,5547
3272,3271,5535,12907,6
3270,3272,5535,5536
3273,3272,5536,12761
3270,3273,5536,5548
3274,3275,5537,12928
3275,3273,5537,12760
3273,3274,5537,5538
3276,3274,5538,12927
3273,3276,5538,5549
3277,3278,5539,12926
3278,3276,5539,12927
3276,3277,5539,5540
3279,3277,5540,-197
3276,3279,5540,5541
3280,3279,5541,-229
3276,3280,5541,5542
3281,3280,5542,12985
3276,3281,5542,5543
3282,3281,5543,12985
3276,3282,5543,5544
3283,3282,5544,12984
3276,3283,5544,5550
3284,3285,5545,12983
3285,3283,5545,12984
3283,3284,5545,5550
3213,3286,5546,12912
3286,3284,5546,12983
3284,3213,5546,5547
3284,3270,5547,5548
3284,3273,5548,5549
3284,3276,5549,5550
3287,3288,5551,12903,239
3288,3289,5551,12904,239
3289,3287,5551,5559
3290,3291,5552,12901,239
3291,3292,5552,12902,239
3292,3290,5552,5560
3035,3156,5553,12943
3156,3290,5553,12901,239
3290,3035,5553,5554
3290,3033,5554,5555
3290,3171,5555,5556
3293,3171,5556,5707
3290,3293,5556,5557
3294,3293,5557,5859
3290,3294,5557,5560
3295,3296,5558,6091
3296,3294,5558,5859
3294,3295,5558,5561
3289,3295,5559,12727
3295,3287,5559,5561
3292,3294,5560,5562
3294,3287,5561,5562
3292,3287,5562,12902,239
2844,2813,5563,5564
3297,2813,5564,12960
2844,3297,5564,5565
3298,3297,5565,5718
2844,3298,5565,5566
3299,3298,5566,5717
2844,3299,5566,5567
3300,3299,5567,5716
2844,3300,5567,5568
3301,3300,5568,5715
2844,3301,5568,5569
3302,3301,5569,5888
2844,3302,5569,5570
3303,3302,5570,5888
2844,3303,5570,5571
3304,3303,5571,6061
2844,3304,5571,5572
2842,3304,5572,6062
2844,2842,5572,5573
3057,3255,5574,5575
3057,3254,5575,5580
3305,3253,5576,5899
3254,3305,5576,5577
3306,3305,5577,5818
3254,3306,5577,5580
3259,3307,5578,5817
3307,3306,5578,5818
3306,3259,5578,5579
3306,3057,5579,5580
3117,3103,5581,5582
3117,3234,5582,5583
3308,3234,5583,12785
3117,3308,5583,5584
3309,3308,5584,12791
3117,3309,5584,12786
3108,3019,5585,5586
3108,3258,5586,5587
3310,3258,5587,5603
3108,3310,5587,5588
3311,3310,5588,6041
3108,3311,5588,5589
3312,3311,5589,5776
3108,3312,5589,5590
3313,3312,5590,5776
3108,3313,5590,5591
3229,3313,5591,5775
2883,3050,5592,5593
2883,3048,5593,5594
3314,3048,5594,5802
2883,3314,5594,5608
3315,3316,5595,6131
3316,3314,5595,5808
3314,3315,5595,5609
3317,3318,5596,6130
3318,3315,5596,6135
3315,3317,5596,5610
3319,3320,5597,6232
3320,3317,5597,6233
3317,3319,5597,5598
3321,3319,5598,6108
3317,3321,5598,5599
3322,3321,5599,6109
3317,3322,5599,5600
3323,3322,5600,6125
3317,3323,5600,5601
3324,3323,5601,6110
3317,3324,5601,5610
3325,3326,5602,-5012
3326,3324,5602,-1940
3324,3325,5602,5611
3310,3325,5603,6033
3325,3258,5603,5604
3325,3257,5604,5605
3325,3256,5605,5606
3325,2884,5606,5607
3325,2883,5607,5608
3325,3314,5608,5609
3325,3315,5609,5611
3315,3324,5610,5611
3327,3328,5612,13812
3328,3329,5612,13920
3329,3327,5612,5633
3330,3331,5613,13004
3331,3332,5613,5849
3332,3330,5613,5614
3333,3330,5614,13003
3332,3333,5614,5629
3334,3335,5615,12817,6
3335,3333,5615,13003
3333,3334,5615,5616
3336,3334,5616,12816,6
3333,3336,5616,5629
3337,3338,5617,12843,6
3338,3336,5617,12816,6
3336,3337,5617,5630
3339,3340,5618,12814,6
3340,3337,5618,12815,6
3337,3339,5618,5619
3341,3339,5619,12813,6
3337,3341,5619,5630
3342,3343,5620,12812,6
3343,3341,5620,12813,6
3341,3342,5620,5631
3344,3345,5621,12811,6
3345,3342,5621,12812,6
3342,3344,5621,5622
3346,3344,5622,14283
3342,3346,5622,5623
3347,3346,5623,14283
3342,3347,5623,5624
3348,3347,5624,12799,6
3342,3348,5624,5625
3349,3348,5625,12802,6
3342,3349,5625,5626
3350,3349,5626,12798,6
3342,3350,5626,5627
3351,3350,5627,12797,6
3342,3351,5627,5631
3329,3352,5628,13813
3352,3353,5628,12795,6
3353,3329,5628,5632
3332,3336,5629,5635
3336,3341,5630,5636
3341,3351,5631,5636
3353,3351,5632,12796,6
3351,3329,5632,5633
3351,3327,5633,5634
3332,3327,5634,5850
3351,3332,5634,5635
3351,3336,5635,5636
3224,3354,5637,12950
3354,3118,5637,12951
3118,3224,5637,5638
3118,3225,5638,5639
3355,3225,5639,5720
3118,3355,5639,5641
3356,3357,5640,12788,239
3357,3355,5640,5868
3355,3356,5640,5641
3118,3356,5641,12787,239
3153,3358,5642,13256
3358,3151,5642,5643
3358,3152,5643,5644
3359,3152,5644,5926
3358,3359,5644,5645
3360,3359,5645,5925
3358,3360,5645,5646
3361,3360,5646,6222
3358,3361,5646,5647
3362,3361,5647,6212
3358,3362,5647,5669
3363,3364,5648,6213
3364,3362,5648,6212
3362,3363,5648,5649
3365,3363,5649,6455
3362,3365,5649,5663
3366,3367,5650,6456
3367,3365,5650,6455
3365,3366,5650,5651
3368,3366,5651,14253
3365,3368,5651,5652
3369,3368,5652,14275
3365,3369,5652,5653
3370,3369,5653,14254
3365,3370,5653,5654
3371,3370,5654,14254
3365,3371,5654,5655
3372,3371,5655,-2276
3365,3372,5655,5656
3373,3372,5656,-2276
3365,3373,5656,5663
3374,3375,5657,14257
3375,3373,5657,14256
3373,3374,5657,5664
3376,3377,5658,14259
3377,3378,5658,14258
3378,3376,5658,5659
3379,3376,5659,14260
3378,3379,5659,5670
3380,3381,5660,14261
3381,3379,5660,14260
3379,3380,5660,5666
3382,3383,5661,14262
3383,3380,5661,14282
3380,3382,5661,5666
3384,3385,5662,-2276
3385,3386,5662,-2276
3386,3384,5662,5668
3362,3373,5663,5664
3362,3374,5664,5665
3378,3374,5665,14257
3362,3378,5665,5669
3379,3382,5666,5667
3386,3382,5667,14262
3379,3386,5667,5668
3379,3384,5668,5670
3358,3378,5669,5671
3378,3384,5670,5671
3358,3384,5671,14265
3387,3388,5672,13313
3388,3389,5672,12989
3389,3387,5672,5673
3390,3387,5673,13314
3389,3390,5673,5674
3391,3390,5674,5730
3389,3391,5674,5684
3392,3393,5675,6516
3393,3391,5675,6329
3391,3392,5675,5676
3394,3392,5676,12920
3391,3394,5676,5677
3395,3394,5677,6052
3391,3395,5677,5678
3396,3395,5678,6052
3391,3396,5678,5679
3397,3396,5679,6058
3391,3397,5679,5680
3398,3397,5680,6051
3391,3398,5680,5681
3280,3398,5681,-2756
3391,3280,5681,5682
3399,3280,5682,12986
3391,3399,5682,5684
3389,3400,5683,12988
3400,3399,5683,12987
3399,3389,5683,5684
3046,3123,5685,5686
3046,3170,5686,5692
3170,3167,5687,5688
3401,3167,5688,5834
3170,3401,5688,5689
3402,3401,5689,5843
3170,3402,5689,5690
3403,3402,5690,5847
3170,3403,5690,5691
3047,3403,5691,5804
3170,3047,5691,5692
3404,3405,5693,12779,6
3405,3406,5693,12776,6
3406,3404,5693,5694
3407,3404,5694,12712
3406,3407,5694,5695
3408,3407,5695,5863
3406,3408,5695,5696
3409,3408,5696,5864
3406,3409,5696,5697
3410,3409,5697,5865
3406,3410,5697,5698
3235,3410,5698,5710
3406,3235,5698,5699
3406,3112,5699,5700
3406,3111,5700,5701
3248,3111,5701,12910
3406,3248,5701,12776,6
3263,3132,5702,5706
3132,3179,5703,5704
3132,3178,5704,5705
3132,3264,5705,5706
3172,3293,5707,5708
3411,3293,5708,5867
3172,3411,5708,5709
3410,3411,5709,5866
3172,3410,5709,5710
3246,3297,5711,12960
3297,3245,5711,5719
3412,3247,5712,12778
3245,3412,5712,5713
3413,3412,5713,5953
3245,3413,5713,5719
3301,3414,5714,5884
3414,3413,5714,5954
3413,3301,5714,5715
3413,3300,5715,5716
3413,3299,5716,5717
3413,3298,5717,5718
3413,3297,5718,5719
3226,3355,5720,5721
3415,3355,5721,5868
3226,3415,5721,5722
3416,3415,5722,5869
3226,3416,5722,5723
3417,3416,5723,12713
3226,3417,5723,5724
3418,3417,5724,5890
3226,3418,5724,5725
3252,3418,5725,5889
3226,3252,5725,5726
3419,2850,5727,13127
2850,3420,5727,12772,6
3420,3419,5727,5728
3421,3419,5728,13316
3420,3421,5728,5729
3390,3421,5729,13315
3420,3390,5729,5730
3420,3391,5730,5731
3422,3391,5731,6313
3420,3422,5731,5732
3423,3422,5732,6313
3420,3423,5732,5733
3424,3423,5733,6314
3420,3424,5733,5734
3425,3424,5734,6314
3420,3425,5734,5735
3426,3425,5735,6315
3420,3426,5735,5736
3427,3426,5736,6316
3420,3427,5736,5750
3428,3429,5737,6319
3429,3430,5737,6318
3430,3428,5737,5738
3431,3428,5738,6835
3430,3431,5738,5739
3432,3431,5739,6835
3430,3432,5739,5740
3433,3432,5740,6738
3430,3433,5740,5741
3434,3433,5741,6739
3430,3434,5741,5752
3435,3436,5742,6597
3436,3434,5742,6731
3434,3435,5742,5743
3437,3435,5743,6590
3434,3437,5743,5753
3438,3439,5744,6470
3439,3437,5744,6469
3437,3438,5744,5745
3440,3438,5745,6346
3437,3440,5745,5746
3441,3440,5746,12674
3437,3441,5746,5747
3442,3441,5747,12562
3437,3442,5747,5753
3443,3444,5748,12774,6
3444,3442,5748,12561
3442,3443,5748,5749
3420,3443,5749,12773,6
3442,3420,5749,5750
3442,3427,5750,5751
3430,3427,5751,6317
3442,3430,5751,5752
3442,3434,5752,5753
3155,3174,5754,5755
3155,3173,5755,5756
3155,3262,5756,5757
3445,3262,5757,5883
3155,3445,5757,5758
3446,3445,5758,5872
3155,3446,5758,5759
3447,3446,5759,-18072
3155,3447,5759,-18072
3448,3449,5760,-660
3449,3450,5760,-660
3450,3448,5760,5761
3451,3448,5761,-660
3450,3451,5761,5762
3452,3451,5762,-660
3450,3452,5762,5766
4,3453,5763,12765,207
3453,3452,5763,-660
3452,4,5763,5767
3454,3455,5764,-660
3455,4,5764,12765,207
4,3454,5764,5765
3456,3454,5765,-660
4,3456,5765,5767
3450,3456,5766,-660
3456,3452,5766,5767
3220,3268,5768,5769
3457,3268,5769,5962
3220,3457,5769,5770
3458,3457,5770,6027
3220,3458,5770,5771
3459,3458,5771,6015
3220,3459,5771,5772
3460,3459,5772,5829
3220,3460,5772,5773
3241,3460,5773,5829
3220,3241,5773,5774
3230,3313,5775,5783
3313,3311,5776,5777
3461,3311,5777,6034
3313,3461,5777,5784
3462,3463,5778,6043
3463,3461,5778,6034
3461,3462,5778,5779
3464,3462,5779,6074
3461,3464,5779,5780
3465,3464,5780,6014
3461,3465,5780,5784
3466,3467,5781,5928
3467,3465,5781,6014
3465,3466,5781,5785
3468,3469,5782,12782
3469,3466,5782,5929
3466,3468,5782,5785
3230,3468,5783,12783
3468,3313,5783,5786
3313,3465,5784,5786
3465,3468,5785,5786
3212,3272,5787,12907
3272,3470,5787,12762,6
3470,3212,5787,5788
3470,3210,5788,5789
3470,3211,5789,5799
3209,3206,5790,5791
3209,3205,5791,5792
3209,3203,5792,5793
3471,3203,5793,12763,6
3209,3471,5793,5794
3472,3471,5794,12933
3209,3472,5794,5795
3473,3472,5795,12933
3209,3473,5795,5796
3474,3473,5796,12759,6
3209,3474,5796,5797
3475,3474,5797,5798,6
3209,3475,5797,5801
3470,3474,5798,12762,6
3475,3470,5798,5799
3475,3211,5799,5800
3475,3208,5800,5801
3314,3049,5802,5803
3314,3047,5803,5804
3314,3403,5804,5805
3476,3403,5805,5847
3314,3476,5805,5806
3477,3476,5806,5846
3314,3477,5806,5807
3478,3477,5807,6020
3314,3478,5807,5808
3316,3478,5808,6131
3479,3480,5809,12740,6
3480,3481,5809,12741,6
3481,3479,5809,5810
3482,3479,5810,14242
3481,3482,5810,5811
3483,3482,5811,14242
3481,3483,5811,5812
3484,3483,5812,14246
3481,3484,5812,5813
3485,3484,5813,14241
3481,3485,5813,5814
3486,3485,5814,14240
3481,3486,5814,5815
3487,3486,5815,14239
3481,3487,5815,5816
3488,3487,5816,14238
3481,3488,5816,-1
3260,3307,5817,5827
3307,3305,5818,5819
3489,3305,5819,5898
3307,3489,5819,5820
3490,3489,5820,5898
3307,3490,5820,5821
3491,3490,5821,5897
3307,3491,5821,5822
3492,3491,5822,6176
3307,3492,5822,5823
3493,3492,5823,6177
3307,3493,5823,5824
3494,3493,5824,5941
3307,3494,5824,5825
3495,3494,5825,5940
3307,3495,5825,5826
3496,3495,5826,5880
3307,3496,5826,5827
3260,3496,5827,5881
3167,3241,5828,5835
3241,3459,5829,5830
3497,3459,5830,6015
3241,3497,5830,5835
3498,3499,5831,6022
3499,3497,5831,6023
3497,3498,5831,5832
3500,3498,5832,6021
3497,3500,5832,5833
3401,3500,5833,5843
3497,3401,5833,5834
3497,3167,5834,5835
178,169,5836,5837
178,168,5837,5838
178,172,5838,5839
3501,172,5839,6153
178,3501,5839,5840
3502,3501,5840,6254
178,3502,5840,5841
3503,3502,5841,6260
178,3503,5841,5842
3504,3503,5842,6236
178,3504,5842,5905
3402,3500,5843,5844
3505,3500,5844,6021
3402,3505,5844,5845
3477,3505,5845,6020
3402,3477,5845,5846
3402,3476,5846,5847
3331,2938,5848,13005
2938,3506,5848,12736,6
3506,3331,5848,5849
3506,3332,5849,5850
3506,3327,5850,5851
3507,3327,5851,13812
3506,3507,5851,5855
3508,3509,5852,13810
3509,3507,5852,13811
3507,3508,5852,5855
3506,2941,5853,12734,6
2941,3510,5853,13002
3510,3506,5853,5854
3511,3506,5854,5858,6
3510,3511,5854,5857
3506,3508,5855,5856
3512,3508,5856,13809
3506,3512,5856,5858
3510,3512,5857,13808
3512,3511,5857,5858
3293,3296,5859,5860
3513,3296,5860,6096
3293,3513,5860,5861
3514,3513,5861,6096
3293,3514,5861,5862
3515,3514,5862,6167
3293,3515,5862,5867
3407,3515,5863,12711
3515,3408,5863,5864
3515,3409,5864,5865
3515,3410,5865,5866
3515,3411,5866,5867
3357,3415,5868,5869
3357,3416,5869,5870
3516,3416,5870,12713
3357,3516,5870,5871
3517,3516,5871,12720
3357,3517,5871,12733,239
3518,3446,5872,12897
3445,3518,5872,5873
3289,3518,5873,12897
3445,3289,5873,5874
3519,3289,5874,12727,239
3445,3519,5874,5875
3520,3519,5875,12732,239
3445,3520,5875,5876
3521,3520,5876,6181
3445,3521,5876,5877
3522,3521,5877,5945
3445,3522,5877,5878
3523,3522,5878,5946
3445,3523,5878,5879
3495,3523,5879,5940
3445,3495,5879,5880
3445,3496,5880,5881
3445,3260,5881,5882
3445,3261,5882,5883
3524,3414,5884,5955
3301,3524,5884,5885
3525,3524,5885,5956
3301,3525,5885,5886
3526,3525,5886,6059
3301,3526,5886,5887
3303,3526,5887,6060
3301,3303,5887,5888
3253,3418,5889,5890
3253,3417,5890,5891
3527,3417,5891,12714
3253,3527,5891,5892
3528,3527,5892,12690
3253,3528,5892,5893
3529,3528,5893,12703
3253,3529,5893,5899
3530,3531,5894,12692
3531,3532,5894,12691
3532,3530,5894,5900
3533,3534,5895,12693
3534,3530,5895,12692
3530,3533,5895,5896
3535,3533,5896,6200
3530,3535,5896,5900
3491,3536,5897,6175
3536,3490,5897,5904
3490,3305,5898,5902
3305,3529,5899,5902
3532,3535,5900,5901
3536,3535,5901,6209
3532,3536,5901,5903
3490,3529,5902,5904
3532,3529,5903,12691
3529,3536,5903,5904
3537,3504,5905,6235
178,3537,5905,5906
167,3537,5906,5934
3538,3539,5907,14197
3539,3540,5907,14198
3540,3538,5907,5908
3541,3538,5908,14196
3540,3541,5908,5916
3542,3543,5909,6137
3543,3541,5909,6136
3541,3542,5909,5917
3544,3545,5910,12804
3545,3542,5910,6138
3542,3544,5910,5911
3546,3544,5911,12726,6
3542,3546,5911,5912
3547,3546,5912,12726,6
3542,3547,5912,5918
3548,3549,5913,14200
3549,3547,5913,12725,6
3547,3548,5913,5914
3550,3548,5914,14199
3547,3550,5914,5918
3540,3551,5915,14223
3551,3550,5915,14199
3550,3540,5915,5916
3550,3541,5916,5917
3550,3542,5917,5918
3149,3184,5919,5927
3552,3553,5920,-2789
3553,3184,5920,6265
3184,3552,5920,5921
3554,3552,5921,-2789
3184,3554,5921,5922
3555,3554,5922,6219
3184,3555,5922,5923
3556,3555,5923,6220
3184,3556,5923,5924
3360,3556,5924,6221
3184,3360,5924,5925
3184,3359,5925,5926
3184,3152,5926,5927
3467,3557,5928,6011
3557,3466,5928,5929
3557,3469,5929,5930
3558,3469,5930,12781
3557,3558,5930,5931
3559,3558,5931,12780
3557,3559,5931,5932
3517,3559,5932,12733
3557,3517,5932,5933
3560,3517,5933,12720,239
3557,3560,5933,12719,239
166,3537,5934,5935
3561,3537,5935,6235
166,3561,5935,5936
3562,3561,5936,6244
166,3562,5936,5937
62,3562,5937,6250
166,62,5937,5939
62,3236,5938,5939
3523,3494,5940,5941
3523,3493,5941,5942
3563,3493,5942,6178
3523,3563,5942,5943
3564,3563,5943,6179
3523,3564,5943,5944
3565,3564,5944,-725
3523,3565,5944,5946
3521,3565,5945,-725
3565,3522,5945,5946
174,177,5947,5948
174,176,5948,5949
171,176,5949,6163
174,171,5949,5950
3404,3566,5951,12712,6
3566,3567,5951,12706,6
3567,3404,5951,5952
3412,3404,5952,12779
3567,3412,5952,5953
3567,3413,5953,5954
3567,3414,5954,5955
3567,3524,5955,5956
3567,3525,5956,6059
3176,48,5957,5958
3568,48,5958,-1940
3176,3568,5958,5959
3569,3568,5959,-1940
3176,3569,5959,5960
3570,3569,5960,6086
3176,3570,5960,5961
3571,3570,5961,6028
3176,3571,5961,5967
3457,3571,5962,6027
3571,3268,5962,5963
3571,3269,5963,5968
3269,3267,5964,5968
3267,3177,5965,5966
3267,3176,5966,5967
3267,3571,5967,5968
12,16,5969,5970
12,18,5970,5996
3572,17,5971,6931
18,3572,5971,5972
3573,3572,5972,6930
18,3573,5972,5973
3574,3573,5973,6930
18,3574,5973,5997
3575,3576,5974,5978,268
3576,3574,5974,6947
3574,3575,5974,5975
3577,3575,5975,5977,268
3574,3577,5975,5998
3578,3579,5976,6007,268
3579,3577,5976,5977,268
3577,3578,5976,6006
3579,3575,5977,6008
3580,3576,5978,12466
3575,3580,5978,5979
3581,3580,5979,12465
3575,3581,5979,5980
3582,3581,5980,12464
3575,3582,5980,5981
3583,3582,5981,7575
3575,3583,5981,5982
3584,3583,5982,7158
3575,3584,5982,5999
3585,3586,5983,7160
3586,3584,5983,7159
3584,3585,5983,5984
3587,3585,5984,7160
3584,3587,5984,5999
3588,3589,5985,-1844
3589,3587,5985,-1844
3587,3588,5985,6000
77,3588,5986,7163
3588,78,5986,5987
3590,78,5987,6770
3588,3590,5987,6001
3591,3592,5988,6771
3592,3590,5988,6770
3590,3591,5988,6002
3593,3594,5989,-53
3594,3595,5989,6766
3595,3593,5989,6004
3596,3597,5990,6079
3597,3598,5990,-1844
3598,3596,5990,6005
3599,3600,5991,-1844
3600,3596,5991,6080
3596,3599,5991,5992
3238,3599,5992,-1844
3596,3238,5992,5993
3596,3239,5993,5994
3601,3239,5994,-1941
3596,3601,5994,5995
12,3601,5995,-1844
3596,12,5995,5996
3596,18,5996,5997
3596,3574,5997,5998
3596,3577,5998,6005
3575,3587,5999,6000
3575,3588,6000,6001
3575,3590,6001,6002
3575,3591,6002,6003
3602,3591,6003,6772
3575,3602,6003,6008
3595,3602,6004,6766
3602,3593,6004,6009
3598,3577,6005,6006
3598,3578,6006,6007
3598,3579,6007,6010
3579,3602,6008,6009
3579,3593,6009,6010
3598,3593,6010,-1844
3603,3557,6011,12699,239
3467,3603,6011,6012
3604,3603,6012,12698,239
3467,3604,6012,6013
3464,3604,6013,6075
3467,3464,6013,6014
3497,3458,6015,6016
3605,3458,6016,6029
3497,3605,6016,6023
3606,3607,6017,6127
3607,3605,6017,6085
3605,3606,6017,6024
3608,3609,6018,6133
3609,3606,6018,6134
3606,3608,6018,6019
3478,3608,6019,6132
3606,3478,6019,6025
3478,3505,6020,6026
3505,3498,6021,6022
3505,3499,6022,6026
3499,3605,6023,6024
3499,3606,6024,6025
3499,3478,6025,6026
3458,3571,6027,6028
3458,3570,6028,6029
3605,3570,6029,6085
3610,3611,6030,6115
3611,3612,6030,12558
3612,3610,6030,6038
3613,3614,6031,6113
3614,3610,6031,6114
3610,3613,6031,6039
3615,3616,6032,6111
3616,3613,6032,6112
3613,3615,6032,6040
3325,3615,6033,-916
3615,3310,6033,6040
3311,3463,6034,6042
3617,3618,6035,6076
3618,3462,6035,6074
3462,3617,6035,6036
3619,3617,6036,12684,239
3462,3619,6036,6037
3620,3619,6037,12683,239
3462,3620,6037,6044
3612,3620,6038,12683,239
3620,3610,6038,6039
3620,3613,6039,6044
3613,3310,6040,6041
3613,3311,6041,6042
3613,3463,6042,6043
3613,3462,6043,6044
3221,2985,6045,6046
3221,2983,6046,6047
3221,3079,6047,6048
3221,3080,6048,6049
3621,3080,6049,6278
3221,3621,6049,6050
3222,3621,6050,6158
3398,3277,6051,-2756
3277,3397,6051,6057
3396,3394,6052,6053
3622,3394,6053,12921
3396,3622,6053,6054
3623,3622,6054,12922
3396,3623,6054,6055
3624,3623,6055,-2757
3396,3624,6055,6056
3625,3624,6056,-2757
3396,3625,6056,6058
3277,3625,6057,12925
3625,3397,6057,6058
3567,3526,6059,6060
3567,3303,6060,6061
3567,3304,6061,6066
3304,2841,6062,6063
3626,2841,6063,12766
3304,3626,6063,6064
3627,3626,6064,6266
3304,3627,6064,6065
3628,3627,6065,12681,6
3304,3628,6065,6066
3567,3628,6066,12680,6
3629,3630,6067,-1844
3630,3631,6067,-1844
3631,3629,6067,6068
3632,3629,6068,-1844
3631,3632,6068,6069
3633,3632,6069,-1844
3631,3633,6069,6070
3634,3633,6070,-1844
3631,3634,6070,6071
3635,3634,6071,-1844
3631,3635,6071,6073
3636,3637,6072,-1844
3637,3635,6072,-1844
3635,3636,6072,6073
3631,3636,6073,-1844
3618,3464,6074,6075
3618,3604,6075,6076
3617,3604,6076,12644,239
3238,86,6077,6081
3597,3638,6078,-52
3638,85,6078,-52
85,3597,6078,6079
85,3596,6079,6080
85,3600,6080,6083
3238,3639,6081,-52
3639,86,6081,6082
3639,84,6082,6084
84,3600,6083,6084
3639,3600,6084,-52
3607,3570,6085,6086
3607,3569,6086,6087
3640,3569,6087,6105
3607,3640,6087,6088
3641,3640,6088,6337
3607,3641,6088,6089
3642,3641,6089,6229
3607,3642,6089,6090
3643,3642,6090,6228
3607,3643,6090,6127
3644,3295,6091,-1606
3296,3644,6091,6092
3645,3644,6092,6268
3296,3645,6092,6093
3646,3645,6093,6277
3296,3646,6093,6094
3647,3646,6094,6276
3296,3647,6094,6095
3514,3647,6095,6168
3296,3514,6095,6096
3648,3649,6097,6691
3649,3650,6097,6692
3650,3648,6097,6098
3651,3648,6098,6690
3650,3651,6098,6120
3652,3653,6099,6626
3653,3654,6099,6689
3654,3652,6099,6100
46,3652,6100,6625
3654,46,6100,6101
3654,45,6101,6102
3654,47,6102,6122
3655,48,6103,-1941
47,3655,6103,6104
3569,3655,6104,-1941
47,3569,6104,6105
47,3640,6105,6106
3656,3640,6106,6337
47,3656,6106,6123
3319,3657,6107,6231
3657,3656,6107,6338
3656,3319,6107,6108
3656,3321,6108,6109
3656,3322,6109,6124
3615,3324,6110,-916
3323,3615,6110,6111
3323,3616,6111,6112
3323,3613,6112,6113
3323,3614,6113,6114
3323,3610,6114,6126
3658,3611,6115,12557
3610,3658,6115,6126
3659,3660,6116,12560
3660,3658,6116,12557
3658,3659,6116,6117
3661,3659,6117,12614,239
3658,3661,6117,6118
3662,3661,6118,12613,239
3658,3662,6118,6119
3650,3662,6119,6692
3658,3650,6119,6120
3658,3651,6120,6121
3654,3651,6121,6690
3658,3654,6121,6122
3658,47,6122,6123
3658,3656,6123,6124
3658,3322,6124,6125
3658,3323,6125,6126
3606,3643,6127,6128
3663,3643,6128,6228
3606,3663,6128,6129
3317,3663,6129,6233
3606,3317,6129,6130
3606,3318,6130,6134
3315,3478,6131,6132
3315,3608,6132,6133
3315,3609,6133,6135
3609,3318,6134,6135
3541,3664,6136,14195
3664,3543,6136,6137
3664,3542,6137,6138
3664,3545,6138,6139
3665,3545,6139,12805
3664,3665,6139,6140
3666,3665,6140,12806
3664,3666,6140,6141
3667,3666,6141,12832
3664,3667,6141,6142
3668,3667,6142,12807
3664,3668,6142,6143
3669,3668,6143,12807
3664,3669,6143,6144
3670,3669,6144,-2275
3664,3670,6144,6145
3671,3670,6145,-2275
3664,3671,6145,6151
3672,3673,6146,12855
3673,3671,6146,12808
3671,3672,6146,6147
3674,3672,6147,-2275
3671,3674,6147,6148
3675,3674,6148,-2275
3671,3675,6148,6151
3676,3677,6149,12810
3677,3675,6149,12809
3675,3676,6149,6150
3664,3676,6150,12810
3675,3664,6150,6151
3,176,6152,6162
171,3501,6153,6154
3678,3501,6154,6254
171,3678,6154,6155
3679,3678,6155,6255
171,3679,6155,6156
3680,3679,6156,6384
171,3680,6156,6157
3681,3680,6157,-37010
171,3681,6157,6164
3621,3682,6158,-28818
3682,3222,6158,6159
3682,5,6159,6160
3682,3,6160,6161
3683,3,6161,6162,207
3682,3683,6161,6165
3683,176,6162,6163
3683,171,6163,6164
3683,3681,6164,6165
3682,3681,6165,-28818
3684,3685,6166,12708
3685,3686,6166,12707
3686,3684,6166,6173
3515,3687,6167,12710
3687,3514,6167,6168
3687,3647,6168,6169
3688,3647,6169,6275
3687,3688,6169,6170
3689,3688,6170,6274
3687,3689,6170,6171
3690,3689,6171,6340
3687,3690,6171,6172
3691,3690,6172,6349
3687,3691,6172,6174
3686,3691,6173,12678
3691,3684,6173,6174
3687,3684,6174,12709
3536,3692,6175,6201
3692,3491,6175,6176
3692,3492,6176,6177
3692,3493,6177,6178
3692,3563,6178,6179
3692,3564,6179,6180
3693,3564,6180,-1749
3692,3693,6180,6184
3521,3693,6181,-1749
3693,3520,6181,6182
3694,3520,6182,12611,239
3693,3694,6182,6183
3695,3694,6183,12610,239
3693,3695,6183,6184
3692,3695,6184,12609,239
3696,3697,6185,12657
3697,3698,6185,12497
3698,3696,6185,6186
3699,3696,6186,12656
3698,3699,6186,6203
3700,3701,6187,12655
3701,3699,6187,12656
3699,3700,6187,6204
3702,3703,6188,12668
3703,3704,6188,12654
3704,3702,6188,6189
3705,3702,6189,12653
3704,3705,6189,6205
3706,3707,6190,12652
3707,3705,6190,12653
3705,3706,6190,6191
3708,3706,6191,12651
3705,3708,6191,6192
3709,3708,6192,12650
3705,3709,6192,6205
3710,3711,6193,12647
3711,3712,6193,12648
3712,3710,6193,6207
3713,3714,6194,12645
3714,3710,6194,12646
3710,3713,6194,6195
3715,3713,6195,12697
3710,3715,6195,6196
3716,3715,6196,12696
3710,3716,6196,6197
3717,3716,6197,12695
3710,3717,6197,6198
3718,3717,6198,12694
3710,3718,6198,6199
3533,3718,6199,12693
3710,3533,6199,6200
3710,3535,6200,6208
3719,3692,6201,12570,239
3536,3719,6201,6202
3720,3719,6202,12569,239
3536,3720,6202,6210
3698,3720,6203,12569,239
3720,3699,6203,6204
3720,3700,6204,6210
3704,3709,6205,6206
3712,3709,6206,12649
3704,3712,6206,6207
3704,3710,6207,6208
3704,3535,6208,6209
3704,3536,6209,6211
3536,3700,6210,6211
3704,3700,6211,12654
3361,3364,6212,6223
3721,3363,6213,6454
3364,3721,6213,6223
3722,3723,6214,12567,6
3723,3721,6214,6453
3721,3722,6214,6215
3724,3722,6215,6479
3721,3724,6215,6216
3553,3724,6216,6264
3721,3553,6216,6217
3725,3553,6217,-2277
3721,3725,6217,6218
3554,3725,6218,-2277
3721,3554,6218,6219
3721,3555,6219,6220
3721,3556,6220,6221
3721,3360,6221,6222
3721,3361,6222,6223
3726,3727,6224,12687
3727,3728,6224,12686
3728,3726,6224,6227
3729,3730,6225,12640
3730,3726,6225,6424
3726,3729,6225,6226
3731,3729,6226,12641
3726,3731,6226,6227
3728,3731,6227,12642
3663,3642,6228,6229
3663,3641,6229,6230
3732,3641,6230,6339
3663,3732,6230,6234
3657,3732,6231,6339
3732,3319,6231,6232
3732,3320,6232,6234
3320,3663,6233,6234
3561,3504,6235,6236
3561,3503,6236,6237
3733,3503,6237,6259
3561,3733,6237,6238
3734,3733,6238,6258
3561,3734,6238,6245
3735,3736,6239,6405
3736,3734,6239,6415
3734,3735,6239,6246
3737,3738,6240,6403
3738,3739,6240,6404
3739,3737,6240,6248
3740,3741,6241,6411
3741,3737,6241,6403
3737,3740,6241,6249
3742,3743,6242,6386
3743,3740,6242,6410
3740,3742,6242,6243
3744,3742,6243,6251
3740,3744,6243,6249
3562,3744,6244,6250
3744,3561,6244,6245
3744,3734,6245,6246
3744,3735,6246,6247
3739,3735,6247,6404
3744,3739,6247,6248
3744,3737,6248,6249
62,3744,6250,6251
62,3742,6251,6252
3745,3742,6252,6386
62,3745,6252,6253
65,3745,6253,6358
3502,3678,6254,6255
3502,3679,6255,6256
3746,3679,6256,6384
3502,3746,6256,6257
3747,3746,6257,6383
3502,3747,6257,6260
3734,3747,6258,6415
3747,3733,6258,6259
3747,3503,6259,6260
3184,3186,6261,6262
3748,3186,6262,6485
3184,3748,6262,6263
3749,3748,6263,-2757
3184,3749,6263,6265
3724,3749,6264,-2757
3749,3553,6264,6265
3627,3444,6266,12561,6
3444,3626,6266,6267
3750,3626,6267,12766
3444,3750,6267,12775
3751,3644,6268,-1606
3645,3751,6268,6269
3752,3751,6269,12730
3645,3752,6269,6277
3753,3754,6270,-725
3754,3752,6270,12731
3752,3753,6270,6271
3755,3753,6271,6350
3752,3755,6271,6272
3756,3755,6272,6357
3752,3756,6272,6273
3689,3756,6273,6340
3752,3689,6273,6274
3752,3688,6274,6275
3752,3647,6275,6276
3752,3646,6276,6277
3621,3757,6278,-147
3757,3080,6278,6279
3757,3081,6279,6280
3757,3078,6280,6301
3078,3076,6281,6282
3078,3075,6282,6302
3074,3072,6283,6284
3074,3071,6284,6285
3074,3070,6285,6286
3074,3069,6286,6287
3758,3069,6287,-1
3074,3758,6287,6288
3759,3758,6288,7543
3074,3759,6288,6289
3760,3759,6289,7546
3074,3760,6289,6304
3761,3762,6290,7333
3762,3760,6290,7334
3760,3761,6290,6305
3763,3764,6291,7292
3764,3761,6291,7332
3761,3763,6291,6292
3765,3763,6292,7291
3761,3765,6292,6306
3766,3767,6293,7290
3767,3765,6293,7291
3765,3766,6293,6307
3768,3769,6294,6654
3769,3770,6294,6655
3770,3768,6294,6308
3771,3772,6295,6573
3772,3773,6295,6574
3773,3771,6295,6296
3774,3771,6296,6572
3773,3774,6296,6310
3775,3776,6297,6571
3776,3774,6297,6572
3774,3775,6297,6311
3777,3778,6298,6535
3778,3775,6298,6571
3775,3777,6298,6299
3779,3777,6299,6381
3775,3779,6299,6300
3780,3779,6300,6380
3775,3780,6300,6311
3757,3780,6301,-147
3780,3078,6301,6302
3780,3075,6302,6303
3780,3074,6303,6304
3780,3760,6304,6305
3780,3761,6305,6306
3780,3765,6306,6307
3780,3766,6307,6312
3770,3766,6308,7290
3766,3768,6308,6309
3773,3768,6309,6574
3766,3773,6309,6310
3766,3774,6310,6312
3774,3780,6311,6312
3391,3423,6313,6330
3423,3425,6314,6315
3423,3426,6315,6316
3423,3427,6316,6317
3423,3430,6317,6318
3423,3429,6318,6331
3781,3428,6319,6842
3429,3781,6319,6332
3782,3783,6320,6506
3783,3781,6320,6842
3781,3782,6320,6321
3784,3782,6321,6507
3781,3784,6321,6322
3785,3784,6322,6508
3781,3785,6322,6323
3786,3785,6323,6509
3781,3786,6323,6333
3787,3788,6324,6531
3788,3789,6324,6511
3789,3787,6324,6325
3790,3787,6325,6512
3789,3790,6325,6334
3791,3792,6326,6513
3792,3790,6326,6512
3790,3791,6326,6327
3793,3791,6327,6513
3790,3793,6327,6335
3794,3795,6328,6515
3795,3793,6328,6514
3793,3794,6328,6336
3393,3794,6329,6515
3794,3391,6329,6330
3794,3423,6330,6331
3794,3429,6331,6332
3794,3781,6332,6333
3794,3786,6333,6336
3789,3786,6334,6510
3786,3790,6334,6335
3786,3793,6335,6336
3641,3656,6337,6338
3641,3657,6338,6339
3690,3756,6340,6341
3796,3756,6341,6356
3690,3796,6341,6342
3797,3796,6342,12576
3690,3797,6342,6343
3798,3797,6343,6593
3690,3798,6343,6344
3799,3798,6344,6592
3690,3799,6344,6345
3438,3799,6345,6467
3690,3438,6345,6346
3690,3440,6346,6349
3800,3801,6347,12676
3801,3440,6347,12675
3440,3800,6347,6348
3691,3800,6348,12677
3440,3691,6348,6349
3802,3753,6350,-725
3755,3802,6350,6351
3803,3802,6351,12606
3755,3803,6351,6352
3804,3803,6352,-2005
3755,3804,6352,6353
3805,3804,6353,-2005
3755,3805,6353,6354
3806,3805,6354,12575
3755,3806,6354,6357
3796,3807,6355,-2005
3807,3806,6355,-2005
3806,3796,6355,6356
3806,3756,6356,6357
3808,3745,6358,6398
65,3808,6358,6359
3809,3808,6359,6397
65,3809,6359,6360
3810,3809,6360,6397
65,3810,6360,6361
3811,3810,6361,6396
65,3811,6361,6372
3812,3813,6362,6394
3813,3814,6362,6395
3814,3812,6362,6363
3815,3812,6363,6393
3814,3815,6363,6364
3816,3815,6364,7306
3814,3816,6364,6374
3817,3818,6365,7322
3818,3816,6365,7310
3816,3817,6365,6375
74,3817,6366,7325
3817,72,6366,6367
3817,70,6367,6368
3817,71,6368,6376
71,69,6369,6376
69,66,6370,6371
69,65,6371,6372
69,3811,6372,6373
3814,3811,6373,6395
69,3814,6373,6374
69,3816,6374,6375
69,3817,6375,6376
3819,3820,6377,-1845
3820,3821,6377,-1845
3821,3819,6377,6379
3822,3823,6378,-1845
3823,3819,6378,-1845
3819,3822,6378,6379
3821,3822,6379,-1845
3780,3680,6380,-147
3680,3779,6380,6381
3680,3777,6381,6382
3824,3777,6382,6534
3680,3824,6382,6385
3747,3824,6383,6416
3824,3746,6383,6385
3746,3680,6384,6385
3745,3743,6386,6387
3825,3743,6387,6409
3745,3825,6387,6399
3826,3827,6388,6556
3827,3828,6388,6557
3828,3826,6388,6389
3829,3826,6389,6666
3828,3829,6389,6390
3830,3829,6390,6665
3828,3830,6390,6401
3831,3832,6391,6663
3832,3830,6391,6664
3830,3831,6391,6392
3815,3831,6392,7306
3830,3815,6392,6393
3830,3812,6393,6394
3830,3813,6394,6402
3813,3811,6395,6396
3813,3810,6396,6402
3810,3808,6397,6398
3810,3745,6398,6399
3810,3825,6399,6400
3828,3825,6400,6408
3810,3828,6400,6401
3810,3830,6401,6402
3741,3738,6403,6412
3738,3735,6404,6413
3833,3736,6405,6421
3735,3833,6405,6413
3834,3835,6406,6552
3835,3836,6406,6420
3836,3834,6406,6407
3828,3834,6407,6557
3836,3828,6407,6408
3836,3825,6408,6409
3836,3743,6409,6410
3836,3740,6410,6411
3836,3741,6411,6412
3836,3738,6412,6414
3738,3833,6413,6414
3836,3833,6414,6421
3736,3747,6415,6416
3736,3824,6416,6417
3837,3824,6417,6534
3736,3837,6417,6418
3838,3837,6418,6538
3736,3838,6418,6419
3835,3838,6419,6552
3736,3835,6419,6420
3736,3836,6420,6421
3839,3612,6422,12688
3612,3840,6422,12559,239
3840,3839,6422,6423
3726,3839,6423,12687
3840,3726,6423,6424
3840,3730,6424,6425
3841,3730,6425,6539
3840,3841,6425,6426
3842,3841,6426,6540
3840,3842,6426,6427
3843,3842,6427,6541
3840,3843,6427,6428
3844,3843,6428,6542
3840,3844,6428,6438
3845,3846,6429,7093
3846,3847,6429,7045
3847,3845,6429,6430
3848,3845,6430,7018
3847,3848,6430,6440
3849,3850,6431,12619
3850,3851,6431,12620
3851,3849,6431,6435
3852,3853,6432,12616
3853,3854,6432,12617
3854,3852,6432,6433
3855,3852,6433,12615
3854,3855,6433,6437
3840,3659,6434,12560,239
3659,3855,6434,12614
3855,3840,6434,6437
3851,3848,6435,7017
3848,3849,6435,6436
3856,3849,6436,12618
3848,3856,6436,6440
3854,3840,6437,6438
3854,3844,6438,6439
3847,3844,6439,7045
3854,3847,6439,6441
3847,3856,6440,6441
3854,3856,6441,12617
3857,3858,6442,14303
3858,3859,6442,14304
3859,3857,6442,6459
3860,3861,6443,14302
3861,3857,6443,14303
3857,3860,6443,6460
3862,3863,6444,14301
3863,3860,6444,14302
3860,3862,6444,6445
3864,3862,6445,14300
3860,3864,6445,6446
3865,3864,6446,14299
3860,3865,6446,6460
3866,3867,6447,6795
3867,3865,6447,14298
3865,3866,6447,6448
3868,3866,6448,-2245
3865,3868,6448,6449
3869,3868,6449,6558
3865,3869,6449,6450
3723,3869,6450,12568
3865,3723,6450,6461
3870,3871,6451,6463,6
3871,3872,6451,6466,6
3872,3870,6451,6452
3723,3870,6452,6462,6
3872,3723,6452,6453
3872,3721,6453,6454
3872,3363,6454,6464
3363,3367,6455,6456
3363,3366,6456,6457
3859,3366,6457,14252
3363,3859,6457,6458
3873,3859,6458,6459,6
3363,3873,6458,6464
3873,3857,6459,6465
3857,3865,6460,6461
3857,3723,6461,6462
3857,3870,6462,6463
3857,3871,6463,6465
3872,3873,6464,6466
3873,3871,6465,6466
3874,3799,6467,6591
3438,3874,6467,6468
3875,3874,6468,6591
3438,3875,6468,6470
3437,3875,6469,6590
3875,3439,6469,6470
3876,3877,6471,12566
3877,3722,6471,12567
3722,3876,6471,6472
3878,3876,6472,6560
3722,3878,6472,6482
3879,3880,6473,6722
3880,3878,6473,6561
3878,3879,6473,6474
3881,3879,6474,-966
3878,3881,6474,6475
3882,3881,6475,-966
3878,3882,6475,6483
3883,3884,6476,-966
3884,3885,6476,-966
3885,3883,6476,6477
3187,3883,6477,-2245
3885,3187,6477,6478
3885,3186,6478,6484
3886,3722,6479,6481,6
3724,3886,6479,6480
3887,3886,6480,6481,6
3724,3887,6480,6487
3887,3722,6481,6482
3887,3878,6482,6483
3887,3882,6483,6489
3885,3882,6484,-966
3882,3186,6484,6485
3882,3748,6485,6486
3888,3748,6486,-2245
3882,3888,6486,6490
3724,3888,6487,-2245
3888,3887,6487,6488
3889,3887,6488,6489,6
3888,3889,6488,6490
3889,3882,6489,6490
3890,3191,6491,6679
3194,3890,6491,6523
3891,3892,6492,7009
3892,3890,6492,6680
3890,3891,6492,6493
3893,3891,6493,6994
3890,3893,6493,6524
3894,3895,6494,7582
3895,3893,6494,6994
3893,3894,6494,6525
3896,3897,6495,7584
3897,3894,6495,7583
3894,3896,6495,6496
3898,3896,6496,7179
3894,3898,6496,6497
3899,3898,6497,7180
3894,3899,6497,6498
3900,3899,6498,7181
3894,3900,6498,6499
3901,3900,6499,7187
3894,3901,6499,6500
3902,3901,6500,7182
3894,3902,6500,6501
3903,3902,6501,7182
3894,3903,6501,6526
3904,3905,6502,7184
3905,3903,6502,7183
3903,3904,6502,6527
3906,3907,6503,7167
3907,3908,6503,7166
3908,3906,6503,6529
3909,3910,6504,-9158
3910,3906,6504,7167
3906,3909,6504,6505
3783,3909,6505,-966
3906,3783,6505,6506
3906,3782,6506,6507
3906,3784,6507,6508
3906,3785,6508,6509
3906,3786,6509,6510
3906,3789,6510,6511
3906,3788,6511,6530
3787,3792,6512,6532
3792,3793,6513,6514
3792,3795,6514,6533
3795,3393,6515,6516
3795,3392,6516,6517
3911,3392,6517,12919
3795,3911,6517,6518
3912,3911,6518,12553
3795,3912,6518,6519
3913,3912,6519,12552
3795,3913,6519,6520
3914,3913,6520,12934
3795,3914,6520,6521
3194,3914,6521,12934
3795,3194,6521,6522
3915,3194,6522,6523,6
3795,3915,6522,6533
3915,3890,6523,6524
3915,3893,6524,6525
3915,3894,6525,6526
3915,3903,6526,6527
3915,3904,6527,6528
3908,3904,6528,7166
3915,3908,6528,6529
3915,3906,6529,6530
3915,3788,6530,6531
3915,3787,6531,6532
3915,3792,6532,6533
3837,3777,6534,6535
3837,3778,6535,6536
3916,3778,6536,6581
3837,3916,6536,6537
3917,3916,6537,6647
3837,3917,6537,6538
3838,3917,6538,6553
3730,3918,6539,12640
3918,3841,6539,6540
3918,3842,6540,6541
3918,3843,6541,6542
3918,3844,6542,6543
3919,3844,6543,7049
3918,3919,6543,6544
3920,3919,6544,7049
3918,3920,6544,6545
3921,3920,6545,7048
3918,3921,6545,6546
3922,3921,6546,7096
3918,3922,6546,6551
3923,3924,6547,12636
3924,3922,6547,7226
3922,3923,6547,6548
3925,3923,6548,12637
3922,3925,6548,6549
3926,3925,6549,12638
3922,3926,6549,6550
3927,3926,6550,12639
3922,3927,6550,6551
3918,3927,6551,12639
3834,3838,6552,6553
3834,3917,6553,6554
3928,3917,6554,6668
3834,3928,6554,6555
3826,3928,6555,6667
3834,3826,6555,6556
3834,3827,6556,6557
3929,3869,6558,12565
3868,3929,6558,6559
3876,3929,6559,12565
3868,3876,6559,6560
3868,3878,6560,6561
3868,3880,6561,6562
3930,3880,6562,6721
3868,3930,6562,6563
3931,3930,6563,6773
3868,3931,6563,6566
3932,3933,6564,6824
3933,3931,6564,6779
3931,3932,6564,6565
3934,3932,6565,-2244
3931,3934,6565,6566
3868,3934,6566,-2277
85,82,6567,6568
85,81,6568,6569
85,80,6569,6570
3594,80,6570,6767
85,3594,6570,-52
3778,3776,6571,6582
3776,3771,6572,6573
3776,3772,6573,6583
3772,3768,6574,6575
3935,3768,6575,6654
3772,3935,6575,6576
3936,3935,6576,6653
3772,3936,6576,6577
3937,3936,6577,6652
3772,3937,6577,6584
3938,3939,6578,6651
3939,3937,6578,6652
3937,3938,6578,6579
3940,3938,6579,6650
3937,3940,6579,6585
3941,3942,6580,6648
3942,3940,6580,6649
3940,3941,6580,6585
3916,3941,6581,6647
3941,3778,6581,6582
3941,3776,6582,6583
3941,3772,6583,6584
3941,3937,6584,6585
3201,3199,6586,6588
3943,3196,6587,12556,6
3195,3943,6587,6589
3201,3943,6588,12555,6
3943,3199,6588,6589
3435,3875,6590,6598
3875,3799,6591,6592
3875,3798,6592,6599
3944,3797,6593,12577
3798,3944,6593,6594
3945,3944,6594,6699
3798,3945,6594,6599
3946,3947,6595,12582
3947,3945,6595,6703
3945,3946,6595,6596
3436,3946,6596,6731
3945,3436,6596,6597
3945,3435,6597,6598
3945,3875,6598,6599
3948,3949,6600,6754
3949,3950,6600,6743
3950,3948,6600,6646
3951,3952,6601,6602,239
3952,3953,6601,6742
3953,3951,6601,6632
3954,3952,6602,12523
3951,3954,6602,6603
3955,3954,6603,7416
3951,3955,6603,6604
3956,3955,6604,7433
3951,3956,6604,6605
3957,3956,6605,7434
3951,3957,6605,6632
3958,3959,6606,6938
3959,3960,6606,7435
3960,3958,6606,6607
3961,3958,6607,6937
3960,3961,6607,6608
3962,3961,6608,6936
3960,3962,6608,6609
3963,3962,6609,6935
3960,3963,6609,6610
3964,3963,6610,6934
3960,3964,6610,6634
24,3965,6611,6761
3965,3964,6611,6760
3964,24,6611,6612
3964,27,6612,6635
27,29,6613,6614
27,32,6614,6615
27,31,6615,6636
31,34,6616,6637
34,35,6617,6618
34,37,6618,6640
37,39,6619,6643
39,40,6620,6621
39,61,6621,6622
39,60,6622,6644
60,42,6623,6645
46,3966,6624,-1844
3966,41,6624,-1844
41,46,6624,6625
41,3652,6625,6638
3967,3653,6626,6689
3652,3967,6626,6627
3968,3967,6627,12540,239
3652,3968,6627,6628
3969,3968,6628,12546,239
3652,3969,6628,6629
3970,3969,6629,6745
3652,3970,6629,6630
3971,3970,6630,6744
3652,3971,6630,6631
3950,3971,6631,6743
3652,3950,6631,6638
3953,3957,6632,6633
3960,3957,6633,7434
3953,3960,6633,6634
3953,3964,6634,6635
3953,27,6635,6636
3953,31,6636,6637
3953,34,6637,6639
41,3950,6638,6641
3953,3972,6639,6742
3972,34,6639,6640
3972,37,6640,6642
42,3950,6641,6645
3972,3948,6642,6750
3948,37,6642,6643
3948,39,6643,6644
3948,60,6644,6646
60,3950,6645,6646
3917,3941,6647,6648
3917,3942,6648,6649
3917,3940,6649,6650
3917,3938,6650,6651
3917,3939,6651,6669
3939,3936,6652,6653
3939,3935,6653,6670
3935,3769,6654,6671
3973,3770,6655,7296
3769,3973,6655,6672
3974,3975,6656,7331
3975,3976,6656,7294
3976,3974,6656,6657
3977,3974,6657,7330
3976,3977,6657,6673
3978,3979,6658,7329
3979,3977,6658,7330
3977,3978,6658,6659
3980,3978,6659,7328
3977,3980,6659,6674
3981,3982,6660,7326
3982,3983,6660,7327
3983,3981,6660,6676
3984,3985,6661,7354
3985,3981,6661,7326
3981,3984,6661,6662
3831,3984,6662,7307
3981,3831,6662,6663
3981,3832,6663,6664
3981,3830,6664,6665
3981,3829,6665,6666
3981,3826,6666,6667
3981,3928,6667,6668
3981,3917,6668,6669
3981,3939,6669,6670
3981,3935,6670,6671
3981,3769,6671,6672
3981,3973,6672,6676
3976,3973,6673,7295
3973,3977,6673,6674
3973,3980,6674,6675
3983,3980,6675,7327
3973,3983,6675,6676
3190,3192,6677,6678
3190,3191,6678,6679
3190,3890,6679,6680
3190,3892,6680,6681
3986,3892,6681,6993
3190,3986,6681,6682
3987,3986,6682,6992
3190,3987,6682,6683
3988,3987,6683,6992
3190,3988,6683,6684
3989,3988,6684,6973
3190,3989,6684,6685
3990,3989,6685,6707
3190,3990,6685,6687
3991,3187,6686,-2757
3187,3992,6686,-2757
3992,3991,6686,6688
3190,3991,6687,-2757
3991,3990,6687,6688
3992,3990,6688,6706
3967,3654,6689,6696
3654,3648,6690,6691
3654,3649,6691,6697
3649,3662,6692,6693
3993,3662,6693,12539,239
3649,3993,6693,6694
3994,3993,6694,12632
3649,3994,6694,6695
3995,3994,6695,12534,239
3649,3995,6695,6697
3967,3996,6696,12533,239
3996,3654,6696,6698
3654,3995,6697,6698
3996,3995,6698,12538,239
3997,3944,6699,12578
3945,3997,6699,6700
3998,3997,6700,12579
3945,3998,6700,6703
3999,4000,6701,12581
4000,3998,6701,12580
3998,3999,6701,6702
3947,3999,6702,12581
3998,3947,6702,6703
4001,3882,6704,-2757
3882,4002,6704,-2757
4002,4001,6704,6705
3884,4001,6705,-2757
4002,3884,6705,6723
3992,3884,6706,-2757
3884,3990,6706,6707
3884,3989,6707,6708
4003,3989,6708,6973
3884,4003,6708,6709
4004,4003,6709,6989
3884,4004,6709,6710
4005,4004,6710,6988
3884,4005,6710,6724
4006,4007,6711,6987
4007,4005,6711,6988
4005,4006,6711,6712
4008,4006,6712,6986
4005,4008,6712,6713
4009,4008,6713,6985
4005,4009,6713,6725
4010,4011,6714,6982
4011,4012,6714,6983
4012,4010,6714,6715
4013,4010,6715,-965
4012,4013,6715,6716
4014,4013,6716,-965
4012,4014,6716,6727
4015,4016,6717,6971
4016,4017,6717,6970
4017,4015,6717,6718
4018,4015,6718,6960
4017,4018,6718,6719
4019,4018,6719,6776
4017,4019,6719,6728
4020,4021,6720,6774
4021,4019,6720,6775
4019,4020,6720,6729
3930,4020,6721,6773
4020,3880,6721,6722
4020,3879,6722,6729
4002,3879,6723,-2757
3879,3884,6723,6724
3879,4005,6724,6725
3879,4009,6725,6726
4012,4009,6726,6984
3879,4012,6726,6727
3879,4014,6727,6730
4017,4014,6728,6959
4014,4019,6728,6730
4019,3879,6729,6730
3434,3946,6731,6732
4022,3946,6732,12583
3434,4022,6732,6740
4023,4024,6733,7038
4024,4022,6733,7153
4022,4023,6733,6734
4025,4023,6734,7037
4022,4025,6734,6740
4026,4027,6735,7044
4027,4025,6735,7037
4025,4026,6735,6741
4028,4029,6736,6837
4029,4026,6736,7044
4026,4028,6736,6737
3432,4028,6737,6836
4026,3432,6737,6738
4026,3433,6738,6739
4026,3434,6739,6741
3434,4025,6740,6741
3952,3972,6742,6749
3949,3971,6743,6744
3949,3970,6744,6745
3949,3969,6745,6751
4030,4031,6746,6747,239
4031,3969,6746,12514,239
3969,4030,6746,6751
4032,4031,6747,12513,239
4030,4032,6747,6752
4033,4034,6748,12512,239
4034,4032,6748,12513,239
4032,4033,6748,6753
3952,4033,6749,12512,239
4033,3972,6749,6750
4033,3948,6750,6753
3949,4030,6751,6752
3949,4032,6752,6754
4032,3948,6753,6754
23,21,6755,6756
23,20,6756,6757
4035,20,6757,6932
23,4035,6757,6758
4036,4035,6758,6933
23,4036,6758,6759
4037,4036,6759,6933
23,4037,6759,6764
3964,4037,6760,6934
4037,3965,6760,6765
3965,25,6761,6765
25,59,6762,6763
25,23,6763,6764
25,4037,6764,6765
3602,3594,6766,6767
3602,80,6767,6768
3602,79,6768,6769
3602,78,6769,6772
78,3592,6770,6771
78,3591,6771,6772
3931,4020,6773,6774
3931,4021,6774,6775
3931,4019,6775,6779
4038,4018,6776,6960
4019,4038,6776,6777
4039,4038,6777,6825
4019,4039,6777,6778
3933,4039,6778,6824
4019,3933,6778,6779
4040,4041,6780,14296
4041,3867,6780,14297
3867,4040,6780,6796
4042,4043,6781,14293
4043,4044,6781,14294
4044,4042,6781,6782
4045,4042,6782,12500,6
4044,4045,6782,6783
4046,4045,6783,12499,6
4044,4046,6783,6784
4047,4046,6784,12499,6
4044,4047,6784,6785
4048,4047,6785,12511,6
4044,4048,6785,6786
4049,4048,6786,12498,6
4044,4049,6786,6787
4050,4049,6787,12498,6
4044,4050,6787,6788
4051,4050,6788,12506,6
4044,4051,6788,6789
4052,4051,6789,6964
4044,4052,6789,6790
4053,4052,6790,6963
4044,4053,6790,6791
4054,4053,6791,6828
4044,4054,6791,6792
4055,4054,6792,6829
4044,4055,6792,6793
4056,4055,6793,6830
4044,4056,6793,6797
3866,3932,6794,-2245
3932,4056,6794,6830
4056,3866,6794,6795
4056,3867,6795,6796
4056,4040,6796,6797
4044,4040,6797,14295
4057,3698,6798,12597
3698,4058,6798,12495,239
4058,4057,6798,6799
4059,4057,6799,12596
4058,4059,6799,6800
4060,4059,6800,6801
4058,4060,6800,6903
4059,4061,6801,12596
4061,4060,6801,6816
4062,4063,6802,6907
4063,4064,6802,6906
4064,4062,6802,6803
4065,4062,6803,7077
4064,4065,6803,6819
4066,4067,6804,6908
4067,4068,6804,7079
4068,4066,6804,6805
4069,4066,6805,6923
4068,4069,6805,6806
4070,4069,6806,6909
4068,4070,6806,6807
4071,4070,6807,6909
4068,4071,6807,6808
4072,4071,6808,6954
4068,4072,6808,6809
4073,4072,6809,6953
4068,4073,6809,6810
4074,4073,6810,12589
4068,4074,6810,6811
4075,4074,6811,12590
4068,4075,6811,6812
4076,4075,6812,12602
4068,4076,6812,6813
4077,4076,6813,12591
4068,4077,6813,6814
4078,4077,6814,12591
4068,4078,6814,6821
4079,4080,6815,12593
4080,4078,6815,12592
4078,4079,6815,6821
4061,4081,6816,12595
4081,4060,6816,6817
4082,4060,6817,6904
4081,4082,6817,6818
4064,4082,6818,6905
4081,4064,6818,6819
4081,4065,6819,6820
4068,4065,6820,7079
4081,4068,6820,6823
4068,4079,6821,6822
4083,4079,6822,12593
4068,4083,6822,6823
4081,4083,6823,12594
3932,4039,6824,6825
3932,4038,6825,6826
4084,4038,6826,6961
3932,4084,6826,6827
4053,4084,6827,6962
3932,4053,6827,6828
3932,4054,6828,6829
3932,4055,6829,6830
4085,4086,6831,12549
4086,4087,6831,12548
4087,4085,6831,6832
4088,4085,6832,12516
4087,4088,6832,6833
4089,4088,6833,12517
4087,4089,6833,6834
4090,4089,6834,6869
4087,4090,6834,6844
3428,3432,6835,6836
3428,4028,6836,6837
3428,4029,6837,6838
4091,4029,6838,7043
3428,4091,6838,6839
4092,4091,6839,7101
3428,4092,6839,6840
4093,4092,6840,7106
3428,4093,6840,6841
3783,4093,6841,-197
3428,3783,6841,6842
4090,4094,6843,6870
4094,4095,6843,6871
4095,4090,6843,6844
4095,4087,6844,6845
4096,4087,6845,12547
4095,4096,6845,6849
4097,4098,6846,12550
4098,4096,6846,12485,239
4096,4097,6846,6849
4099,4100,6847,12490,239
4100,4097,6847,12550
4097,4099,6847,6848
4095,4099,6848,6871
4097,4095,6848,6849
4101,4102,6850,12482,330
4102,4103,6850,7571
4103,4101,6850,6851
4104,4101,6851,7449
4103,4104,6851,6852
4105,4104,6852,7449
4103,4105,6852,6885
4106,4107,6853,7055
4107,4105,6853,7455
4105,4106,6853,6886
4108,4109,6854,7057
4109,4110,6854,7056
4110,4108,6854,6855
4111,4108,6855,7057
4110,4111,6855,6856
4112,4111,6856,7058
4110,4112,6856,6857
4113,4112,6857,7058
4110,4113,6857,6858
4114,4113,6858,7059
4110,4114,6858,6859
4115,4114,6859,7059
4110,4115,6859,6860
4116,4115,6860,7060
4110,4116,6860,6888
4117,4118,6861,7061
4118,4116,6861,7060
4116,4117,6861,6889
4119,4120,6862,-2867
4120,4121,6862,-2867
4121,4119,6862,6863
4122,4119,6863,7063
4121,4122,6863,6864
4123,4122,6864,7064
4121,4123,6864,6865
4124,4123,6865,7064
4121,4124,6865,6866
4125,4124,6866,7065
4121,4125,6866,6867
4126,4125,6867,7065
4121,4126,6867,6891
4089,4127,6868,12518
4127,4128,6868,7050
4128,4089,6868,6869
4128,4090,6869,6870
4128,4094,6870,6892
4094,4099,6871,6872
4129,4099,6872,12480,239
4094,4129,6872,6873
4130,4129,6873,12480,239
4094,4130,6873,6874
4131,4130,6874,12493
4094,4131,6874,6893
4132,4133,6875,12491
4133,4134,6875,12492
4134,4132,6875,6876
4135,4132,6876,12449
4134,4135,6876,6877
4136,4135,6877,7287
4134,4136,6877,6878
4137,4136,6878,7424
4134,4137,6878,6879
4138,4137,6879,7751
4134,4138,6879,6880
4139,4138,6880,7779
4134,4139,6880,6881
4140,4139,6881,7779
4134,4140,6881,6882
4141,4140,6882,12484,330
4134,4141,6882,6883
4142,4141,6883,7572
4134,4142,6883,6884
4103,4142,6884,7571
4134,4103,6884,6885
4134,4105,6885,6886
4134,4106,6886,6887
4110,4106,6887,7055
4134,4110,6887,6888
4134,4116,6888,6889
4134,4117,6889,6890
4121,4117,6890,7061
4134,4121,6890,6891
4134,4126,6891,6894
4128,4126,6892,7066
4126,4094,6892,6893
4126,4131,6893,6894
4134,4131,6894,12492
4143,4144,6895,12374
4144,4145,6895,12363
4145,4143,6895,6896
4146,4143,6896,12373
4145,4146,6896,6897
4147,4146,6897,12362
4145,4147,6897,6898
4148,4147,6898,12361
4145,4148,6898,6899
4149,4148,6899,12360
4145,4149,6899,6900
4150,4149,6900,12673
4145,4150,6900,6901
4151,4150,6901,12470,239
4145,4151,6901,6902
4058,4151,6902,12470,239
4145,4058,6902,6903
4145,4060,6903,6904
4145,4082,6904,6905
4145,4064,6905,6906
4145,4063,6906,6907
4145,4062,6907,6922
4067,4152,6908,7078
4152,4066,6908,6928
4069,4071,6909,6910
4153,4071,6910,6955
4069,4153,6910,6911
4154,4153,6911,12586
4069,4154,6911,6912
4155,4154,6912,7148
4069,4155,6912,6913
4156,4155,6913,7302
4069,4156,6913,6914
4157,4156,6914,7405
4069,4157,6914,6915
4158,4157,6915,7404
4069,4158,6915,6916
4159,4158,6916,7403
4069,4159,6916,6923
4160,4161,6917,7402
4161,4159,6917,7403
4159,4160,6917,6924
4162,4163,6918,7400
4163,4160,6918,7401
4160,4162,6918,6929
4164,4165,6919,12472,239
4165,4166,6919,7399
4166,4164,6919,6920
4167,4164,6920,12471,239
4166,4167,6920,6925
4145,4168,6921,12363
4168,4167,6921,12471,239
4167,4145,6921,6922
4167,4062,6922,6926
4066,4159,6923,6924
4066,4160,6924,6928
4166,4162,6925,7399
4162,4167,6925,6926
4162,4062,6926,6927
4152,4062,6927,7077
4162,4152,6927,6929
4152,4160,6928,6929
3574,3572,6930,6948
4169,17,6931,-1844
3572,4169,6931,6949
20,4169,6932,-1844
4169,4035,6932,6950
4035,4037,6933,6951
4037,3963,6934,6935
4037,3962,6935,6936
4037,3961,6936,6937
4037,3958,6937,6952
4170,3959,6938,7436
3958,4170,6938,6939
4171,4170,6939,7782
3958,4171,6939,6940
4172,4171,6940,7783
3958,4172,6940,6941
4173,4172,6941,7891
3958,4173,6941,6942
4174,4173,6942,7756
3958,4174,6942,6943
4175,4174,6943,7756
3958,4175,6943,6944
4176,4175,6944,12457,268
3958,4176,6944,6945
4177,4176,6945,12456,268
3958,4177,6945,6946
4178,4177,6946,12455,268
3958,4178,6946,6952
3576,4178,6947,12455,268
4178,3574,6947,6948
4178,3572,6948,6949
4178,4169,6949,6950
4178,4035,6950,6951
4178,4037,6951,6952
4073,4179,6953,12588
4179,4072,6953,6954
4179,4071,6954,6955
4179,4153,6955,12587
4180,4181,6956,7246
4181,4182,6956,12505
4182,4180,6956,6957
4010,4180,6957,6981
4182,4010,6957,6958
4183,4010,6958,-966
4182,4183,6958,6968
4014,4183,6959,-966
4183,4017,6959,6969
4015,4038,6960,6961
4015,4084,6961,6962
4015,4053,6962,6963
4015,4052,6963,6971
4184,4051,6964,6966,6
4052,4184,6964,6965
4185,4184,6965,6966,6
4052,4185,6965,6972
4185,4051,6966,6967
4182,4051,6967,12506
4185,4182,6967,6968
4185,4183,6968,6969
4185,4017,6969,6970
4185,4016,6970,6972
4016,4052,6971,6972
4003,3988,6973,6974
4186,3988,6974,7007
4003,4186,6974,6989
4187,4188,6975,7006
4188,4186,6975,7007
4186,4187,6975,6976
4189,4187,6976,7281
4186,4189,6976,6977
4190,4189,6977,7280
4186,4190,6977,6978
4191,4190,6978,7243
4186,4191,6978,6979
4192,4191,6979,7244
4186,4192,6979,6980
4193,4192,6980,7245
4186,4193,6980,6990
4180,4193,6981,7245
4193,4010,6981,6982
4193,4011,6982,6983
4193,4012,6983,6984
4193,4009,6984,6985
4193,4008,6985,6986
4193,4006,6986,6987
4193,4007,6987,6990
4007,4004,6988,6991
4004,4186,6989,6991
4186,4007,6990,6991
3988,3986,6992,6993
3988,3892,6993,7008
3891,3895,6994,6995
4194,3895,6995,7582
3891,4194,6995,6996
4195,4194,6996,7586
3891,4195,6996,7009
4196,4197,6997,7668
4197,4195,6997,7585
4195,4196,6997,6998
4198,4196,6998,7893
4195,4198,6998,6999
4199,4198,6999,7892
4195,4199,6999,7000
4200,4199,7000,7561
4195,4200,7000,7001
4201,4200,7001,7561
4195,4201,7001,7002
4202,4201,7002,7560
4195,4202,7002,7010
4203,4204,7003,7559
4204,4202,7003,7560
4202,4203,7003,7004
4205,4203,7004,7558
4202,4205,7004,7011
4206,4207,7005,7267
4207,4205,7005,7557
4205,4206,7005,7012
4187,4208,7006,7266
4208,4188,7006,7014
4188,3988,7007,7008
4188,3892,7008,7014
3892,4195,7009,7010
3892,4202,7010,7011
3892,4205,7011,7012
3892,4206,7012,7013
4208,4206,7013,7266
3892,4208,7013,7014
4209,4210,7015,12529
4210,4211,7015,12487
4211,4209,7015,7022
3851,4212,7016,12528
4212,4209,7016,12529
4209,3851,7016,7017
4209,3848,7017,7022
4213,3845,7018,7092
3848,4213,7018,7019
4214,4213,7019,12453,239
3848,4214,7019,7020
4215,4214,7020,12452,239
3848,4215,7020,7021
4211,4215,7021,12451,239
3848,4211,7021,7022
4216,4217,7023,12440,6
4217,4218,7023,12441,6
4218,4216,7023,7036
4219,4220,7024,12445,6
4220,4216,7024,12440,6
4216,4219,7024,7025
4221,4219,7025,7250
4216,4221,7025,7026
4222,4221,7026,7249
4216,4222,7026,7027
4223,4222,7027,12504
4216,4223,7027,7028
4224,4223,7028,12503
4216,4224,7028,7029
4225,4224,7029,12502
4216,4225,7029,7036
4226,4227,7030,14332
4227,4225,7030,12501
4225,4226,7030,7031
4228,4226,7031,14331
4225,4228,7031,7032
4229,4228,7032,14330
4225,4229,7032,7033
4230,4229,7033,7107
4225,4230,7033,7034
4231,4230,7034,7108
4225,4231,7034,7035
4218,4231,7035,7115
4225,4218,7035,7036
4027,4023,7037,7038
4027,4024,7038,7039
4232,4024,7039,7152
4027,4232,7039,7040
4233,4232,7040,7368
4027,4233,7040,7041
4234,4233,7041,7456
4027,4234,7041,7042
4091,4234,7042,7101
4027,4091,7042,7043
4027,4029,7043,7044
3844,3846,7045,7046
4235,3846,7046,7094
3844,4235,7046,7047
3921,4235,7047,7095
3844,3921,7047,7048
3844,3920,7048,7049
4236,4127,7050,12519
4128,4236,7050,7051
4237,4236,7051,12520
4128,4237,7051,7052
4238,4237,7052,12520
4128,4238,7052,7074
4239,4240,7053,7555
4240,4241,7053,7422
4241,4239,7053,7054
4107,4239,7054,7455
4241,4107,7054,7067
4107,4110,7055,7056
4107,4109,7056,7068
4109,4111,7057,7069
4111,4113,7058,7069
4113,4115,7059,7070
4115,4118,7060,7070
4118,4121,7061,7062
4242,4121,7062,-2868
4118,4242,7062,7071
4119,4242,7063,-2868
4242,4122,7063,7072
4122,4124,7064,7073
4124,4126,7065,7066
4124,4128,7066,7073
4241,4238,7067,7415
4238,4107,7067,7068
4238,4109,7068,7075
4109,4113,7069,7076
4113,4118,7070,7071
4113,4242,7071,7072
4113,4122,7072,7076
4122,4128,7073,7074
4122,4238,7074,7075
4122,4109,7075,7076
4065,4152,7077,7078
4065,4067,7078,7079
4243,4244,7080,12663
4244,4245,7080,-2004
4245,4243,7080,7081
4246,4243,7081,12664
4245,4246,7081,7082
4247,4246,7082,12634
4245,4247,7082,7083
4248,4247,7083,12314
4245,4248,7083,7084
4249,4248,7084,-5076
4245,4249,7084,7085
4250,4249,7085,-5076
4245,4250,7085,7086
4251,4250,7086,-212
4245,4251,7086,7087
4252,4251,7087,-212
4245,4252,7087,7091
4253,4254,7088,7190
4254,4252,7088,12320
4252,4253,7088,7089
4255,4253,7089,7191
4252,4255,7089,7091
4245,4256,7090,-2004
4256,4255,7090,7191
4255,4245,7090,7091
4213,4257,7092,12435,239
4257,3845,7092,7093
4257,3846,7093,7094
4257,4235,7094,7095
4257,3921,7095,7096
4257,3922,7096,7100
4258,4259,7097,7224
4259,3922,7097,7225
3922,4258,7097,7098
4260,4258,7098,12438,239
3922,4260,7098,7099
4261,4260,7099,12438,239
3922,4261,7099,7100
4257,4261,7100,12310
4092,4234,7101,7102
4262,4234,7102,7464
4092,4262,7102,7103
4263,4262,7103,7463
4092,4263,7103,7104
4264,4263,7104,7169
4092,4264,7104,7105
3910,4264,7105,7168
4092,3910,7105,7106
4093,3910,7106,-197
4229,4265,7107,14329
4265,4230,7107,7108
4265,4231,7108,7109
4266,4231,7109,7116
4265,4266,7109,7110
4267,4266,7110,7139
4265,4267,7110,7114
4268,4269,7111,7117
4269,4267,7111,7147
4267,4268,7111,7114
4270,4271,7112,7118
4271,4268,7112,7117
4268,4270,7112,7113
4265,4270,7113,14328
4268,4265,7113,7114
4218,4272,7115,12413,6
4272,4231,7115,7116
4272,4266,7116,7138
4269,4271,7117,7140
4273,4270,7118,14328
4271,4273,7118,7119
4274,4273,7119,14327
4271,4274,7119,7120
4275,4274,7120,12882
4271,4275,7120,7121
4276,4275,7121,12882
4271,4276,7121,7122
4277,4276,7122,12881
4271,4277,7122,7123
4278,4277,7123,12880
4271,4278,7123,7140
4279,4280,7124,12879
4280,4278,7124,12880
4278,4279,7124,7125
4281,4279,7125,12878
4278,4281,7125,7141
4282,4283,7126,13090
4283,4281,7126,12877
4281,4282,7126,7142
4284,4285,7127,13102
4285,4282,7127,13090
4282,4284,7127,7128
4286,4284,7128,13089
4282,4286,7128,7143
4287,4288,7129,12416,6
4288,4286,7129,13088
4286,4287,7129,7130
4289,4287,7130,12416,6
4286,4289,7130,7131
4290,4289,7131,12431,6
4286,4290,7131,7132
4291,4290,7132,12415,6
4286,4291,7132,7133
4292,4291,7133,12415,6
4286,4292,7133,7134
4293,4292,7134,12402,6
4286,4293,7134,7144
4294,4295,7135,12406,6
4295,4293,7135,12409,6
4293,4294,7135,7145
4296,4297,7136,12400,6
4297,4294,7136,12401,6
4294,4296,7136,7145
4272,4298,7137,12413,6
4298,4296,7137,12399,6
4296,4272,7137,7138
4296,4266,7138,7139
4296,4267,7139,7146
4269,4278,7140,7141
4269,4281,7141,7142
4269,4282,7142,7143
4269,4286,7143,7144
4269,4293,7144,7147
4293,4296,7145,7146
4293,4267,7146,7147
4154,4299,7148,12585
4299,4155,7148,7149
4300,4155,7149,7305
4299,4300,7149,7150
4301,4300,7150,7305
4299,4301,7150,7151
4232,4301,7151,7367
4299,4232,7151,7152
4299,4024,7152,7153
4299,4022,7153,12584
77,75,7154,7164
4302,4303,7155,7308
4303,75,7155,7323
75,4302,7155,7156
4304,4302,7156,7352
75,4304,7156,7157
4305,4304,7157,7622
75,4305,7157,7165
3583,4305,7158,7576
4305,3584,7158,7159
4305,3586,7159,7165
3586,3587,7160,7161
4306,3587,7161,-52
3586,4306,7161,7162
3588,4306,7162,-52
3586,3588,7162,7163
3586,77,7163,7164
3586,75,7164,7165
3904,3907,7166,7185
3907,3910,7167,7168
3907,4264,7168,7169
3907,4263,7169,7170
4307,4263,7170,7462
3907,4307,7170,7171
4308,4307,7171,7461
3907,4308,7171,7172
4309,4308,7172,7373
3907,4309,7172,7173
4310,4309,7173,-68
3907,4310,7173,7174
4311,4310,7174,-68
3907,4311,7174,7175
4312,4311,7175,7376
3907,4312,7175,7176
4313,4312,7176,7377
3907,4313,7176,7177
4314,4313,7177,7378
3907,4314,7177,7178
4315,4314,7178,7379
3907,4315,7178,7188
3896,4316,7179,7661
4316,3898,7179,7180
4316,3899,7180,7181
4316,3900,7181,7186
3901,3903,7182,7183
3901,3905,7183,7184
3901,3904,7184,7185
3901,3907,7185,7187
4316,4315,7186,7661
4315,3900,7186,7188
3900,3907,7187,7188
4254,4317,7189,12321
4317,4318,7189,7621
4318,4254,7189,7190
4318,4253,7190,7197
4253,4256,7191,7192
4319,4256,7192,12633
4253,4319,7192,7193
4320,4319,7193,12660
4253,4320,7193,7194
4321,4320,7194,12371,239
4253,4321,7194,7195
4322,4321,7195,12371,239
4253,4322,7195,7196
4323,4322,7196,12370,239
4253,4323,7196,7197
4318,4323,7197,7620
4324,4325,7198,12306
4325,4261,7198,12439
4261,4324,7198,7215
4326,4327,7199,12317,239
4327,4324,7199,12308
4324,4326,7199,7200
4328,4326,7200,12309
4324,4328,7200,7201
4329,4328,7201,12311,239
4324,4329,7201,7202
4330,4329,7202,12341,239
4324,4330,7202,7203
4331,4330,7203,12340,239
4324,4331,7203,7204
4332,4331,7204,7917
4324,4332,7204,7205
4333,4332,7205,7316
4324,4333,7205,7206
4334,4333,7206,-980
4324,4334,7206,7207
4335,4334,7207,-980
4324,4335,7207,7208
4336,4335,7208,7319
4324,4336,7208,7209
4337,4336,7209,7320
4324,4337,7209,7215
4338,4339,7210,7220
4339,4340,7210,7311
4340,4338,7210,7211
4341,4338,7211,12436
4340,4341,7211,7212
4257,4341,7212,12435
4340,4257,7212,7213
4342,4257,7213,12310,239
4340,4342,7213,7214
4261,4342,7214,12310,239
4340,4261,7214,7216
4261,4337,7215,7216
4340,4337,7216,7311
4343,4344,7217,7289
4344,4338,7217,12447
4338,4343,7217,7218
4345,4343,7218,7423
4338,4345,7218,7219
4346,4345,7219,7432
4338,4346,7219,7220
4339,4346,7220,7431
4347,4326,7221,12317
4326,4348,7221,12309,239
4348,4347,7221,7230
4349,4327,7222,12308,239
4327,4347,7222,12317
4347,4349,7222,7223
4258,4349,7223,12307,239
4347,4258,7223,7224
4347,4259,7224,7225
4347,3922,7225,7226
4347,3924,7226,7230
4350,4351,7227,12312
4351,3924,7227,12635
3924,4350,7227,7228
4352,4350,7228,12312
3924,4352,7228,7231
4348,4328,7229,12309,239
4328,4352,7229,12311
4352,4348,7229,7231
4348,3924,7230,7231
4353,4354,7232,-2246
4354,4355,7232,7699
4355,4353,7232,7233
4356,4353,7233,-2278
4355,4356,7233,7234
4357,4356,7234,7271
4355,4357,7234,7255
4358,4359,7235,7273
4359,4357,7235,7272
4357,4358,7235,7236
4360,4358,7236,7273
4357,4360,7236,7237
4361,4360,7237,-2278
4357,4361,7237,7256
4362,4363,7238,7285
4363,4364,7238,7276
4364,4362,7238,7239
4365,4362,7239,7277
4364,4365,7239,7257
4366,4367,7240,7283
4367,4365,7240,7277
4365,4366,7240,7241
4368,4366,7241,7278
4365,4368,7241,7258
4190,4369,7242,7279
4369,4368,7242,7278
4368,4190,7242,7243
4368,4191,7243,7244
4368,4192,7244,7259
4192,4180,7245,7246
4192,4181,7246,7247
4370,4181,7247,12505
4192,4370,7247,7248
4222,4370,7248,12509
4192,4222,7248,7249
4192,4221,7249,7260
4371,4219,7250,12300,6
4221,4371,7250,7261
4372,4373,7251,12298,6
4373,4374,7251,12299,6
4374,4372,7251,7263
4375,4376,7252,12297,6
4376,4372,7252,12298,6
4372,4375,7252,7264
4377,4378,7253,12295,6
4378,4375,7253,12296,6
4375,4377,7253,7265
4355,4379,7254,12293,6
4379,4377,7254,12294,6
4377,4355,7254,7255
4377,4357,7255,7256
4377,4361,7256,7265
4364,4361,7257,-2278
4361,4365,7257,7258
4361,4368,7258,7259
4361,4192,7259,7260
4361,4221,7260,7261
4361,4371,7261,7262
4374,4371,7262,12299,6
4361,4374,7262,7263
4361,4372,7263,7264
4361,4375,7264,7265
4187,4206,7266,7267
4187,4207,7267,7268
4380,4207,7268,7557
4187,4380,7268,7269
4381,4380,7269,7566
4187,4381,7269,7270
4382,4381,7270,7565
4187,4382,7270,7284
4356,4382,7271,-2277
4382,4357,7271,7272
4382,4359,7272,7282
4359,4360,7273,7274
4383,4360,7274,-2277
4359,4383,7274,7275
4364,4383,7275,-2277
4359,4364,7275,7276
4359,4363,7276,7282
4362,4367,7277,7286
4366,4369,7278,7279
4366,4190,7279,7280
4366,4189,7280,7281
4366,4187,7281,7283
4382,4363,7282,7284
4367,4187,7283,7286
4187,4363,7284,7285
4187,4362,7285,7286
4135,4384,7287,12449
4384,4136,7287,7288
4343,4136,7288,7423
4384,4343,7288,7289
4384,4344,7289,12448
3770,3767,7290,7296
3767,3763,7291,7292
3767,3764,7292,7293
3975,3764,7293,7331
3767,3975,7293,7294
3767,3976,7294,7295
3767,3973,7295,7296
4248,4385,7297,12315
4385,4386,7297,12287,239
4386,4248,7297,7298
4387,4248,7298,-980
4386,4387,7298,7301
4388,4250,7299,12318
4250,4387,7299,-980
4387,4388,7299,7300
4389,4388,7300,12318
4387,4389,7300,7301
4386,4389,7301,12287,239
4390,4156,7302,7405
4155,4390,7302,7303
4391,4390,7303,7406
4155,4391,7303,7304
4301,4391,7304,7366
4155,4301,7304,7305
3816,3831,7306,7307
3816,3984,7307,7310
4302,3984,7308,7353
3984,4303,7308,7309
3818,4303,7309,7322
3984,3818,7309,7310
4337,4339,7311,7312
4392,4339,7312,7431
4337,4392,7312,7320
4393,4394,7313,7428
4394,4395,7313,7429
4395,4393,7313,7314
4396,4393,7314,-68
4395,4396,7314,7315
4332,4396,7315,-836
4395,4332,7315,7316
4395,4333,7316,7317
4397,4333,7317,-212
4395,4397,7317,7318
4335,4397,7318,-212
4395,4335,7318,7319
4395,4336,7319,7321
4336,4392,7320,7321
4395,4392,7321,7430
3817,4303,7322,7323
3817,75,7323,7324
3817,73,7324,7325
3985,3982,7326,7355
3982,3980,7327,7328
3982,3978,7328,7329
3982,3979,7329,7356
3979,3974,7330,7357
3974,3764,7331,7332
3974,3761,7332,7333
3974,3762,7333,7334
3974,3760,7334,7335
4398,3760,7335,7546
3974,4398,7335,7336
4399,4398,7336,8069
3974,4399,7336,7358
4400,4401,7337,8072
4401,4399,7337,8069
4399,4400,7337,7338
4402,4400,7338,8068
4399,4402,7338,7359
4403,4404,7339,-1
4404,4402,7339,8068
4402,4403,7339,7340
4405,4403,7340,7834
4402,4405,7340,7341
4406,4405,7341,7833
4402,4406,7341,7342
4407,4406,7342,7833
4402,4407,7342,7343
4408,4407,7343,7832
4402,4408,7343,7344
4409,4408,7344,7831
4402,4409,7344,7345
4410,4409,7345,7830
4402,4410,7345,7346
4411,4410,7346,7829
4402,4411,7346,7347
4412,4411,7347,7829
4402,4412,7347,7348
4413,4412,7348,7828
4402,4413,7348,7349
4414,4413,7349,7626
4402,4414,7349,7360
4415,4416,7350,7625
4416,4414,7350,7626
4414,4415,7350,7360
4417,4418,7351,7623
4418,4415,7351,7624
4415,4417,7351,7361
4304,4417,7352,7622
4417,4302,7352,7353
4417,3984,7353,7354
4417,3985,7354,7355
4417,3982,7355,7356
4417,3979,7356,7357
4417,3974,7357,7358
4417,4399,7358,7359
4417,4402,7359,7361
4402,4415,7360,7361
4419,4420,7362,12277,239
4420,4421,7362,12243
4421,4419,7362,7363
4422,4419,7363,12276,239
4421,4422,7363,7391
4423,4424,7364,7569
4424,4422,7364,12276,239
4422,4423,7364,7365
4391,4423,7365,7407
4422,4391,7365,7366
4422,4301,7366,7367
4422,4232,7367,7368
4422,4233,7368,7369
4425,4233,7369,7456
4422,4425,7369,7370
4426,4425,7370,7457
4422,4426,7370,7371
4427,4426,7371,7458
4422,4427,7371,7392
4308,4428,7372,7461
4428,4429,7372,7460
4429,4308,7372,7373
4429,4309,7373,7374
4430,4309,7374,-196
4429,4430,7374,7375
4311,4430,7375,-196
4429,4311,7375,7376
4429,4312,7376,7377
4429,4313,7377,7378
4429,4314,7378,7398
4431,4315,7379,7662
4314,4431,7379,7393
4432,4433,7380,7801
4433,4431,7380,7663
4431,4432,7380,7393
4434,4435,7381,7930
4435,4432,7381,7800
4432,4434,7381,7382
4436,4434,7382,7929
4432,4436,7382,7383
4437,4436,7383,7928
4432,4437,7383,7384
4438,4437,7384,12249
4432,4438,7384,7385
4439,4438,7385,12248
4432,4439,7385,7386
4440,4439,7386,12247
4432,4440,7386,7394
4441,4442,7387,12284,239
4442,4440,7387,12285,239
4440,4441,7387,7395
4443,4444,7388,12283,239
4444,4441,7388,12284,239
4441,4443,7388,7396
4445,4446,7389,12282,239
4446,4443,7389,12283,239
4443,4445,7389,7390
4421,4445,7390,12243
4443,4421,7390,7391
4443,4422,7391,7392
4443,4427,7392,7396
4314,4432,7393,7394
4314,4440,7394,7395
4314,4441,7395,7398
4441,4427,7396,7397
4429,4427,7397,7459
4441,4429,7397,7398
4165,4162,7399,7400
4165,4163,7400,7401
4165,4160,7401,7402
4165,4161,7402,7413
4161,4158,7403,7404
4161,4157,7404,7414
4157,4390,7405,7406
4157,4391,7406,7407
4157,4423,7407,7408
4447,4423,7408,7568
4157,4447,7408,7409
4448,4447,7409,7548
4157,4448,7409,7410
4449,4448,7410,7547
4157,4449,7410,7414
4450,4451,7411,12275,239
4451,4449,7411,7547
4449,4450,7411,7412
4165,4450,7412,12275,239
4449,4165,7412,7413
4449,4161,7413,7414
4452,4238,7415,-4915
4241,4452,7415,7422
3954,4452,7416,-4915
4452,3955,7416,7417
4453,3955,7417,7433
4452,4453,7417,7418
4454,4453,7418,7444
4452,4454,7418,7419
4455,4454,7419,7475
4452,4455,7419,7420
4456,4455,7420,7465
4452,4456,7420,7421
4240,4456,7421,7554
4452,4240,7421,7422
4345,4136,7423,7424
4345,4137,7424,7425
4457,4137,7425,7752
4345,4457,7425,7426
4458,4457,7426,7753
4345,4458,7426,7427
4393,4458,7427,7972
4345,4393,7427,7428
4345,4394,7428,7429
4345,4395,7429,7430
4345,4392,7430,7432
4392,4346,7431,7432
4453,3956,7433,7448
3956,3960,7434,7435
3956,3959,7435,7436
3956,4170,7436,7445
4459,4460,7437,7919
4460,4170,7437,7782
4170,4459,7437,7438
4461,4459,7438,7962
4170,4461,7438,7439
4462,4461,7439,7961
4170,4462,7439,7440
4463,4462,7440,7535
4170,4463,7440,7441
4464,4463,7441,7534
4170,4464,7441,7445
4465,4466,7442,7479
4466,4467,7442,7506
4467,4465,7442,7443
4454,4465,7443,7475
4467,4454,7443,7444
4467,4453,7444,7447
3956,4464,7445,7446
4468,4464,7446,7534
3956,4468,7446,7448
4467,4468,7447,7505
4468,4453,7447,7448
4105,4101,7449,7450
4469,4101,7450,12271,330
4105,4469,7450,7451
4470,4469,7451,12271,330
4105,4470,7451,7452
4471,4470,7452,12270,330
4105,4471,7452,7453
4472,4471,7453,12269,330
4105,4472,7453,7454
4239,4472,7454,7556
4105,4239,7454,7455
4234,4425,7456,7457
4234,4426,7457,7458
4234,4427,7458,7459
4234,4429,7459,7460
4234,4428,7460,7464
4428,4307,7461,7462
4428,4263,7462,7463
4428,4262,7463,7464
4473,4456,7465,7554
4455,4473,7465,7466
4474,4473,7466,7467,330
4455,4474,7466,7476
4475,4473,7467,12254
4474,4475,7467,7468
4476,4475,7468,12253
4474,4476,7468,7469
4477,4476,7469,12261
4474,4477,7469,7470
4478,4477,7470,7472,268
4474,4478,7470,7471
4479,4478,7471,7472,268
4474,4479,7471,7477
4479,4477,7472,7478
4480,4481,7473,7508
4481,4477,7473,7509
4477,4480,7473,7474
4466,4480,7474,7507
4477,4466,7474,7478
4465,4455,7475,7476
4465,4474,7476,7477
4465,4479,7477,7479
4479,4466,7478,7479
4482,4483,7480,12265,268
4483,4484,7480,11992
4484,4482,7480,7481
4485,4482,7481,11993
4484,4485,7481,7482
4486,4485,7482,7485,268
4484,4486,7482,7513
4487,4488,7483,7484,268
4488,4486,7483,7515,268
4486,4487,7483,7514
4487,4489,7484,7530,268
4489,4488,7484,7525
4490,4485,7485,7999
4486,4490,7485,7515
4491,4492,7486,7942
4492,4490,7486,7999
4490,4491,7486,7487
4493,4491,7487,8162
4490,4493,7487,7516
4494,4495,7488,8164
4495,4493,7488,8163
4493,4494,7488,7489
4496,4494,7489,8349
4493,4496,7489,7517
4497,4498,7490,8473
4498,4496,7490,8482
4496,4497,7490,7518
4499,4500,7491,8474
4500,4497,7491,8473
4497,4499,7491,7519
4501,4502,7492,8814
4502,4503,7492,8865
4503,4501,7492,7493
4504,4501,7493,8815
4503,4504,7493,7494
4505,4504,7494,8400
4503,4505,7494,7531
4506,4507,7495,8391
4507,4508,7495,8402
4508,4506,7495,7527
4509,4510,7496,8483
4510,4506,7496,8391
4506,4509,7496,7497
4511,4509,7497,8237
4506,4511,7497,7498
4512,4511,7498,7966
4506,4512,7498,7522
4513,4514,7499,7913
4514,4512,7499,7908
4512,4513,7499,7522
4515,4516,7500,7536
4516,4517,7500,7905
4517,4515,7500,7501
4518,4515,7501,7537
4517,4518,7501,7524
4519,4520,7502,7538
4520,4518,7502,7537
4518,4519,7502,7503
4521,4519,7503,7538
4518,4521,7503,7504
4468,4521,7504,7539
4518,4468,7504,7505
4518,4467,7505,7506
4518,4466,7506,7507
4518,4480,7507,7508
4518,4481,7508,7509
4518,4477,7509,7510
4522,4477,7510,12264,268
4518,4522,7510,7511
4523,4522,7511,12264,268
4518,4523,7511,7512
4484,4523,7512,11992
4518,4484,7512,7513
4518,4486,7513,7514
4518,4487,7514,7524
4488,4490,7515,7516
4488,4493,7516,7517
4488,4496,7517,7518
4488,4497,7518,7519
4488,4499,7519,7520
4524,4499,7520,8474
4488,4524,7520,7521
4525,4524,7521,8475
4488,4525,7521,7525
4506,4513,7522,7523
4526,4513,7523,7914
4506,4526,7523,7527
4517,4487,7524,7533
4489,4525,7525,7526
4503,4525,7526,8865
4489,4503,7526,7530
4508,4526,7527,7528
4527,4526,7528,7909
4508,4527,7528,7529
4517,4527,7529,7909
4508,4517,7529,7532
4487,4503,7530,7531
4487,4505,7531,7533
4508,4505,7532,8401
4505,4517,7532,7533
4468,4463,7534,7540
4528,4462,7535,7961
4463,4528,7535,7541
4516,4528,7536,7905
4528,4515,7536,7541
4515,4520,7537,7542
4520,4521,7538,7539
4520,4468,7539,7540
4520,4463,7540,7542
4463,4515,7541,7542
4529,3758,7543,-1
3759,4529,7543,7544
4530,4529,7544,8067
3759,4530,7544,7545
4398,4530,7545,8070
3759,4398,7545,7546
4451,4448,7547,7553
4531,4447,7548,7568
4448,4531,7548,7549
4532,4531,7549,7570
4448,4532,7549,7550
4533,4532,7550,12260,239
4448,4533,7550,7551
4534,4533,7551,12241
4448,4534,7551,7552
4535,4534,7552,12241
4448,4535,7552,7553
4451,4535,7553,12257,239
4473,4240,7554,7555
4473,4239,7555,7556
4473,4472,7556,12255,330
4380,4205,7557,7558
4380,4203,7558,7559
4380,4204,7559,7567
4204,4201,7560,7567
4201,4199,7561,7562
4536,4199,7562,7892
4201,4536,7562,7563
4354,4536,7563,7699
4201,4354,7563,7564
4382,4354,7564,-2277
4201,4382,7564,7565
4201,4381,7565,7566
4201,4380,7566,7567
4531,4423,7568,7569
4531,4424,7569,7570
4532,4424,7570,12222,239
4102,4142,7571,7574
4537,4141,7572,12181,330
4142,4537,7572,7573
4538,4537,7573,12181,330
4142,4538,7573,7574
4102,4538,7574,12189,330
3582,4539,7575,-51
4539,3583,7575,7576
4539,4305,7576,7577
4540,4305,7577,7631
4539,4540,7577,7578
4541,4540,7578,7825
4539,4541,7578,7579
4542,4541,7579,7853
4539,4542,7579,7580
4543,4542,7580,8045
4539,4543,7580,7581
4544,4543,7581,12462
4539,4544,7581,-51
4194,3894,7582,7583
4194,3897,7583,7586
4197,3896,7584,7669
3897,4197,7584,7585
3897,4195,7585,7586
4545,4546,7587,7607
4546,4547,7587,7608
4547,4545,7587,7592
4548,4549,7588,12411
4549,4545,7588,12442
4545,4548,7588,7589
4550,4548,7589,12177,6
4545,4550,7589,7590
4551,4550,7590,12176,6
4545,4551,7590,7591
4552,4551,7591,12175,6
4545,4552,7591,7592
4547,4552,7592,12174,6
4553,4554,7593,12268
4554,4555,7593,12273
4555,4553,7593,7594
4556,4553,7594,12256
4555,4556,7594,7595
4557,4556,7595,12251
4555,4557,7595,7632
4558,4559,7596,7649
4559,4560,7596,12266
4560,4558,7596,7597
4561,4558,7597,-4916
4560,4561,7597,7598
4562,4561,7598,-4916
4560,4562,7598,12483
4563,4564,7599,8357
4564,4565,7599,12165,6
4565,4563,7599,7612
4566,4567,7600,7712
4567,4563,7600,8357
4563,4566,7600,7601
4568,4566,7601,7711
4563,4568,7601,7602
4569,4568,7602,7710
4563,4569,7602,7613
4570,4571,7603,7706
4571,4572,7603,7707
4572,4570,7603,7615
4573,4574,7604,12290
4574,4570,7604,7705
4570,4573,7604,7616
4575,4576,7605,12289
4576,4573,7605,12290
4573,4575,7605,7606
4545,4575,7606,12443
4573,4545,7606,7607
4573,4546,7607,7608
4573,4547,7608,7609
4577,4547,7609,12163,6
4573,4577,7609,7610
4578,4577,7610,12162,6
4573,4578,7610,7611
4579,4578,7611,8225
4573,4579,7611,7617
4565,4580,7612,8222
4580,4563,7612,7613
4580,4569,7613,7614
4581,4569,7614,7709
4580,4581,7614,7619
4572,4581,7615,7708
4581,4570,7615,7616
4581,4573,7616,7617
4581,4579,7617,7618
4582,4579,7618,8224
4581,4582,7618,7619
4580,4582,7619,8223
4583,4323,7620,12147,239
4318,4583,7620,7621
4317,4583,7621,12322
4305,4417,7622,7623
4305,4418,7623,7624
4305,4415,7624,7625
4305,4416,7625,7631
4416,4413,7626,7627
4584,4413,7627,7827
4416,4584,7627,7628
4585,4584,7628,7827
4416,4585,7628,7629
4586,4585,7629,7826
4416,4586,7629,7630
4540,4586,7630,7825
4416,4540,7630,7631
4587,4557,7632,12251
4555,4587,7632,7633
4588,4587,7633,12262
4555,4588,7633,7634
4589,4588,7634,7996
4555,4589,7634,7635
4590,4589,7635,7997
4555,4590,7635,7651
4591,4592,7636,7939
4592,4590,7636,7940
4590,4591,7636,7651
4593,4594,7637,7938
4594,4591,7637,7939
4591,4593,7637,7652
4595,4596,7638,7954
4596,4593,7638,7938
4593,4595,7638,7653
4597,4598,7639,7952
4598,4599,7639,7953
4599,4597,7639,7654
4600,4601,7640,7958
4601,4597,7640,7952
4597,4600,7640,7641
4602,4600,7641,7951
4597,4602,7641,7655
4603,4604,7642,7957
4604,4602,7642,7951
4602,4603,7642,7656
4605,4606,7643,7948
4606,4607,7643,7949
4607,4605,7643,7644
4608,4605,7644,8197
4607,4608,7644,7645
4609,4608,7645,8197
4607,4609,7645,7646
4610,4609,7646,12119
4607,4610,7646,7657
4611,4612,7647,12184
4612,4610,7647,12120
4610,4611,7647,7658
4558,4613,7648,-4916
4613,4611,7648,12185
4611,4558,7648,7649
4611,4559,7649,7650
4555,4559,7650,12267
4611,4555,7650,7659
4555,4591,7651,7652
4555,4593,7652,7653
4555,4595,7653,7659
4599,4595,7654,7953
4595,4597,7654,7655
4595,4602,7655,7656
4595,4603,7656,7660
4607,4603,7657,7950
4603,4610,7657,7658
4603,4611,7658,7660
4611,4595,7659,7660
3896,4315,7661,7662
3896,4431,7662,7663
3896,4433,7663,7664
4614,4433,7664,7802
3896,4614,7664,7669
4615,4616,7665,7804
4616,4614,7665,7803
4614,4615,7665,7666
4617,4615,7666,7894
4614,4617,7666,7667
4196,4617,7667,7903
4614,4196,7667,7668
4614,4197,7668,7669
4618,4619,7670,12139,6
4619,4620,7670,12140,6
4620,4618,7670,7714
4621,4622,7671,8365
4622,4623,7671,12138,6
4623,4621,7671,7672
4624,4621,7672,8364
4623,4624,7672,7716
4625,4626,7673,8367
4626,4624,7673,8364
4624,4625,7673,7674
4627,4625,7674,7679,6
4624,4627,7674,7717
4628,4629,7675,7678,6
4629,4627,7675,7679,6
4627,4628,7675,7718
4630,4631,7676,7720,6
4631,4632,7676,7677,6
4632,4630,7676,7727
4628,4632,7677,7719,6
4631,4628,7677,7678
4631,4629,7678,7720
4629,4625,7679,7680
4633,4625,7680,11935
4629,4633,7680,7681
4634,4633,7681,8544
4629,4634,7681,7682
4635,4634,7682,8543
4629,4635,7682,7683
4636,4635,7683,8542
4629,4636,7683,7684
4637,4636,7684,8541
4629,4637,7684,7685
4638,4637,7685,8540
4629,4638,7685,7721
4639,4640,7686,8587
4640,4638,7686,8540
4638,4639,7686,7687
4641,4639,7687,8539
4638,4641,7687,7722
4642,4643,7688,8538
4643,4641,7688,8539
4641,4642,7688,7689
4644,4642,7689,8538
4641,4644,7689,7690
4645,4644,7690,8596
4641,4645,7690,7691
4646,4645,7691,9113
4641,4646,7691,7692
4647,4646,7692,8441
4641,4647,7692,7693
4648,4647,7693,8440
4641,4648,7693,7694
4649,4648,7694,-2246
4641,4649,7694,7695
4650,4649,7695,-2246
4641,4650,7695,7723
4651,4652,7696,7897
4652,4650,7696,8433
4650,4651,7696,7724
4653,4654,7697,-966
4654,4651,7697,-966
4651,4653,7697,7728
4655,4656,7698,7901
4656,4653,7698,7900
4653,4655,7698,7729
4536,4355,7699,7700
4657,4355,7700,7702,6
4536,4657,7700,7701
4658,4657,7701,7702,6
4536,4658,7701,7725
4658,4355,7702,7703
4659,4355,7703,12293
4658,4659,7703,7731
4574,4660,7704,12291
4660,4661,7704,12292
4661,4574,7704,7705
4661,4570,7705,7706
4661,4571,7706,7707
4661,4572,7707,7708
4661,4581,7708,7709
4661,4569,7709,7710
4661,4568,7710,7711
4661,4566,7711,7712
4661,4567,7712,7713
4620,4567,7713,8356
4661,4620,7713,7714
4661,4618,7714,7715
4623,4618,7715,12138,6
4661,4623,7715,7716
4661,4624,7716,7717
4661,4627,7717,7718
4661,4628,7718,7719
4661,4632,7719,7726
4630,4629,7720,7721
4630,4638,7721,7722
4630,4641,7722,7723
4630,4650,7723,7724
4630,4651,7724,7727
4536,4655,7725,7902
4655,4658,7725,7730
4661,4659,7726,12292
4659,4632,7726,7731
4632,4651,7727,7728
4632,4653,7728,7729
4632,4655,7729,7730
4632,4658,7730,7731
4662,4663,7732,12357
4663,4664,7732,12358
4664,4662,7732,7745
4665,4666,7733,8013
4666,4662,7733,12357
4662,4665,7733,7746
4667,4668,7734,8063
4668,4665,7734,8014
4665,4667,7734,7735
4669,4667,7735,8064
4665,4669,7735,7736
4670,4669,7736,12334
4665,4670,7736,7737
4671,4670,7737,12333
4665,4671,7737,7746
4672,4673,7738,12347
4673,4671,7738,12333
4671,4672,7738,7739
4674,4672,7739,12346
4671,4674,7739,7740
4675,4674,7740,12332
4671,4675,7740,7741
4676,4675,7741,12331
4671,4676,7741,7742
4677,4676,7742,12330
4671,4677,7742,7743
4678,4677,7743,12137,239
4671,4678,7743,7744
4664,4678,7744,12137,239
4671,4664,7744,7745
4671,4662,7745,7746
4679,4680,7747,7748,330
4680,4681,7747,12132,330
4681,4679,7747,7755
4682,4680,7748,12131,330
4679,4682,7748,7749
4683,4682,7749,7781
4679,4683,7749,7750
4138,4683,7750,7780
4679,4138,7750,7751
4679,4137,7751,7752
4679,4457,7752,7753
4679,4458,7753,7754
4684,4458,7754,7972
4679,4684,7754,7755
4681,4684,7755,7985
4175,4173,7756,7761
4685,4686,7757,7886
4686,4173,7757,7891
4173,4685,7757,7762
4687,4688,7758,12458
4688,4685,7758,12459
4685,4687,7758,7759
4175,4687,7759,12457
4685,4175,7759,7760
4689,4175,7760,7761,268
4685,4689,7760,7762
4689,4173,7761,7762
4690,4691,7763,12231
4691,4692,7763,12214
4692,4690,7763,7775
4693,4694,7764,-196
4694,4695,7764,-196
4695,4693,7764,7765
4696,4693,7765,12476
4695,4696,7765,7766
4697,4696,7766,12477
4695,4697,7766,7767
4698,4697,7767,7937
4695,4698,7767,7768
4699,4698,7768,8034
4695,4699,7768,7769
4700,4699,7769,8041
4695,4700,7769,7770
4701,4700,7770,8040
4695,4701,7770,7777
4702,4703,7771,8168
4703,4701,7771,8039
4701,4702,7771,7772
4704,4702,7772,8144
4701,4704,7772,7773
4705,4704,7773,7987
4701,4705,7773,7778
4692,4706,7774,7992
4706,4705,7774,7987
4705,4692,7774,7775
4705,4690,7775,7776
4707,4690,7776,12215
4705,4707,7776,7778
4695,4707,7777,-196
4707,4701,7777,7778
4140,4138,7779,7780
4140,4683,7780,7781
4140,4682,7781,12114,330
4460,4171,7782,7783
4460,4172,7783,7784
4708,4172,7784,7890
4460,4708,7784,7785
4709,4708,7785,8091
4460,4709,7785,7786
4710,4709,7786,7920
4460,4710,7786,7919
4711,4712,7787,12036
4712,4713,7787,12018
4713,4711,7787,7788
4714,4711,7788,12017
4713,4714,7788,7797
4715,4716,7789,8218
4716,4714,7789,12016
4714,4715,7789,7790
4717,4715,7790,8219
4714,4717,7790,7798
4718,4719,7791,12168
4719,4717,7791,12169
4717,4718,7791,7799
4720,4721,7792,12166
4721,4718,7792,12167
4718,4720,7792,7793
4722,4720,7793,12396
4718,4722,7793,7794
4723,4722,7794,7868
4718,4723,7794,7795
4713,4723,7795,7867
4718,4713,7795,7796
4724,4713,7796,7797,6
4718,4724,7796,7799
4724,4714,7797,7798
4724,4717,7798,7799
4435,4725,7800,7924
4725,4432,7800,7801
4725,4433,7801,7802
4725,4614,7802,7803
4725,4616,7803,7804
4725,4615,7804,7820
4726,4727,7805,7895
4727,4615,7805,7894
4615,4726,7805,7806
4728,4726,7806,8436
4615,4728,7806,7823
4729,4730,7807,8464
4730,4731,7807,8409
4731,4729,7807,7808
4732,4729,7808,12197
4731,4732,7808,7809
4733,4732,7809,12000
4731,4733,7809,7810
4734,4733,7810,11999
4731,4734,7810,7811
4735,4734,7811,7817,239
4731,4735,7811,7812
4736,4735,7812,7819,239
4731,4736,7812,7813
4737,4736,7813,7822,239
4731,4737,7813,7814
4738,4737,7814,7816,239
4731,4738,7814,7815
4739,4738,7815,7816,239
4731,4739,7815,7818
4739,4737,7816,7824
4725,4734,7817,7924
4735,4725,7817,7819
4731,4740,7818,8438
4740,4739,7818,7821
4736,4725,7819,7820
4736,4615,7820,7822
4740,4728,7821,8429
4728,4739,7821,7823
4737,4615,7822,7824
4615,4739,7823,7824
4541,4586,7825,7826
4541,4585,7826,7854
4585,4413,7827,7828
4585,4412,7828,7855
4412,4410,7829,7830
4412,4409,7830,7831
4412,4408,7831,7832
4412,4407,7832,7856
4407,4405,7833,7834
4407,4403,7834,7835
4741,4403,7835,-1
4407,4741,7835,7836
4742,4741,7836,9755
4407,4742,7836,7837
4743,4742,7837,9754
4407,4743,7837,7838
4744,4743,7838,9754
4407,4744,7838,7839
4745,4744,7839,9767
4407,4745,7839,7840
4746,4745,7840,9753
4407,4746,7840,7841
4747,4746,7841,9753
4407,4747,7841,7857
4748,4749,7842,9751
4749,4747,7842,9752
4747,4748,7842,7857
4750,4751,7843,9749
4751,4752,7843,9750
4752,4750,7843,7859
4753,4754,7844,8247
4754,4750,7844,9749
4750,4753,7844,7845
4755,4753,7845,8104
4750,4755,7845,7846
4756,4755,7846,8116
4750,4756,7846,7847
4757,4756,7847,8103
4750,4757,7847,7848
4758,4757,7848,8102
4750,4758,7848,7849
4759,4758,7849,8101
4750,4759,7849,7850
4760,4759,7850,8100
4750,4760,7850,7851
4761,4760,7851,8099
4750,4761,7851,7852
4542,4761,7852,8045
4750,4542,7852,7853
4750,4541,7853,7854
4750,4585,7854,7855
4750,4412,7855,7856
4750,4407,7856,7859
4407,4748,7857,7858
4752,4748,7858,9750
4407,4752,7858,7859
4762,4763,7860,12366
4763,4764,7860,12367
4764,4762,7860,7861
4765,4762,7861,12107,239
4764,4765,7861,7862
4766,4765,7862,12113,239
4764,4766,7862,7863
4767,4766,7863,12150
4764,4767,7863,7864
4768,4767,7864,12368
4764,4768,7864,12367
4769,4770,7865,12019,6
4770,4771,7865,12020,6
4771,4769,7865,7879
4713,4772,7866,12018,6
4772,4769,7866,12019,6
4769,4713,7866,7867
4769,4723,7867,7868
4769,4722,7868,7869
4773,4722,7869,12396
4769,4773,7869,7870
4774,4773,7870,12395
4769,4774,7870,7880
4775,4776,7871,12394
4776,4774,7871,12395
4774,4775,7871,7881
4777,4778,7872,12392
4778,4775,7872,12393
4775,4777,7872,7882
4779,4780,7873,12391
4780,4777,7873,12392
4777,4779,7873,7882
4781,4782,7874,12388
4782,4783,7874,12389
4783,4781,7874,7875
4784,4781,7875,12388
4783,4784,7875,7876
4785,4784,7876,12387
4783,4785,7876,7884
4786,4787,7877,12385
4787,4785,7877,12386
4785,4786,7877,7878
4771,4786,7878,12384
4785,4771,7878,7879
4785,4769,7879,7880
4785,4774,7880,7881
4785,4775,7881,7885
4775,4779,7882,7883
4788,4779,7883,12390
4775,4788,7883,7885
4783,4788,7884,12389
4788,4785,7884,7885
4789,4685,7886,12460
4686,4789,7886,7887
4790,4789,7887,8044
4686,4790,7887,7888
4791,4790,7888,8048
4686,4791,7888,7889
4708,4791,7889,8092
4686,4708,7889,7890
4686,4172,7890,7891
4536,4198,7892,7893
4536,4196,7893,7902
4617,4727,7894,7904
4792,4726,7895,8435
4727,4792,7895,7896
4652,4792,7896,8434
4727,4652,7896,7897
4727,4651,7897,7898
4793,4651,7898,-2246
4727,4793,7898,7899
4653,4793,7899,-2246
4727,4653,7899,7900
4727,4656,7900,7901
4727,4655,7901,7904
4655,4196,7902,7903
4655,4617,7903,7904
4517,4528,7905,7906
4794,4528,7906,7969
4517,4794,7906,7910
4795,4796,7907,7967
4796,4797,7907,7968
4797,4795,7907,7912
4512,4795,7908,7966
4795,4514,7908,7912
4526,4517,7909,7910
4526,4794,7910,7911
4797,4794,7911,7968
4526,4797,7911,7914
4797,4514,7912,7913
4797,4513,7913,7914
4798,4799,7915,7974
4799,4800,7915,7975
4800,4798,7915,7916
4332,4798,7916,-980
4800,4332,7916,7918
4801,4331,7917,12003,239
4332,4801,7917,7918
4800,4801,7918,12003,239
4459,4710,7919,7920
4459,4709,7920,7921
4802,4709,7921,8091
4459,4802,7921,7922
4803,4802,7922,8098
4459,4803,7922,7923
4804,4803,7923,7963
4459,4804,7923,7962
4435,4734,7924,7925
4805,4734,7925,11999,239
4435,4805,7925,7926
4806,4805,7926,11998,239
4435,4806,7926,7927
4807,4806,7927,11998,239
4435,4807,7927,7930
4437,4807,7928,12250
4807,4436,7928,7929
4807,4434,7929,7930
4808,4809,7931,12381
4809,4810,7931,12380
4810,4808,7931,7932
4811,4808,7932,8008
4810,4811,7932,7933
4812,4811,7933,8136
4810,4812,7933,7934
4813,4812,7934,8143
4810,4813,7934,7935
4814,4813,7935,8035
4810,4814,7935,7936
4698,4814,7936,8034
4810,4698,7936,7937
4810,4697,7937,12477
4596,4594,7938,7955
4594,4592,7939,7940
4594,4590,7940,7941
4492,4590,7941,7998
4594,4492,7941,7942
4594,4491,7942,7943
4815,4491,7943,8162
4594,4815,7943,7956
4816,4817,7944,8166
4817,4815,7944,8167
4815,4816,7944,7945
4818,4816,7945,8347
4815,4818,7945,7946
4819,4818,7946,8199
4815,4819,7946,7947
4605,4819,7947,8198
4815,4605,7947,7948
4815,4606,7948,7949
4815,4607,7949,7950
4815,4603,7950,7960
4604,4600,7951,7957
4601,4598,7952,7959
4598,4595,7953,7954
4598,4596,7954,7955
4598,4594,7955,7956
4598,4815,7956,7959
4603,4600,7957,7958
4603,4601,7958,7960
4601,4815,7959,7960
4528,4461,7961,7970
4461,4804,7962,7963
4461,4803,7963,7964
4820,4803,7964,8098
4461,4820,7964,7965
4511,4820,7965,8237
4461,4511,7965,7971
4511,4795,7966,7967
4511,4796,7967,7971
4796,4794,7968,7969
4796,4528,7969,7970
4796,4461,7970,7971
4684,4393,7972,7973
4798,4393,7973,-980
4684,4798,7973,7974
4684,4799,7974,7986
4821,4800,7975,11994,239
4799,4821,7975,7976
4822,4821,7976,8121
4799,4822,7976,7977
4823,4822,7977,8120
4799,4823,7977,7978
4824,4823,7978,8120
4799,4824,7978,7979
4825,4824,7979,8134
4799,4825,7979,7980
4826,4825,7980,8133
4799,4826,7980,7981
4827,4826,7981,8090
4799,4827,7981,7982
4828,4827,7982,8089
4799,4828,7982,7986
4829,4830,7983,8087
4830,4828,7983,8088
4828,4829,7983,7984
4681,4829,7984,11997,330
4828,4681,7984,7985
4828,4684,7985,7986
4706,4704,7987,7988
4831,4704,7988,8144
4706,4831,7988,7989
4832,4831,7989,8161
4706,4832,7989,7990
4833,4832,7990,8022
4706,4833,7990,7991
4834,4833,7991,8021
4706,4834,7991,7992
4692,4834,7992,12213
4835,4482,7993,12265
4482,4836,7993,11993,268
4836,4835,7993,8001
4523,4483,7994,11992,268
4483,4835,7994,12265
4835,4523,7994,7995
4588,4523,7995,12263
4835,4588,7995,7996
4835,4589,7996,7997
4835,4590,7997,7998
4835,4492,7998,8001
4492,4485,7999,8000
4836,4485,8000,11993,268
4492,4836,8000,8001
4837,4838,8002,12108
4838,4808,8002,12382
4808,4837,8002,8003
4839,4837,8003,8018
4808,4839,8003,8004
4840,4839,8004,8086
4808,4840,8004,8009
4841,4842,8005,8229
4842,4843,8005,8084
4843,4841,8005,8006
4844,4841,8006,8137
4843,4844,8006,8010
4811,4845,8007,8136
4845,4844,8007,8137
4844,4811,8007,8008
4844,4808,8008,8009
4844,4840,8009,8010
4843,4840,8010,8085
4846,4847,8011,12153
4847,4848,8011,12111
4848,4846,8011,8012
4666,4846,8012,12154
4848,4666,8012,8013
4848,4665,8013,8014
4848,4668,8014,8015
4849,4668,8015,8062
4848,4849,8015,8016
4850,4849,8016,8061
4848,4850,8016,8017
4839,4850,8017,8073
4848,4839,8017,8018
4848,4837,8018,8019
4851,4837,8019,12109
4848,4851,8019,12110
4834,4852,8020,12213
4852,4853,8020,12230
4853,4834,8020,8021
4853,4833,8021,8022
4853,4832,8022,8029
4854,4855,8023,8157
4855,4856,8023,8158
4856,4854,8023,8031
4857,4858,8024,12208
4858,4854,8024,8156
4854,4857,8024,8025
4859,4857,8025,12209
4854,4859,8025,8026
4860,4859,8026,12210
4854,4860,8026,8027
4861,4860,8027,12229
4854,4861,8027,8028
4862,4861,8028,12211
4854,4862,8028,8031
4853,4863,8029,12212
4863,4832,8029,8030
4864,4832,8030,8160
4863,4864,8030,8032
4856,4862,8031,8033
4863,4862,8032,12211
4862,4864,8032,8033
4856,4864,8033,8159
4699,4814,8034,8035
4699,4813,8035,8036
4865,4813,8036,8142
4699,4865,8036,8042
4866,4867,8037,8170
4867,4865,8037,8316
4865,4866,8037,8042
4703,4868,8038,8168
4868,4869,8038,8169
4869,4703,8038,8039
4869,4701,8039,8040
4869,4700,8040,8041
4869,4699,8041,8043
4699,4866,8042,8043
4869,4866,8043,8169
4870,4789,8044,12461
4790,4870,8044,8048
4543,4761,8045,8046
4871,4761,8046,8099
4543,4871,8046,8047
4791,4871,8047,8093
4543,4791,8047,8049
4791,4870,8048,8049
4543,4870,8049,12461
4872,4873,8050,-212
4873,4669,8050,12335
4669,4872,8050,8064
4874,4875,8051,8194
4875,4872,8051,-212
4872,4874,8051,8052
4876,4874,8052,8358
4872,4876,8052,8053
4877,4876,8053,8181
4872,4877,8053,8054
4878,4877,8054,8180
4872,4878,8054,8055
4879,4878,8055,8180
4872,4879,8055,8056
4880,4879,8056,8179
4872,4880,8056,8057
4881,4880,8057,8178
4872,4881,8057,8065
4882,4883,8058,8177
4883,4881,8058,8178
4881,4882,8058,8066
4884,4885,8059,8074
4885,4882,8059,8177
4882,4884,8059,8060
4850,4884,8060,8073
4882,4850,8060,8061
4882,4849,8061,8062
4882,4668,8062,8063
4882,4667,8063,8066
4667,4872,8064,8065
4667,4881,8065,8066
4404,4529,8067,-1
4530,4404,8067,8071
4404,4400,8068,8071
4401,4398,8069,8070
4401,4530,8070,8072
4530,4400,8071,8072
4839,4884,8073,8074
4839,4885,8074,8075
4886,4885,8075,8188
4839,4886,8075,8086
4887,4888,8076,8373
4888,4886,8076,8187
4886,4887,8076,8077
4889,4887,8077,8776
4886,4889,8077,8078
4890,4889,8078,8777
4886,4890,8078,8079
4891,4890,8079,8778
4886,4891,8079,8080
4892,4891,8080,8779
4886,4892,8080,8081
4893,4892,8081,8762
4886,4893,8081,8082
4894,4893,8082,8319
4886,4894,8082,8083
4842,4894,8083,8227
4886,4842,8083,8084
4886,4843,8084,8085
4886,4840,8085,8086
4829,4895,8087,11991,330
4895,4830,8087,8088
4895,4828,8088,8089
4895,4827,8089,8090
4895,4826,8090,8132
4802,4708,8091,8092
4802,4791,8092,8093
4802,4871,8093,8094
4896,4871,8094,8114
4802,4896,8094,8095
4897,4896,8095,8238
4802,4897,8095,8096
4898,4897,8096,8230
4802,4898,8096,8097
4820,4898,8097,8230
4802,4820,8097,8098
4871,4760,8099,8100
4871,4759,8100,8101
4871,4758,8101,8102
4871,4757,8102,8103
4871,4756,8103,8115
4899,4753,8104,8286
4755,4899,8104,8105
4900,4899,8105,8246
4755,4900,8105,8106
4901,4900,8106,8245
4755,4901,8106,8107
4902,4901,8107,8244
4755,4902,8107,8108
4903,4902,8108,8243
4755,4903,8108,8116
4904,4905,8109,8242
4905,4903,8109,8243
4903,4904,8109,8117
4906,4907,8110,8241
4907,4904,8110,8242
4904,4906,8110,8118
4908,4909,8111,8240
4909,4906,8111,8241
4906,4908,8111,8112
4910,4908,8112,8239
4906,4910,8112,8119
4896,4911,8113,8238
4911,4910,8113,8239
4910,4896,8113,8114
4910,4871,8114,8115
4910,4756,8115,8119
4756,4903,8116,8117
4756,4904,8117,8118
4756,4906,8118,8119
4824,4822,8120,8121
4824,4821,8121,8122
4912,4821,8122,11975,239
4824,4912,8122,8123
4913,4912,8123,11974
4824,4913,8123,8124
4914,4913,8124,11974
4824,4914,8124,8125
4915,4914,8125,11973
4824,4915,8125,8135
4916,4917,8126,8498
4917,4915,8126,11940
4915,4916,8126,8127
4918,4916,8127,8497
4915,4918,8127,8128
4919,4918,8128,11979,330
4915,4919,8128,8129
4920,4919,8129,11978,330
4915,4920,8129,8135
4921,4922,8130,11977,330
4922,4920,8130,11978,330
4920,4921,8130,8131
4895,4921,8131,11977,330
4920,4895,8131,8132
4920,4826,8132,8133
4920,4825,8133,8134
4920,4824,8134,8135
4812,4845,8136,8143
4845,4841,8137,8138
4923,4841,8138,8228
4845,4923,8138,8139
4924,4923,8139,8228
4845,4924,8139,8140
4925,4924,8140,8317
4845,4925,8140,8141
4865,4925,8141,8316
4845,4865,8141,8142
4845,4813,8142,8143
4831,4702,8144,8145
4926,4702,8145,8176
4831,4926,8145,8146
4927,4926,8146,8175
4831,4927,8146,8147
4928,4927,8147,8174
4831,4928,8147,8148
4929,4928,8148,8314
4831,4929,8148,8149
4930,4929,8149,8313
4831,4930,8149,8150
4931,4930,8150,8334
4831,4931,8150,8161
4932,4933,8151,8332
4933,4931,8151,8333
4931,4932,8151,8152
4934,4932,8152,8783
4931,4934,8152,8153
4935,4934,8153,8783
4931,4935,8153,8154
4936,4935,8154,12206
4931,4936,8154,8155
4858,4936,8155,12207
4931,4858,8155,8156
4931,4854,8156,8157
4931,4855,8157,8158
4931,4856,8158,8159
4931,4864,8159,8160
4931,4832,8160,8161
4815,4493,8162,8163
4815,4495,8163,8167
4937,4494,8164,8348
4495,4937,8164,8165
4816,4937,8165,8347
4495,4816,8165,8166
4495,4817,8166,8167
4702,4868,8168,8176
4868,4866,8169,8170
4868,4867,8170,8171
4938,4867,8171,8339
4868,4938,8171,8172
4939,4938,8172,8307
4868,4939,8172,8173
4928,4939,8173,8315
4868,4928,8173,8174
4868,4927,8174,8175
4868,4926,8175,8176
4885,4883,8177,8189
4883,4880,8178,8179
4883,4879,8179,8190
4879,4877,8180,8181
4879,4876,8181,8191
4940,4941,8182,8606
4941,4876,8182,8358
4876,4940,8182,8183
4942,4940,8183,8369
4876,4942,8183,8184
4943,4942,8184,8369
4876,4943,8184,8185
4944,4943,8185,8368
4876,4944,8185,8186
4945,4944,8186,8368
4876,4945,8186,8191
4888,4945,8187,8374
4945,4886,8187,8188
4945,4885,8188,8189
4945,4883,8189,8190
4945,4879,8190,8191
4946,4912,8192,11976
4912,4947,8192,11971,239
4947,4946,8192,8193
4875,4946,8193,12338
4947,4875,8193,8194
4947,4874,8194,8195
4948,4874,8195,8363
4947,4948,8195,8196
4949,4948,8196,8363
4947,4949,8196,11971,239
4609,4605,8197,8198
4609,4819,8198,8206
4950,4818,8199,8355
4819,4950,8199,8200
4951,4950,8200,8422
4819,4951,8200,8201
4952,4951,8201,8428
4819,4952,8201,8202
4953,4952,8202,8301
4819,4953,8202,8203
4954,4953,8203,8300
4819,4954,8203,8204
4955,4954,8204,8300
4819,4955,8204,8205
4956,4955,8205,12128
4819,4956,8205,8206
4609,4956,8206,12118
4957,4958,8207,12170
4958,4717,8207,12169
4717,4957,8207,8219
4959,4960,8208,12160
4960,4957,8208,12170
4957,4959,8208,8209
4961,4959,8209,11963
4957,4961,8209,8210
4962,4961,8210,11964
4957,4962,8210,8211
4963,4962,8211,11948
4957,4963,8211,8212
4964,4963,8212,8549
4957,4964,8212,8213
4965,4964,8213,12012
4957,4965,8213,8214
4966,4965,8214,12013
4957,4966,8214,8215
4967,4966,8215,12014
4957,4967,8215,8216
4968,4967,8216,12015
4957,4968,8216,8217
4716,4968,8217,12016
4957,4716,8217,8218
4957,4715,8218,8219
4969,4970,8220,11970,6
4970,4578,8220,11962,6
4578,4969,8220,8221
4971,4969,8221,11969,6
4578,4971,8221,8225
4565,4972,8222,11961,6
4972,4580,8222,8223
4972,4582,8223,8224
4972,4579,8224,8226
4579,4971,8225,8226
4972,4971,8226,11961,6
4924,4894,8227,8318
4842,4924,8227,8229
4924,4841,8228,8229
4820,4897,8230,8231
4973,4897,8231,8282
4820,4973,8231,8232
4974,4973,8232,8281
4820,4974,8232,8233
4975,4974,8233,8280
4820,4975,8233,8234
4976,4975,8234,8279
4820,4976,8234,8235
4977,4976,8235,8484
4820,4977,8235,8236
4509,4977,8236,8483
4820,4509,8236,8237
4897,4911,8238,8282
4911,4908,8239,8240
4911,4909,8240,8283
4909,4907,8241,8284
4907,4905,8242,8284
4905,4902,8243,8244
4905,4901,8244,8245
4905,4900,8245,8246
4905,4899,8246,8285
4978,4754,8247,9763
4753,4978,8247,8248
4979,4978,8248,9762
4753,4979,8248,8249
4980,4979,8249,9761
4753,4980,8249,8250
4981,4980,8250,9760
4753,4981,8250,8286
4982,4983,8251,9759
4983,4981,8251,9760
4981,4982,8251,8287
4984,4985,8252,9758
4985,4982,8252,9759
4982,4984,8252,8287
4986,4987,8253,9756
4987,4984,8253,9757
4984,4986,8253,8254
4988,4986,8254,-1
4984,4988,8254,8255
4989,4988,8255,9160
4984,4989,8255,8256
4990,4989,8256,9159
4984,4990,8256,8257
4991,4990,8257,9158
4984,4991,8257,8258
4992,4991,8258,9158
4984,4992,8258,8259
4993,4992,8259,9189
4984,4993,8259,8260
4994,4993,8260,9157
4984,4994,8260,8261
4995,4994,8261,9156
4984,4995,8261,8262
4996,4995,8262,9155
4984,4996,8262,8263
4997,4996,8263,9155
4984,4997,8263,8264
4998,4997,8264,9154
4984,4998,8264,8265
4999,4998,8265,9153
4984,4999,8265,8288
5000,5001,8266,9152
5001,4999,8266,9153
4999,5000,8266,8289
5002,5003,8267,9151
5003,5000,8267,9152
5000,5002,8267,8290
5004,5005,8268,9150
5005,5002,8268,9151
5002,5004,8268,8291
5006,5007,8269,9148
5007,5008,8269,9149
5008,5006,8269,8270
5009,5006,8270,9147
5008,5009,8270,8293
5010,5011,8271,9145
5011,5009,8271,9146
5009,5010,8271,8294
5012,5013,8272,9144
5013,5010,8272,9145
5010,5012,8272,8273
5014,5012,8273,9143
5010,5014,8273,8274
5015,5014,8274,9142
5010,5015,8274,8295
5016,5017,8275,9140
5017,5018,8275,9141
5018,5016,8275,8276
5019,5016,8276,-1587
5018,5019,8276,8277
5020,5019,8277,8805
5018,5020,8277,8278
4976,5020,8278,8485
5018,4976,8278,8279
5018,4975,8279,8280
5018,4974,8280,8281
5018,4973,8281,8297
4973,4911,8282,8283
4973,4909,8283,8297
4909,4905,8284,8285
4909,4899,8285,8298
4899,4981,8286,8299
4981,4984,8287,8288
4981,4999,8288,8289
4981,5000,8289,8290
4981,5002,8290,8291
4981,5004,8291,8292
5008,5004,8292,9149
4981,5008,8292,8293
4981,5009,8293,8294
4981,5010,8294,8295
4981,5015,8295,8296
5018,5015,8296,9141
4981,5018,8296,8299
5018,4909,8297,8298
5018,4899,8298,8299
4955,4953,8300,8301
4955,4952,8301,8302
5021,4952,8302,8427
4955,5021,8302,8303
5022,5021,8303,8426
4955,5022,8303,8306
5023,5024,8304,8375
5024,5022,8304,8376
5022,5023,8304,8305
5025,5023,8305,12126
5022,5025,8305,8306
4955,5025,8306,12127
5026,4938,8307,8339
4939,5026,8307,8308
5027,5026,8308,8338
4939,5027,8308,8309
5028,5027,8309,8338
4939,5028,8309,8310
5029,5028,8310,8337
4939,5029,8310,8311
5030,5029,8311,8336
4939,5030,8311,8312
5031,5030,8312,8335
4939,5031,8312,8315
4930,5031,8313,8334
5031,4929,8313,8314
5031,4928,8314,8315
4867,4925,8316,8317
4867,4924,8317,8318
4867,4894,8318,8340
5032,4893,8319,8769
4894,5032,8319,8341
5033,5034,8320,8772
5034,5032,8320,8769
5032,5033,8320,8321
5035,5033,8321,8768
5032,5035,8321,8322
5036,5035,8322,8767
5032,5036,8322,8323
5037,5036,8323,8766
5032,5037,8323,8324
5038,5037,8324,8831
5032,5038,8324,8325
5039,5038,8325,-2118
5032,5039,8325,8326
5040,5039,8326,-2118
5032,5040,8326,8342
5041,5042,8327,8646
5042,5043,8327,8658
5043,5041,8327,8344
5044,5045,8328,-2118
5045,5041,8328,-2118
5041,5044,8328,8329
5046,5044,8329,9028
5041,5046,8329,8330
5047,5046,8330,9009
5041,5047,8330,8331
4932,5047,8331,8784
5041,4932,8331,8332
5041,4933,8332,8333
5041,4931,8333,8345
4931,5031,8334,8335
4931,5030,8335,8336
4931,5029,8336,8337
4931,5028,8337,8346
5028,5026,8338,8346
5026,4867,8339,8340
5026,4894,8340,8341
5026,5032,8341,8342
5026,5040,8342,8343
5043,5040,8343,8645
5026,5043,8343,8344
5026,5041,8344,8345
5026,4931,8345,8346
4818,4937,8347,8348
4818,4494,8348,8349
4818,4496,8349,8350
5048,4496,8350,8481
4818,5048,8350,8351
5049,5048,8351,8480
4818,5049,8351,8355
5050,5051,8352,8377
5051,5049,8352,8664
5049,5050,8352,8353
5052,5050,8353,8423
5049,5052,8353,8354
4950,5052,8354,8422
5049,4950,8354,8355
4620,4564,8356,11946,6
4564,4567,8356,8357
4874,4941,8358,8359
5053,4941,8359,8605
4874,5053,8359,8360
5054,5053,8360,11944,239
4874,5054,8360,8361
5055,5054,8361,11943,239
4874,5055,8361,8362
4949,5055,8362,11942,239
4874,4949,8362,8363
4626,4621,8364,8365
4626,4622,8365,8366
5056,4622,8366,11937,6
4626,5056,8366,8367
4625,5056,8367,11936,6
4945,4943,8368,8374
4943,4940,8369,8370
5057,4940,8370,8607
4943,5057,8370,8371
5058,5057,8371,8607
4943,5058,8371,8372
4887,5058,8372,8775
4943,4887,8372,8373
4943,4888,8373,8374
5023,5059,8375,12125
5059,5024,8375,8376
5059,5022,8376,8386
5050,5060,8377,8424
5060,5051,8377,8378
5061,5051,8378,8673
5060,5061,8378,8379
5062,5061,8379,8796
5060,5062,8379,8380
5063,5062,8380,8738
5060,5063,8380,8381
5064,5063,8381,8738
5060,5064,8381,8388
5065,5066,8382,8707
5066,5064,8382,8756
5064,5065,8382,8389
5067,5068,8383,8466
5068,5065,8383,8708
5065,5067,8383,8390
5069,5070,8384,11984
5070,5067,8384,8465
5067,5069,8384,8385
5059,5069,8385,11985
5067,5059,8385,8386
5067,5022,8386,8387
5071,5022,8387,8426
5067,5071,8387,8390
5060,5071,8388,8425
5071,5064,8388,8389
5071,5065,8389,8390
4507,4510,8391,8392
5072,4510,8392,8487
4507,5072,8392,8393
5073,5072,8393,8803
4507,5073,8393,8394
5074,5073,8394,8809
4507,5074,8394,8395
5075,5074,8395,8676
4507,5075,8395,8396
5076,5075,8396,8616
4507,5076,8396,8402
5077,5078,8397,8623
5078,5079,8397,8624
5079,5077,8397,8404
5080,5081,8398,8810
5081,5077,8398,8622
5077,5080,8398,8399
4504,5080,8399,8815
5077,4504,8399,8400
5077,4505,8400,8401
5077,4508,8401,8404
4508,5076,8402,8403
5079,5076,8403,8625
4508,5079,8403,8404
5082,5083,8405,8994
5083,5084,8405,8979
5084,5082,8405,8406
5085,5082,8406,8978
5084,5085,8406,8407
5086,5085,8407,8461
5084,5086,8407,8413
4730,5087,8408,8463
5087,5086,8408,8462
5086,4730,8408,8409
5086,4731,8409,8410
5088,4731,8410,8437
5086,5088,8410,8411
5089,5088,8411,8437
5086,5089,8411,8412
5090,5089,8412,8449
5086,5090,8412,8413
5084,5090,8413,11932,321
5091,5092,8414,12236
5092,5093,8414,12235
5093,5091,8414,8415
5094,5091,8415,12201
5093,5094,8415,8421
5095,5096,8416,8501
5096,5094,8416,12201
5094,5095,8416,8417
5097,5095,8417,8500
5094,5097,8417,8418
5098,5097,8418,8500
5094,5098,8418,8419
5099,5098,8419,8510
5094,5099,8419,8420
5100,5099,8420,8453
5094,5100,8420,8421
5093,5100,8421,12200
4951,5052,8422,8423
4951,5050,8423,8424
4951,5060,8424,8425
4951,5071,8425,8428
5071,5021,8426,8427
5071,4952,8427,8428
5101,4740,8429,8439
4728,5101,8429,8436
4648,5102,8430,-2247
5102,5101,8430,-2247
5101,4648,8430,8431
5103,4648,8431,-2246
5101,5103,8431,8432
4650,5103,8432,-2246
5101,4650,8432,8433
5101,4652,8433,8434
5101,4792,8434,8435
5101,4726,8435,8436
5089,4731,8437,8438
5089,4740,8438,8439
5089,5101,8439,8450
4648,5104,8440,-2246
5104,4647,8440,8441
5104,4646,8441,8442
5105,4646,8442,9114
5104,5105,8442,8443
5106,5105,8443,9115
5104,5106,8443,8444
5107,5106,8444,9116
5104,5107,8444,8451
5108,5109,8445,11653
5109,5107,8445,9106
5107,5108,8445,8446
5110,5108,8446,11652
5107,5110,8446,8447
5090,5110,8447,11932
5107,5090,8447,8448
5111,5090,8448,8449,321
5107,5111,8448,8452
5111,5089,8449,8450
5111,5101,8450,8452
5104,5101,8451,-2246
5101,5107,8451,8452
5100,5112,8453,12199
5112,5099,8453,8454
5113,5099,8454,8510
5112,5113,8454,8455
5114,5113,8455,8817
5112,5114,8455,8456
5115,5114,8456,8820
5112,5115,8456,8457
5116,5115,8457,8902
5112,5116,8457,8458
5117,5116,8458,8901
5112,5117,8458,8459
5118,5117,8459,8992
5112,5118,8459,8460
5085,5118,8460,8978
5112,5085,8460,8461
5112,5086,8461,8462
5112,5087,8462,8463
5112,4730,8463,8464
5112,4729,8464,12198
5070,5119,8465,-2628
5119,5067,8465,8466
5119,5068,8466,8467
5120,5068,8467,8709
5119,5120,8467,8468
5121,5120,8468,8696
5119,5121,8468,8472
5122,5123,8469,11919
5123,5121,8469,8696
5121,5122,8469,8470
5124,5122,8470,11920
5121,5124,8470,8471
5125,5124,8471,11982
5121,5125,8471,8472
5119,5125,8472,-2628
4498,4500,8473,8482
4500,4524,8474,8475
4500,4525,8475,8476
5126,4525,8476,8870
4500,5126,8476,8477
5127,5126,8477,8869
4500,5127,8477,8478
5128,5127,8478,8665
4500,5128,8478,8479
5049,5128,8479,8664
4500,5049,8479,8480
4500,5048,8480,8481
4500,4496,8481,8482
4510,4977,8483,8484
4510,4976,8484,8485
4510,5020,8485,8486
5129,5020,8486,8804
4510,5129,8486,8487
5072,5129,8487,8803
5130,5131,8488,8499
5131,5132,8488,11930,330
5132,5130,8488,8489
5133,5130,8489,11945
5132,5133,8489,8490
5134,5133,8490,11939
5132,5134,8490,8491
5135,5134,8491,11938
5132,5135,8491,8492
5136,5135,8492,11898
5132,5136,8492,8493
5137,5136,8493,8729
5132,5137,8493,8494
5138,5137,8494,8728
5132,5138,8494,8495
5139,5138,8495,11928
5132,5139,8495,11930,330
4918,5140,8496,11923,330
5140,5131,8496,11924,330
5131,4918,8496,8497
5131,4916,8497,8498
5131,4917,8498,8499
5130,4917,8499,11940
5098,5095,8500,8501
5098,5096,8501,8502
5141,5096,8502,12202
5098,5141,8502,8503
5142,5141,8503,8695
5098,5142,8503,8504
5143,5142,8504,8695
5098,5143,8504,8505
5144,5143,8505,8856
5098,5144,8505,8506
5145,5144,8506,8864
5098,5145,8506,8507
5146,5145,8507,8863
5098,5146,8507,8508
5147,5146,8508,8891
5098,5147,8508,8509
5113,5147,8509,8817
5098,5113,8509,8510
5148,5149,8511,11909,6
5149,5150,8511,11600
5150,5148,8511,8512
5151,5148,8512,11603
5150,5151,8512,8577
5152,5153,8513,8515,6
5153,5154,8513,11601
5154,5152,8513,8514
5155,5152,8514,8580,6
5154,5155,8514,8579
5156,5153,8515,9219
5152,5156,8515,8580
5157,5158,8516,11590
5158,5156,8516,9218
5156,5157,8516,8581
5159,5160,8517,11588
5160,5157,8517,11589
5157,5159,8517,8518
5161,5159,8518,11435
5157,5161,8518,8519
5162,5161,8519,11434
5157,5162,8519,8520
5163,5162,8520,11434
5157,5163,8520,8521
5164,5163,8521,11433
5157,5164,8521,8522
5165,5164,8522,11432
5157,5165,8522,8523
5166,5165,8523,11431
5157,5166,8523,8524
5167,5166,8524,11430
5157,5167,8524,8582
5168,5169,8525,11429
5169,5167,8525,11430
5167,5168,8525,8583
5170,5171,8526,11449
5171,5168,8526,11429
5168,5170,8526,8527
5172,5170,8527,11428
5168,5172,8527,8528
5173,5172,8528,11428
5168,5173,8528,8584
5174,5175,8529,11426
5175,5173,8529,11427
5173,5174,8529,8530
5176,5174,8530,11912,321
5173,5176,8530,8531
5177,5176,8531,11912,321
5173,5177,8531,8532
5178,5177,8532,11654
5173,5178,8532,8533
5179,5178,8533,9107
5173,5179,8533,8534
5180,5179,8534,-2246
5173,5180,8534,8584
5181,5182,8535,9109
5182,5180,8535,-2246
5180,5181,8535,8585
5183,5184,8536,9111
5184,5181,8536,9110
5181,5183,8536,8537
4645,5183,8537,9112
5181,4645,8537,8595
4644,4643,8538,8586
4643,4639,8539,8586
4640,4637,8540,8541
4640,4636,8541,8542
4640,4635,8542,8543
4640,4634,8543,8587
5185,4633,8544,11935
4634,5185,8544,8545
5186,5185,8545,11956
4634,5186,8545,8546
5187,5186,8546,11955
4634,5187,8546,8588
5188,5189,8547,11953
5189,5187,8547,11954
5187,5188,8547,8602
4963,5190,8548,11949
5190,5191,8548,11950
5191,4963,8548,8549
5191,4964,8549,8550
5192,4964,8550,12011
5191,5192,8550,8551
5193,5192,8551,12010
5191,5193,8551,8552
5194,5193,8552,9204
5191,5194,8552,8553
5195,5194,8553,9209
5191,5195,8553,8554
5196,5195,8554,9208
5191,5196,8554,8555
5197,5196,8555,9203
5191,5197,8555,8556
5198,5197,8556,9202
5191,5198,8556,8557
5199,5198,8557,8558,6
5191,5199,8557,8589
5200,5198,8558,11624
5199,5200,8558,8559
5201,5200,8559,11623
5199,5201,8559,8560
5202,5201,8560,11623
5199,5202,8560,8590
5203,5204,8561,11675
5204,5202,8561,11670
5202,5203,8561,8562
5205,5203,8562,11910,6
5202,5205,8562,8563
5206,5205,8563,8970
5202,5206,8563,8564
5207,5206,8564,8969
5202,5207,8564,8565
5208,5207,8565,8968
5202,5208,8565,8591
5209,5210,8566,8974
5210,5211,8566,8967
5211,5209,8566,8567
5212,5209,8567,8977
5211,5212,8567,8568
5213,5212,8568,8973
5211,5213,8568,8569
5214,5213,8569,8966
5211,5214,8569,8570
5215,5214,8570,8965
5211,5215,8570,8599
5216,5217,8571,8963
5217,5218,8571,8964
5218,5216,8571,8572
5219,5216,8572,9264
5218,5219,8572,8573
5220,5219,8573,11604
5218,5220,8573,8574
5221,5220,8574,11907,6
5218,5221,8574,8575
5222,5221,8575,11908,6
5218,5222,8575,8576
5150,5222,8576,11600
5218,5150,8576,8577
5218,5151,8577,8578
5223,5151,8578,11602
5218,5223,8578,8593
5154,5223,8579,11601
5223,5155,8579,8593
5155,5156,8580,8581
5155,5157,8581,8582
5155,5167,8582,8583
5155,5168,8583,8594
5168,5180,8584,8585
5168,5181,8585,8594
4644,4639,8586,8597
4639,4634,8587,8588
4639,5187,8588,8601
5191,5224,8589,11951
5224,5199,8589,8590
5224,5202,8590,8591
5224,5208,8591,8592
5211,5208,8592,8967
5224,5211,8592,8598
5218,5155,8593,8600
5155,5181,8594,8595
5155,4645,8595,8596
5155,4644,8596,8597
5155,4639,8597,8600
5224,5188,8598,11952
5188,5211,8598,8599
5188,5215,8599,8602
5218,4639,8600,8601
5218,5187,8601,8603
5187,5215,8602,8603
5218,5215,8603,8965
5053,5225,8604,11899,239
5225,5226,8604,11895,239
5226,5053,8604,8605
5226,4941,8605,8606
5226,4940,8606,8613
4940,5058,8607,8608
5227,5058,8608,8774
4940,5227,8608,8614
5228,5229,8609,8773
5229,5227,8609,8774
5227,5228,8609,8610
5230,5228,8610,11904,239
5227,5230,8610,8611
5231,5230,8611,11903,239
5227,5231,8611,8612
5232,5231,8612,8793
5227,5232,8612,8614
5226,5233,8613,8795
5233,4940,8613,8615
4940,5232,8614,8615
5233,5232,8615,8795
5234,5075,8616,8676
5076,5234,8616,8617
5235,5234,8617,8686
5076,5235,8617,8618
5236,5235,8618,8685
5076,5236,8618,8619
5237,5236,8619,8684
5076,5237,8619,8620
5238,5237,8620,8683
5076,5238,8620,8625
5081,5239,8621,8810
5239,5238,8621,8682
5238,5081,8621,8622
5238,5077,8622,8623
5238,5078,8623,8624
5238,5079,8624,8625
5240,5241,8626,8823
5241,5242,8626,11775
5242,5240,8626,8652
5243,5244,8627,8852
5244,5240,8627,8823
5240,5243,8627,8628
5245,5243,8628,8822
5240,5245,8628,8653
5246,5247,8629,8845
5247,5248,8629,8821
5248,5246,8629,8630
5249,5246,8630,8844
5248,5249,8630,8661
5250,5251,8631,8851
5251,5252,8631,8842
5252,5250,8631,8632
5253,5250,8632,8841
5252,5253,8632,8633
5254,5253,8633,8841
5252,5254,8633,8634
5255,5254,8634,8840
5252,5255,8634,8635
5256,5255,8635,8839
5252,5256,8635,8636
5257,5256,8636,8838
5252,5257,8636,8654
5258,5259,8637,8837
5259,5257,8637,8838
5257,5258,8637,8655
5260,5261,8638,8835
5261,5262,8638,8836
5262,5260,8638,8639
5263,5260,8639,8834
5262,5263,8639,8640
5264,5263,8640,8834
5262,5264,8640,8641
5265,5264,8641,8833
5262,5265,8641,8642
5038,5265,8642,8832
5262,5038,8642,8643
5266,5038,8643,-2246
5262,5266,8643,8644
5040,5266,8644,-2246
5262,5040,8644,8645
5262,5043,8645,8657
5267,5041,8646,-2246
5042,5267,8646,8663
5268,5044,8647,9028
5044,5267,8647,-2246
5267,5268,8647,8648
5269,5268,8648,9029
5267,5269,8648,8649
5270,5269,8649,9384
5267,5270,8649,8650
5271,5270,8650,9385
5267,5271,8650,8651
5272,5271,8651,11386
5267,5272,8651,8659
5242,5272,8652,11894,239
5272,5240,8652,8653
5272,5245,8653,8659
5252,5273,8654,8842
5273,5257,8654,8655
5273,5258,8655,8656
5262,5258,8656,8836
5273,5262,8656,8657
5273,5043,8657,8658
5273,5042,8658,8662
5267,5245,8659,8660
5248,5245,8660,8821
5267,5248,8660,8661
5267,5249,8661,8663
5273,5249,8662,8843
5249,5042,8662,8663
5051,5128,8664,8665
5051,5127,8665,8666
5274,5127,8666,8868
5051,5274,8666,8667
5275,5274,8667,8868
5051,5275,8667,8674
5276,5277,8668,9074
5277,5278,8668,8921
5278,5276,8668,8669
5279,5276,8669,8933
5278,5279,8669,8670
5280,5279,8670,8798
5278,5280,8670,8671
5281,5280,8671,8797
5278,5281,8671,8675
5061,5282,8672,8796
5282,5281,8672,8797
5281,5061,8672,8673
5281,5051,8673,8674
5281,5275,8674,8675
5278,5275,8675,8922
5234,5074,8676,8687
5283,5284,8677,8912
5284,5074,8677,8809
5074,5283,8677,8687
5285,5286,8678,8906
5286,5283,8678,8912
5283,5285,8678,8688
5287,5288,8679,8945
5288,5285,8679,8949
5285,5287,8679,8680
5289,5287,8680,8914
5285,5289,8680,8681
5239,5289,8681,8811
5285,5239,8681,8682
5285,5238,8682,8683
5285,5237,8683,8684
5285,5236,8684,8685
5285,5235,8685,8686
5285,5234,8686,8688
5234,5283,8687,8688
5290,5291,8689,12203
5291,5141,8689,12202
5141,5290,8689,8690
5292,5290,8690,8790
5141,5292,8690,8691
5293,5292,8691,8789
5141,5293,8691,8692
5294,5293,8692,9001
5141,5294,8692,8693
5295,5294,8693,9006
5141,5295,8693,8694
5143,5295,8694,8856
5141,5143,8694,8695
5120,5123,8696,8709
5296,5297,8697,8879
5297,5123,8697,11918
5123,5296,8697,8698
5298,5296,8698,8890
5123,5298,8698,8699
5299,5298,8699,9235
5123,5299,8699,8700
5300,5299,8700,11893,130
5123,5300,8700,8701
5301,5300,8701,11892,130
5123,5301,8701,8702
5302,5301,8702,9136
5123,5302,8702,8703
5303,5302,8703,9139
5123,5303,8703,8704
5304,5303,8704,9139
5123,5304,8704,8705
5305,5304,8705,8754
5123,5305,8705,8706
5066,5305,8706,8755
5123,5066,8706,8707
5123,5065,8707,8708
5123,5068,8708,8709
5306,5307,8710,12027
5307,5308,8710,11462
5308,5306,8710,8711
5309,5306,8711,12026
5308,5309,8711,8712
5310,5309,8712,12025
5308,5310,8712,8726
5311,5312,8713,12024
5312,5310,8713,12025
5310,5311,8713,8714
5313,5311,8714,12419
5310,5313,8714,8715
5314,5313,8715,12419
5310,5314,8715,8716
5315,5314,8716,12428
5310,5315,8716,8717
5316,5315,8717,12418
5310,5316,8717,8718
5317,5316,8718,12418
5310,5317,8718,8719
5318,5317,8719,13104
5310,5318,8719,8720
5319,5318,8720,11844,6
5310,5319,8720,8721
5320,5319,8721,11843,6
5310,5320,8721,8722
5321,5320,8722,13105
5310,5321,8722,8723
5322,5321,8723,11847,6
5310,5322,8723,8727
5323,5324,8724,11874,6
5324,5322,8724,11875,6
5322,5323,8724,8725
5325,5323,8725,11874,6
5322,5325,8725,8727
5308,5325,8726,11873,6
5325,5310,8726,8727
5138,5326,8728,11928
5326,5137,8728,8737
5327,5136,8729,11897
5137,5327,8729,8730
5328,5327,8730,11896
5137,5328,8730,8731
5329,5328,8731,11837
5137,5329,8731,8732
5330,5329,8732,11836
5137,5330,8732,8733
5331,5330,8733,8939
5137,5331,8733,8734
5332,5331,8734,9097
5137,5332,8734,8737
5333,5334,8735,11841,330
5334,5332,8735,11785
5332,5333,8735,8736
5326,5333,8736,11929
5332,5326,8736,8737
5064,5062,8738,8739
5335,5062,8739,8801
5064,5335,8739,8757
5336,5337,8740,8937
5337,5335,8740,8800
5335,5336,8740,8741
5338,5336,8741,8936
5335,5338,8741,8757
5339,5340,8742,9085
5340,5338,8742,8936
5338,5339,8742,8743
5341,5339,8743,9084
5338,5341,8743,8744
5342,5341,8744,9422
5338,5342,8744,8745
5343,5342,8745,9426
5338,5343,8745,8761
5344,5345,8746,9436
5345,5346,8746,9424
5346,5344,8746,8747
5347,5344,8747,9592
5346,5347,8747,8748
5348,5347,8748,9318
5346,5348,8748,8749
5349,5348,8749,9322
5346,5349,8749,8750
5350,5349,8750,9326
5346,5350,8750,8758
5351,5352,8751,9319
5352,5350,8751,9330
5350,5351,8751,8759
5353,5354,8752,9323
5354,5351,8752,9319
5351,5353,8752,8753
5304,5353,8753,9138
5351,5304,8753,8754
5351,5305,8754,8755
5351,5066,8755,8756
5351,5064,8756,8760
5064,5338,8757,8760
5346,5343,8758,9425
5343,5350,8758,8759
5343,5351,8759,8761
5351,5338,8760,8761
5355,4892,8762,8779
4893,5355,8762,8763
5356,5355,8763,8780
4893,5356,8763,8764
5357,5356,8764,8927
4893,5357,8764,8765
5358,5357,8765,8931
4893,5358,8765,8770
5037,5359,8766,8830
5359,5036,8766,8767
5359,5035,8767,8768
5359,5033,8768,8771
5034,4893,8769,8770
5034,5358,8770,8772
5359,5358,8771,8932
5358,5033,8771,8772
5228,5360,8773,11840,239
5360,5229,8773,8782
5229,5058,8774,8775
5229,4887,8775,8776
5229,4889,8776,8777
5229,4890,8777,8778
5229,4891,8778,8782
4891,5355,8779,8780
4891,5356,8780,8781
5360,5356,8781,8927
4891,5360,8781,8782
4935,4932,8783,8784
4935,5047,8784,8785
5361,5047,8785,9009
4935,5361,8785,8786
5362,5361,8786,9021
4935,5362,8786,8787
5363,5362,8787,9020
4935,5363,8787,8788
5364,5363,8788,9019
4935,5364,8788,8792
5293,5364,8789,9001
5364,5292,8789,8790
5364,5290,8790,8791
5365,5290,8791,-196
5364,5365,8791,8792
4935,5365,8792,-196
5366,5231,8793,11831,239
5232,5366,8793,8794
5226,5366,8794,11838,239
5232,5226,8794,8795
5062,5282,8796,8802
5282,5280,8797,8802
5367,5279,8798,8933
5280,5367,8798,8799
5337,5367,8799,8938
5280,5337,8799,8800
5280,5335,8800,8801
5280,5062,8801,8802
5073,5129,8803,8804
5073,5020,8804,8805
5073,5019,8805,8806
5368,5019,8806,-1587
5073,5368,8806,8807
5369,5368,8807,-1843
5073,5369,8807,8808
5284,5369,8808,8911
5073,5284,8808,8809
5080,5239,8810,8811
5080,5289,8811,8812
5370,5289,8812,8925
5080,5370,8812,8813
5371,5370,8813,8924
5080,5371,8813,8816
4502,5371,8814,8866
5371,4501,8814,8816
4501,5080,8815,8816
5114,5147,8817,8818
5372,5147,8818,8891
5114,5372,8818,8819
5373,5372,8819,8904
5114,5373,8819,8820
5115,5373,8820,8903
5247,5245,8821,8822
5247,5243,8822,8846
5244,5241,8823,8824
5374,5241,8824,11775
5244,5374,8824,8825
5375,5374,8825,11817,239
5244,5375,8825,8826
5376,5375,8826,11800,239
5244,5376,8826,8847
5377,5378,8827,11812,239
5378,5376,8827,11809,239
5376,5377,8827,8847
5379,5380,8828,11798,239
5380,5377,8828,11799,239
5377,5379,8828,8848
5359,5381,8829,8932
5381,5379,8829,11797,239
5379,5359,8829,8830
5379,5037,8830,8831
5379,5038,8831,8832
5379,5265,8832,8833
5379,5264,8833,8848
5264,5260,8834,8835
5264,5261,8835,8849
5261,5258,8836,8837
5261,5259,8837,8850
5259,5256,8838,8839
5259,5255,8839,8840
5259,5254,8840,8850
5254,5250,8841,8855
5251,5273,8842,8843
5251,5249,8843,8844
5251,5246,8844,8845
5251,5247,8845,8846
5251,5243,8846,8851
5244,5377,8847,8853
5377,5264,8848,8849
5377,5261,8849,8853
5261,5254,8850,8854
5250,5243,8851,8852
5250,5244,8852,8855
5244,5261,8853,8854
5244,5254,8854,8855
5144,5295,8856,8857
5382,5295,8857,9005
5144,5382,8857,8858
5383,5382,8858,9072
5144,5383,8858,8859
145,5383,8859,9071
5144,145,8859,8860
5144,146,8860,8861
5144,147,8861,8864
5146,5384,8862,8892
5384,147,8862,8893
147,5146,8862,8863
147,5145,8863,8864
4525,4502,8865,8866
4525,5371,8866,8867
5275,5371,8867,8923
4525,5275,8867,8870
5275,5127,8868,8869
5275,5126,8869,8870
5385,5386,8871,11645
5386,5387,8871,11786,330
5387,5385,8871,8872
5388,5385,8872,11644
5387,5388,8872,8873
5389,5388,8873,9309
5387,5389,8873,8874
5390,5389,8874,9227
5387,5390,8874,8875
5391,5390,8875,9228
5387,5391,8875,8876
5392,5391,8876,9229
5387,5392,8876,8877
5393,5392,8877,9230
5387,5393,8877,8878
5298,5393,8878,9225
5387,5298,8878,8889
5394,5297,8879,11917
5296,5394,8879,8890
5395,5396,8880,11926
5396,5394,8880,11917
5394,5395,8880,8881
5397,5395,8881,11916
5394,5397,8881,8882
5398,5397,8882,11915
5394,5398,8882,8883
5399,5398,8883,11914
5394,5399,8883,8884
5334,5399,8884,11841
5394,5334,8884,8885
5400,5334,8885,11784,330
5394,5400,8885,8886
5401,5400,8886,11784,330
5394,5401,8886,8887
5402,5401,8887,11639
5394,5402,8887,8888
5387,5402,8888,11786,330
5394,5387,8888,8889
5394,5298,8889,8890
5372,5146,8891,8892
5372,5384,8892,8893
5372,147,8893,8894
5372,148,8894,8895
5403,148,8895,-2247
5372,5403,8895,8896
89,5403,8896,-2247
5372,89,8896,8897
5404,89,8897,8988
5372,5404,8897,8898
5405,5404,8898,8989
5372,5405,8898,8899
5406,5405,8899,8990
5372,5406,8899,8905
5407,5408,8900,8991
5408,5406,8900,9000
5406,5407,8900,8905
5117,5407,8901,8991
5407,5116,8901,8902
5407,5115,8902,8903
5407,5373,8903,8904
5407,5372,8904,8905
5409,5285,8906,8949
5286,5409,8906,8907
5410,5409,8907,8948
5286,5410,8907,8908
5411,5410,8908,8909,188
5286,5411,8908,8913
5412,5410,8909,11694
5411,5412,8909,8910
5369,5412,8910,-820
5411,5369,8910,8911
5411,5284,8911,8913
5284,5286,8912,8913
5413,5287,8914,8945
5289,5413,8914,8915
5414,5413,8915,9046
5289,5414,8915,8916
5415,5414,8916,9047
5289,5415,8916,8917
5416,5415,8917,9048
5289,5416,8917,8918
5417,5416,8918,9049
5289,5417,8918,8919
5418,5417,8919,9239
5289,5418,8919,8926
5419,5420,8920,9076
5420,5418,8920,9246
5418,5419,8920,8926
5277,5419,8921,9075
5419,5278,8921,8922
5419,5275,8922,8923
5419,5371,8923,8924
5419,5370,8924,8925
5419,5289,8925,8926
5360,5357,8927,8928
5421,5357,8928,8930
5360,5421,8928,11779,239
5421,5422,8929,11721,239
5422,5381,8929,11722,239
5381,5421,8929,8930
5381,5357,8930,8931
5381,5358,8931,8932
5367,5276,8933,8934
5423,5276,8934,9074
5367,5423,8934,8935
5340,5423,8935,9086
5367,5340,8935,8938
5340,5336,8936,8937
5340,5337,8937,8938
5330,5424,8939,11835
5424,5331,8939,8940
5425,5331,8940,9098
5424,5425,8940,8941
5426,5425,8941,9099
5424,5426,8941,8942
5427,5426,8942,9196
5424,5427,8942,8943
5428,5427,8943,8955
5424,5428,8943,8944
5429,5428,8944,8956
5424,5429,8944,11834
5288,5413,8945,8946
5430,5413,8946,9046
5288,5430,8946,8947
5410,5430,8947,11686,188
5288,5410,8947,8948
5288,5409,8948,8949
5431,5432,8950,11684,239
5432,5433,8950,11685,239
5433,5431,8950,8961
5434,5435,8951,9253
5435,5436,8951,9254
5436,5434,8951,8952
5437,5434,8952,9252
5436,5437,8952,8953
5438,5437,8953,9251
5436,5438,8953,8959
5427,5439,8954,-10311
5439,5440,8954,9250
5440,5427,8954,8955
5440,5428,8955,8956
5440,5429,8956,8957
5441,5429,8957,11833
5440,5441,8957,8958
5433,5441,8958,11900
5440,5433,8958,8960
5436,5431,8959,9254
5431,5438,8959,8961
5440,5438,8960,9250
5438,5433,8960,8961
5216,5442,8962,9265
5442,5443,8962,11662,6
5443,5216,8962,8963
5443,5217,8963,8964
5443,5218,8964,8972
5218,5214,8965,8966
5218,5213,8966,8972
5210,5208,8967,8968
5210,5207,8968,8969
5210,5206,8969,8974
5444,5205,8970,11664,6
5206,5444,8970,8971
5445,5444,8971,11664,6
5206,5445,8971,8975
5443,5213,8972,8973
5443,5212,8973,8976
5209,5206,8974,8975
5209,5445,8975,8977
5443,5445,8976,11663,6
5445,5212,8976,8977
5118,5082,8978,8993
5446,5084,8979,11658,321
5083,5446,8979,8980
5447,5446,8980,11657,321
5083,5447,8980,8981
5448,5447,8981,11656,321
5083,5448,8981,8994
5449,5177,8982,11911
5177,5448,8982,11655,321
5448,5449,8982,8983
5450,5449,8983,9484
5448,5450,8983,8984
5451,5450,8984,9483
5448,5451,8984,8995
5452,5453,8985,9706
5453,5454,8985,9708
5454,5452,8985,8997
91,5452,8986,9702
5452,87,8986,8987
5452,88,8987,8998
88,5404,8988,8989
88,5405,8989,8990
88,5406,8990,8999
5408,5117,8991,8992
5408,5118,8992,8993
5408,5082,8993,9000
5082,5448,8994,8995
5082,5451,8995,8996
5454,5451,8996,9482
5082,5454,8996,8997
5082,5452,8997,8998
5082,88,8998,8999
5082,5406,8999,9000
5294,5364,9001,9007
5455,5456,9002,9018
5456,5364,9002,9019
5364,5455,9002,9008
5457,5458,9003,9016
5458,5455,9003,9017
5455,5457,9003,9004
5459,5457,9004,9063
5455,5459,9004,9008
5382,5459,9005,9063
5459,5295,9005,9006
5459,5294,9006,9007
5459,5364,9007,9008
5361,5046,9009,9021
5460,5461,9010,9042
5461,5462,9010,9043
5462,5460,9010,9023
5463,5464,9011,9040
5464,5460,9011,9041
5460,5463,9011,9012
5465,5463,9012,9039
5460,5465,9012,9024
5466,5467,9013,9067
5467,5465,9013,9068
5465,5466,9013,9025
5468,5469,9014,9065
5469,5466,9014,9066
5466,5468,9014,9026
5457,5470,9015,9064
5470,5468,9015,9065
5468,5457,9015,9016
5468,5458,9016,9017
5468,5455,9017,9018
5468,5456,9018,9027
5456,5363,9019,9020
5456,5362,9020,9027
5362,5046,9021,9022
5462,5046,9022,9044
5362,5462,9022,9023
5362,5460,9023,9024
5362,5465,9024,9025
5362,5466,9025,9026
5362,5468,9026,9027
5046,5268,9028,9029
5046,5269,9029,9030
5471,5269,9030,9383
5046,5471,9030,9031
5472,5471,9031,9383
5046,5472,9031,9032
5473,5472,9032,9391
5046,5473,9032,9033
5474,5473,9033,9390
5046,5474,9033,9044
5475,5476,9034,9622
5476,5477,9034,9389
5477,5475,9034,9035
5478,5475,9035,9622
5477,5478,9035,9036
143,5478,9036,9659
5477,143,9036,9037
5477,142,9037,9038
5465,142,9038,9068
5477,5465,9038,9039
5477,5463,9039,9040
5477,5464,9040,9041
5477,5460,9041,9042
5477,5461,9042,9043
5477,5462,9043,9045
5462,5474,9044,9045
5477,5474,9045,9390
5430,5414,9046,9047
5430,5415,9047,9048
5430,5416,9048,9062
5479,5417,9049,9239
5416,5479,9049,9057
5480,5481,9050,9125
5481,5479,9050,9124
5479,5480,9050,9057
5482,5483,9051,-1603
5483,5480,9051,9125
5480,5482,9051,9052
5484,5482,9052,-1603
5480,5484,9052,9058
5485,5486,9053,9210
5486,5487,9053,9117
5487,5485,9053,9054
5488,5485,9054,9055,188
5487,5488,9054,9060
5489,5485,9055,11605
5488,5489,9055,9056
5490,5489,9056,11646,188
5488,5490,9056,9060
5416,5480,9057,9058
5416,5484,9058,9059
5487,5484,9059,9117
5416,5487,9059,9062
5487,5490,9060,9061
5430,5490,9061,11646,188
5487,5430,9061,9062
5382,5457,9063,9064
5382,5470,9064,9073
5470,5469,9065,9066
5470,5466,9066,9067
5470,5467,9067,9073
5467,142,9068,9069
5491,142,9069,-2247
5467,5491,9069,9070
145,5491,9070,-2247
5467,145,9070,9071
5467,5383,9071,9072
5467,5382,9072,9073
5423,5277,9074,9075
5423,5419,9075,9076
5423,5420,9076,9077
5492,5420,9077,9245
5423,5492,9077,9078
5493,5492,9078,9244
5423,5493,9078,9079
5494,5493,9079,9302
5423,5494,9079,9080
5495,5494,9080,9302
5423,5495,9080,9081
5496,5495,9081,9308
5423,5496,9081,9082
5497,5496,9082,9432
5423,5497,9082,9083
5498,5497,9083,9438
5423,5498,9083,9086
5341,5498,9084,9422
5498,5339,9084,9085
5498,5340,9085,9086
5499,5500,9087,11679
5500,5501,9087,11781
5501,5499,9087,9088
5502,5499,9088,11680
5501,5502,9088,9089
5503,5502,9089,11717
5501,5503,9089,9090
5504,5503,9090,11743
5501,5504,9090,9091
5505,5504,9091,11718
5501,5505,9091,9092
5506,5505,9092,11718
5501,5506,9092,9093
5507,5506,9093,11719
5501,5507,9093,9094
5508,5507,9094,-2118
5501,5508,9094,-10054
5509,5402,9095,11639,330
5402,5386,9095,11786
5386,5509,9095,9104
5332,5401,9096,11785
5401,5509,9096,11639,330
5509,5332,9096,9097
5509,5331,9097,9098
5509,5425,9098,9099
5509,5426,9099,9100
5510,5426,9100,9196
5509,5510,9100,9105
5511,5512,9101,11641,330
5512,5510,9101,11547
5510,5511,9101,9102
5513,5511,9102,11641,330
5510,5513,9102,9103
5514,5513,9103,11640,330
5510,5514,9103,9105
5386,5514,9104,11640,330
5514,5509,9104,9105
5178,5109,9106,11653
5107,5178,9106,9107
5107,5179,9107,9116
5182,5515,9108,-2758
5515,5179,9108,-2758
5179,5182,9108,9109
5179,5181,9109,9110
5179,5184,9110,9111
5179,5183,9111,9112
5179,4645,9112,9113
5179,4646,9113,9114
5179,5105,9114,9115
5179,5106,9115,9116
5484,5486,9117,9118
5516,5486,9118,9210
5484,5516,9118,9119
5517,5516,9119,9211
5484,5517,9119,9127
5518,5519,9120,-67
5519,5517,9120,-42562
5517,5518,9120,9121
5520,5518,9121,9241
5517,5520,9121,9122
5521,5520,9122,9247
5517,5521,9122,9123
5479,5521,9123,9240
5517,5479,9123,9124
5517,5481,9124,9128
5481,5483,9125,9128
5484,5522,9126,-67
5522,5483,9126,-67
5483,5484,9126,9127
5483,5517,9127,9128
5523,5524,9129,12047
5524,5525,9129,12063
5525,5523,9129,9130
5526,5523,9130,9377
5525,5526,9130,9131
5527,5526,9131,9378
5525,5527,9131,9132
5528,5527,9132,9412
5525,5528,9132,9133
5529,5528,9133,-2245
5525,5529,9133,9134
5530,5529,9134,-2277
5525,5530,9134,9135
5531,5530,9135,12046
5525,5531,9135,12062
5532,5301,9136,11632,130
5302,5532,9136,9137
5353,5532,9137,9320
5302,5353,9137,9138
5302,5304,9138,9139
5016,5533,9140,-1587
5533,5017,9140,9182
5017,5015,9141,9142
5017,5014,9142,9143
5017,5012,9143,9144
5017,5013,9144,9183
5013,5011,9145,9146
5013,5009,9146,9147
5013,5006,9147,9148
5013,5007,9148,9184
5007,5004,9149,9150
5007,5005,9150,9185
5005,5003,9151,9186
5003,5001,9152,9187
5001,4998,9153,9154
5001,4997,9154,9188
4997,4995,9155,9156
4997,4994,9156,9157
4997,4993,9157,9194
4992,4990,9158,9159
4992,4989,9159,9160
4992,4988,9160,9161
5534,4988,9161,-1
4992,5534,9161,9162
5535,5534,9162,-1
4992,5535,9162,9163
5536,5535,9163,9282
4992,5536,9163,9164
5537,5536,9164,9281
4992,5537,9164,9165
5538,5537,9165,9280
4992,5538,9165,9166
5539,5538,9166,9279
4992,5539,9166,9167
5540,5539,9167,9278
4992,5540,9167,9168
5541,5540,9168,9277
4992,5541,9168,9189
5542,5543,9169,9276
5543,5541,9169,9277
5541,5542,9169,9170
5544,5542,9170,9276
5541,5544,9170,9171
5545,5544,9171,9275
5541,5545,9171,9172
5546,5545,9172,9274
5541,5546,9172,9190
5547,5548,9173,9297
5548,5546,9173,9274
5546,5547,9173,9174
5549,5547,9174,9273
5546,5549,9174,9191
5550,5551,9175,9272
5551,5549,9175,9273
5549,5550,9175,9191
5552,5553,9176,9271
5553,5550,9176,9272
5550,5552,9176,9177
5554,5552,9177,9270
5550,5554,9177,9192
5555,5556,9178,9269
5556,5554,9178,9270
5554,5555,9178,9179
5557,5555,9179,9268
5554,5557,9179,9192
5558,5559,9180,9267
5559,5557,9180,9268
5557,5558,9180,9181
5533,5558,9181,11691
5557,5533,9181,9182
5557,5017,9182,9183
5557,5013,9183,9184
5557,5007,9184,9185
5557,5005,9185,9186
5557,5003,9186,9187
5557,5001,9187,9188
5557,4997,9188,9193
4993,5541,9189,9190
4993,5546,9190,9194
5546,5550,9191,9195
5550,5557,9192,9193
5550,4997,9193,9195
4997,5546,9194,9195
5427,5510,9196,9197
5560,5510,9197,-10183
5427,5560,9197,9200
5561,5562,9198,9248
5562,5560,9198,-2248
5560,5561,9198,9199
5563,5561,9199,-2119
5560,5563,9199,9200
5427,5563,9200,-2118
5564,5565,9201,11626,6
5565,5566,9201,12008
5566,5564,9201,9205
5198,5567,9202,11624,6
5567,5197,9202,9203
5567,5196,9203,9207
5566,5193,9204,12009
5194,5566,9204,9205
5194,5564,9205,9206
5568,5564,9206,11625,6
5194,5568,9206,9209
5567,5568,9207,11625,6
5568,5196,9207,9208
5568,5195,9208,9209
5485,5516,9210,9211
5485,5517,9211,9215
5569,5570,9212,9439
5570,5517,9212,-1603
5517,5569,9212,9213
5571,5569,9213,9450
5517,5571,9213,9214
5572,5571,9214,11611,188
5517,5572,9214,9215
5485,5572,9215,11605,188
5573,5574,9216,11592
5574,5220,9216,11604,6
5220,5573,9216,9217
5158,5573,9217,11591
5220,5158,9217,9218
5220,5156,9218,9219
5220,5153,9219,9224
5575,5148,9220,11909
5148,5153,9220,11603,6
5153,5575,9220,9224
5222,5149,9221,11600,6
5149,5575,9221,11909
5575,5222,9221,9222
5576,5222,9222,11908
5575,5576,9222,9223
5220,5576,9223,11907
5575,5220,9223,9224
5577,5298,9225,9236
5393,5577,9225,9226
5578,5577,9226,9231
5393,5578,9226,9230
5389,5578,9227,9309
5578,5390,9227,9228
5578,5391,9228,9229
5578,5392,9229,9230
5579,5578,9231,9310
5577,5579,9231,9232
5580,5579,9232,9392
5577,5580,9232,9237
5299,5581,9233,11893
5581,5582,9233,9331
5582,5299,9233,9234
5583,5299,9234,9235,130
5582,5583,9234,9238
5583,5298,9235,9236
5583,5577,9236,9237
5583,5580,9237,9238
5582,5580,9238,9341
5418,5479,9239,9240
5418,5521,9240,9246
5584,5518,9241,9440
5520,5584,9241,9242
5585,5584,9242,9441
5520,5585,9242,9243
5493,5585,9243,9303
5520,5493,9243,9244
5520,5492,9244,9245
5520,5420,9245,9247
5420,5521,9246,9247
5562,5586,9248,9543
5586,5561,9248,9249
5439,5561,9249,-10311
5586,5439,9249,9256
5439,5438,9250,9251
5439,5437,9251,9252
5439,5434,9252,9253
5439,5435,9253,9256
5435,5431,9254,9255
5586,5431,9255,11599,239
5435,5586,9255,9256
5587,5588,9257,11689
5588,5589,9257,11608
5589,5587,9257,9258
5590,5587,9258,9291
5589,5590,9258,9259
5591,5590,9259,9342
5589,5591,9259,9260
5592,5591,9260,9369
5589,5592,9260,9263
5593,5594,9261,9447
5594,5592,9261,9463
5592,5593,9261,9262
5595,5593,9262,11606
5592,5595,9262,9263
5589,5595,9263,11607
5219,5574,9264,11604
5574,5216,9264,9265
5574,5442,9265,9266
5596,5442,9266,11581,6
5574,5596,9266,11593,6
5558,5587,9267,11690
5587,5559,9267,9292
5559,5555,9268,9269
5559,5556,9269,9293
5556,5552,9270,9271
5556,5553,9271,9294
5553,5551,9272,9295
5551,5547,9273,9296
5548,5545,9274,9275
5548,5544,9275,9301
5544,5543,9276,9298
5543,5540,9277,9278
5543,5539,9278,9279
5543,5538,9279,9280
5543,5537,9280,9281
5543,5536,9281,9298
5597,5535,9282,-1
5536,5597,9282,9283
5598,5597,9283,9348
5536,5598,9283,9284
5599,5598,9284,9347
5536,5599,9284,9285
5600,5599,9285,9347
5536,5600,9285,9286
5601,5600,9286,9346
5536,5601,9286,9287
5602,5601,9287,9345
5536,5602,9287,9288
5603,5602,9288,9345
5536,5603,9288,9289
5604,5603,9289,9344
5536,5604,9289,9290
5605,5604,9290,9344
5536,5605,9290,9299
5590,5606,9291,9342
5606,5587,9291,9292
5606,5559,9292,9293
5606,5556,9293,9294
5606,5553,9294,9295
5606,5551,9295,9296
5606,5547,9296,9297
5606,5548,9297,9300
5544,5536,9298,9299
5544,5605,9299,9301
5606,5605,9300,9343
5605,5548,9300,9301
5495,5493,9302,9303
5495,5585,9303,9304
5607,5585,9304,9442
5495,5607,9304,9305
5608,5607,9305,9443
5495,5608,9305,9306
5609,5608,9306,9588
5495,5609,9306,9307
5610,5609,9307,9587
5495,5610,9307,9308
5496,5610,9308,9432
5388,5578,9309,9310
5388,5579,9310,9311
5611,5579,9311,9401
5388,5611,9311,9312
5612,5611,9312,9401
5388,5612,9312,9313
5613,5612,9313,9403
5388,5613,9313,9314
5614,5613,9314,9404
5388,5614,9314,11643
5615,5616,9315,11574,130
5616,5617,9315,11575,130
5617,5615,9315,9325
5618,5619,9316,9602
5619,5620,9316,9601
5620,5618,9316,9317
5347,5618,9317,9591
5620,5347,9317,9318
5620,5348,9318,9321
5352,5354,9319,9327
5621,5532,9320,11579,130
5353,5621,9320,9323
5620,5615,9321,9733
5615,5348,9321,9322
5615,5349,9322,9325
5354,5621,9323,9324
5622,5621,9324,11578,130
5354,5622,9324,9327
5617,5349,9325,9326
5617,5350,9326,9329
5352,5622,9327,9328
5623,5622,9328,11577,130
5352,5623,9328,9330
5617,5623,9329,11576,130
5623,5350,9329,9330
5624,5581,9331,11890
5582,5624,9331,9341
5625,5626,9332,11633
5626,5624,9332,11890
5624,5625,9332,9333
5627,5625,9333,11634
5624,5627,9333,9334
5628,5627,9334,11569
5624,5628,9334,9335
5629,5628,9335,11570
5624,5629,9335,9336
5630,5629,9336,9616
5624,5630,9336,9337
5631,5630,9337,9643
5624,5631,9337,9338
5632,5631,9338,9628
5624,5632,9338,9339
5633,5632,9339,9393
5624,5633,9339,9340
5580,5633,9340,9392
5624,5580,9340,9341
5591,5606,9342,9343
5591,5605,9343,9370
5605,5603,9344,9374
5603,5601,9345,9346
5603,5600,9346,9371
5600,5598,9347,9348
5600,5597,9348,9349
5634,5597,9349,-1
5600,5634,9349,9350
5635,5634,9350,10148
5600,5635,9350,9351
5636,5635,9351,10148
5600,5636,9351,9352
5637,5636,9352,10147
5600,5637,9352,9353
5638,5637,9353,10146
5600,5638,9353,9354
5639,5638,9354,10146
5600,5639,9354,9355
5640,5639,9355,10145
5600,5640,9355,9356
5641,5640,9356,10144
5600,5641,9356,9357
5642,5641,9357,10143
5600,5642,9357,9358
5643,5642,9358,10034
5600,5643,9358,9359
5644,5643,9359,9737
5600,5644,9359,9360
5645,5644,9360,9724
5600,5645,9360,9361
5646,5645,9361,9724
5600,5646,9361,9362
5647,5646,9362,9725
5600,5647,9362,9363
5648,5647,9363,9725
5600,5648,9363,9364
5649,5648,9364,9726
5600,5649,9364,9365
5650,5649,9365,9726
5600,5650,9365,9366
5651,5650,9366,9596
5600,5651,9366,9367
5652,5651,9367,9595
5600,5652,9367,9368
5653,5652,9368,9445
5600,5653,9368,9371
5592,5654,9369,9463
5654,5591,9369,9370
5654,5605,9370,9373
5603,5653,9371,9372
5655,5653,9372,9465
5603,5655,9372,9374
5654,5655,9373,9464
5655,5605,9373,9374
5656,5657,9375,11618
5657,5658,9375,11619
5658,5656,9375,9376
5659,5656,9376,11617
5658,5659,9376,9381
5523,5660,9377,12047
5660,5526,9377,9378
5660,5527,9378,9379
5661,5527,9379,9412
5660,5661,9379,9380
5662,5661,9380,11554,6
5660,5662,9380,9382
5658,5662,9381,11554,6
5662,5659,9381,9382
5660,5659,9382,11616
5472,5269,9383,9384
5472,5270,9384,9385
5472,5271,9385,9386
5663,5271,9386,11386
5472,5663,9386,9387
5664,5663,9387,11387
5472,5664,9387,9388
5476,5664,9388,9626
5472,5476,9388,9389
5472,5477,9389,9391
5477,5473,9390,9391
5579,5633,9392,9393
5579,5632,9393,9394
5665,5632,9394,9628
5579,5665,9394,9395
5666,5665,9395,9633
5579,5666,9395,9396
5667,5666,9396,-2247
5579,5667,9396,9397
5668,5667,9397,9575
5579,5668,9397,9398
5669,5668,9398,9576
5579,5669,9398,9399
5670,5669,9399,9576
5579,5670,9399,9400
5612,5670,9400,9402
5579,5612,9400,9401
5670,5671,9402,9565
5671,5612,9402,9403
5671,5613,9403,9404
5671,5614,9404,9407
5672,5512,9405,11553,330
5512,5614,9405,11642
5614,5672,9405,9406
5673,5672,9406,11552,330
5614,5673,9406,9407
5671,5673,9407,11551,330
5674,5675,9408,12045
5675,5528,9408,-2789
5528,5674,9408,9409
5676,5674,9409,11537,6
5528,5676,9409,9410
5677,5676,9410,11536,6
5528,5677,9410,9411
5661,5677,9411,11535,6
5528,5661,9411,9412
5678,5679,9413,11712
5679,5680,9413,11711
5680,5678,9413,9420
5681,5682,9414,11713
5682,5678,9414,11712
5678,5681,9414,9421
5683,5684,9415,9460
5684,5681,9415,-2118
5681,5683,9415,9416
5685,5683,9416,11707
5681,5685,9416,9417
5686,5685,9417,11708
5681,5686,9417,9418
5687,5686,9418,11709
5681,5687,9418,9421
5680,5688,9419,11711
5688,5687,9419,11710
5687,5680,9419,9420
5687,5678,9420,9421
5342,5498,9422,9423
5689,5498,9423,9438
5342,5689,9423,9426
5345,5689,9424,9437
5689,5346,9424,9425
5689,5343,9425,9426
5690,5691,9427,11459,6
5691,5692,9427,12055
5692,5690,9427,9431
5693,5694,9428,12058
5694,5690,9428,11485,6
5690,5693,9428,9429
5695,5693,9429,12057
5690,5695,9429,9430
5696,5695,9430,12057
5690,5696,9430,9431
5692,5696,9431,12056
5497,5610,9432,9433
5697,5610,9433,9587
5497,5697,9433,9434
5698,5697,9434,9594
5497,5698,9434,9435
5344,5698,9435,9593
5497,5344,9435,9436
5497,5345,9436,9437
5497,5689,9437,9438
5518,5570,9439,-1603
5569,5518,9439,9440
5569,5584,9440,9441
5569,5585,9441,9442
5569,5607,9442,9443
5569,5608,9443,9444
5699,5608,9444,9588
5569,5699,9444,9451
5652,5700,9445,9595
5700,5653,9445,9446
5594,5653,9446,9465
5700,5594,9446,9447
5700,5593,9447,9448
5571,5593,9448,11606
5700,5571,9448,9449
5701,5571,9449,9450,188
5700,5701,9449,9452
5701,5569,9450,9451
5701,5699,9451,9452
5700,5699,9452,9603
5702,5703,9453,-2118
5703,5704,9453,-2118
5704,5702,9453,9454
5705,5702,9454,-2119
5704,5705,9454,9455
5706,5705,9455,9563
5704,5706,9455,9461
5707,5708,9456,9562
5708,5706,9456,9563
5706,5707,9456,9457
5709,5707,9457,9655
5706,5709,9457,9458
5710,5709,9458,9654
5706,5710,9458,9462
5683,5711,9459,11706
5711,5710,9459,9653
5710,5683,9459,9460
5710,5684,9460,9462
5704,5684,9461,-2118
5684,5706,9461,9462
5594,5654,9463,9464
5594,5655,9464,9465
5712,5174,9466,11425,321
5174,5449,9466,11911
5449,5712,9466,9485
5713,5714,9467,11423,321
5714,5715,9467,11424,321
5715,5713,9467,9496
5716,5717,9468,11422,321
5717,5713,9468,11423,321
5713,5716,9468,9487
5718,5719,9469,11446,321
5719,5716,9469,11422,321
5716,5718,9469,9470
5720,5718,9470,11456,321
5716,5720,9470,9471
5721,5720,9471,11445,321
5716,5721,9471,9487
5722,5723,9472,11219
5723,5721,9472,11220
5721,5722,9472,9473
5724,5722,9473,9873
5721,5724,9473,9488
5725,5726,9474,9892
5726,5724,9474,9873
5724,5725,9474,9475
5727,5725,9475,9872
5724,5727,9475,9476
5728,5727,9476,9871
5724,5728,9476,9489
5729,5730,9477,9870
5730,5728,9477,9871
5728,5729,9477,9490
5731,5732,9478,9869
5732,5729,9478,9870
5729,5731,9478,9491
5733,5734,9479,9867
5734,5735,9479,9868
5735,5733,9479,9480
5736,5733,9480,9866
5735,5736,9480,9499
5737,5738,9481,9716
5738,5739,9481,9986
5739,5737,9481,9492
5454,5740,9482,9707
5740,5451,9482,9483
5740,5450,9483,9484
5740,5449,9484,9485
5740,5712,9485,9486
5715,5712,9486,11424,321
5740,5715,9486,9495
5713,5721,9487,9488
5713,5724,9488,9489
5713,5728,9489,9490
5713,5729,9490,9491
5713,5731,9491,9497
5739,5736,9492,9865
5736,5737,9492,9493
5741,5737,9493,9717
5736,5741,9493,9494
5742,5741,9494,9718
5736,5742,9494,9499
5740,5742,9495,9707
5742,5715,9495,9496
5742,5713,9496,9497
5742,5731,9497,9498
5735,5731,9498,9868
5742,5735,9498,9499
5743,5744,9500,11394
5744,5745,9500,11421,6
5745,5743,9500,9501
5746,5743,9501,11393
5745,5746,9501,9519
5747,5748,9502,11391
5748,5746,9502,11392
5746,5747,9502,9520
5749,5750,9503,11558
5750,5751,9503,11389
5751,5749,9503,9504
5752,5749,9504,11533
5751,5752,9504,9505
5753,5752,9505,11532
5751,5753,9505,9506
5754,5753,9506,9998
5751,5754,9506,9507
5755,5754,9507,9997
5751,5755,9507,9508
5756,5755,9508,11439
5751,5756,9508,9509
5757,5756,9509,11438
5751,5757,9509,9510
5758,5757,9510,11438
5751,5758,9510,9511
5759,5758,9511,11454
5751,5759,9511,9521
5760,5761,9512,11586
5761,5759,9512,11437
5759,5760,9512,9513
5762,5760,9513,11585
5759,5762,9513,9514
5763,5762,9514,11585
5759,5763,9514,9515
5764,5763,9515,11584
5759,5764,9515,9516
5765,5764,9516,11584
5759,5765,9516,9517
5766,5765,9517,11660
5759,5766,9517,9518
5745,5766,9518,11421,6
5759,5745,9518,9519
5759,5746,9519,9520
5759,5747,9520,9521
5751,5747,9521,11390
5767,5768,9522,9995
5768,5769,9522,11359
5769,5767,9522,9547
5770,5771,9523,10068
5771,5767,9523,9994
5767,5770,9523,9524
5772,5770,9524,10073
5767,5772,9524,9525
5773,5772,9525,10132
5767,5773,9525,9548
5774,5775,9526,9928
5775,5773,9526,10123
5773,5774,9526,9549
5776,5777,9527,9841
5777,5778,9527,9922
5778,5776,9527,9528
5779,5776,9528,9570
5778,5779,9528,9529
5780,5779,9529,9570
5778,5780,9529,9550
5781,5782,9530,9569
5782,5780,9530,9579
5780,5781,9530,9550
5783,5784,9531,9568
5784,5781,9531,9569
5781,5783,9531,9532
5785,5783,9532,9533,330
5781,5785,9532,9551
5786,5783,9533,11405
5785,5786,9533,9534
5787,5786,9534,11404
5785,5787,9534,9535
5788,5787,9535,11403
5785,5788,9535,9554
5789,5790,9536,11407
5790,5791,9536,11402
5791,5789,9536,9537
5792,5789,9537,11401
5791,5792,9537,9538
5793,5792,9538,11400
5791,5793,9538,9539
5794,5793,9539,9585
5791,5794,9539,9556
5795,5796,9540,9586
5796,5794,9540,9585
5794,5795,9540,9541
5797,5795,9541,11548
5794,5797,9541,9542
5562,5797,9542,-10311
5794,5562,9542,9552
5798,5586,9543,11410,239
5562,5798,9543,9544
5799,5798,9544,11409,239
5562,5799,9544,9545
5800,5799,9545,11409,239
5562,5800,9545,9546
5801,5800,9546,11408,239
5562,5801,9546,9552
5769,5801,9547,11408,239
5801,5767,9547,9548
5801,5773,9548,9549
5801,5774,9549,9557
5778,5781,9550,9551
5778,5785,9551,9553
5794,5801,9552,9556
5778,5774,9553,9929
5774,5785,9553,9554
5774,5788,9554,9555
5791,5788,9555,11402
5774,5791,9555,9557
5791,5801,9556,9557
5802,5803,9558,11411
5803,5705,9558,-2119
5705,5802,9558,9559
5804,5802,9559,11412
5705,5804,9559,9560
5805,5804,9560,9804
5705,5805,9560,9564
5707,5806,9561,9655
5806,5805,9561,9777
5805,5707,9561,9562
5805,5708,9562,9564
5708,5705,9563,9564
5807,5671,9565,11397,330
5670,5807,9565,9566
5808,5807,9566,11397,330
5670,5808,9566,9567
5783,5808,9567,11406,330
5670,5783,9567,9568
5670,5784,9568,9577
5784,5782,9569,9578
5780,5776,9570,9571
5809,5776,9571,9833
5780,5809,9571,9580
5810,5811,9572,-10951
5811,5809,9572,9647
5809,5810,9572,9581
5812,5813,9573,-14277
5813,5814,9573,9631
5814,5812,9573,9574
5667,5812,9574,-2759
5814,5667,9574,9575
5814,5668,9575,9582
5668,5670,9576,9577
5668,5784,9577,9578
5668,5782,9578,9579
5668,5780,9579,9580
5668,5809,9580,9581
5668,5810,9581,9582
5814,5810,9582,-10951
5815,5816,9583,11550
5816,5795,9583,11549
5795,5815,9583,9584
5793,5815,9584,11399
5795,5793,9584,9586
5793,5796,9585,9586
5697,5609,9587,9594
5609,5699,9588,9589
5817,5699,9589,9603
5609,5817,9589,9590
5618,5817,9590,9602
5609,5618,9590,9591
5609,5347,9591,9592
5609,5344,9592,9593
5609,5698,9593,9594
5700,5651,9595,9604
5818,5650,9596,9727
5651,5818,9596,9605
5819,5820,9597,9729
5820,5818,9597,9728
5818,5819,9597,9606
5821,5822,9598,9731
5822,5819,9598,9730
5819,5821,9598,9599
5823,5821,9599,9731
5819,5823,9599,9600
5824,5823,9600,9732
5819,5824,9600,9607
5620,5824,9601,9732
5824,5619,9601,9607
5619,5817,9602,9608
5817,5700,9603,9604
5817,5651,9604,9605
5817,5818,9605,9606
5817,5819,9606,9608
5819,5619,9607,9608
5744,5825,9609,11394,6
5825,5826,9609,11395,6
5826,5744,9609,9612
5827,5828,9610,11672
5828,5744,9610,11420
5744,5827,9610,9611
5829,5827,9611,11672
5744,5829,9611,9612
5826,5829,9612,11564
5830,5831,9613,9720
5831,5629,9613,11571
5629,5830,9613,9616
5832,5833,9614,9644
5833,5830,9614,9721
5830,5832,9614,9615
5630,5832,9615,9643
5830,5630,9615,9616
5834,5835,9617,11380
5835,5272,9617,11388,239
5272,5834,9617,9618
5836,5834,9618,11379
5272,5836,9618,9619
5837,5836,9619,11378
5272,5837,9619,9620
5838,5837,9620,9770
5272,5838,9620,9621
5839,5838,9621,11762
5272,5839,9621,11894
5476,5478,9622,9627
5840,5841,9623,11362
5841,5478,9623,9659
5478,5840,9623,9624
5842,5840,9624,11382,239
5478,5842,9624,9627
5664,5835,9625,11387
5835,5842,9625,11380,239
5842,5664,9625,9626
5842,5476,9626,9627
5665,5631,9628,9629
5843,5631,9629,9650
5665,5843,9629,9633
5814,5844,9630,9648
5844,5843,9630,9649
5843,5814,9630,9631
5843,5813,9631,9632
5666,5813,9632,-2247
5843,5666,9632,9633
5845,5846,9634,-2247
5846,5847,9634,-2247
5847,5845,9634,9635
5848,5845,9635,-2247
5847,5848,9635,9642
5849,5850,9636,-2247
5850,5848,9636,-2247
5848,5849,9636,9637
5851,5849,9637,-2247
5848,5851,9637,9638
5852,5851,9638,-2247
5848,5852,9638,9639
5853,5852,9639,-2247
5848,5853,9639,9640
5854,5853,9640,-2247
5848,5854,9640,9641
5855,5854,9641,-2247
5848,5855,9641,9642
5847,5855,9642,-2247
5631,5832,9643,9644
5631,5833,9644,9645
5856,5833,9645,9721
5631,5856,9645,9646
5857,5856,9646,9834
5631,5857,9646,9650
5809,5857,9647,9833
5857,5811,9647,9651
5814,5858,9648,-2247
5858,5844,9648,9649
5858,5843,9649,9652
5843,5857,9650,9651
5843,5811,9651,9652
5858,5811,9652,-2247
5711,5859,9653,11705
5859,5710,9653,9654
5859,5709,9654,9658
5709,5806,9655,9656
5860,5806,9656,9780
5709,5860,9656,9657
5861,5860,9657,9742
5709,5861,9657,9658
5859,5861,9658,11704
5841,143,9659,9660
5841,139,9660,9661
5841,140,9661,9697
140,138,9662,9663
140,137,9663,9664
140,136,9664,9665
140,135,9665,9693
118,134,9666,-2246
134,116,9666,9683
5862,5863,9667,9670,239
5863,116,9667,11309
116,5862,9667,9668
5864,5862,9668,9670,239
116,5864,9668,9683
5864,5865,9669,9684,239
5865,5866,9669,9694,239
5866,5864,9669,9698
5864,5863,9670,9671
5867,5863,9671,10115
5864,5867,9671,9672
5868,5867,9672,10114
5864,5868,9672,9673
5869,5868,9673,10114
5864,5869,9673,9674
5870,5869,9674,10113
5864,5870,9674,9675
5871,5870,9675,10113
5864,5871,9675,9676
5872,5871,9676,10112
5864,5872,9676,9685
5873,5874,9677,10111
5874,5872,9677,10112
5872,5873,9677,9685
5875,5876,9678,10119
5876,5877,9678,10110
5877,5875,9678,9686
5878,5879,9679,10108
5879,5875,9679,10109
5875,5878,9679,9687
5880,5881,9680,10106
5881,5878,9680,10107
5878,5880,9680,9688
5882,5883,9681,11372,239
5883,5880,9681,11291
5880,5882,9681,9688
5884,5885,9682,11363
5885,5886,9682,11370,239
5886,5884,9682,9692
134,5864,9683,9684
134,5865,9684,9690
5864,5873,9685,9695
5877,5873,9686,10110
5873,5875,9686,9687
5873,5878,9687,9691
5878,5882,9688,9689
5886,5882,9689,11371,239
5878,5886,9689,9691
135,5865,9690,9693
5873,5886,9691,9692
5873,5884,9692,9695
140,5865,9693,9694
140,5866,9694,9697
5864,5884,9695,9696
5841,5884,9696,11362
5864,5841,9696,9698
5841,5866,9697,9698
5887,5888,9699,9748
5888,5889,9699,11703
5889,5887,9699,9700
5890,5887,9700,-2118
5889,5890,9700,9701
5891,5890,9701,-2118
5889,5891,9701,11741
5452,90,9702,9703
5892,90,9703,-2247
5452,5892,9703,9704
5893,5892,9704,9782
5452,5893,9704,9705
5894,5893,9705,9781
5452,5894,9705,9706
5453,5894,9706,9709
5742,5454,9707,9708
5742,5453,9708,9709
5742,5894,9709,9710
5895,5894,9710,9781
5742,5895,9710,9711
5896,5895,9711,9788
5742,5896,9711,9712
5897,5896,9712,9787
5742,5897,9712,9713
5898,5897,9713,9787
5742,5898,9713,9714
5899,5898,9714,9786
5742,5899,9714,9718
5738,5900,9715,9978
5900,5899,9715,9785
5899,5738,9715,9716
5899,5737,9716,9717
5899,5741,9717,9718
5831,5901,9719,11572
5901,5615,9719,11573
5615,5831,9719,9720
5615,5830,9720,9735
5830,5856,9721,9722
5902,5856,9722,-2120
5830,5902,9722,9723
5643,5902,9723,-2627
5830,5643,9723,9736
5644,5646,9724,9737
5646,5648,9725,9738
5648,5650,9726,9727
5648,5818,9727,9728
5648,5820,9728,9729
5648,5819,9729,9730
5648,5822,9730,9739
5822,5823,9731,9740
5823,5620,9732,9733
5823,5615,9733,9734
5903,5615,9734,9735,130
5823,5903,9734,9741
5903,5830,9735,9736
5903,5643,9736,9741
5643,5646,9737,9738
5643,5648,9738,9739
5643,5822,9739,9740
5643,5823,9740,9741
5861,5888,9742,11703
5888,5860,9742,9743
5904,5860,9743,9780
5888,5904,9743,9744
5905,5904,9744,9815
5888,5905,9744,9745
5906,5905,9745,9814
5888,5906,9745,9746
5907,5906,9746,10020
5888,5907,9746,9747
5908,5907,9747,11337
5888,5908,9747,9748
5887,5908,9748,11700
4754,4751,9749,9764
4751,4748,9750,9751
4751,4749,9751,9752
4751,4747,9752,9765
4747,4745,9753,9766
4744,4742,9754,9768
4986,4741,9755,-1
4742,4986,9755,9756
4742,4987,9756,9757
4742,4984,9757,9758
4742,4985,9758,9769
4985,4983,9759,9769
4983,4980,9760,9761
4983,4979,9761,9762
4983,4978,9762,9763
4983,4754,9763,9764
4983,4751,9764,9765
4983,4747,9765,9766
4983,4745,9766,9767
4983,4744,9767,9768
4983,4742,9768,9769
5909,5838,9770,11763
5837,5909,9770,9771
5910,5909,9771,11763
5837,5910,9771,9772
5911,5910,9772,11764
5837,5911,9772,9773
5912,5911,9773,10026
5837,5912,9773,9776
5913,5914,9774,9974
5914,5912,9774,10244
5912,5913,9774,9775
5915,5913,9775,9975
5912,5915,9775,9776
5837,5915,9776,11377
5916,5805,9777,9818
5806,5916,9777,9778
5917,5916,9778,9817
5806,5917,9778,9779
5904,5917,9779,9816
5806,5904,9779,9780
5895,5893,9781,9782
5895,5892,9782,9783
95,5892,9783,-2247
5895,95,9783,9784
5918,95,9784,-2247
5895,5918,9784,9788
5900,5919,9785,9978
5919,5899,9785,9786
5919,5898,9786,9790
5898,5896,9787,9790
5896,5918,9788,9789
5919,5918,9789,9979
5896,5919,9789,9790
5920,5921,9791,11384
5921,5922,9791,11364,239
5922,5920,9791,9792
5923,5920,9792,11383
5922,5923,9792,9793
5924,5923,9793,9800
5922,5924,9793,9794
5925,5924,9794,9799
5922,5925,9794,9795
5926,5925,9795,10080
5922,5926,9795,11331
5927,5928,9796,11368
5928,5885,9796,11369
5885,5927,9796,9802
5929,5930,9797,11366
5930,5931,9797,11367
5931,5929,9797,9798
5925,5929,9798,10081
5931,5925,9798,9799
5931,5924,9799,9800
5931,5923,9800,9801
5840,5923,9801,11382
5931,5840,9801,9803
5885,5840,9802,11363,239
5840,5927,9802,9803
5931,5927,9803,11367
5932,5804,9804,11412
5805,5932,9804,9819
5933,5934,9805,9823
5934,5932,9805,11413
5932,5933,9805,9820
5935,5936,9806,9832
5936,5933,9806,9824
5933,5935,9806,9807
5937,5935,9807,9825
5933,5937,9807,9821
5938,5939,9808,10063
5939,5937,9808,-1735
5937,5938,9808,9809
5940,5938,9809,10247
5937,5940,9809,9821
5941,5942,9810,-9800
5942,5940,9810,10252
5940,5941,9810,9811
5943,5941,9811,10330
5940,5943,9811,9812
5944,5943,9812,10018
5940,5944,9812,9813
5906,5944,9813,10019
5940,5906,9813,9814
5940,5905,9814,9815
5940,5904,9815,9816
5940,5917,9816,9817
5940,5916,9817,9818
5940,5805,9818,9819
5940,5932,9819,9820
5940,5933,9820,9821
5945,5946,9822,11415
5946,5769,9822,11416
5769,5945,9822,9831
5934,5945,9823,11414
5945,5933,9823,9824
5945,5936,9824,9831
5947,5937,9825,-1736
5935,5947,9825,9826
5948,5947,9826,-1608
5935,5948,9826,9827
5949,5948,9827,-1608
5935,5949,9827,9828
5950,5949,9828,9988
5935,5950,9828,9829
5951,5950,9829,11361,239
5935,5951,9829,9830
5769,5951,9830,11360,239
5935,5769,9830,9832
5769,5936,9831,9832
5776,5857,9833,9834
5776,5856,9834,9835
5952,5856,9835,-67
5776,5952,9835,9836
5953,5952,9836,10033
5776,5953,9836,9837
5954,5953,9837,10037
5776,5954,9837,9838
5955,5954,9838,10036
5776,5955,9838,9839
5956,5955,9839,10134
5776,5956,9839,9840
5957,5956,9840,9923
5776,5957,9840,9841
5777,5957,9841,9922
5958,5959,9842,11863
5959,5960,9842,11862
5960,5958,9842,9854
5961,5962,9843,11865
5962,5958,9843,11864
5958,5961,9843,9855
5963,5964,9844,9931
5964,5965,9844,11866
5965,5963,9844,9845
5966,5963,9845,-1
5965,5966,9845,9846
5967,5966,9846,9897
5965,5967,9846,9847
5968,5967,9847,9896
5965,5968,9847,9851
5969,5970,9848,9898
5970,5971,9848,9899
5971,5969,9848,9849
5972,5969,9849,-1
5971,5972,9849,9850
5960,5972,9850,11861
5971,5960,9850,9853
5965,5961,9851,11866
5961,5968,9851,9852
5973,5968,9852,9895
5961,5973,9852,9855
5971,5973,9853,9895
5973,5960,9853,9854
5973,5958,9854,9855
5974,5975,9856,10423
5975,5976,9856,11358,321
5976,5974,9856,9857
5977,5974,9857,-1734
5976,5977,9857,9885
5978,5979,9858,10041
5979,5980,9858,10381
5980,5978,9858,9859
5981,5978,9859,10040
5980,5981,9859,9887
5982,5983,9860,10055
5983,5981,9860,10040
5981,5982,9860,9861
5984,5982,9861,10039
5981,5984,9861,9862
5985,5984,9862,10039
5981,5985,9862,9863
5986,5985,9863,10051
5981,5986,9863,9888
5739,5987,9864,9986
5987,5986,9864,10051
5986,5739,9864,9865
5986,5736,9865,9866
5986,5733,9866,9867
5986,5734,9867,9888
5734,5731,9868,9869
5734,5732,9869,9889
5732,5730,9870,9890
5730,5727,9871,9872
5730,5725,9872,9891
5726,5722,9873,9874
5988,5722,9874,11218
5726,5988,9874,9875
5989,5988,9875,11217
5726,5989,9875,9876
5990,5989,9876,11216
5726,5990,9876,9877
5991,5990,9877,11215
5726,5991,9877,9878
5992,5991,9878,11214
5726,5992,9878,9879
5993,5992,9879,11350,321
5726,5993,9879,9880
5994,5993,9880,11350,321
5726,5994,9880,9881
5995,5994,9881,11349,321
5726,5995,9881,9882
5996,5995,9882,11349,321
5726,5996,9882,9883
5997,5996,9883,11348,321
5726,5997,9883,9884
5998,5997,9884,11347,321
5726,5998,9884,9893
5976,5998,9885,11346,321
5998,5977,9885,9886
5999,5977,9886,10387
5998,5999,9886,9894
5980,5999,9887,10388
5999,5981,9887,9894
5981,5734,9888,9889
5981,5732,9889,9890
5981,5730,9890,9891
5981,5725,9891,9892
5981,5726,9892,9893
5981,5998,9893,9894
5971,5968,9895,9896
5971,5967,9896,9897
5971,5966,9897,9899
5969,5966,9898,-1
5966,5970,9898,9899
130,132,9900,9910
132,134,9901,9911
117,6000,9902,-2247
6000,119,9902,9903
6000,121,9903,9913
121,122,9904,9913
122,126,9905,9906
122,125,9906,9907
122,124,9907,9908
122,128,9908,9914
127,130,9909,9910
127,132,9910,9911
127,134,9911,9912
6000,134,9912,-2246
127,6000,9912,9915
6000,122,9913,9914
6000,128,9914,9915
6001,6002,9916,11338,239
6002,6003,9916,11333,239
6003,6001,9916,9917
6004,6001,9917,11767
6003,6004,9917,9918
6005,6004,9918,11766
6003,6005,9918,9919
6006,6005,9919,10025
6003,6006,9919,9920
6007,6006,9920,10024
6003,6007,9920,9921
6008,6007,9921,10023
6003,6008,9921,11333,239
5778,5957,9922,9923
5778,5956,9923,9930
6009,6010,9924,10142
6010,5956,9924,10134
5956,6009,9924,9930
6011,6012,9925,10124
6012,6009,9925,10141
6009,6011,9925,9926
6013,6011,9926,10124
6009,6013,9926,9927
5775,6013,9927,10123
6009,5775,9927,9928
6009,5774,9928,9929
6009,5778,9929,9930
6014,5963,9931,-1
5964,6014,9931,9932
6015,6014,9932,10200
5964,6015,9932,9933
6016,6015,9933,10200
5964,6016,9933,9934
6017,6016,9934,10208
5964,6017,9934,9935
6018,6017,9935,10207
5964,6018,9935,9958
6019,6020,9936,10286
6020,6018,9936,10206
6018,6019,9936,9937
6021,6019,9937,10286
6018,6021,9937,9966
6022,6023,9938,9942,35
6023,6024,9938,10285
6024,6022,9938,9939
6025,6022,9939,9941,35
6024,6025,9939,9959
6025,6026,9940,9967,35
6026,6027,9940,9968,35
6027,6025,9940,9941
6027,6022,9941,9960
6028,6023,9942,10302
6022,6028,9942,9943
6029,6028,9943,10301
6022,6029,9943,9960
6030,6031,9944,10300
6031,6029,9944,10301
6029,6030,9944,9945
6032,6030,9945,10299
6029,6032,9945,9961
6033,6034,9946,10311
6034,6032,9946,10299
6032,6033,9946,9947
6035,6033,9947,10298
6032,6035,9947,9948
6036,6035,9948,10297
6032,6036,9948,9962
6037,6038,9949,10295
6038,6039,9949,10296
6039,6037,9949,9950
6040,6037,9950,11518
6039,6040,9950,9951
6041,6040,9951,9953,321
6039,6041,9951,9952
6042,6041,9952,9965,321
6039,6042,9952,9963
6043,6040,9953,11500
6041,6043,9953,9954
6044,6043,9954,11499
6041,6044,9954,9955
6045,6044,9955,11498
6041,6045,9955,9956
6046,6045,9956,11497
6041,6046,9956,9965
5964,6047,9957,11867
6047,6046,9957,11496
6046,5964,9957,9958
6046,6018,9958,9971
6024,6021,9959,10285
6021,6025,9959,9966
6027,6029,9960,9961
6027,6032,9961,9962
6027,6036,9962,9969
6039,6036,9963,10296
6036,6042,9963,9964
6048,6042,9964,9970,321
6036,6048,9964,9969
6042,6046,9965,9970
6018,6025,9966,9967
6018,6026,9967,9968
6018,6027,9968,9972
6027,6048,9969,9972
6048,6046,9970,9971
6048,6018,9971,9972
5914,6049,9973,10245
6049,5922,9973,11332,239
5922,5914,9973,9974
5922,5913,9974,9975
5922,5915,9975,9976
6050,5915,9976,11377
5922,6050,9976,9977
6051,6050,9977,11376
5922,6051,9977,11364
5738,5919,9978,9979
5738,5918,9979,9980
93,5918,9980,-2247
5738,93,9980,9981
5738,96,9981,9982
6052,96,9982,10262
5738,6052,9982,9983
6053,6052,9983,10049
5738,6053,9983,9984
6054,6053,9984,10050
5738,6054,9984,9985
5987,6054,9985,10050
5738,5987,9985,9986
6055,5950,9987,9988,239
5950,6056,9987,11361
6056,6055,9987,9996
6055,5949,9988,9989
6057,5949,9989,10056
6055,6057,9989,9990
6058,6057,9990,10057
6055,6058,9990,9991
6059,6058,9991,10057
6055,6059,9991,9992
6060,6059,9992,10176
6055,6060,9992,9993
5771,6060,9993,10072
6055,5771,9993,9994
6055,5767,9994,9995
6055,5768,9995,9996
6056,5768,9996,11359
5755,6061,9997,11440
6061,5754,9997,10011
6062,5753,9998,11532
5754,6062,9998,9999
6063,6062,9999,11531
5754,6063,9999,10011
6064,6065,10000,11513
6065,6063,10000,11530
6063,6064,10000,10001
6066,6064,10001,11190
6063,6066,10001,10002
6067,6066,10002,11189
6063,6067,10002,10003
6068,6067,10003,11241
6063,6068,10003,10004
6069,6068,10004,11240
6063,6069,10004,10005
6070,6069,10005,11328,321
6063,6070,10005,10006
6071,6070,10006,11327,321
6063,6071,10006,10007
6072,6071,10007,11326,321
6063,6072,10007,10008
6073,6072,10008,11325,321
6063,6073,10008,10009
6074,6073,10009,11237
6063,6074,10009,10010
6061,6074,10010,11441
6063,6061,10010,10011
6075,6076,10012,10510
6076,6077,10012,11321,239
6077,6075,10012,10013
6078,6075,10013,10509
6077,6078,10013,10014
6079,6078,10014,10398
6077,6079,10014,10015
6080,6079,10015,10397
6077,6080,10015,10016
6081,6080,10016,10322
6077,6081,10016,10017
5943,6081,10017,10331
6077,5943,10017,10018
6077,5944,10018,10019
6077,5906,10019,10020
6077,5907,10020,10030
6082,6083,10021,11335
6083,5907,10021,11336
5907,6082,10021,10030
6084,6008,10022,10023,239
6008,6082,10022,11334
6082,6084,10022,10031
6084,6007,10023,10024
6084,6006,10024,10032
5911,6005,10025,11765
6006,5911,10025,10026
6006,5912,10026,10027
6085,5912,10027,10243
6006,6085,10027,10028
6086,6085,10028,10242
6006,6086,10028,10029
6077,6086,10029,11321,239
6006,6077,10029,10032
6077,6082,10030,10031
6077,6084,10031,10032
5643,5952,10033,-67
5953,5643,10033,10034
5953,5642,10034,10037
6087,6088,10035,10136
6088,5642,10035,10143
5642,6087,10035,10038
5955,6087,10036,10135
6087,5954,10036,10038
5954,5642,10037,10038
5985,5982,10039,10052
5983,5978,10040,10041
5983,5979,10041,10042
6089,5979,10042,10381
5983,6089,10042,10043
6090,6089,10043,10382
5983,6090,10043,10044
6091,6090,10044,10383
5983,6091,10044,10045
6092,6091,10045,10426
5983,6092,10045,10046
6093,6092,10046,11312,321
5983,6093,10046,10047
6094,6093,10047,11315,321
5983,6094,10047,10048
6095,6094,10048,10256
5983,6095,10048,10053
6052,6095,10049,10256
6095,6053,10049,10053
6053,5987,10050,10054
5987,5985,10051,10052
5987,5982,10052,10054
5983,6053,10053,10055
6053,5982,10054,10055
5949,6096,10056,-1735
6096,6057,10056,10065
6057,6059,10057,10058
6097,6059,10058,10179
6057,6097,10058,10059
6098,6097,10059,10179
6057,6098,10059,10060
6099,6098,10060,10380
6057,6099,10060,10066
6100,6101,10061,10249
6101,6102,10061,10468
6102,6100,10061,10062
6103,6100,10062,10248
6102,6103,10062,10067
5938,6103,10063,10247
6103,5939,10063,10064
6096,5939,10064,-1735
6103,6096,10064,10065
6103,6057,10065,10066
6103,6099,10066,10067
6102,6099,10067,10379
6104,5770,10068,10078
5771,6104,10068,10069
6105,6104,10069,10077
5771,6105,10069,10070
6106,6105,10070,10369
5771,6106,10070,10071
6107,6106,10071,10177
5771,6107,10071,10072
6060,6107,10072,10176
6108,5772,10073,10131
5770,6108,10073,10074
6109,6108,10074,10339
5770,6109,10074,10075
6110,6109,10075,10346
5770,6110,10075,10076
6111,6110,10076,10346
5770,6111,10076,10078
6105,6111,10077,10369
6111,6104,10077,10078
5926,6112,10079,11331
6112,6113,10079,11283
6113,5926,10079,10080
6113,5925,10080,10081
6113,5929,10081,10082
6114,5929,10082,11365
6113,6114,10082,10083
6115,6114,10083,10230
6113,6115,10083,10093
6116,6117,10084,10394
6117,6115,10084,10230
6115,6116,10084,10085
6118,6116,10085,10395
6115,6118,10085,10086
6119,6118,10086,10396
6115,6119,10086,10087
6120,6119,10087,10390
6115,6120,10087,10093
6121,6122,10088,11285
6122,6120,10088,10390
6120,6121,10088,10089
6123,6121,10089,11284
6120,6123,10089,10090
6124,6123,10090,11284
6120,6124,10090,10091
6125,6124,10091,11311,239
6120,6125,10091,10092
6113,6125,10092,11311,239
6120,6113,10092,10093
115,6126,10094,11308,239
6126,150,10094,10095
6127,150,10095,10096,239
6126,6127,10095,10117
6127,154,10096,10097
6128,154,10097,10410
6127,6128,10097,10098
6129,6128,10098,10399
6127,6129,10098,10118
6130,6131,10099,10400
6131,6129,10099,10399
6129,6130,10099,10100
6132,6130,10100,10401
6129,6132,10100,10101
6133,6132,10101,10457
6129,6133,10101,10102
6134,6133,10102,10456
6129,6134,10102,10103
6135,6134,10103,10455
6129,6135,10103,10104
6136,6135,10104,11292
6129,6136,10104,10105
5880,6136,10105,11291
6129,5880,10105,10106
6129,5881,10106,10107
6129,5878,10107,10108
6129,5879,10108,10109
6129,5875,10109,10122
5876,5873,10110,10111
5876,5874,10111,10119
5874,5871,10112,10120
5871,5869,10113,10121
5869,5867,10114,10115
5869,5863,10115,10116
6126,5863,10116,11308,239
5869,6126,10116,10117
5869,6127,10117,10118
5869,6129,10118,10121
5875,5874,10119,10120
5875,5871,10120,10122
5871,6129,10121,10122
5773,6013,10123,10133
6013,6012,10124,10125
6137,6012,10125,10140
6013,6137,10125,10133
6138,6139,10126,10165
6139,6137,10126,10139
6137,6138,10126,10127
6140,6138,10127,10488
6137,6140,10127,10128
6141,6140,10128,10341
6137,6141,10128,10129
6142,6141,10129,10340
6137,6142,10129,10130
6108,6142,10130,10339
6137,6108,10130,10131
6137,5772,10131,10132
6137,5773,10132,10133
6010,5955,10134,10135
6010,6087,10135,10136
6010,6088,10136,10137
6143,6088,10137,10168
6010,6143,10137,10138
6144,6143,10138,10167
6010,6144,10138,10142
6139,6144,10139,10166
6144,6137,10139,10140
6144,6012,10140,10141
6144,6009,10141,10142
6088,5641,10143,10144
6088,5640,10144,10145
6088,5639,10145,10169
5639,5637,10146,10147
5639,5636,10147,10170
5636,5634,10148,10149
6145,5634,10149,-1
5636,6145,10149,10150
6146,6145,10150,10953
5636,6146,10150,10171
6147,6148,10151,10937
6148,6146,10151,10953
6146,6147,10151,10152
6149,6147,10152,10758
6146,6149,10152,10153
6150,6149,10153,10635
6146,6150,10153,10154
6151,6150,10154,10636
6146,6151,10154,10155
6152,6151,10155,10636
6146,6152,10155,10156
6153,6152,10156,10637
6146,6153,10156,10157
6154,6153,10157,-35394
6146,6154,10157,10158
6155,6154,10158,10471
6146,6155,10158,10159
6156,6155,10159,10647
6146,6156,10159,10160
6157,6156,10160,10646
6146,6157,10160,10172
6158,6159,10161,10418
6159,6160,10161,10644
6160,6158,10161,10162
6161,6158,10162,10417
6160,6161,10162,10163
6162,6161,10163,10492
6160,6162,10163,10174
6163,6164,10164,10490
6164,6162,10164,10491
6162,6163,10164,10174
6138,6165,10165,10488
6165,6139,10165,10166
6165,6144,10166,10167
6165,6143,10167,10168
6165,6088,10168,10169
6165,5639,10169,10170
6165,5636,10170,10171
6165,6146,10171,10172
6165,6157,10172,10173
6160,6157,10173,10645
6165,6160,10173,10175
6160,6163,10174,10175
6165,6163,10175,10489
6059,6107,10176,10177
6059,6106,10177,10178
6098,6106,10178,10380
6059,6098,10178,10179
6166,6167,10180,11305,248
6167,6168,10180,-1
6168,6166,10180,10181
6169,6166,10181,10701
6168,6169,10181,10182
6170,6169,10182,10700
6168,6170,10182,10209
6171,6172,10183,10715
6172,6170,10183,10700
6170,6171,10183,10184
6173,6171,10184,10699
6170,6173,10184,10202
6174,6175,10185,10698
6175,6173,10185,10699
6173,6174,10185,10186
6176,6174,10186,10698
6173,6176,10186,10202
6177,6178,10187,10719
6178,6179,10187,10696
6179,6177,10187,10188
6180,6177,10188,10695
6179,6180,10188,10189
6181,6180,10189,10694
6179,6181,10189,10203
6182,6183,10190,10693
6183,6181,10190,10694
6181,6182,10190,10191
6184,6182,10191,10192,112
6181,6184,10191,10204
6185,6182,10192,10688
6184,6185,10192,10193
6186,6185,10193,10688
6184,6186,10193,10194
6187,6186,10194,10709
6184,6187,10194,10195
6188,6187,10195,10687
6184,6188,10195,10212
6189,6190,10196,10686
6190,6188,10196,10687
6188,6189,10196,10213
6191,6192,10197,10683
6192,6193,10197,10707
6193,6191,10197,10198
6194,6191,10198,10682
6193,6194,10198,10199
6020,6194,10199,10287
6193,6020,10199,10205
6016,6014,10200,10201
6168,6014,10201,-1
6016,6168,10201,10208
6170,6176,10202,10209
6179,6195,10203,10696
6195,6181,10203,10204
6195,6184,10204,10211
6193,6196,10205,10684
6196,6020,10205,10206
6196,6018,10206,10207
6196,6017,10207,10214
6017,6168,10208,10215
6168,6176,10209,10210
6195,6176,10210,10697
6168,6195,10210,10211
6168,6184,10211,10212
6168,6188,10212,10213
6168,6189,10213,10215
6196,6197,10214,10684
6197,6017,10214,10216
6017,6189,10215,10216
6197,6189,10216,10685
6198,5883,10217,11297,239
5883,6199,10217,11373
6199,6198,10217,10232
6200,6201,10218,11296,239
6201,6198,10218,11297,239
6198,6200,10218,10233
6202,6203,10219,11295,239
6203,6200,10219,11296,239
6200,6202,10219,10220
6204,6202,10220,11132
6200,6204,10220,10234
6205,6206,10221,11301,239
6206,6204,10221,11132
6204,6205,10221,10222
6207,6205,10222,11134
6204,6207,10222,10223
6208,6207,10223,10447
6204,6208,10223,10224
6209,6208,10224,10446
6204,6209,10224,10225
6210,6209,10225,10445
6204,6210,10225,10235
6211,6212,10226,10443
6212,6213,10226,10444
6213,6211,10226,10237
6214,6215,10227,10442
6215,6211,10227,10443
6211,6214,10227,10228
6216,6214,10228,10441
6211,6216,10228,10237
6117,6217,10229,10394
6217,6218,10229,10439
6218,6117,10229,10239
6117,6114,10230,10231
6199,6114,10231,11365
6117,6199,10231,10232
6117,6198,10232,10233
6117,6200,10233,10234
6117,6204,10234,10235
6117,6210,10235,10236
6213,6210,10236,10444
6117,6213,10236,10239
6213,6216,10237,10238
6218,6216,10238,10440
6213,6218,10238,10239
6219,6124,10240,11290,239
6124,6220,10240,11310
6220,6219,10240,10241
6086,6219,10241,11289,239
6220,6086,10241,10242
6220,6085,10242,10243
6220,5912,10243,10244
6220,5914,10244,10245
6220,6049,10245,10246
6113,6049,10246,11283,239
6220,6113,10246,11310
5940,6103,10247,10248
5940,6100,10248,10253
6221,6101,10249,10467
6100,6221,10249,10254
6222,6223,10250,10364
6223,6221,10250,10467
6221,6222,10250,10255
6224,6225,10251,10366
6225,6222,10251,10365
6222,6224,10251,10255
5942,6224,10252,-9800
6224,5940,10252,10253
6224,6100,10253,10254
6224,6221,10254,10255
6052,6094,10256,10257
6226,6094,10257,11279,321
6052,6226,10257,10258
6227,6226,10258,11279,321
6052,6227,10258,10259
6228,6227,10259,11152
6052,6228,10259,10260
6229,6228,10260,11277,321
6052,6229,10260,10261
97,6229,10261,11277,321
6052,97,10261,10262
112,6230,10263,10478
6230,6231,10263,10479
6231,112,10263,10264
6231,109,10264,10265
6231,110,10265,10266
6231,106,10266,10267
6231,107,10267,10268
6231,108,10268,10269
6231,105,10269,10270
6231,104,10270,10271
6231,103,10271,10272
6231,102,10272,10273
6232,102,10273,10356
6231,6232,10273,10281
6233,6234,10274,10599
6234,6232,10274,10355
6232,6233,10274,10275
6235,6233,10275,10600
6232,6235,10275,10282
6236,6237,10276,10602
6237,6235,10276,10601
6235,6236,10276,10283
6238,6239,10277,11124
6239,6236,10277,-1736
6236,6238,10277,10284
6240,6241,10278,11129
6241,6238,10278,11124
6238,6240,10278,10279
6242,6240,10279,10280,239
6238,6242,10279,10284
6231,6240,10280,10479
6242,6231,10280,10281
6242,6232,10281,10282
6242,6235,10282,10283
6242,6236,10283,10284
6023,6021,10285,10308
6021,6020,10286,10287
6021,6194,10287,10288
6243,6194,10288,10681
6021,6243,10288,10309
6244,6245,10289,10680
6245,6243,10289,10681
6243,6244,10289,10290
6246,6244,10290,11158
6243,6246,10290,10291
6247,6246,10291,11157
6243,6247,10291,10292
6248,6247,10292,11156
6243,6248,10292,10314
6249,6250,10293,11274,321
6250,6251,10293,11154
6251,6249,10293,10294
6037,6249,10294,11518
6251,6037,10294,10295
6251,6038,10295,10310
6038,6036,10296,10297
6038,6035,10297,10298
6038,6033,10298,10310
6034,6030,10299,10300
6034,6031,10300,10311
6031,6028,10301,10312
6252,6023,10302,10308,35
6028,6252,10302,10303
6253,6252,10303,10307,35
6028,6253,10303,10304
6254,6253,10304,10307,35
6028,6254,10304,10305
6255,6254,10305,10317,35
6028,6255,10305,10312
6255,6256,10306,10316,35
6256,6257,10306,10319,35
6257,6255,10306,10320
6254,6252,10307,10313
6252,6021,10308,10309
6252,6243,10309,10313
6251,6033,10310,10318
6033,6031,10311,10315
6031,6255,10312,10315
6254,6243,10313,10314
6254,6248,10314,10317
6033,6255,10315,10316
6033,6256,10316,10318
6255,6248,10317,10320
6251,6256,10318,10319
6251,6257,10319,10321
6257,6248,10320,10321
6251,6248,10321,11155
6258,6080,10322,10397
6081,6258,10322,10323
6259,6258,10323,10507
6081,6259,10323,10324
6260,6259,10324,10506
6081,6260,10324,10325
6261,6260,10325,11120
6081,6261,10325,10326
6262,6261,10326,11150
6081,6262,10326,10327
6263,6262,10327,11150
6081,6263,10327,10328
6264,6263,10328,10329,267
6081,6264,10328,10331
5941,6263,10329,10368
6264,5941,10329,10330
6264,5943,10330,10331
6265,6266,10332,11222,321
6266,6267,10332,11223,321
6267,6265,10332,10333
5721,6265,10333,11221,321
6267,5721,10333,10334
6268,5721,10334,11445
6267,6268,10334,10335
6269,6268,10335,11444
6267,6269,10335,11238,321
6270,6271,10336,11193,321
6271,6272,10336,11194,321
6272,6270,10336,10337
6273,6270,10337,11472
6272,6273,10337,10338
6250,6273,10338,11274
6272,6250,10338,11153,321
6109,6142,10339,10340
6109,6141,10340,10341
6109,6140,10341,10342
6274,6140,10342,10493
6109,6274,10342,10343
6275,6274,10343,10416
6109,6275,10343,10344
6276,6275,10344,10371
6109,6276,10344,10345
6111,6276,10345,10370
6109,6111,10345,10346
6277,6228,10347,11152,321
6228,99,10347,11278
99,6277,10347,10360
6278,6227,10348,11282
6227,6277,10348,11152,321
6277,6278,10348,10349
6279,6278,10349,11281
6277,6279,10349,10350
6280,6279,10350,10499
6277,6280,10350,10351
6281,6280,10351,10494
6277,6281,10351,10360
6282,6283,10352,10665
6283,6281,10352,10494
6281,6282,10352,10353
6284,6282,10353,10612
6281,6284,10353,10354
6234,6284,10354,10599
6281,6234,10354,10355
6281,6232,10355,10356
6281,102,10356,10357
6281,101,10357,10358
6281,100,10358,10359
6281,99,10359,10360
6285,6286,10361,10486
6286,6263,10361,11151,267
6263,6285,10361,10362
6287,6285,10362,10485
6263,6287,10362,10363
6223,6287,10363,-34370
6263,6223,10363,10364
6263,6222,10364,10365
6263,6225,10365,10366
6263,6224,10366,10367
6288,6224,10367,-1736
6263,6288,10367,10368
5941,6288,10368,-1736
6106,6111,10369,10370
6106,6276,10370,10371
6106,6275,10371,10372
6289,6275,10372,10415
6106,6289,10372,10373
6290,6289,10373,10414
6106,6290,10373,10374
6291,6290,10374,10414
6106,6291,10374,10375
6292,6291,10375,10413
6106,6292,10375,10376
6293,6292,10376,10413
6106,6293,10376,10377
6294,6293,10377,10420
6106,6294,10377,10378
6102,6294,10378,10469
6106,6102,10378,10379
6106,6099,10379,10380
5980,6089,10381,10382
5980,6090,10382,10389
6295,6091,10383,10427
6090,6295,10383,10384
6296,6295,10384,10428
6090,6296,10384,10389
6297,6298,10385,-9928
6298,6296,10385,-9928
6296,6297,10385,10386
5977,6297,10386,-2245
6296,5977,10386,10387
6296,5999,10387,10388
6296,5980,10388,10389
6119,6122,10390,10391
6299,6122,10391,10436
6119,6299,10391,10392
6300,6299,10392,10437
6119,6300,10392,10393
6217,6300,10393,10438
6119,6217,10393,10396
6217,6116,10394,10395
6217,6118,10395,10396
6079,6258,10397,10398
6078,6258,10398,10508
6128,6131,10399,10400
6128,6130,10400,10401
6128,6132,10401,10402
6301,6132,10402,10615
6128,6301,10402,10403
6302,6301,10403,10725
6128,6302,10403,10404
6303,6302,10404,10733
6128,6303,10404,10405
6304,6303,10405,10732
6128,6304,10405,10411
6305,6306,10406,10519
6306,6304,10406,10861
6304,6305,10406,10412
6307,6308,10407,10518
6308,6305,10407,10519
6305,6307,10407,10408
6309,6307,10408,10517
6305,6309,10408,10412
154,6310,10409,-2247
6310,6309,10409,10516
6309,154,10409,10410
6309,6128,10410,10411
6309,6304,10411,10412
6293,6291,10413,10420
6291,6289,10414,10415
6291,6275,10415,10421
6161,6274,10416,10493
6275,6161,10416,10417
6275,6158,10417,10418
6275,6159,10418,10419
6311,6159,10419,10644
6275,6311,10419,10421
6294,6291,10420,10422
6291,6311,10421,10422
6294,6311,10422,10469
5974,6312,10423,-1734
6312,5975,10423,10424
6313,5975,10424,11140,321
6312,6313,10424,10425
6092,6313,10425,11147,321
6312,6092,10425,10426
6312,6091,10426,10427
6312,6295,10427,10428
6312,6296,10428,-1734
6314,6315,10429,11139,239
6315,6316,10429,11108
6316,6314,10429,10430
6317,6314,10430,10834
6316,6317,10430,10431
6318,6317,10431,10856
6316,6318,10431,10451
6319,6320,10432,-2247
6320,6318,10432,10855
6318,6319,10432,10433
6321,6319,10433,10576
6318,6321,10433,10452
6322,6323,10434,10515
6323,6321,10434,10566
6321,6322,10434,10435
6122,6322,10435,11286
6321,6122,10435,10436
6321,6299,10436,10437
6321,6300,10437,10438
6321,6217,10438,10439
6321,6218,10439,10440
6321,6216,10440,10441
6321,6214,10441,10442
6321,6215,10442,10453
6215,6212,10443,10453
6212,6210,10444,10445
6212,6209,10445,10446
6212,6208,10446,10447
6212,6207,10447,10448
6324,6207,10448,11134
6212,6324,10448,10449
6325,6324,10449,11135,239
6212,6325,10449,10450
6316,6325,10450,11108
6212,6316,10450,10451
6212,6318,10451,10452
6212,6321,10452,10453
6135,6326,10454,11292
6326,6327,10454,11293
6327,6135,10454,10455
6327,6134,10455,10456
6327,6133,10456,10457
6327,6132,10457,10464
6328,6329,10458,11136
6329,6132,10458,10615
6132,6328,10458,10465
6330,6324,10459,11133,239
6324,6328,10459,11135
6328,6330,10459,10465
6331,6205,10460,11301
6205,6330,10460,11133,239
6330,6331,10460,10466
6202,6206,10461,11132,239
6206,6331,10461,11301
6331,6202,10461,10462
6332,6202,10462,11294
6331,6332,10462,10463
6327,6332,10463,11293
6331,6327,10463,10464
6331,6132,10464,10466
6132,6330,10465,10466
6223,6101,10467,10468
6223,6102,10468,10475
6102,6311,10469,10470
6155,6311,10470,10647
6102,6155,10470,10471
6102,6154,10471,10472
6333,6154,10472,-35394
6102,6333,10472,10473
6334,6333,10473,10483
6102,6334,10473,10474
6335,6334,10474,-9799
6102,6335,10474,10475
6223,6335,10475,-9800
6336,6337,10476,11128,239
6337,6240,10476,11129,239
6240,6336,10476,10480
111,6336,10477,11128,239
6336,112,10477,10478
6336,6230,10478,10480
6230,6240,10479,10480
6338,6339,10481,11114
6339,6340,10481,11115
6340,6338,10481,10482
6333,6338,10482,10639
6340,6333,10482,10483
6340,6334,10483,10484
6287,6334,10484,-34370
6340,6287,10484,10485
6340,6285,10485,10487
6341,6286,10486,11123,267
6285,6341,10486,10487
6340,6341,10487,11123,267
6140,6165,10488,10489
6140,6163,10489,10490
6140,6164,10490,10491
6140,6162,10491,10492
6140,6161,10492,10493
6280,6283,10494,10495
6342,6283,10495,10666
6280,6342,10495,10496
6343,6342,10496,-2758
6280,6343,10496,10497
6344,6343,10497,10585
6280,6344,10497,10498
6345,6344,10498,-2246
6280,6345,10498,10499
6279,6345,10499,-10439
6346,6347,10500,11110
6347,6076,10500,11119,239
6076,6346,10500,10511
6348,6349,10501,10751
6349,6346,10501,11109
6346,6348,10501,10502
6350,6348,10502,10755
6346,6350,10502,10503
6351,6350,10503,10584
6346,6351,10503,10504
6352,6351,10504,10578
6346,6352,10504,10511
6260,6353,10505,11121
6353,6352,10505,10577
6352,6260,10505,10506
6352,6259,10506,10507
6352,6258,10507,10508
6352,6078,10508,10509
6352,6075,10509,10510
6352,6076,10510,10511
6354,6355,10512,11318
6355,6356,10512,-2118
6356,6354,10512,10513
6357,6354,10513,10567
6356,6357,10513,10514
6323,6357,10514,10566
6356,6323,10514,10515
6356,6322,10515,-2118
6310,152,10516,-2247
152,6309,10516,10517
152,6307,10517,10518
152,6308,10518,10534
6308,6306,10519,10520
6358,6306,10520,10864
6308,6358,10520,10535
6359,6360,10521,10863
6360,6358,10521,10864
6358,6359,10521,10536
6361,6362,10522,10976
6362,6359,10522,10862
6359,6361,10522,10523
6363,6361,10523,10982
6359,6363,10523,10524
6364,6363,10524,10981
6359,6364,10524,10525
6365,6364,10525,10997
6359,6365,10525,10537
6366,6367,10526,-1
6367,6368,10526,10995
6368,6366,10526,10527
6369,6366,10527,11025
6368,6369,10527,10528
6370,6369,10528,11026
6368,6370,10528,10529
6371,6370,10529,10871
6368,6371,10529,10538
6372,6373,10530,10868
6373,6374,10530,10869
6374,6372,10530,10540
6375,6376,10531,10867
6376,6372,10531,10868
6372,6375,10531,10532
6377,6375,10532,10605
6372,6377,10532,10540
152,6378,10533,11125
6378,6377,10533,10604
6377,152,10533,10534
6377,6308,10534,10535
6377,6358,10535,10536
6377,6359,10536,10537
6377,6365,10537,10541
6368,6365,10538,10996
6365,6371,10538,10539
6374,6371,10539,10870
6365,6374,10539,10541
6374,6377,10540,10541
6379,6380,10542,11355
6380,6381,10542,11117,321
6381,6379,10542,10543
6382,6379,10543,10544,321
6381,6382,10543,10561
6383,6379,10544,11345
6382,6383,10544,10545
6384,6383,10545,11344
6382,6384,10545,10546
6385,6384,10546,11343
6382,6385,10546,10562
6386,6387,10547,11341
6387,6385,10547,11342
6385,6386,10547,10563
6388,6389,10548,11339
6389,6390,10548,11340
6390,6388,10548,10549
6391,6388,10549,11263
6390,6391,10549,10550
6392,6391,10550,11262
6390,6392,10550,10551
6393,6392,10551,11261
6390,6393,10551,10552
6394,6393,10552,10771
6390,6394,10552,10553
6395,6394,10553,10772
6390,6395,10553,10554
6396,6395,10554,10912
6390,6396,10554,10555
6397,6396,10555,10913
6390,6397,10555,10556
6398,6397,10556,10898
6390,6398,10556,10564
6399,6400,10557,10654
6400,6401,10557,10824
6401,6399,10557,10558
6402,6399,10558,10653
6401,6402,10558,10559
6403,6402,10559,11148
6401,6403,10559,10560
6381,6403,10560,11117,321
6401,6381,10560,10561
6401,6382,10561,10562
6401,6385,10562,10563
6401,6386,10563,10565
6390,6386,10564,11340
6386,6398,10564,10565
6401,6398,10565,10824
6321,6357,10566,10576
6404,6354,10567,11319
6357,6404,10567,10568
6405,6404,10568,11118
6357,6405,10568,10569
6406,6405,10569,10593
6357,6406,10569,10570
6407,6406,10570,10594
6357,6407,10570,10571
6408,6407,10571,10734
6357,6408,10571,10572
6409,6408,10572,10741
6357,6409,10572,10573
6410,6409,10573,10741
6357,6410,10573,10574
6411,6410,10574,-2248
6357,6411,10574,10575
6319,6411,10575,-2119
6357,6319,10575,10576
6353,6340,10577,11122
6340,6352,10577,10578
6340,6351,10578,10583
6412,6413,10579,10756
6413,6350,10579,10755
6350,6412,10579,10580
6414,6412,10580,10634
6350,6414,10580,10581
6415,6414,10581,11113,267
6350,6415,10581,10582
6416,6415,10582,11112,267
6350,6416,10582,10584
6340,6416,10583,11112,267
6416,6351,10583,10584
6344,6417,10585,11313
6417,6343,10585,10586
6418,6343,10586,-2758
6417,6418,10586,10587
6419,6418,10587,10648
6417,6419,10587,10588
6420,6419,10588,-2758
6417,6420,10588,10589
6421,6420,10589,-2758
6417,6421,10589,10590
6422,6421,10590,-9928
6417,6422,10590,11146
6347,6423,10591,11110,239
6423,6424,10591,11111,239
6424,6347,10591,10592
6405,6347,10592,11119
6424,6405,10592,10593
6424,6406,10593,10594
6424,6407,10594,10595
6425,6407,10595,10734
6424,6425,10595,10596
6426,6425,10596,10793
6424,6426,10596,10598
6427,6428,10597,10742
6428,6426,10597,10793
6426,6427,10597,10598
6424,6427,10598,10742
6284,6233,10599,10600
6284,6235,10600,10601
6284,6237,10601,10602
6284,6236,10602,10613
6378,6429,10603,-2247
6429,6236,10603,-2248
6236,6378,10603,10604
6236,6377,10604,10605
6236,6375,10605,10606
6430,6375,10606,10866
6236,6430,10606,10607
6431,6430,10607,10866
6236,6431,10607,10608
6432,6431,10608,10761
6236,6432,10608,10613
6433,6434,10609,10829
6434,6432,10609,10769
6432,6433,10609,10610
6435,6433,10610,10829
6432,6435,10610,10611
6282,6435,10611,10664
6432,6282,10611,10612
6432,6284,10612,10613
6329,6325,10614,11136
6325,6315,10614,11108,239
6315,6329,10614,10632
6329,6301,10615,10616
6436,6301,10616,10725
6329,6436,10616,10617
6437,6436,10617,-1608
6329,6437,10617,10618
6438,6437,10618,-1608
6329,6438,10618,10619
6439,6438,10619,10728
6329,6439,10619,10620
6440,6439,10620,11042
6329,6440,10620,10621
6441,6440,10621,11043
6329,6441,10621,10622
6442,6441,10622,11044
6329,6442,10622,10623
6443,6442,10623,11036
6329,6443,10623,10624
6444,6443,10624,11036
6329,6444,10624,10625
6445,6444,10625,11037
6329,6445,10625,10626
6446,6445,10626,11052
6329,6446,10626,10627
6447,6446,10627,11053
6329,6447,10627,10628
6448,6447,10628,11045
6329,6448,10628,10629
6449,6448,10629,10843
6329,6449,10629,10633
6450,6451,10630,11137
6451,6449,10630,10842
6449,6450,10630,10633
6315,6452,10631,11139
6452,6450,10631,11137
6450,6315,10631,10632
6450,6329,10632,10633
6149,6412,10634,10757
6414,6149,10634,10635
6414,6150,10635,10642
6150,6152,10636,10643
6453,6153,10637,-31298
6152,6453,10637,10638
6333,6453,10638,-34370
6152,6333,10638,10639
6152,6338,10639,10640
6414,6338,10640,11113
6152,6414,10640,10641
6454,6414,10641,10642,267
6152,6454,10641,10643
6454,6150,10642,10643
6311,6160,10644,10645
6311,6157,10645,10646
6311,6156,10646,10647
6455,6419,10648,-10441
6418,6455,10648,10669
6456,6457,10649,11144
6457,6455,10649,-10441
6455,6456,10649,10650
6458,6456,10650,10652,321
6455,6458,10650,10651
6459,6458,10651,10670,321
6455,6459,10651,10669
6402,6456,10652,11148
6458,6402,10652,10653
6458,6399,10653,10654
6458,6400,10654,10655
6460,6400,10655,10825
6458,6460,10655,10656
6461,6460,10656,-2758
6458,6461,10656,10657
6462,6461,10657,-968
6458,6462,10657,10658
6463,6462,10658,10975
6458,6463,10658,10659
6464,6463,10659,10966
6458,6464,10659,10660
6465,6464,10660,10934
6458,6465,10660,10661
6466,6465,10661,10935
6458,6466,10661,10662
6467,6466,10662,10926
6458,6467,10662,10670
6435,6468,10663,10833
6468,6467,10663,10832
6467,6435,10663,10664
6467,6282,10664,10665
6467,6283,10665,10666
6467,6342,10666,10667
6469,6342,10667,-9928
6467,6469,10667,10668
6418,6469,10668,-10441
6467,6418,10668,10671
6418,6459,10669,10671
6459,6467,10670,10671
6470,6471,10672,11099,248
6471,6166,10672,11089,248
6166,6470,10672,10702
6472,6473,10673,11098,248
6473,6470,10673,11104,248
6470,6472,10673,10674
6474,6472,10674,11168
6470,6474,10674,10675
6475,6474,10675,11167
6470,6475,10675,10676
6476,6475,10676,11166
6470,6476,10676,10703
6477,6478,10677,11164
6478,6476,10677,11165
6476,6477,10677,10704
6479,6480,10678,11183
6480,6481,10678,11162
6481,6479,10678,10724
6244,6482,10679,11159
6482,6483,10679,11160
6483,6244,10679,10680
6483,6245,10680,10706
6245,6194,10681,10682
6245,6191,10682,10683
6245,6192,10683,10706
6193,6197,10684,10685
6193,6189,10685,10686
6193,6190,10686,10707
6190,6187,10687,10708
6186,6182,10688,10689
6484,6182,10689,10693,112
6186,6484,10689,10690
6485,6484,10690,10692,112
6186,6485,10690,10709
6486,6487,10691,10718,112
6487,6485,10691,10692,112
6485,6486,10691,10710
6487,6484,10692,10711
6484,6183,10693,10711
6183,6180,10694,10695
6183,6177,10695,10712
6178,6195,10696,10697
6178,6176,10697,10713
6176,6175,10698,10713
6175,6171,10699,10714
6172,6169,10700,10701
6172,6166,10701,10702
6172,6470,10702,10703
6172,6476,10703,10704
6172,6477,10704,10705
6488,6477,10705,11163
6172,6488,10705,10715
6483,6192,10706,10716
6192,6190,10707,10708
6192,6187,10708,10716
6187,6485,10709,10710
6187,6486,10710,10717
6487,6183,10711,10712
6487,6177,10712,10718
6178,6175,10713,10714
6178,6171,10714,10719
6171,6488,10715,10720
6483,6187,10716,10717
6483,6486,10717,10722
6486,6177,10718,10723
6177,6171,10719,10720
6177,6488,10720,10721
6481,6488,10721,11162
6177,6481,10721,10723
6483,6479,10722,11161
6479,6486,10722,10724
6486,6481,10723,10724
6302,6436,10725,10726
6489,6436,10726,-2120
6302,6489,10726,10727
6438,6489,10727,-2120
6302,6438,10727,10733
6490,6439,10728,11041
6438,6490,10728,10729
6491,6490,10729,10991
6438,6491,10729,10730
6492,6491,10730,10977
6438,6492,10730,10731
6304,6492,10731,10861
6438,6304,10731,10732
6438,6303,10732,10733
6408,6425,10734,10735
6493,6425,10735,10796
6408,6493,10735,10736
6494,6493,10736,10796
6408,6494,10736,10737
6495,6494,10737,10920
6408,6495,10737,10738
6496,6495,10738,10925
6408,6496,10738,10739
6497,6496,10739,10852
6408,6497,10739,10740
6410,6497,10740,10853
6408,6410,10740,10741
6424,6428,10742,10743
6498,6428,10743,10794
6424,6498,10743,10744
6499,6498,10744,10921
6424,6499,10744,10753
6500,6501,10745,11058
6501,6499,10745,11063
6499,6500,10745,10746
6502,6500,10746,10959
6499,6502,10746,10747
6503,6502,10747,10940
6499,6503,10747,10748
6504,6503,10748,-30386
6499,6504,10748,10749
6505,6504,10749,-1607
6499,6505,10749,10750
6348,6505,10750,10760
6499,6348,10750,10751
6499,6349,10751,10754
6506,6424,10752,10753,239
6424,6349,10752,11109
6349,6506,10752,10754
6506,6499,10753,10754
6348,6413,10755,10756
6348,6412,10756,10757
6348,6149,10757,10758
6348,6147,10758,10760
6505,6507,10759,-2279
6507,6147,10759,10937
6147,6505,10759,10760
6508,6431,10761,10875
6432,6508,10761,10769
6509,6510,10762,10873
6510,6508,10762,10874
6508,6509,10762,10763
6511,6509,10763,11029
6508,6511,10763,10764
6512,6511,10764,-2246
6508,6512,10764,10765
6513,6512,10765,10985
6508,6513,10765,10766
6514,6513,10766,10984
6508,6514,10766,10767
6515,6514,10767,10983
6508,6515,10767,10768
6434,6515,10768,10830
6508,6434,10768,10769
6393,6516,10770,11260
6516,6517,10770,11259
6517,6393,10770,10771
6517,6394,10771,10772
6517,6395,10772,10773
6518,6395,10773,10911
6517,6518,10773,10774
6519,6518,10774,10943
6517,6519,10774,10775
6520,6519,10775,10952
6517,6520,10775,10776
6521,6520,10776,11018
6517,6521,10776,10777
6522,6521,10777,11024
6517,6522,10777,10778
6523,6522,10778,11023
6517,6523,10778,10779
6524,6523,10779,-2246
6517,6524,10779,10780
6525,6524,10780,11004
6517,6525,10780,10781
6526,6525,10781,11005
6517,6526,10781,10792
6527,6528,10782,11014
6528,6526,10782,11005
6526,6527,10782,10783
6529,6527,10783,10809
6526,6529,10783,10784
6530,6529,10784,10810
6526,6530,10784,10792
6531,6532,10785,10821
6532,6530,10785,10810
6530,6531,10785,10786
6533,6531,10786,10811
6530,6533,10786,10787
6534,6533,10787,11255
6530,6534,10787,10788
6535,6534,10788,-965
6530,6535,10788,10789
6536,6535,10789,-965
6530,6536,10789,10790
6537,6536,10790,11258
6530,6537,10790,10791
6517,6537,10791,11259
6530,6517,10791,10792
6425,6428,10793,10794
6425,6498,10794,10795
6494,6498,10795,10920
6425,6494,10795,10796
6538,6539,10797,11252
6539,6540,10797,11253
6540,6538,10797,10798
6541,6538,10798,11251
6540,6541,10798,10814
6542,6543,10799,10885
6543,6541,10799,11251
6541,6542,10799,10815
6544,6545,10800,10883
6545,6546,10800,10884
6546,6544,10800,10823
6547,6548,10801,10881
6548,6549,10801,10882
6549,6547,10801,10802
6550,6547,10802,10880
6549,6550,10802,10803
6551,6550,10803,10879
6549,6551,10803,10804
6552,6551,10804,10878
6549,6552,10804,10817
6553,6554,10805,11202
6554,6552,10805,11203
6552,6553,10805,10806
6555,6553,10806,-1
6552,6555,10806,10818
6556,6557,10807,11006
6557,6555,10807,11088,240
6555,6556,10807,10808
6527,6556,10808,11006
6555,6527,10808,10809
6555,6529,10809,10819
6529,6532,10810,10820
6558,6533,10811,11254
6531,6558,10811,10821
6559,6560,10812,11270
6560,6558,10812,11254
6558,6559,10812,10813
6540,6559,10813,11253
6558,6540,10813,10814
6558,6541,10814,10815
6558,6542,10815,10816
6546,6542,10816,10884
6558,6546,10816,10822
6549,6544,10817,10882
6544,6552,10817,10818
6544,6555,10818,10819
6544,6529,10819,10820
6544,6532,10820,10823
6532,6558,10821,10822
6532,6546,10822,10823
6398,6400,10824,10825
6398,6460,10825,10826
6561,6460,10826,-2758
6398,6561,10826,10827
6562,6561,10827,10973
6398,6562,10827,10828
6563,6562,10828,10899
6398,6563,10828,10898
6435,6434,10829,10830
6435,6515,10830,10831
6564,6515,10831,10983
6435,6564,10831,10833
6467,6564,10832,10926
6564,6468,10832,10833
6565,6314,10834,10840,239
6317,6565,10834,10835
6566,6565,10835,10840,239
6317,6566,10835,10836
6567,6566,10836,10839,239
6317,6567,10836,10837
6568,6567,10837,10839,239
6317,6568,10837,10838
6569,6568,10838,10860,239
6317,6569,10838,10857
6568,6566,10839,10858
6566,6314,10840,10841
6451,6314,10841,11138
6566,6451,10841,10842
6566,6449,10842,10843
6566,6448,10843,10844
6570,6448,10844,11045
6566,6570,10844,10845
6571,6570,10845,11046
6566,6571,10845,10846
6572,6571,10846,11078
6566,6572,10846,10847
6573,6572,10847,11078
6566,6573,10847,10858
6574,6575,10848,-1
6575,6573,10848,11079
6573,6574,10848,10849
6576,6574,10849,11074
6573,6576,10849,10850
6577,6576,10850,11074
6573,6577,10850,10851
6578,6577,10851,10924
6573,6578,10851,10859
6496,6578,10852,10925
6578,6497,10852,10853
6578,6410,10853,10854
6320,6410,10854,-2247
6578,6320,10854,10855
6578,6318,10855,10856
6578,6317,10856,10857
6578,6569,10857,10859
6568,6573,10858,10860
6573,6569,10859,10860
6306,6492,10861,10865
6362,6492,10862,10976
6492,6359,10862,10863
6492,6360,10863,10865
6360,6306,10864,10865
6431,6375,10866,10867
6431,6376,10867,10876
6376,6373,10868,10869
6376,6374,10869,10870
6376,6371,10870,10871
6376,6370,10871,10872
6579,6370,10872,11027
6376,6579,10872,10876
6509,6579,10873,11028
6579,6510,10873,10874
6579,6508,10874,10875
6579,6431,10875,10876
6552,6580,10877,11203
6580,6581,10877,11204
6581,6552,10877,10878
6581,6551,10878,10879
6581,6550,10879,10880
6581,6547,10880,10881
6581,6548,10881,10893
6548,6544,10882,10883
6548,6545,10883,10894
6545,6542,10884,10885
6545,6543,10885,10886
6582,6543,10886,11250
6545,6582,10886,10887
6583,6582,10887,11249
6545,6583,10887,10897
6584,6585,10888,11179
6585,6583,10888,11248
6583,6584,10888,10889
6586,6584,10889,11178
6583,6586,10889,10895
6587,6588,10890,10892,184
6588,6586,10890,11177
6586,6587,10890,10891
6589,6587,10891,10896,184
6586,6589,10891,10895
6581,6588,10892,11204
6587,6581,10892,10893
6587,6548,10893,10894
6587,6545,10894,10896
6583,6589,10895,10897
6589,6545,10896,10897
6397,6563,10898,10899
6397,6562,10899,10900
6590,6562,10900,10972
6397,6590,10900,10914
6591,6592,10901,10969
6592,6593,10901,10970
6593,6591,10901,10919
6594,6595,10902,10932
6595,6596,10902,10967
6596,6594,10902,10903
6597,6594,10903,10931
6596,6597,10903,10904
6598,6597,10904,11073
6596,6598,10904,10905
6599,6598,10905,11072
6596,6599,10905,10916
6600,6601,10906,-1
6601,6599,10906,11072
6599,6600,10906,10907
6602,6600,10907,10947
6599,6602,10907,10908
6603,6602,10908,10946
6599,6603,10908,10917
6604,6605,10909,10945
6605,6603,10909,10946
6603,6604,10909,10910
6606,6604,10910,10944
6603,6606,10910,10918
6518,6606,10911,10943
6606,6395,10911,10912
6606,6396,10912,10913
6606,6397,10913,10914
6606,6590,10914,10915
6593,6590,10915,10971
6606,6593,10915,10918
6596,6591,10916,10968
6591,6599,10916,10917
6591,6603,10917,10919
6603,6593,10918,10919
6495,6498,10920,10921
6495,6499,10921,10922
6607,6499,10922,-10424
6495,6607,10922,10923
6577,6607,10923,-19177
6495,6577,10923,10924
6495,6578,10924,10925
6466,6564,10926,10927
6608,6564,10927,10988
6466,6608,10927,10928
6609,6608,10928,10990
6466,6609,10928,10929
6610,6609,10929,10987
6466,6610,10929,10935
6597,6611,10930,11071
6611,6610,10930,-1
6610,6597,10930,10931
6610,6594,10931,10936
6612,6595,10932,10967
6594,6612,10932,10933
6464,6612,10933,10966
6594,6464,10933,10934
6594,6465,10934,10936
6465,6610,10935,10936
6507,6148,10937,10938
6613,6148,10938,10961
6507,6613,10938,10942
6614,6615,10939,10963
6615,6613,10939,10964
6613,6614,10939,10942
6502,6614,10940,10960
6614,6503,10940,10941
6507,6503,10941,-2279
6614,6507,10941,10942
6519,6606,10943,10944
6519,6604,10944,10945
6519,6605,10945,10952
6605,6602,10946,10947
6605,6600,10947,10948
6616,6600,10948,-1
6605,6616,10948,10949
6617,6616,10949,11020
6605,6617,10949,10950
6618,6617,10950,11019
6605,6618,10950,10951
6520,6618,10951,11018
6605,6520,10951,10952
6148,6145,10953,10961
6619,6620,10954,11066
6620,6145,10954,-1
6145,6619,10954,10955
6621,6619,10955,11065
6145,6621,10955,10956
6622,6621,10956,11064
6145,6622,10956,10965
6623,6624,10957,11069
6624,6625,10957,11070
6625,6623,10957,10958
6500,6623,10958,11057
6625,6500,10958,10959
6625,6502,10959,10960
6625,6614,10960,10962
6613,6145,10961,10964
6625,6622,10962,11064
6622,6614,10962,10963
6622,6615,10963,10965
6615,6145,10964,10965
6463,6612,10966,10975
6612,6596,10967,10968
6612,6591,10968,10969
6612,6592,10969,10970
6612,6593,10970,10971
6612,6590,10971,10972
6612,6562,10972,10973
6612,6561,10973,10974
6462,6561,10974,-2758
6612,6462,10974,10975
6361,6492,10976,10977
6361,6491,10977,10978
6626,6491,10978,10991
6361,6626,10978,10979
6627,6626,10979,10999
6361,6627,10979,10980
6628,6627,10980,10998
6361,6628,10980,10982
6364,6628,10981,10997
6628,6363,10981,10982
6564,6514,10983,10984
6564,6513,10984,10985
6564,6512,10985,10988
6610,6629,10986,-1
6629,6630,10986,11031
6630,6610,10986,10987
6630,6609,10987,10989
6608,6512,10988,10990
6630,6512,10989,-2246
6512,6609,10989,10990
6626,6490,10991,10992
6631,6490,10992,11040
6626,6631,10992,10999
6632,6633,10993,11049
6633,6631,10993,11039
6631,6632,10993,10994
6367,6632,10994,-1
6631,6367,10994,10995
6631,6368,10995,10996
6631,6365,10996,11000
6365,6628,10997,10998
6365,6627,10998,11000
6627,6631,10999,11000
6634,6635,11001,11087
6635,6557,11001,11088
6557,6634,11001,11010
6636,6637,11002,-1
6637,6634,11002,11086
6634,6636,11002,11003
6638,6636,11003,11021
6634,6638,11003,11011
6524,6639,11004,-2246
6639,6525,11004,11013
6525,6528,11005,11017
6527,6557,11006,11007
6640,6557,11007,11009,240
6527,6640,11007,11014
6640,6641,11008,11015,240
6641,6642,11008,11016,240
6642,6640,11008,11009
6642,6557,11009,11010
6642,6634,11010,11011
6642,6638,11011,11012
6639,6638,11012,-2246
6642,6639,11012,11013
6642,6525,11013,11016
6528,6640,11014,11015
6528,6641,11015,11017
6641,6525,11016,11017
6521,6618,11018,11019
6521,6617,11019,11024
6636,6616,11020,-1
6617,6636,11020,11021
6617,6638,11021,11022
6523,6638,11022,-2246
6617,6523,11022,11023
6617,6522,11023,11024
6366,6643,11025,-1
6643,6369,11025,11026
6643,6370,11026,11027
6643,6579,11027,11028
6643,6509,11028,11029
6643,6511,11029,11030
6644,6511,11030,-2248
6643,6644,11030,11035
6630,6644,11031,-199
6644,6629,11031,11032
6645,6629,11032,-1
6644,6645,11032,11033
6646,6645,11033,11085,291
6644,6646,11033,11034
6647,6646,11034,11084,291
6644,6647,11034,11035
6643,6647,11035,11084,291
6442,6444,11036,11037
6442,6445,11037,11038
6648,6445,11038,11051
6442,6648,11038,11044
6633,6648,11039,11050
6648,6631,11039,11040
6648,6490,11040,11041
6648,6439,11041,11042
6648,6440,11042,11043
6648,6441,11043,11044
6447,6570,11045,11046
6447,6571,11046,11047
6649,6571,11047,11081
6447,6649,11047,11053
6632,6650,11048,-1
6650,6649,11048,11081
6649,6632,11048,11049
6649,6633,11049,11050
6649,6648,11050,11051
6649,6445,11051,11052
6649,6446,11052,11053
6651,6652,11054,-1
6652,6653,11054,11083
6653,6651,11054,11055
6654,6651,11055,11067
6653,6654,11055,11056
6623,6654,11056,11068
6653,6623,11056,11057
6653,6500,11057,11058
6653,6501,11058,11062
6655,6656,11059,11077
6656,6499,11059,-10473
6499,6655,11059,11060
6657,6655,11060,11061,238
6499,6657,11060,11063
6653,6655,11061,11083
6657,6653,11061,11062
6657,6501,11062,11063
6625,6621,11064,11065
6625,6619,11065,11066
6625,6620,11066,11070
6651,6620,11067,-1
6620,6654,11067,11068
6620,6623,11068,11069
6620,6624,11069,11070
6601,6611,11071,-1
6597,6601,11071,11073
6601,6598,11072,11073
6577,6574,11074,11075
6658,6574,11075,-1
6577,6658,11075,11076
6655,6658,11076,11082,238
6577,6655,11076,11077
6577,6656,11077,-10473
6571,6573,11078,11079
6571,6575,11079,11080
6650,6575,11080,-1
6571,6650,11080,11081
6652,6658,11082,-1
6655,6652,11082,11083
6643,6646,11084,11085
6643,6645,11085,-1
6637,6555,11086,-1
6555,6634,11086,11087
6555,6635,11087,11088
6659,6166,11089,11307
6471,6659,11089,11090
6660,6659,11090,11306
6471,6660,11090,11091
6661,6660,11091,11106,184
6471,6661,11091,11092
6662,6661,11092,11106,184
6471,6662,11092,11093
6663,6662,11093,11174
6471,6663,11093,11094
6664,6663,11094,11173
6471,6664,11094,11099
6665,6666,11095,11172
6666,6664,11095,11173
6664,6665,11095,11100
6667,6668,11096,11097,248
6668,6669,11096,11170
6669,6667,11096,11101
6670,6668,11097,11198
6667,6670,11097,11102
6472,6670,11098,11198
6670,6473,11098,11103
6470,6664,11099,11100
6470,6665,11100,11104
6669,6671,11101,11171
6671,6667,11101,11102
6671,6670,11102,11103
6671,6473,11103,11105
6473,6665,11104,11105
6671,6665,11105,11172
6662,6660,11106,11107
6672,6660,11107,11304
6662,6672,11107,11199
6424,6346,11109,11111
6346,6423,11110,11111
6340,6415,11112,11115
6415,6338,11113,11114
6415,6339,11114,11115
6380,6673,11116,11356
6673,6403,11116,11141
6403,6380,11116,11117
6404,6076,11118,11320
6076,6405,11118,11119
6261,6286,11120,11151
6286,6260,11120,11121
6286,6353,11121,11122
6286,6340,11122,11123
6241,6239,11124,11130
6378,6239,11125,-1736
6239,152,11125,11126
6239,151,11126,11127
6239,111,11127,11131
111,6337,11128,11131
6337,6241,11129,11130
6337,6239,11130,11131
6205,6324,11133,11134
6325,6328,11135,11136
6452,6451,11137,11138
6452,6314,11138,11139
6673,5975,11140,11357
6313,6673,11140,11141
6313,6403,11141,11142
6674,6403,11142,11149,321
6313,6674,11142,11143
6456,6674,11143,11149,321
6313,6456,11143,11144
6313,6457,11144,11145
6422,6457,11145,-10441
6313,6422,11145,11146
6313,6417,11146,11147
6092,6417,11147,11312
6403,6456,11148,11149
6263,6261,11150,11151
6272,6675,11153,11187,321
6675,6250,11153,11154
6675,6251,11154,11155
6675,6248,11155,11156
6675,6247,11156,11157
6675,6246,11157,11158
6675,6244,11158,11159
6675,6482,11159,11160
6675,6483,11160,11161
6675,6479,11161,11182
6480,6488,11162,11163
6480,6477,11163,11164
6480,6478,11164,11165
6480,6476,11165,11166
6480,6475,11166,11167
6480,6474,11167,11168
6480,6472,11168,11169
6668,6472,11169,11198,248
6480,6668,11169,11170
6480,6669,11170,11171
6480,6671,11171,11183
6671,6666,11172,11184
6666,6663,11173,11174
6666,6662,11174,11175
6676,6662,11175,11199,184
6666,6676,11175,11176
6588,6676,11176,11205,184
6666,6588,11176,11177
6666,6586,11177,11178
6666,6584,11178,11179
6666,6585,11179,11180
6677,6585,11180,11247
6666,6677,11180,11184
6678,6679,11181,11197,321
6679,6677,11181,11246
6677,6678,11181,11185
6675,6678,11182,11197,321
6678,6479,11182,11186
6479,6671,11183,11186
6671,6677,11184,11185
6671,6678,11185,11186
6680,6675,11187,11196,321
6272,6680,11187,11188
6681,6680,11188,11195,321
6272,6681,11188,11194
6067,6681,11189,11242
6681,6066,11189,11190
6681,6064,11190,11191
6682,6064,11191,11513
6681,6682,11191,11192
6270,6682,11192,11512
6681,6270,11192,11193
6681,6271,11193,11194
6681,6679,11195,11233
6679,6680,11195,11196
6679,6675,11196,11197
6676,6672,11199,11200
6683,6672,11200,11304
6676,6683,11200,11201
6684,6683,11201,11303
6676,6684,11201,11206
6553,6684,11202,-1
6684,6554,11202,11207
6554,6580,11203,11207
6580,6588,11204,11205
6580,6676,11205,11206
6580,6684,11206,11207
6685,6686,11208,11268,321
6686,6679,11208,11246,321
6679,6685,11208,11209
6687,6685,11209,11272,321
6679,6687,11209,11210
6688,6687,11210,11245,321
6679,6688,11210,11211
6689,6688,11211,11244,321
6679,6689,11211,11234
6690,6691,11212,11243,321
6691,6689,11212,11244,321
6689,6690,11212,11235
5992,6692,11213,11265,321
6692,6690,11213,11243,321
6690,5992,11213,11214
6690,5991,11214,11215
6690,5990,11215,11216
6690,5989,11216,11217
6690,5988,11217,11218
6690,5722,11218,11219
6690,5723,11219,11220
6690,5721,11220,11221
6690,6265,11221,11222
6690,6266,11222,11223
6690,6267,11223,11224
6073,6267,11224,11237,321
6690,6073,11224,11225
6693,6073,11225,11324
6690,6693,11225,11226
6694,6693,11226,11323
6690,6694,11226,11227
6695,6694,11227,11323
6690,6695,11227,11228
6696,6695,11228,11322
6690,6696,11228,11229
6697,6696,11229,11322
6690,6697,11229,11230
6698,6697,11230,11329
6690,6698,11230,11236
6699,6069,11231,11240,321
6069,6698,11231,11328
6698,6699,11231,11232
6700,6699,11232,11239,321
6698,6700,11232,11236
6681,6700,11233,11239,321
6700,6679,11233,11234
6700,6689,11234,11235
6700,6690,11235,11236
6074,6267,11237,11238
6074,6269,11238,11442
6681,6699,11239,11242
6699,6068,11240,11241
6699,6067,11241,11242
6692,6691,11243,11266
6691,6688,11244,11245
6691,6687,11245,11267
6686,6677,11246,11247
6686,6585,11247,11248
6686,6583,11248,11249
6686,6582,11249,11250
6686,6543,11250,11268
6543,6538,11251,11252
6543,6539,11252,11269
6539,6559,11253,11273
6560,6533,11254,11255
6560,6534,11255,11256
6701,6534,11256,-2246
6560,6701,11256,11257
6536,6701,11257,-2246
6560,6536,11257,11258
6560,6537,11258,11270
6537,6516,11259,11260
6537,6393,11260,11261
6537,6392,11261,11262
6537,6391,11262,11263
6537,6388,11263,11264
5992,6388,11264,11339
6537,5992,11264,11265
6537,6692,11265,11266
6537,6691,11266,11267
6537,6687,11267,11271
6685,6543,11268,11269
6685,6539,11269,11272
6559,6537,11270,11271
6559,6687,11271,11273
6687,6539,11272,11273
6249,6273,11274,11275
6702,6273,11275,11471
6249,6702,11275,11276
6703,6702,11276,11471
6249,6703,11276,11470
97,6228,11277,11278
6227,6094,11279,11282
6279,6704,11280,-9928
6704,6094,11280,11314
6094,6279,11280,11281
6094,6278,11281,11282
6112,6049,11283,11332
6124,6121,11284,11285
6124,6122,11285,11286
6124,6322,11286,11290
6355,6705,11287,-2247
6705,6322,11287,-2247
6322,6355,11287,11288
6086,6355,11288,11318
6322,6086,11288,11289
6322,6219,11289,11290
5883,6136,11291,11298
6136,6326,11292,11299
6326,6332,11293,11294
6326,6202,11294,11295
6326,6203,11295,11300
6203,6201,11296,11300
6201,5883,11297,11298
6201,6136,11298,11299
6201,6326,11299,11300
6684,6706,11302,-1
6706,6660,11302,11306,184
6660,6684,11302,11303
6660,6683,11303,11304
6706,6167,11305,-1
6166,6706,11305,11307
6706,6659,11306,11307
115,5863,11308,11309
6124,6113,11310,11311
6093,6417,11312,11313
6093,6344,11313,11316
6704,6344,11314,-9928
6344,6094,11314,11317
6707,6093,11315,11316,321
6094,6707,11315,11317
6707,6344,11316,11317
6086,6354,11318,11319
6086,6404,11319,11320
6086,6076,11320,11321
6697,6695,11322,11330
6695,6693,11323,11324
6695,6073,11324,11325
6695,6072,11325,11326
6695,6071,11326,11327
6695,6070,11327,11330
6070,6698,11328,11329
6070,6697,11329,11330
5922,6112,11331,11332
6002,6008,11333,11334
6002,6082,11334,11335
6002,6083,11335,11336
6002,5907,11336,11337
6002,5908,11337,11338
6001,5908,11338,11700
5992,6389,11339,11351
6389,6386,11340,11341
6389,6387,11341,11342
6389,6385,11342,11343
6389,6384,11343,11344
6389,6383,11344,11352
5976,6379,11345,11355,321
6383,5976,11345,11346
6383,5998,11346,11347
6383,5997,11347,11348
6383,5996,11348,11353
5996,5994,11349,11353
5994,5992,11350,11351
5994,6389,11351,11352
5994,6383,11352,11353
5976,6708,11354,11358,321
6708,6380,11354,11356,321
6380,5976,11354,11355
6708,6673,11356,11357
6708,5975,11357,11358
6056,5769,11359,11360
6056,5951,11360,11361
5840,5884,11362,11363
5921,6051,11364,11375
6199,5929,11365,11366
6199,5930,11366,11373
5930,5927,11367,11368
5930,5928,11368,11369
5930,5885,11369,11370
5930,5886,11370,11371
5930,5882,11371,11372
5930,5883,11372,11373
5921,6709,11374,11384,239
6709,5842,11374,11385,239
5842,5921,11374,11375
5842,6051,11375,11376
5842,6050,11376,11381
6050,5837,11377,11378
6050,5836,11378,11379
6050,5834,11379,11381
5834,5842,11380,11381
5842,5923,11382,11383
5842,5920,11383,11385
5920,6709,11384,11385
5272,5663,11386,11388
5663,5835,11387,11388
5750,6710,11389,11559
6710,5751,11389,11390
6710,5747,11390,11391
6710,5748,11391,11392
6710,5746,11392,11393
6710,5743,11393,11396
5743,5825,11394,11396
6710,5826,11395,11560
5825,6710,11395,11396
5808,5671,11397,11398
5815,5671,11398,11550
5808,5815,11398,11399
5808,5793,11399,11400
5808,5792,11400,11401
5808,5789,11401,11406
5790,5788,11402,11403
5790,5787,11403,11404
5790,5786,11404,11405
5790,5783,11405,11407
5783,5789,11406,11407
5769,5800,11408,11417
5800,5798,11409,11418
5803,5586,11410,11599
5798,5803,11410,11411
5798,5802,11411,11418
5802,5932,11412,11413
5802,5934,11413,11414
5802,5945,11414,11415
5802,5946,11415,11416
5802,5769,11416,11417
5802,5800,11417,11418
5828,6711,11419,11673
6711,5766,11419,11674
5766,5828,11419,11420
5766,5744,11420,11421
5719,5717,11422,11446
5717,5714,11423,11447
5714,5712,11424,11425
5714,5174,11425,11426
5714,5175,11426,11427
5714,5173,11427,11448
5173,5170,11428,11448
5171,5169,11429,11450
5169,5166,11430,11431
5169,5165,11431,11432
5169,5164,11432,11433
5169,5163,11433,11451
5163,5161,11434,11452
6712,5159,11435,11587
5161,6712,11435,11436
5761,6712,11436,11586
5161,5761,11436,11437
5161,5759,11437,11453
5758,5756,11438,11439
5758,5755,11439,11440
5758,6061,11440,11441
5758,6074,11441,11442
5758,6269,11442,11443
6713,6269,11443,11444,321
5758,6713,11443,11454
6713,6268,11444,11455
6268,5720,11445,11455
5718,5717,11446,11447
5718,5714,11447,11457
5714,5170,11448,11449
5714,5171,11449,11450
5714,5169,11450,11451
5714,5163,11451,11452
5714,5161,11452,11453
5714,5759,11453,11457
5759,6713,11454,11458
6713,5720,11455,11456
6713,5718,11456,11458
5718,5759,11457,11458
6714,5691,11459,12031
5690,6714,11459,11466
6715,6716,11460,12029
6716,6714,11460,12030
6714,6715,11460,11461
6717,6715,11461,12028
6714,6717,11461,11467
5307,6717,11462,12027
6717,5308,11462,11468
6718,6719,11463,11488,6
6719,5308,11463,11489,6
5308,6718,11463,11469
6720,6721,11464,11508,6
6721,6718,11464,11488,6
6718,6720,11464,11465
6722,6720,11465,11487,6
6718,6722,11465,11469
5690,6722,11466,11486,6
6722,6714,11466,11467
6722,6717,11467,11468
6722,5308,11468,11469
6249,6040,11470,11518,321
6040,6703,11470,11501
6703,6273,11471,11472
6703,6270,11472,11473
6723,6270,11473,11512,321
6703,6723,11473,11502
6724,6725,11474,12091
6725,6723,11474,11516,321
6723,6724,11474,11475
6726,6724,11475,12090
6723,6726,11475,11502
6727,6728,11476,12088
6728,6729,11476,12089
6729,6727,11476,11504
6730,6731,11477,12102
6731,6727,11477,12088
6727,6730,11477,11478
6732,6730,11478,12087
6727,6732,11478,11479
6733,6732,11479,12086
6727,6733,11479,11505
6734,6735,11480,12100
6735,6733,11480,12086
6733,6734,11480,11481
6736,6734,11481,12085
6733,6736,11481,11506
6737,6738,11482,12084
6738,6736,11482,12085
6736,6737,11482,11483
6739,6737,11483,12083
6736,6739,11483,11506
6740,6741,11484,12082
6741,6739,11484,12083
6739,6740,11484,11507
5694,6740,11485,12081
6740,5690,11485,11486
6740,6722,11486,11487
6740,6720,11487,11507
6721,6719,11488,11511
6742,5308,11489,11872
6719,6742,11489,11490
6743,6742,11490,11871
6719,6743,11490,11491
6744,6743,11491,11871
6719,6744,11491,11492
6745,6744,11492,11885
6719,6745,11492,11493
6746,6745,11493,11870
6719,6746,11493,11494
6747,6746,11494,11869
6719,6747,11494,11495
6047,6747,11495,11868
6719,6047,11495,11496
6719,6046,11496,11497
6719,6045,11497,11498
6719,6044,11498,11499
6719,6043,11499,11500
6719,6040,11500,11501
6719,6703,11501,11509
6703,6726,11502,11503
6729,6726,11503,12089
6703,6729,11503,11504
6703,6727,11504,11505
6703,6733,11505,11509
6733,6739,11506,11510
6739,6720,11507,11508
6739,6721,11508,11510
6719,6733,11509,11511
6733,6721,11510,11511
6723,6682,11512,11517
6682,6065,11513,11514
6748,6065,11514,11529
6682,6748,11514,11517
6725,6749,11515,12104
6749,6748,11515,11528
6748,6725,11515,11516
6748,6723,11516,11517
6750,6751,11519,12073
6751,5674,11519,12074
5674,6750,11519,11537
6752,6753,11520,12072
6753,6750,11520,12073
6750,6752,11520,11538
6754,6755,11521,12071
6755,6752,11521,12072
6752,6754,11521,11539
6756,6757,11522,12095
6757,6754,11522,12071
6754,6756,11522,11523
6758,6756,11523,12094
6754,6758,11523,11524
6759,6758,11524,11527,321
6754,6759,11524,11525
6760,6759,11525,11526,321
6754,6760,11525,11540
6760,6761,11526,11541,321
6761,6759,11526,11542
6762,6758,11527,12105
6759,6762,11527,11542
6749,6762,11528,12104
6762,6748,11528,11529
6762,6065,11529,11530
6762,6063,11530,11531
6762,6062,11531,11543
6062,5752,11532,11544
6763,5749,11533,11557
5752,6763,11533,11545
5661,6764,11534,11555
6764,6763,11534,11556
6763,5661,11534,11535
6763,5677,11535,11536
6763,5676,11536,11546
5676,6750,11537,11538
5676,6752,11538,11539
5676,6754,11539,11540
5676,6760,11540,11541
5676,6761,11541,11546
6761,6762,11542,11543
6761,6062,11543,11544
6761,5752,11544,11545
6761,6763,11545,11546
5797,5510,11547,-10311
5512,5797,11547,11548
5512,5795,11548,11549
5512,5816,11549,11553
5816,5671,11550,11551
5816,5673,11551,11552
5816,5672,11552,11553
5658,5661,11554,11555
5658,6764,11555,11556
5658,6763,11556,11557
5658,5749,11557,11558
5658,5750,11558,11559
5658,6710,11559,11563
6765,5826,11560,11566,6
6710,6765,11560,11561
6766,6765,11561,11566,6
6710,6766,11561,11562
6767,6766,11562,11631
6710,6767,11562,11563
5658,6767,11563,11631
6768,5829,11564,11671
5826,6768,11564,11565
6766,6768,11565,11621
5826,6766,11565,11566
6769,6770,11567,11636
6770,6771,11567,11637
6771,6769,11567,11568
6772,6769,11568,11635
6771,6772,11568,11580
5627,6772,11569,11634
6772,5628,11569,11570
6772,5629,11570,11571
6772,5831,11571,11572
6772,5901,11572,11573
6772,5615,11573,11574
6772,5616,11574,11575
6772,5617,11575,11576
6772,5623,11576,11577
6772,5622,11577,11578
6772,5621,11578,11580
6771,5532,11579,11638
5621,6771,11579,11580
6773,5442,11581,11662
5596,6773,11581,11582
6774,6773,11582,11668
5596,6774,11582,11594
5765,6775,11583,11661
6775,6774,11583,11667
6774,5765,11583,11595
5765,5763,11584,11595
5763,5760,11585,11596
5760,6712,11586,11587
5760,5159,11587,11588
5760,5160,11588,11589
5760,5157,11589,11590
5760,5158,11590,11591
5760,5573,11591,11592
5760,5574,11592,11593
5760,5596,11593,11594
5760,6774,11594,11596
6774,5763,11595,11596
6776,5702,11597,-2120
5702,5431,11597,11683
5431,6776,11597,11598
5803,6776,11598,-2248
5431,5803,11598,11599
5153,5223,11601,11602
5153,5151,11602,11603
5489,5572,11605,11610
5571,5595,11606,11607
5571,5589,11607,11611
6777,5588,11608,11688
5589,6777,11608,11612
6778,6779,11609,11614,188
6779,6777,11609,11649
6777,6778,11609,11613
5489,6778,11610,11614,188
6778,5572,11610,11613
5572,5589,11611,11612
5572,6777,11612,11613
5489,6779,11614,11647
5660,6780,11615,12048
6780,5565,11615,12049
5565,5660,11615,11616
5565,5659,11616,11617
5565,5656,11617,11618
5565,5657,11618,11626
6781,5658,11619,11630,6
5657,6781,11619,11620
6766,6781,11620,11630,6
5657,6766,11620,11621
5657,6768,11621,11622
5202,6768,11622,11670
5657,5202,11622,11627
5202,5200,11623,11628
5200,5567,11624,11629
5567,5564,11625,11629
5564,5657,11626,11627
5564,5202,11627,11628
5564,5200,11628,11629
6766,5658,11630,11631
5626,5301,11632,11891
5532,5626,11632,11633
5532,5625,11633,11638
5625,6772,11634,11635
5625,6769,11635,11636
5625,6770,11636,11637
5625,6771,11637,11638
5386,5513,11640,11645
5513,5512,11641,11642
5513,5614,11642,11643
5513,5388,11643,11644
5513,5385,11644,11645
5430,5489,11646,11647
5430,6779,11647,11648
6782,6779,11648,11649,188
5430,6782,11648,11651
6782,6777,11649,11650
6783,6777,11650,11687
6782,6783,11650,11651
5430,6783,11651,11686
5110,5084,11652,11932
5084,5108,11652,11658
5108,5178,11653,11654
5108,5177,11654,11655
5108,5448,11655,11656
5108,5447,11656,11657
5108,5446,11657,11658
5766,6784,11659,11674,6
6784,5203,11659,11675,6
5203,5766,11659,11660
5203,5765,11660,11661
5203,6775,11661,11666
6773,5443,11662,11663
6773,5445,11663,11668
5445,5205,11664,11665
6785,5205,11665,11910
5445,6785,11665,11669
5203,6785,11666,11910
6785,6775,11666,11667
6785,6774,11667,11669
6774,5445,11668,11669
5204,6768,11670,11671
5204,5829,11671,11676
5829,5828,11672,11673
5829,6711,11673,11677
6711,6784,11674,11677
6784,5204,11675,11676
6784,5829,11676,11677
5500,6786,11678,11782
6786,5433,11678,11906
5433,5500,11678,11679
5433,5499,11679,11680
5433,5502,11680,11681
6787,5502,11681,11716
5433,6787,11681,11682
6788,6787,11682,11716
5433,6788,11682,11685
5702,6788,11683,-2120
6788,5431,11683,11684
6788,5432,11684,11685
5410,6783,11686,11687
5410,6777,11687,11688
5410,5588,11688,11689
5410,5587,11689,11690
5410,5558,11690,11691
5410,5533,11691,11692
6789,5533,11692,-30258
5410,6789,11692,11693
5019,6789,11693,-30514
5410,5019,11693,11694
5412,5019,11694,-820
6790,6791,11695,11777,239
6791,6792,11695,11827
6792,6790,11695,11738
6793,6794,11696,11829
6794,6790,11696,11777,239
6790,6793,11696,11697
6795,6793,11697,11828
6790,6795,11697,11738
6796,6797,11698,11769,239
6797,6795,11698,11828
6795,6796,11698,11699
6001,6796,11699,11768,239
6795,6001,11699,11739
6001,5887,11700,11701
6798,5887,11701,-2119
6001,6798,11701,11702
5891,6798,11702,-2119
6001,5891,11702,11740
5889,5861,11703,11704
5889,5859,11704,11705
5889,5711,11705,11706
5889,5683,11706,11707
5889,5685,11707,11708
5889,5686,11708,11709
5889,5687,11709,11710
5889,5688,11710,11759
5688,5679,11711,11756
5679,5682,11712,11753
6799,5681,11713,-2119
5682,6799,11713,11714
5704,6799,11714,-2120
5682,5704,11714,11715
6788,5704,11715,-2120
5682,6788,11715,11742
6788,5502,11716,11717
6788,5503,11717,11742
5504,5506,11718,11744
6800,5507,11719,-2119
5506,6800,11719,11720
5421,6800,11720,11779
5506,5421,11720,11721
5506,5422,11721,11722
5506,5381,11722,11744
6801,6802,11723,11796
6802,5381,11723,11797
5381,6801,11723,11745
6803,6804,11724,11793
6804,6805,11724,11794
6805,6803,11724,11747
6806,6807,11725,11811
6807,6803,11725,11793
6803,6806,11725,11726
6808,6806,11726,11815
6803,6808,11726,11727
6809,6808,11727,11806
6803,6809,11727,11728
6810,6809,11728,11792
6803,6810,11728,11748
6811,6812,11729,11804
6812,6810,11729,11792
6810,6811,11729,11730
6813,6811,11730,11791
6810,6813,11730,11731
6814,6813,11731,11791
6810,6814,11731,11732
6815,6814,11732,11790
6810,6815,11732,11733
6816,6815,11733,11789
6810,6816,11733,11749
6817,6818,11734,11788
6818,6819,11734,11810
6819,6817,11734,11750
6820,6821,11735,11787
6821,6817,11735,11788
6817,6820,11735,11750
6822,6823,11736,11760,239
6823,6820,11736,11787
6820,6822,11736,11737
6792,6822,11737,11827
6820,6792,11737,11751
6792,6795,11738,11739
6792,6001,11739,11740
6792,5891,11740,11741
6792,5889,11741,11752
5682,5503,11742,11743
5682,5504,11743,11753
5504,5381,11744,11745
5504,6801,11745,11746
6824,6801,11746,11795
5504,6824,11746,11754
6805,6824,11747,11794
6824,6803,11747,11748
6824,6810,11748,11749
6824,6816,11749,11757
6819,6820,11750,11751
6819,6792,11751,11752
6819,5889,11752,11755
5679,5504,11753,11754
5679,6824,11754,11756
6819,6825,11755,11802
6825,5889,11755,11758
5688,6824,11756,11757
5688,6816,11757,11759
6825,6816,11758,11789
6816,5889,11758,11759
6822,6826,11760,11824
6826,6823,11760,11816
5839,5242,11761,11894
5242,6827,11761,11776,239
6827,5839,11761,11762
6827,5838,11762,11774
5838,5910,11763,11764
5838,5911,11764,11765
5838,6005,11765,11766
5838,6004,11766,11767
5838,6001,11767,11768
5838,6796,11768,11769
5838,6797,11769,11770
6828,6797,11770,11820
5838,6828,11770,11771
6829,6828,11771,11826
5838,6829,11771,11772
6830,6829,11772,11819
5838,6830,11772,11773
5374,6830,11773,11818
5838,5374,11773,11774
6827,5374,11774,11776,239
5374,5242,11775,11776
6794,6791,11777,11778
6831,6791,11778,11823
6794,6831,11778,11822
5360,6800,11779,11780
5501,6800,11780,-2119
5360,5501,11780,11781
5360,5500,11781,11782
5360,6786,11782,11783
6832,6786,11783,11906
5360,6832,11783,11840
5401,5334,11784,11785
6823,6821,11787,11801
6821,6818,11788,11814
6825,6815,11789,11790
6825,6814,11790,11802
6814,6811,11791,11803
6812,6809,11792,11805
6807,6804,11793,11807
6804,6824,11794,11795
6804,6801,11795,11796
6804,6802,11796,11807
6802,5379,11797,11798
6802,5380,11798,11799
6802,5377,11799,11808
6823,5375,11800,11816,239
5376,6823,11800,11801
5376,6821,11801,11809
6819,6814,11802,11803
6819,6811,11803,11804
6819,6812,11804,11805
6819,6809,11805,11806
6819,6808,11806,11810
6807,6802,11807,11808
6807,5377,11808,11811
5378,6821,11809,11813
6818,6808,11810,11814
6806,5377,11811,11812
6806,5378,11812,11813
6806,6821,11813,11815
6821,6808,11814,11815
6826,5375,11816,11817
6826,5374,11817,11818
6826,6830,11818,11819
6826,6829,11819,11825
6833,6797,11820,11830,239
6828,6833,11820,11821
6794,6833,11821,11830,239
6828,6794,11821,11822
6828,6831,11822,11826
6822,6791,11823,11827,239
6831,6822,11823,11824
6831,6826,11824,11825
6831,6829,11825,11826
6797,6793,11828,11829
6797,6794,11829,11830
6834,5231,11831,11903
5366,6834,11831,11832
6835,6834,11832,11902
5366,6835,11832,11839
5441,6835,11833,11901
6835,5429,11833,11834
6835,5424,11834,11835
6835,5330,11835,11836
6835,5329,11836,11837
6835,5328,11837,11839
5226,5328,11838,11895
5328,5366,11838,11839
5228,6832,11840,11905
5333,5399,11841,11913
6836,6837,11842,13070
6837,5318,11842,13061
5318,6836,11842,11844
5320,6836,11843,13060
6836,5319,11843,11844
6838,6839,11845,13056
6839,5321,11845,13057
5321,6838,11845,11846
6840,6838,11846,13055
5321,6840,11846,11847
5322,6840,11847,11875,6
6841,6842,11848,13051
6842,6843,11848,13052
6843,6841,11848,11849
6844,6841,11849,13050
6843,6844,11849,11850
6845,6844,11850,11879,6
6843,6845,11850,11878,6
6846,6847,11851,11857,6
6847,6844,11851,13106
6844,6846,11851,11852
6848,6846,11852,11856,6
6844,6848,11852,11853
6849,6848,11853,11855,6
6844,6849,11853,11879
6850,6851,11854,11881,6
6851,6849,11854,11855,6
6849,6850,11854,11880
6851,6848,11855,11856
6851,6846,11856,11857
6851,6847,11857,11858
6852,6847,11858,13115
6851,6852,11858,11859
6853,6852,11859,13114
6851,6853,11859,11860
5972,6853,11860,-1
6851,5972,11860,11861
6851,5960,11861,11862
6851,5959,11862,11863
6851,5958,11863,11864
6851,5962,11864,11865
6851,5961,11865,11881
5961,5964,11866,11867
5961,6047,11867,11868
5961,6747,11868,11869
5961,6746,11869,11870
5961,6745,11870,11888
6744,6742,11871,11872
6744,5308,11872,11873
6744,5325,11873,11882
5325,5324,11874,11882
5324,6840,11875,11876
6854,6840,11876,13112
5324,6854,11876,11886
6843,6855,11877,13111
6855,6854,11877,13112
6854,6843,11877,11878
6854,6845,11878,11884
6845,6849,11879,11880
6845,6850,11880,11884
6850,5961,11881,11887
6744,5324,11882,11883
6856,5324,11883,11889,6
6744,6856,11883,11885
6854,6850,11884,11886
6745,6856,11885,11888
5324,6850,11886,11887
5324,5961,11887,11889
5961,6856,11888,11889
5581,5626,11890,11891
5581,5301,11891,11892
5581,5300,11892,11893
5225,5328,11895,11896
5225,5327,11896,11897
5225,5136,11897,11898
5225,5135,11898,11899
5053,5135,11899,11938
5433,5230,11900,11904,239
5230,5441,11900,11901
5230,6835,11901,11902
5230,6834,11902,11903
5433,5228,11904,11905
5433,6832,11905,11906
5221,5576,11907,11908
5174,5177,11911,11912
5333,5139,11913,11929,330
5139,5399,11913,11914
5139,5398,11914,11915
5139,5397,11915,11916
5139,5395,11916,11925
5396,5297,11917,11918
5396,5123,11918,11919
5396,5122,11919,11920
5396,5124,11920,11921
6857,5124,11921,11981
5396,6857,11921,11922
4918,6857,11922,11980
5396,4918,11922,11923
5396,5140,11923,11926
6858,5131,11924,11931
5140,6858,11924,11927
5139,6858,11925,11931
6858,5395,11925,11927
5395,5140,11926,11927
5139,5326,11928,11929
5131,5139,11930,11931
6859,6860,11933,11958
6860,4622,11933,12141
4622,6859,11933,11934
5185,6859,11934,11957
4622,5185,11934,11937
5185,4625,11935,11936
5185,5056,11936,11937
5053,5134,11938,11939
5053,5133,11939,11944
5130,4915,11940,11941
4949,4915,11941,11972
5130,4949,11941,11942
5130,5055,11942,11943
5130,5054,11943,11945
5054,5133,11944,11945
6861,4564,11946,12165
4620,6861,11946,11947
6862,6861,11947,11966
4620,6862,11947,11959
4962,6863,11948,11965
6863,4963,11948,11949
6863,5190,11949,11950
6863,5191,11950,11951
6863,5224,11951,11952
6863,5188,11952,11953
6863,5189,11953,11954
6863,5187,11954,11955
6863,5186,11955,11956
6863,5185,11956,11957
6863,6859,11957,11958
6863,6860,11958,11960
4620,6860,11959,12140
6860,6862,11959,11960
6863,6862,11960,11966
4565,4971,11961,11968
4959,4578,11962,12161
4970,4959,11962,11963
4970,4961,11963,11964
4970,4962,11964,11965
4970,6863,11965,11970
6863,6861,11966,11967
4565,6861,11967,12165
6863,4565,11967,11968
6863,4971,11968,11969
6863,4969,11969,11970
4912,4949,11971,11972
4912,4915,11972,11973
4912,4914,11973,11974
6864,4821,11975,11995
4912,6864,11975,11976
4946,6864,11976,12339
4895,4922,11977,11990
4922,4919,11978,11979
4922,4918,11979,11980
4922,6857,11980,11981
4922,5124,11981,11982
4922,5125,11982,11990
5070,6865,11983,-2629
6865,5125,11983,-2629
5125,5070,11983,11984
5125,5069,11984,11985
5125,5059,11985,11986
6866,5059,11986,12124
5125,6866,11986,11987
6867,6866,11987,12124
5125,6867,11987,11988
6868,6867,11988,11996
5125,6868,11988,11989
4895,6868,11989,11991
5125,4895,11989,11990
4829,6868,11991,11996
6869,4800,11994,12004
4821,6869,11994,11995
6864,6869,11995,12348
4829,6867,11996,11997
4681,6867,11997,12136
4807,4805,11998,12002
4805,4733,11999,12000
4805,4732,12000,12001
6870,4732,12001,12196
4805,6870,12001,12002
4807,6870,12002,12195
4800,4331,12003,12004
6869,4331,12004,12340
6871,6872,12005,12064,6
6872,6873,12005,12065,6
6873,6871,12005,12033
6874,6875,12006,12052,6
6875,6876,12006,12053,6
6876,6874,12006,12043
5565,6877,12007,12050,6
6877,6874,12007,12051,6
6874,5565,12007,12008
6874,5566,12008,12009
6874,5193,12009,12010
6874,5192,12010,12011
6874,4964,12011,12012
6874,4965,12012,12013
6874,4966,12013,12014
6874,4967,12014,12015
6874,4968,12015,12035
4968,4714,12016,12017
4968,4711,12017,12035
4712,4772,12018,12037
4772,4770,12019,12038
6878,4771,12020,12424
4770,6878,12020,12039
6879,6880,12021,12423
6880,6878,12021,12429
6878,6879,12021,12040
6881,6882,12022,12422
6882,6879,12022,12423
6879,6881,12022,12023
6883,6881,12023,12421
6879,6883,12023,12044
5311,6883,12024,12420
6883,5312,12024,12041
5312,5309,12025,12026
5312,5306,12026,12041
5306,6717,12027,12028
5306,6715,12028,12029
5306,6716,12029,12030
5306,6714,12030,12031
5306,5691,12031,12032
6873,5691,12032,12055,6
5306,6873,12032,12033
5306,6871,12033,12034
6876,6871,12034,12054,6
5306,6876,12034,12042
6874,4711,12035,12036
6874,4712,12036,12037
6874,4772,12037,12038
6874,4770,12038,12039
6874,6878,12039,12040
6874,6879,12040,12043
6883,5306,12041,12042
6883,6876,12042,12044
6876,6879,12043,12044
5530,5675,12045,-2789
5674,5530,12045,12046
5674,5531,12046,12061
5524,5660,12047,12048
5524,6780,12048,12049
5524,5565,12049,12050
5524,6877,12050,12051
5524,6874,12051,12052
5524,6875,12052,12053
5524,6876,12053,12054
5524,6871,12054,12063
6873,5692,12055,12056
6873,5696,12056,12066
5696,5693,12057,12067
6884,5694,12058,12080,6
5693,6884,12058,12059
6885,6884,12059,12079,6
5693,6885,12059,12068
6886,6887,12060,12076,6
6887,6888,12060,12077,6
6888,6886,12060,12070
5674,6886,12061,12075,6
6886,5531,12061,12062
6886,5525,12062,12070
5525,6871,12063,12064
5525,6872,12064,12065
5525,6873,12065,12066
5525,5696,12066,12067
5525,5693,12067,12068
5525,6885,12068,12069
6888,6885,12069,12078,6
5525,6888,12069,12070
6757,6755,12071,12096
6755,6753,12072,12097
6753,6751,12073,12074
6753,5674,12074,12075
6753,6886,12075,12076
6753,6887,12076,12077
6753,6888,12077,12078
6753,6885,12078,12079
6753,6884,12079,12080
6753,5694,12080,12081
6753,6740,12081,12082
6753,6741,12082,12098
6741,6737,12083,12084
6741,6738,12084,12098
6738,6734,12085,12099
6735,6732,12086,12087
6735,6730,12087,12101
6731,6728,12088,12103
6728,6726,12089,12090
6728,6724,12090,12091
6728,6725,12091,12092
6889,6725,12092,12106,321
6728,6889,12092,12093
6758,6889,12093,12106,321
6728,6758,12093,12094
6728,6756,12094,12095
6728,6757,12095,12096
6728,6755,12096,12097
6728,6753,12097,12103
6753,6738,12098,12099
6753,6734,12099,12100
6753,6735,12100,12101
6753,6730,12101,12102
6753,6731,12102,12103
6725,6762,12104,12105
6725,6758,12105,12106
4838,4762,12107,12383
4765,4838,12107,12108
4765,4837,12108,12109
4765,4851,12109,12110
4765,4848,12110,12111
4765,4847,12111,12112
6890,4847,12112,12152
4765,6890,12112,12113
4766,6890,12113,12152
6891,4682,12114,12130
4140,6891,12114,12122
6892,6893,12115,12135
6893,6891,12115,12130
6891,6892,12115,12116
6894,6892,12116,12129
6891,6894,12116,12123
4956,6895,12117,12128
6895,6894,12117,12129
6894,4956,12117,12118
6894,4609,12118,12119
6894,4610,12119,12123
6896,4612,12120,12183
4610,6896,12120,12121
4140,6896,12121,12484
4610,4140,12121,12122
4610,6891,12122,12123
6867,5059,12124,12125
6867,5023,12125,12126
6867,5025,12126,12127
6867,4955,12127,12133
4955,6895,12128,12133
6895,6892,12129,12134
6893,4682,12130,12131
6893,4680,12131,12132
6893,4681,12132,12135
6867,6895,12133,12134
6867,6892,12134,12136
6892,4681,12135,12136
4664,4677,12137,12325
4622,4618,12138,12139
4622,4619,12139,12141
4619,6860,12140,12141
6897,6898,12142,12156,239
6898,4766,12142,12157,239
4766,6897,12142,12143
6899,6897,12143,12353
4766,6899,12143,12144
6900,6899,12144,12352
4766,6900,12144,12145
6901,6900,12145,12351
4766,6901,12145,12151
4583,6902,12146,12350
6902,6901,12146,12351
6901,4583,12146,12147
6901,4323,12147,12148
6903,4323,12148,12369
6901,6903,12148,12151
4767,6904,12149,12368
6904,6903,12149,12369
6903,4767,12149,12150
6903,4766,12150,12151
4766,4847,12152,12153
4766,4846,12153,12157
6905,4666,12154,12356
4846,6905,12154,12155
6897,6905,12155,12355
4846,6897,12155,12156
4846,6898,12156,12157
6906,6907,12158,12172
6907,6908,12158,12173
6908,6906,12158,12164
4960,6909,12159,12171
6909,6906,12159,12172
6906,4960,12159,12160
6906,4959,12160,12161
6906,4578,12161,12162
6906,4577,12162,12163
6906,4547,12163,12164
6908,4547,12164,12173
4720,4548,12166,12397
4548,4721,12166,12167
4548,4718,12167,12168
4548,4719,12168,12178
4719,4958,12169,12179
4958,4960,12170,12171
4958,6909,12171,12180
6909,6907,12172,12180
6907,4547,12173,12174
6907,4552,12174,12175
6907,4551,12175,12176
6907,4550,12176,12177
6907,4548,12177,12178
6907,4719,12178,12179
6907,4958,12179,12180
4538,4141,12181,12182
6896,4141,12182,12484
4538,6896,12182,12183
4538,4612,12183,12184
4538,4611,12184,12185
4538,4613,12185,12186
6910,4613,12186,-820
4538,6910,12186,12187
6911,6910,12187,-4916
4538,6911,12187,12188
4562,6911,12188,-4916
4538,4562,12188,12189
4102,4562,12189,12482
6912,4420,12190,12244,239
4420,6913,12190,12277
6913,6912,12190,12224
6914,4445,12191,12281
4445,6912,12191,12244,239
6912,6914,12191,12192
6915,6914,12192,12280
6912,6915,12192,12225
6916,4440,12193,12247,239
4440,6917,12193,12279
6917,6916,12193,12194
6918,6916,12194,12246,239
6917,6918,12194,12226
4807,6919,12195,12245,239
6919,6870,12195,12196
6919,4732,12196,12197
6919,4729,12197,12198
6919,5112,12198,12199
6919,5100,12199,12200
6919,5093,12200,12227
5091,5096,12201,12228
5096,5291,12202,12203
5096,5290,12203,12204
6920,5290,12204,-2247
5096,6920,12204,12205
4935,6920,12205,-2247
5096,4935,12205,12206
5096,4936,12206,12207
5096,4858,12207,12208
5096,4857,12208,12209
5096,4859,12209,12210
5096,4860,12210,12228
4861,4863,12211,12212
4861,4853,12212,12229
4852,4692,12213,12214
4852,4691,12214,12239
6921,4707,12215,-197
4690,6921,12215,12216
6922,6921,12216,-197
4690,6922,12216,12231
6923,4693,12217,12475
4693,6922,12217,-197
6922,6923,12217,12218
6924,6923,12218,12258
6922,6924,12218,12219
4535,6924,12219,12257
6922,4535,12219,12220
6925,4535,12220,12242,239
6922,6925,12220,12232
6926,4533,12221,12260
4533,6925,12221,12242,239
6925,6926,12221,12233
4532,6926,12222,12260
6926,4424,12222,12223
6913,4424,12223,12278
6926,6913,12223,12224
6926,6912,12224,12225
6926,6915,12225,12233
6917,6915,12226,12279
6915,6918,12226,12234
6919,6918,12227,12245,239
6918,5093,12227,12234
5091,4860,12228,12237
4860,4853,12229,12230
4860,4852,12230,12238
4691,6922,12231,12232
4691,6925,12232,12240
6925,6915,12233,12240
6915,5093,12234,12235
6915,5092,12235,12236
6915,5091,12236,12237
6915,4860,12237,12238
6915,4852,12238,12239
6915,4691,12239,12240
4535,4533,12241,12242
4420,4445,12243,12244
4807,6918,12245,12246
4807,6916,12246,12250
6916,4439,12247,12248
6916,4438,12248,12249
6916,4437,12249,12250
4556,4587,12251,12252
4476,4587,12252,12261
4556,4476,12252,12253
4556,4475,12253,12254
4556,4473,12254,12256
4553,4472,12255,12268
4473,4553,12255,12256
4451,6924,12257,12258
4451,6923,12258,12259
6927,6923,12259,12474
4451,6927,12259,12274
4477,4587,12261,12262
4477,4588,12262,12263
4477,4523,12263,12264
4560,4101,12266,12483
4101,4559,12266,12267
4101,4555,12267,12272
4554,4472,12268,12269
4554,4471,12269,12270
4554,4470,12270,12273
4470,4101,12271,12272
4470,4555,12272,12273
4165,6927,12274,12473
4451,4165,12274,12275
4424,4419,12276,12278
4419,6913,12277,12278
4440,6915,12279,12280
4440,6914,12280,12281
4440,4445,12281,12282
4440,4446,12282,12285
4446,4444,12283,12286
4444,4442,12284,12286
4442,4446,12285,12286
4385,4389,12287,12288
6928,4389,12288,12329
4385,6928,12288,12342
4575,6929,12289,12444
6929,4576,12289,12302
4576,4574,12290,12291
4576,4660,12291,12303
4660,4659,12292,12304
4659,4379,12293,12294
4659,4377,12294,12295
4659,4378,12295,12296
4659,4375,12296,12297
4659,4376,12297,12304
4376,4373,12298,12305
4373,4371,12299,12300
4373,4219,12300,12301
6929,4219,12301,12444
4373,6929,12301,12302
4373,4576,12302,12303
4373,4660,12303,12305
4660,4376,12304,12305
4258,4325,12306,12439
4324,4258,12306,12307
4324,4349,12307,12308
4329,4352,12311,12316
4352,4351,12312,12313
4247,4351,12313,12634
4352,4247,12313,12314
4352,4248,12314,12315
4352,4385,12315,12316
4329,4385,12316,12341,239
4389,4250,12318,12319
6930,4250,12319,-980
4389,6930,12319,12328
4252,6930,12320,-980
6930,4254,12320,12321
6930,4317,12321,12322
6930,4583,12322,12323
6931,4583,12323,12350,239
6930,6931,12323,12324
4664,6931,12324,12358,239
6930,4664,12324,12325
6930,4677,12325,12326
6932,4677,12326,12330,239
6930,6932,12326,12327
6933,6932,12327,12344,239
6930,6933,12327,12328
4389,6933,12328,12329,239
6928,6933,12329,12343
6932,4676,12330,12331
6932,4675,12331,12332
6932,4674,12332,12345
4673,4670,12333,12334
4673,4669,12334,12335
4673,4873,12335,12336
6934,4873,12336,-2772
4673,6934,12336,12337
4875,6934,12337,-2772
4673,4875,12337,12338
4673,4946,12338,12339
4673,6864,12339,12347
6869,4330,12340,12349
4330,4385,12341,12342
4330,6928,12342,12343
4330,6933,12343,12344
4330,6932,12344,12345
4330,4674,12345,12346
4330,4672,12346,12349
4672,6864,12347,12348
4672,6869,12348,12349
6931,6902,12350,12354
6902,6900,12351,12352
6902,6899,12352,12353
6902,6897,12353,12354
6931,6897,12354,12355,239
6931,6905,12355,12356
6931,4666,12356,12359
4666,4663,12357,12359
4663,6931,12358,12359
4149,4320,12360,12673
4320,4148,12360,12361
4320,4147,12361,12362
4320,4146,12362,12372
4144,4168,12363,12364
6935,4168,12364,12378,239
4144,6935,12364,12365
4762,6935,12365,12383,239
4144,4762,12365,12366
4144,4763,12366,12374
4763,4768,12367,12375
4768,6904,12368,12376
6904,4323,12369,12370
6904,4322,12370,12377
4322,4320,12371,12372
4322,4146,12372,12373
4322,4143,12373,12377
4143,4763,12374,12375
4143,4768,12375,12376
4143,6904,12376,12377
6936,4168,12378,12479
6935,6936,12378,12379
4810,6936,12379,12478
6935,4810,12379,12380
6935,4809,12380,12381
6935,4808,12381,12382
6935,4838,12382,12383
4771,6937,12384,12424,6
6937,4786,12384,12385
6937,4787,12385,12386
6937,4785,12386,12387
6937,4784,12387,12403
4784,4782,12388,12404
4782,4788,12389,12390
4782,4779,12390,12391
4782,4780,12391,12410
4780,4778,12392,12393
4780,4775,12393,12394
4780,4776,12394,12408
4776,4773,12395,12405
4773,4720,12396,12397
4773,4548,12397,12398
4298,4548,12398,12411,6
4773,4298,12398,12399
4773,4296,12399,12400
4773,4297,12400,12401
4773,4294,12401,12405
6938,4292,12402,12414,6
4293,6938,12402,12407
6937,6938,12403,12414,6
6938,4784,12403,12404
6938,4782,12404,12407
4776,4294,12405,12406
4776,4295,12406,12408
4293,4782,12407,12409
4780,4295,12408,12410
4295,4782,12409,12410
4298,4549,12411,12412
4218,4549,12412,12441
4298,4218,12412,12413
6937,4292,12414,12426
4292,4290,12415,12434
4289,4288,12416,12417
5317,4288,12417,13104
4289,5317,12417,12427
5317,5315,12418,12427
5314,5311,12419,12420
5314,6883,12420,12421
5314,6881,12421,12422
5314,6882,12422,12432
6882,6880,12423,12433
6878,6937,12424,12425
6939,6937,12425,12426,6
6878,6939,12425,12429
6939,4292,12426,12430
4289,5315,12427,12428
4289,5314,12428,12431
6880,6939,12429,12430
6880,4292,12430,12433
4290,5314,12431,12432
4290,6882,12432,12434
6882,4292,12433,12434
4213,4341,12435,12436
4213,4338,12436,12437
6940,4338,12437,12447
4213,6940,12437,12454
4261,4258,12438,12439
4220,4217,12440,12446
4217,4549,12441,12442
4217,4545,12442,12443
4217,4575,12443,12446
4575,4219,12444,12445
4575,4220,12445,12446
6940,4344,12447,12448
6940,4384,12448,12454
4384,4132,12449,12450
4211,4132,12450,12491
4384,4211,12450,12451
4384,4215,12451,12452
4384,4214,12452,12453
4384,4213,12453,12454
3576,4177,12455,12456
3576,4176,12456,12467
4176,4687,12457,12458
4176,4688,12458,12459
4176,4685,12459,12460
4176,4789,12460,12468
4789,4543,12461,12462
4789,4544,12462,12463
6941,4544,12463,-147
4789,6941,12463,12468
3582,6941,12464,-147
6941,3581,12464,12465
6941,3580,12465,12466
6941,3576,12466,12467
6941,4176,12467,12468
4058,6942,12469,12495
6942,4150,12469,12658
4150,4058,12469,12470
4168,4164,12471,12472
4168,4165,12472,12473
4168,6927,12473,12474
4168,6923,12474,12475
4168,4693,12475,12476
4168,4696,12476,12479
4696,4810,12477,12478
4696,6936,12478,12479
4130,4099,12480,12481
6943,4099,12481,12489
4130,6943,12481,12488
4101,4562,12482,12483
4098,6944,12485,12543
6944,4096,12485,12544
4210,6945,12486,12530
6945,4100,12486,12542
4100,4210,12486,12487
4100,4211,12487,12490
4130,4211,12488,12494,239
4211,6943,12488,12489
4211,4099,12489,12490
4211,4133,12491,12494
4133,4131,12492,12493
4133,4130,12493,12494
3698,6942,12495,12496
6946,6942,12496,12658
3698,6946,12496,12497
3697,6946,12497,12657
4050,4048,12498,12507
4047,4045,12499,12508
4227,4042,12500,14332
4045,4227,12500,12501
4045,4225,12501,12502
4045,4224,12502,12503
4045,4223,12503,12504
4045,4222,12504,12508
4370,4182,12505,12510
4182,4050,12506,12507
4182,4048,12507,12510
4047,4222,12508,12509
4047,4370,12509,12511
4370,4048,12510,12511
3952,4034,12512,12524
4034,4031,12513,12514
4034,3969,12514,12515
4085,3969,12515,12549
4034,4085,12515,12516
4034,4088,12516,12517
4034,4089,12517,12518
4034,4127,12518,12519
4034,4236,12519,12524
4236,4238,12520,12521
6947,4238,12521,-1843
4236,6947,12521,12522
3954,6947,12522,-1843
4236,3954,12522,12523
4236,3952,12523,12524
6948,6949,12525,12629
6949,3994,12525,12624
3994,6948,12525,12526
6950,6948,12526,12623
3994,6950,12526,12534
3851,6951,12527,12621
6951,6952,12527,12622
6952,3851,12527,12528
6952,4212,12528,12536
4212,4210,12529,12530
4212,6945,12530,12531
6953,6945,12531,12541
4212,6953,12531,12532
3967,6953,12532,12540
4212,3967,12532,12533
4212,3996,12533,12537
3995,6950,12534,12535
6954,6950,12535,12623
3995,6954,12535,12538
6952,6954,12536,12628
6954,4212,12536,12537
6954,3996,12537,12538
3993,6955,12539,12625
6955,3662,12539,12613
3968,6953,12540,12541
3968,6945,12541,12545
4098,4100,12542,12550,239
6945,4098,12542,12543
6945,6944,12543,12545
3968,4096,12544,12546,239
6944,3968,12544,12545
3969,4096,12546,12547
3969,4087,12547,12548
3969,4086,12548,12549
3913,6956,12551,12935
6956,6957,12551,12936
6957,3913,12551,12552
6957,3912,12552,12553
6957,3911,12553,12554
3201,3911,12554,12918
6957,3201,12554,12555
6957,3943,12555,12556
6957,3196,12556,12936
3660,3611,12557,12558
3660,3612,12558,12559
3660,3840,12559,12560
3627,3442,12561,12562
3627,3441,12562,12563
6958,3441,12563,12674
3627,6958,12563,12564
6959,6958,12564,12682
3627,6959,12564,12681
3869,3876,12565,12566
3869,3877,12566,12568
3877,3723,12567,12568
3698,3719,12569,12570
3698,3692,12570,12571
6960,3692,12571,12609
3698,6960,12571,12597
3803,6961,12572,12607
6961,6960,12572,12608
6960,3803,12572,12573
6962,3803,12573,-726
6960,6962,12573,12574
3805,6962,12574,-726
6960,3805,12574,12598
6963,3806,12575,-726
3805,6963,12575,12599
3796,6963,12576,-726
6963,3797,12576,12577
6963,3944,12577,12578
6963,3997,12578,12579
6963,3998,12579,12580
6963,4000,12580,12600
4000,3947,12581,12582
4000,3946,12582,12583
4000,4022,12583,12584
4000,4299,12584,12585
4000,4154,12585,12586
4000,4153,12586,12587
4000,4179,12587,12588
4000,4073,12588,12589
4000,4074,12589,12590
4000,4075,12590,12601
4076,4078,12591,12592
4076,4080,12592,12603
4080,4083,12593,12594
4080,4081,12594,12595
4080,4061,12595,12604
4061,4057,12596,12604
4057,6960,12597,12598
4057,3805,12598,12599
4057,6963,12599,12600
4057,4000,12600,12601
4057,4075,12601,12602
4057,4076,12602,12603
4057,4080,12603,12604
3802,6964,12605,-726
6964,3754,12605,-582
3754,3802,12605,12606
3754,3803,12606,12607
3754,6961,12607,12608
3754,6960,12608,12612
6960,3695,12609,12610
6960,3694,12610,12611
6960,3520,12611,12612
3754,3520,12612,12732
6955,3661,12613,12626
3661,3855,12614,12615
3661,3852,12615,12616
3661,3853,12616,12626
3853,3856,12617,12618
3853,3849,12618,12619
3853,3850,12619,12620
3853,3851,12620,12621
3853,6951,12621,12622
3853,6952,12622,12627
6954,6948,12623,12628
6965,3994,12624,12632,239
6949,6965,12624,12630
3993,6965,12625,12632,239
6965,6955,12625,12631
6955,3853,12626,12627
6955,6952,12627,12631
6952,6948,12628,12629
6952,6949,12629,12630
6952,6965,12630,12631
6966,4256,12633,-980
4319,6966,12633,12661
4246,4351,12634,12635
4246,3924,12635,12636
4246,3923,12636,12637
4246,3925,12637,12638
4246,3926,12638,12664
3926,3918,12639,12665
3918,3729,12640,12641
3918,3731,12641,12642
3918,3728,12642,12643
3617,3728,12643,12685
3918,3617,12643,12666
3713,3604,12644,12697
3617,3713,12644,12645
3617,3714,12645,12646
3617,3710,12646,12647
3617,3711,12647,12648
3617,3712,12648,12649
3617,3709,12649,12650
3617,3708,12650,12651
3617,3706,12651,12652
3617,3707,12652,12666
3707,3702,12653,12667
3703,3700,12654,12655
3703,3701,12655,12669
3701,3696,12656,12670
3696,6946,12657,12671
6946,4150,12658,12659
4320,4150,12659,12673,239
6946,4320,12659,12660
6946,4319,12660,12661
6946,6966,12661,12662
4244,6966,12662,-980
6946,4244,12662,12663
6946,4243,12663,12672
4243,3926,12664,12665
4243,3918,12665,12672
3918,3707,12666,12667
3918,3702,12667,12668
3918,3703,12668,12669
3918,3701,12669,12670
3918,3696,12670,12671
3918,6946,12671,12672
6958,3440,12674,12675
6958,3801,12675,12676
6958,3800,12676,12677
6958,3691,12677,12678
6958,3686,12678,12679
3567,3686,12679,12706
6958,3567,12679,12680
6958,3628,12680,12682
3628,6959,12681,12682
3612,3619,12683,12684
3612,3617,12684,12685
3612,3728,12685,12686
3612,3727,12686,12688
3727,3839,12687,12688
6967,6968,12689,12716
6968,6969,12689,12717
6969,6967,12689,12701
3527,6967,12690,12715
6967,3528,12690,12702
3529,3531,12691,12703
3531,3534,12692,12704
3534,3718,12693,12694
3534,3717,12694,12695
3534,3716,12695,12696
3534,3715,12696,12705
3715,3604,12697,12698
3715,3603,12698,12699
3715,3557,12699,12700
6969,3557,12700,12718
3715,6969,12700,12701
3715,6967,12701,12702
3715,3528,12702,12705
3528,3531,12703,12704
3528,3534,12704,12705
3566,3686,12706,12707
3566,3685,12707,12708
3566,3684,12708,12709
3566,3687,12709,12710
3566,3515,12710,12711
3566,3407,12711,12712
3516,3417,12713,12714
3516,3527,12714,12715
3516,6967,12715,12716
3516,6968,12716,12717
3516,6969,12717,12718
3516,3557,12718,12719
3516,3560,12719,12720
6970,6971,12721,12856
6971,3544,12721,12857
3544,6970,12721,12722
6972,6970,12722,14310
3544,6972,12722,12723
6973,6972,12723,14309
3544,6973,12723,12724
3549,6973,12724,14308
3544,3549,12724,12725
3544,3547,12725,12726
3519,3295,12727,12728
6974,3295,12728,-1863
3519,6974,12728,12729
3751,6974,12729,-582
3519,3751,12729,12730
3519,3752,12730,12731
3519,3754,12731,12732
3357,3559,12733,12780
3506,2939,12734,12735
3506,2937,12735,12736
6975,6976,12737,12751,6
6976,3480,12737,12752,6
3480,6975,12737,12738
6977,6975,12738,14172
3480,6977,12738,12739
6978,6977,12739,14171
3480,6978,12739,12740
3479,6978,12740,14170
6979,3481,12741,-1
3480,6979,12741,12742
6980,6979,12742,13047
3480,6980,12742,12752
6981,6982,12743,13045
6982,6980,12743,13046
6980,6981,12743,12753
6983,6984,12744,13043
6984,6985,12744,13044
6985,6983,12744,12745
6986,6983,12745,13042
6985,6986,12745,12746
6987,6986,12746,13041
6985,6987,12746,12755
6988,6989,12747,13040
6989,6987,12747,13041
6987,6988,12747,12756
6990,6991,12748,13039
6991,6988,12748,13040
6988,6990,12748,12757
6992,6993,12749,13037
6993,6990,12749,13038
6990,6992,12749,12758
6975,6994,12750,14322
6994,6992,12750,13036
6992,6975,12750,12751
6992,6976,12751,12758
6976,6980,12752,12753
6976,6981,12753,12754
6985,6981,12754,13044
6976,6985,12754,12755
6976,6987,12755,12756
6976,6988,12756,12757
6976,6990,12757,12758
3275,3473,12759,12929
3474,3275,12759,12760
3474,3273,12760,12761
3474,3272,12761,12762
3471,6995,12763,12915
6995,3203,12763,12916
3455,6996,12764,-660
6996,3453,12764,-660
3453,3455,12764,12765
3750,2841,12766,12767
3750,2840,12767,12768
3750,2839,12768,12769
3750,2836,12769,12770
3750,2837,12770,12775
2837,2850,12771,12772
2837,3420,12772,12773
2837,3443,12773,12774
2837,3444,12774,12775
3405,3248,12776,12777
3405,3247,12777,12778
3405,3412,12778,12779
3357,3558,12780,12781
3357,3469,12781,12782
3357,3468,12782,12789
3468,3231,12783,12792
3232,3234,12784,12785
3232,3308,12785,12790
3309,3118,12786,12787
3309,3356,12787,12788
3309,3357,12788,12789
3309,3468,12789,12791
3231,3308,12790,12792
3308,3468,12791,12792
6997,6998,12793,14190
6998,6999,12793,14191
6999,6997,12793,12801
3352,7000,12794,14220
7000,6997,12794,14190
6997,3352,12794,12795
6997,3353,12795,12796
6997,3351,12796,12797
6997,3350,12797,12798
6997,3349,12798,12801
7001,3347,12799,14193
3348,7001,12799,12800
6999,7001,12800,14192
3348,6999,12800,12802
6999,3349,12801,12802
3544,7002,12803,12857,6
7002,7003,12803,14321
7003,3544,12803,12804
7003,3545,12804,12805
7003,3665,12805,12806
7003,3666,12806,12831
3667,3669,12807,12840
3671,7004,12808,-2276
7004,3673,12808,12851
3675,7005,12809,-2276
7005,3677,12809,12849
3677,3664,12810,12841
3344,3664,12811,14194
3664,3345,12811,12833
3345,3343,12812,12833
3343,3339,12813,12814
3343,3340,12814,12815
3343,3337,12815,12842
3338,3334,12816,12834
2932,3335,12817,13009
3334,2932,12817,12818
7006,2932,12818,12873,6
3334,7006,12818,12834
7007,2929,12819,13016
2929,7006,12819,12872,6
7006,7007,12819,12835
7008,7009,12820,13030
7009,7007,12820,13016
7007,7008,12820,12821
7010,7008,12821,13033
7007,7010,12821,12822
7011,7010,12822,13015
7007,7011,12822,12835
7012,7013,12823,13014
7013,7011,12823,13015
7011,7012,12823,12836
7014,7015,12824,13028
7015,7012,12824,13014
7012,7014,12824,12825
7016,7014,12825,13013
7012,7016,12825,12837
7017,7018,12826,13011
7018,7016,12826,13012
7016,7017,12826,12850
7019,7020,12827,12886,6
7020,7021,12827,13010
7021,7019,12827,12838
7022,7023,12828,12885,6
7023,7019,12828,12886,6
7019,7022,12828,12845
7024,7025,12829,12861,6
7025,7022,12829,12862,6
7022,7024,12829,12846
7026,7027,12830,12860,6
7027,7024,12830,12861,6
7024,7026,12830,12839
7003,7026,12831,12859,6
7026,3666,12831,12832
7026,3667,12832,12839
3664,3343,12833,12841
3338,7006,12834,12853
7006,7011,12835,12836
7006,7012,12836,12837
7006,7016,12837,12854
7021,7028,12838,13010
7028,7019,12838,12844
7024,3667,12839,12840
7024,3669,12840,12847
3677,3343,12841,12842
3677,3337,12842,12843
3677,3338,12843,12849
7028,7017,12844,13011
7017,7019,12844,12845
7017,7022,12845,12846
7017,7024,12846,12847
7017,3669,12847,12848
7004,3669,12848,-2276
7017,7004,12848,12850
7005,3338,12849,12852
7016,7004,12850,12851
7016,3673,12851,12854
7005,3672,12852,-2276
3672,3338,12852,12853
3672,7006,12853,12855
7006,3673,12854,12855
6970,7002,12856,14311
7002,6971,12856,12857
7029,7030,12858,14288
7030,7031,12858,14289
7031,7029,12858,12864
7003,7032,12859,14284
7032,7026,12859,12860
7032,7027,12860,12866
7027,7025,12861,12862
7027,7022,12862,12867
7031,7033,12863,14289
7033,7022,12863,12884,6
7022,7031,12863,12864
7022,7029,12864,12865
7034,7029,12865,14287
7022,7034,12865,12867
7032,7035,12866,14285
7035,7027,12866,12869
7027,7034,12867,12868
7036,7034,12868,14287
7027,7036,12868,12869
7035,7036,12869,14286
2933,2930,12870,12871
2933,2929,12871,12872
2933,7006,12872,12873
7037,7038,12874,13093
7038,7039,12874,12896,6
7039,7037,12874,12889
7040,7041,12875,13092
7041,7037,12875,13093
7037,7040,12875,12890
4283,7042,12876,13091
7042,7040,12876,13092
7040,4283,12876,12877
7040,4281,12877,12878
7040,4279,12878,12879
7040,4280,12879,12891
4280,4277,12880,12881
4280,4276,12881,12891
4276,4274,12882,12883
7043,4274,12883,14326
4276,7043,12883,12895
7033,7044,12884,14325
7044,7022,12884,12885
7044,7023,12885,12892
7023,7020,12886,12887
7045,7020,12887,13082
7023,7045,12887,12888
7046,7045,12888,13081
7023,7046,12888,12893
7039,7046,12889,13081
7046,7037,12889,12890
7046,7040,12890,12894
7040,4276,12891,12894
7044,7043,12892,14325
7043,7023,12892,12893
7043,7046,12893,12895
7046,4276,12894,12895
7047,7039,12896,13025
7038,7047,12896,13024
3289,3446,12897,12898
7048,3446,12898,-13896
3289,7048,12898,12899
3155,7048,12899,-13896
3289,3155,12899,12900
3289,3156,12900,12905
3156,3291,12901,12905
3291,3287,12902,12903
3291,3288,12903,12904
3291,3289,12904,12905
3271,3212,12906,12907
3110,3250,12908,12911
3250,3248,12909,12910
3250,3111,12910,12911
3014,3286,12912,12982
3213,3014,12912,12913
3213,3182,12913,12914
3471,3473,12915,12933,6
3473,6995,12915,12929
6995,3204,12916,12930
3204,3200,12917,12931
3200,3911,12918,12919
3200,3392,12919,12920
3200,3394,12920,12921
3200,3622,12921,12922
3200,3623,12922,12923
7049,3623,12923,-197
3200,7049,12923,12924
3625,7049,12924,-197
3200,3625,12924,12925
3200,3277,12925,12926
3200,3278,12926,12931
3278,3274,12927,12928
3278,3275,12928,12932
3275,6995,12929,12930
3275,3204,12930,12932
3204,3278,12931,12932
3194,3913,12934,12935
3194,6956,12935,12939
6956,3196,12936,12937
6956,3197,12937,12938
6956,3193,12938,12939
3029,3038,12940,12941
3156,3036,12942,12943
3118,3116,12944,12951
3116,2855,12945,12946
3116,2854,12946,12947
3116,3059,12947,12948
3116,3223,12948,12949
3116,3224,12949,12950
3116,3354,12950,12951
3243,3101,12952,12963
3101,3110,12952,12953
3101,2818,12954,12955
3101,2817,12955,12956
3101,2816,12956,12957
3101,2815,12957,12958
3101,2814,12958,12959
3101,2813,12959,12964
2813,3246,12960,12961
2813,3244,12961,12962
2813,3242,12962,12964
3242,3101,12963,12964
3142,3091,12965,13258
3092,3142,12965,12972
3141,3154,12966,12967
3141,3147,12967,12968
3141,3146,12968,12973
3146,3148,12969,12970
3146,3093,12970,12971
3146,3092,12971,12972
3146,3142,12972,12973
2799,2949,12974,12975
2799,2948,12975,12976
2799,2782,12976,12977
3004,3001,12980,12993
3001,3014,12981,12982
3001,3286,12982,12994
3286,3285,12983,12994
3285,3282,12984,12995
3282,3280,12985,12986
3282,3399,12986,12987
3282,3400,12987,12988
3282,3389,12988,12996
7050,3388,12989,13313
3389,7050,12989,12990
7051,7050,12990,13320
3389,7051,12990,12991
7052,7051,12991,13312
3389,7052,12991,12992
7053,7052,12992,13311
3389,7053,12992,12997
3004,7053,12993,13311
7053,3001,12993,12997
3001,3285,12994,12995
3001,3282,12995,12996
3001,3389,12996,12997
2946,2943,12999,13000
2946,2944,13000,13001
7054,2944,13001,13805
2946,7054,13001,13804
2940,3510,13002,13807
3335,3330,13003,13004
3335,3331,13004,13008
3331,2935,13005,13006
3331,2936,13006,13008
3335,2934,13007,13009,6
2936,3335,13007,13008
7020,7028,13010,13027
7028,7018,13011,13012
7028,7016,13012,13013
7028,7014,13013,13032
7015,7013,13014,13028
7013,7010,13015,13029
7009,2929,13016,13017
7009,2928,13017,13018
7009,2926,13018,13019
7009,2927,13019,13020
7055,2927,13020,13066,6
7009,7055,13020,13021
7056,7055,13021,13073,6
7009,7056,13021,13022
7057,7056,13022,13095,6
7009,7057,13022,13023
7038,7057,13023,13094,6
7009,7038,13023,13024
7009,7047,13024,13025
7009,7039,13025,13030
7020,7058,13026,13082,6
7058,7039,13026,13083,6
7039,7020,13026,13027
7039,7028,13027,13031
7014,7013,13028,13029
7014,7010,13029,13032
7008,7039,13030,13031
7008,7028,13031,13033
7028,7010,13032,13033
7059,7060,13034,13080,6
7060,7061,13034,14323
7061,7059,13034,13035
6994,7059,13035,14322
7061,6994,13035,13036
7061,6992,13036,13037
7061,6993,13037,13038
7061,6990,13038,13039
7061,6991,13039,13069
6991,6989,13040,13074
6989,6986,13041,13042
6989,6983,13042,13043
6989,6984,13043,13075
6984,6981,13044,13045
6984,6982,13045,13046
6984,6980,13046,13079
7062,6979,13047,-1
6980,7062,13047,13048
7063,7062,13048,13107,6
6980,7063,13048,13049
6844,7063,13049,13106,6
6980,6844,13049,13050
6980,6841,13050,13051
6980,6842,13051,13052
6980,6843,13052,13053
7064,6843,13053,13110,6
6980,7064,13053,13054
6840,7064,13054,13110,6
6980,6840,13054,13055
6980,6838,13055,13056
6980,6839,13056,13057
6980,5321,13057,13058
7065,5321,13058,13105,6
6980,7065,13058,13059
5320,7065,13059,13105,6
6980,5320,13059,13060
6980,6836,13060,13076
7066,5318,13061,13103,6
6837,7066,13061,13062
7067,7066,13062,13086,6
6837,7067,13062,13070
7068,7069,13063,13097,6
7069,7067,13063,13086,6
7067,7068,13063,13071
7070,7071,13064,13085,6
7071,7072,13064,13100,6
7072,7070,13064,13065
7073,7070,13065,13084,6
7072,7073,13065,13072
7055,2924,13066,13067
7055,2925,13067,13068
7061,2925,13068,14323
7055,7061,13068,13069
7055,6991,13069,13073
6836,7067,13070,13071
6836,7068,13071,13076
7072,7068,13072,13101,6
7068,7073,13072,13077
7056,6991,13073,13074
7056,6989,13074,13075
7056,6984,13075,13078
6980,7068,13076,13077
6980,7073,13077,13079
7056,7073,13078,13084,6
7073,6984,13078,13079
7059,7074,13080,14174
7074,7060,13080,14138
7039,7045,13081,13083
7045,7058,13082,13083
7056,7070,13084,13085
7056,7071,13085,13096
7069,7066,13086,13087
4288,7066,13087,13103,6
7069,4288,13087,13088
7069,4286,13088,13089
7069,4284,13089,13097
4285,4283,13090,13091
4285,7042,13091,13098
7042,7041,13092,13098
7041,7038,13093,13094
7041,7057,13094,13095
7041,7056,13095,13096
7041,7071,13096,13099
7068,4284,13097,13101
4285,7041,13098,13099
4285,7071,13099,13100
4285,7072,13100,13102
7072,4284,13101,13102
4288,5318,13103,13104
6847,7063,13106,13107
6847,7062,13107,13109
7075,7076,13108,13113,6
7076,7062,13108,-1
7062,7075,13108,13109
6847,7075,13109,13113,6
6840,6843,13110,13111
6840,6855,13111,13112
6847,7076,13113,13115
6853,7076,13114,-1
7076,6852,13114,13115
2907,2857,13116,13117
3120,2857,13117,13123
2907,3120,13117,13118
2907,3119,13118,13119
2907,3107,13119,13120
2907,2967,13120,13121
2904,2902,13122,13136
2850,2848,13124,13125
2850,2847,13125,13126
2850,2846,13126,13127
3419,2846,13127,13317
2387,2750,13128,13130
2750,2,13129,13130
2387,2,13130,13339
2737,2441,13131,13324
2441,2740,13131,13132
2441,2741,13132,13135
2741,2724,13133,13134
2741,2749,13134,13135
3138,2902,13136,13166,41
2904,3138,13136,13137
2904,3139,13137,13138
2904,2832,13138,13139
2904,2833,13139,13140
2904,2834,13140,13158
2835,2826,13141,13153
7077,2752,13142,-662
2752,2826,13142,-1
2826,7077,13142,13143
2756,7077,13143,-662
2826,2756,13143,13153
2756,2759,13144,13145
2756,2758,13145,13154
2758,2761,13146,13159
2761,2763,13147,13157
2763,2754,13148,13155
2631,2753,13149,-1
2754,2631,13149,13150
2754,2629,13150,13151
2754,2630,13151,13152
2904,2630,13152,13160,41
2754,2904,13152,13155
2835,2756,13153,13154
2835,2758,13154,13156
2763,2904,13155,13157
2834,2758,13156,13158
2761,2904,13157,13159
2904,2758,13158,13159
2904,2406,13160,13161
2904,2403,13161,13162
2904,2404,13162,13164
2404,2905,13163,13164
2902,2977,13165,13166
2566,2587,13167,13269
2586,7078,13169,13271
7078,2602,13169,13272
7079,2599,13170,13235
2600,7079,13170,13274
2597,2437,13171,13245
1956,7080,13172,13182,6
7080,1957,13172,13173
7080,1953,13173,13179
1954,1951,13174,13175
1954,1949,13175,13176
1954,1947,13176,13177
7081,1947,13177,13405
1954,7081,13177,13180
7080,1946,13178,13183,6
1946,7081,13178,13405
7081,7080,13178,13179
7081,1953,13179,13180
1955,7082,13181,13211,6
7082,7083,13181,13212,6
7083,1955,13181,13186
1956,7084,13182,13406
7084,7080,13182,13188
7080,1945,13183,13188
1945,1943,13184,13189
7083,1942,13185,13821
1943,7083,13185,13186
1943,1955,13186,13187
7084,1955,13187,13406
1943,7084,13187,13189
7084,1945,13188,13189
7085,7086,13190,14212
7086,7083,13190,14213
7083,7085,13190,13213
7087,7088,13191,14225
7088,7085,13191,14212
7085,7087,13191,13192
7089,7087,13192,14211
7085,7089,13192,13193
7090,7089,13193,14210
7085,7090,13193,13214
7091,7092,13194,14208
7092,7090,13194,14209
7090,7091,13194,13195
7093,7091,13195,14207
7090,7093,13195,13215
7094,7095,13196,13263,6
7095,7093,13196,14206
7093,7094,13196,13197
7096,7094,13197,13263,6
7093,7096,13197,13198
7097,7096,13198,13262,6
7093,7097,13198,13199
7098,7097,13199,13261,6
7093,7098,13199,13215
1899,7099,13200,13249,6
7099,7098,13200,13250,6
7098,1899,13200,13201
7098,1974,13201,13216
1973,1970,13202,13218
1971,1968,13203,13219
1968,1966,13204,13205
1968,1965,13205,13206
1968,1964,13206,13207
1968,1962,13207,13219
1963,1960,13208,13209
1963,1959,13209,13220
1959,1955,13210,13211
1959,7082,13211,13212
1959,7083,13212,13213
1959,7085,13213,13214
1959,7090,13214,13220
7090,7098,13215,13216
7090,1974,13216,13217
7090,1973,13217,13218
7090,1970,13218,13221
1971,1962,13219,13222
1963,7090,13220,13221
1963,1970,13221,13223
1970,1962,13222,13223
7100,7101,13224,13243,6
7101,7102,13224,13244,6
7102,7100,13224,13225
7103,7100,13225,13241,6
7102,7103,13225,13226
7104,7103,13226,13230,6
7102,7104,13226,13229
2599,7104,13227,13230,6
7104,2598,13227,13228
7104,2597,13228,13229
7102,2597,13229,13244,6
2599,7103,13230,13236
3091,7105,13231,13259,6
7105,7100,13231,13243,6
7100,3091,13231,13237
3091,3090,13232,13237
7106,7107,13233,13276
7107,7108,13233,13277
7108,7106,13233,13240
7079,7109,13234,13275
7109,7106,13234,13276
7106,7079,13234,13235
7106,2599,13235,13236
7106,7103,13236,13240
7100,3090,13237,13238
7110,3090,13238,13278
7100,7110,13238,13239
7108,7110,13239,13277
7100,7108,13239,13241
7108,7103,13240,13241
7105,7111,13242,13260,6
7111,7098,13242,13261,6
7098,7105,13242,13251
7105,7101,13243,13252
7101,2597,13244,13245
7101,2437,13245,13246
7101,2436,13246,13252
2436,2434,13247,13253
2434,1899,13248,13249
2434,7099,13249,13250
2434,7098,13250,13251
2434,7105,13251,13253
7105,2436,13252,13253
7112,7113,13254,14267
7113,7095,13254,14268
7095,7112,13254,13255
7114,7112,13255,14266
7095,7114,13255,13264
3358,7114,13256,14266
7114,3153,13256,13257
7114,3143,13257,13265
3143,3091,13258,13259
3143,7105,13259,13260
3143,7111,13260,13266
7111,7097,13261,13262
7111,7096,13262,13266
7096,7095,13263,13264
7096,7114,13264,13265
7096,3143,13265,13266
2408,2569,13267,13337
2561,2566,13268,13269
2561,2587,13269,13270
7115,2587,13270,13304,6
2561,7115,13270,13294
2586,7115,13271,13307,6
7115,7078,13271,13295
7116,2602,13272,13309,6
7078,7116,13272,13273
7117,7116,13273,13308,6
7078,7117,13273,13296
2600,7117,13274,13308,6
7117,7079,13274,13275
7117,7109,13275,13297
7109,7107,13276,13298
7107,7110,13277,13278
7107,3090,13278,13279
7107,3088,13279,13280
7107,3013,13280,13281
7107,3012,13281,13282
7107,3011,13282,13283
7107,3010,13283,13284
7107,3008,13284,13299
3009,3007,13285,13301
3007,3003,13286,13302
7118,3004,13287,13319,6
3003,7118,13287,13288
2846,7118,13288,13318,6
3003,2846,13288,13289
3003,2747,13289,13290
3003,2748,13290,13302
7119,2738,13291,13323
2739,7119,13291,13292
2232,7119,13292,13363
2739,2232,13292,13293
2739,2561,13293,13294
2739,7115,13294,13295
2739,7078,13295,13296
2739,7117,13296,13297
2739,7109,13297,13298
2739,7107,13298,13299
2739,3008,13299,13300
2739,3009,13300,13301
2739,3007,13301,13303
3007,2748,13302,13303
7115,2588,13304,13305
7115,2584,13305,13306
7115,2585,13306,13307
2600,7116,13308,13310
7116,2601,13309,13310
3004,7052,13311,13312
3004,7051,13312,13319
7050,3387,13313,13314
7050,3390,13314,13315
7050,3421,13315,13316
7050,3419,13316,13317
7050,2846,13317,13318
7050,7118,13318,13320
7118,7051,13319,13320
2441,2234,13321,13322
7119,2234,13322,13363
2441,7119,13322,13323
2441,2738,13323,13324
2432,2438,13325,13326
2399,7120,13327,13336
7120,2410,13327,13331
2409,2405,13328,13330
2405,2567,13329,13330
2569,2410,13331,13337,41
7120,2569,13331,13332
7120,2568,13332,13333
7120,2395,13333,13334
7120,2185,13334,13335
7120,2186,13335,13336
2246,2391,13338,13349
2387,11,13339,13340
2387,2776,13340,13341
2387,2716,13341,13342
7121,2716,13342,-661
2387,7121,13342,13343
2627,7121,13343,-917
2387,2627,13343,13344
7122,2627,13344,13352
2387,7122,13344,13345
7123,7122,13345,13352
2387,7123,13345,13348
2389,7124,13346,13351
7124,7123,13346,13359
7123,2389,13346,13347
7123,2388,13347,13348
2197,2391,13349,13350
2389,2391,13350,13361,207
2197,2389,13350,13351
2197,7124,13351,13358
7123,2627,13352,13353
7123,2623,13353,13360
2623,2357,13354,13355
2623,2356,13355,13356
7125,2356,13356,13365
2623,7125,13356,13357
7126,7125,13357,13365
2623,7126,13357,13360
2197,7126,13358,13370
7126,7124,13358,13359
7126,7123,13359,13360
2234,2232,13362,13363
7126,2356,13365,13366
7126,2140,13366,13367
7126,2138,13367,13368
7126,2135,13368,13370
2135,2197,13369,13370
2186,2073,13371,13372
2211,2073,13372,13377
2186,2211,13372,13373
2136,1896,13374,13375
2207,2061,13376,13379
2061,1997,13378,13379
1998,1749,13380,13381
1998,1750,13381,13382
1914,7127,13383,13436
7127,1915,13383,13399
1915,1913,13384,13399
1913,1911,13385,13400
1911,2594,13386,13387
1911,2595,13387,13388
1911,2593,13388,13389
1911,2592,13389,13390
1911,2591,13390,13391
1911,2590,13391,13401
2590,2563,13392,13393
2590,2274,13393,13394
2590,1820,13394,13395
2590,1821,13395,13396
2590,1772,13396,13402
7128,1769,13397,13404,6
1772,7128,13397,13398
7127,7128,13398,13437
1772,7127,13398,13402
7127,1913,13399,13400
7127,1911,13400,13401
7127,2590,13401,13402
7129,7130,13403,13434
7130,1769,13403,13425
1769,7129,13403,13404
7128,7129,13404,13433
1896,2144,13407,13409
1881,2142,13408,13411
2144,1881,13408,13409
1514,1881,13410,13411
1514,2142,13411,13414
7131,1988,13412,-920
2142,7131,13412,13413
1986,7131,13413,-920
2142,1986,13413,13414
1514,1986,13414,13449
7132,1792,13415,13423
1329,7132,13415,13416
7133,7132,13416,13422
1329,7133,13416,13417
1730,7133,13417,13421
1329,1730,13417,13419
1730,1330,13418,13419
1791,1730,13420,13421
1791,7133,13421,13422
1791,7132,13422,13423
1791,1792,13423,13424
7130,1770,13425,13434
1770,1773,13426,13427
7134,1773,13427,13561
1770,7134,13427,13428
7135,7134,13428,13561
1770,7135,13428,13429
1918,7135,13429,13560
1770,1918,13429,13430
1770,1916,13430,13431
1770,1914,13431,13435
7128,7136,13432,13437,6
7136,1914,13432,13436,6
1914,7128,13432,13433
1914,7129,13433,13435
7129,1770,13434,13435
7136,7127,13436,13437
1732,1701,13438,13439
1724,1731,13440,13441
1724,1809,13441,13442
1551,1010,13445,13446
1551,1009,13446,13447
1514,1816,13449,13450
1514,1634,13450,13453
1631,1517,13451,13452
1631,1516,13452,13454
1516,1634,13453,13454
1415,1412,13455,13460
1412,1427,13456,13457
7137,1427,13457,-16984
1412,7137,13457,13458
384,7137,13458,-29522
1412,384,13458,13459
1412,382,13459,13460
1339,1306,13461,13466
1306,1338,13461,13462
1306,1474,13462,13463
1306,1370,13463,13464
1306,1252,13464,13465
1309,1306,13466,13467
1219,1305,13468,13469
1219,1384,13469,13470
1219,1253,13470,13471
1244,1222,13472,13473
1232,1067,13474,13516
1067,1233,13474,13475
964,1218,13476,13477
964,1256,13477,13478
964,1271,13478,13479
964,1162,13479,13483
1162,967,13480,13481
1162,965,13481,13482
1162,966,13482,13483
1033,1022,13484,13496
1022,1139,13485,13486
1022,1136,13486,13497
7138,1137,13487,13489,178
1136,7138,13487,13497
7139,7140,13488,13499,178
7140,7138,13488,13489,178
7138,7139,13488,13498
7140,1137,13489,13490
1320,1137,13490,13502
7140,1320,13490,13491
7140,1312,13491,13492
7140,1311,13492,13493
7140,1129,13493,13494
7140,1130,13494,13495
7140,808,13495,13499
811,1022,13496,13501
1022,7138,13497,13498
1022,7139,13498,13501
7139,808,13499,13500
7139,811,13500,13501
1122,1124,13503,13509
1168,1190,13504,13511
1190,1187,13505,13506
1190,1184,13506,13507
1190,1185,13507,13511
1185,1122,13508,13509
1185,1124,13509,13510
1185,1168,13510,13511
7141,1092,13512,13634
1091,7141,13512,13633
7142,7143,13513,13525
7143,1056,13513,13526
1056,7142,13513,13519
1234,7142,13514,13524
7142,1231,13514,13515
7142,1232,13515,13516
7142,1067,13516,13517
7142,1069,13517,13518
7142,1068,13518,13519
7144,7145,13520,13591
7145,995,13520,13592
995,7144,13520,13521
7146,7144,13521,13570
995,7146,13521,13522
7147,7146,13522,13569
995,7147,13522,13527
1235,7147,13523,13569
7147,1234,13523,13524
7147,7142,13524,13525
7147,7143,13525,13526
7147,1056,13526,13527
7148,985,13528,13641
1055,7148,13528,13529
7149,7148,13529,13640
1055,7149,13529,13572
1110,7150,13530,13639
7150,7149,13530,13640
7149,1110,13530,13531
7149,1111,13531,13532
7149,1107,13532,13533
7149,1108,13533,13534
7149,1106,13534,13535
7149,1105,13535,13536
7149,1102,13536,13573
1103,1100,13537,13538
1103,1101,13538,13539
1103,1099,13539,13574
1099,1097,13540,13541
7151,1097,13541,13629
1099,7151,13541,13542
7152,7151,13542,13628
1099,7152,13542,13543
7153,7152,13543,13627
1099,7153,13543,13575
7154,7155,13544,13625
7155,7156,13544,13626
7156,7154,13544,13545
7157,7154,13545,13624
7156,7157,13545,13546
1592,7157,13546,13623
7156,1592,13546,13547
7156,1593,13547,13577
1596,7158,13548,-2278
7158,1593,13548,-2278
1593,1596,13548,13549
1593,1595,13549,13577
1582,1584,13550,13590
1584,1586,13551,13579
1586,1926,13552,13553
1586,1925,13553,13554
1586,1924,13554,13555
1586,1923,13555,13556
1586,1921,13556,13557
1586,1922,13557,13579
1922,1919,13558,13559
1922,1917,13559,13580
1917,7135,13560,13581
7135,1773,13561,13562
7159,1773,13562,13564,6
7135,7159,13562,13563
7160,7159,13563,13583,6
7135,7160,13563,13582
7159,1437,13564,13565
7159,1438,13565,13583
1438,1238,13566,13567
1438,1236,13567,13568
1438,1235,13568,13584
1235,7146,13569,13585
996,7144,13570,13591
7146,996,13570,13571
7146,1055,13571,13572
7146,7149,13572,13573
7146,1102,13573,13586
1102,1099,13574,13575
1102,7153,13575,13576
7156,7153,13576,13626
1102,7156,13576,13587
7156,1595,13577,13578
7156,1583,13578,13588
1584,1922,13579,13580
1584,1917,13580,13581
1584,7135,13581,13582
1584,7160,13582,13590
7160,1438,13583,13584
7160,1235,13584,13585
7160,7146,13585,13586
7160,1102,13586,13587
7160,7156,13587,13588
7160,1583,13588,13589
7160,1582,13589,13590
996,7145,13591,13595
7145,991,13592,13593
7145,992,13593,13595
992,996,13594,13595
7161,7162,13596,13836
7162,7163,13596,13837
7163,7161,13596,13597
7164,7161,13597,13835
7163,7164,13597,13598
7165,7164,13598,13834
7163,7165,13598,13712
7166,7167,13599,13931
7167,7168,13599,13833
7168,7166,13599,13600
7169,7166,13600,13965
7168,7169,13600,13758
7170,7171,13601,13831
7171,7172,13601,13832
7172,7170,13601,13602
7173,7170,13602,13831
7172,7173,13602,13603
7174,7173,13603,13929
7172,7174,13603,13604
7175,7174,13604,13830
7172,7175,13604,13713
7176,7177,13605,13827
7177,7178,13605,13828
7178,7176,13605,13606
7179,7176,13606,13826
7178,7179,13606,13714
7180,7181,13607,13963
7181,7179,13607,13826
7179,7180,13607,13608
7182,7180,13608,13927
7179,7182,13608,13714
7183,7184,13609,13825
7184,7182,13609,13926
7182,7183,13609,13715
1940,7185,13610,13823
7185,7186,13610,13824
7186,1940,13610,13611
7186,1939,13611,13612
7186,1938,13612,13613
7186,1937,13613,13614
7186,1936,13614,13615
7186,1935,13615,13616
7186,1934,13616,13717
1934,1931,13617,13718
1932,1930,13618,13719
1930,1927,13619,13620
1930,1590,13620,13621
1930,1591,13621,13622
1930,1592,13622,13623
1930,7157,13623,13624
1930,7154,13624,13625
1930,7155,13625,13719
7155,7153,13626,13627
7155,7152,13627,13628
7155,7151,13628,13629
7155,1097,13629,13630
7155,1096,13630,13720
1096,1094,13631,13721
7187,1091,13632,13633,6
1094,7187,13632,13722
7187,7141,13633,13763
7188,1092,13634,13778,6
7141,7188,13634,13723
1093,7188,13635,13778,6
7188,1116,13635,13636
7188,1113,13636,13637
7188,1114,13637,13723
1114,1109,13638,13724
1109,7150,13639,13725
7150,7148,13640,13641
7150,985,13641,13642
7150,986,13642,13643
7150,983,13643,13644
7150,984,13644,13645
7150,981,13645,13646
7150,982,13646,13725
982,980,13647,13726
980,977,13648,13649
980,975,13649,13727
976,973,13650,13728
973,970,13651,13729
7189,917,13652,13902
970,7189,13652,13653
7190,7189,13653,13901
970,7190,13653,13730
7191,7192,13654,13900
7192,7190,13654,13901
7190,7191,13654,13731
7193,7194,13655,13899
7194,7191,13655,13900
7191,7193,13655,13732
7195,7196,13656,13975
7196,7193,13656,13899
7193,7195,13656,13657
7197,7195,13657,13986
7193,7197,13657,13733
7198,7199,13658,13897
7199,7200,13658,13898
7200,7198,13658,13735
7201,7202,13659,13955
7202,7198,13659,13897
7198,7201,13659,13660
7203,7201,13660,13896
7198,7203,13660,13661
7204,7203,13661,13896
7198,7204,13661,13662
7205,7204,13662,13954
7198,7205,13662,13663
7206,7205,13663,13895
7198,7206,13663,13664
7207,7206,13664,13894
7198,7207,13664,13736
7208,7209,13665,13892
7209,7207,13665,13893
7207,7208,13665,13737
7210,7211,13666,13891
7211,7208,13666,13892
7208,7210,13666,13738
7212,7213,13667,13889
7213,7210,13667,13890
7210,7212,13667,13739
7214,7215,13668,13887
7215,7212,13668,13888
7212,7214,13668,13740
7216,7217,13669,13886
7217,7214,13669,13887
7214,7216,13669,13670
7218,7216,13670,13886
7214,7218,13670,13740
7219,7220,13671,13885
7220,7218,13671,13972
7218,7219,13671,13741
7221,7222,13672,13883
7222,7219,13672,13884
7219,7221,13672,13742
7223,7224,13673,13952
7224,7225,13673,13882
7225,7223,13673,13674
7226,7223,13674,13951
7225,7226,13674,13675
7227,7226,13675,13881
7225,7227,13675,13676
7228,7227,13676,13881
7225,7228,13676,13677
7229,7228,13677,13880
7225,7229,13677,13678
7230,7229,13678,13879
7225,7230,13678,13744
7231,7232,13679,13878
7232,7230,13679,13879
7230,7231,13679,13745
7233,7234,13680,13877
7234,7231,13680,13878
7231,7233,13680,13681
7235,7233,13681,13876
7231,7235,13681,13745
7236,7237,13682,13875
7237,7235,13682,13876
7235,7236,13682,13746
7238,7239,13683,13991
7239,7236,13683,13875
7236,7238,13683,13684
7240,7238,13684,13947
7236,7240,13684,13685
7241,7240,13685,13946
7236,7241,13685,13686
7242,7241,13686,13874
7236,7242,13686,13687
7243,7242,13687,13873
7236,7243,13687,13688
7244,7243,13688,13872
7236,7244,13688,13689
7245,7244,13689,13871
7236,7245,13689,13747
7246,7247,13690,13870
7247,7245,13690,13871
7245,7246,13690,13748
7248,7249,13691,13869
7249,7246,13691,13870
7246,7248,13691,13692
7250,7248,13692,13868
7246,7250,13692,13749
7251,7252,13693,13866
7252,7253,13693,13867
7253,7251,13693,13694
7254,7251,13694,13865
7253,7254,13694,13751
7255,7256,13695,13942
7256,7257,13695,13864
7257,7255,13695,13696
7258,7255,13696,13863
7257,7258,13696,13697
7259,7258,13697,13862
7257,7259,13697,13752
7260,7261,13698,13861
7261,7259,13698,13862
7259,7260,13698,13699
7262,7260,13699,13860
7259,7262,13699,13752
7263,7264,13700,13983
7264,7265,13700,13859
7265,7263,13700,13701
7266,7263,13701,13858
7265,7266,13701,13702
7267,7266,13702,13857
7265,7267,13702,13753
7268,7269,13703,13856
7269,7267,13703,13857
7267,7268,13703,13704
7270,7268,13704,13855
7267,7270,13704,13754
7271,7272,13705,13779,6
7272,7270,13705,13855
7270,7271,13705,13755
7273,7274,13706,14187
7274,7271,13706,13779,6
7271,7273,13706,13707
7275,7273,13707,14188
7271,7275,13707,13708
7276,7275,13708,13711,6
7271,7276,13708,13755
7277,7278,13709,13710,6
7278,7276,13709,13756,6
7276,7277,13709,13770
7277,7279,13710,13775,6
7279,7278,13710,13771
7280,7275,13711,13838
7276,7280,13711,13756
7163,7280,13712,13837
7280,7165,13712,13757
7172,7169,13713,13832
7169,7175,13713,13758
7178,7182,13714,13715
7178,7183,13715,13716
7186,7183,13716,13824
7178,7186,13716,13717
7178,1934,13717,13718
7178,1931,13718,13761
1932,7155,13719,13720
1932,1096,13720,13721
1932,1094,13721,13722
1932,7187,13722,13762
7141,1114,13723,13724
7141,1109,13724,13763
1109,982,13725,13726
1109,980,13726,13727
1109,975,13727,13764
975,973,13728,13729
975,970,13729,13730
975,7190,13730,13731
975,7191,13731,13732
975,7193,13732,13733
975,7197,13733,13734
7200,7197,13734,13898
975,7200,13734,13735
975,7198,13735,13736
975,7207,13736,13737
975,7208,13737,13738
975,7210,13738,13739
975,7212,13739,13765
7212,7218,13740,13741
7212,7219,13741,13742
7212,7221,13742,13743
7225,7221,13743,13882
7212,7225,13743,13744
7212,7230,13744,13766
7230,7235,13745,13746
7230,7236,13746,13747
7230,7245,13747,13748
7230,7246,13748,13749
7230,7250,13749,13750
7253,7250,13750,13867
7230,7253,13750,13751
7230,7254,13751,13766
7257,7262,13752,13767
7265,7262,13753,13859
7262,7267,13753,13754
7262,7270,13754,13768
7270,7276,13755,13769
7278,7280,13756,13757
7278,7165,13757,13771
7168,7175,13758,13759
7281,7175,13759,13829
7168,7281,13759,13760
7178,7281,13760,13828
7168,7178,13760,13761
7168,1931,13761,13772
1931,7187,13762,13773
7187,1109,13763,13764
7187,975,13764,13765
7187,7212,13765,13777
7212,7254,13766,13774
7257,7254,13767,13864
7254,7262,13767,13768
7254,7270,13768,13769
7254,7276,13769,13770
7254,7277,13770,13774
7279,7165,13771,13776
7168,7165,13772,13833
7165,1931,13772,13773
7165,7187,13773,13776
7212,7277,13774,13775
7212,7279,13775,13777
7279,7187,13776,13777
7274,7272,13779,13780
7282,7272,13780,13841
7274,7282,13780,13840
923,921,13781,14416
7283,7284,13782,14014,6
7284,7285,13782,14015,6
7285,7283,13782,13783
7286,7283,13783,14021,6
7285,7286,13783,13784
7287,7286,13784,14021,6
7285,7287,13784,13785
7288,7287,13785,14020,6
7285,7288,13785,13786
7289,7288,13786,14019,6
7285,7289,13786,13908
7290,7291,13787,13796,6
7291,7292,13787,14043,6
7292,7290,13787,13788
7293,7290,13788,13796,6
7292,7293,13788,13789
7294,7293,13789,13795,6
7292,7294,13789,13790
7295,7294,13790,13794,6
7292,7295,13790,13791
7296,7295,13791,13794,6
7292,7296,13791,13792
7297,7296,13792,13793,6
7292,7297,13792,13910
7297,7298,13793,13911,6
7298,7296,13793,13912
7296,7294,13794,13795
7296,7293,13795,13912
7293,7291,13796,13913
7299,7300,13797,14055,6
7300,7301,13797,14042,6
7301,7299,13797,13798
7302,7299,13798,14041,6
7301,7302,13798,13914
7303,7304,13799,14093,6
7304,7302,13799,14040,6
7302,7303,13799,13800
7305,7303,13800,14092,6
7302,7305,13800,13801
7306,7305,13801,14091,6
7302,7306,13801,13915
7307,7308,13802,14090,6
7308,7306,13802,14091,6
7306,7307,13802,13916
7309,7310,13803,14087,6
7310,7311,13803,13996,6
7311,7309,13803,13917
2946,7309,13804,14086,6
7309,7054,13804,13805
7309,2944,13805,13806
7312,2944,13806,14250,6
7309,7312,13806,13917
2940,7313,13807,14248,6
7313,3510,13807,13808
7313,3512,13808,13809
7313,3508,13809,13810
7313,3509,13810,13811
7313,3507,13811,13918
3507,3328,13812,13919
7314,3352,13813,14220,6
3329,7314,13813,13814
7315,7314,13814,14229,6
3329,7315,13814,13815
7316,7315,13815,14219,6
3329,7316,13815,13921
7317,7318,13816,14232,6
7318,7316,13816,14219,6
7316,7317,13816,13817
7319,7317,13817,14218,6
7316,7319,13817,13921
7320,7321,13818,14228,6
7321,7319,13818,14218,6
7319,7320,13818,13819
7322,7320,13819,14227,6
7319,7322,13819,13922
7323,7324,13820,14216,6
7324,7322,13820,14217,6
7322,7323,13820,13923
7083,1941,13821,13822
7083,1940,13822,13823
7083,7185,13823,13924
7185,7183,13824,13825
7185,7184,13825,13925
7181,7176,13826,13827
7181,7177,13827,13928
7177,7281,13828,13829
7177,7175,13829,13830
7177,7174,13830,13928
7173,7171,13831,13930
7171,7169,13832,13930
7167,7165,13833,13834
7167,7164,13834,13835
7167,7161,13835,13836
7167,7162,13836,13931
7162,7280,13837,13838
7162,7275,13838,13839
7325,7275,13839,14188,6
7162,7325,13839,13932
7274,7325,13840,14187,6
7325,7282,13840,13933
7326,7272,13841,13939,6
7282,7326,13841,13934
7327,7328,13842,13854,6
7328,7326,13842,13968,6
7326,7327,13842,13966
7329,7330,13843,13853,6
7330,7327,13843,13854,6
7327,7329,13843,13935
7331,7332,13844,13852,6
7332,7329,13844,13853,6
7329,7331,13844,13935
7333,7334,13845,13850,6
7334,7335,13845,13851,6
7335,7333,13845,13936
7336,7337,13846,13848,6
7337,7333,13846,13849,6
7333,7336,13846,13981
7336,7338,13847,13989,6
7338,7339,13847,14000,6
7339,7336,13847,13848
7339,7337,13848,13849
7339,7333,13849,13850
7339,7334,13850,13937
7331,7335,13851,13936,6
7334,7331,13851,13852
7334,7332,13852,13937
7332,7330,13853,13938
7330,7328,13854,13982
7272,7268,13855,13856
7272,7269,13856,13939
7269,7266,13857,13858
7269,7263,13858,13940
7264,7262,13859,13860
7264,7260,13860,13861
7264,7261,13861,13941
7261,7258,13862,13863
7261,7255,13863,13941
7256,7254,13864,13865
7256,7251,13865,13866
7256,7252,13866,13942
7252,7250,13867,13868
7252,7248,13868,13869
7252,7249,13869,13943
7249,7247,13870,13944
7247,7244,13871,13872
7247,7243,13872,13873
7247,7242,13873,13874
7247,7241,13874,13945
7239,7237,13875,13948
7237,7233,13876,13877
7237,7234,13877,13948
7234,7232,13878,13949
7232,7229,13879,13880
7232,7228,13880,13949
7228,7226,13881,13950
7224,7221,13882,13883
7224,7222,13883,13884
7224,7219,13884,13885
7224,7220,13885,13952
7218,7217,13886,13973
7217,7215,13887,13888
7217,7212,13888,13889
7217,7213,13889,13890
7217,7210,13890,13891
7217,7211,13891,13953
7211,7209,13892,13893
7211,7207,13893,13894
7211,7206,13894,13895
7211,7205,13895,13953
7204,7201,13896,13974
7202,7199,13897,13955
7199,7197,13898,13992
7196,7194,13899,13956
7194,7192,13900,13956
7192,7189,13901,13957
7189,918,13902,13903
7189,915,13903,13904
7189,913,13904,13905
7189,914,13905,13958
914,911,13906,13959
7285,912,13907,14015,6
911,7285,13907,13908
911,7289,13908,13909
7292,7289,13909,14019,6
911,7292,13909,13910
911,7297,13910,13911
911,7298,13911,13960
7298,7293,13912,13913
7298,7291,13913,13995
7301,7291,13914,14042,6
7291,7302,13914,13915
7291,7306,13915,13916
7291,7307,13916,13998
7311,7312,13917,13961
7313,7312,13918,14249,6
7312,3507,13918,13919
7312,3328,13919,13920
7312,3329,13920,13961
3329,7319,13921,13922
3329,7322,13922,13923
3329,7323,13923,13988
7083,7340,13924,14213,6
7340,7185,13924,13925
7340,7184,13925,13926
7340,7182,13926,13927
7340,7180,13927,13962
7181,7174,13928,13929
7181,7173,13929,13964
7173,7169,13930,13978
7166,7162,13931,13932
7166,7325,13932,13933
7166,7282,13933,13934
7166,7326,13934,13965
7327,7331,13935,13967
7331,7333,13936,13980
7339,7332,13937,13938
7339,7330,13938,13990
7326,7269,13939,13940
7326,7263,13940,13968
7264,7255,13941,13969
7255,7252,13942,13943
7255,7249,13943,13944
7255,7247,13944,13945
7255,7241,13945,13946
7255,7240,13946,13947
7255,7238,13947,13969
7239,7234,13948,13970
7234,7228,13949,13950
7234,7226,13950,13951
7234,7223,13951,13970
7223,7220,13952,13971
7217,7205,13953,13954
7217,7204,13954,13973
7201,7199,13955,13994
7196,7192,13956,13957
7196,7189,13957,13958
7196,914,13958,13959
7196,911,13959,13960
7196,7298,13960,13975
7311,3329,13961,13993
7340,7341,13962,14214,6
7341,7180,13962,13963
7341,7181,13963,13964
7341,7173,13964,13977
7169,7326,13965,13966
7169,7327,13966,13967
7169,7331,13967,13979
7328,7263,13968,13982
7264,7238,13969,13984
7239,7223,13970,13971
7239,7220,13971,13972
7239,7218,13972,13985
7218,7204,13973,13974
7218,7201,13974,13985
7195,7298,13975,13976
7342,7298,13976,13987,6
7195,7342,13976,13986
7341,7323,13977,14215,6
7323,7173,13977,13978
7323,7169,13978,13979
7323,7331,13979,13980
7323,7333,13980,13981
7323,7336,13981,13988
7330,7263,13982,13983
7330,7264,13983,13984
7330,7238,13984,13990
7239,7201,13985,13997
7197,7342,13986,13987
7197,7298,13987,13992
3329,7336,13988,13989
3329,7338,13989,13993
7339,7238,13990,13991
7339,7239,13991,14001
7199,7298,13992,13994
7311,7338,13993,13996
7201,7298,13994,13995
7201,7291,13995,13997
7310,7338,13996,13999
7239,7291,13997,13998
7239,7307,13998,14001
7310,7343,13999,14088,6
7343,7338,13999,14000
7343,7339,14000,14002
7339,7307,14001,14002
7343,7307,14002,14089,6
912,927,14003,14004
7344,927,14004,14364
912,7344,14004,14005
7345,7344,14005,14363
912,7345,14005,14016
657,7345,14006,14362
7345,656,14006,14017
656,646,14007,14008
7346,646,14008,14027,6
656,7346,14008,14009
7347,7346,14009,14026,6
656,7347,14009,14010
7348,7347,14010,14025,6
656,7348,14010,14011
7349,7348,14011,14024,6
656,7349,14011,14012
7350,7349,14012,14023,6
656,7350,14012,14018
7283,7351,14013,14022,6
7351,7350,14013,14023,6
7350,7283,14013,14014
7350,7284,14014,14018
7284,912,14015,14016
7284,7345,14016,14017
7284,656,14017,14018
7292,7288,14019,14020
7292,7287,14020,14057
7287,7283,14021,14022
7287,7351,14022,14058
7351,7349,14023,14024
7351,7348,14024,14025
7351,7347,14025,14026
7351,7346,14026,14044
7346,644,14027,14028
7346,643,14028,14044
641,638,14029,14048
638,636,14030,14031
638,635,14031,14048
7352,634,14032,14100,6
633,7352,14032,14033
7353,7352,14033,14099,6
633,7353,14033,14049
7354,7355,14034,14098,6
7355,7356,14034,14133,6
7356,7354,14034,14052
7357,7358,14035,14097,6
7358,7354,14035,14098,6
7354,7357,14035,14052
7359,7360,14036,14096,6
7360,7357,14036,14097,6
7357,7359,14036,14053
7361,7362,14037,14095,6
7362,7359,14037,14096,6
7359,7361,14037,14054
7363,7364,14038,14094,6
7364,7361,14038,14095,6
7361,7363,14038,14039
7304,7363,14039,14093,6
7361,7304,14039,14040
7361,7302,14040,14041
7361,7299,14041,14054
7300,7291,14042,14043
7300,7292,14043,14056
7351,643,14044,14045
7351,642,14045,14046
7351,640,14046,14047
7351,641,14047,14059
641,635,14048,14060
635,7353,14049,14050
7365,7353,14050,14099,6
635,7365,14050,14051
7356,7365,14051,14128,6
635,7356,14051,14061
7356,7357,14052,14053
7356,7359,14053,14061
7359,7299,14054,14055
7359,7300,14055,14056
7359,7292,14056,14057
7359,7287,14057,14058
7359,7351,14058,14059
7359,641,14059,14060
7359,635,14060,14061
631,628,14062,14063,6
631,634,14063,14498
634,628,14063,14064
7366,628,14064,14477
634,7366,14064,14100
7367,7368,14065,14493
7368,7366,14065,14477
7366,7367,14065,14101
7369,7370,14066,14475
7370,7371,14066,14476
7371,7369,14066,14121
7372,7373,14067,14474
7373,7369,14067,14475
7369,7372,14067,14129
7374,7375,14068,14473
7375,7372,14068,14474
7372,7374,14068,14122
7376,7377,14069,14472
7377,7374,14069,14473
7374,7376,14069,14103
7378,7379,14070,14471
7379,7376,14070,14472
7376,7378,14070,14103
7380,7381,14071,14470
7381,7378,14071,14471
7378,7380,14071,14104
7382,7383,14072,14469
7383,7380,14072,14470
7380,7382,14072,14131
7384,7385,14073,14486
7385,7386,14073,14468
7386,7384,14073,14105
7387,7388,14074,14467
7388,7384,14074,14485
7384,7387,14074,14075
7389,7387,14075,14466
7384,7389,14075,14105
7390,7391,14076,14464
7391,7389,14076,14465
7389,7390,14076,14106
7392,7393,14077,14461
7393,7394,14077,14462
7394,7392,14077,14078
7395,7392,14078,14158,6
7394,7395,14078,14079
7396,7395,14079,14157,6
7394,7396,14079,14107
7397,7398,14080,14155,6
7398,7399,14080,14156,6
7399,7397,14080,14109
7400,7401,14081,14154,6
7401,7397,14081,14155,6
7397,7400,14081,14109
7402,7403,14082,14153,6
7403,7400,14082,14154,6
7400,7402,14082,14110
7404,7405,14083,14151,6
7405,7406,14083,14152,6
7406,7404,14083,14127
2908,7407,14084,14150,6
7407,2909,14084,14085
7407,2910,14085,14112
2910,7309,14086,14087
2910,7310,14087,14088
2910,7343,14088,14089
2910,7307,14089,14090
2910,7308,14090,14113
7308,7305,14091,14092
7308,7303,14092,14114
7303,7363,14093,14094
7303,7364,14094,14115
7364,7362,14095,14116
7362,7360,14096,14117
7360,7358,14097,14118
7358,7355,14098,14119
7365,7352,14099,14120
7352,7366,14100,14101
7352,7367,14101,14102
7371,7367,14102,14476
7352,7371,14102,14120
7374,7378,14103,14104
7374,7380,14104,14122
7386,7389,14105,14106
7386,7390,14106,14123
7394,7408,14107,14462
7408,7396,14107,14108
7399,7396,14108,14156,6
7408,7399,14108,14125
7399,7400,14109,14110
7399,7402,14110,14111
7406,7402,14111,14152,6
7399,7406,14111,14126
7407,7404,14112,14151,6
7404,2910,14112,14113
7404,7308,14113,14114
7404,7303,14114,14115
7404,7364,14115,14116
7404,7362,14116,14117
7404,7360,14117,14118
7404,7358,14118,14119
7404,7355,14119,14127
7365,7371,14120,14121
7365,7369,14121,14128
7372,7380,14122,14130
7386,7382,14123,14468
7382,7390,14123,14124
7408,7390,14124,14463
7382,7408,14124,14125
7382,7399,14125,14126
7382,7406,14126,14132
7406,7355,14127,14132
7356,7369,14128,14129
7356,7372,14129,14130
7356,7380,14130,14131
7356,7382,14131,14133
7382,7355,14132,14133
7409,7410,14134,14460
7410,7411,14134,14159,6
7411,7409,14134,14135
7412,7409,14135,14459
7411,7412,14135,14136
7413,7412,14136,14459
7411,7413,14136,14137
7414,7413,14137,14458
7411,7414,14137,14160,6
7415,7060,14138,14324,6
7074,7415,14138,14139
2925,7415,14139,14324,6
7074,2925,14139,14140
7074,2923,14140,14141
7074,2920,14141,14142
7074,2921,14142,14143
7074,2922,14143,14144
7074,2918,14144,14145
7074,2919,14145,14146
7074,2916,14146,14147
7074,2917,14147,14148
7074,2915,14148,14149
7074,2914,14149,14175
2914,7407,14150,14176
7407,7405,14151,14177
7405,7402,14152,14153
7405,7403,14153,14178
7403,7401,14154,14179
7401,7398,14155,14180
7398,7396,14156,14157
7398,7395,14157,14181
7416,7392,14158,14503
7395,7416,14158,14182
7410,7416,14159,14503
7416,7411,14159,14160
7416,7414,14160,14161
7417,7414,14161,14502
7416,7417,14161,14183
7418,7419,14162,-1
7419,7420,14162,14500
7420,7418,14162,14163
7421,7418,14163,14189,6
7420,7421,14163,14185
7422,7423,14164,-1
7423,7421,14164,14189,6
7421,7422,14164,14165
7424,7422,14165,14236,6
7421,7424,14165,14185
7425,7426,14166,14235,6
7426,7424,14166,14236,6
7424,7425,14166,14186
7427,7428,14167,14244,6
7428,7425,14167,14235,6
7425,7427,14167,14168
7429,7427,14168,14234,6
7425,7429,14168,14169
3479,7429,14169,14234,6
7425,3479,14169,14170
7425,6978,14170,14171
7425,6977,14171,14172
7425,6975,14172,14173
7059,6975,14173,14322,6
7425,7059,14173,14174
7425,7074,14174,14175
7425,2914,14175,14176
7425,7407,14176,14177
7425,7405,14177,14178
7425,7403,14178,14179
7425,7401,14179,14180
7425,7398,14180,14181
7425,7395,14181,14182
7425,7416,14182,14183
7425,7417,14183,14184
7420,7417,14184,14501
7425,7420,14184,14186
7420,7424,14185,14186
7273,7325,14187,14188
7423,7418,14189,-1
7000,6998,14190,14191
7000,6999,14191,14192
7000,7001,14192,14221
3344,3347,14193,14283,6
7001,3344,14193,14194
7001,3664,14194,14195
7001,3541,14195,14196
7001,3538,14196,14197
7001,3539,14197,14198
7001,3540,14198,14222
3551,3548,14199,14224
7430,3549,14200,14307,6
3548,7430,14200,14201
7431,7430,14201,14271,6
3548,7431,14201,14202
7432,7431,14202,14271,6
3548,7432,14202,14203
7433,7432,14203,14270,6
3548,7433,14203,14204
7434,7433,14204,14269,6
3548,7434,14204,14205
7095,7434,14205,14268,6
3548,7095,14205,14206
3548,7093,14206,14207
3548,7091,14207,14208
3548,7092,14208,14209
3548,7090,14209,14210
3548,7089,14210,14211
3548,7087,14211,14224
7088,7086,14212,14226
7086,7340,14213,14214
7086,7341,14214,14215
7086,7323,14215,14216
7086,7324,14216,14217
7086,7322,14217,14226
7321,7317,14218,14228
7318,7315,14219,14233
7314,7000,14220,14221
7314,7001,14221,14222
7314,3540,14222,14223
7314,3551,14223,14229
3551,7087,14224,14225
3551,7088,14225,14230
7088,7322,14226,14227
7088,7320,14227,14230
7320,7317,14228,14231
7315,3551,14229,14233
3551,7320,14230,14231
3551,7317,14231,14232
3551,7318,14232,14233
3479,7427,14234,14243
7428,7426,14235,14245
7426,7422,14236,14237
3488,7422,14237,-1
7426,3488,14237,14238
7426,3487,14238,14239
7426,3486,14239,14240
7426,3485,14240,14241
7426,3484,14241,14245
3483,3479,14242,14243
3483,7427,14243,14244
3483,7428,14244,14246
7428,3484,14245,14246
2945,2940,14247,14248
2945,7313,14248,14249
2945,7312,14249,14250
3859,7435,14251,14304,6
7435,7436,14251,14305,6
7436,3859,14251,14252
7436,3366,14252,14253
7436,3368,14253,14274
3369,3371,14254,14276
3373,7437,14255,-2277
7437,3371,14255,-2277
3371,3373,14255,14256
3371,3375,14256,14277
3375,3378,14257,14258
3375,3377,14258,14259
3375,3376,14259,14277
3376,3381,14260,14261
3376,3380,14261,14278
3383,3386,14262,14263
7438,3386,14263,-2277
3383,7438,14263,14264
3384,7438,14264,-2277
3383,3384,14264,14265
3383,3358,14265,14279
3358,7112,14266,14267
3358,7113,14267,14279
7113,7434,14268,14269
7113,7433,14269,14270
7113,7432,14270,14280
7432,7430,14271,14272
7439,7430,14272,14306,6
7432,7439,14272,14273
7436,7439,14273,14305,6
7432,7436,14273,14274
7432,3368,14274,14275
7432,3369,14275,14276
7432,3371,14276,14281
3371,3376,14277,14278
3371,3380,14278,14281
3383,7113,14279,14280
3383,7432,14280,14282
7432,3380,14281,14282
7003,7440,14284,14321,6
7440,7032,14284,14285
7440,7035,14285,14286
7440,7036,14286,14313
7036,7029,14287,14288
7036,7030,14288,14314
7030,7033,14289,14290
7441,7033,14290,14338,6
7030,7441,14290,14291
7442,7441,14291,14337,6
7030,7442,14291,14315
7443,7444,14292,14335,6
7444,7442,14292,14336,6
7442,7443,14292,14315
4042,7445,14293,14333,6
7445,4043,14293,14294
7445,4044,14294,14295
7445,4040,14295,14296
7445,4041,14296,14297
7445,3867,14297,14298
7445,3865,14298,14299
7445,3864,14299,14300
7445,3862,14300,14301
7445,3863,14301,14316
3863,3861,14302,14317
3861,3858,14303,14317
3858,7435,14304,14318
7435,7439,14305,14306
7435,7430,14306,14307
7435,3549,14307,14308
7435,6973,14308,14309
7435,6972,14309,14310
7435,6970,14310,14311
7435,7002,14311,14312
7440,7002,14312,14321,6
7435,7440,14312,14313
7435,7036,14313,14314
7435,7030,14314,14319
7030,7443,14315,14319
7445,7443,14316,14334,6
7443,3863,14316,14320
3863,3858,14317,14318
3863,7435,14318,14320
7435,7443,14319,14320
7060,2925,14323,14324
7033,7043,14325,14326
7033,4274,14326,14327
7033,4273,14327,14338
4273,4265,14328,14329
4273,4229,14329,14330
4273,4228,14330,14331
4273,4226,14331,14339
4226,4042,14332,14333
4226,7445,14333,14334
4226,7443,14334,14335
4226,7444,14335,14336
4226,7442,14336,14337
4226,7441,14337,14339
7441,4273,14338,14339
7446,900,14340,14348,6
901,7446,14340,14341
7447,7446,14341,14387
901,7447,14341,14342
7448,7447,14342,14386
901,7448,14342,14346
7449,7450,14343,14385
7450,7448,14343,14386
7448,7449,14343,14344
7451,7449,14344,14384
7448,7451,14344,14346
897,7452,14345,14440
7452,901,14345,14347
901,7451,14346,14347
7452,7451,14347,14383
7446,899,14348,14349
7453,899,14349,14372
7446,7453,14349,14350
7454,7453,14350,14372
7446,7454,14350,14371
7455,7456,14351,14429
7456,890,14351,14354,6
890,7455,14351,14352
787,7455,14352,14428
7457,7458,14353,14434
7458,899,14353,14375,6
899,7457,14353,14373
7456,7457,14354,14434
7457,890,14354,14355
7457,664,14355,14356
7457,662,14356,14357
7457,663,14357,14374
663,660,14358,14359
663,659,14359,14360
663,658,14360,14361
663,657,14361,14362
663,7345,14362,14363
663,7344,14363,14364
663,927,14364,14365
7459,927,14365,14379,6
663,7459,14365,14366
7460,7459,14366,14379,6
663,7460,14366,14367
7461,7460,14367,14389,6
663,7461,14367,14368
7462,7461,14368,14388,6
663,7462,14368,14369
7463,7462,14369,14378,6
663,7463,14369,14370
7446,7463,14370,14378,6
663,7446,14370,14371
663,7454,14371,14374
7454,899,14372,14373
7454,7457,14373,14374
7458,898,14375,14377
7464,895,14376,14413
898,7464,14376,14377
7458,7464,14377,14412
7446,7462,14378,14387
7460,927,14379,14380
7460,928,14380,14381
7460,926,14381,14390
7452,924,14382,14440
925,7452,14382,14383
925,7451,14383,14384
925,7449,14384,14385
925,7450,14385,14391
7450,7447,14386,14392
7447,7462,14387,14388
7447,7461,14388,14389
7447,7460,14389,14390
7447,926,14390,14392
926,7450,14391,14392
828,832,14393,14410
863,828,14393,14394
7465,828,14394,14407,6
863,7465,14394,14395
826,7465,14395,14407,6
863,826,14395,14396
7466,826,14396,14411
863,7466,14396,14397
919,7466,14397,14437
863,919,14397,14398
863,916,14398,14404
916,989,14399,14400
916,988,14400,14405
988,865,14401,14406
865,861,14402,14403
865,862,14403,14406
862,916,14404,14405
862,988,14405,14406
832,831,14408,14410
831,828,14409,14410
7466,827,14411,14438
7458,7456,14412,14434,6
7456,7464,14412,14413
7456,895,14413,14414
7456,896,14414,14430
7467,897,14415,14442,6
896,7467,14415,14431
923,7467,14416,14442,6
7467,921,14416,14417
7468,921,14417,14435,6
7467,7468,14417,14418
7469,7468,14418,14439,6
7467,7469,14418,14432
827,7469,14419,14438,6
7469,823,14419,14420
7469,824,14420,14421
7470,824,14421,14452
7469,7470,14421,14432
7471,7472,14422,14506
7472,7473,14422,14450
7473,7471,14422,14423
622,7471,14423,14505
7473,622,14423,14424
7473,791,14424,14425
7473,790,14425,14426
7473,789,14426,14427
7473,787,14427,14428
7473,7455,14428,14429
7473,7456,14429,14430
7473,896,14430,14431
7473,7467,14431,14433
7467,7470,14432,14433
7473,7470,14433,14451
7468,920,14435,14436
7468,919,14436,14437
7468,7466,14437,14439
7466,7469,14438,14439
897,924,14440,14441
897,923,14441,14442
825,725,14443,14453
726,825,14443,14444
726,716,14444,14445
726,717,14445,14446
7474,686,14447,14456
725,7474,14447,14448
7475,7474,14448,14507
725,7475,14448,14449
7472,7475,14449,14506
725,7472,14449,14450
725,7473,14450,14451
725,7470,14451,14452
725,824,14452,14453
686,604,14454,14455
7476,604,14455,14509
686,7476,14455,14456
7474,7476,14456,14508
7414,7477,14457,14502,6
7477,7478,14457,14499,6
7478,7414,14457,14458
7478,7413,14458,14481
7413,7409,14459,14482
7392,7410,14460,14503,6
7409,7392,14460,14461
7409,7393,14461,14483
7393,7408,14462,14463
7393,7390,14463,14464
7393,7391,14464,14465
7393,7389,14465,14466
7393,7387,14466,14467
7393,7388,14467,14484
7385,7382,14468,14469
7385,7383,14469,14487
7383,7381,14470,14488
7381,7379,14471,14489
7379,7377,14472,14496
7377,7375,14473,14490
7375,7373,14474,14490
7373,7370,14475,14491
7370,7367,14476,14492
7368,628,14477,14478
7368,629,14478,14493
629,627,14479,14494
7478,624,14480,-1
625,7478,14480,14481
625,7413,14481,14482
625,7409,14482,14483
625,7393,14483,14484
625,7388,14484,14485
625,7384,14485,14486
625,7385,14486,14487
625,7383,14487,14488
625,7381,14488,14489
625,7379,14489,14495
7377,7373,14490,14491
7377,7370,14491,14492
7377,7367,14492,14497
7367,629,14493,14494
7367,627,14494,14497
627,7379,14495,14496
627,7377,14496,14497
7419,7478,14499,-1
7477,7419,14499,14500
7477,7420,14500,14501
7477,7417,14501,14502
604,622,14504,14505
604,7471,14505,14509
7471,7475,14506,14507
7471,7474,14507,14508
7471,7476,14508,14509
7479,600,14510,14528
602,7479,14510,14511
7480,7479,14511,14527
602,7480,14511,14524
684,7480,14512,14526
7480,683,14512,14513
7480,682,14513,14514
7480,699,14514,14515
7480,698,14515,14516
7480,697,14516,14517
7480,696,14517,14518
7480,317,14518,14519
7480,217,14519,14520
7480,215,14520,14521
7480,212,14521,14522
7480,213,14522,14523
7480,214,14523,14524
599,684,14525,14526
599,7480,14526,14527
599,7479,14527,14528