0,1,2,1,1,1,3510
3,2,4,1,0,1
5,4,6,1,0,1
7,6,8,1,0,1
9,10,11,1,1,1
12,11,13,1,0,1
14,15,16,1,1,1
17,16,18,1,0,1
19,20,21,1,1,1
22,21,23,1,0,1
24,23,25,1,0,1
26,25,27,1,0,1
28,27,29,1,0,1
30,29,31,1,0,1
32,31,33,1,0,1
34,33,35,1,0,1
36,35,37,1,0,1
38,37,39,1,0,1
40,39,41,1,0,1
42,43,44,1,1,1
45,44,46,1,0,1
47,46,48,1,0,1
49,48,50,1,0,1
51,52,53,1,1,1
54,53,55,1,0,1
56,57,58,1,1,1
59,60,61,1,1,1
62,61,63,1,0,1
64,65,66,1,1,1
67,66,68,1,0,1
69,70,71,1,1,1
72,71,73,1,0,1
72,74,75,0,1,1
76,75,77,1,0,1
78,79,80,1,1,1
81,80,82,1,0,1
83,82,84,1,0,1
85,86,87,1,1,1
88,87,89,1,0,1
90,91,92,1,1,1
93,92,94,1,0,1
95,94,96,1,0,1
88,91,97,0,0,1
85,97,98,0,0,1
99,98,100,1,0,1
13,8,101,0,0,1
102,101,103,1,0,1
18,103,104,0,0,1
41,104,105,0,0,1
106,105,107,1,0,1
108,107,109,1,0,1
110,109,111,1,0,1
50,111,112,0,0,1
58,55,113,0,0,1
63,113,114,0,0,1
68,114,115,0,0,1
73,115,116,0,0,1
74,116,117,0,0,1
84,77,118,0,0,1
89,118,119,0,0,1
96,119,120,0,0,1
100,90,121,0,0,1
112,121,122,0,0,1
120,117,123,0,0,1
95,123,124,0,0,1
93,124,122,0,0,0
125,126,127,1,1,1,3479
128,127,129,1,0,1
130,129,131,1,0,1
132,133,134,1,1,1
135,136,137,1,1,1
138,137,139,1,0,1
140,139,141,1,0,1
142,141,143,1,0,1
144,145,146,1,1,1
147,146,148,1,0,1
149,148,150,1,0,1
151,152,153,1,1,1
154,155,156,1,1,1
157,156,158,1,0,1
159,158,160,1,0,1
161,160,162,1,0,1
163,164,165,1,1,1
166,165,167,1,0,1
168,167,169,1,0,1
170,169,171,1,0,1
172,173,174,1,1,1
175,174,176,1,0,1
177,176,178,1,0,1
179,178,180,1,0,1
181,180,182,1,0,1
183,182,184,1,0,1
185,186,187,1,1,1
188,187,189,1,0,1
190,189,191,1,0,1
192,191,193,1,0,1
194,195,196,1,1,1
197,196,198,1,0,1
131,199,200,0,1,1
201,200,202,1,0,1
143,134,203,0,0,1
150,203,204,0,0,1
153,204,205,0,0,1
162,205,206,0,0,1
207,206,208,1,0,1
171,208,209,0,0,1
193,184,210,0,0,1
211,210,212,1,0,1
198,213,214,0,1,1
202,214,215,0,0,1
216,215,217,1,0,1
218,217,219,1,0,1
212,209,220,0,0,1
221,220,219,1,0,0
222,223,224,1,1,1,3478
225,226,227,1,1,1
228,227,229,1,0,1
230,229,231,1,0,1
232,231,233,1,0,1
234,233,235,1,0,1
236,237,238,1,1,1
239,240,241,1,1,1
242,241,243,1,0,1
244,243,245,1,0,1
246,245,247,1,0,1
248,249,250,1,1,1
251,252,253,1,1,1
254,255,256,1,1,1
257,256,258,1,0,1
259,260,261,1,1,1
262,261,263,1,0,1
264,265,266,1,1,1
267,266,268,1,0,1
269,268,270,1,0,1
271,270,272,1,0,1
273,274,275,1,1,1
276,277,278,1,1,1
201,278,279,1,0,1
216,279,280,1,0,1
218,280,281,1,0,1
282,281,283,1,0,1
284,283,285,1,0,1
142,140,286,1,1,1
287,286,288,1,0,1
149,147,289,1,1,1
152,289,290,1,0,1
155,151,291,1,1,1
292,154,293,1,1,1
294,293,295,1,0,1
296,295,297,1,0,1
298,297,299,1,0,1
300,299,301,1,0,1
302,301,303,1,0,1
304,303,305,1,0,1
306,307,308,1,1,1
304,307,309,0,0,1
302,309,310,0,0,1
300,310,311,0,0,1
298,311,312,0,0,1
294,296,313,0,0,1
314,313,315,1,0,1
235,224,316,0,0,1
238,316,317,0,0,1
247,317,318,0,0,1
263,258,319,0,0,1
285,320,321,0,1,1
136,321,322,1,0,1
290,323,324,0,1,1
305,291,325,0,0,1
308,325,326,0,0,1
315,312,327,0,0,1
318,327,328,0,0,1
319,253,329,0,0,1
322,275,330,0,0,1
326,324,331,0,0,1
328,306,332,0,0,1
250,332,333,0,0,1
330,272,334,0,0,1
135,334,335,1,0,1
138,335,336,1,0,1
331,288,337,0,0,1
333,337,338,0,0,1
329,338,336,0,0,0
339,340,341,1,1,1,663
342,341,343,1,0,1
344,343,345,1,0,1
346,347,348,1,1,1
349,350,351,1,1,1
352,353,354,1,1,1
355,356,357,1,1,1
358,357,359,1,0,1
360,359,361,1,0,1
362,361,363,1,0,1
364,363,365,1,0,1
366,365,367,1,0,1
368,367,369,1,0,1
370,371,372,1,1,1
373,374,375,1,1,1
376,375,377,1,0,1
378,379,380,1,1,1
381,382,383,1,1,1
384,383,385,1,0,1
386,387,388,1,1,1
389,390,391,1,1,1
392,393,394,1,1,1
395,396,397,1,1,1
398,399,400,1,1,1
401,400,402,1,0,1
403,402,404,1,0,1
405,404,406,1,0,1
407,406,408,1,0,1
409,410,411,1,1,1
412,413,414,1,1,1
415,416,417,1,1,1
418,417,419,1,0,1
420,419,421,1,0,1
422,421,423,1,0,1
424,423,425,1,0,1
426,425,427,1,0,1
428,429,430,1,1,1
431,432,433,1,1,1
345,433,434,0,0,1
435,434,436,1,0,1
348,436,437,0,0,1
369,354,438,0,0,1
372,438,439,0,0,1
377,439,440,0,0,1
380,440,441,0,0,1
442,441,443,1,0,1
385,443,444,0,0,1
388,444,445,0,0,1
391,445,446,0,0,1
447,446,448,1,0,1
394,448,449,0,0,1
397,449,450,0,0,1
408,450,451,0,0,1
414,411,452,0,0,1
427,452,453,0,0,1
437,430,454,0,0,1
351,454,455,0,0,1
451,455,453,0,0,0
456,457,458,1,1,1,662
459,460,461,1,1,1
462,463,464,1,1,1
465,464,466,1,0,1
467,466,468,1,0,1
469,468,470,1,0,1
471,472,473,1,1,1
474,475,476,1,1,1
477,478,479,1,1,1
480,479,481,1,0,1
482,481,483,1,0,1
484,483,485,1,0,1
486,485,487,1,0,1
488,487,489,1,0,1
490,489,491,1,0,1
492,493,494,1,1,1
495,494,496,1,0,1
392,496,497,1,0,1
396,497,498,1,0,1
395,498,499,1,0,1
399,499,500,1,0,1
398,500,501,1,0,1
502,501,503,1,0,1
504,503,505,1,0,1
506,505,507,1,0,1
508,509,510,1,1,1
511,512,513,1,1,1
514,513,515,1,0,1
458,516,517,0,1,1
461,517,518,0,0,1
470,518,519,0,0,1
473,519,520,0,0,1
491,476,521,0,0,1
507,522,523,0,1,1
510,523,524,0,0,1
515,524,525,0,0,1
526,525,527,1,0,1
520,527,528,0,0,1
529,528,521,1,0,0
530,531,532,1,1,1,151
533,534,535,1,1,1
536,535,537,1,0,1
538,537,539,1,0,1
540,539,541,1,0,1
542,541,543,1,0,1
544,543,545,1,0,1
546,547,548,1,1,1
549,550,551,1,1,1
552,551,553,1,0,1
554,553,555,1,0,1
556,555,557,1,0,1
558,557,559,1,0,1
560,561,562,1,1,1
563,562,564,1,0,1
565,564,566,1,0,1
567,568,569,1,1,1
570,571,572,1,1,1
573,574,575,1,1,1
576,575,577,1,0,1
578,577,579,1,0,1
580,579,581,1,0,1
582,581,583,1,0,1
584,583,585,1,0,1
586,585,587,1,0,1
588,587,589,1,0,1
590,589,591,1,0,1
592,591,593,1,0,1
594,593,595,1,0,1
596,597,598,1,1,1
599,598,600,1,0,1
601,600,602,1,0,1
603,602,604,1,0,1
605,604,606,1,0,1
607,608,609,1,1,1
610,611,612,1,1,1
532,612,613,0,0,1
545,614,615,0,1,1
559,548,616,0,0,1
566,616,617,0,0,1
569,618,619,0,1,1
572,620,621,0,1,1
595,621,622,0,0,1
606,622,623,0,0,1
609,623,624,0,0,1
613,624,625,0,0,1
617,615,626,0,0,1
627,626,628,1,0,1
619,628,625,0,0,0
629,630,631,1,1,1,55
632,631,633,1,0,1
634,633,635,1,0,1
636,637,638,1,1,1
639,640,641,1,1,1
642,641,643,1,0,1
644,643,645,1,0,1
646,645,647,1,0,1
648,647,649,1,0,1
650,651,652,1,1,1
653,652,654,1,0,1
655,656,657,1,1,1
658,659,660,1,1,1
661,660,662,1,0,1
663,664,665,1,1,1
666,667,668,1,1,1
669,668,670,1,0,1
671,672,673,1,1,1
674,673,675,1,0,1
676,675,677,1,0,1
678,679,680,1,1,1
681,682,683,1,1,1
684,683,685,1,0,1
686,687,688,1,1,1
689,690,691,1,1,1
692,691,693,1,0,1
694,693,695,1,0,1
696,697,698,1,1,1
699,700,701,1,1,1
702,703,704,1,1,1
705,704,706,1,0,1
707,708,709,1,1,1
710,711,712,1,1,1
713,714,715,1,1,1
716,715,717,1,0,1
718,717,719,1,0,1
720,719,721,1,0,1
722,721,723,1,0,1
724,723,725,1,0,1
726,725,727,1,0,1
728,727,729,1,0,1
730,729,731,1,0,1
732,731,733,1,0,1
734,733,735,1,0,1
736,737,738,1,1,1
739,738,740,1,0,1
741,740,742,1,0,1
743,742,744,1,0,1
745,744,746,1,0,1
747,746,748,1,0,1
749,748,750,1,0,1
751,752,753,1,1,1
754,755,756,1,1,1
757,758,759,1,1,1
760,759,761,1,0,1
762,761,763,1,0,1
764,763,765,1,0,1
766,765,767,1,0,1
768,769,770,1,1,1
635,770,771,0,0,1
649,638,772,0,0,1
654,773,774,0,1,1
657,774,775,0,0,1
662,775,776,0,0,1
665,776,777,0,0,1
670,777,778,0,0,1
677,778,779,0,0,1
780,779,781,1,0,1
688,782,783,0,1,1
695,783,784,0,0,1
706,785,786,0,1,1
787,786,788,1,0,1
735,712,789,0,0,1
750,789,790,0,0,1
756,753,791,0,0,1
767,792,793,0,1,1
771,793,794,0,0,1
772,794,795,0,0,1
784,685,796,0,0,1
788,701,797,0,0,1
790,709,798,0,0,1
791,798,799,0,0,1
795,799,800,0,0,1
781,800,801,0,0,1
796,680,802,0,0,1
698,802,803,0,0,1
797,803,801,0,0,0
804,805,806,1,1,1,710
807,806,808,1,0,1
809,808,810,1,0,1
811,812,813,1,1,1
814,813,815,1,0,1
816,815,817,1,0,1
818,817,819,1,0,1
820,819,821,1,0,1
822,821,823,1,0,1
824,823,825,1,0,1
826,825,827,1,0,1
19,827,828,1,0,1
829,828,830,1,0,1
831,830,832,1,0,1
833,832,834,1,0,1
835,834,836,1,0,1
837,836,838,1,0,1
839,838,840,1,0,1
841,840,842,1,0,1
843,842,844,1,0,1
845,844,846,1,0,1
847,846,848,1,0,1
849,848,850,1,0,1
851,850,852,1,0,1
853,852,854,1,0,1
855,854,856,1,0,1
857,856,858,1,0,1
859,858,860,1,0,1
861,862,863,1,1,1
864,865,866,1,1,1
860,810,867,0,0,1
863,867,866,0,0,0
868,869,870,1,1,1,8247
871,870,872,1,0,1
873,872,874,1,0,1
875,874,876,1,0,1
877,876,878,1,0,1
879,880,881,1,1,1
882,881,883,1,0,1
884,883,885,1,0,1
886,885,887,1,0,1
888,887,889,1,0,1
890,889,891,1,0,1
892,891,893,1,0,1
894,895,896,1,1,1
897,896,898,1,0,1
899,898,900,1,0,1
901,902,903,1,1,1
904,903,905,1,0,1
906,905,907,1,0,1
908,907,909,1,0,1
910,909,911,1,0,1
912,913,914,1,1,1
915,916,917,1,1,1
918,917,919,1,0,1
920,921,922,1,1,1
923,924,925,1,1,1
926,925,927,1,0,1
928,927,929,1,0,1
930,929,931,1,0,1
932,933,934,1,1,1
935,934,936,1,0,1
937,936,938,1,0,1
939,940,941,1,1,1
942,941,943,1,0,1
944,945,946,1,1,1
947,948,949,1,1,1
950,951,952,1,1,1
953,954,955,1,1,1
956,955,957,1,0,1
958,957,959,1,0,1
960,959,961,1,0,1
962,961,963,1,0,1
964,965,966,1,1,1
967,966,968,1,0,1
969,968,970,1,0,1
971,970,972,1,0,1
973,972,974,1,0,1
975,974,976,1,0,1
977,978,979,1,1,1
980,981,982,1,1,1
983,984,985,1,1,1
986,987,988,1,1,1
989,988,990,1,0,1
991,992,993,1,1,1
994,993,995,1,0,1
996,997,998,1,1,1
999,998,1000,1,0,1
1001,1000,1002,1,0,1
1003,1002,1004,1,0,1
1005,1004,1006,1,0,1
878,1006,1007,0,0,1
893,1007,1008,0,0,1
911,900,1009,0,0,1
914,1009,1010,0,0,1
1011,1010,1012,1,0,1
922,919,1013,0,0,1
1014,1013,1015,1,0,1
931,1015,1016,0,0,1
963,952,1017,0,0,1
985,1018,1019,0,1,1
990,1019,1020,0,0,1
1008,1021,1022,0,1,1
1012,1022,1023,0,0,1
1016,1024,1025,0,1,1
1017,949,1026,0,0,1
1027,1026,1028,1,0,1
1029,1028,1030,1,0,1
1020,1031,1032,0,1,1
1023,1033,1034,0,1,1
1030,946,1035,0,0,1
1034,995,1036,0,0,1
1037,1036,1038,1,0,1
1035,943,1039,0,0,1
976,1039,1040,0,0,1
1038,1041,1042,0,1,1
1040,1043,1044,0,1,1
979,1044,1045,0,0,1
1042,1046,1047,0,1,1
1025,1047,1048,0,0,1
1045,1049,1050,0,1,1
1048,1032,1051,0,0,1
1050,938,1052,0,0,1
982,1052,1051,0,0,0
1053,1054,1055,1,1,1,2967
1056,1057,1058,1,1,1
1059,1060,1061,1,1,1
1062,1061,1063,1,0,1
1064,1065,1066,1,1,1
1067,1068,1069,1,1,1
1070,1069,1071,1,0,1
1072,1071,1073,1,0,1
1074,1073,1075,1,0,1
1076,1075,1077,1,0,1
1078,1079,1080,1,1,1
1063,1058,1081,0,0,1
1066,1081,1082,0,0,1
1080,1077,1083,0,0,1
1055,1083,1082,0,0,0
1084,1085,1086,1,1,1,723
1087,1088,1089,1,1,1
1090,1089,1091,1,0,1
1092,1091,1093,1,0,1
1094,1095,1096,1,1,1
1097,1096,1098,1,0,1
1099,1098,1100,1,0,1
1101,1100,1102,1,0,1
1103,1102,1104,1,0,1
1105,1106,1107,1,1,1
1108,1109,1110,1,1,1
1111,1110,1112,1,0,1
1113,1112,1114,1,0,1
1115,1116,1117,1,1,1
1118,1119,1120,1,1,1
1121,1120,1122,1,0,1
1123,1122,1124,1,0,1
1125,1124,1126,1,0,1
1127,1128,1129,1,1,1
1130,1129,1131,1,0,1
1132,1133,1134,1,1,1
1135,1136,1137,1,1,1
1138,1137,1139,1,0,1
1140,1139,1141,1,0,1
1142,1143,1144,1,1,1
1145,1144,1146,1,0,1
1147,1148,1149,1,1,1
1150,1151,1152,1,1,1
1153,1154,1155,1,1,1
1156,1155,1157,1,0,1
1086,1157,1158,0,0,1
1093,1158,1159,0,0,1
1117,1160,1161,0,1,1
1126,1161,1162,0,0,1
1131,1162,1163,0,0,1
1141,1134,1164,0,0,1
1146,1165,1166,0,1,1
1149,1166,1167,0,0,1
1159,1152,1168,0,0,1
1164,1163,1169,0,0,1
1170,1169,1171,1,0,1
1168,1172,1173,0,1,1
1104,1173,1174,0,0,1
1107,1174,1175,0,0,1
1171,1114,1176,0,0,1
1167,1176,1175,0,0,0
1177,1178,1179,1,1,1,978
1180,1179,1181,1,0,1
1182,1183,1184,1,1,1
1185,1184,1186,1,0,1
1187,1186,1188,1,0,1
1189,1190,1191,1,1,1
1192,1191,1193,1,0,1
1194,1193,1195,1,0,1
1196,1195,1197,1,0,1
1198,1197,1199,1,0,1
1200,1201,1202,1,1,1
1203,1204,1205,1,1,1
1206,1205,1207,1,0,1
1208,1207,1209,1,0,1
1210,1211,1212,1,1,1
1213,1212,1214,1,0,1
1215,1214,1216,1,0,1
1217,1216,1218,1,0,1
1219,1218,1220,1,0,1
1221,1220,1222,1,0,1
1223,1222,1224,1,0,1
1225,1224,1226,1,0,1
1227,1228,1229,1,1,1
1230,1229,1231,1,0,1
1232,1233,1234,1,1,1
1181,1234,1235,0,0,1
1188,1235,1236,0,0,1
1199,1236,1237,0,0,1
1202,1237,1238,0,0,1
1239,1238,1240,1,0,1
1241,1240,1242,1,0,1
1209,1242,1243,0,0,1
1226,1243,1231,0,0,0
1244,1245,1246,1,1,1,978
1247,1246,1248,1,0,1
1249,1248,1250,1,0,1
1251,1252,1253,1,1,1
1254,1253,1255,1,0,1
1256,1255,1257,1,0,1
1258,1257,1259,1,0,1
1260,1261,1262,1,1,1
1263,1262,1264,1,0,1
1265,1266,1267,1,1,1
1268,1267,1269,1,0,1
1270,1271,1272,1,1,1
1273,1272,1274,1,0,1
1275,1274,1276,1,0,1
1277,1276,1278,1,0,1
1279,1280,1281,1,1,1
1282,1283,1284,1,1,1
1285,1286,1287,1,1,1
1288,1287,1289,1,0,1
1250,1289,1290,0,0,1
1264,1259,1291,0,0,1
1269,1291,1292,0,0,1
1278,1292,1293,0,0,1
1281,1293,1294,0,0,1
1284,1294,1290,0,0,0
1295,1296,1297,1,1,1,946
1298,1299,1300,1,1,1
1301,1302,1303,1,1,1
1304,1305,1306,1,1,1
1307,1306,1308,1,0,1
1309,1308,1310,1,0,1
1297,1311,1312,0,1,1
1300,1312,1313,0,0,1
1303,1313,1310,0,0,0
1314,1315,1316,1,1,1,723
1317,1318,1319,1,1,1
1320,1321,1322,1,1,1
1323,1324,1325,1,1,1
1326,1325,1327,1,0,1
1328,1327,1329,1,0,1
1330,1329,1331,1,0,1
1332,1333,1334,1,1,1
1335,1336,1337,1,1,1
1338,1337,1339,1,0,1
1087,1340,1341,0,1,1
1084,1088,1342,0,0,1
1316,1085,1343,0,0,1
1319,1343,1344,0,0,1
1331,1322,1345,0,0,1
1339,1334,1346,0,0,1
1341,1346,1347,0,0,1
1344,1342,1348,0,0,1
1349,1348,1350,1,0,1
1345,1350,1347,0,0,0
607,611,1351,0,0,1,2967
605,608,1352,0,0,1
603,1352,1353,0,0,1
599,601,1354,0,0,1
594,597,1355,0,0,1
592,1355,1356,0,0,1
1357,1356,1358,1,0,1
1359,1360,1361,1,1,1
1362,1363,1364,1,1,1
1365,1364,1366,1,0,1
1068,1366,1367,0,0,1
1064,1367,1368,0,0,1
1062,1065,1369,0,0,1
1059,1369,1370,0,0,1
1056,1060,1371,0,0,1
1053,1057,1372,0,0,1
1078,1054,1373,0,0,1
610,1373,1374,0,0,1
1351,1374,1375,0,0,1
1361,1358,1376,0,0,1
1375,1372,1377,0,0,1
1376,596,1378,0,0,1
1368,1378,1379,0,0,1
1377,1371,1380,0,0,1
1353,1380,1381,0,0,1
1379,1354,1382,0,0,1
1370,1382,1381,0,0,0
1383,1384,1385,1,1,1,55
1386,1385,1387,1,0,1
1388,1389,1390,1,1,1
1391,1392,1393,1,1,1
1394,1395,1396,1,1,1
1397,1396,1398,1,0,1
1399,1398,1400,1,0,1
1401,1400,1402,1,0,1
999,1403,1404,1,1,1
1001,1404,1405,1,0,1
1406,1405,1407,1,0,1
1408,1407,1409,1,0,1
1410,1409,1411,1,0,1
1412,1411,1413,1,0,1
632,1413,1414,0,0,1
629,1414,1415,0,0,1
768,630,1416,0,0,1
1387,1416,1417,0,0,1
1390,1417,1418,0,0,1
1419,1418,1420,1,0,1
1402,1393,1421,0,0,1
1415,1421,1420,0,0,0
1079,531,1422,0,0,1,151
1076,1422,1423,0,0,1
1424,1425,1426,1,1,1,663
1427,1426,1428,1,0,1
1429,1428,1430,1,0,1
1431,1430,1432,1,0,1
1433,1432,1434,1,0,1
1435,1434,1436,1,0,1
1437,1436,1438,1,0,1
1439,1440,1441,1,1,1
379,1441,1442,0,0,1
376,1442,1443,0,0,1
1444,1443,1445,1,0,1
1446,1447,1448,1,1,1
1449,1448,1450,1,0,1
1451,1452,1453,1,1,1
1438,1454,1455,0,1,1
1456,1455,1457,1,0,1
1445,1458,1459,0,1,1
1450,1459,1460,0,0,1
1457,1453,1461,0,0,1
1462,1461,1460,1,0,0
1463,1464,1425,1,1,0,663
1465,1446,1466,1,0,1,663
262,265,1467,0,0,1,3478
257,260,1468,0,0,1
254,1468,1469,0,0,1
251,255,1470,0,0,1
252,1470,1471,0,0,1
248,1471,1472,0,0,1
246,249,1473,0,0,1
242,244,1474,0,0,1
1475,239,1476,1,0,1
1477,1476,1478,1,0,1
1479,1480,1481,1,1,1
1482,1481,1483,1,0,1
1484,1483,1485,1,0,1
1486,1487,1488,1,1,1
1467,1488,1489,0,0,1
259,1489,1490,0,0,1
1469,1490,1491,0,0,1
1473,1472,1492,0,0,1
1474,1492,1493,0,0,1
1478,1493,1494,0,0,1
1485,1494,1495,0,0,1
1496,1495,1491,1,0,0
1497,1498,1499,1,1,1,3478
1500,1499,1501,1,0,1
172,1502,1503,1,1,1
177,175,1504,1,1,1
181,179,1505,1,1,1
186,183,1506,1,1,1
185,1506,1507,1,0,1
1508,188,1509,1,1,1
1510,1509,1511,1,0,1
1512,1511,1513,1,0,1
1514,1515,1516,1,1,1
1517,1516,1518,1,0,1
1519,1518,1520,1,0,1
1521,1520,1522,1,0,1
1523,1522,1524,1,0,1
1525,1524,1526,1,0,1
1527,1526,1528,1,0,1
83,1528,1529,0,0,1
81,1529,1530,0,0,1
78,1530,1531,0,0,1
76,79,1532,0,0,1
1533,1532,1534,1,0,1
1503,1501,1535,0,0,1
1504,1535,1536,0,0,1
1505,1536,1537,0,0,1
1507,1537,1538,0,0,1
1513,1538,1539,0,0,1
1540,1539,1541,1,0,1
1531,1541,1534,0,0,0
1542,1543,1544,1,1,1,3479
1545,1544,1546,1,0,1
1547,1546,1548,1,0,1
1549,1548,1550,1,0,1
1519,1517,1551,1,1,1
1521,1551,1552,1,0,1
1523,1552,1553,1,0,1
1525,1553,1550,1,0,0
199,1554,1555,0,1,1,3478
197,1555,1556,0,0,1
1557,194,1558,1,0,1
1559,1558,1560,1,0,1
1561,1560,1562,1,0,1
1563,1562,1564,1,0,1
1565,1564,1566,1,0,1
1567,1566,1568,1,0,1
1542,1568,1556,0,0,0
1569,1570,1571,1,1,1,11671
1572,1571,1573,1,0,1
1574,1573,1575,1,0,1
1576,1575,1577,1,0,1
130,276,1578,0,1,1
128,1578,1579,0,0,1
125,1579,1577,0,0,0
267,1580,1581,1,1,1,11670
274,271,1582,1,1,1
320,273,1583,1,1,1
277,1583,1584,1,0,1
1576,1584,1585,0,0,1
1574,1585,1586,0,0,1
1572,1586,1587,0,0,1
1581,1569,1588,0,0,1
269,1588,1589,1,0,1
1582,1589,1587,0,0,0
1484,1496,1590,0,0,1,662
1482,1590,1591,0,0,1
1592,1479,1593,1,0,1
1594,1593,1595,1,0,1
1596,1595,1597,1,0,1
1598,1599,1600,1,1,1
1601,1602,1603,1,1,1
1604,1605,1606,1,1,1
1475,1607,1608,0,1,1
1609,1608,1610,1,0,1
1611,1610,1612,1,0,1
1613,1612,1614,1,0,1
1615,1614,1616,1,0,1
1463,1616,1617,0,0,1
1618,1617,1619,1,0,1
362,1619,1620,0,0,1
360,1620,1621,0,0,1
355,358,1622,0,0,1
352,356,1623,0,0,1
349,353,1624,0,0,1
346,350,1625,0,0,1
435,347,1626,0,0,1
344,1626,1627,0,0,1
339,342,1628,0,0,1
1629,340,1630,1,0,1
1487,1630,1631,0,0,1
1591,1631,1632,0,0,1
1597,1632,1633,0,0,1
1600,1633,1634,0,0,1
1635,1634,1636,1,0,1
1606,1603,1637,0,0,1
1621,1637,1638,0,0,1
1622,1638,1639,0,0,1
1624,1623,1640,0,0,1
1625,1640,1641,0,0,1
1627,1641,1642,0,0,1
1628,1642,1643,0,0,1
1636,1643,1644,0,0,1
1645,1644,1639,1,0,0
420,1646,1647,1,1,1,919
422,1647,1648,1,0,1
1649,1648,1650,1,0,1
1651,1650,1652,1,0,1
429,1652,1653,1,0,1
428,1653,432,1,0,1
1654,1655,1656,1,1,1,8855
1657,1656,1658,1,0,1
415,1658,1659,1,0,1
1660,1661,1662,1,1,1,8854
502,1662,1663,0,0,1
401,1663,1664,1,0,1
1665,1664,1666,1,0,1
1667,1668,1669,1,1,1
1666,1655,1670,0,0,1
1671,1670,1669,1,0,0
526,516,1672,0,0,1,661
514,1672,1673,0,0,1
511,1673,1674,0,0,1
508,512,1675,0,0,1
506,509,1676,0,0,1
504,1676,1677,0,0,1
1660,1677,1678,0,0,1
1674,1679,1680,0,1,1
1675,1680,1678,0,0,0
463,1681,1682,0,1,1,661
459,1682,1683,0,0,1
460,1683,1684,0,0,1
456,1684,1685,0,0,1
1686,1687,1688,1,1,1,598
1689,1690,1691,1,1,1
1692,1691,1693,1,0,1
1694,1695,1696,1,1,1
1697,1696,1698,1,0,1
462,1698,1699,0,0,1
1681,1699,1700,0,0,1
1693,1688,1701,0,0,1
1702,1701,1700,1,0,0
1703,1704,1705,1,1,1,854
1706,1707,1708,1,1,1
1709,1708,1710,1,0,1
1711,1710,1712,1,0,1
1713,1712,1714,1,0,1
1690,1714,1715,0,0,1
1686,1715,1705,0,0,0
1716,1717,1718,1,1,1,24662
1719,1718,1720,1,0,1
1706,1720,1721,0,0,1
1707,1721,1722,0,0,1
1703,1722,1723,0,0,1
1724,1725,1726,1,1,1,16469
1727,1728,1729,1,1,1
1730,1729,1731,1,0,1
1732,1731,1733,1,0,1
1734,1733,1735,1,0,1
1736,1735,1737,1,0,1
1717,1737,1726,0,0,0
1738,1739,1740,1,1,1,12372
1741,1740,1742,1,0,1
1743,1742,1744,1,0,1
1728,1744,1724,0,0,0
1745,1746,1747,1,1,1,8277
1748,1747,1749,1,0,1
1750,1749,1751,1,0,1
1752,1751,1753,1,0,1
1754,1753,1755,1,0,1
1756,1755,1738,1,0,0
1757,1758,1759,1,1,1,8275
1760,1759,1761,1,0,1
1762,1761,1763,1,0,1
1764,1763,1765,1,0,1
1766,1765,1767,1,0,1
1768,1769,1770,1,1,1
1771,1772,1773,1,1,1
1774,1773,1775,1,0,1
1776,1775,1777,1,0,1
1778,1777,1779,1,0,1
1752,1779,1780,0,0,1
1750,1780,1781,0,0,1
1748,1781,1782,0,0,1
1767,1745,1783,0,0,1
1770,1783,1782,0,0,0
1784,1785,1786,1,1,1,36944
1772,1787,1788,0,1,1
1768,1788,1789,0,0,1
1769,1789,1790,0,0,1
1766,1790,1791,0,0,1
1764,1791,1792,0,0,1
1762,1792,1793,0,0,1
1760,1793,1794,0,0,1
1786,1757,1795,0,0,1
1796,1795,1794,1,0,0
1797,1798,1799,1,1,1,32848
1800,1799,1801,1,0,1
1802,1801,1803,1,0,1
1774,1804,1805,0,1,1
1771,1805,1806,0,0,1
1787,1806,1807,0,0,1
1796,1807,1808,0,0,1
1784,1808,1803,0,0,0
1809,1810,1811,1,1,1,28752
1812,1811,1813,1,0,1
1814,1815,1816,1,1,1
1817,1816,1818,1,0,1
1819,1820,1821,1,1,1
1822,1821,1823,1,0,1
1824,1825,1826,1,1,1
1827,1826,1828,1,0,1
1829,1830,1831,1,1,1
1832,1831,1833,1,0,1
1834,1835,1836,1,1,1
1837,1836,1838,1,0,1
1839,1838,1840,1,0,1
1841,1840,1842,1,0,1
1843,1842,1844,1,0,1
1845,1844,1846,1,0,1
1847,1846,1848,1,0,1
1849,1848,1850,1,0,1
1851,1850,1852,1,0,1
1853,1852,1854,1,0,1
1855,1854,1856,1,0,1
1857,1856,1858,1,0,1
1859,1858,1860,1,0,1
1861,1860,1862,1,0,1
1863,1862,1864,1,0,1
1865,1864,1866,1,0,1
1867,1866,1868,1,0,1
1869,1868,1870,1,0,1
1871,1870,1872,1,0,1
1873,1872,1874,1,0,1
1875,1874,1876,1,0,1
1877,1876,1878,1,0,1
1879,1878,1880,1,0,1
1881,1882,1883,1,1,1
1884,1885,1886,1,1,1
1887,1886,1888,1,0,1
1889,1888,1890,1,0,1
1891,1890,1892,1,0,1
1893,1892,1894,1,0,1
1895,1894,1896,1,0,1
1897,1898,1899,1,1,1
1900,1901,1902,1,1,1
1903,1902,1904,1,0,1
1905,1906,1907,1,1,1
1908,1909,1910,1,1,1
1911,1910,1912,1,0,1
1913,1914,1915,1,1,1
1916,1917,1918,1,1,1
1919,1918,1920,1,0,1
1921,1920,1922,1,0,1
1923,1922,1924,1,0,1
1925,1924,1926,1,0,1
1927,1926,1928,1,0,1
1929,1928,1930,1,0,1
1931,1932,1933,1,1,1
1934,1935,1936,1,1,1
1937,1936,1938,1,0,1
1939,1940,1941,1,1,1
1942,1941,1943,1,0,1
1944,1943,1945,1,0,1
1946,1945,1947,1,0,1
1948,1947,1949,1,0,1
1950,1951,1952,1,1,1
1800,1802,1953,0,0,1
1813,1797,1954,0,0,1
1818,1954,1955,0,0,1
1823,1955,1956,0,0,1
1833,1828,1957,0,0,1
1880,1957,1958,0,0,1
1896,1883,1959,0,0,1
1899,1959,1960,0,0,1
1904,1960,1961,0,0,1
1907,1961,1962,0,0,1
1930,1915,1963,0,0,1
1964,1963,1965,1,0,1
1933,1965,1966,0,0,1
1938,1966,1967,0,0,1
1949,1967,1968,0,0,1
1952,1968,1969,0,0,1
1970,1969,1971,1,0,1
1953,1971,1972,0,0,1
1956,1972,1973,0,0,1
1974,1973,1975,1,0,1
1976,1975,1977,1,0,1
1978,1977,1979,1,0,1
1958,1980,1981,0,1,1
1962,1982,1983,0,1,1
1979,1912,1984,0,0,1
1983,1981,1985,0,0,1
1986,1985,1984,1,0,0
1829,1987,1988,0,1,1,29264
1827,1830,1989,0,0,1
1824,1989,1990,0,0,1
1980,1825,1991,0,0,1
1978,1991,1992,0,0,1
1976,1992,1993,0,0,1
1974,1993,1994,0,0,1
1822,1994,1995,0,0,1
1819,1995,1996,0,0,1
1820,1996,1997,0,0,1
1817,1997,1998,0,0,1
1814,1998,1999,0,0,1
1815,1999,2000,0,0,1
1812,2000,2001,0,0,1
1809,2001,2002,0,0,1
1988,2002,1990,0,0,0
2003,1547,2004,1,0,1,918
2005,2004,2006,1,0,1
2007,2006,2008,1,0,1
2009,2008,2010,1,0,1
2011,2012,2013,1,1,1
2014,2013,2015,1,0,1
2016,2015,2017,1,0,1
190,2018,2019,0,1,1
1508,2019,2020,1,0,1
1510,2020,2021,1,0,1
1512,2021,2022,1,0,1
1540,2022,2023,1,0,1
1515,2023,2024,1,0,1
1549,1514,2025,0,1,1
2010,2025,2026,0,0,1
2017,2026,2024,0,0,0
1567,1545,2027,0,0,1,919
2028,2029,2030,1,1,1
1557,2030,2031,0,0,1
195,2031,2032,0,0,1
213,2032,2033,0,0,1
221,2033,2034,0,0,1
211,2034,2035,0,0,1
2018,192,2036,0,0,1
2016,2036,2037,0,0,1
2014,2037,2038,0,0,1
2011,2038,2039,0,0,1
2009,2012,2040,0,0,1
2041,2040,2042,1,0,1
2043,2044,2045,1,1,1
2005,2046,2047,0,1,1
2003,2047,2048,0,0,1
2027,2048,2049,0,0,1
2035,2050,2051,0,1,1
2039,2051,2052,0,0,1
2042,2052,2053,0,0,1
2045,2053,2054,0,0,1
2055,2054,2049,1,0,0
1563,1565,2056,0,0,1,918
1559,1561,2057,0,0,1
2028,2057,2058,0,0,1
2029,2058,2059,0,0,1
2050,2059,2056,0,0,0
1657,416,2060,0,1,1,8856
1654,2060,2061,0,0,1
1667,2061,2062,0,0,1
1668,2062,2063,0,0,1
409,2064,2065,1,1,1
413,2065,2066,1,0,1
412,2066,2063,1,0,0
2043,2055,2067,0,0,1,9111
2044,2067,2068,0,0,1
2041,2068,2069,0,0,1
2007,2069,2046,0,0,0
1756,1741,2070,0,0,1,12373
1778,1754,2071,0,0,1
2072,2071,2073,1,0,1
1730,2074,2075,0,1,1
1727,2075,2076,0,0,1
1743,2076,2077,0,0,1
2070,2077,2073,0,0,0
2064,410,2078,0,1,1,8855
1671,2078,2079,0,0,1
1665,2079,2080,0,0,1
403,2080,2081,1,0,1
405,2081,407,1,0,1
1719,1709,2082,0,0,1,12373
1734,1736,2083,0,0,1
2084,2083,2085,1,0,1
2086,2087,2088,1,1,1
2089,2088,2090,1,0,1
2091,2090,2092,1,0,1
2093,2092,2094,1,0,1
2095,2094,2096,1,0,1
2097,2098,2099,1,1,1
2082,2099,2100,0,0,1
1716,2100,2101,0,0,1
2085,2101,2096,0,0,0
2102,2103,2104,1,1,1,3479
2105,2106,2107,1,1,1
2108,2107,2109,1,0,1
2110,2109,2111,1,0,1
2112,2111,2113,1,0,1
2114,2113,2104,1,0,0
2097,1711,2115,0,0,1,1621
2095,2098,2116,0,0,1
2117,2116,2118,1,0,1
2119,2118,2120,1,0,1
2121,2120,2122,1,0,1
2123,2122,2124,1,0,1
2125,2124,2126,1,0,1
2127,2126,2115,1,0,0
2127,1713,2128,0,0,1,1622
2125,2128,2129,0,0,1
2123,2129,2130,0,0,1
2131,2121,2132,1,0,1
2133,2132,2134,1,0,1
2135,2134,2136,1,0,1
1702,2136,2137,0,0,1
1692,2137,2138,0,0,1
1689,2138,2130,0,0,0
2139,1697,2140,1,0,1,597
2141,2140,2142,1,0,1
2143,2142,2144,1,0,1
2145,2146,2147,1,1,1
2148,2147,2149,1,0,1
2150,2149,2151,1,0,1
2152,2151,2153,1,0,1
2154,2153,2155,1,0,1
2156,2155,2157,1,0,1
465,2158,2159,0,1,1
2144,2159,2157,0,0,0
2160,2161,2162,1,1,1,8854
2163,2162,2164,1,0,1
2165,2164,2166,1,0,1
2167,2166,2168,1,0,1
2169,2168,2170,1,0,1
1804,1776,2171,0,0,1,8276
1970,2171,2172,0,0,1
1950,2172,2173,0,0,1
2174,2173,2175,1,0,1
2176,2175,2177,1,0,1
2178,2177,2179,1,0,1
2180,2179,2072,1,0,0
2074,1732,2181,0,0,1,8278
2180,2181,2182,0,0,1
2183,2182,2184,1,0,1
2185,2184,2186,1,0,1
2187,2186,2188,1,0,1
2086,2189,2190,0,1,1
2084,2087,2191,0,0,1
2188,2191,2190,0,0,0
2133,2135,2192,0,0,1,854
2119,2131,2193,0,0,1
2194,2193,2195,1,0,1
2196,2195,2197,1,0,1
2198,2197,2199,1,0,1
2139,2199,2200,0,0,1
1694,2200,2201,0,0,1
1695,2201,2192,0,0,0
2156,2158,2202,0,0,1,598
2154,2202,2203,0,0,1
2152,2203,467,0,0,0
2198,2141,2204,0,0,1,853
2205,2204,2206,1,0,1
2207,2206,2208,1,0,1
2209,2208,2210,1,0,1
2211,2210,2143,1,0,0
2093,2117,2212,0,0,1,9046
2213,2214,2215,1,1,1
2209,2216,2217,0,1,1
2218,2217,2219,1,0,1
2220,2221,2222,1,1,1
2212,2194,2223,0,0,1
2219,2215,2224,0,0,1
2222,2224,2225,0,0,1
2226,2225,2223,1,0,0
2176,2178,2227,0,0,1,16468
2228,2227,2229,1,0,1
2230,2229,2231,1,0,1
2232,2231,2233,1,0,1
2234,2233,2235,1,0,1
2236,2235,2237,1,0,1
2185,2238,2239,0,1,1
2183,2239,2237,0,0,0
2226,2196,2240,0,0,1,9045
2220,2240,2241,0,0,1
2218,2221,2242,0,0,1
2207,2242,2243,0,0,1
2205,2243,2241,0,0,0
2089,2091,2244,0,0,1,8278
2245,2244,2246,1,0,1
2247,2246,2248,1,0,1
2249,2248,2250,1,0,1
2251,2250,2252,1,0,1
2253,2252,2254,1,0,1
2255,2254,2214,1,0,0
2256,2189,2257,1,0,1,12374
2258,2257,2259,1,0,1
2260,2259,2261,1,0,1
2262,2263,2264,1,1,1
2245,2264,2261,0,0,0
1951,2174,2265,0,0,1,36944
1948,2265,2266,0,0,1
1946,2266,2267,0,0,1
2268,2269,2270,1,1,1
2271,2272,2273,1,1,1
2228,2273,2274,0,0,1
2267,2274,2270,0,0,0
522,493,2275,0,0,1,8854
490,2275,2276,0,0,1
488,2276,2277,0,0,1
2278,2279,2280,1,1,1
2281,2280,2282,1,0,1
2283,2282,2284,1,0,1
2285,2284,2277,1,0,0
2150,469,2286,0,0,1,661
474,478,2287,0,0,1
529,475,2288,0,0,1
471,2288,2289,0,0,1
2286,472,2290,0,0,1
2287,2290,2289,0,0,0
2271,2230,2291,0,0,1,24659
2268,2272,2292,0,0,1
1944,2269,2293,0,0,1
2294,2293,2295,1,0,1
2296,2295,2297,1,0,1
2236,2297,2298,0,0,1
2234,2298,2299,0,0,1
2291,2232,2300,0,0,1
2292,2300,2299,0,0,0
2301,2302,2303,1,1,1,3480
2304,2305,2306,1,1,1
2307,2306,2308,1,0,1
2309,2308,2310,1,0,1
2311,2312,2313,1,1,1
2314,2313,2315,1,0,1
2316,2317,2318,1,1,1
2319,2318,2320,1,0,1
2321,2320,2322,1,0,1
2310,2303,2323,0,0,1
2315,2323,2324,0,0,1
2325,2324,2322,1,0,0
2326,2327,2328,1,1,1,3479
2329,2330,2331,1,1,1
2332,2333,2334,1,1,1
2335,2334,2336,1,0,1
2337,2336,2338,1,0,1
2339,2338,2340,1,0,1
2341,2340,2342,1,0,1
2328,2343,2344,0,1,1
2331,2344,2342,0,0,0
2238,2187,2345,0,0,1,12373
2296,2345,2346,0,0,1
2347,2346,2256,1,0,0
2348,2283,2349,1,0,1,8855
2350,2351,2352,1,1,1
2353,2354,2355,1,1,1
2356,2355,2357,1,0,1
2358,2359,2360,1,1,1
2361,2360,2362,1,0,1
2363,2362,2364,1,0,1
2365,2366,2367,1,1,1
2368,2367,2369,1,0,1
2370,2369,2371,1,0,1
2372,2371,2373,1,0,1
2374,2375,2376,1,1,1
2377,2378,2379,1,1,1
492,2379,2380,0,0,1
2285,2380,2381,0,0,1
2349,2381,2382,0,0,1
2352,2382,2383,0,0,1
2373,2364,2384,0,0,1
2383,2385,2386,0,1,1
2384,2357,2387,0,0,1
2376,2387,2386,0,0,0
2216,2211,2388,0,0,1,8790
2255,2213,2389,0,0,1
2390,2389,2391,1,0,1
2392,2391,2393,1,0,1
2394,2393,2395,1,0,1
2396,2395,2397,1,0,1
2398,2397,2399,1,0,1
2400,2399,2401,1,0,1
2402,2401,2403,1,0,1
2404,2403,2405,1,0,1
2146,2405,2388,0,0,0
2377,495,2406,0,0,1,919
2407,2406,2408,1,0,1
2409,2408,2410,1,0,1
2411,2410,2412,1,0,1
2413,2414,2415,1,1,1
2416,2415,2417,1,0,1
2418,2419,2420,1,1,1
2421,2422,2423,1,1,1
2424,2425,2426,1,1,1
2427,2426,2428,1,0,1
2429,2428,2430,1,0,1
2431,2430,2432,1,0,1
386,2432,2433,1,0,1
390,2433,2434,1,0,1
447,389,2435,1,1,1
393,2435,2436,1,0,1
2417,2412,2437,0,0,1
2434,2423,2438,0,0,1
2437,2436,2439,0,0,1
2420,2439,2438,0,0,0
2440,2148,2441,1,0,1,598
2442,2441,2443,1,0,1
2444,2445,2446,1,1,1
2447,2446,2448,1,0,1
2449,2448,2450,1,0,1
2451,2450,2452,1,0,1
2453,2452,2454,1,0,1
477,2454,2443,0,0,0
2404,2145,2455,0,0,1,853
2456,2402,2457,1,0,1
2458,2457,2459,1,0,1
2440,2459,2455,0,0,0
43,110,2460,1,1,1,950
42,2460,2461,1,0,1
2462,45,2463,1,1,1
2464,2465,2466,1,1,1
2467,2466,2468,1,0,1
2469,2470,2471,1,1,1
2472,2471,2473,1,0,1
2474,2473,2475,1,0,1
2476,2475,2477,1,0,1
2478,2477,2479,1,0,1
2480,2481,2482,1,1,1
2483,2484,2485,1,1,1
34,2486,2487,1,1,1
38,36,2488,1,1,1
106,40,2489,1,1,1
108,2489,2490,1,0,1
2461,2490,2491,0,0,1
2463,2491,2492,0,0,1
2468,2492,2493,0,0,1
2494,2493,2495,1,0,1
2479,2495,2496,0,0,1
2482,2496,2497,0,0,1
2485,2497,2498,0,0,1
2487,2498,2488,0,0,0
2251,2253,2499,0,0,1,85
2500,2249,2501,1,0,1
2502,2503,2504,1,1,1
2505,2504,2506,1,0,1
2507,2506,2508,1,0,1
2509,2508,2510,1,0,1
2390,2511,2512,0,1,1
2499,2512,2513,0,0,1
2510,2501,2514,0,0,1
2515,2514,2513,1,0,0
2262,2247,2516,0,0,1,8277
2517,2263,2518,1,0,1
2519,2518,2520,1,0,1
2521,2522,2523,1,1,1
2524,2523,2525,1,0,1
2526,2527,2528,1,1,1
2529,2530,2531,1,1,1
2509,2515,2532,0,0,1
2500,2503,2533,0,0,1
2516,2533,2534,0,0,1
2520,2534,2535,0,0,1
2532,2531,2536,0,0,1
2507,2536,2537,0,0,1
2535,2502,2538,0,0,1
2525,2538,2539,0,0,1
2537,2528,2540,0,0,1
2505,2540,2539,0,0,0
1594,1592,2541,1,1,1,663
1599,1596,2542,1,1,1
1635,1598,2543,1,1,1
1645,2543,2544,1,0,1
1602,2544,2545,1,0,1
2546,2545,2547,1,0,1
2548,2547,2549,1,0,1
1607,1604,2550,1,1,1
1477,2550,2551,1,0,1
1480,2551,2552,1,0,1
2541,2552,2553,0,0,1
2542,2553,2549,0,0,0
2554,2555,2556,1,1,1,8855
2557,2558,2559,1,1,1
2560,2559,2561,1,0,1
2562,2563,2564,1,1,1
2565,2564,2566,1,0,1
2567,2566,2568,1,0,1
2569,2570,2571,1,1,1
2572,2571,2573,1,0,1
2574,2575,2576,1,1,1
2556,2577,2578,0,1,1
2561,2578,2579,0,0,1
2568,2580,2581,0,1,1
2573,2581,2582,0,0,1
2576,2582,2579,0,0,0
2398,2400,2583,0,0,1,597
2584,2396,2585,1,0,1
2586,2585,2587,1,0,1
2588,2587,2589,1,0,1
2445,2590,2591,0,1,1
2442,2591,2592,0,0,1
2458,2592,2593,0,0,1
2456,2593,2594,0,0,1
2583,2594,2589,0,0,0
2529,2511,2595,0,0,1,9045
2526,2530,2596,0,0,1
2597,2596,2598,1,0,1
2599,2598,2600,1,0,1
2601,2600,2602,1,0,1
2603,2602,2604,1,0,1
2392,2604,2595,0,0,0
2294,2347,2605,0,0,1,12372
1942,2605,2606,0,0,1
2607,2606,2608,1,0,1
2609,2608,2610,1,0,1
2611,2612,2613,1,1,1
2614,2613,2615,1,0,1
2616,2615,2617,1,0,1
2618,2617,2619,1,0,1
2620,2619,2621,1,0,1
2258,2621,2610,0,0,0
484,486,2622,0,0,1,661
482,2622,2623,0,0,1
2624,2625,2626,1,1,1
2627,2628,2629,1,1,1
2630,2629,2631,1,0,1
2632,2631,2633,1,0,1
2634,2633,2635,1,0,1
2636,2637,2638,1,1,1
2639,2638,2640,1,0,1
2279,2640,2641,0,0,1
2623,2641,2642,0,0,1
2626,2642,2635,0,0,0
2620,2260,2643,0,0,1,16470
2618,2643,2644,0,0,1
2645,2644,2646,1,0,1
2519,2522,2647,0,0,1
2517,2647,2646,0,0,0
2281,2348,2648,0,0,1,17046
2639,2278,2649,0,0,1
2650,2649,2651,1,0,1
2652,2651,2653,1,0,1
2654,2653,2655,1,0,1
2350,2354,2656,0,0,1
2648,2351,2657,0,0,1
2655,2657,2656,0,0,0
2603,2394,2658,0,0,1,8789
2601,2658,2659,0,0,1
2660,2659,2661,1,0,1
2662,2663,2664,1,1,1
2665,2664,2666,1,0,1
2667,2666,2668,1,0,1
2669,2668,2670,1,0,1
2671,2670,2672,1,0,1
2673,2672,2674,1,0,1
2675,2674,2676,1,0,1
2677,2678,2679,1,1,1
2680,2679,2681,1,0,1
2584,2682,2683,0,1,1
2676,2661,2684,0,0,1
2681,2684,2683,0,0,0
2416,2419,2685,0,0,1,920
2686,2685,2687,1,0,1
2365,2687,2688,0,0,1
2689,2688,2690,1,0,1
2422,2690,2418,0,0,0
2378,2407,2691,0,0,1,663
2385,2691,2692,0,0,1
2374,2692,2693,0,0,1
2375,2693,2694,0,0,1
2370,2372,2695,0,0,1
2686,2368,2696,0,0,1
2413,2696,2697,0,0,1
2414,2697,2698,0,0,1
2411,2698,2699,0,0,1
2694,2409,2700,0,0,1
2695,2700,2699,0,0,0
1939,2607,2701,0,0,1,8275
1937,1940,2702,0,0,1
2703,2702,2704,1,0,1
2705,2704,2706,1,0,1
2707,2706,2708,1,0,1
2612,2708,2709,0,0,1
2609,2709,2701,0,0,0
2451,2453,2710,0,0,1,597
2711,2710,2712,1,0,1
2713,2712,2714,1,0,1
2625,2715,2716,0,1,1
480,2716,2714,0,0,0
2588,2590,2717,0,0,1,853
2682,2586,2718,0,0,1
2680,2718,2719,0,0,1
2720,2719,2721,1,0,1
2722,2721,2723,1,0,1
2724,2723,2725,1,0,1
2726,2725,2727,1,0,1
2444,2727,2717,0,0,0
2652,2654,2728,0,0,1,8854
2729,2728,2730,1,0,1
2731,2732,2733,1,1,1
2734,2733,2735,1,0,1
2736,2737,2738,1,1,1
2739,2738,2740,1,0,1
2741,2740,2742,1,0,1
2743,2742,2744,1,0,1
2745,2744,2746,1,0,1
2359,2746,2747,0,0,1
2356,2747,2748,0,0,1
2353,2748,2749,0,0,1
2730,2749,2735,0,0,0
2750,2751,2752,1,1,1,663
2753,2754,2755,1,1,1
2756,2755,2757,1,0,1
2758,2757,2759,1,0,1
2760,2759,2752,1,0,0
2636,2650,2761,0,0,1,8853
2634,2637,2762,0,0,1
2763,2632,2764,1,0,1
2765,2764,2766,1,0,1
2736,2766,2767,0,0,1
2734,2737,2768,0,0,1
2731,2768,2769,0,0,1
2729,2732,2770,0,0,1
2762,2761,2771,0,0,1
2767,2771,2772,0,0,1
2769,2772,2770,0,0,0
2675,2678,2773,0,0,1,597
2673,2773,2774,0,0,1
2775,2776,2777,1,1,1
2722,2777,2778,0,0,1
2720,2778,2779,0,0,1
2677,2779,2774,0,0,0
2616,2645,2780,0,0,1,16469
2781,2780,2782,1,0,1
2783,2782,2784,1,0,1
2785,2786,2787,1,1,1
2788,2787,2789,1,0,1
2790,2789,2791,1,0,1
2792,2791,2793,1,0,1
2521,2793,2784,0,0,0
2724,2726,2794,0,0,1,8789
2775,2794,2795,0,0,1
2796,2795,2797,1,0,1
2798,2797,2799,1,0,1
2800,2801,2802,1,1,1
2803,2804,2805,1,1,1
2806,2805,2807,1,0,1
2808,2807,2809,1,0,1
2810,2811,2812,1,1,1
2813,2814,2815,1,1,1
2816,2817,2818,1,1,1
2819,2818,2820,1,0,1
2821,2822,2823,1,1,1
2824,2825,2826,1,1,1
2624,2827,2828,0,1,1
2715,2828,2829,0,0,1
2713,2829,2830,0,0,1
2449,2711,2831,0,0,1
2799,2447,2832,0,0,1
2812,2809,2833,0,0,1
2834,2833,2835,1,0,1
2815,2835,2836,0,0,1
2820,2837,2838,0,1,1
2826,2823,2839,0,0,1
2830,2839,2840,0,0,1
2831,2840,2841,0,0,1
2832,2841,2842,0,0,1
2802,2842,2843,0,0,1
2836,2844,2845,0,1,1
2838,2845,2843,0,0,0
2524,2527,2846,0,0,1,8276
2792,2846,2847,0,0,1
2790,2847,2848,0,0,1
2849,2848,2850,1,0,1
2851,2850,2852,1,0,1
2853,2852,2854,1,0,1
2855,2854,2597,1,0,0
2705,2707,2856,0,0,1,8276
2857,2856,2858,1,0,1
2859,2858,2860,1,0,1
2861,2860,2862,1,0,1
2863,2862,2864,1,0,1
2781,2783,2865,0,0,1
2614,2865,2866,0,0,1
2611,2866,2864,0,0,0
1934,2703,2867,0,0,1,83
2868,2867,2869,1,0,1
2870,2869,2871,1,0,1
2872,2871,2857,1,0,0
2363,2366,2873,0,0,1,9112
2874,2361,2875,1,0,1
2876,2877,2878,1,1,1
2879,2880,2881,1,1,1
2882,2883,2884,1,1,1
2885,2886,2887,1,1,1
2425,2887,2888,0,0,1
2421,2888,2889,0,0,1
2873,2689,2890,0,0,1
2875,2890,2891,0,0,1
2878,2892,2893,0,1,1
2881,2893,2894,0,0,1
2884,2894,2895,0,0,1
2889,2895,2891,0,0,0
52,49,2896,1,1,1,182
2897,2896,2898,1,0,1
2464,2899,2900,0,1,1
2465,2900,2901,0,0,1
2462,2901,2902,0,0,1
47,2902,2898,1,0,0
2788,2849,2903,0,0,1,12372
2785,2903,2904,0,0,1
2905,2904,2906,1,0,1
2907,2908,2909,1,1,1
2910,2911,2912,1,1,1
2851,2912,2913,0,0,1
2906,2913,2909,0,0,0
1931,1935,2914,0,0,1,28754
1964,1932,2915,0,0,1
1929,2915,2916,0,0,1
2917,2916,2918,1,0,1
2919,2918,2920,1,0,1
2868,2920,2914,0,0,0
2855,2599,2921,0,0,1,8277
2910,2853,2922,0,0,1
2923,2922,2924,1,0,1
2925,2924,2926,1,0,1
2663,2926,2927,0,0,1
2660,2927,2921,0,0,0
170,173,2928,0,0,1,919
2929,2928,2930,1,0,1
2931,2930,2932,1,0,1
540,2933,2934,1,1,1
544,542,2935,1,1,1
547,2935,2936,1,0,1
2937,546,2938,1,1,1
2939,2940,2941,1,1,1
2942,2941,2943,1,0,1
2944,2943,2945,1,0,1
2946,2945,2947,1,0,1
2948,2947,2949,1,0,1
2950,2951,2952,1,1,1
2953,2952,2954,1,0,1
2955,2954,2956,1,0,1
1500,2957,2958,1,1,1
2932,1502,2959,0,1,1
2934,2959,2960,0,0,1
2938,2936,2961,0,0,1
2949,2961,2962,0,0,1
2956,2962,2963,0,0,1
2958,2963,2960,0,0,0
2671,2776,2964,0,0,1,596
2965,2964,2966,1,0,1
2967,2966,2968,1,0,1
2969,2968,2970,1,0,1
2971,2970,2796,1,0,0
51,2897,2972,1,0,1,950
57,54,2973,1,1,1
2974,2973,2975,1,0,1
2976,2975,2977,1,0,1
2978,2977,2972,1,0,0
2907,2911,2979,0,0,1,8276
2980,2908,2981,1,0,1
2982,2981,2983,1,0,1
2984,2983,2985,1,0,1
2662,2985,2986,0,0,1
2925,2986,2987,0,0,1
2923,2987,2979,0,0,0
2919,2870,2988,0,0,1,82
1927,2917,2989,0,0,1
2990,2989,2991,1,0,1
2992,2993,2994,1,1,1
2995,2994,2996,1,0,1
2859,2996,2997,0,0,1
2872,2997,2998,0,0,1
2988,2998,2991,0,0,0
2745,2358,2999,0,0,1,9111
3000,2999,2874,1,0,0
159,161,3001,0,0,1,3478
3002,3001,3003,1,0,1
3004,3003,3005,1,0,1
3006,3005,3007,1,0,1
164,3007,207,0,0,0
3008,3009,3010,1,1,1,3382
292,3010,3011,0,0,1
157,3011,3012,1,0,1
3002,3012,3013,1,0,1
3014,3013,3015,1,0,1
3016,3015,3017,1,0,1
3018,3019,3020,1,1,1
3021,3020,3017,1,0,0
3022,387,3023,1,1,1,919
3024,3025,3026,1,1,1
3027,3026,3028,1,0,1
3029,3028,3030,1,0,1
382,3031,3032,1,1,1
381,3032,3033,1,0,1
3023,384,3034,0,1,1
3035,3034,3036,1,0,1
3037,3036,3038,1,0,1
3030,3038,3033,0,0,0
2969,2971,3039,0,0,1,8788
3040,3039,3041,1,0,1
3042,3043,3044,1,1,1
2965,3044,3045,0,0,1
2669,3045,3046,0,0,1
2667,3046,3047,0,0,1
2984,2665,3048,0,0,1
2982,3048,3049,0,0,1
3050,3049,3051,1,0,1
3052,3051,3053,1,0,1
3054,3053,3055,1,0,1
3056,3057,3058,1,1,1
3059,3060,3061,1,1,1
3062,3061,3063,1,0,1
3064,3063,3065,1,0,1
2804,3065,3066,0,0,1
2844,3066,3067,0,0,1
2798,2801,3068,0,0,1
3041,3068,3069,0,0,1
3058,3055,3070,0,0,1
3071,3070,3072,1,0,1
3073,3072,3074,1,0,1
3069,2800,3075,0,0,1
3076,3075,3077,1,0,1
3078,3077,3079,1,0,1
3074,3047,3080,0,0,1
3067,3080,3079,0,0,0
2978,2899,3081,0,0,1,183
3082,3081,3083,1,0,1
3084,3085,3086,1,1,1
3087,3086,3088,1,0,1
3089,3088,3090,1,0,1
3091,3090,3092,1,0,1
3093,3092,3094,1,0,1
3095,3094,3096,1,0,1
3097,3096,3098,1,0,1
3099,3098,3083,1,0,0
3100,65,3101,1,1,1,950
3102,3101,3103,1,0,1
2944,3103,3104,0,0,1
3105,3104,3106,1,0,1
3107,3106,62,1,0,1
3108,3109,3110,1,1,1,3383
3111,3110,3112,1,0,1
3113,3112,3114,1,0,1
3115,3114,3116,1,0,1
3117,3116,3118,1,0,1
3119,3118,3120,1,0,1
3121,3120,3122,1,0,1
3123,3122,3124,1,0,1
3125,3124,3126,1,0,1
3127,3128,3129,1,1,1
1431,3130,3131,0,1,1
3132,3131,3133,1,0,1
3134,3133,3135,1,0,1
3136,3137,3138,1,1,1
226,3139,3140,0,1,1
222,3140,3141,0,0,1
3142,3141,3143,1,0,1
3144,3143,3145,1,0,1
3146,3147,3148,1,1,1
3149,3148,3150,1,0,1
3151,3150,3152,1,0,1
3126,3152,3153,0,0,1
3135,3129,3154,0,0,1
3155,3154,3156,1,0,1
3138,3157,3158,0,1,1
3145,3159,3160,0,1,1
3156,3153,3161,0,0,1
3160,3158,3162,0,0,1
3163,3162,3161,1,0,0
3164,2739,3165,1,0,1,8855
2892,3166,3167,0,1,1
3000,3167,3168,0,0,1
2743,3168,3169,0,0,1
2741,3169,3165,0,0,0
2763,2765,3170,0,0,1,8854
2630,3170,3171,0,0,1
3172,3171,3173,1,0,1
2876,3174,3175,0,1,1
3166,2877,3176,0,0,1
3173,3164,3177,0,0,1
3175,3177,3176,0,0,0
2946,3102,3178,1,1,1,918
2948,3178,3179,1,0,1
2951,3179,3180,1,0,1
2950,3180,3181,1,0,1
2953,3181,3182,1,0,1
2957,2955,3183,1,1,1
1497,3183,3184,0,0,1
3185,3184,3186,1,0,1
3187,3185,3188,1,0,1
64,3188,3189,0,0,1
3100,3189,3190,1,0,1
3182,3190,3186,0,0,0
3191,2431,3192,1,0,1,663
3193,3192,3194,1,0,1
3195,3194,3196,1,0,1
3197,3196,3198,1,0,1
3199,3200,3201,1,1,1
3202,3203,3204,1,1,1
2427,3204,3205,0,0,1
3206,3205,3207,1,0,1
3208,3207,3209,1,0,1
3210,3209,3211,1,0,1
3212,3211,3213,1,0,1
3214,3215,3216,1,1,1
3217,3216,3218,1,0,1
3219,3218,3220,1,0,1
3221,3222,3223,1,1,1
3224,3223,3225,1,0,1
3226,3225,3227,1,0,1
3228,3227,3229,1,0,1
3024,3229,3230,0,0,1
3231,3025,3232,1,0,1
3233,3234,3235,1,1,1
3035,3236,3237,0,1,1
3022,3237,3238,0,0,1
3198,3238,3239,0,0,1
3240,3239,3241,1,0,1
3201,3241,3242,0,0,1
3213,3242,3243,0,0,1
3220,3243,3244,0,0,1
3245,3244,3246,1,0,1
3230,3247,3248,0,1,1
3232,3248,3249,0,0,1
3235,3249,3246,0,0,0
2863,2786,3250,0,0,1,8277
2861,3250,3251,0,0,1
2995,3251,3252,0,0,1
3253,3252,3254,1,0,1
3255,3254,3256,1,0,1
3052,3256,3257,0,0,1
3050,3257,3258,0,0,1
2980,3258,2905,0,0,0
225,3139,3259,1,1,1,3382
228,3259,3260,1,0,1
3261,3260,3262,1,0,1
3155,3134,3263,1,1,1
3157,3263,3264,1,0,1
3137,3264,3265,1,0,1
3159,3136,3266,1,1,1
3262,3266,3265,0,0,0
370,374,3267,0,0,1,41616
368,371,3268,0,0,1
364,366,3269,0,0,1
1618,3269,3270,0,0,1
1464,3270,3271,0,0,1
3272,3271,3273,1,0,1
3274,3273,3275,1,0,1
1466,3275,3276,0,0,1
3277,1465,3278,1,0,1
373,3278,3279,0,0,1
3267,3279,3280,0,0,1
3268,3280,3276,0,0,0
60,56,3281,1,1,1,182
59,3281,3282,1,0,1
3107,3282,3283,0,0,1
3084,3283,3284,0,0,1
3082,3085,3285,0,0,1
2976,3285,3286,0,0,1
2974,3286,3284,0,0,0
2429,3191,3287,0,0,1,664
3202,3287,3288,0,0,1
3203,3288,3289,0,0,1
3240,3200,3290,0,0,1
3197,3290,3291,0,0,1
3195,3291,3292,0,0,1
3289,3193,3293,0,0,1
3199,3293,3292,0,0,0
2824,2827,3294,0,0,1,597
2821,2825,3295,0,0,1
2819,2822,3296,0,0,1
3297,3296,3298,1,0,1
3294,2628,3299,0,0,1
3295,3299,3298,0,0,0
3099,2467,3300,0,0,1,951
3301,3302,3303,1,1,1
2472,3304,3305,0,1,1
2469,3305,3306,0,0,1
2494,2470,3307,0,0,1
3300,3307,3308,0,0,1
3303,3308,3306,0,0,0
2885,2424,3309,0,0,1,8855
3310,3309,3311,1,0,1
3312,3311,3313,1,0,1
3208,3314,3315,0,1,1
3206,3315,3313,0,0,0
2931,2929,3316,1,1,1,823
2933,3316,3317,1,0,1
538,3317,3318,0,0,1
3319,3318,3320,1,0,1
3321,3320,3322,1,0,1
3323,3324,3325,1,1,1
533,3325,3326,0,0,1
3327,3326,3328,1,0,1
3329,3328,3330,1,0,1
3331,3330,3332,1,0,1
3333,3332,3334,1,0,1
3335,3336,3337,1,1,1
3338,3339,3340,1,1,1
3341,3340,3342,1,0,1
3343,3342,3344,1,0,1
3345,3346,3347,1,1,1
3348,3347,3349,1,0,1
3350,3349,3351,1,0,1
3352,3353,3354,1,1,1
3355,3354,3356,1,0,1
3322,3356,3357,0,0,1
3334,3357,3358,0,0,1
3337,3358,3359,0,0,1
3344,3359,3351,0,0,0
1925,2990,3360,0,0,1,36944
1923,3360,3361,0,0,1
3362,1921,3363,1,0,1
2992,3363,3364,0,0,1
2993,3364,3361,0,0,0
2942,3105,3365,0,0,1,951
3366,3365,3087,1,0,0
2882,2886,3367,0,0,1,9111
3368,2879,3369,1,0,1
3370,3369,3371,1,0,1
3372,3371,3373,1,0,1
3374,3373,3375,1,0,1
3376,3375,3377,1,0,1
3378,3377,3379,1,0,1
3310,3380,3381,0,1,1
3367,3381,3382,0,0,1
3379,2883,3383,0,0,1
3384,3383,3382,1,0,0
3385,3174,3386,1,0,1,17046
3368,3387,3388,0,1,1
2880,3388,3386,0,0,0
3233,3236,3389,0,0,1,664
3234,3389,3390,0,0,1
3231,3390,3037,0,0,0
3042,2967,3391,0,0,1,595
3043,3391,3392,0,0,1
3078,3392,3393,0,0,1
3076,3393,3040,0,0,0
2627,3172,3394,0,0,1,8853
3297,3394,3395,0,0,1
2816,3395,3396,0,0,1
3397,3396,3398,1,0,1
3399,3398,3385,1,0,0
3095,3097,3400,0,0,1,1719
3401,3093,3402,1,0,1
3403,3402,3404,1,0,1
3405,3404,3406,1,0,1
3407,3406,3408,1,0,1
3302,3408,3400,0,0,0
3384,3380,3409,0,0,1,919
3378,3409,3410,0,0,1
3411,3410,3412,1,0,1
3413,3412,3414,1,0,1
3415,3414,3312,1,0,0
1433,3130,3416,1,1,1,55
3417,3416,3418,1,0,1
3419,3418,3127,1,0,1
3362,3253,3420,0,0,1,595
1919,3420,3421,0,0,1
3422,1916,3423,1,0,1
3424,3423,3425,1,0,1
3426,3425,3427,1,0,1
3428,3427,3429,1,0,1
3430,3429,3421,1,0,0
3431,3432,3433,1,1,1,662
3415,3433,3434,1,0,1
3314,3434,3435,1,0,1
3210,3435,3436,1,0,1
3215,3212,3437,1,1,1
3438,3214,3439,1,1,1
3440,3439,3441,1,0,1
3442,3441,3443,1,0,1
3444,3443,3445,1,0,1
3446,3447,3448,1,1,1
3449,3448,3450,1,0,1
3436,3449,3451,0,0,1
3437,3451,3452,0,0,1
3445,3452,3450,0,0,0
3430,3255,3453,0,0,1,594
3426,3428,3454,0,0,1
3455,3454,3456,1,0,1
3457,3456,3458,1,0,1
3459,3458,3460,1,0,1
3461,3460,3462,1,0,1
3463,3464,3465,1,1,1
3466,3467,3468,1,1,1
3469,3468,3470,1,0,1
3471,3470,3472,1,0,1
3060,3472,3473,0,0,1
3474,3475,3476,1,1,1
3057,3477,3478,0,1,1
3054,3478,3479,0,0,1
3453,3479,3480,0,0,1
3462,3480,3481,0,0,1
3482,3481,3483,1,0,1
3465,3483,3484,0,0,1
3476,3473,3485,0,0,1
3486,3485,3487,1,0,1
3488,3487,3484,1,0,0
2476,2478,3489,0,0,1,182
3304,2474,3490,0,0,1
3491,3490,3492,1,0,1
3493,3492,3494,1,0,1
3495,3494,3496,1,0,1
3497,3496,3498,1,0,1
2481,3498,3489,0,0,0
3499,3500,3501,1,1,1,151
3502,3503,3504,1,1,1
3505,3506,3507,1,1,1
3508,3507,3509,1,0,1
3510,3511,3512,1,1,1
3513,3512,3514,1,0,1
3515,3516,3517,1,1,1
3518,3519,3520,1,1,1
3521,3520,3522,1,0,1
1439,3522,3523,0,0,1
1458,1440,3524,0,0,1
1462,3524,3525,0,0,1
1456,3525,3526,0,0,1
1437,3526,3527,0,0,1
3528,3527,3529,1,0,1
3530,3529,3531,1,0,1
3532,3531,3533,1,0,1
3534,3535,3536,1,1,1
640,3537,3538,0,1,1
636,3538,3539,0,0,1
637,3539,3540,0,0,1
634,3540,3541,0,0,1
3501,3541,3542,0,0,1
3504,3542,3543,0,0,1
3509,3543,3544,0,0,1
3514,3544,3545,0,0,1
3517,3545,3546,0,0,1
3547,3546,3548,1,0,1
3523,3549,3550,0,1,1
3533,3550,3551,0,0,1
3536,3551,3548,0,0,0
3056,3071,3552,0,0,1,595
3488,3477,3553,0,0,1
3486,3553,3554,0,0,1
3474,3554,3555,0,0,1
3073,3475,3556,0,0,1
3552,3556,3555,0,0,0
3497,2480,3557,0,0,1,694
3558,3557,3559,1,0,1
3560,3561,3562,1,1,1
3563,3562,3564,1,0,1
3565,3564,3566,1,0,1
3567,3566,3568,1,0,1
3569,3568,3570,1,0,1
3571,3570,3572,1,0,1
3573,3572,3574,1,0,1
3575,3576,3577,1,1,1
28,3577,3578,1,0,1
30,3578,3579,1,0,1
32,3579,3580,1,0,1
2486,3580,3581,0,0,1
2483,3581,3582,0,0,1
2484,3582,3583,0,0,1
3559,3583,3584,0,0,1
3585,3584,3574,1,0,0
3586,1435,3587,1,1,1,567
3588,3587,3589,1,0,1
3590,642,3591,1,1,1
3592,3591,3593,1,0,1
3128,3593,3594,1,0,1
3419,3594,3595,0,0,1
3589,3417,3596,0,0,1
639,3596,3595,1,0,0
3029,3597,3598,0,1,1,1687
3027,3598,3599,0,0,1
3228,3599,3600,0,0,1
3601,3600,3602,1,0,1
3603,3602,3604,1,0,1
3605,3604,3606,1,0,1
3607,3606,3608,1,0,1
3609,3608,3610,1,0,1
3611,3610,3612,1,0,1
3376,3411,3613,0,0,1,8855
3614,3374,3615,1,0,1
3616,3617,3618,1,1,1
3619,3618,3620,1,0,1
3621,3622,3623,1,1,1
3413,3431,3624,0,1,1
3613,3624,3625,0,0,1
3615,3625,3626,0,0,1
3620,3626,3623,0,0,0
3399,3387,3627,0,0,1,12950
3628,3627,3629,1,0,1
3630,3629,3631,1,0,1
3632,3631,3633,1,0,1
3634,3633,3635,1,0,1
3617,3635,3636,0,0,1
3614,3636,3637,0,0,1
3372,3637,3370,0,0,0
3407,3301,3638,0,0,1,183
3405,3638,3639,0,0,1
3640,3639,3641,1,0,1
3642,3641,3643,1,0,1
3644,3643,3645,1,0,1
3646,3645,3647,1,0,1
3493,3647,3491,0,0,0
3091,3401,3648,0,0,1,1718
3649,3648,3650,1,0,1
3651,3650,3652,1,0,1
3653,3652,3654,1,0,1
3655,3654,3656,1,0,1
3657,3656,3658,1,0,1
3659,3658,3660,1,0,1
3661,3660,3662,1,0,1
3663,3662,3664,1,0,1
3642,3665,3666,0,1,1
3640,3666,3667,0,0,1
3403,3667,3664,0,0,0
2813,2837,3668,0,0,1,8790
3669,3670,3671,1,1,1
3672,3673,3674,1,1,1
3675,3674,3676,1,0,1
3677,3676,3678,1,0,1
3628,3678,3679,0,0,1
3397,3679,3680,0,0,1
2817,3680,3681,0,0,1
3671,3668,3682,0,0,1
3683,3682,3681,1,0,0
1913,1917,3684,0,0,1,29264
1914,3684,3685,0,0,1
1911,3685,3686,0,0,1
1908,3686,3687,0,0,1
1986,1909,3688,0,0,1
1905,3688,3689,0,0,1
1906,3689,3690,0,0,1
1903,3690,3691,0,0,1
1900,3691,3692,0,0,1
1897,1901,3693,0,0,1
3694,1898,3695,1,0,1
3696,3695,3697,1,0,1
3698,3697,3699,1,0,1
3700,3699,3701,1,0,1
3422,3701,3702,0,0,1
3692,3687,3703,0,0,1
3693,3703,3702,0,0,0
3646,3495,3704,0,0,1,695
3561,3704,3705,0,0,1
3585,3705,3558,0,0,0
3621,3706,3707,1,1,1,8854
3432,3707,3708,0,0,1
3709,3708,3710,1,0,1
3632,3634,3711,0,0,1,8343
3712,3711,3713,1,0,1
3714,3713,3715,1,0,1
3716,3715,3717,1,0,1
3718,3717,3616,1,0,0
3719,3720,3721,1,1,1,150
3722,3721,3723,1,0,1
3724,3725,3726,1,1,1
3727,3726,3728,1,0,1
3729,3728,3730,1,0,1
3731,3732,3733,1,1,1
3734,3733,3735,1,0,1
3736,3737,3738,1,1,1
3739,3740,3741,1,1,1
3742,3741,3743,1,0,1
3744,3743,3745,1,0,1
3746,3747,3748,1,1,1
3749,3750,3751,1,1,1
3752,3753,3754,1,1,1
3755,3754,3756,1,0,1
3757,3756,3758,1,0,1
3759,3758,3760,1,0,1
3761,3760,3762,1,0,1
3763,3764,3765,1,1,1
3766,3765,3767,1,0,1
3768,3769,3770,1,1,1
3771,3770,3772,1,0,1
571,3772,3773,0,0,1
620,3773,3774,0,0,1
567,3774,3775,0,0,1
3776,568,3777,1,0,1
3778,3777,3779,1,0,1
563,3780,3781,0,1,1
560,3781,3782,0,0,1
558,561,3783,0,0,1
556,3783,3784,0,0,1
554,3784,3785,0,0,1
552,3785,3786,0,0,1
2939,3786,3787,1,0,1
3366,3787,3788,1,0,1
3089,3788,3789,1,0,1
3649,3789,3790,1,0,1
3723,3791,3792,0,1,1
3730,3792,3793,0,0,1
3735,3793,3794,0,0,1
3738,3795,3796,0,1,1
3736,3796,3797,0,0,1
3745,3798,3799,0,1,1
3748,3799,3800,0,0,1
3751,3800,3801,0,0,1
3762,3801,3802,0,0,1
3767,3802,3803,0,0,1
3779,3775,3804,0,0,1
3782,3805,3806,0,1,1
3790,3806,3807,0,0,1
3794,3807,3808,0,0,1
3809,3808,3810,1,0,1
3803,3797,3811,0,0,1
3812,3811,3813,1,0,1
3810,3804,3814,0,0,1
3815,3814,3813,1,0,0
3519,3549,3816,1,1,1,663
3817,3816,3818,1,0,1
3515,3818,3547,1,0,1
3219,3245,3819,0,0,1,8855
3820,3819,3821,1,0,1
3222,3821,3247,0,0,0
3669,3683,3822,0,0,1,598
2814,3670,3823,0,0,1
2834,3823,3824,0,0,1
2810,3824,3825,0,0,1
3826,3825,3827,1,0,1
3672,3828,3829,0,1,1
3822,3673,3830,0,0,1
3827,3830,3829,0,0,0
3471,3059,3831,0,0,1,8789
3832,3831,3833,1,0,1
3834,3833,3835,1,0,1
3836,3835,3837,1,0,1
3838,3837,3839,1,0,1
3840,3839,3841,1,0,1
3842,3841,3062,1,0,0
3665,3644,3843,0,0,1,950
3663,3843,3844,0,0,1
3845,3661,3846,1,0,1
3847,3846,3848,1,0,1
3560,3848,3844,0,0,0
3791,3651,3849,1,0,1,1687
3720,3849,3850,1,0,1
3851,3850,3852,1,0,1
3853,3852,3854,1,0,1
3655,3854,3653,0,0,0
3855,3466,3856,1,0,1,8787
3857,3856,3858,1,0,1
3859,3858,3860,1,0,1
3834,3860,3861,0,0,1
3832,3861,3469,0,0,0
3535,3532,3862,1,1,1,663
3537,3534,3863,1,1,1
3588,3863,3864,0,0,1
3865,3864,3862,1,0,0
3866,3867,3868,1,1,1,41104
3869,3870,3871,1,1,1
3518,3871,3872,0,0,1
3817,3872,3873,1,0,1
3516,3873,3874,0,0,1
3513,3874,3875,0,0,1
3508,3511,3876,0,0,1
3505,3876,3877,0,0,1
3878,3877,3879,1,0,1
3875,3868,3880,0,0,1
3510,3880,3879,0,0,0
3716,3714,3881,1,1,1,8342
3619,3718,3882,1,1,1
3622,3882,3883,1,0,1
3706,3883,3884,0,0,1
3885,3884,3886,1,0,1
3887,3886,3888,1,0,1
3889,3888,3890,1,0,1
3891,3890,3892,1,0,1
3893,3894,3895,1,1,1
3896,3897,3898,1,1,1
3899,3898,3900,1,0,1
3901,3900,3902,1,0,1
3903,3902,3904,1,0,1
3905,3904,3906,1,0,1
3677,3906,3907,1,0,1
3630,3907,3908,1,0,1
3712,3908,3909,1,0,1
3881,3909,3910,0,0,1
3892,3910,3895,0,0,0
3828,3675,3911,0,0,1,597
2811,3826,3912,0,0,1
3913,2808,3914,1,0,1
3901,3914,3915,1,0,1
3905,3903,3916,1,1,1
3911,3916,3917,0,0,1
3912,3917,3915,0,0,0
3842,3064,3918,0,0,1,597
3919,3918,3920,1,0,1
3921,3920,3922,1,0,1
3923,3922,3924,1,0,1
3925,3926,3927,1,1,1
2806,3927,3928,0,0,1
2803,3928,3924,0,0,0
3700,3424,3929,0,0,1,593
3698,3929,3930,0,0,1
3931,3932,3933,1,1,1
3457,3934,3935,0,1,1
3455,3935,3936,0,0,1
3930,3936,3933,0,0,0
3853,3657,3937,0,0,1,1686
3719,3851,3938,1,0,1
3939,3938,3940,1,0,1
3941,3942,3943,1,1,1
3944,3943,3945,1,0,1
3845,3945,3946,0,0,1
3659,3946,3947,0,0,1
3937,3947,3940,0,0,0
3948,3949,3950,1,1,1,41776
3951,3952,3953,1,1,1
3954,3955,3956,1,1,1
3115,3956,3957,0,0,1
3950,3957,3953,0,0,0
3958,3442,3959,1,1,1,663
3960,3959,3961,1,0,1
3962,3961,3963,1,0,1
3964,3963,3965,1,0,1
3966,3965,3967,1,0,1
3968,3969,3970,1,1,1
3971,3972,3973,1,1,1
3974,3975,3976,1,1,1
3977,3976,3978,1,0,1
3979,3978,3980,1,0,1
3981,3980,3982,1,0,1
3970,3967,3983,0,0,1
3984,3983,3985,1,0,1
3973,3985,3982,0,0,0
3986,3987,3988,1,1,1,2998
3989,3988,3990,1,0,1
3226,3601,3991,0,0,1,919
3224,3991,3992,0,0,1
3820,3221,3993,0,0,1
3979,3994,3995,0,1,1
3996,3995,3997,1,0,1
3998,3999,4000,1,1,1
4001,4000,4002,1,0,1
4003,4002,4004,1,0,1
4005,4006,4007,1,1,1
4008,4009,4010,1,1,1
4011,4010,4012,1,0,1
3603,4012,4013,0,0,1
3992,4013,4014,0,0,1
3993,4014,4015,0,0,1
3217,4015,4016,0,0,1
4004,3997,4017,0,0,1
4007,4017,4018,0,0,1
4019,4018,4016,1,0,0
4020,4021,4022,1,1,1,8789
3925,4022,4023,1,0,1
3913,4023,4024,1,0,1
3899,4024,4025,0,0,1
4026,4025,4027,1,0,1
4028,3840,4029,1,0,1,12884
4030,4031,4032,1,1,1
4033,4032,4034,1,0,1
4035,4034,4036,1,0,1
4037,4036,4038,1,0,1
3919,4038,4029,0,0,0
3931,3934,4039,0,0,1,37456
3932,4039,4040,0,0,1
3696,4040,4041,0,0,1
3694,4041,4042,0,0,1
1895,4042,4043,0,0,1
4044,4043,4045,1,0,1
4046,4045,3459,1,0,0
4047,4048,4049,1,1,1,12437
4050,4051,4052,1,1,1
4053,4052,4054,1,0,1
4055,4054,4056,1,0,1
4057,4056,4058,1,0,1
4059,4058,4060,1,0,1
4061,4060,4062,1,0,1
4063,4062,4049,1,0,0
3923,4064,4065,1,1,1,596
3926,4065,4066,1,0,1
4020,4066,4067,0,0,1
4068,4069,4070,1,1,1,2966
4071,4072,4073,1,1,1
4074,4073,4075,1,0,1
4076,4075,4077,1,0,1
4078,4079,4080,1,1,1
4081,4082,4083,1,1,1
4084,4085,4086,1,1,1
3795,4084,4087,0,0,1
3815,4087,4088,0,0,1
3809,4088,4089,0,0,1
3734,4089,4090,0,0,1
3731,4090,4091,0,0,1
4092,4091,4093,1,0,1
3725,4094,4095,0,1,1
3722,4095,4096,0,0,1
3939,4096,4097,1,0,1
3942,4097,4098,1,0,1
3941,4098,4099,1,0,1
3847,3944,4100,1,1,1
3563,4100,4101,1,0,1
4102,4101,4103,1,0,1
4104,4103,4105,1,0,1
4106,4105,4107,1,0,1
4108,4107,4109,1,0,1
4110,4111,4112,1,1,1
4070,4112,4113,0,0,1
4077,4113,4114,0,0,1
4115,4114,4116,1,0,1
4080,4116,4117,0,0,1
4086,4083,4118,0,0,1
4093,4118,4119,0,0,1
4099,4119,4120,0,0,1
4109,4120,4121,0,0,1
4122,4121,4117,1,0,0
4123,4124,4125,1,1,1,8341
4126,4125,4127,1,0,1
4026,4127,4128,0,0,1
3896,4128,4129,0,0,1
3859,3836,4130,0,0,1,8788
3857,4130,4131,0,0,1
4132,4131,4133,1,0,1
4134,4133,4135,1,0,1
4136,4135,4137,1,0,1
4138,4137,4139,1,0,1
4140,4139,4141,1,0,1
4030,4142,4143,0,1,1
4028,4031,4144,0,0,1
3838,4144,4145,0,0,1
4141,4145,4146,0,0,1
4147,4146,4143,1,0,0
3463,3467,4148,0,0,1,595
3482,3464,4149,0,0,1
4046,3461,4150,0,0,1
1893,4044,4151,0,0,1
1891,4151,4152,0,0,1
4153,4152,4154,1,0,1
4140,4154,4155,0,0,1
4156,4155,4157,1,0,1
4158,4157,4159,1,0,1
4160,4159,4161,1,0,1
4162,4161,4163,1,0,1
4164,4165,4166,1,1,1
4167,4168,4169,1,1,1
4132,4169,4170,0,0,1
3855,4170,4171,0,0,1
4163,4150,4172,0,0,1
4173,4172,4174,1,0,1
4171,4166,4175,0,0,1
4174,4149,4176,0,0,1
4175,4177,4178,0,1,1
4148,4178,4176,0,0,0
4179,3960,4180,1,0,1,662
4181,4180,4182,1,0,1
4183,4182,4184,1,0,1
4185,4184,4186,1,0,1
4187,4186,4188,1,0,1
4189,4188,4190,1,0,1
3964,4191,4192,0,1,1
3962,4192,4190,0,0,0
4173,4177,4193,0,0,1,596
4162,4193,4194,0,0,1
4156,4158,4195,0,0,1
4138,4195,4196,0,0,1
4136,4196,4197,0,0,1
4134,4197,4198,0,0,1
4167,4198,4199,0,0,1
4164,4168,4200,0,0,1
4194,4165,4201,0,0,1
4160,4201,4202,0,0,1
4199,4202,4200,0,0,0
4005,4019,4203,0,0,1,663
4003,4006,4204,0,0,1
4205,4204,4206,1,0,1
4008,4206,4207,0,0,1
4009,4207,4203,0,0,0
4208,4209,4210,1,1,1,12950
4211,4212,4213,1,1,1
4187,4189,4214,0,0,1
4183,4185,4215,0,0,1
4210,4181,4216,0,0,1
4214,4213,4217,0,0,1
4215,4217,4216,0,0,0
4218,4102,4219,1,1,1,662
3576,4220,4221,0,1,1
3573,4221,4222,0,0,1
3569,3571,4223,0,0,1
3565,3567,4224,0,0,1
4219,4224,4225,0,0,1
4226,4225,4227,1,0,1
4222,4227,4223,0,0,0
4228,4047,4229,1,1,1,8855
4230,4229,4231,1,0,1
4232,4231,4233,1,0,1
4234,4233,4235,1,0,1
4236,4235,4237,1,0,1
4238,4237,4239,1,0,1
4240,4241,4242,1,1,1
4243,4244,4245,1,1,1
4246,4247,4248,1,1,1
4249,4248,4250,1,0,1
4251,4250,4252,1,0,1
4253,4252,4254,1,0,1
4255,4254,4256,1,0,1
4257,4256,4258,1,0,1
4259,4258,4260,1,0,1
4261,4260,4262,1,0,1
4263,4264,4265,1,1,1
4266,4267,4268,1,1,1
4269,4270,4271,1,1,1
4272,4271,4273,1,0,1
4274,4273,4275,1,0,1
4276,4275,4277,1,0,1
3966,4278,4279,0,1,1
4191,4279,4280,0,0,1
4281,4212,4282,1,0,1
4283,4282,4284,1,0,1
4239,4284,4285,0,0,1
4242,4285,4286,0,0,1
4245,4286,4287,0,0,1
4262,4287,4288,0,0,1
4265,4288,4289,0,0,1
4277,4268,4290,0,0,1
4280,4290,4291,0,0,1
4211,4291,4289,0,0,0
3968,3984,4292,0,0,1,12951
4278,3969,4293,0,0,1
4276,4293,4294,0,0,1
4272,4274,4295,0,0,1
4266,4270,4296,0,0,1
4297,4296,4298,1,0,1
3974,4298,4299,0,0,1
3971,3975,4300,0,0,1
4292,3972,4301,0,0,1
4294,4301,4302,0,0,1
4295,4302,4303,0,0,1
4299,4269,4304,0,0,1
4300,4304,4303,0,0,0
4305,4306,4307,1,1,1,149
4308,4309,4310,1,1,1
4311,4310,4312,1,0,1
4313,4312,4314,1,0,1
4315,4314,4316,1,0,1
4317,4316,4307,1,0,0
3977,3996,4318,0,0,1,8856
4267,4297,4319,0,0,1
4263,4319,4320,0,0,1
4321,4264,4322,1,0,1
4323,4324,4325,1,1,1
4326,4327,4328,1,1,1
3999,4328,4329,0,0,1
4318,4329,4330,0,0,1
4320,4330,4331,0,0,1
4325,4322,4332,0,0,1
4333,4332,4331,1,0,0
3,0,4334,1,1,1,950
4335,4334,4336,1,0,1
4337,4336,4338,1,0,1
4339,4338,4340,1,0,1
4341,4340,4342,1,0,1
4343,4344,4345,1,1,1,55
4346,4345,4347,1,0,1
3323,4347,4348,1,0,1
4326,3998,4349,0,0,1,664
4327,4349,4350,0,0,1
4333,4350,4351,0,0,1
4352,4351,4353,1,0,1
4354,4355,4356,1,1,1,8277
4357,4358,4359,1,1,1
4360,4359,4361,1,0,1
4362,4361,4363,1,0,1
4308,4363,4356,0,0,0
4364,4365,4366,1,1,1,12372
4035,4366,4367,1,0,1
4368,4369,4370,1,1,1
4371,4370,4367,1,0,0
10,7,4372,1,1,1,3511
9,4372,4373,1,0,1
102,12,4374,1,1,1
4375,4374,4376,1,0,1
814,4376,4377,0,0,1
4378,4379,4380,1,1,1
4381,4382,4383,1,1,1
4384,4385,4386,1,1,1
4387,4386,4388,1,0,1
4389,4388,4390,1,0,1
4373,4390,4391,0,0,1
4380,4377,4392,0,0,1
4383,4392,4391,0,0,0
4393,4142,4394,1,0,1,8277
4395,4394,4396,1,0,1
4397,4396,4398,1,0,1
4399,4398,4400,1,0,1
4401,4400,4402,1,0,1
4403,4402,4404,1,0,1
4405,4404,4406,1,0,1
4407,4406,4408,1,0,1
4409,4408,4410,1,0,1
4364,4410,4033,1,0,0
5,4335,4411,1,0,1,951
4389,4411,4412,0,0,1
4413,4387,4414,1,0,1
4415,4414,4416,1,0,1
4417,4416,4418,1,0,1
4341,4418,4419,0,0,1
4339,4419,4420,0,0,1
4337,4420,4412,0,0,0
4421,4422,4423,1,1,1,8246
4424,4423,4425,1,0,1
4426,4427,4428,1,1,1
4429,4428,4430,1,0,1
4431,4430,4432,1,0,1
4232,4432,4433,0,0,1
4230,4433,4425,0,0,0
1889,4153,4434,0,0,1,83
1887,4434,4435,0,0,1
4436,4435,4437,1,0,1
4438,4439,4440,1,1,1
4441,4442,4443,1,1,1
4444,4443,4445,1,0,1
4437,4445,4440,0,0,0
4362,4311,4446,0,0,1,8245
4447,4360,4448,1,0,1
4449,4448,4450,1,0,1
4451,4450,4452,1,0,1
4453,4452,4454,1,0,1
4455,4456,4457,1,1,1
4458,4459,4460,1,1,1
4461,4462,4463,1,1,1
4464,4465,4466,1,1,1
4467,4466,4468,1,0,1
4469,4468,4470,1,0,1
4471,4470,4472,1,0,1
4473,4472,4474,1,0,1
4424,4474,4475,0,0,1
4421,4475,4476,0,0,1
4477,4476,4478,1,0,1
4457,4454,4479,0,0,1
4460,4479,4480,0,0,1
4463,4480,4481,0,0,1
4482,4481,4483,1,0,1
4478,4484,4485,0,1,1
4446,4485,4483,0,0,0
4486,4487,4488,1,1,1,3478
4489,4488,4490,1,0,1
4491,4490,4492,1,0,1
3575,4492,4493,1,0,1
26,4493,4494,0,0,1
22,24,4495,0,0,1
829,4495,4496,1,0,1
4497,4496,4498,1,0,1
4499,4498,4500,1,0,1
4501,4500,4502,1,0,1
4503,4504,4505,1,1,1
4506,4507,4508,1,1,1
4494,4508,4509,0,0,1
4502,4509,4505,0,0,0
4236,4238,4510,0,0,1,12439
4511,4510,4512,1,0,1
4513,4512,4514,1,0,1
4515,4516,4517,1,1,1
4518,4517,4519,1,0,1
4520,4519,4521,1,0,1
4244,4521,4522,0,0,1
4240,4522,4523,0,0,1
4514,4241,4524,0,0,1
4525,4524,4526,1,0,1
4527,4526,4523,1,0,0
4461,4482,4528,0,0,1,12340
4458,4462,4529,0,0,1
4455,4459,4530,0,0,1
4531,4530,4532,1,0,1
4464,4533,4534,0,1,1
4484,4465,4535,0,0,1
4528,4535,4536,0,0,1
4529,4536,4537,0,0,1
4532,4537,4534,0,0,0
4409,4538,4539,1,1,1,8244
4365,4539,4540,0,0,1
4541,4540,4542,1,0,1
4543,4542,4544,1,0,1
4444,4147,4545,0,0,1,8276
4395,4546,4547,0,1,1
4393,4547,4545,0,0,0
4548,4549,4550,1,1,1,12340
4551,4550,4552,1,0,1
4553,4554,4555,1,1,1
4556,4555,4557,1,0,1
4558,4557,4559,1,0,1
4538,4407,4560,0,1,1
4544,4560,4561,0,0,1
4562,4561,4563,1,0,1
4559,4552,4564,0,0,1
4405,4564,4563,1,0,0
4520,4243,4565,0,0,1,151
4566,4565,4567,1,0,1
4568,4569,4570,1,1,1
4571,4570,4572,1,0,1
4573,4572,4574,1,0,1
4246,4574,4575,0,0,1
4247,4575,4567,0,0,0
4525,4527,4576,0,0,1,8344
4513,4576,4577,0,0,1
4578,4577,4579,1,0,1
4580,4579,4581,1,0,1
4569,4582,4583,0,1,1
4518,4566,4584,0,0,1
4515,4584,4585,0,0,1
4581,4516,4586,0,0,1
4583,4586,4585,0,0,0
4431,4234,4587,0,0,1,8248
4429,4587,4588,0,0,1
4589,4588,4590,1,0,1
4591,4590,4592,1,0,1
4593,4594,4595,1,1,1
4580,4595,4596,0,0,1
4578,4596,4597,0,0,1
4511,4597,4592,0,0,0
4413,4415,4598,0,0,1,694
4599,4598,4600,1,0,1
805,4600,4601,0,0,1
4473,4427,4602,0,0,1,8758
4471,4602,4603,0,0,1
4604,4603,4605,1,0,1
4606,4605,4607,1,0,1
4608,4607,4609,1,0,1
4589,4609,4426,0,0,0
4401,4403,4610,0,0,1,8245
4611,4399,4612,1,0,1
4613,4612,4614,1,0,1
4615,4614,4616,1,0,1
4617,4616,4618,1,0,1
4619,4618,4610,1,0,0
4620,4486,4621,1,0,1,1686
4622,4623,4624,1,1,1
4110,4625,4626,0,1,1
4111,4626,4627,0,0,1
4122,4627,4628,0,0,1
4104,4106,4629,0,0,1
4218,4629,4630,1,0,1
4621,4630,4631,0,0,1
4628,4624,4632,0,0,1
4108,4632,4631,0,0,0
4324,4633,4634,0,1,1,152
4261,4321,4635,0,0,1
4636,4635,4637,1,0,1
4638,4639,4640,1,1,1
4641,4640,4642,1,0,1
4643,4642,4644,1,0,1
4645,4644,4646,1,0,1
4647,4646,4648,1,0,1
4634,4648,4637,0,0,0
4384,4599,4649,0,0,1,711
4650,4649,4651,1,0,1
4652,4651,4653,1,0,1
4654,4655,4656,1,1,1
812,4657,4658,0,1,1
809,4658,4659,0,0,1
807,4659,4660,0,0,1
804,4660,4661,0,0,1
4653,4661,4656,0,0,0
4385,4650,4662,0,0,1,967
4381,4662,4663,0,0,1
4378,4382,4664,0,0,1
811,4379,4665,0,0,1
4657,4665,4666,0,0,1
4654,4666,4667,0,0,1
4652,4655,4668,0,0,1
4663,4668,4669,0,0,1
4664,4669,4667,0,0,0
4582,4568,4670,0,0,1,8247
4593,4670,4671,0,0,1
4594,4671,4672,0,0,1
4673,4672,4674,1,0,1
4675,4676,4677,1,1,1
4678,4677,4679,1,0,1
4680,4679,4681,1,0,1
4682,4681,4683,1,0,1
4684,4685,4686,1,1,1
4687,4686,4688,1,0,1
4689,4688,4690,1,0,1
4674,4690,4683,0,0,0
4620,4623,4691,0,0,1,918
4487,4691,4692,0,0,1
4693,4506,4694,1,0,1
4695,4694,4696,1,0,1
4622,4696,4692,0,0,0
4697,530,4698,1,0,1,919
4699,4698,4700,1,0,1
4701,4700,4702,1,0,1
4703,4702,4704,1,0,1
3327,4704,4705,0,0,1
534,4705,614,0,0,0
4259,4636,4706,0,0,1,8344
4257,4706,4707,0,0,1
4708,4709,4710,1,1,1
4711,4710,4712,1,0,1
4638,4712,4713,0,0,1
4639,4713,4707,0,0,0
4253,4255,4714,0,0,1,151
4715,4251,4716,1,0,1
4717,4716,4718,1,0,1
4719,4720,4721,1,1,1
4709,4721,4722,0,0,1
4714,4722,4718,0,0,0
4573,4249,4723,0,0,1,8343
4724,4723,4725,1,0,1
1005,869,4726,0,0,1
4727,4726,4728,1,0,1
4729,4728,4730,1,0,1
4711,4641,4731,0,0,1
4719,4708,4732,0,0,1
4717,4720,4733,0,0,1
4725,4715,4734,0,0,1
4730,4734,4735,0,0,1
4731,4735,4736,0,0,1
4732,4736,4733,0,0,0
4689,4571,4737,0,0,1,54
4687,4737,4738,0,0,1
4684,4738,4739,0,0,1
4740,4741,4742,1,1,1
4743,4744,4745,1,1,1
868,4745,4746,0,0,1
4724,4746,4747,0,0,1
4739,4747,4742,0,0,0
4748,4749,4750,1,1,1,51
4751,4750,4752,1,0,1
4753,4752,4754,1,0,1
4438,4754,4755,1,0,1
4442,4755,4756,1,0,1
4757,4756,4758,1,0,1
4759,4758,4760,1,0,1
861,865,4761,0,0,1,966
859,862,4762,0,0,1
857,4762,4763,0,0,1
4764,4763,4761,1,0,0
4469,4604,4765,0,0,1,8757
4766,4765,4767,1,0,1
4768,4767,4769,1,0,1
4770,4769,4771,1,0,1
4772,4773,4774,1,1,1
4775,4774,4776,1,0,1
4777,4776,4778,1,0,1
4779,4778,4780,1,0,1
4781,4780,4771,1,0,0
15,4375,4782,1,0,1,694
20,17,4783,1,1,1
826,4783,4784,0,0,1
824,4784,4785,0,0,1
822,4785,4786,0,0,1
816,818,4787,0,0,1
4782,4787,4788,0,0,1
4786,14,4789,0,1,1
820,4789,4788,0,0,0
4753,4439,4790,0,1,1,28722
4751,4790,4791,0,0,1
4792,4748,4793,1,0,1
4794,4793,4791,1,0,0
4795,4794,4796,1,0,1,28720
4797,4795,4798,1,0,1
4799,4798,4800,1,0,1
4801,4802,4803,1,1,1
4804,4805,4806,1,1,1
4807,4804,4808,1,0,1
4809,4808,4810,1,0,1
4811,4812,4813,1,1,1
4814,4813,4815,1,0,1
4816,4817,4818,1,1,1
4819,4818,4820,1,0,1
4821,4820,4822,1,0,1
4823,4822,4824,1,0,1
4825,4824,4826,1,0,1
4827,4826,4828,1,0,1
4829,4830,4831,1,1,1
4832,4831,4833,1,0,1
4834,4833,4835,1,0,1
4836,4837,4838,1,1,1
4839,4838,4840,1,0,1
4841,4842,4843,1,1,1
4844,4843,4845,1,0,1
4846,4845,4847,1,0,1
4848,4849,4850,1,1,1
4851,4850,4852,1,0,1
4853,4854,4855,1,1,1
4856,4857,4858,1,1,1
4859,4860,4861,1,1,1
4862,4863,4864,1,1,1
4865,4864,4866,1,0,1
4867,4866,4868,1,0,1
4869,4870,4871,1,1,1
4872,4873,4874,1,1,1
4875,4874,4876,1,0,1
4877,4876,4878,1,0,1
4879,4878,4880,1,0,1
4881,4880,4882,1,0,1
4883,4882,4884,1,0,1
4885,4884,4886,1,0,1
4887,4886,4888,1,0,1
4889,4888,4890,1,0,1
4891,4890,4892,1,0,1
4893,4892,4894,1,0,1
4895,4894,4896,1,0,1
4897,4896,4898,1,0,1
4899,4898,4900,1,0,1
4901,4900,4902,1,0,1
4903,4904,4905,1,1,1
4906,4907,4908,1,1,1
4909,4908,4910,1,0,1
4911,4912,4913,1,1,1
4914,4913,4915,1,0,1
4916,4915,4917,1,0,1
4918,4917,4919,1,0,1
4920,4921,4922,1,1,1
4923,4924,4925,1,1,1
4926,4925,4927,1,0,1
4928,4929,4930,1,1,1
4931,4930,4932,1,0,1
4933,4932,4934,1,0,1
4935,4936,4937,1,1,1
4938,4939,4940,1,1,1
4941,4940,4942,1,0,1
4943,4944,4945,1,1,1
4946,4947,4948,1,1,1
4949,4948,4950,1,0,1
4951,4952,4953,1,1,1
4954,4953,4955,1,0,1
4956,4955,4957,1,0,1
4958,4959,4960,1,1,1
4961,4960,4962,1,0,1
4963,4964,4965,1,1,1
4966,4965,4967,1,0,1
4968,4969,4970,1,1,1
4971,4970,4972,1,0,1
4973,4972,4974,1,0,1
4975,4976,4977,1,1,1
4978,4977,4979,1,0,1
4980,4981,4982,1,1,1
4983,4982,4984,1,0,1
4985,4986,4987,1,1,1
4988,4987,4989,1,0,1
4990,4989,4991,1,0,1
4992,4991,4993,1,0,1
4994,4993,4995,1,0,1
4996,4995,4997,1,0,1
4998,4997,4999,1,0,1
5000,4999,5001,1,0,1
5002,5001,5003,1,0,1
5004,5003,5005,1,0,1
5006,5005,5007,1,0,1
5008,5009,5010,1,1,1
5011,5010,5012,1,0,1
5013,5012,5014,1,0,1
5015,5014,5016,1,0,1
5017,5016,5018,1,0,1
5019,5020,5021,1,1,1
5022,5021,5023,1,0,1
5024,5025,5026,1,1,1
5027,5026,5028,1,0,1
5029,5028,5030,1,0,1
5031,5032,5033,1,1,1
5034,5033,5035,1,0,1
5036,5037,5038,1,1,1
5039,5038,5040,1,0,1
5041,5042,5043,1,1,1
5044,5043,5045,1,0,1
5046,5045,5047,1,0,1
5048,5047,5049,1,0,1
5050,5051,5052,1,1,1
5053,5052,5054,1,0,1
5055,5056,5057,1,1,1
5058,5057,5059,1,0,1
5060,5061,5062,1,1,1
5063,5064,5065,1,1,1
5066,5067,5068,1,1,1
5069,5068,5070,1,0,1
5071,5070,5072,1,0,1
5073,5072,5074,1,0,1
5075,5074,5076,1,0,1
5077,5076,5078,1,0,1
5079,5078,5080,1,0,1
5081,5080,5082,1,0,1
5083,5082,5084,1,0,1
5085,5084,5086,1,0,1
5087,5086,5088,1,0,1
5089,5088,5090,1,0,1
5091,5092,5093,1,1,1
5094,5093,5095,1,0,1
5096,5097,5098,1,1,1
5099,5100,5101,1,1,1
5102,5103,5104,1,1,1
5105,5106,5107,1,1,1
5108,5109,5110,1,1,1
5111,5110,5112,1,0,1
5113,5114,5115,1,1,1
5116,5117,5118,1,1,1
5119,5118,5120,1,0,1
5121,5122,5123,1,1,1
5124,5123,5125,1,0,1
5126,5125,5127,1,0,1
5128,5127,5129,1,0,1
5130,5129,5131,1,0,1
5132,5133,5134,1,1,1
5135,5134,5136,1,0,1
5137,5138,5139,1,1,1
5140,5139,5141,1,0,1
5142,5141,5143,1,0,1
5144,5145,5146,1,1,1
5147,5146,5148,1,0,1
5149,5148,5150,1,0,1
5151,5150,5152,1,0,1
5153,5152,5154,1,0,1
5155,5154,5156,1,0,1
5157,5156,5158,1,0,1
5159,5160,5161,1,1,1
5162,5161,5163,1,0,1
5164,5165,5166,1,1,1
5167,5168,5169,1,1,1
5170,5169,5171,1,0,1
5172,5173,5174,1,1,1
5175,5174,5176,1,0,1
5177,5178,5179,1,1,1
1834,5179,5180,1,0,1
1839,1837,5181,1,1,1
1843,1841,5182,1,1,1
1849,5183,5184,1,1,1
1855,1853,5185,1,1,1
5186,5185,5187,1,0,1
1865,5188,5189,1,1,1
1867,5189,5190,1,0,1
1871,1869,5191,1,1,1
1875,1873,5192,1,1,1
1877,5192,5193,1,0,1
1879,5193,5194,1,0,1
1882,1982,5195,1,1,1
1885,1881,5196,1,1,1
4436,1884,5197,1,1,1
4796,5197,5198,0,0,1
4800,5198,5199,0,0,1
4803,5199,5200,0,0,1
4806,5200,5201,0,0,1
4810,5201,5202,0,0,1
4815,5202,5203,0,0,1
4828,5203,5204,0,0,1
4835,5204,5205,0,0,1
4840,5205,5206,0,0,1
4847,5206,5207,0,0,1
4852,5207,5208,0,0,1
5209,5208,5210,1,0,1
4868,5211,5212,0,1,1
4902,4871,5213,0,0,1
4905,5213,5214,0,0,1
4910,5214,5215,0,0,1
4919,5215,5216,0,0,1
4922,5216,5217,0,0,1
4927,5218,5219,0,1,1
4934,5219,5220,0,0,1
4945,5221,5222,0,1,1
4950,5222,5223,0,0,1
4957,5223,5224,0,0,1
4962,5224,5225,0,0,1
4974,4967,5226,0,0,1
4979,5226,5227,0,0,1
5007,4984,5228,0,0,1
5018,5229,5230,0,1,1
5231,5230,5232,1,0,1
5023,5232,5233,0,0,1
5030,5233,5234,0,0,1
5040,5035,5235,0,0,1
5065,5062,5236,0,0,1
5090,5236,5237,0,0,1
5095,5237,5238,0,0,1
5098,5238,5239,0,0,1
5240,5239,5241,1,0,1
5101,5241,5242,0,0,1
5112,5107,5243,0,0,1
5115,5243,5244,0,0,1
5245,5244,5246,1,0,1
5131,5120,5247,0,0,1
5136,5247,5248,0,0,1
5158,5143,5249,0,0,1
5163,5249,5250,0,0,1
5166,5250,5251,0,0,1
5171,5252,5253,0,1,1
5180,5254,5255,0,1,1
5181,5255,5256,0,0,1
5182,5256,5257,0,0,1
5258,5257,5259,1,0,1
5184,5259,5260,0,0,1
1851,5260,5261,1,0,1
5187,5261,5262,0,0,1
5263,5262,5264,1,0,1
5265,5264,5266,1,0,1
5190,5266,5267,0,0,1
5191,5267,5268,0,0,1
5194,5268,5269,0,0,1
5195,5269,5270,0,0,1
5196,5270,5271,0,0,1
5210,5271,5272,0,0,1
5273,5272,5274,1,0,1
5275,5274,5276,1,0,1
4855,5276,5277,0,0,1
5217,5212,5278,0,0,1
5220,5278,5279,0,0,1
5225,4942,5280,0,0,1
5228,5227,5281,0,0,1
5234,5281,5282,0,0,1
5242,5059,5283,0,0,1
5104,5283,5284,0,0,1
5248,5246,5285,0,0,1
5251,5285,5286,0,0,1
5253,5286,5287,0,0,1
5176,5287,5288,0,0,1
5277,5288,5289,0,0,1
5279,4861,5290,0,0,1
5282,5280,5291,0,0,1
5284,5054,5292,0,0,1
5290,4858,5293,0,0,1
5291,5294,5295,0,1,1
5235,5295,5296,0,0,1
5292,5049,5297,0,0,1
5293,5289,5298,0,0,1
5299,5298,5300,1,0,1
4937,5300,5301,0,0,1
5302,5301,5303,1,0,1
5296,5303,5304,0,0,1
5305,5304,5297,1,0,0
4606,4608,5306,0,0,1,16438
5307,5308,5309,1,1,1
5310,5309,5311,1,0,1
4676,5311,5312,0,0,1
4591,4673,5313,0,0,1
5306,5313,5314,0,0,1
4781,5314,5312,0,0,0
4643,5315,5316,0,1,1,56
4727,4729,5317,0,0,1
1003,5317,5318,0,0,1
1406,5318,5319,1,0,1
1408,5319,5320,1,0,1
1410,5320,5316,1,0,0
1070,5321,5322,0,1,1,2871
5323,1067,5324,1,0,1
5325,5326,5327,1,1,1
5328,5329,5330,1,1,1
684,5330,5331,0,0,1
5332,5331,5333,1,0,1
5334,5333,5335,1,0,1
5336,5335,5337,1,0,1
5338,5339,5340,1,1,1
5341,5340,5342,1,0,1
672,5343,5344,0,1,1
669,5344,5345,0,0,1
666,5345,5346,0,0,1
663,667,5347,0,0,1
5348,5349,5350,1,1,1
5322,5350,5351,0,0,1
5324,5351,5352,0,0,1
5337,5327,5353,0,0,1
5354,5353,5355,1,0,1
5342,5355,5356,0,0,1
5346,5357,5358,0,1,1
5347,5358,5359,0,0,1
5356,5352,5360,0,0,1
5361,5360,5359,1,0,0
4773,4770,5362,1,1,1,8756
5363,5362,5364,1,0,1
5365,5364,5366,1,0,1
5367,5366,5368,1,0,1
5369,5368,5370,1,0,1
5371,5370,5372,1,0,1
5373,5372,5374,1,0,1
5375,5374,5376,1,0,1
5377,5376,4768,1,0,1
5378,5379,5380,1,1,1,50
5367,5380,5381,0,0,1
5382,5381,5383,1,0,1
5384,5385,5386,1,1,1
5387,5388,5389,1,1,1
5390,5389,5391,1,0,1
5383,5391,5386,0,0,0
5392,5393,5394,1,1,1,8246
5395,5394,5396,1,0,1
5397,5396,5398,1,0,1
5399,5398,5400,1,0,1
5401,5400,5402,1,0,1
5403,5404,5405,1,1,1
5406,5405,5407,1,0,1
5408,5407,5409,1,0,1
5410,5411,5412,1,1,1
5413,5414,5415,1,1,1
5416,5417,5418,1,1,1
5419,5418,5420,1,0,1
5421,5420,5422,1,0,1
5423,5422,5424,1,0,1
5425,5424,5426,1,0,1
5427,5426,5428,1,0,1
5429,5430,5431,1,1,1
5432,5433,5434,1,1,1
5435,5434,5436,1,0,1
5310,5436,5437,1,0,1
4675,5437,5438,1,0,1
5439,5440,5441,1,1,1
5442,5441,5443,1,0,1
5444,5443,5445,1,0,1
5446,5447,5448,1,1,1
5449,5448,5450,1,0,1
5451,5452,5453,1,1,1
4741,5453,5454,1,0,1
4744,4740,5455,1,1,1
5456,5455,5457,1,0,1
5458,5457,5459,1,0,1
5460,5459,5461,1,0,1
5415,5412,5462,0,0,1
5428,5462,5463,0,0,1
5431,5463,5464,0,0,1
5438,5464,5465,0,0,1
5466,5465,5467,1,0,1
5450,5468,5469,0,1,1
5461,5454,5470,0,0,1
5402,5470,5471,0,0,1
5472,5471,5473,1,0,1
5467,5409,5474,0,0,1
5445,5474,5475,0,0,1
5469,5475,5473,0,0,0
4682,4685,5476,0,0,1,55
4678,4680,5477,0,0,1
5478,5477,5479,1,0,1
5480,5479,5481,1,0,1
5482,5439,5483,1,1,1
5484,5483,5485,1,0,1
5486,5487,5488,1,1,1
5489,5490,5491,1,1,1
5476,5491,5492,0,0,1
5485,5481,5493,0,0,1
5494,5493,5495,1,0,1
5488,5495,5492,0,0,0
5496,4497,5497,1,1,1,662
5498,5497,831,1,0,0
5499,5500,5501,1,1,1,56
5502,5503,5504,1,1,1
5505,5504,5506,1,0,1
5507,5506,5508,1,0,1
5509,5508,5510,1,0,1
5511,5512,5513,1,1,1
5501,5514,5515,0,1,1
5510,5515,5513,0,0,0
5382,5365,5516,1,1,1,564
5517,5516,5518,1,0,1
5519,5518,5520,1,0,1
5521,5520,5522,1,0,1
5523,5522,5524,1,0,1
5525,5524,5363,1,0,1
3732,3729,5526,1,1,1,151
4094,4092,5527,1,1,1
3724,5527,5528,1,0,1
3727,5528,5526,1,0,0
5494,5487,5529,0,0,1,8247
5484,5529,5530,0,0,1
5442,5482,5531,1,0,1
5444,5531,5532,1,0,1
5468,5532,5533,1,0,1
5447,5533,5534,1,0,1
5446,5534,5535,1,0,1
5536,5449,5537,1,1,1
5490,5537,5538,0,0,1
5486,5538,5539,0,0,1
5530,5539,5535,0,0,0
5458,5456,5540,1,1,1,54
5541,5540,5542,1,0,1
5543,5544,5545,1,1,1
5546,5545,5547,1,0,1
5548,5547,5549,1,0,1
5550,5549,5542,1,0,0
996,1403,5551,0,1,1,56
5552,5551,5553,1,0,1
5554,5553,5555,1,0,1
5556,5555,5557,1,0,1
1399,5557,1401,1,0,1
5558,5559,5560,1,1,1,8244
5561,5560,5562,1,0,1
5563,5564,5565,1,1,1
5566,5565,5567,1,0,1
5568,5567,5569,1,0,1
5525,5569,5570,1,0,1
4772,5570,5571,1,0,1
4775,5571,5572,1,0,1
5573,5572,5574,1,0,1
5575,5574,5576,1,0,1
5577,5578,5579,1,1,1
5580,5581,5582,1,1,1
5583,5584,5585,1,1,1
5586,5585,5587,1,0,1
5588,5587,5589,1,0,1
5576,5590,5591,0,1,1
5579,5591,5592,0,0,1
5589,5582,5593,0,0,1
5562,5593,5592,0,0,0
5594,5519,5595,1,0,1,52
5596,5595,5521,1,0,0
4079,4115,5597,1,1,1,1686
4082,4078,5598,1,1,1
5599,5598,5600,1,0,1
4076,5600,5597,1,0,0
565,3780,5601,1,1,1,8343
627,5601,5602,1,0,1
3776,618,5603,1,1,1
3778,5603,5604,1,0,1
3805,5604,5602,1,0,0
5460,5541,5605,1,0,1,12342
5606,5605,5607,1,0,1
5608,5607,5609,1,0,1
5610,5609,5611,1,0,1
1392,1419,5612,1,1,1,8247
5613,5612,5614,1,0,1
5615,5614,5616,1,0,1
1386,5617,5618,1,1,1
1389,5618,5619,1,0,1
1388,5619,5616,1,0,0
5573,4777,5620,1,0,1,8245
5575,5620,5621,1,0,1
5578,5621,5622,1,0,1
5581,5577,5623,1,1,1
5427,5624,5625,1,1,1
5430,5625,5626,1,0,1
5627,5626,5628,1,0,1
5629,5630,5631,1,1,1
5307,5435,5632,0,1,1
4779,5308,5633,0,0,1
5622,5633,5634,0,0,1
5623,5634,5635,0,0,1
5628,5636,5637,0,1,1
5638,5637,5639,1,0,1
5632,5631,5640,0,0,1
5635,5640,5639,0,0,0
792,754,5641,1,1,1,56
758,5641,5642,1,0,1
5643,757,5644,1,1,1
5645,5644,5646,1,0,1
5647,5646,5648,1,0,1
749,5648,5649,1,0,1
752,5649,5650,1,0,1
751,5650,5651,1,0,1
755,5651,5642,1,0,0
5652,5653,5654,1,1,1,9016
5655,5654,5656,1,0,1
5657,5656,5658,1,0,1
5659,5660,5661,1,1,1
5662,5661,5663,1,0,1
5664,5663,5665,1,0,1
5666,5665,5667,1,0,1
5668,5667,5669,1,0,1
5670,5671,5672,1,1,1
5673,5674,5675,1,1,1
1395,5675,5676,0,0,1
1391,5676,5677,0,0,1
5613,5677,5678,1,0,1
5615,5678,5679,1,0,1
5617,5679,5680,1,0,1
1383,5680,5681,0,0,1
5682,5681,5683,1,0,1
5684,5683,5685,1,0,1
5686,5685,5687,1,0,1
5688,5687,5689,1,0,1
5669,5658,5690,0,0,1
5672,5690,5689,0,0,0
5691,5554,5692,1,0,1,8248
5693,5692,5694,1,0,1
5695,5694,5696,1,0,1
5697,5696,5698,1,0,1
5699,5698,5700,1,0,1
5701,5702,5703,1,1,1
1041,992,5704,0,0,1
5705,5704,5706,1,0,1
5707,5708,5709,1,1,1
5710,5709,5711,1,0,1
5712,5711,5713,1,0,1
5714,5715,5716,1,1,1
5717,5716,5718,1,0,1
5719,5718,5720,1,0,1
5721,5720,5722,1,0,1
5723,5722,5724,1,0,1
5725,5726,5727,1,1,1
5728,5727,5729,1,0,1
5730,5731,5732,1,1,1
5733,5732,5734,1,0,1
5673,5735,5736,1,1,1
1394,5736,5737,1,0,1
1397,5737,5738,1,0,1
5556,5738,5739,0,0,1
5700,5739,5740,0,0,1
5741,5740,5742,1,0,1
5703,5742,5743,0,0,1
5713,5706,5744,0,0,1
5724,5744,5745,0,0,1
5729,5745,5746,0,0,1
5743,5734,5747,0,0,1
991,5747,5746,0,0,0
1033,1021,5748,0,0,1,55
5701,994,5749,0,0,1
5750,5749,5751,1,0,1
5752,5751,5753,1,0,1
5754,5753,5755,1,0,1
5756,5755,5757,1,0,1
5758,5759,5760,1,1,1
5691,5761,5762,0,1,1
5552,5762,5763,0,0,1
997,5763,5764,0,0,1
5757,5748,5765,0,0,1
5766,5765,5767,1,0,1
5760,5767,5764,0,0,0
5768,5769,5770,1,1,1,823
5771,5770,5772,1,0,1
5773,5772,5774,1,0,1
5684,5774,5775,0,0,1
1384,5682,5776,0,0,1
5777,5776,5778,1,0,1
5779,5778,5775,1,0,0
5780,5781,5782,1,1,1,8902
5783,5784,5785,1,1,1
5786,5787,5788,1,1,1
5789,5788,5790,1,0,1
5791,5790,5792,1,0,1
5793,5794,5795,1,1,1
5782,5795,5796,0,0,1
5797,5796,5798,1,0,1
5785,5798,5799,0,0,1
5792,5800,5801,0,1,1
5802,5801,5799,1,0,0
5758,5761,5803,0,0,1,8247
5766,5759,5804,0,0,1
5756,5804,5805,0,0,1
5750,5752,5806,0,0,1
5702,5806,5807,0,0,1
5741,5807,5808,0,0,1
5699,5808,5809,0,0,1
5695,5697,5810,0,0,1
5803,5693,5811,0,0,1
5805,5811,5812,0,0,1
5809,5754,5813,0,0,1
5810,5813,5812,0,0,0
5404,5472,5814,1,1,1,12342
5408,5406,5815,1,1,1
5816,5815,5817,1,0,1
5414,5818,5819,1,1,1
5395,5392,5820,1,1,1
5399,5397,5821,1,1,1
5814,5401,5822,0,1,1
5403,5822,5823,1,0,1
5817,5823,5824,0,0,1
5820,5819,5825,0,0,1
5821,5825,5824,0,0,0
5826,5827,5828,1,1,1,11158
5829,5828,5830,1,0,1
5831,5830,5832,1,0,1
5833,5834,5835,1,1,1
3739,5836,5837,0,1,1
5832,5837,5835,0,0,0
5413,5417,5838,0,0,1,12341
5393,5838,5839,0,0,1
5606,5839,5840,1,0,1
5841,5608,5842,1,1,1
5843,5844,5845,1,1,1
5846,5847,5848,1,1,1
5416,5846,5849,0,0,1
5842,5840,5850,0,0,1
5848,5845,5851,0,0,1
5849,5851,5850,0,0,0
5800,5852,5853,0,1,1,8903
5783,5853,5854,0,0,1
5784,5854,5855,0,0,1
5797,5855,5780,0,0,0
833,5498,5856,1,1,1,3478
5857,5856,5858,1,0,1
5859,5860,5861,1,1,1
5862,5863,5864,1,1,1
5865,5864,5866,1,0,1
5496,5866,5867,1,0,1
5858,5867,5861,0,0,0
5868,5869,5870,1,1,1,3477
5871,5870,5872,1,0,1
5873,5874,5875,1,1,1
5876,5877,5878,1,1,1
5879,5878,5880,1,0,1
5881,5880,5882,1,0,1
5883,5884,5885,1,1,1
5886,5885,5887,1,0,1
5872,5887,5888,0,0,1
5875,5888,5882,0,0,0
5889,5890,5891,1,1,1,56
5892,5893,5894,1,1,1
5895,5894,5896,1,0,1
5897,5896,5898,1,0,1
5899,5898,5900,1,0,1
5901,5900,5891,1,0,0
745,747,5902,0,0,1,8248
5903,5902,5904,1,0,1
5905,5904,5906,1,0,1
5907,5906,5908,1,0,1
5909,5910,5911,1,1,1
5912,5913,5914,1,1,1
5915,5916,5917,1,1,1
5918,5919,5920,1,1,1
5921,5922,5923,1,1,1
5924,5923,5925,1,0,1
5926,5925,5927,1,0,1
760,5927,5928,0,0,1
5643,5928,5929,1,0,1
5647,5645,5930,1,1,1
5908,5930,5931,0,0,1
5911,5931,5932,0,0,1
5914,5932,5933,0,0,1
5917,5933,5934,0,0,1
5920,5934,5929,0,0,0
5935,875,5936,1,0,1,12342
5937,5936,5938,1,0,1
882,5939,5940,0,1,1
879,5940,5941,0,0,1
880,5941,5942,0,0,1
877,5942,5938,0,0,0
5860,5943,5944,0,1,1,3525
835,5857,5945,1,0,1
5946,5947,5948,1,1,1
5949,5948,5950,1,0,1
5951,5950,5952,1,0,1
5953,5954,5955,1,1,1
5944,5955,5956,0,0,1
5945,5956,5957,0,0,1
5958,5957,5952,1,0,0
3744,3742,5959,1,1,1,9878
3747,5959,5960,1,0,1
5961,5962,5963,1,1,1
5964,5963,5965,1,0,1
5966,5965,5967,1,0,1
5968,5969,5970,1,1,1
5971,5970,5972,1,0,1
5833,5972,5973,1,0,1
5836,5973,5974,1,0,1
5960,5974,5967,0,0,0
5735,5674,5975,0,1,1,824
5976,5975,5977,1,0,1
5978,5977,5979,1,0,1
5980,5979,5981,1,0,1
5671,5668,5982,1,1,1
5670,5982,5981,1,0,0
5834,5983,5984,1,1,1,9879
5971,5984,5985,0,0,1
5986,5985,5987,1,0,1
5988,5987,5989,1,0,1
5990,5991,5992,1,1,1
5993,5994,5995,1,1,1
5989,5995,5992,0,0,0
5630,5996,5997,0,1,1,53
5638,5997,5998,0,0,1
5627,5998,5429,0,0,1
3750,3746,5999,1,1,1,8342
3749,5999,6000,1,0,1
3753,6000,6001,1,0,1
6002,6003,6004,1,1,1
6005,6004,6006,1,0,1
6007,6006,6008,1,0,1
5962,6008,6001,0,0,0
711,707,6009,1,1,1,56
714,710,6010,1,1,1
6011,6010,6012,1,0,1
705,6012,6013,1,0,1
787,6013,6014,1,0,1
708,6014,6009,1,0,0
6015,737,6016,1,1,1,56
6017,6018,6019,1,1,1
6020,6019,6021,1,0,1
728,6021,6022,1,0,1
730,6022,6023,1,0,1
732,6023,6024,1,0,1
6016,734,6025,0,1,1
6026,6025,6024,1,0,0
6027,743,6028,1,1,1,9016
6029,6028,6030,1,0,1
6031,6030,6032,1,0,1
6033,6034,6035,1,1,1
6036,6037,6038,1,1,1
6039,6040,6041,1,1,1
6042,6043,6044,1,1,1
6045,6044,6046,1,0,1
6047,6046,6048,1,0,1
6049,6048,6050,1,0,1
6051,6050,6052,1,0,1
6053,6052,6054,1,0,1
6055,6054,6056,1,0,1
6057,6058,6059,1,1,1
6060,6061,6062,1,1,1
6063,6062,6064,1,0,1
6065,6066,6067,1,1,1
6068,6069,6070,1,1,1
6071,6072,6073,1,1,1
6074,6075,6076,1,1,1
6017,6076,6077,0,0,1
6078,6077,6079,1,0,1
6080,6081,6082,1,1,1
6083,6084,6085,1,1,1
6032,6086,6087,0,1,1
6088,6087,6089,1,0,1
6038,6035,6090,0,0,1
6056,6091,6092,0,1,1
6067,6064,6093,0,0,1
6079,6073,6094,0,0,1
6082,6094,6095,0,0,1
6089,6085,6096,0,0,1
6097,6096,6098,1,0,1
6099,6098,6100,1,0,1
6092,6041,6101,0,0,1
6059,6101,6102,0,0,1
6095,6070,6103,0,0,1
6100,6103,6104,0,0,1
6102,6090,6105,0,0,1
6093,6105,6104,0,0,0
5733,5976,6106,0,0,1,56
5730,6106,6107,0,0,1
5664,6108,6109,1,1,1
5980,5666,6110,0,1,1
6107,5978,6111,0,0,1
6109,6111,6110,0,0,0
5958,837,6112,1,0,1,3526
6113,5947,6114,1,1,1
843,845,6115,0,0,1
841,6115,6116,0,0,1
6112,839,6117,0,0,1
6114,6117,6116,0,0,0
6118,6119,6120,1,1,1,3526
6121,6120,6122,1,0,1
6123,6124,6125,1,1,1
6126,6127,6128,1,1,1
6129,6128,6130,1,0,1
6131,6130,6132,1,0,1
6122,6132,6125,0,0,0
5964,5966,6133,0,0,1,9879
6007,5961,6134,0,0,1
6005,6134,6135,0,0,1
6002,6135,6136,0,0,1
6137,6136,6138,1,0,1
5969,6138,6133,0,0,0
6139,6140,6141,1,1,1,152
6142,6143,6144,1,1,1
6145,6146,6147,1,1,1
6148,6147,6149,1,0,1
6150,6149,6151,1,0,1
6152,6151,6153,1,0,1
6141,6154,6155,0,1,1
6144,6155,6153,0,0,0
6086,741,6156,0,1,1,823
6083,6156,6157,0,0,1
6084,6157,6158,0,0,1
6078,6081,6159,0,0,1
6026,6018,6160,0,0,1
736,6015,6161,1,0,1
6158,739,6162,0,1,1
6080,6162,6163,0,0,1
6159,6163,6164,0,0,1
6160,6164,6161,0,0,0
5910,5907,6165,1,1,1,13112
6166,6165,6167,1,0,1
6168,6167,6169,1,0,1
6170,6169,6171,1,0,1
6172,6173,6174,1,1,1
6088,6174,6175,0,0,1
6031,6175,6171,0,0,0
5922,6176,6177,0,1,1,12343
5918,6177,6178,0,0,1
6179,5915,6180,1,0,1
6181,6180,6182,1,0,1
6183,6182,6184,1,0,1
6178,6185,6186,0,1,1
5919,6186,6184,0,0,0
6187,6188,6189,1,1,1,54
6190,6191,6192,1,1,1
6193,6192,6194,1,0,1
6195,6194,6196,1,0,1
6197,6196,6198,1,0,1
6199,6198,6200,1,0,1
6201,6202,6203,1,1,1
6204,6203,6205,1,0,1
6206,6205,6207,1,0,1
6208,6209,6210,1,1,1
890,6210,6211,0,0,1
888,6211,6212,0,0,1
6213,6212,6214,1,0,1
6189,6214,6215,0,0,1
6200,6215,6207,0,0,0
5913,5909,6216,1,1,1,8249
6217,6216,6218,1,0,1
6219,6218,6220,1,0,1
6221,6222,6223,1,1,1
6224,6223,6225,1,0,1
6226,6225,6227,1,0,1
6168,6227,6228,0,0,1
6166,6228,6220,0,0,0
6229,5423,6230,1,0,1,12340
6231,6232,6233,1,1,1
5584,6234,6235,0,1,1
5580,6235,6236,0,0,1
5636,6236,6237,1,0,1
5425,5624,6238,0,1,1
6230,6238,6239,0,0,1
6233,6239,6237,0,0,0
6240,6121,6241,1,0,1,966
6242,6241,6243,1,0,1
6244,6243,6245,1,0,1
6246,6245,6247,1,0,1
6248,6249,6250,1,1,1
6251,6252,6253,1,1,1
6254,6255,6256,1,1,1
6257,6258,6259,1,1,1
6260,6259,6261,1,0,1
6262,6261,6263,1,0,1
6264,6263,6265,1,0,1
6266,6267,6268,1,1,1
6269,6268,6270,1,0,1
6271,6272,6273,1,1,1
6274,6273,6275,1,0,1
6276,6275,6277,1,0,1
6278,6279,6280,1,1,1
6281,6280,6282,1,0,1
6247,6283,6284,0,1,1
6250,6284,6285,0,0,1
6286,6285,6287,1,0,1
6265,6256,6288,0,0,1
6289,6288,6290,1,0,1
6277,6270,6291,0,0,1
6282,6291,6292,0,0,1
6287,6292,6293,0,0,1
6253,6293,6294,0,0,1
6295,6294,6290,1,0,0
5655,6296,6297,1,1,1,9017
5657,6297,6298,1,0,1
5660,6298,6299,1,0,1
6300,6299,6301,1,0,1
6302,6301,6303,1,0,1
6304,6303,6305,1,0,1
6306,6305,6307,1,0,1
5721,6307,6308,0,0,1
6309,6308,6310,1,0,1
6311,6310,6312,1,0,1
6278,6313,6314,0,1,1,3526
6279,6314,6315,0,0,1
6316,6276,6317,1,0,1
6318,6317,6319,1,0,1
6320,6319,6321,1,0,1
6322,6321,6323,1,0,1
6324,6323,6315,1,0,0
5990,5994,6325,0,0,1,1687
6326,6325,6327,1,0,1
6328,6327,6329,1,0,1
6330,6329,6331,1,0,1
6003,6137,6332,0,0,1,151
3752,6332,6333,1,0,1
3755,6333,6334,1,0,1
6335,6334,6336,1,0,1
6337,6336,6338,1,0,1
5988,6338,6339,0,0,1
5986,6339,5968,0,0,0
6099,6097,6340,1,1,1,9017
6034,6340,6341,1,0,1
6342,6341,6343,1,0,1
6344,6345,6346,1,1,1
6347,6346,6348,1,0,1
6349,6350,6351,1,1,1
6352,6351,6353,1,0,1
6354,6355,6356,1,1,1
6357,6356,6358,1,0,1
6359,6358,6360,1,0,1
6361,6360,6362,1,0,1
6363,6362,6364,1,0,1
6365,6366,6367,1,1,1
6368,6369,6370,1,1,1
6371,6370,6372,1,0,1
6373,6372,6374,1,0,1
6375,6376,6377,1,1,1
6378,6379,6380,1,1,1
6381,6380,6382,1,0,1
6383,6384,6385,1,1,1
6386,6387,6388,1,1,1
6389,6388,6390,1,0,1
6391,6390,6392,1,0,1
6222,6392,6393,1,0,1
6394,6393,6395,1,0,1
6396,6395,6397,1,0,1
6398,6397,6399,1,0,1
6400,6399,6401,1,0,1
6402,6403,6404,1,1,1
6226,6224,6405,1,1,1
6170,6405,6406,1,0,1
6367,6364,6407,0,0,1
6374,6407,6408,0,0,1
6409,6408,6410,1,0,1
6382,6411,6412,0,1,1
6401,6385,6413,0,0,1
6414,6413,6415,1,0,1
6406,6416,6417,0,1,1
6173,6417,6418,1,0,1
6410,6353,6419,0,0,1
6418,6404,6420,0,0,1
6419,6421,6422,0,1,1
6377,6422,6423,0,0,1
6412,6423,6424,0,0,1
6420,6415,6425,0,0,1
6172,6425,6426,1,0,1
6343,6426,6427,0,0,1
6424,6428,6429,0,1,1
6427,6430,6431,0,1,1
6348,6431,6429,0,0,0
6432,6433,6434,1,1,1,9110
6435,6434,6436,1,0,1
6437,6436,6438,1,0,1
6439,6440,6441,1,1,1
6438,6442,6443,0,1,1
6444,6443,6441,1,0,0
703,785,6445,1,1,1,56
6446,6445,6447,1,0,1
6448,6447,6449,1,0,1
6450,6449,6451,1,0,1
6452,6451,6453,1,0,1
6454,6453,6455,1,0,1
6456,6457,6458,1,1,1
6459,6460,6461,1,1,1
6462,6463,6464,1,1,1
5328,6465,6466,1,1,1
782,6466,6467,1,0,1
687,6467,6468,1,0,1
6469,686,6470,1,1,1
6471,6470,6472,1,0,1
697,694,6473,1,1,1
696,6473,6474,1,0,1
700,6474,6475,1,0,1
6455,699,6476,0,1,1
6458,6476,6477,0,0,1
6461,6477,6478,0,0,1
6468,6464,6479,0,0,1
6472,6479,6480,0,0,1
6475,692,6481,0,1,1
6478,6481,6480,0,0,0
6020,726,6482,0,1,1,823
6071,6075,6483,0,0,1
6484,6483,6485,1,0,1
718,6485,6486,1,0,1
720,6486,6487,1,0,1
6488,6487,6489,1,0,1
6482,6490,6491,0,1,1
6074,6491,6489,0,0,0
5916,6492,6493,0,1,1,12343
5912,6493,6494,0,0,1
6217,6494,6495,1,0,1
6219,6495,6496,1,0,1
6497,6391,6498,1,0,1
6499,6500,6501,1,1,1
6496,6501,6498,0,0,0
6208,892,6502,0,0,1,8246
6206,6209,6503,0,0,1
6204,6503,6504,0,0,1
6505,6506,6507,1,1,1
6508,6509,6510,1,1,1
6511,6512,6513,1,1,1
895,6513,6514,0,0,1
6502,6514,6515,0,0,1
6507,6504,6516,0,0,1
6510,6516,6517,0,0,1
6518,6517,6515,1,0,0
6519,6520,6521,1,1,1,8248
6179,6521,6522,0,0,1
6492,6522,6499,0,0,0
6108,5662,6523,0,1,1,8249
5731,6523,6524,0,0,1
5728,6524,6525,0,0,1
5725,6525,6526,0,0,1
6300,6526,5659,0,0,1
6527,6528,6529,1,1,1,709
5946,6530,6531,0,1,1
847,6113,6532,1,1,1
853,851,6533,1,1,1
6529,6534,6535,0,1,1
6532,6531,6536,0,0,1
849,6536,6537,1,0,1
6533,6537,6535,0,0,0
6538,6435,6539,1,0,1,919
6328,6540,6541,0,1,1
5991,6326,6542,0,0,1
6337,6542,6543,0,0,1
6335,6543,6544,0,0,1
3757,6544,6545,1,0,1
6546,6545,6547,1,0,1
6548,6547,6549,1,0,1
6550,6551,6552,1,1,1
6553,6552,6554,1,0,1
6555,6556,6557,1,1,1
6558,6557,6559,1,0,1
6560,6561,6562,1,1,1
6246,6563,6564,0,1,1
6565,6564,6566,1,0,1
6567,6566,6568,1,0,1
6569,6568,6570,1,0,1
6571,6572,6573,1,1,1
6242,6574,6575,0,1,1
6576,6575,6577,1,0,1
6444,6577,6578,0,0,1
6539,6437,6579,0,0,1
6549,6541,6580,0,0,1
6554,6580,6581,0,0,1
6559,6581,6582,0,0,1
6583,6582,6584,1,0,1
6562,6584,6585,0,0,1
6570,6585,6586,0,0,1
6573,6586,6587,0,0,1
6579,6578,6588,0,0,1
6589,6588,6587,1,0,0
6484,716,6590,0,1,1,824
6072,6590,6591,0,0,1
6065,6069,6592,0,0,1
6593,6592,6594,1,0,1
6595,6594,6596,1,0,1
6591,6597,6598,0,1,1
6068,6598,6596,0,0,0
6597,713,6599,0,1,1,823
6595,6599,6600,0,0,1
6593,6600,6601,0,0,1
6066,6601,6602,0,0,1
6063,6602,6603,0,0,1
6604,6603,6605,1,0,1
6606,6605,6607,1,0,1
6608,6609,6610,1,1,1
6456,6611,6612,0,1,1
6613,6612,6614,1,0,1
6615,6616,6617,1,1,1
6448,6618,6619,0,1,1
702,6446,6620,1,0,1
6011,6620,6621,0,0,1
6607,6621,6622,0,0,1
6614,6610,6623,0,0,1
6617,6623,6624,0,0,1
6619,6624,6622,0,0,0
6625,6626,6627,1,1,1,8245
6628,6629,6630,1,1,1
6631,6630,6632,1,0,1
6633,6634,6635,1,1,1
6636,6635,6637,1,0,1
6638,6639,6640,1,1,1
6641,6642,6643,1,1,1
6644,6645,6646,1,1,1
6647,6648,6649,1,1,1
6650,6649,6651,1,0,1
6652,6653,6654,1,1,1
6655,6656,6657,1,1,1
6658,6657,6659,1,0,1
6202,6659,6660,0,0,1
6661,6660,6662,1,0,1
6663,6664,6665,1,1,1
6197,6665,6666,0,0,1
6195,6666,6667,0,0,1
6627,6668,6669,0,1,1
6632,6669,6670,0,0,1
6640,6637,6671,0,0,1
6651,6646,6672,0,0,1
6673,6672,6674,1,0,1
6662,6654,6675,0,0,1
6676,6675,6677,1,0,1
6670,6667,6678,0,0,1
6674,6643,6679,0,0,1
6677,6679,6680,0,0,1
6678,6681,6682,0,1,1
6671,6682,6680,0,0,0
6221,6416,6683,0,1,1,825
6394,6683,6684,1,0,1
6396,6684,6685,1,0,1
6414,6400,6686,1,1,1
6403,6686,6687,1,0,1
6685,6402,6688,0,1,1
6398,6688,6687,1,0,0
912,1011,6689,0,0,1,55
913,6689,6690,0,0,1
910,6690,6691,0,0,1
6692,6691,6693,1,0,1
916,6693,6694,0,0,1
1024,6694,1037,0,0,0
6383,6387,6695,0,0,1,13112
6430,6384,6696,0,0,1
6381,6696,6697,0,0,1
6378,6697,6698,0,0,1
6699,6379,6700,1,0,1
6368,6700,6701,0,0,1
6369,6701,6702,0,0,1
6365,6702,6703,0,0,1
6704,6366,6705,1,0,1
6706,6705,6707,1,0,1
6386,6708,6709,0,1,1
6695,6709,6710,0,0,1
6698,6710,6711,0,0,1
6703,6711,6707,0,0,0
6274,6316,6712,0,0,1,710
6271,6712,6713,0,0,1
6714,6713,6715,1,0,1
6716,6715,6717,1,0,1
6718,6717,6719,1,0,1
6720,6719,6721,1,0,1
6722,6721,6723,1,0,1
6724,6723,6725,1,0,1
6726,6725,6727,1,0,1
5343,5357,6728,1,1,1,2872
6729,6728,6730,1,0,1
681,6730,6731,1,0,1
5332,6731,6732,1,0,1
5334,6732,6733,1,0,1
5354,5336,6734,1,1,1
5339,6734,6735,1,0,1
5338,6735,6736,1,0,1
6737,6738,6739,1,1,1
6733,6739,6736,0,0,0
674,671,6740,1,1,1,56
780,676,6741,1,1,1
679,6741,6742,1,0,1
682,678,6743,1,1,1
6729,6743,6744,0,0,1
6740,6744,6742,0,0,0
6618,6450,6745,0,0,1,824
6615,6745,6746,0,0,1
6616,6746,6747,0,0,1
6457,6613,6748,0,0,1
6454,6748,6749,0,0,1
6452,6749,6747,0,0,0
6606,6609,6750,0,0,1,824
6604,6750,6751,0,0,1
6060,6751,6752,0,0,1
6061,6752,6753,0,0,1
6057,6753,6754,0,0,1
6058,6754,6755,0,0,1
6756,6053,6757,1,0,1
6758,6757,6759,1,0,1
6459,6760,6761,0,1,1
6611,6460,6762,0,0,1
6755,6608,6763,0,0,1
6759,6055,6764,0,0,1
6761,6764,6765,0,0,1
6762,6765,6763,0,0,0
6309,6766,6767,0,1,1,8249
5719,6767,6768,0,0,1
6769,6768,6770,1,0,1
6771,6770,6772,1,0,1
6773,6774,6775,1,1,1
6776,6775,6777,1,0,1
6778,6777,6779,1,0,1
6772,6780,6781,0,1,1
6782,6781,6779,1,0,0
3759,6546,6783,1,0,1,2967
6784,6783,6785,1,0,1
6786,6787,6788,1,1,1
6789,6790,6791,1,1,1
6551,6791,6792,0,0,1
6548,6792,6793,0,0,1
6788,6785,6794,0,0,1
6795,6794,6793,1,0,0
1062,6796,6797,1,1,1,43920
6798,6799,6800,1,1,1
6801,6800,6802,1,0,1
6803,6802,6804,1,0,1
6805,6806,6807,1,1,1
6797,6807,6808,0,0,1
1065,6808,6804,1,0,0
6518,6512,6809,0,0,1,8245
6508,6809,6810,0,0,1
6811,6810,6812,1,0,1
6813,6812,6814,1,0,1
6815,6814,6816,1,0,1
6817,6816,6818,1,0,1
894,6818,6511,0,0,0
6505,6509,6819,0,0,1,53
6201,6506,6820,0,0,1
6658,6820,6821,0,0,1
6822,6821,6823,1,0,1
6824,6823,6825,1,0,1
6811,6825,6819,0,0,0
5726,6302,6826,0,0,1,9016
6306,5723,6827,0,0,1
6304,6827,6826,0,0,0
6571,6574,6828,0,0,1,918
6569,6572,6829,0,0,1
6567,6829,6830,0,0,1
6565,6830,6831,0,0,1
6244,6831,6828,0,0,0
3761,6784,6832,1,0,1,918
3764,6832,6833,1,0,1
3763,6833,6834,1,0,1
3812,3766,6835,1,1,1
3769,6835,6836,1,0,1
6837,6836,6838,1,0,1
6839,6838,6840,1,0,1
6841,6842,6843,1,1,1
6844,6843,6845,1,0,1
6846,6847,6848,1,1,1
6849,6850,6851,1,1,1
6852,6853,6854,1,1,1
6855,6854,6856,1,0,1
6857,6856,6858,1,0,1
6859,6858,6860,1,0,1
6861,6862,6863,1,1,1
6864,6863,6865,1,0,1
6866,6865,6867,1,0,1
6868,6867,6869,1,0,1
6870,6869,6871,1,0,1
6872,6871,6873,1,0,1
6874,6873,6875,1,0,1
6876,6875,6877,1,0,1
6878,6879,6880,1,1,1
6553,6880,6881,0,0,1
6882,6881,6883,1,0,1
6884,6883,6885,1,0,1
6787,6886,6887,0,1,1
6834,6887,6888,0,0,1
6840,6888,6889,0,0,1
6845,6889,6890,0,0,1
6848,6890,6891,0,0,1
6892,6891,6893,1,0,1
6860,6894,6895,0,1,1
6877,6895,6896,0,0,1
6893,6885,6897,0,0,1
6851,6897,6896,0,0,0
6824,6813,6898,0,0,1,12341
6822,6898,6899,0,0,1
6655,6899,6900,0,0,1
6901,6900,6902,1,0,1
6903,6902,6904,1,0,1
6905,6904,6906,1,0,1
6699,6411,6907,1,1,1,825
6371,6907,6908,1,0,1
6373,6908,6909,1,0,1
6376,6409,6910,1,1,1
6375,6910,6909,1,0,0
6817,897,6911,0,0,1,16438
6906,6815,6912,0,0,1
6913,6905,6914,1,0,1
6915,6914,6916,1,0,1
6917,6916,6918,1,0,1
6919,6918,6920,1,0,1
902,6920,6921,0,0,1
899,6921,6922,0,0,1
6911,6922,6912,0,0,0
6269,6272,6923,0,0,1,3526
6266,6923,6924,0,0,1
6925,6924,6926,1,0,1
6927,6926,6714,1,0,0
6928,6929,6930,1,1,1,12344
6931,6932,6933,1,1,1
6934,6933,6935,1,0,1
6936,6935,6937,1,0,1
6938,6937,6939,1,0,1
6940,6939,6941,1,0,1
6942,6943,6944,1,1,1
6774,6945,6946,1,1,1
6947,6773,6948,1,1,1
6949,6948,6950,1,0,1
6951,6950,6952,1,0,1
6953,6954,6955,1,1,1
6941,6930,6956,0,0,1
6944,6956,6957,0,0,1
6952,6946,6958,0,0,1
6957,6955,6959,0,0,1
6960,6959,6958,1,0,0
6663,6199,6961,0,0,1,53
6681,6664,6962,0,0,1
6676,6962,6963,0,0,1
6661,6963,6961,0,0,0
5712,5715,6964,0,0,1,55
6965,6964,6966,1,0,1
6967,6966,6968,1,0,1
6969,6968,6970,1,0,1
6971,6970,6972,1,0,1
6973,6972,6974,1,0,1
6975,6974,6976,1,0,1
6977,6976,6978,1,0,1
6979,6978,5714,1,0,0
6349,6980,6981,0,1,1,13112
6421,6350,6982,0,0,1
6428,6982,6983,0,0,1
6347,6983,6984,0,0,1
6985,6344,6986,1,0,1
6987,6986,6988,1,0,1
6989,6988,6990,1,0,1
6991,6990,6992,1,0,1
6993,6994,6995,1,1,1
6996,6995,6997,1,0,1
6998,6999,7000,1,1,1
7001,7000,7002,1,0,1
7003,7002,7004,1,0,1
7005,7004,7006,1,0,1
7007,7008,7009,1,1,1
7010,7009,7011,1,0,1
7012,7011,7013,1,0,1
7014,7015,7016,1,1,1
7017,7016,7018,1,0,1
7019,7020,7021,1,1,1
6934,7021,7022,0,0,1
6931,7022,7023,0,0,1
7024,7023,7025,1,0,1
7026,7025,7027,1,0,1
7028,7027,7029,1,0,1
7030,7029,7031,1,0,1
6984,6981,7032,0,0,1
6992,7032,7033,0,0,1
7013,7006,7034,0,0,1
7031,7018,7035,0,0,1
7033,7030,7036,0,0,1
7034,6997,7037,0,0,1
7038,7037,7039,1,0,1
7035,7039,7036,0,0,0
7040,6782,7041,1,0,1,8248
7042,7041,7043,1,0,1
7044,7043,7045,1,0,1
7046,7047,7048,1,1,1
7049,6975,7050,1,0,1
7051,7050,7052,1,0,1
7053,7052,7054,1,0,1
978,7055,7056,0,1,1
7057,975,7058,1,0,1
7059,7058,7060,1,0,1
7061,7060,7062,1,0,1
7063,7062,7064,1,0,1
7065,7066,7067,1,1,1
7068,7069,7070,1,1,1
7071,7072,7073,1,1,1
7074,7073,7075,1,0,1
7076,7075,7077,1,0,1
7078,7077,7079,1,0,1
7080,7079,7081,1,0,1
7082,7081,7083,1,0,1
7084,7083,7085,1,0,1
6960,6942,7086,1,1,1
7045,6945,7087,0,1,1
7048,7087,7088,0,0,1
7054,7089,7090,0,1,1
7064,7056,7091,0,0,1
7092,7091,7093,1,0,1
7067,7094,7095,0,1,1
7085,7070,7096,0,0,1
7086,7097,7098,0,1,1
7088,7098,7099,0,0,1
7090,7099,7100,0,0,1
7093,7100,7101,0,0,1
7095,7101,7096,0,0,0
6979,5717,7102,0,0,1,8247
7046,7089,7103,0,0,1
7044,7047,7104,0,0,1
7042,7104,7105,0,0,1
7040,7105,7106,0,0,1
6771,7106,7107,0,0,1
7102,6769,7108,0,0,1
7103,6977,7109,0,0,1
7107,7109,7108,0,0,0
4809,7110,7111,1,1,1,28722
4812,7111,7112,1,0,1
4817,4814,7113,1,1,1
7114,7113,7115,1,0,1
7116,7117,7118,1,1,1
7119,7120,7121,1,1,1
7122,7121,7123,1,0,1
7112,7124,7125,0,1,1
4811,7125,7126,1,0,1
7118,7115,7127,0,0,1
7123,7127,7126,0,0,0
6786,6795,7128,0,0,1,2966
6886,7128,7129,0,0,1
6882,6884,7130,0,0,1
6550,7130,7131,0,0,1
6789,7131,7132,0,0,1
6790,7132,7129,0,0,0
7133,6359,7134,1,0,1,16440
7135,7134,7136,1,0,1
7137,7136,7138,1,0,1
7139,7138,7140,1,0,1
7141,7140,6361,1,0,0
6652,6656,7142,0,0,1,54
6673,6653,7143,0,0,1
7144,7143,7145,1,0,1
6915,7145,7146,0,0,1
6913,7146,7147,0,0,1
6903,7147,7148,0,0,1
6901,7148,7142,0,0,0
5705,5708,7149,0,0,1,12343
1046,7149,7150,0,0,1
7151,7150,7152,1,0,1
7153,7152,7154,1,0,1
7155,7154,7156,1,0,1
7157,7156,7158,1,0,1
5710,6965,7159,0,0,1
5707,7159,7158,0,0,0
908,6692,7160,0,0,1,10294
7161,7160,7162,1,0,1
7163,7162,7164,1,0,1
7165,7164,7166,1,0,1
7167,7166,915,1,0,0
6560,6563,7168,0,0,1,9111
6561,7168,7169,0,0,1
6583,7169,7170,0,0,1
6558,7170,7171,0,0,1
7172,6555,7173,1,0,1
6260,7173,7174,0,0,1
7175,7174,7176,1,0,1
7177,7178,7179,1,1,1
6249,7180,7181,0,1,1
7176,7171,7182,0,0,1
7179,7182,7181,0,0,0
7183,6036,7184,1,0,1,9017
7185,7184,7186,1,0,1
7187,7186,7188,1,0,1
7189,7188,7190,1,0,1
7191,7190,7192,1,0,1
6091,6043,7193,0,0,1
6039,7193,7194,0,0,1
6040,7194,7192,0,0,0
6342,6033,7195,1,0,1,13113
6985,6345,7196,1,1,1
7197,7196,7198,1,0,1
7199,7198,7200,1,0,1
7201,7200,7202,1,0,1
7183,7202,7203,0,0,1
6037,7203,7195,0,0,0
6994,6991,7204,1,1,1,9017
7205,6993,7206,1,1,1
7207,7206,7208,1,0,1
7209,7208,7210,1,0,1
7211,7210,7212,1,0,1
7213,7212,7214,1,0,1
6989,7214,7204,1,0,0
7157,6967,7215,0,0,1,8248
7153,7155,7216,0,0,1
989,7151,7217,0,0,1
986,7217,7218,0,0,1
7219,987,7220,1,0,1
7221,7220,7222,1,0,1
7223,7222,7224,1,0,1
7225,7226,7227,1,1,1
6971,7227,7228,0,0,1
7215,6969,7229,0,0,1
7216,7229,7230,0,0,1
7218,7230,7231,0,0,1
7224,7231,7228,0,0,0
904,906,7232,0,0,1,8246
6919,901,7233,0,0,1
7234,7233,7235,1,0,1
6648,7235,7236,0,0,1
7237,7236,7238,1,0,1
7239,7238,7240,1,0,1
7241,7240,7242,1,0,1
7243,7242,7244,1,0,1
7245,7246,7247,1,1,1
7248,7249,7250,1,1,1
7251,7252,7253,1,1,1
7254,7255,7256,1,1,1
7257,7258,7259,1,1,1
7260,7261,7262,1,1,1
7263,7264,7265,1,1,1
7266,7267,7268,1,1,1
7269,7270,7271,1,1,1
7272,7271,7273,1,0,1
7274,7273,7275,1,0,1
7276,7277,7278,1,1,1
7279,7278,7280,1,0,1
7281,7282,7283,1,1,1
7284,7285,7286,1,1,1
7287,7286,7288,1,0,1
7289,7288,7290,1,0,1
7291,7290,7292,1,0,1
947,951,7293,0,0,1
7294,7293,7295,1,0,1
7296,7297,7298,1,1,1
932,7298,7299,0,0,1
930,933,7300,0,0,1
928,7300,7301,0,0,1
7302,926,7303,1,0,1
7304,7303,7305,1,0,1
7306,7307,7308,1,1,1
7309,7310,7311,1,1,1
7312,7313,7314,1,1,1
7315,7316,7317,1,1,1
7318,7317,7319,1,0,1
924,7319,7320,0,0,1
1014,7320,7321,0,0,1
918,921,7322,0,0,1
7167,7322,7323,0,0,1
7165,7323,7324,0,0,1
7325,7324,7326,1,0,1
7327,7326,7328,1,0,1
7161,7329,7330,0,1,1
7232,7330,7331,0,0,1
7244,7331,7332,0,0,1
7250,7247,7333,0,0,1
7253,7333,7334,0,0,1
7256,7334,7335,0,0,1
7262,7259,7336,0,0,1
7265,7336,7337,0,0,1
7268,7337,7338,0,0,1
7283,7280,7339,0,0,1
7292,7339,7340,0,0,1
7299,7295,7341,0,0,1
7301,7341,7342,0,0,1
7311,7308,7343,0,0,1
7321,7344,7345,0,1,1
920,7345,7346,0,0,1
7332,7328,7347,0,0,1
7340,7348,7349,0,1,1
950,7349,7350,0,0,1
7346,7314,7351,0,0,1
7350,7352,7353,0,1,1
7351,7354,7355,0,1,1
7347,7355,7356,0,0,1
7353,7275,7357,0,0,1
7342,7357,7358,0,0,1
7305,7358,7359,0,0,1
7356,7343,7360,0,0,1
7359,7338,7361,0,0,1
7360,7362,7363,0,1,1
7364,7363,7365,1,0,1
7335,7365,7361,0,0,0
7144,6917,7366,0,0,1,53
6650,7366,7367,0,0,1
6647,7367,7234,0,0,0
7177,7180,7368,0,0,1,13254
7175,7178,7369,0,0,1
6257,7369,7370,0,0,1
6258,7370,7371,0,0,1
6254,7371,7372,0,0,1
6295,6255,7373,0,0,1
6251,7373,7374,0,0,1
6252,7374,7375,0,0,1
6286,7375,7376,0,0,1
6248,7376,7377,0,0,1
7368,7377,7372,0,0,0
3768,6837,7378,1,0,1,919
574,570,7379,1,1,1
573,7379,7380,1,0,1
7381,7380,7382,1,0,1
7383,6852,7384,1,0,1
6847,7384,7385,0,0,1
6844,7385,7386,0,0,1
6841,7386,7387,0,0,1
6839,6842,7388,0,0,1
7378,7388,7389,0,0,1
3771,7389,7390,1,0,1
7382,7390,7387,0,0,0
7213,6987,7391,0,1,1,9018
7211,7391,7392,0,0,1
7393,7209,7394,1,0,1
6042,7395,7396,0,1,1
7191,7396,7397,0,0,1
7189,7397,7398,0,0,1
7399,7398,7400,1,0,1
7401,7400,7402,1,0,1
7403,7404,7405,1,1,1
7406,7407,7408,1,1,1
7199,7408,7409,0,0,1
7197,7409,7410,0,0,1
7392,7410,7411,0,0,1
7394,7411,7412,0,0,1
7402,7413,7414,0,1,1
7415,7414,7416,1,0,1
7412,7405,7417,0,0,1
7418,7417,7416,1,0,0
6927,6716,7419,0,0,1,965
7420,7419,7421,1,0,1
7422,7421,7423,1,0,1
7424,7423,7425,1,0,1
7426,7425,7427,1,0,1
7428,7427,7429,1,0,1
7430,7429,7431,1,0,1
7432,7431,7433,1,0,1
7434,7435,7436,1,1,1
7437,7438,7439,1,1,1
7440,7441,7442,1,1,1
7443,7444,7445,1,1,1
7446,7447,7448,1,1,1
7449,7448,7450,1,0,1
7451,7450,7452,1,0,1
7453,7452,7454,1,0,1
6718,7454,7455,0,0,1
7439,7436,7456,0,0,1
7442,7456,7457,0,0,1
7458,7457,7459,1,0,1
7455,7445,7460,0,0,1
7433,7460,7459,0,0,0
7461,5325,7462,1,0,1,55
7463,7461,7464,1,0,1
7465,7464,7466,1,0,1
7467,7468,7469,1,1,1
7470,7471,7472,1,1,1
7473,7472,7474,1,0,1
7475,7474,7476,1,0,1
7477,7476,7478,1,0,1
6760,7478,7479,1,0,1
6463,7479,7480,1,0,1
6465,6462,7481,1,1,1
5329,7481,7482,0,0,1
7462,7482,7483,0,0,1
7466,7483,7484,0,0,1
7469,7484,7480,0,0,0
6720,7485,7486,0,1,1,197
7453,7486,7487,0,0,1
7451,7487,7488,0,0,1
7449,7488,7489,0,0,1
7490,7491,7492,1,1,1
7493,7492,7494,1,0,1
7495,7494,7489,1,0,0
6267,6925,7496,0,0,1,198
6289,7496,7497,0,0,1
7498,7497,7499,1,0,1
7500,7499,7501,1,0,1
7502,7501,7503,1,0,1
7504,7503,7505,1,0,1
7506,7505,7507,1,0,1
7508,7507,7509,1,0,1
7510,7511,7512,1,1,1
7513,7512,7514,1,0,1
7515,7514,7516,1,0,1
7517,7516,7518,1,0,1
7519,7518,7520,1,0,1
7521,7520,7522,1,0,1
7523,7524,7525,1,1,1
7526,7527,7528,1,1,1
7529,7528,7530,1,0,1
7531,7530,7532,1,0,1
7533,7532,7534,1,0,1
7535,7534,7536,1,0,1
7537,7536,7538,1,0,1
7539,7538,7540,1,0,1
7541,7542,7543,1,1,1
7544,7543,7545,1,0,1
7546,7547,7548,1,1,1
7430,7548,7549,0,0,1
7428,7549,7550,0,0,1
7551,7550,7552,1,0,1
7553,7552,7554,1,0,1
7555,7556,7557,1,1,1
7420,7557,7558,0,0,1
7509,7558,7559,0,0,1
7522,7559,7560,0,0,1
7540,7561,7562,0,1,1
7545,7563,7564,0,1,1
7554,7565,7566,0,1,1
7562,7525,7567,0,0,1
7566,7564,7568,0,0,1
7569,7568,7570,1,0,1
7571,7570,7572,1,0,1
7560,7572,7567,0,0,0
7201,7185,7573,0,0,1,826
7406,7573,7574,0,0,1
7403,7407,7575,0,0,1
7404,7575,7576,0,0,1
7415,7576,7577,0,0,1
7401,7577,7578,0,0,1
7399,7578,7579,0,0,1
7187,7579,7574,0,0,0
7580,6980,7581,1,0,1,9016
7582,7583,7584,1,1,1
7585,7584,7586,1,0,1
6354,7586,7587,0,0,1
6352,6355,7588,0,0,1
7581,7588,7587,0,0,0
7225,6973,7589,0,0,1,10296
7226,7589,7590,0,0,1
7221,7223,7591,0,0,1
983,7219,7592,0,0,1
7593,984,7594,1,0,1
7051,7594,7595,0,0,1
7590,7049,7596,0,0,1
7591,7596,7597,0,0,1
7592,7597,7595,0,0,0
7555,7422,7598,0,0,1,966
7599,7598,7600,1,0,1
7601,7600,7602,1,0,1
7603,7602,7604,1,0,1
7605,7604,7606,1,0,1
7607,7606,7608,1,0,1
7609,7608,7610,1,0,1
7611,7612,7613,1,1,1
7426,7613,7614,0,0,1
7424,7614,7610,0,0,0
7329,7163,7615,0,0,1,54
7327,7615,7325,0,0,0
7616,7617,7618,1,1,1,51
7619,7618,7620,1,0,1
4819,7620,7621,1,0,1
7622,7621,7623,1,0,1
7624,7623,7625,1,0,1
7626,7625,7627,1,0,1
7556,7599,7628,0,0,1,8902
7629,7630,7631,1,1,1
7632,7631,7633,1,0,1
7601,7633,7628,0,0,0
6943,6940,7634,1,1,1,8249
7097,7634,7635,0,0,1
7084,7635,7636,0,0,1
7082,7636,7637,0,0,1
7638,7637,6938,1,0,1
7639,7629,7640,1,0,1,9158
7612,7640,7641,0,0,1
7609,7641,7642,0,0,1
7607,7642,7643,0,0,1
7603,7605,7644,0,0,1
7632,7644,7643,0,0,0
6556,7172,7645,0,0,1,11159
6878,7645,7646,0,0,1
7647,7646,7648,1,0,1
7649,7648,7650,1,0,1
7651,7650,7652,1,0,1
7653,7652,7654,1,0,1
7655,7654,7656,1,0,1
7657,7658,7659,1,1,1
7660,7659,7661,1,0,1
7662,7661,7663,1,0,1
7664,7663,7665,1,0,1
7666,7665,7667,1,0,1
7668,7669,7670,1,1,1
6262,7671,7672,0,1,1
7656,7672,7673,0,0,1
7667,7673,7670,0,0,0
7413,7395,7674,0,0,1,17208
7675,7674,7676,1,0,1
7677,7676,7678,1,0,1
7679,7680,7681,1,1,1
7682,7681,7683,1,0,1
7684,7683,7685,1,0,1
7686,7685,7687,1,0,1
7688,7689,7690,1,1,1
6045,7690,7691,0,0,1
7678,7691,7687,0,0,0
7015,7038,7692,1,1,1,9017
7020,7017,7693,1,1,1
7694,7693,7695,1,0,1
7696,7697,7698,1,1,1
7699,7003,7700,1,1,1
7701,7700,7702,1,0,1
7007,7702,7703,1,0,1
7012,7010,7704,1,1,1
7695,7014,7705,0,1,1
7706,7705,7707,1,0,1
7703,7698,7708,0,0,1
7704,7708,7709,0,0,1
7692,7709,7707,0,0,0
7710,6638,7711,1,0,1,10804
7712,7626,7713,1,0,1
6642,7714,7715,0,1,1
7711,7715,7713,0,0,0
7716,7717,7718,1,1,1,2872
7719,7720,7721,1,1,1
7722,7723,7724,1,1,1
7725,7726,7727,1,1,1
7718,7727,7728,0,0,1
7721,7728,7729,0,0,1
7730,7729,7724,1,0,0
7468,7465,7731,1,1,1,56
7471,7467,7732,1,1,1
7733,7470,7734,1,1,1
7735,7734,7736,1,0,1
7737,7738,7739,1,1,1
7740,7739,7741,1,0,1
7742,7741,7743,1,0,1
7744,7743,7745,1,0,1
7746,7745,7747,1,0,1
7748,7749,7750,1,1,1
7751,7752,7753,1,1,1
7754,7755,7756,1,1,1
7757,7756,7758,1,0,1
7759,7758,7760,1,0,1
7761,7762,7763,1,1,1
7764,7763,7765,1,0,1
7766,7765,7767,1,0,1
7768,7767,7769,1,0,1
7770,7769,7771,1,0,1
7772,7771,7773,1,0,1
7774,7773,7775,1,0,1
7776,7775,7777,1,0,1
7778,7777,7779,1,0,1
7780,7779,7781,1,0,1
7782,7781,7783,1,0,1
7784,7783,7785,1,0,1
7786,7785,7787,1,0,1
7788,7789,7790,1,1,1
7791,7790,7792,1,0,1
7793,7794,7795,1,1,1
7796,7795,7797,1,0,1
7798,7797,7799,1,0,1
7800,7801,7802,1,1,1
7803,7802,7804,1,0,1
7805,7730,7806,1,0,1
7731,7806,7807,0,0,1
7732,7807,7808,0,0,1
7736,7808,7809,0,0,1
7747,7809,7810,0,0,1
7750,7810,7811,0,0,1
7753,7811,7812,0,0,1
7760,7812,7813,0,0,1
7787,7814,7815,0,1,1
7792,7815,7816,0,0,1
7799,7816,7817,0,0,1
7813,7804,7818,0,0,1
7819,7818,7817,1,0,0
7671,6264,7820,0,0,1,150
7668,7820,7821,0,0,1
7822,7821,7823,1,0,1
7824,7823,7825,1,0,1
7500,7825,7498,0,0,0
7383,6846,7826,0,0,1,150
6853,7826,7827,0,0,1
6894,7827,7828,0,0,1
6849,7828,7829,0,0,1
6850,7829,6892,0,0,0
1018,7593,7830,0,0,1,55
7831,7830,7832,1,0,1
7833,7832,7834,1,0,1
977,7835,7836,0,1,1
7055,7836,7837,0,0,1
7053,7837,7834,0,0,0
7712,7714,7838,0,0,1,10805
7839,7838,7840,1,0,1
7841,7842,7843,1,1,1
7237,7843,7844,0,0,1
6644,7844,7845,0,0,1
6645,7845,7846,0,0,1
6641,7846,7840,0,0,0
7207,7393,7847,0,0,1,13113
6996,7205,7848,1,0,1
7849,7848,7850,1,0,1
7851,7850,7852,1,0,1
7675,7852,7853,0,0,1
7418,7853,7847,0,0,0
7854,7694,7855,1,0,1,9018
7001,7856,7857,1,1,1
7696,7857,7858,0,0,1
7697,7858,7859,0,0,1
7706,7859,7855,0,0,0
7669,7822,7860,0,0,1,151
7666,7860,7861,0,0,1
7862,7861,7863,1,0,1
7864,7863,7865,1,0,1
7502,7865,7824,0,0,0
6758,7477,7866,0,1,1,2104
7867,7866,7868,1,0,1
7869,7868,7870,1,0,1
7871,7870,7872,1,0,1
7873,7872,7874,1,0,1
6051,6756,7875,0,0,1,10296
7876,7877,7878,1,1,1
7871,7878,7879,0,0,1
7869,7879,7880,0,0,1
7875,7867,7881,0,0,1
7882,7881,7880,1,0,0
6936,7019,7883,1,1,1,10298
7638,7883,7884,0,0,1
7080,7884,7885,0,0,1
7679,7886,7887,0,1,1
7888,7887,7889,1,0,1
6998,7889,7890,1,0,1
7856,7890,7891,0,0,1
7854,7891,7885,0,0,0
7630,7639,7892,0,0,1,8390
7571,7892,7893,0,0,1
7569,7893,7894,0,0,1
7553,7894,7895,0,0,1
7551,7895,7611,0,0,0
6879,7647,7896,0,0,1,9110
6876,7896,7897,0,0,1
6874,7897,7898,0,0,1
7899,7900,7901,1,1,1
7902,7901,7903,1,0,1
7904,7905,7906,1,1,1
7649,7907,7908,0,1,1
7898,7908,7909,0,0,1
7903,7909,7906,0,0,0
7688,6047,7910,0,0,1,9015
7911,7910,7912,1,0,1
7913,7912,7914,1,0,1
7864,7504,7915,0,0,1,199
7916,7915,7917,1,0,1
7918,7917,7919,1,0,1
7920,7919,7921,1,0,1
7922,7921,7923,1,0,1
7924,7925,7926,1,1,1
7927,7926,7928,1,0,1
7515,7928,7929,0,0,1
7513,7929,7930,0,0,1
7508,7511,7931,0,0,1
7506,7931,7932,0,0,1
7930,7933,7934,0,1,1
7932,7510,7935,0,0,1
7923,7935,7934,0,0,0
7907,7651,7936,0,0,1,9111
7904,7936,7937,0,0,1
7902,7905,7938,0,0,1
7899,7938,7939,0,0,1
7940,7939,7941,1,0,1
7658,7941,7942,0,0,1
7655,7942,7943,0,0,1
7653,7943,7937,0,0,0
7624,7839,7944,0,0,1,10804
7945,7944,7946,1,0,1
7947,7948,7949,1,1,1
7950,7951,7952,1,1,1
7241,7952,7953,0,0,1
7239,7953,7954,0,0,1
7841,7954,7955,0,0,1
7946,7842,7956,0,0,1
7949,7956,7955,0,0,0
7443,7447,7957,0,0,1,966
7458,7444,7958,0,0,1
7440,7958,7959,0,0,1
7441,7959,7960,0,0,1
7437,7960,7961,0,0,1
7962,7961,7957,1,0,0
7381,6855,7963,0,0,1,9111
578,576,7964,1,1,1
7965,7964,7966,1,0,1
6862,7966,7967,0,0,1
6859,7967,7968,0,0,1
6857,7968,7963,0,0,0
7969,7473,7970,1,1,1,2104
7971,7972,7973,1,1,1
7974,7973,7975,1,0,1
7976,7975,7977,1,0,1
7735,7977,7978,0,0,1
7733,7978,7970,0,0,0
7874,7475,7979,0,1,1,10296
7980,7979,7981,1,0,1
7972,7981,7969,0,0,0
7914,6049,7982,0,0,1,8248
7983,7982,7984,1,0,1
7985,7984,7986,1,0,1
7987,7988,7989,1,1,1
7990,7991,7992,1,1,1
7993,7992,7994,1,0,1
7737,7994,7995,0,0,1
7738,7995,7996,0,0,1
7976,7996,7997,0,0,1
7971,7974,7998,0,0,1
7980,7998,7999,0,0,1
7873,7999,8000,0,0,1
7876,8000,8001,0,0,1
7882,7877,8002,0,0,1
7986,8002,8003,0,0,1
8004,8003,8005,1,0,1
7997,7989,8006,0,0,1
8005,8001,8007,0,0,1
8008,8007,8006,1,0,0
6999,7849,8009,1,0,1,9018
7888,8009,8010,0,0,1
7680,8010,8011,0,0,1
7677,8011,7851,0,0,0
7309,7354,8012,0,0,1,12341
7306,7310,8013,0,0,1
8014,8013,8015,1,0,1
7315,8016,8017,0,1,1
7344,7316,8018,0,0,1
7312,8018,8019,0,0,1
7313,8019,8020,0,0,1
8012,8020,8021,0,0,1
8015,8021,8017,0,0,0
7664,7862,8022,0,0,1,919
8023,8022,8024,1,0,1
8025,8026,8027,1,1,1
7920,8027,8028,0,0,1
8029,8028,8030,1,0,1
8031,8030,8032,1,0,1
7916,8033,8034,0,1,1
8024,8034,8032,0,0,0
4821,7622,8035,1,0,1,31280
4823,8035,8036,1,0,1
4827,4825,8037,1,1,1
4830,8037,8038,1,0,1
4832,4829,8039,1,1,1
4837,4834,8040,1,1,1
4836,8040,8041,1,0,1
4842,4839,8042,1,1,1
4844,4841,8043,1,1,1
4849,4846,8044,1,1,1
4848,8044,8045,1,0,1
5209,4851,8046,1,1,1
5273,8046,8047,1,0,1
8048,8049,8050,1,1,1
8051,8052,8053,1,1,1
4856,8053,8054,1,0,1
4860,8054,8055,1,0,1
4859,8055,8056,1,0,1
5211,8056,8057,1,0,1
4863,8057,8058,1,0,1
4865,4862,8059,1,1,1
4870,4867,8060,1,1,1
4869,8060,8061,1,0,1
4873,8061,8062,1,0,1
4875,4872,8063,1,1,1
8064,8063,8065,1,0,1
7948,8065,8066,0,0,1
7945,8066,8067,0,0,1
8036,8067,8068,0,0,1
8038,8068,8069,0,0,1
8039,8069,8070,0,0,1
8041,8070,8071,0,0,1
8042,8071,8072,0,0,1
8043,8072,8073,0,0,1
8045,8073,8074,0,0,1
8047,8074,8075,0,0,1
8050,8075,8076,0,0,1
8058,8076,8077,0,0,1
8059,8077,8062,0,0,0
7544,7565,8078,0,0,1,197
8079,8078,8080,1,0,1
8081,8080,8082,1,0,1
8083,8082,8084,1,0,1
8085,8084,8086,1,0,1
7435,8087,8088,0,1,1
7432,8088,8089,0,0,1
7546,8089,8090,0,0,1
7547,8090,8086,0,0,0
7911,7913,8091,0,0,1,2102
8092,7689,8093,1,0,1
8094,8095,8096,1,1,1
8097,8098,8099,1,1,1
8100,8099,8101,1,0,1
8102,8103,8104,1,1,1
8105,8104,8106,1,0,1
8107,8106,8108,1,0,1
8109,8108,8110,1,0,1
8111,8110,8112,1,0,1
8113,8112,8114,1,0,1
8115,8114,8116,1,0,1
8117,8116,8118,1,0,1
8119,8120,8121,1,1,1
8122,8123,8124,1,1,1
8125,8126,8127,1,1,1
8128,8127,8129,1,0,1
7985,8129,8130,0,0,1
8091,7983,8131,0,0,1
8093,8131,8132,0,0,1
8096,8132,8133,0,0,1
8101,8133,8134,0,0,1
8118,8134,8135,0,0,1
8121,8135,8136,0,0,1
8124,8136,8130,0,0,0
7831,7833,8137,0,0,1,8248
1031,8137,8138,0,0,1
980,8138,8139,0,0,1
981,8139,7835,0,0,0
7362,7307,8140,0,0,1,16438
923,7302,8141,0,0,1
7318,8141,8142,0,0,1
8016,8142,8143,0,0,1
8140,8014,8144,0,0,1
7304,8144,8143,0,0,0
7537,7539,8145,0,0,1,710
8146,8145,8147,1,0,1
8148,8147,8149,1,0,1
7542,8149,7563,0,0,0
8150,580,8151,1,1,1,8343
8152,8151,8153,1,0,1
8154,8155,8156,1,1,1
8157,8156,8158,1,0,1
6861,8159,8160,0,1,1
7965,8160,8161,0,0,1
8153,8161,8158,0,0,0
7063,7092,8162,0,0,1,56
7061,8162,8163,0,0,1
7059,8163,8164,0,0,1
8165,8164,8166,1,0,1
7066,8166,7094,0,0,0
7541,8079,8167,0,0,1,8902
8148,8167,8168,0,0,1
8146,8168,8169,0,0,1
7535,8169,8170,0,0,1
8171,8170,8172,1,0,1
8173,8172,8081,1,0,0
7950,7243,8174,0,0,1,8245
8175,8174,8176,1,0,1
8177,8176,8178,1,0,1
8179,8180,8181,1,1,1
8182,8181,8183,1,0,1
8184,8183,8185,1,0,1
7249,8185,8186,0,0,1
7245,8186,8187,0,0,1
7246,8187,8188,0,0,1
7364,8188,8178,0,0,0
7900,7940,8189,0,0,1,8342
8190,8189,8191,1,0,1
8192,8193,8194,1,1,1
8195,8196,8197,1,1,1
8198,8197,8199,1,0,1
6868,8200,8201,0,1,1
8202,8203,8204,1,1,1
8205,8206,8207,1,1,1
8208,8209,8210,1,1,1
8211,8212,8213,1,1,1
8214,8213,8215,1,0,1
8216,8217,8218,1,1,1
7657,8218,8219,0,0,1
8191,8219,8220,0,0,1
8221,8220,8222,1,0,1
8194,8222,8223,0,0,1
8199,8223,8224,0,0,1
8204,8201,8225,0,0,1
8207,8225,8226,0,0,1
8210,8226,8227,0,0,1
8228,8227,8229,1,0,1
8215,8229,8224,0,0,0
6870,6872,8230,0,0,1,150
8198,8200,8231,0,0,1
8232,8233,8234,1,1,1
8235,8236,8237,1,1,1
8238,8237,8239,1,0,1
8240,8241,8242,1,1,1
8243,8244,8245,1,1,1
8246,8245,8247,1,0,1
8248,8249,8250,1,1,1
8251,8252,8253,1,1,1
8221,8254,8255,0,1,1
8190,8255,8256,0,0,1
8234,8231,8257,0,0,1
8239,8257,8258,0,0,1
8259,8258,8260,1,0,1
8242,8260,8261,0,0,1
8250,8247,8262,0,0,1
8256,8253,8263,0,0,1
8261,8230,8264,0,0,1
8265,8264,8266,1,0,1
8262,8266,8263,0,0,0
8128,8004,8267,0,0,1,8247
8268,8267,8269,1,0,1
8270,8269,8271,1,0,1
8272,8273,8274,1,1,1
8275,8274,8276,1,0,1
8277,8276,8278,1,0,1
8279,8280,8281,1,1,1
8282,8283,8284,1,1,1
8285,8286,8287,1,1,1
8288,8287,8289,1,0,1
8290,8289,8291,1,0,1
8292,8293,8294,1,1,1
8295,8294,8296,1,0,1
8297,8296,8298,1,0,1
8299,8298,8300,1,0,1
8301,8302,8303,1,1,1
7742,8303,8304,0,0,1
7740,8304,8305,0,0,1
7993,8305,8306,0,0,1
7987,7991,8307,0,0,1
8008,7988,8308,0,0,1
8271,8308,8309,0,0,1
8278,8309,8310,0,0,1
8281,8310,8311,0,0,1
8284,8311,8312,0,0,1
8291,8313,8314,0,1,1
8300,8314,8315,0,0,1
8316,8315,8317,1,0,1
8306,8317,8318,0,0,1
8312,8307,8319,0,0,1
8318,8320,8321,0,1,1
7990,8321,8319,0,0,0
8322,7686,8323,1,0,1,9015
8324,8323,8325,1,0,1
8097,8325,8326,0,0,1
8094,8098,8327,0,0,1
8092,8095,8328,0,0,1
8326,8328,8327,0,0,0
8329,8173,8330,1,0,1,8901
8331,8332,8333,1,1,1
8334,8333,8335,1,0,1
8085,8336,8337,0,1,1
8330,8083,8338,0,0,1
8339,8338,8340,1,0,1
8335,8340,8337,0,0,0
8031,8033,8341,0,0,1,151
8029,8341,7918,0,0,0
8342,7662,8343,1,0,1,2967
8344,8343,8345,1,0,1
8346,8345,8347,1,0,1
8348,8347,8349,1,0,1
8350,8351,8352,1,1,1
8353,8352,8354,1,0,1
8026,8354,8355,0,0,1
8349,8023,8356,0,0,1
8357,8356,8355,1,0,0
8165,7065,8358,0,0,1,55
7057,8358,8359,0,0,1
973,8359,8360,0,0,1
971,8360,7069,0,0,0
8361,8362,8363,1,1,1,12343
8364,8363,8365,1,0,1
8366,8365,8367,1,0,1
8368,8367,8369,1,0,1
7951,8175,8370,0,0,1,8244
7947,8370,8371,0,0,1
8064,8371,8372,0,0,1
4877,8372,8373,1,0,1
4879,8373,8374,1,0,1
8375,8374,8376,1,0,1
8377,8378,8379,1,1,1
8380,8379,8381,1,0,1
8382,8383,8384,1,1,1
8385,8384,8386,1,0,1
8387,8386,8388,1,0,1
8180,8388,8389,0,0,1
8177,8389,8390,0,0,1
8376,8390,8381,0,0,0
7660,8342,8391,0,0,1,8343
8216,8391,8392,0,0,1
8393,8392,8394,1,0,1
8395,8394,8396,1,0,1
8397,8396,8344,1,0,0
7803,8398,8399,0,1,1,2872
8400,8401,8402,1,1,1
8403,8404,8405,1,1,1
8399,8405,8402,0,0,0
8125,8268,8406,0,0,1,2103
8122,8126,8407,0,0,1
8119,8123,8408,0,0,1
8117,8120,8409,0,0,1
8410,8115,8411,1,0,1
8272,8412,8413,0,1,1
8270,8273,8414,0,0,1
8406,8414,8415,0,0,1
8407,8415,8416,0,0,1
8408,8416,8417,0,0,1
8409,8417,8418,0,0,1
8411,8418,8413,0,0,0
6864,6866,8419,0,0,1,9110
8159,8419,8420,0,0,1
8154,8157,8421,0,0,1
8422,8421,8423,1,0,1
8424,8425,8426,1,1,1
8203,8426,8427,0,0,1
8420,8427,8423,0,0,0
8240,8265,8428,0,0,1,149
8259,8241,8429,0,0,1
8238,8429,8430,0,0,1
8235,8430,8431,0,0,1
8232,8236,8432,0,0,1
8249,8432,8433,0,0,1
8246,8433,8434,0,0,1
8243,8434,8435,0,0,1
8428,8244,8436,0,0,1
8431,8436,8435,0,0,0
7684,8322,8437,0,0,1,10295
8438,8437,8439,1,0,1
8440,8441,8442,1,1,1
8443,8444,8445,1,1,1
8446,8445,8447,1,0,1
8103,8447,8448,0,0,1
8100,8448,8449,0,0,1
8324,8449,8450,0,0,1
8439,8450,8442,0,0,0
7886,7682,8451,0,0,1,10296
7078,8451,8452,0,0,1
8453,8454,8455,1,1,1
8456,8455,8457,1,0,1
8440,8444,8458,0,0,1
8438,8441,8459,0,0,1
8452,8459,8460,0,0,1
8457,8460,8458,0,0,0
7533,8171,8461,0,0,1,12486
8462,8461,8463,1,0,1
8464,8463,8465,1,0,1
8466,8465,8329,1,0,0
8467,8425,8468,1,0,1,11159
8469,8470,8471,1,1,1
8472,8471,8473,1,0,1
8474,8473,8475,1,0,1
8476,8477,8478,1,1,1
8479,8480,8481,1,1,1
8482,8481,8483,1,0,1
8484,8483,8485,1,0,1
8211,8485,8486,0,0,1
8487,8486,8488,1,0,1
8489,8488,8490,1,0,1
8491,8490,8492,1,0,1
8493,8492,8494,1,0,1
8495,8496,8497,1,1,1
8498,8499,8500,1,1,1
8468,8500,8501,0,0,1
8475,8501,8502,0,0,1
8494,8478,8503,0,0,1
8497,8503,8502,0,0,0
8155,8422,8504,0,0,1,9111
8505,8504,8506,1,0,1
8507,8506,8508,1,0,1
8509,8508,8510,1,0,1
8469,8511,8512,0,1,1
8467,8470,8513,0,0,1
8510,8513,8512,0,0,0
8514,1357,8515,1,1,1,55
8516,8517,8518,1,1,1
8519,8518,8520,1,0,1
8521,8520,8522,1,0,1
8523,8524,8525,1,1,1
8526,8525,8527,1,0,1
8528,8527,8529,1,0,1
586,8529,8530,1,0,1
588,8530,8531,1,0,1
8515,590,8532,0,1,1
8522,8532,8533,0,0,1
8534,8533,8531,1,0,0
8410,8412,8535,0,0,1,54
8113,8535,8536,0,0,1
8111,8536,8537,0,0,1
8538,8537,8539,1,0,1
8540,8539,8541,1,0,1
8542,8541,8275,1,0,0
8543,8544,8545,1,1,1,197
8546,8545,8547,1,0,1
8548,8547,8549,1,0,1
8550,8551,8552,1,1,1
8553,8552,8554,1,0,1
8555,8554,8556,1,0,1
8557,8556,8558,1,0,1
8559,8558,8560,1,0,1
8561,8560,8549,1,0,0
8562,8563,8564,1,1,1,2872
8565,8564,8566,1,0,1
8567,8568,8569,1,1,1
7784,8569,8570,0,0,1
7782,8570,8571,0,0,1
8572,8571,8573,1,0,1
8574,8575,8576,1,1,1
8523,8577,8578,0,1,1
8579,8578,8580,1,0,1
8581,8580,8582,1,0,1
8516,8583,8584,0,1,1
8566,8584,8585,0,0,1
8576,8573,8586,0,0,1
8582,8586,8587,0,0,1
8588,8587,8585,1,0,0
8589,8590,8591,1,1,1,2872
7798,7801,8592,0,0,1
8593,8592,8594,1,0,1
8595,8594,8591,1,0,0
969,7068,8596,0,0,1,12343
967,8596,8597,0,0,1
8598,8597,8599,1,0,1
7071,8600,8601,0,1,1
7072,8601,8599,0,0,0
8353,8025,8602,0,0,1,151
8603,8602,7922,1,0,0
8604,8332,8605,1,0,1,8389
8606,8605,8607,1,0,1
8608,8607,8609,1,0,1
8610,8611,8612,1,1,1
8550,8612,8613,0,0,1
8548,8551,8614,0,0,1
8546,8614,8615,0,0,1
8543,8615,8616,0,0,1
8617,8616,8618,1,0,1
8609,8619,8620,0,1,1
8613,8620,8618,0,0,0
8466,8339,8621,0,0,1,8390
8622,8621,8623,1,0,1
8624,8623,8625,1,0,1
8626,8625,8627,1,0,1
8628,8629,8630,1,1,1
8462,8631,8632,0,1,1
7531,8632,8633,0,0,1
7526,7529,8634,0,0,1
8635,8636,8637,1,1,1
8638,8639,8640,1,1,1
8641,8642,8643,1,1,1
8644,8645,8646,1,1,1
8647,8648,8649,1,1,1
8610,8553,8650,0,0,1
8611,8650,8651,0,0,1
8606,8608,8652,0,0,1
8627,8604,8653,0,0,1
8654,8653,8655,1,0,1
8633,8630,8656,0,0,1
8637,8634,8657,0,0,1
8640,8657,8658,0,0,1
8646,8643,8659,0,0,1
8649,8659,8660,0,0,1
8651,8661,8662,0,1,1
8652,8662,8663,0,0,1
8655,8663,8664,0,0,1
8665,8664,8666,1,0,1
8658,8656,8667,0,0,1
8660,8667,8666,0,0,0
8397,8346,8668,0,0,1,11159
8395,8668,8669,0,0,1
8670,8669,8671,1,0,1
8672,8671,8673,1,0,1
8357,8673,8348,0,0,0
8233,8248,8674,0,0,1,149
8195,8674,8675,0,0,1
8196,8675,8676,0,0,1
8192,8676,8677,0,0,1
8254,8193,8678,0,0,1
8251,8678,8679,0,0,1
8252,8679,8677,0,0,0
8498,8424,8680,0,0,1,8343
8681,8680,8682,1,0,1
8683,8682,8684,1,0,1
8685,8686,8687,1,1,1
8688,8689,8690,1,1,1
8228,8690,8691,0,0,1
8208,8691,8692,0,0,1
8205,8209,8693,0,0,1
8202,8206,8694,0,0,1
8684,8694,8695,0,0,1
8687,8695,8696,0,0,1
8692,8696,8693,0,0,0
8588,8583,8697,0,0,1,2871
8581,8697,8698,0,0,1
8579,8698,8699,0,0,1
8524,8699,8700,0,0,1
8521,8534,8701,0,0,1
8519,8701,8700,0,0,0
8542,8277,8702,0,0,1,2870
8540,8702,8703,0,0,1
8538,8703,8704,0,0,1
8705,8107,8706,1,0,1
8707,8706,8708,1,0,1
8709,8708,8710,1,0,1
8711,8712,8713,1,1,1
8714,8713,8715,1,0,1
8716,8715,8717,1,0,1
8718,8717,8719,1,0,1
8720,8719,8721,1,0,1
8722,8721,8723,1,0,1
8724,8723,8725,1,0,1
8726,8725,8727,1,0,1
8704,8728,8729,0,1,1
8109,8729,8730,0,0,1
8710,8730,8727,0,0,0
8499,8681,8731,0,0,1,151
8495,8731,8732,0,0,1
8496,8732,8733,0,0,1
8493,8733,8734,0,0,1
8735,8734,8736,1,0,1
8686,8736,8683,0,0,0
8737,8456,8738,1,0,1,2103
8739,8738,8740,1,0,1
8446,8102,8741,0,0,1
8443,8741,8740,0,0,0
937,1049,8742,0,0,1,12342
935,8742,8743,0,0,1
7296,8743,8744,0,0,1
7294,7297,8745,0,0,1
948,8745,8746,0,0,1
944,8746,8747,0,0,1
945,8747,8748,0,0,1
942,8748,8749,0,0,1
1043,940,8750,0,0,1
8749,8744,8751,0,0,1
939,8751,8750,0,0,0
8752,582,8753,1,1,1,152
8754,8755,8756,1,1,1
8757,8756,8758,1,0,1
8759,8758,8760,1,0,1
8761,8762,8763,1,1,1
8764,8763,8765,1,0,1
8766,8765,8767,1,0,1
8150,8767,8768,0,0,1
8760,8753,8769,0,0,1
8770,8769,8768,1,0,0
8559,8771,8772,0,1,1,965
8557,8772,8773,0,0,1
8774,8773,8775,1,0,1
8776,8775,8777,1,0,1
8778,8777,8779,1,0,1
8780,8779,8781,1,0,1
8217,8393,8782,0,0,1,19350
8783,8782,8784,1,0,1
8785,8784,8786,1,0,1
8787,8786,8788,1,0,1
8789,8790,8791,1,1,1
8351,8792,8793,0,1,1
8672,8793,8794,0,0,1
8788,8670,8795,0,0,1
8791,8795,8794,0,0,0
7744,7746,8796,0,0,1,8248
8301,8796,8797,0,0,1
8316,8302,8798,0,0,1
8299,8798,8799,0,0,1
8295,8297,8800,0,0,1
8801,8800,8802,1,0,1
7752,8802,8803,0,0,1
7748,8803,8804,0,0,1
7749,8804,8805,0,0,1
8797,8805,8799,0,0,0
8806,7076,8807,1,0,1,55
8808,8807,8809,1,0,1
8810,8809,8811,1,0,1
8812,8811,8813,1,0,1
8814,8813,8815,1,0,1
8816,8817,8818,1,1,1
8737,8818,8819,0,0,1
8453,8819,8820,0,0,1
8815,8454,8821,0,0,1
8822,8821,8820,1,0,0
8464,8622,8823,0,0,1,8391
8631,8823,8824,0,0,1
8628,8824,8825,0,0,1
8629,8825,8826,0,0,1
8654,8665,8827,0,0,1
8626,8827,8828,0,0,1
8624,8828,8826,0,0,0
8829,7933,8830,1,0,1,9159
8831,8832,8833,1,1,1
8834,8833,8835,1,0,1
8836,8835,8837,1,0,1
8838,8837,8839,1,0,1
8840,8841,8842,1,1,1
7924,8842,8843,0,0,1
8830,7925,8844,0,0,1
8839,8844,8843,0,0,0
8792,8350,8845,0,0,1,9111
8789,8845,8846,0,0,1
8847,8846,8848,1,0,1
8849,8848,8850,1,0,1
8831,8850,8851,0,0,1
8832,8851,8852,0,0,1
8829,8852,8603,0,0,0
8735,8685,8853,0,0,1,2967
8491,8853,8854,0,0,1
8489,8854,8855,0,0,1
8212,8487,8856,0,0,1
8688,8856,8857,0,0,1
8689,8857,8855,0,0,0
8858,8282,8859,1,0,1,55
8860,8859,8861,1,0,1
8862,8861,8863,1,0,1
8864,8863,8865,1,0,1
8866,8865,8867,1,0,1
8868,8867,8869,1,0,1
8870,8869,8871,1,0,1
8872,8873,8874,1,1,1
8285,8874,8875,0,0,1
8286,8875,8876,0,0,1
8313,8876,8877,0,0,1
8320,8877,8871,0,0,0
8726,8728,8878,0,0,1,2871
8724,8878,8879,0,0,1
8880,8881,8882,1,1,1
8280,8882,8879,0,0,0
8883,8507,8884,1,0,1,11159
8885,8886,8887,1,1,1
8888,8887,8889,1,0,1
8890,8889,8891,1,0,1
8892,8891,8893,1,0,1
8894,8893,8895,1,0,1
8896,8895,8897,1,0,1
8898,8897,8884,1,0,0
8152,8505,8899,0,0,1,2967
8766,8899,8900,0,0,1
8901,8764,8902,1,0,1
8903,8902,8904,1,0,1
8905,8904,8906,1,0,1
8907,8908,8909,1,1,1
8886,8909,8910,0,0,1
8883,8910,8911,0,0,1
8900,8911,8906,0,0,0
8912,8913,8914,1,1,1,11063
8915,8914,8916,1,0,1
8917,8916,8918,1,0,1
8919,8714,8920,1,1,1
8921,8922,8923,1,1,1
8924,8925,8926,1,1,1
8720,8927,8928,1,1,1
8881,8722,8929,1,1,1
8279,8880,8930,1,1,1
8283,8930,8931,1,0,1
8858,8931,8932,1,0,1
8933,8932,8934,1,0,1
8935,8934,8936,1,0,1
8937,8938,8939,1,1,1
8940,8939,8941,1,0,1
8942,8941,8943,1,0,1
8920,8918,8944,0,0,1
8945,8944,8946,1,0,1
8923,8946,8947,0,0,1
8926,8947,8948,0,0,1
8928,8949,8950,0,1,1
8936,8929,8951,0,0,1
8943,8951,8952,0,0,1
8948,8952,8950,0,0,0
8953,8600,8954,1,0,1,10296
8955,8956,8957,1,1,1
8958,8959,8960,1,1,1
8806,8961,8962,0,1,1
7074,8962,8963,0,0,1
8957,8954,8964,0,0,1
8960,8964,8963,0,0,0
964,8598,8965,0,0,1,10295
8966,8965,8967,1,0,1
8968,8967,8969,1,0,1
8970,8969,8971,1,0,1
8972,8971,8973,1,0,1
953,8973,8974,0,0,1
7289,7291,8975,0,0,1
8976,8975,8977,1,0,1
8978,8977,8979,1,0,1
8980,8979,8981,1,0,1
8982,8981,8983,1,0,1
8959,8984,8985,0,1,1
8955,8985,8986,0,0,1
8974,8953,8987,0,0,1
954,8987,8988,0,0,1
8986,8983,8989,0,0,1
8956,8989,8988,0,0,0
4881,8375,8990,1,0,1,32819
8991,4885,8992,1,1,1
8383,8992,8993,0,0,1
8380,8993,8994,0,0,1
8377,8994,8995,0,0,1
8990,8378,8996,0,0,1
4883,8996,8995,1,0,0
8840,7927,8997,0,0,1,10439
8838,8841,8998,0,0,1
8999,8998,9000,1,0,1
9001,9002,9003,1,1,1
9004,9003,9005,1,0,1
9006,9005,9007,1,0,1
9008,9007,9009,1,0,1
7519,9009,9010,0,0,1
7517,9010,9011,0,0,1
8997,9011,9000,0,0,0
8511,8472,9012,0,0,1,15254
8898,8509,9013,0,0,1
8896,9013,9014,0,0,1
8894,9014,9015,0,0,1
9016,8892,9017,1,0,1
8476,9017,9018,0,0,1
8477,9018,9019,0,0,1
8474,9019,9020,0,0,1
9012,9020,9015,0,0,0
8528,584,9021,0,1,1,56
9022,9021,9023,1,0,1
9024,9023,9025,1,0,1
9026,9027,9028,1,1,1
9029,9030,9031,1,1,1
9032,9031,9033,1,0,1
8755,9033,9034,0,0,1
9025,8752,9035,0,0,1
9028,9035,9034,0,0,0
7794,9036,9037,0,1,1,55
7791,9037,9038,0,0,1
7788,9038,9039,0,0,1
7786,7789,9040,0,0,1
8567,9040,9041,0,0,1
9042,9041,9039,1,0,0
8182,8184,9043,0,0,1,10805
9044,9043,9045,1,0,1
9046,9045,9047,1,0,1
9048,9047,9049,1,0,1
9050,9051,9052,1,1,1
9053,9052,9054,1,0,1
9055,9054,9056,1,0,1
9057,9056,9058,1,0,1
9059,9058,9060,1,0,1
7252,9060,9061,0,0,1
9049,7248,9062,0,0,1
9063,9062,9061,1,0,0
9008,7521,9064,0,0,1,2246
9006,9064,9065,0,0,1
7561,9066,9067,0,1,1
7523,9067,9068,0,0,1
7524,9068,9065,0,0,0
8214,8783,9069,0,0,1,11158
8484,9069,9070,0,0,1
9071,9070,9072,1,0,1
9073,9072,9074,1,0,1
9075,9074,9076,1,0,1
9077,9076,9078,1,0,1
9079,9078,9080,1,0,1
9081,9080,9082,1,0,1
8787,9082,8785,0,0,0
8770,8762,9083,0,0,1,151
8759,9083,9084,0,0,1
8757,9084,9085,0,0,1
9086,9085,9087,1,0,1
9088,9087,9089,1,0,1
9090,9089,9091,1,0,1
8908,9092,9093,0,1,1
8903,8905,9094,0,0,1
8761,8901,9095,0,0,1
9091,9095,9096,0,0,1
9093,9096,9094,0,0,0
8577,8526,9097,0,0,1,2871
8574,9097,9098,0,0,1
8572,8575,9099,0,0,1
7780,9099,9100,0,0,1
7778,9100,9101,0,0,1
9102,9101,9103,1,0,1
9104,9103,9105,1,0,1
9106,9105,9107,1,0,1
9022,9108,9109,0,1,1
9098,9109,9107,0,0,0
1029,965,9110,0,0,1,12342
1027,9110,9111,0,0,1
960,962,9112,0,0,1
956,958,9113,0,0,1
8972,9113,9114,0,0,1
8970,9114,9115,0,0,1
8968,9115,9116,0,0,1
8966,9116,9117,0,0,1
9111,9117,9112,0,0,0
8387,8179,9118,0,0,1,10804
9119,9118,9120,1,0,1
9121,9120,9122,1,0,1
9123,9122,9124,1,0,1
9125,9124,9126,1,0,1
9127,9128,9129,1,1,1
9130,9131,9132,1,1,1
9133,9132,9134,1,0,1
9044,9135,9136,0,1,1
9126,9136,9137,0,0,1
9129,9137,9134,0,0,0
8816,8739,9138,0,0,1,8247
8976,9139,9140,0,1,1
7287,9140,9141,0,0,1
9142,9141,9143,1,0,1
9144,9143,9145,1,0,1
9146,9145,9147,1,0,1
9148,9149,9150,1,1,1
9151,9152,9153,1,1,1
9154,9153,9155,1,0,1
8705,9155,9156,0,0,1
8105,9156,9157,0,0,1
9138,9157,9158,0,0,1
9150,9147,9159,0,0,1
9160,9159,9158,1,0,0
8836,8999,9161,0,0,1,18630
9162,9161,9163,1,0,1
9164,9163,9165,1,0,1
9166,9167,9168,1,1,1
9002,9168,9165,0,0,0
9092,8907,9169,0,0,1,8344
9170,9169,9171,1,0,1
9172,9171,9173,1,0,1
9174,9175,9176,1,1,1
9177,9176,9178,1,0,1
8885,9178,9173,0,0,0
9108,9024,9179,0,0,1,55
9106,9179,9180,0,0,1
9104,9180,9181,0,0,1
9102,9181,9182,0,0,1
7776,9182,9183,0,0,1
7774,9183,9184,0,0,1
7772,9184,9185,0,0,1
9186,9185,9187,1,0,1
9188,9187,9027,1,0,0
8292,8801,9189,0,0,1,2872
9190,9189,9191,1,0,1
9192,9193,9194,1,1,1
9195,9196,9197,1,1,1
7754,9197,9198,0,0,1
7751,7755,9199,0,0,1
9191,9199,9200,0,0,1
9194,9200,9198,0,0,0
8958,8961,9201,0,0,1,2103
8984,9201,9202,0,0,1
8982,9202,9203,0,0,1
9139,8978,9204,0,0,1
8817,9204,9205,0,0,1
8822,9205,9206,0,0,1
8812,8814,9207,0,0,1
8808,8810,9208,0,0,1
9203,9208,9209,0,0,1
8980,9209,9210,0,0,1
9206,9210,9207,0,0,0
9059,7251,9211,0,0,1,8245
9212,9211,9213,1,0,1
9214,9215,9216,1,1,1
9217,9218,9219,1,1,1
9220,9221,9222,1,1,1
9223,9224,9225,1,1,1
9226,9225,9227,1,0,1
9228,9227,9229,1,0,1
9230,9229,9231,1,0,1
7258,9231,9232,0,0,1
9213,7255,9233,0,0,1
9216,9233,9234,0,0,1
9219,9234,9235,0,0,1
9236,9235,9237,1,0,1
9232,9222,9238,0,0,1
9237,7254,9239,0,0,1
9240,9239,9238,1,0,0
9004,9066,9241,0,0,1,10438
9001,9241,9242,0,0,1
9166,9242,9243,0,0,1
9244,9243,9245,1,0,1
8636,9246,9247,0,1,1
7527,9247,9245,0,0,0
8482,9071,9248,0,0,1,19350
8479,9248,9249,0,0,1
9250,9249,9251,1,0,1
9252,9253,9254,1,1,1
9255,9254,9256,1,0,1
9257,9256,9258,1,0,1
9259,9258,9260,1,0,1
9261,9260,9262,1,0,1
9073,9263,9264,0,1,1
9251,9264,9262,0,0,0
9088,9090,9265,0,0,1,152
9266,9265,9267,1,0,1
9268,9267,9269,1,0,1
9172,9269,9170,0,0,0
8868,8870,9270,0,0,1,54
9271,8866,9272,1,0,1
9273,9272,9274,1,0,1
9275,9274,9276,1,0,1
9277,9276,9278,1,0,1
9279,9278,9280,1,0,1
8873,9280,9270,0,0,0
8933,8860,9281,1,0,1,2871
8938,8935,9282,1,1,1
9283,9282,9284,1,0,1
9285,9284,9286,1,0,1
8862,9286,9281,0,0,0
9154,8707,9287,0,0,1,15157
9288,9289,9290,1,1,1
9291,9292,9293,1,1,1
9294,9295,9296,1,1,1
9287,9297,9298,0,1,1
9299,9298,9300,1,0,1
9290,9300,9301,0,0,1
9293,9301,9296,0,0,0
9133,9135,9302,0,0,1,14900
9130,9302,9303,0,0,1
9304,9303,9305,1,0,1
9053,9055,9306,0,0,1
9063,9051,9307,0,0,1
9048,9307,9308,0,0,1
9046,9308,9309,0,0,1
9306,9305,9310,0,0,1
9050,9310,9309,0,0,0
8847,8849,9311,0,0,1,17350
8790,9311,9312,0,0,1
9313,9312,9314,1,0,1
9315,9316,9317,1,1,1
9318,9317,9319,1,0,1
9320,9319,9321,1,0,1
9322,9323,9324,1,1,1
9325,9324,9326,1,0,1
9162,9326,9327,0,0,1
8834,9327,9328,0,0,1
9314,9328,9321,0,0,0
9329,8890,9330,1,0,1,19094
9331,9330,9332,1,0,1
9333,9332,9334,1,0,1
9253,9334,9335,0,0,1
9250,9335,9336,0,0,1
8480,9336,9016,0,0,0
9177,8888,9337,0,0,1,10904
9338,9337,9339,1,0,1
9340,9341,9342,1,1,1
9343,9342,9344,1,0,1
9345,9344,9346,1,0,1
9347,9346,9348,1,0,1
9349,9348,9350,1,0,1
9351,9350,9352,1,0,1
9353,9352,9354,1,0,1
9355,9354,9356,1,0,1
9357,9356,9358,1,0,1
9329,9359,9360,0,1,1
9339,9360,9361,0,0,1
9362,9361,9358,1,0,0
8754,9086,9363,0,0,1,2712
9032,9363,9364,0,0,1
9343,9365,9366,0,1,1
9362,9341,9367,0,0,1
9174,9338,9368,0,0,1
9175,9368,9369,0,0,1
9268,9369,9370,0,0,1
9364,9266,9371,0,0,1
9366,9371,9372,0,0,1
9340,9372,9373,0,0,1
9367,9373,9370,0,0,0
8290,8293,9374,0,0,1,11064
9375,9374,9376,1,0,1
9377,9378,9379,1,1,1
9380,9379,9381,1,0,1
9382,9381,9383,1,0,1
9384,9383,9385,1,0,1
9386,9385,9387,1,0,1
9388,9387,9389,1,0,1
9390,9389,9391,1,0,1
9392,9393,9394,1,1,1
9192,9394,9395,0,0,1
9190,9193,9396,0,0,1
9376,9396,9397,0,0,1
9391,9397,9395,0,0,0
9297,8709,9398,0,0,1,11062
9294,9398,9399,0,0,1
9295,9399,9400,0,0,1
9401,9291,9402,1,0,1
8711,9403,9404,0,1,1
9400,8712,9405,0,0,1
9402,9405,9404,0,0,0
8385,9119,9406,0,0,1,2611
4887,8991,9407,1,0,1
9408,9407,9409,1,0,1
9410,9409,9411,1,0,1
9412,9413,9414,1,1,1
9128,9414,9415,0,0,1
9125,9415,9416,0,0,1
9123,9416,9417,0,0,1
9406,9121,9418,0,0,1
9411,8382,9419,0,0,1
9417,9419,9418,0,0,0
9261,9263,9420,0,0,1,15253
9421,9420,9422,1,0,1
9423,9422,9424,1,0,1
9425,9426,9427,1,1,1
9428,9429,9430,1,1,1
9316,9430,9431,0,0,1
9313,9431,9432,0,0,1
9081,9432,9433,0,0,1
9079,9433,9434,0,0,1
9075,9077,9435,0,0,1
9424,9435,9436,0,0,1
9427,9436,9434,0,0,0
9437,8635,9438,1,0,1,8389
9439,9438,9440,1,0,1
9441,9440,9442,1,0,1
9443,9442,9444,1,0,1
9445,9446,9447,1,1,1
9448,9449,9450,1,1,1
9451,9452,9453,1,1,1
9454,9455,9456,1,1,1
9457,9456,9458,1,0,1
9459,9460,9461,1,1,1
9462,9461,9463,1,0,1
9464,9463,9465,1,0,1
9466,9467,9468,1,1,1
8776,9469,9470,0,1,1
8555,8774,9471,0,0,1
8661,9471,9472,0,0,1
8647,9472,9473,0,0,1
8642,9474,9475,0,1,1
8638,9475,9476,0,0,1
8639,9476,9477,0,0,1
9444,9477,9478,0,0,1
9447,9478,9479,0,0,1
9458,9453,9480,0,0,1
9481,9480,9482,1,0,1
9468,9465,9483,0,0,1
9470,9483,9484,0,0,1
9473,9484,9485,0,0,1
9479,9486,9487,0,1,1
9450,9487,9488,0,0,1
9482,9488,9485,0,0,0
9167,9244,9489,0,0,1,10437
9490,9489,9491,1,0,1
9492,9491,9493,1,0,1
9494,9493,9495,1,0,1
9496,9495,9497,1,0,1
9437,9497,9246,0,0,0
9498,9499,9500,1,1,1,11062
9501,9502,9503,1,1,1
9504,9505,9506,1,1,1
9299,9151,9507,1,1,1
9289,9507,9508,1,0,1
9288,9508,9509,1,0,1
8912,9292,9510,0,1,1
9511,8913,9512,1,0,1
9513,9512,9514,1,0,1
9515,9514,9516,1,0,1
9517,9516,9518,1,0,1
9500,9518,9519,0,0,1
9503,9519,9520,0,0,1
9509,9506,9521,0,0,1
9510,9521,9520,0,0,0
9522,9259,9523,1,0,1,11158
9524,9523,9525,1,0,1
9429,9526,9527,0,1,1
9425,9527,9528,0,0,1
9426,9528,9529,0,0,1
9423,9529,9530,0,0,1
9421,9530,9525,0,0,0
9217,9236,9531,0,0,1,12339
9214,9218,9532,0,0,1
9533,9215,9534,1,0,1
9224,9534,9535,0,0,1
9220,9535,9536,0,0,1
9221,9536,9537,0,0,1
9531,9240,9538,0,0,1
9532,9538,9537,0,0,0
9539,9408,9540,1,0,1,31280
9541,9540,9542,1,0,1
4895,4893,9543,1,1,1
4897,9543,9544,1,0,1
9545,9546,9547,1,1,1
4904,9547,9548,1,0,1
4907,4903,9549,1,1,1
4906,9549,9550,1,0,1
4912,4909,9551,1,1,1
4914,4911,9552,1,1,1
4918,4916,9553,1,1,1
4921,9553,9554,1,0,1
5218,4920,9555,1,1,1
4924,9555,9556,1,0,1
4929,4926,9557,1,1,1
4928,9557,9558,1,0,1
4933,4931,9559,1,1,1
5299,9559,9560,1,0,1
4936,9560,9561,1,0,1
4935,9561,9562,1,0,1
5302,9562,9563,1,0,1
5294,9563,9564,1,0,1
4939,9564,9565,1,0,1
4941,4938,9566,1,1,1
5221,9566,9567,1,0,1
4944,9567,9568,1,0,1
4947,4943,9569,1,1,1
4949,4946,9570,1,1,1
4952,9570,9571,1,0,1
4951,9571,9572,1,0,1
4956,4954,9573,1,1,1
4959,9573,9574,1,0,1
4964,4961,9575,1,1,1
4963,9575,9576,1,0,1
4969,4966,9577,1,1,1
4971,4968,9578,1,1,1
4976,4973,9579,1,1,1
4978,4975,9580,1,1,1
4981,9580,9581,1,0,1
4980,9581,9582,1,0,1
4986,4983,9583,1,1,1
9584,9583,9585,1,0,1
9127,9585,9586,0,0,1
9412,9586,9587,0,0,1
9410,9413,9588,0,0,1
9542,9588,9589,0,0,1
9544,9589,9590,0,0,1
9551,9550,9591,0,0,1
9552,9591,9592,0,0,1
9556,9554,9593,0,0,1
9558,4923,9594,0,1,1
9565,9594,9595,0,0,1
9568,9595,9596,0,0,1
9569,9596,9597,0,0,1
9576,4958,9598,0,1,1
9578,9577,9599,0,0,1
9582,9579,9600,0,0,1
9587,9600,9601,0,0,1
9590,9601,9602,0,0,1
9548,9602,9603,0,0,1
9592,9603,9604,0,0,1
9593,9604,9605,0,0,1
9597,9605,9606,0,0,1
9572,9606,9607,0,0,1
9598,9574,9608,0,0,1
9599,9608,9607,0,0,0
9325,9164,9609,0,0,1,10437
9322,9609,9610,0,0,1
9611,9610,9612,1,0,1
9613,9612,9614,1,0,1
9615,9614,9616,1,0,1
9617,9616,9618,1,0,1
9359,9331,9619,0,0,1,10903
9355,9357,9620,0,0,1
9621,9620,9622,1,0,1
9252,9622,9623,0,0,1
9333,9623,9619,0,0,0
9624,8780,9625,1,0,1,2245
9626,9625,9627,1,0,1
9469,8778,9628,0,0,1,2244
9466,9628,9629,0,0,1
9467,9629,9630,0,0,1
9631,9632,9633,1,1,1
9634,9633,9635,1,0,1
9626,9635,9636,0,0,1
9630,9624,9637,0,0,1
9638,9637,9636,1,0,0
9496,9439,9639,0,0,1,197
9640,9494,9641,1,0,1
9642,9641,9643,1,0,1
9644,9643,9645,1,0,1
9646,9645,9647,1,0,1
9648,9647,9649,1,0,1
9650,9649,9651,1,0,1
9652,9651,9653,1,0,1
9443,9653,9654,0,0,1
9441,9654,9639,0,0,0
9618,9490,9655,0,0,1,8389
9656,9655,9657,1,0,1
9658,9659,9660,1,1,1
9661,9662,9663,1,1,1
9664,9665,9666,1,1,1
9642,9666,9667,0,0,1
9640,9667,9668,0,0,1
9492,9668,9669,0,0,1
9660,9657,9670,0,0,1
9671,9670,9672,1,0,1
9673,9672,9674,1,0,1
9663,9674,9669,0,0,0
9320,9323,9675,0,0,1,9157
9676,9677,9678,1,1,1
9679,9678,9680,1,0,1
9681,9680,9682,1,0,1
9683,9682,9684,1,0,1
9685,9684,9686,1,0,1
9687,9686,9688,1,0,1
9689,9688,9690,1,0,1
9611,9690,9675,0,0,0
9691,9257,9692,1,0,1,13253
9693,9692,9694,1,0,1
9695,9694,9696,1,0,1
9697,9696,9698,1,0,1
9699,9698,9700,1,0,1
9677,9701,9702,0,1,1
9318,9702,9703,0,0,1
9704,9703,9705,1,0,1
9524,9705,9706,0,0,1
9522,9706,9700,0,0,0
9707,7814,9708,1,0,1,55
9709,9710,9711,1,1,1
9712,9713,9714,1,1,1
9715,9714,9716,1,0,1
9717,9716,9718,1,0,1
9719,9720,9721,1,1,1
9722,9723,9724,1,1,1
9725,9724,9726,1,0,1
9727,9728,9729,1,1,1
9730,9731,9732,1,1,1
9733,9732,9734,1,0,1
9735,9734,9736,1,0,1
9737,9736,9738,1,0,1
9739,9738,9740,1,0,1
7764,9740,9741,0,0,1
7761,9741,9742,0,0,1
7762,9742,9743,0,0,1
9708,9743,9744,0,0,1
9711,9744,9745,0,0,1
9726,9721,9746,0,0,1
9729,9746,9747,0,0,1
9745,9748,9749,0,1,1
9718,9749,9747,0,0,0
9279,8872,9750,0,0,1,11063
9751,9277,9752,1,0,1
9753,9752,9754,1,0,1
9755,9756,9757,1,1,1
9378,9758,9759,0,1,1
9375,9759,9760,0,0,1
8288,9760,9761,0,0,1
9750,9761,9762,0,0,1
9754,9762,9757,0,0,0
9057,9212,9763,0,0,1,8244
9304,9763,9764,0,0,1
9131,9764,9765,0,0,1
9584,9765,9766,0,0,1
4985,9766,9767,1,0,1
4988,9767,9768,1,0,1
9769,9768,9770,1,0,1
9223,9770,9533,0,0,0
7757,7759,9771,0,0,1,8247
9195,9771,9772,0,0,1
9392,9196,9773,0,0,1
9774,9773,9775,1,0,1
9776,9777,9778,1,1,1
9384,9779,9780,0,1,1
9382,9780,9781,0,0,1
9782,9781,9783,1,0,1
9784,9785,9786,1,1,1
9787,9788,9789,1,1,1
9712,9789,9790,0,0,1
9709,9713,9791,0,0,1
9710,9791,9792,0,0,1
9772,7819,9793,0,0,1
9775,9793,9794,0,0,1
9783,9778,9795,0,0,1
9786,9795,9796,0,0,1
9790,9796,9797,0,0,1
9792,9797,9798,0,0,1
9794,9707,9799,0,0,1
9800,9799,9798,1,0,0
8716,8718,9801,0,0,1,11062
8945,8919,9802,1,1,1
8922,9802,9803,1,0,1
8921,9803,9804,1,0,1
8925,9804,9805,1,0,1
8924,9805,9806,1,0,1
8927,8949,9807,1,1,1
9801,9807,9806,0,0,0
9704,9526,9808,0,0,1,11206
9315,9808,9428,0,0,0
9621,9255,9809,0,0,1,9159
9353,9809,9810,0,0,1
9811,9812,9813,1,1,1
9814,9813,9815,1,0,1
9699,9816,9817,0,1,1
9818,9817,9819,1,0,1
9691,9820,9821,0,1,1
9810,9821,9822,0,0,1
9815,9822,9819,0,0,0
9230,7257,9823,0,0,1,9782
9824,9823,9825,1,0,1
9826,9825,9827,1,0,1
9828,9829,9830,1,1,1
7264,9830,9831,0,0,1
7260,9831,9832,0,0,1
9827,7261,9833,0,0,1
9834,9833,9832,1,0,0
9464,9638,9835,0,0,1,196
9481,9460,9836,0,0,1
9457,9836,9837,0,0,1
9838,9837,9839,1,0,1
9835,9632,9840,0,0,1
9462,9840,9841,0,0,1
9839,9459,9842,0,0,1
9631,9842,9841,0,0,0
9693,9695,9843,0,0,1,13254
9820,9843,9844,0,0,1
9818,9844,9697,0,0,0
9845,9365,9846,1,0,1,10903
9847,9846,9848,1,0,1
9849,9848,9850,1,0,1
9851,9850,9345,1,0,0
9188,9026,9852,0,0,1,8248
9853,9852,9854,1,0,1
9855,9854,9856,1,0,1
9857,9856,9858,1,0,1
9859,9860,9861,1,1,1
9845,9861,9862,0,0,1
9029,9862,9863,0,0,1
9858,9030,9864,0,0,1
9865,9864,9863,1,0,0
7770,9186,9866,0,0,1,12343
9867,9866,9868,1,0,1
9869,9868,9870,1,0,1
9871,9872,9873,1,1,1
9874,9875,9876,1,1,1
9877,9876,9878,1,0,1
9857,9878,9879,0,0,1
9855,9879,9880,0,0,1
9870,9853,9881,0,0,1
9882,9881,9883,1,0,1
9873,9883,9880,0,0,0
9283,8937,9884,1,0,1,2870
9285,9884,9885,1,0,1
8864,9885,9886,1,0,1
9271,9886,9887,1,0,1
9888,9889,9890,1,1,1
9891,9892,9893,1,1,1
9894,9893,9895,1,0,1
9896,9895,9897,1,0,1
9898,9897,9899,1,0,1
9887,9898,9900,0,0,1
9890,9900,9899,0,0,0
9160,9152,9901,0,0,1,8246
9148,9901,9902,0,0,1
9903,9902,9904,1,0,1
9501,9905,9906,1,1,1
9505,9906,9907,1,0,1
9904,9504,9908,0,1,1
9909,9908,9907,1,0,0
9228,9824,9910,0,0,1,9781
9911,9910,9912,1,0,1
9913,9914,9915,1,1,1
9916,9917,9918,1,1,1
9919,9920,9921,1,1,1
9922,9921,9923,1,0,1
9924,9925,9926,1,1,1
9927,9928,9929,1,1,1
7267,9930,9931,0,1,1
7263,9931,9932,0,0,1
9828,9932,9933,0,0,1
9834,9829,9934,0,0,1
9912,9826,9935,0,0,1
9915,9935,9936,0,0,1
9937,9936,9938,1,0,1
9918,9938,9939,0,0,1
9923,9939,9940,0,0,1
9926,9940,9941,0,0,1
9929,9941,9942,0,0,1
9933,9942,9934,0,0,0
9689,9613,9943,0,0,1,965
9683,9685,9944,0,0,1
9945,9944,9946,1,0,1
9947,9946,9948,1,0,1
9949,9948,9950,1,0,1
9951,9952,9953,1,1,1
9615,9953,9954,0,0,1
9943,9954,9955,0,0,1
9687,9955,9950,0,0,0
7768,9867,9956,0,0,1,8247
7766,9956,9957,0,0,1
9739,9957,9958,0,0,1
9959,9958,9960,1,0,1
9961,9960,9962,1,0,1
9963,9962,9964,1,0,1
9965,9966,9967,1,1,1
9968,9967,9969,1,0,1
9875,9969,9970,0,0,1
9871,9970,9971,0,0,1
9872,9971,9972,0,0,1
9882,9972,9973,0,0,1
9869,9973,9964,0,0,0
9273,9275,9974,0,0,1,55
9889,9974,9975,1,0,1
9976,9975,9977,1,0,1
9978,9977,9979,1,0,1
9980,9981,9982,1,1,1
9751,9983,9984,0,1,1
9979,9984,9982,0,0,0
9951,9617,9985,0,0,1,8901
9952,9985,9986,0,0,1
9949,9986,9987,0,0,1
9988,9989,9990,1,1,1
9991,9990,9992,1,0,1
9659,9992,9993,0,0,1
9656,9993,9987,0,0,0
9349,9351,9994,0,0,1,10951
9995,9994,9996,1,0,1
9997,9996,9998,1,0,1
9999,9998,10000,1,0,1
10001,10002,10003,1,1,1
9812,10003,10000,0,0,0
9390,9393,10004,0,0,1,12343
9386,9388,10005,0,0,1
9779,10005,10006,0,0,1
9776,10006,10007,0,0,1
9777,10007,10008,0,0,1
9800,10008,10009,0,0,1
9774,10009,10004,0,0,0
7274,7352,10010,0,0,1,12341
10011,7272,10012,1,0,1
10013,10012,10014,1,0,1
10015,10014,10016,1,0,1
7276,10016,10017,0,0,1
7348,7277,10018,0,0,1
10010,10018,10017,0,0,0
9769,9226,10019,0,0,1,28722
4990,10019,10020,1,0,1
10021,10020,10022,1,0,1
10023,10022,10024,1,0,1
10025,10024,9911,1,0,0
9658,9671,10026,0,0,1,196
9991,10026,10027,0,0,1
10028,10027,10029,1,0,1
10030,10031,10032,1,1,1
9644,9646,10033,0,0,1
9664,10033,10034,0,0,1
9661,9665,10035,0,0,1
9673,9662,10036,0,0,1
10029,10036,10037,0,0,1
10032,10037,10038,0,0,1
10034,10038,10035,0,0,0
9851,9347,10039,0,0,1,10952
10040,10039,10041,1,0,1
10042,10041,10043,1,0,1
10044,10043,10045,1,0,1
10046,10045,10047,1,0,1
10048,10049,10050,1,1,1
9811,10050,10051,0,0,1
10001,10051,10052,0,0,1
9999,10002,10053,0,0,1
9995,9997,10054,0,0,1
10047,10054,10055,0,0,1
10052,10055,10053,0,0,0
9859,9847,10056,0,0,1,18999
10057,10056,10058,1,0,1
10059,10058,10060,1,0,1
10061,10060,10062,1,0,1
10063,10062,10064,1,0,1
10040,10064,9849,0,0,0
10065,10066,10067,1,1,1,16437
9146,10067,10068,1,0,1
9905,10069,10070,1,1,1
9502,10070,10071,0,0,1
9498,10071,10072,0,0,1
9499,10072,10073,0,0,1
10074,10075,10076,1,1,1
10077,10078,10079,1,1,1
10068,10079,10080,0,0,1
10081,10080,10082,1,0,1
10076,10073,10083,0,0,1
10084,10083,10082,1,0,0
9903,9909,10085,0,0,1,12341
9149,10085,10086,0,0,1
10081,10086,10069,1,0,1
9930,7266,10087,0,0,1,10293
9927,10087,10088,0,0,1
9928,10088,10089,0,0,1
9924,10089,10090,0,0,1
10091,10092,10093,1,1,1
10011,10093,10094,0,0,1
7269,10094,10095,0,0,1
7270,10095,10090,0,0,0
10096,9947,10097,1,0,1,709
10098,10099,10100,1,1,1
10101,10100,10102,1,0,1
10103,10102,10104,1,0,1
10105,10106,10107,1,1,1
10108,10107,10109,1,0,1
10110,10109,10111,1,0,1
9989,10111,10112,0,0,1
10097,10112,10104,0,0,0
9877,9865,10113,0,0,1,8247
10114,9874,10115,1,0,1
10116,10115,10117,1,0,1
10118,10119,10120,1,1,1
10121,10120,10122,1,0,1
10123,10124,10125,1,1,1
10126,10125,10127,1,0,1
10128,10127,10129,1,0,1
10130,10131,10132,1,1,1
10133,10134,10135,1,1,1
10057,10135,10136,0,0,1
9860,10136,10137,0,0,1
10113,10137,10138,0,0,1
10117,10138,10139,0,0,1
10129,10122,10140,0,0,1
10132,10140,10141,0,0,1
10142,10141,10139,1,0,0
9755,9758,10143,0,0,1,2871
9983,9753,10144,0,0,1
9980,10144,10145,0,0,1
10146,10145,10147,1,0,1
10148,10147,10149,1,0,1
10150,10151,10152,1,1,1
10153,10152,10154,1,0,1
10155,9715,10156,1,0,1
9377,10157,10158,0,1,1
10143,10158,10159,0,0,1
10149,9756,10160,0,0,1
10154,10160,10161,0,0,1
10156,10161,10162,0,0,1
10163,10162,10159,1,0,0
9988,10028,10164,0,0,1,708
10110,10164,10165,0,0,1
10105,10108,10166,0,0,1
10103,10106,10167,0,0,1
10101,10167,10168,0,0,1
10169,10099,10170,1,0,1
10171,10172,10173,1,1,1
10174,10175,10176,1,1,1
10177,10178,10179,1,1,1
10180,10181,10182,1,1,1
10183,10182,10184,1,0,1
9648,10184,10185,0,0,1
10030,10185,10186,0,0,1
10165,10031,10187,0,0,1
10173,10170,10188,0,0,1
10176,10188,10189,0,0,1
10179,10189,10190,0,0,1
10187,10186,10191,0,0,1
10166,10191,10192,0,0,1
10168,10192,10193,0,0,1
10098,10193,10190,0,0,0
10157,9380,10194,0,0,1,11063
10155,10163,10195,0,0,1
9787,10195,10196,0,0,1
9788,10196,10197,0,0,1
9784,10197,10198,0,0,1
9785,10198,10199,0,0,1
9782,10199,10194,0,0,0
9451,9455,10200,0,0,1,196
10201,10200,10202,1,0,1
10203,10202,10204,1,0,1
9652,9446,10205,0,0,1,196
10183,9650,10206,0,0,1
10180,10206,10207,0,0,1
10208,10207,10209,1,0,1
10210,10209,10211,1,0,1
10212,10211,10213,1,0,1
10214,10215,10216,1,1,1
10217,10216,10218,1,0,1
10219,10218,10220,1,0,1
10205,10220,10213,0,0,0
9681,9945,10221,0,0,1,964
10222,10221,10223,1,0,1
10224,10223,10225,1,0,1
10169,10225,10096,0,0,0
9816,9701,10226,0,0,1,14534
10227,10226,10228,1,0,1
10229,10228,10230,1,0,1
10231,10230,10232,1,0,1
10233,10232,10234,1,0,1
10235,10234,10236,1,0,1
10237,10236,9676,1,0,0
10091,10013,10238,0,0,1,10294
10239,10238,10240,1,0,1
10241,10240,10242,1,0,1
10243,10242,10244,1,0,1
10245,10246,10247,1,1,1
10248,7285,10249,1,0,1
10250,10249,10251,1,0,1
10252,10251,10253,1,0,1
10254,10253,10255,1,0,1
7282,10256,10257,0,1,1
7279,10257,10258,0,0,1
10015,10258,10259,0,0,1
10244,10259,10260,0,0,1
10255,10247,10261,0,0,1
10262,10261,10260,1,0,0
9474,8641,10263,0,0,1,12485
8648,9486,10264,0,0,1
8644,10264,10265,0,0,1
8645,10265,10263,0,0,0
10063,10042,10266,0,0,1,10951
10267,10266,10268,1,0,1
10269,9968,10270,1,0,1,8246
10116,10119,10271,0,0,1
10114,10271,10270,0,0,0
10146,10148,10272,0,0,1,11063
10273,10272,10274,1,0,1
10275,10274,10276,1,0,1
10277,10276,10278,1,0,1
10279,10278,10280,1,0,1
10281,10280,10282,1,0,1
10283,10282,10151,1,0,0
9448,9452,10284,0,0,1,8388
9445,9449,10285,0,0,1
10219,10285,10286,0,0,1
10217,10286,10287,0,0,1
10288,10287,10289,1,0,1
10290,10289,10291,1,0,1
10292,10291,10293,1,0,1
10294,10293,10295,1,0,1
10296,10295,10297,1,0,1
10298,10297,10299,1,0,1
10300,10301,10302,1,1,1
10203,10302,10303,0,0,1
10201,10303,10304,0,0,1
10284,10304,10299,0,0,0
10048,9814,10305,0,0,1,10440
10046,10049,10306,0,0,1
10307,10306,10308,1,0,1
10309,10308,10310,1,0,1
10311,10310,10312,1,0,1
10313,10312,10314,1,0,1
10229,10314,10315,0,0,1
10227,10315,10305,0,0,0
9888,9976,10316,1,0,1,2871
9892,10316,10317,1,0,1
10318,10317,10319,1,0,1
10320,10321,10322,1,1,1
10323,10322,10324,1,0,1
10273,10325,10326,0,1,1
9981,10326,10327,0,0,1
9978,10327,10328,0,0,1
10319,10328,10324,0,0,0
10329,10330,10331,1,1,1,11063
9891,10331,10332,0,0,1
10318,10332,10333,1,0,1
10321,10333,10334,1,0,1
10335,10334,10336,1,0,1
10337,10336,10338,1,0,1
10339,10338,10340,1,0,1
10341,10340,10342,1,0,1
10343,10342,10344,1,0,1
10256,7281,10345,0,0,1,2102
10254,10262,10346,0,0,1
10252,10346,10347,0,0,1
10250,10347,10348,0,0,1
10248,10348,10345,0,0,0
9913,9937,10349,0,0,1,1587
10025,9914,10350,0,0,1
10351,10350,10352,1,0,1
10353,10352,10354,1,0,1
10355,10354,10356,1,0,1
9917,10356,10349,0,0,0
4992,10021,10357,1,0,1,30256
4994,10357,10358,1,0,1
4996,10358,10359,1,0,1
4998,10359,10360,1,0,1
5002,5000,10361,1,1,1
5006,5004,10362,1,1,1
5229,10362,10363,1,0,1
5009,10363,10364,1,0,1
10365,5011,10366,1,1,1
5017,10367,10368,1,1,1
5231,10368,10369,1,0,1
5020,10369,10370,1,0,1
5022,5019,10371,1,1,1
5025,10371,10372,1,0,1
5024,10372,10373,1,0,1
5029,5027,10374,1,1,1
5032,10374,10375,1,0,1
5034,5031,10376,1,1,1
5037,10376,10377,1,0,1
5036,10377,10378,1,0,1
5305,5039,10379,1,1,1
5042,10379,10380,1,0,1
5041,10380,10381,1,0,1
5051,5048,10382,1,1,1
5050,10382,10383,1,0,1
5056,5053,10384,1,1,1
5055,10384,10385,1,0,1
10386,10387,10388,1,1,1
5060,10388,10389,1,0,1
5064,10389,10390,1,0,1
5067,5063,10391,1,1,1
5066,10391,10392,1,0,1
10393,5069,10394,1,1,1
10395,10396,10397,1,1,1
10398,10399,10400,1,1,1
10401,10402,10403,1,1,1
10404,10403,10405,1,0,1
10406,10405,10407,1,0,1
10408,10409,10410,1,1,1
10411,10412,10413,1,1,1
10414,10413,10415,1,0,1
10416,10417,10418,1,1,1
10419,10420,10421,1,1,1
10422,10423,10424,1,1,1
10425,10426,10427,1,1,1
10428,10429,10430,1,1,1
10431,10432,10433,1,1,1
10434,10435,10436,1,1,1
10437,10438,10439,1,1,1
10440,10439,10441,1,0,1
10442,10441,10443,1,0,1
10444,10443,10445,1,0,1
10446,10447,10448,1,1,1
10351,10449,10450,0,1,1
10360,10023,10451,0,0,1
10364,10361,10452,0,0,1
10370,10366,10453,0,0,1
10373,10453,10454,0,0,1
10375,10454,10455,0,0,1
10378,10455,10456,0,0,1
10381,10456,10457,0,0,1
5044,10457,10458,1,0,1
5046,10458,10459,1,0,1
10383,10459,10460,0,0,1
10385,10460,10461,0,0,1
10390,10461,10462,0,0,1
10392,10462,10463,0,0,1
10394,10463,10464,0,0,1
10397,10464,10465,0,0,1
10466,10465,10467,1,0,1
10400,10467,10468,0,0,1
10407,10468,10469,0,0,1
10410,10469,10470,0,0,1
10415,10470,10471,0,0,1
10418,10471,10472,0,0,1
10421,10472,10473,0,0,1
10424,10473,10474,0,0,1
10427,10474,10475,0,0,1
10430,10475,10476,0,0,1
10433,10476,10477,0,0,1
10436,10477,10478,0,0,1
10448,10445,10479,0,0,1
10450,10479,10480,0,0,1
10451,10480,10481,0,0,1
10452,10481,10482,0,0,1
5008,10482,10478,1,0,0
10237,9679,10483,0,0,1,2756
10484,10483,10485,1,0,1
10486,10485,10487,1,0,1
10488,10489,10490,1,1,1
10172,10490,10491,0,0,1
10224,10491,10492,0,0,1
10222,10492,10487,0,0,0
10231,10233,10493,0,0,1,10439
10494,10311,10495,1,0,1
10496,10495,10497,1,0,1
10498,10499,10500,1,1,1
10501,10500,10502,1,0,1
10493,10502,10503,0,0,1
10313,10503,10497,0,0,0
10061,10267,10504,0,0,1,8390
10505,10504,10506,1,0,1
10507,10506,10508,1,0,1
10509,10510,10511,1,1,1
10512,10511,10513,1,0,1
10514,10513,10515,1,0,1
10516,10515,10517,1,0,1
10518,10517,10508,1,0,0
10323,10325,10519,0,0,1,2870
10520,10519,10521,1,0,1
10522,10521,10523,1,0,1
10524,10523,10525,1,0,1
10526,10525,10275,1,0,0
10527,9916,10528,1,0,1,9780
10529,10528,10530,1,0,1
10531,10532,10533,1,1,1
9919,10533,10534,0,0,1
9920,10534,10530,0,0,0
10535,10307,10536,1,0,1,10439
10537,10536,10538,1,0,1
10539,10540,10541,1,1,1
10542,10541,10543,1,0,1
10544,10543,10545,1,0,1
10546,10545,10538,1,0,0
10133,10059,10547,0,0,1,10294
10548,10547,10549,1,0,1
10123,10549,10550,0,0,1
10551,10550,10552,1,0,1
10553,10552,10554,1,0,1
10555,10554,10556,1,0,1
10507,10556,10505,0,0,0
9925,10092,10557,0,0,1,10292
10531,9922,10558,0,0,1
10559,10558,10560,1,0,1
10561,10560,10562,1,0,1
10563,10562,10564,1,0,1
10565,10564,10566,1,0,1
10241,10567,10568,0,1,1
10557,10239,10569,0,0,1
10566,10569,10568,0,0,0
10570,10355,10571,1,0,1,1586
10440,10571,10572,0,0,1
10573,10572,10574,1,0,1
10529,10574,10527,0,0,0
10488,10171,10575,0,0,1,196
10576,10575,10577,1,0,1
10578,10577,10579,1,0,1
10580,10579,10175,1,0,0
10309,10494,10581,0,0,1,14535
10546,10581,10582,0,0,1
10544,10582,10583,0,0,1
10584,10583,10585,1,0,1
10498,10586,10587,0,1,1
10496,10499,10588,0,0,1
10585,10588,10587,0,0,0
10518,10268,10589,0,0,1,8391
10516,10589,10590,0,0,1
10591,10590,10592,1,0,1
10535,10592,10044,0,0,0
10593,10594,10595,1,1,1,9942
10596,10595,10597,1,0,1
10245,10597,10598,1,0,1
7284,10598,10599,1,0,1
10065,9144,10600,0,1,1
10601,10066,10602,1,0,1
10603,10602,10604,1,0,1
10599,10605,10606,0,1,1
9142,10606,10607,1,0,1
10600,10607,10604,0,0,0
10130,10142,10608,0,0,1,8246
10128,10131,10609,0,0,1
10126,10609,10610,0,0,1
10548,10610,10611,0,0,1
10134,10611,10608,0,0,0
9727,9748,10612,0,0,1,8247
9725,9728,10613,0,0,1
10614,10613,10615,1,0,1
10616,10615,10617,1,0,1
10618,10617,10619,1,0,1
9731,10619,10612,0,0,0
10150,10153,10620,0,0,1,8246
10283,10620,10621,0,0,1
10622,10621,10623,1,0,1
10624,10623,10625,1,0,1
10626,10625,10627,1,0,1
10628,10627,10629,1,0,1
10630,10629,10631,1,0,1
10632,10631,10633,1,0,1
10634,10635,10636,1,1,1
10637,10636,10638,1,0,1
10639,10638,10640,1,0,1
10641,10640,10642,1,0,1
10643,10642,10644,1,0,1
9720,10645,10646,0,1,1
9717,10646,10647,0,0,1
10633,10647,10648,0,0,1
10644,10649,10650,0,1,1
10651,10650,10648,1,0,0
10652,10335,10653,1,1,1,3030
10654,10653,10655,1,0,1
10656,10655,10657,1,0,1
10658,10657,10659,1,0,1
10660,10661,10662,1,1,1
10663,10662,10664,1,0,1
10665,10666,10667,1,1,1
10668,10667,10669,1,0,1
10670,10669,10671,1,0,1
10672,10673,10674,1,1,1
10524,10674,10675,0,0,1
10522,10675,10676,0,0,1
10320,10520,10677,0,0,1
10659,10677,10678,0,0,1
10664,10678,10679,0,0,1
10671,10679,10676,0,0,0
10680,10681,10682,1,1,1,11223
10683,10684,10685,1,1,1
10686,10685,10687,1,0,1
10652,10688,10689,0,1,1
10337,10689,10690,1,0,1
10682,10339,10691,0,1,1
10687,10691,10690,0,0,0
10449,10353,10692,0,0,1,34352
10446,10692,10693,0,0,1
10444,10447,10694,0,0,1
10442,10694,10695,0,0,1
10570,10695,10693,0,0,0
10696,10208,10697,1,0,1,212
10698,10697,10699,1,0,1
10700,10699,10701,1,0,1
10702,10703,10704,1,1,1
10215,10704,10705,0,0,1
10212,10705,10706,0,0,1
10210,10706,10701,0,0,0
10177,10181,10707,0,0,1,724
10178,10707,10708,0,0,1
10174,10708,10709,0,0,1
10710,10711,10712,1,1,1
10713,10712,10714,1,0,1
10715,10716,10717,1,1,1
10718,10719,10720,1,1,1
10721,10720,10722,1,0,1
10723,10724,10725,1,1,1
1121,10725,10726,1,0,1
1123,10726,10727,1,0,1
1128,1125,10728,1,1,1
1130,1127,10729,1,1,1
1133,10729,10730,1,0,1
1132,10730,10731,1,0,1
1136,10731,10732,1,0,1
10733,1138,10734,1,1,1
10735,10734,10736,1,0,1
1165,10736,10737,1,0,1
1145,1142,10738,1,1,1
1148,10738,10739,1,0,1
1172,1147,10740,1,1,1
1151,10740,10741,1,0,1
10742,10741,10743,1,0,1
10744,10743,10745,1,0,1
1153,10746,10747,1,1,1
10748,10747,10749,1,0,1
10750,10749,10751,1,0,1
10752,10751,10753,1,0,1
10754,10755,10756,1,1,1
10757,10756,10758,1,0,1
10759,10758,10760,1,0,1
10288,10760,10761,0,0,1
10214,10761,10762,0,0,1
10702,10762,10763,0,0,1
10700,10703,10764,0,0,1
10696,10698,10765,0,0,1
10709,10765,10766,0,0,1
10722,10717,10767,0,0,1
10768,10767,10769,1,0,1
10727,10770,10771,0,1,1
10737,1135,10772,0,1,1
10745,10739,10773,0,0,1
10753,10774,10775,0,1,1
10763,10775,10776,0,0,1
10764,10776,10777,0,0,1
10769,10714,10778,0,0,1
10771,10778,10779,0,0,1
10773,1143,10780,0,1,1
10777,10780,10781,0,0,1
10779,10782,10783,0,1,1
10728,10783,10784,0,0,1
10781,10772,10785,0,0,1
10766,10785,10786,0,0,1
10784,10787,10788,0,1,1
10732,10788,10786,0,0,0
10567,10243,10789,0,0,1,9941
10790,10565,10791,1,0,1
10792,10791,10793,1,0,1
10794,10793,10795,1,0,1
10596,10795,10796,1,0,1
10246,10796,10789,0,0,0
10501,10235,10797,0,0,1,10437
10586,10797,10798,0,0,1
10542,10584,10799,0,0,1
10800,10539,10801,1,0,1
10802,10803,10804,1,1,1
10805,10804,10806,1,0,1
10807,10806,10808,1,0,1
10809,10808,10810,1,0,1
10486,10811,10812,0,1,1
10484,10812,10813,0,0,1
10798,10813,10814,0,0,1
10799,10814,10815,0,0,1
10801,10815,10810,0,0,0
9735,9737,10816,0,0,1,2103
10817,9733,10818,1,0,1
10819,10818,10820,1,0,1
10821,10820,10822,1,0,1
9959,10822,10816,0,0,0
10298,10301,10823,0,0,1,196
10296,10823,10824,0,0,1
10591,10537,10825,0,0,1,10438
10514,10825,10826,0,0,1
10512,10826,10827,0,0,1
10828,10827,10829,1,0,1
10830,10829,10831,1,0,1
10832,10831,10833,1,0,1
10803,10833,10834,0,0,1
10800,10834,10540,0,0,0
10821,9961,10835,0,0,1,10295
9730,10817,10836,0,0,1
10618,10836,10837,0,0,1
10838,10837,10839,1,0,1
10840,10839,10841,1,0,1
10842,10841,10843,1,0,1
10844,10843,10845,1,0,1
10846,10847,10848,1,1,1
10849,10848,10850,1,0,1
10851,10850,10852,1,0,1
9966,10852,10853,0,0,1
9963,10853,10854,0,0,1
10835,10854,10855,0,0,1
10819,10855,10845,0,0,0
10651,10645,10856,0,0,1,54
10857,10643,10858,1,0,1
10859,10858,10860,1,0,1
10861,10860,10862,1,0,1
10863,10862,10864,1,0,1
10865,10864,10866,1,0,1
9723,10866,10867,0,0,1
9719,10867,10856,0,0,0
10526,10277,10868,0,0,1,11222
10672,10868,10869,0,0,1
10670,10673,10870,0,0,1
10668,10870,10871,0,0,1
10872,10871,10873,1,0,1
10874,10873,10875,1,0,1
10876,10877,10878,1,1,1
10879,10880,10881,1,1,1
10279,10881,10882,0,0,1
10869,10882,10883,0,0,1
10875,10883,10878,0,0,0
10656,10658,10884,0,0,1,2262
10885,10884,10886,1,0,1
10887,10888,10889,1,1,1
10890,10889,10891,1,0,1
10892,10891,10893,1,0,1
10666,10893,10894,0,0,1
10663,10894,10895,0,0,1
10660,10895,10896,0,0,1
10886,10661,10897,0,0,1
10898,10897,10896,1,0,0
10811,10489,10899,0,0,1,197
10809,10899,10900,0,0,1
10901,10900,10902,1,0,1
10903,10902,10904,1,0,1
10905,10904,10906,1,0,1
10578,10906,10576,0,0,0
9965,10269,10907,0,0,1,18486
10851,10907,10908,0,0,1
10849,10908,10909,0,0,1
10910,10909,10911,1,0,1
10912,10911,10118,1,0,0
10879,10281,10913,0,0,1,8407
10876,10880,10914,0,0,1
10915,10877,10916,1,0,1
10917,10916,10918,1,0,1
10919,10920,10921,1,1,1
10922,10921,10923,1,0,1
10924,10923,10925,1,0,1
10926,10925,10927,1,0,1
10928,10929,10930,1,1,1
10622,10930,10931,0,0,1
10913,10931,10932,0,0,1
10914,10932,10933,0,0,1
10918,10933,10927,0,0,0
10688,10654,10934,0,0,1,8407
10686,10934,10935,0,0,1
10936,10935,10937,1,0,1
10938,10937,10939,1,0,1
10940,10939,10941,1,0,1
10942,10941,10885,1,0,0
10943,10944,10945,1,1,1,9940
10946,10945,10947,1,0,1
10948,10947,10949,1,0,1
10573,10532,10950,0,0,1,2098
10951,10437,10952,1,0,1
10953,10952,10954,1,0,1
10955,10954,10956,1,0,1
10561,10956,10957,0,0,1
10559,10957,10950,0,0,0
10509,10828,10958,0,0,1,8389
10959,10510,10960,1,0,1
10961,10960,10962,1,0,1
10963,10962,10964,1,0,1
10965,10964,10966,1,0,1
10967,10966,10968,1,0,1
10969,10968,10970,1,0,1
10971,10970,10972,1,0,1
10973,10972,10974,1,0,1
10975,10976,10977,1,1,1
10978,10977,10979,1,0,1
10980,10979,10981,1,0,1
10982,10981,10983,1,0,1
10805,10983,10984,0,0,1
10802,10984,10985,0,0,1
10832,10985,10986,0,0,1
10830,10986,10987,0,0,1
10958,10987,10974,0,0,0
9722,10614,10988,0,0,1,14390
10865,10988,10989,0,0,1
10990,10989,10991,1,0,1
10992,10991,10993,1,0,1
10994,10995,10996,1,1,1
10997,10996,10998,1,0,1
10999,10998,11000,1,0,1
11001,11002,11003,1,1,1
10616,11003,11004,0,0,1
10993,11004,11000,0,0,0
10955,10563,11005,0,0,1,9939
11006,11005,11007,1,0,1
11008,11009,11010,1,1,1
11011,11010,11012,1,0,1
11013,11012,11014,1,0,1
11015,11014,11016,1,0,1
10593,11017,11018,1,1,1
10794,11018,11019,0,0,1
10792,11019,11020,0,0,1
11007,10790,11021,0,0,1
11016,11021,11020,0,0,0
10290,10292,11022,0,0,1,196
11023,11022,11024,1,0,1
10759,11023,11025,0,0,1,708
10757,11025,11026,0,0,1
11001,10838,11027,0,0,1,10294
11002,11027,11028,0,0,1
10997,10999,11029,0,0,1
11030,11029,11031,1,0,1
11032,11031,11028,1,0,0
10942,10898,11033,0,0,1,10454
11034,11033,11035,1,0,1
11036,11035,11037,1,0,1
11038,11039,11040,1,1,1
11041,11040,11042,1,0,1
10887,11042,11043,0,0,1
10888,11043,11037,0,0,0
10124,10551,11044,0,0,1,18486
11045,11044,11046,1,0,1
11047,11046,11048,1,0,1
11049,11048,11050,1,0,1
10928,10624,11051,0,0,1,8406
10929,11051,11052,0,0,1
10926,11052,11053,0,0,1
11054,11053,11055,1,0,1
11056,11055,11057,1,0,1
11058,11059,11060,1,1,1
11061,11062,11063,1,1,1
10626,11063,11064,0,0,1
11057,11064,11060,0,0,0
10892,10665,11065,0,0,1,8406
10890,11065,11066,0,0,1
11041,11066,11067,0,0,1
11068,11067,11069,1,0,1
11070,11071,11072,1,1,1
11073,11072,11074,1,0,1
11075,11074,11076,1,0,1
10919,11076,11077,0,0,1
10920,11077,11078,0,0,1
10917,11078,11079,0,0,1
10874,10915,11080,0,0,1
10872,11080,11081,0,0,1
11069,11081,11079,0,0,0
11061,10628,11082,0,0,1,12341
11083,11082,11084,1,0,1
10637,11084,11085,0,0,1
10634,11085,11086,0,0,1
10649,10635,11087,0,0,1
10632,11087,11088,0,0,1
10630,11088,11086,0,0,0
10953,11006,11089,0,0,1,1746
11090,11089,11091,1,0,1
11092,11093,11094,1,1,1
11008,11094,11095,0,0,1
11009,11095,11091,0,0,0
10910,10912,11096,0,0,1,10294
10846,11096,11097,0,0,1
11098,11097,11099,1,0,1
11045,11100,11101,0,1,1
10121,11101,11099,0,0,0
11102,10948,11103,1,0,1,9941
11104,11103,11105,1,0,1
11106,11107,11108,1,1,1
11109,11110,11111,1,1,1
11112,11113,11114,1,1,1
11115,11116,11117,1,1,1
11118,11117,11119,1,0,1
11120,11119,11121,1,0,1
11105,11121,11122,0,0,1
11108,11122,11123,0,0,1
11111,11123,11114,0,0,0
10438,10951,11124,0,0,1,30416
10434,11124,11125,0,0,1
10435,11125,11126,0,0,1
10431,11126,11127,0,0,1
10428,10432,11128,0,0,1
10429,11128,11129,0,0,1
10425,11129,11130,0,0,1
10422,10426,11131,0,0,1
10419,10423,11132,0,0,1
11133,11132,11134,1,0,1
11135,11134,11136,1,0,1
11137,11136,11138,1,0,1
11139,11138,11140,1,0,1
11141,11140,11142,1,0,1
11143,11142,11144,1,0,1
11145,11144,11146,1,0,1
11147,11146,11148,1,0,1
11149,11148,11150,1,0,1
11151,11150,11152,1,0,1
11153,11152,11154,1,0,1
11155,11154,11156,1,0,1
11157,11156,11158,1,0,1
11159,11160,11161,1,1,1
11162,11161,11163,1,0,1
11164,11165,11166,1,1,1
11167,11166,11168,1,0,1
11169,11170,11171,1,1,1
11172,11171,11173,1,0,1
11174,11173,11175,1,0,1
11176,11175,11177,1,0,1
11178,11179,11180,1,1,1
11181,11180,11182,1,0,1
11090,11183,11184,0,1,1
11127,11184,11185,0,0,1
11130,11185,11186,0,0,1
11158,11131,11187,0,0,1
11188,11187,11189,1,0,1
11163,11189,11190,0,0,1
11177,11168,11191,0,0,1
11182,11191,11192,0,0,1
11186,11192,11190,0,0,0
10807,10901,11193,0,0,1,196
10982,11193,11194,0,0,1
10978,10980,11195,0,0,1
11196,10975,11197,1,0,1
11198,11197,11199,1,0,1
11194,10903,11200,0,0,1
11195,11200,11199,0,0,0
10971,10973,11201,0,0,1,8388
10967,10969,11202,0,0,1
11203,11202,11204,1,0,1
11196,11204,11205,0,0,1
10976,11205,11201,0,0,0
10924,11054,11206,0,0,1,12502
10922,11206,11207,0,0,1
11075,11207,11208,0,0,1
11073,11208,11209,0,0,1
11210,11209,11056,1,0,0
11211,11212,11213,1,1,1,2258
11214,11215,11216,1,1,1
11217,11216,11218,1,0,1
11219,11218,11220,1,0,1
11092,11220,11221,1,0,1
11011,11221,11222,1,0,1
11013,11222,11223,1,0,1
11224,11223,11213,1,0,0
11030,11032,11225,0,0,1,10293
10994,11225,11226,0,0,1
11227,11228,11229,1,1,1
11230,11229,11231,1,0,1
11232,11231,11233,1,0,1
11234,11233,11235,1,0,1
11236,11235,11237,1,0,1
11238,11239,11240,1,1,1
11241,11240,11242,1,0,1
10840,11242,11243,0,0,1
11226,11243,11237,0,0,0
10553,10555,11244,0,0,1,16596
11050,11244,11245,0,0,1
11246,11245,11247,1,0,1
11248,11249,11250,1,1,1
10959,11250,11247,0,0,0
10842,10844,11251,0,0,1,10806
11241,11251,11252,0,0,1
11253,11238,11254,1,0,1
11255,11256,11257,1,1,1
11098,11257,11258,0,0,1
10847,11258,11259,0,0,1
11252,11259,11254,0,0,0
11260,11036,11261,1,0,1,10453
11262,11106,11263,1,1,1
11264,11263,11265,1,0,1
11266,11265,11267,1,0,1
11268,11267,11269,1,0,1
11270,11269,11271,1,0,1
11272,11273,11274,1,1,1
11039,11274,11275,0,0,1
11261,11275,11271,0,0,0
11248,10961,11276,0,0,1,8404
11246,11249,11277,0,0,1
11278,11049,11279,1,0,1
11280,11279,11281,1,0,1
11282,11283,11284,1,1,1
11285,11284,11286,1,0,1
11287,11286,11288,1,0,1
11289,11288,11290,1,0,1
11291,11290,11292,1,0,1
11293,11292,11294,1,0,1
11295,11294,11296,1,0,1
11297,11298,11299,1,1,1
11300,11299,11301,1,0,1
11302,11301,11303,1,0,1
10963,11303,11304,0,0,1
11276,11304,11305,0,0,1
11277,11305,11306,0,0,1
11281,11306,11296,0,0,0
11198,10905,11307,0,0,1,212
11203,11307,11308,0,0,1
11302,10965,11309,0,0,1
11310,11309,11311,1,0,1
11312,11311,11313,1,0,1
10719,11314,11315,0,1,1
10715,11315,11316,0,0,1
10710,10713,11317,0,0,1
10782,10711,11318,0,0,1
10787,11318,11319,0,0,1
10580,11319,11320,0,0,1
11308,11320,11321,0,0,1
11316,11313,11322,0,0,1
10716,11322,11323,0,0,1
11317,11323,11321,0,0,0
11236,11239,11324,0,0,1,8245
11232,11234,11325,0,0,1
11326,11325,11327,1,0,1
11328,11329,11330,1,1,1
11331,11330,11332,1,0,1
11333,11332,11334,1,0,1
11256,11334,11335,0,0,1
11253,11335,11336,0,0,1
11324,11336,11327,0,0,0
11337,10641,11338,1,0,1,8406
11339,11338,11340,1,0,1
11341,11340,11342,1,0,1
11343,11344,11345,1,1,1
11346,11345,11347,1,0,1
10861,11347,11348,0,0,1
10857,10859,11349,0,0,1
11342,11349,11348,0,0,0
11083,10639,11350,0,0,1,12500
11351,11350,11352,1,0,1
11353,11352,11354,1,0,1
11355,11356,11357,1,1,1
11339,11357,11358,0,0,1
11337,11358,11354,0,0,0
11058,11062,11359,0,0,1,10453
11210,11059,11360,0,0,1
11070,11360,11361,0,0,1
11362,11361,11363,1,0,1
11364,11363,11365,1,0,1
11366,11365,11367,1,0,1
11368,11367,11369,1,0,1
11351,11369,11359,0,0,0
11346,10863,11370,0,0,1,8405
11341,11344,11371,0,0,1
11355,11371,11372,0,0,1
11373,11356,11374,1,0,1
11375,11374,11376,1,0,1
11370,10990,11377,0,0,1
11372,11343,11378,0,0,1
11376,11378,11377,0,0,0
11038,11068,11379,0,0,1,10452
11272,11379,11380,0,0,1
11273,11380,11381,0,0,1
11266,11268,11382,0,0,1
11383,11382,11384,1,0,1
11385,11384,11386,1,0,1
11387,11386,11388,1,0,1
11381,11389,11390,0,1,1
11270,11390,11388,0,0,0
11333,11255,11391,0,0,1,8244
11392,11391,11393,1,0,1
11282,11394,11395,0,1,1
11280,11283,11396,0,0,1
11278,11396,11397,0,0,1
11047,11397,11398,0,0,1
11100,11398,11399,0,0,1
11393,11399,11395,0,0,0
10992,10995,11400,0,0,1,8404
11375,11400,11401,0,0,1
11353,11373,11402,0,0,1
11368,11402,11403,0,0,1
11366,11403,11404,0,0,1
11405,11404,11406,1,0,1
11407,11408,11409,1,1,1
11410,11411,11412,1,1,1
11413,11412,11414,1,0,1
11415,11414,11416,1,0,1
11417,11416,11418,1,0,1
11419,11418,11420,1,0,1
11421,11420,11422,1,0,1
11423,11422,11424,1,0,1
11425,11424,11426,1,0,1
11427,11426,11428,1,0,1
11429,11430,11431,1,1,1
11432,11431,11433,1,0,1
11434,11435,11436,1,1,1
11437,11436,11438,1,0,1
11439,11440,11441,1,1,1
11442,11441,11443,1,0,1
11444,11443,11445,1,0,1
11446,11445,11447,1,0,1
11448,11447,11449,1,0,1
11450,11449,11451,1,0,1
11227,11452,11453,0,1,1
11401,11228,11454,0,0,1
11428,11409,11455,0,0,1
11433,11455,11456,0,0,1
11438,11456,11457,0,0,1
11458,11457,11459,1,0,1
11454,11453,11460,0,0,1
11459,11406,11461,0,0,1
11451,11461,11460,0,0,0
11462,11463,11464,1,1,1,34512
11176,11464,11465,1,0,1
11179,11465,11466,1,0,1
11183,11181,11467,1,1,1
11093,11467,11468,1,0,1
11219,11468,11469,0,0,1
11470,11469,11471,1,0,1
11472,11471,11473,1,0,1
11466,11472,11474,0,0,1
11178,11474,11473,1,0,0
10752,10755,11475,0,0,1,723
10750,11475,11476,0,0,1
11470,11477,11478,0,1,1,1746
11217,11478,11214,0,0,0
11389,11071,11479,0,0,1,8405
11387,11479,11480,0,0,1
11481,11480,11482,1,0,1
11411,11482,11483,0,0,1
11407,11483,11484,0,0,1
11408,11484,11485,0,0,1
11364,11405,11486,0,0,1
11362,11486,11485,0,0,0
11487,11230,11488,1,0,1,8404
11489,11488,11490,1,0,1
11491,11490,11492,1,0,1
11493,11494,11495,1,1,1
11328,11495,11496,0,0,1
11326,11329,11497,0,0,1
11492,11497,11496,0,0,0
10744,10774,11498,0,0,1,3540
10742,11498,11499,0,0,1
1154,1150,11500,1,1,1
10746,11500,11499,0,0,0
11493,11331,11501,0,0,1,212
11502,11501,11503,1,0,1
11504,11503,11505,1,0,1
11506,11505,11507,1,0,1
11508,11507,11509,1,0,1
11285,11510,11511,0,1,1
11394,11511,11512,0,0,1
11509,11392,11513,0,0,1
11514,11513,11512,1,0,0
11515,11116,11516,1,1,1,1747
11517,11516,11518,1,0,1
11519,11518,11112,1,0,1
11452,11487,11520,0,0,1,8403
11450,11520,11521,0,0,1
11522,11521,11523,1,0,1
11524,11523,11489,1,0,0
10721,10768,11525,0,0,1,723
11526,11525,11527,1,0,1
11528,11527,11529,1,0,1
10724,11529,10770,0,0,0
11300,11310,11530,0,0,1,211
11531,11530,11532,1,0,1
11533,11534,11535,1,1,1
11298,11536,11537,0,1,1
11295,11537,11538,0,0,1
11539,11538,11540,1,0,1
11541,11540,11542,1,0,1
11543,11542,11544,1,0,1
11545,11544,11546,1,0,1
11289,11547,11548,0,1,1
11287,11548,11549,0,0,1
11510,11549,11550,0,0,1
11551,11514,11552,1,0,1
11553,11552,11554,1,0,1
11555,11554,11556,1,0,1
11557,11556,11558,1,0,1
11559,11558,11560,1,0,1
11561,11560,11562,1,0,1
11563,11562,11564,1,0,1
11565,11564,11566,1,0,1
11567,11566,11568,1,0,1
11569,11570,11571,1,1,1
11572,11573,11574,1,1,1
11575,11576,11577,1,1,1
11578,11577,11579,1,0,1
11580,11579,11581,1,0,1
11582,11581,11583,1,0,1
11584,11583,11585,1,0,1
11586,11585,11587,1,0,1
11588,11589,11590,1,1,1
11591,11590,11592,1,0,1
1118,11592,11593,1,0,1
10723,11593,11594,0,0,1
11528,11594,11595,0,0,1
11526,11595,11596,0,0,1
10718,11596,11597,0,0,1
11314,11597,11598,0,0,1
11532,11312,11599,0,0,1
11568,11550,11600,0,0,1
11571,11600,11601,0,0,1
11574,11601,11602,0,0,1
11598,11603,11604,0,1,1
11599,11604,11605,0,0,1
11535,11605,11606,0,0,1
11602,11546,11607,0,0,1
11587,11607,11606,0,0,0
11291,11293,11608,0,0,1,212
11545,11547,11609,0,0,1
11543,11609,11610,0,0,1
11541,11610,11611,0,0,1
11539,11611,11608,0,0,0
11494,11502,11612,0,0,1,8916
11491,11612,11613,0,0,1
11614,11613,11615,1,0,1
11616,11615,11504,1,0,0
11617,11110,11618,1,1,1,1747
11619,11620,11621,1,1,1
11622,11623,11624,1,1,1
11625,11624,11626,1,0,1
11262,11626,11627,0,0,1
11618,11627,11621,0,0,0
11446,11448,11628,0,0,1,211
11629,11628,11630,1,0,1
11631,11630,11632,1,0,1
11633,11634,11635,1,1,1
11636,11635,11637,1,0,1
11638,11637,11639,1,0,1
11640,11639,11641,1,0,1
11614,11642,11643,0,1,1
11524,11643,11644,0,0,1
11632,11522,11645,0,0,1
11641,11645,11644,0,0,0
11437,11458,11646,0,0,1,211
11647,11646,11648,1,0,1
11649,11648,11650,1,0,1
11651,11650,11652,1,0,1
11653,11652,11654,1,0,1
11655,11654,11440,1,0,0
11264,11383,11656,0,0,1,2259
11625,11656,11657,0,0,1
11658,11657,11659,1,0,1
11660,11659,11661,1,0,1
11410,11661,11662,0,0,1
11481,11662,11385,0,0,0
11536,11297,11663,0,0,1,723
11533,11663,11664,0,0,1
11534,11664,11531,0,0,0
11640,11642,11665,0,0,1,723
11666,11665,11667,1,0,1
11668,11667,11669,1,0,1
11670,11669,11671,1,0,1
11506,11671,11616,0,0,0
11442,11444,11672,0,0,1,212
11673,11672,11674,1,0,1
11675,11674,11676,1,0,1
11631,11634,11677,0,0,1
11629,11677,11676,0,0,0
11678,11660,11679,1,0,1,210
11680,11679,11681,1,0,1
11682,11683,11684,1,1,1
11685,11686,11687,1,1,1
11688,11689,11690,1,1,1
11691,11690,11692,1,0,1
11413,11693,11694,0,1,1
11681,11694,11695,0,0,1
11684,11695,11696,0,0,1
11687,11696,11692,0,0,0
11565,11567,11697,0,0,1,8403
11561,11563,11698,0,0,1
11699,11698,11700,1,0,1
11701,11700,11702,1,0,1
11703,11702,11704,1,0,1
11705,11704,11706,1,0,1
11707,11708,11709,1,1,1
11573,11709,11710,0,0,1
11569,11710,11711,0,0,1
11570,11711,11712,0,0,1
11706,11697,11713,0,0,1
11714,11713,11712,1,0,0
11655,11439,11715,0,0,1,8916
11653,11715,11716,0,0,1
11717,11716,11718,1,0,1
11719,11718,11720,1,0,1
11721,11720,11673,1,0,0
11622,11658,11722,0,0,1,211
11723,11722,11724,1,0,1
11680,11683,11725,0,0,1
11678,11725,11724,0,0,0
1318,1314,11726,1,1,1,724
1349,1317,11727,1,1,1
1321,11727,11728,1,0,1
1320,11728,11729,1,0,1
1324,11729,11730,1,0,1
11731,11730,11726,1,0,0
11732,11733,11734,1,1,1,724
11735,11734,11736,1,0,1
11737,11736,11738,1,0,1
11714,11708,11739,0,0,1,8404
11705,11739,11740,0,0,1
11703,11740,11741,0,0,1
11701,11741,11742,0,0,1
11559,11699,11743,0,0,1
11744,11743,11745,1,0,1
11746,11745,11747,1,0,1
11748,11749,11750,1,1,1
11576,11750,11751,0,0,1
11572,11751,11752,0,0,1
11707,11752,11753,0,0,1
11742,11753,11747,0,0,0
11508,11551,11754,0,0,1,9940
11670,11754,11755,0,0,1
11756,11755,11757,1,0,1
11758,11757,11759,1,0,1
11760,11759,11761,1,0,1
11762,11761,11763,1,0,1
11764,11763,11765,1,0,1
11766,11765,11553,1,0,0
11651,11717,11767,0,0,1,13011
11649,11767,11768,0,0,1
11769,11768,11770,1,0,1
11771,11770,11772,1,0,1
11773,11772,11774,1,0,1
11775,11774,11776,1,0,1
11777,11778,11779,1,1,1
11780,11779,11781,1,0,1
11633,11781,11782,0,0,1
11675,11782,11783,0,0,1
11721,11783,11784,0,0,1
11719,11784,11776,0,0,0
11691,11693,11785,0,0,1,8403
11786,11787,11788,1,1,1
11430,11788,11789,0,0,1
11425,11427,11790,0,0,1
11421,11423,11791,0,0,1
11417,11419,11792,0,0,1
11785,11415,11793,0,0,1
11794,11793,11795,1,0,1
11790,11789,11796,0,0,1
11791,11796,11797,0,0,1
11795,11792,11798,0,0,1
11799,11798,11800,1,0,1
11801,11800,11797,1,0,0
11434,11647,11802,0,0,1,8403
11803,11802,11804,1,0,1
11805,11804,11806,1,0,1
11807,11806,11808,1,0,1
11809,11808,11769,1,0,0
11636,11638,11810,0,0,1,13010
11780,11810,11811,0,0,1
11812,11811,11813,1,0,1
11814,11813,11815,1,0,1
11756,11758,11816,0,0,1
11668,11816,11817,0,0,1
11666,11817,11815,0,0,0
1109,1105,11818,1,1,1,722
1108,11818,11819,1,0,1
1160,1113,11820,1,1,1
1116,11820,11821,1,0,1
11822,11821,11823,1,0,1
11824,11823,11825,1,0,1
11826,11825,11827,1,0,1
11828,11827,11829,1,0,1
11830,11829,11831,1,0,1
11832,11833,11834,1,1,1
11835,11834,11836,1,0,1
11837,11838,11839,1,1,1
11840,11841,11842,1,1,1
1103,11842,11843,1,0,1
1106,11843,11844,1,0,1
11819,11844,11845,0,0,1
1111,11845,11846,1,0,1
11831,11846,11847,0,0,1
11836,11847,11839,0,0,0
11809,11771,11848,0,0,1,8916
11849,11848,11850,1,0,1
11851,11850,11852,1,0,1
11778,11853,11854,0,1,1
11775,11854,11855,0,0,1
11852,11773,11856,0,0,1
11857,11856,11855,1,0,0
11688,11794,11858,0,0,1,211
11859,11858,11860,1,0,1
11861,11862,11863,1,1,1
11864,11863,11865,1,0,1
11787,11865,11866,0,0,1
11801,11866,11867,0,0,1
11799,11867,11860,0,0,0
11777,11812,11868,0,0,1,8915
11853,11868,11869,0,0,1
11857,11869,11870,0,0,1
11871,11870,11872,1,0,1
11873,11872,11874,1,0,1
11432,11435,11875,0,0,1,211
11876,11875,11877,1,0,1
11878,11877,11879,1,0,1
11880,11879,11881,1,0,1
11882,11881,11803,1,0,0
11685,11689,11883,0,0,1,978
11884,11686,11885,1,0,1
11886,11885,11887,1,0,1
11888,11887,11889,1,0,1
11890,11889,11891,1,0,1
11892,11891,11893,1,0,1
11894,11893,11895,1,0,1
11896,11895,11897,1,0,1
11898,11899,11900,1,1,1
11862,11900,11901,0,0,1
11883,11859,11902,0,0,1
11897,11902,11901,0,0,0
11903,11904,11905,1,1,1,722
1095,11905,11906,0,0,1
1092,11906,11907,0,0,1
11908,1090,11909,1,0,1
11910,11911,11912,1,1,1
11913,11912,11914,1,0,1
11907,11914,11909,0,0,0
11591,1119,11915,0,1,1,1746
11916,11915,11917,1,0,1
11918,11917,11919,1,0,1
11920,11919,11921,1,0,1
11922,11921,11923,1,0,1
11924,11923,11925,1,0,1
11586,11603,11926,0,0,1,210
11927,11926,11928,1,0,1
11929,11928,11930,1,0,1
11931,11930,11932,1,0,1
11933,11932,11934,1,0,1
11588,11916,11935,0,0,1
11934,11589,11936,0,0,1
11918,11936,11935,0,0,0
11937,11807,11938,1,0,1,722
11939,11940,11941,1,1,1
11942,11943,11944,1,1,1
11873,11944,11945,0,0,1
11871,11945,11946,0,0,1
11851,11946,11947,0,0,1
11938,11849,11948,0,0,1
11941,11948,11947,0,0,0
11864,11786,11949,0,0,1,210
11898,11861,11950,0,0,1
11951,11950,11952,1,0,1
11953,11952,11954,1,0,1
11955,11956,11957,1,1,1
11805,11937,11958,0,0,1
11882,11958,11959,0,0,1
11880,11959,11960,0,0,1
11878,11960,11961,0,0,1
11949,11429,11962,0,0,1
11957,11954,11963,0,0,1
11961,11963,11964,0,0,1
11876,11964,11962,0,0,0
11925,1115,11965,0,1,1,1747
11966,11965,11967,1,0,1
11968,11967,11822,1,0,0
11969,11584,11970,1,0,1,722
11971,11970,11972,1,0,1
11973,11974,11975,1,1,1
11976,11975,11977,1,0,1
11978,11977,11979,1,0,1
11920,11979,11980,0,0,1
11933,11980,11981,0,0,1
11931,11981,11982,0,0,1
11929,11982,11983,0,0,1
11927,11983,11972,0,0,0
11580,11582,11984,0,0,1,210
11748,11575,11985,0,0,1
11986,11985,11987,1,0,1
11988,11989,11990,1,1,1
11991,11990,11992,1,0,1
11993,11992,11994,1,0,1
11969,11995,11996,0,1,1
11984,11996,11997,0,0,1
11578,11997,11998,0,0,1
11987,11998,11994,0,0,0
11764,11766,11999,0,0,1,722
12000,12001,12002,1,1,1
12003,12002,12004,1,0,1
12005,12004,12006,1,0,1
12007,12008,12009,1,1,1
11555,12009,12010,0,0,1
11999,12010,12011,0,0,1
12012,12011,12006,1,0,0
11167,11170,12013,0,0,1,29648
11164,12013,12014,0,0,1
11162,11165,12015,0,0,1
11159,12015,12016,0,0,1
11188,11160,12017,0,0,1
11157,12017,12018,0,0,1
11155,12018,12019,0,0,1
11153,12019,12020,0,0,1
11151,12020,12021,0,0,1
11149,12021,12022,0,0,1
11147,12022,12023,0,0,1
12024,12023,12025,1,0,1
12026,12027,12028,1,1,1
12029,12030,12031,1,1,1
12032,12033,12034,1,1,1
12035,12034,12036,1,0,1
12037,12036,12038,1,0,1
12039,12040,12041,1,1,1
12042,12041,12043,1,0,1
12044,12045,12046,1,1,1
12047,12046,12048,1,0,1
12049,12048,12050,1,0,1
11886,12050,12051,0,0,1
12014,12051,12052,0,0,1
12016,12052,12053,0,0,1
12028,12025,12054,0,0,1
12031,12054,12055,0,0,1
12038,12055,12056,0,0,1
12043,12056,12053,0,0,0
12057,11746,12058,1,0,1,722
12059,12058,12060,1,0,1
11986,11989,12061,0,0,1
11749,12061,12060,0,0,0
12007,11557,12062,0,0,1,210
12063,12062,12064,1,0,1
12065,12064,12066,1,0,1
12067,12066,12068,1,0,1
12057,12068,11744,0,0,0
11874,11814,12069,0,0,1,210
11942,12069,12070,0,0,1
12071,12070,12072,1,0,1
12073,12072,12074,1,0,1
12075,12074,12076,1,0,1
12077,12076,12078,1,0,1
12012,12078,12079,0,0,1
11762,12079,11760,0,0,0
11890,11892,12080,0,0,1,977
11888,12080,12081,0,0,1
12049,12081,12082,0,0,1
12047,12082,12083,0,0,1
12044,12083,12084,0,0,1
11899,12085,12086,0,1,1
11896,12086,12087,0,0,1
11894,12087,12084,0,0,0
1328,1326,12088,1,1,1,3539
1333,1330,12089,1,1,1
12090,12089,12091,1,0,1
12092,12091,12088,1,0,0
11993,11995,12093,0,0,1,1746
12094,12093,11971,1,0,0
12095,12065,12096,1,0,1,209
12097,12096,12098,1,0,1
12099,12098,12100,1,0,1
12101,12100,12102,1,0,1
12103,12102,12104,1,0,1
12105,12104,12106,1,0,1
12107,12106,12108,1,0,1
11988,12108,12109,0,0,1
12059,12109,12067,0,0,0
12005,12008,12110,0,0,1,721
12003,12110,12111,0,0,1
12112,12111,12113,1,0,1
12114,12113,12115,1,0,1
12095,12115,12063,0,0,0
11939,11943,12116,0,0,1,977
12117,12118,12119,1,1,1
12120,12119,12121,1,0,1
12122,12121,12123,1,0,1
12124,12123,12125,1,0,1
12075,12125,12126,0,0,1
12073,12126,12127,0,0,1
12116,12071,12128,0,0,1
12129,12128,12127,1,0,0
11955,11940,12130,0,0,1,978
12131,12130,12132,1,0,1
12133,12132,12134,1,0,1
12135,12134,12136,1,0,1
12137,12138,12139,1,1,1
12140,12139,12141,1,0,1
12142,12141,12143,1,0,1
12144,12145,12146,1,1,1
12112,12146,12147,0,0,1
12000,12147,12148,0,0,1
12001,12148,12149,0,0,1
12124,12077,12150,0,0,1
12120,12122,12151,0,0,1
12129,12118,12152,0,0,1
12143,12136,12153,0,0,1
12150,12149,12154,0,0,1
12151,12154,12155,0,0,1
12117,12155,12156,0,0,1
12152,12156,12153,0,0,0
11953,11956,12157,0,0,1,209
11951,12157,12158,0,0,1
12085,12158,12159,0,0,1
12160,12159,12161,1,0,1
12162,12161,12163,1,0,1
12164,12163,12165,1,0,1
12166,12167,12168,1,1,1
12131,12168,12165,0,0,0
11840,1101,12169,0,1,1,978
11837,11841,12170,0,0,1
11835,11838,12171,0,0,1
12172,12171,12173,1,0,1
12174,12173,12175,1,0,1
12176,12175,12177,1,0,1
11904,12177,12178,1,0,1
1094,11903,12179,1,1,1
1097,12179,12180,1,0,1
12169,1099,12181,0,1,1
12170,12181,12182,0,0,1
12178,12182,12180,0,0,0
11968,11824,12183,0,0,1,1746
12184,12183,12185,1,0,1
12186,12185,12187,1,0,1
12188,12189,12190,1,1,1
12191,12192,12193,1,1,1
12187,12193,12190,0,0,0
12194,11978,12195,1,0,1,978
12196,12195,12197,1,0,1
12198,12197,12199,1,0,1
12200,12201,12202,1,1,1
12203,12202,12204,1,0,1
12189,12204,12205,0,0,1
12186,12205,12206,0,0,1
12184,12206,12207,0,0,1
11966,12207,12208,0,0,1
11924,12208,12209,0,0,1
12199,11922,12210,0,0,1
12211,12210,12209,1,0,0
11991,12094,12212,0,0,1,978
12107,12212,12213,0,0,1
12214,12213,12215,1,0,1
12216,12215,12217,1,0,1
12218,12217,12219,1,0,1
12220,12219,12221,1,0,1
12222,12221,11974,1,0,0
12223,12090,12224,1,0,1,3538
12225,12224,12226,1,0,1
1232,12226,12227,0,0,1
1233,12227,12228,0,0,1
1230,12228,12229,0,0,1
12230,12231,12232,1,1,1,5074
12233,12232,12234,1,0,1
12235,12234,12236,1,0,1
12191,12236,12237,1,0,1
11826,12237,12238,1,0,1
12239,12240,12241,1,1,1
12242,12243,12244,1,1,1
12176,12245,12246,1,1,1
11913,12246,12247,0,0,1
12248,12247,12249,1,0,1
12241,12238,12250,0,0,1
12251,12250,12252,1,0,1
12244,12252,12249,0,0,0
11828,11830,12253,0,0,1,978
12240,12253,12254,1,0,1
12239,12254,12255,1,0,1
12256,12255,11833,1,0,0
11973,11976,12257,0,0,1,1745
12258,12222,12259,1,0,1
12260,12259,12261,1,0,1
12198,12262,12263,0,1,1
12196,12263,12264,0,0,1
12257,12194,12265,0,0,1
12261,12265,12264,0,0,0
12266,12103,12267,1,0,1,37840
12268,12267,12269,1,0,1
12270,12269,12271,1,0,1
12272,12271,12273,1,0,1
12274,12275,12276,1,1,1
12277,12278,12279,1,1,1
12280,12279,12281,1,0,1
12282,12281,12283,1,0,1
12284,12285,12286,1,1,1
12273,12286,12287,0,0,1
12276,12287,12283,0,0,0
12114,12097,12288,0,0,1,977
12144,12288,12289,0,0,1
12142,12145,12290,0,0,1
12140,12290,12291,0,0,1
12292,12137,12293,1,0,1
12294,12295,12296,1,1,1
12297,12298,12299,1,1,1
12270,12299,12300,0,0,1
12268,12300,12301,0,0,1
12266,12301,12302,0,0,1
12289,12099,12303,0,0,1
12293,12291,12304,0,0,1
12296,12304,12305,0,0,1
12302,12305,12306,0,0,1
12101,12306,12303,0,0,0
12188,12192,12307,0,0,1,210
12203,12307,12308,0,0,1
12309,12308,12310,1,0,1
12311,12310,12312,1,0,1
12313,12312,12314,1,0,1
12315,12314,12316,1,0,1
12233,12316,12235,1,0,1
12317,12201,12318,1,0,1,5074
12319,12318,12320,1,0,1
12321,12320,12322,1,0,1
12323,12322,12324,1,0,1
12311,12324,12325,0,0,1
12309,12325,12200,0,0,0
12105,12214,12326,0,0,1,977
12284,12326,12327,0,0,1
12282,12285,12328,0,0,1
12329,12328,12330,1,0,1
12331,12330,12332,1,0,1
12333,12332,12334,1,0,1
12335,12334,12336,1,0,1
12220,12258,12337,0,0,1
12327,12216,12338,0,0,1
12337,12336,12339,0,0,1
12218,12339,12338,0,0,0
12166,12133,12340,0,0,1,29649
12167,12340,12341,0,0,1
12342,12343,12344,1,1,1
12345,12346,12347,1,1,1
12348,12349,12350,1,1,1
12295,12350,12351,0,0,1
12292,12351,12352,0,0,1
12138,12352,12353,0,0,1
12135,12353,12354,0,0,1
12344,12341,12355,0,0,1
12356,12355,12357,1,0,1
12347,12357,12354,0,0,0
12045,12160,12358,0,0,1,28880
12042,12358,12359,0,0,1
12039,12359,12360,0,0,1
12037,12040,12361,0,0,1
12035,12361,12362,0,0,1
12029,12033,12363,0,0,1
12030,12363,12364,0,0,1
12026,12364,12365,0,0,1
12027,12365,12366,0,0,1
11145,12024,12367,0,0,1
11139,11141,12368,0,0,1
11137,12368,12369,0,0,1
11133,11135,12370,0,0,1
10420,12370,12371,0,0,1
10416,12371,12372,0,0,1
12373,12372,12374,1,0,1
12375,12376,12377,1,1,1
12378,12379,12380,1,1,1
12381,12382,12383,1,1,1
12384,12385,12386,1,1,1
12387,12388,12389,1,1,1
12390,12389,12391,1,0,1
12392,12391,12393,1,0,1
12394,12393,12395,1,0,1
12396,12397,12398,1,1,1
12399,12398,12400,1,0,1
10396,12401,12402,0,1,1
10393,12402,12403,0,0,1
5071,12403,12404,1,0,1
5073,12404,12405,1,0,1
5077,5075,12406,1,1,1
5081,5079,12407,1,1,1
5083,12407,12408,1,0,1
5087,5085,12409,1,1,1
5092,5089,12410,1,1,1
5091,12410,12411,1,0,1
5097,5094,12412,1,1,1
5240,5096,12413,1,1,1
5100,12413,12414,1,0,1
5103,5099,12415,1,1,1
5102,12415,12416,1,0,1
5106,12416,12417,1,0,1
5105,12417,12418,1,0,1
5109,12418,12419,1,0,1
5108,12419,12420,1,0,1
12421,12422,12423,1,1,1
12424,12423,12425,1,0,1
12426,12425,12427,1,0,1
12428,12427,12429,1,0,1
12430,12431,12432,1,1,1
12433,12432,12434,1,0,1
12435,12434,12436,1,0,1
12437,12438,12439,1,1,1
12440,12439,12441,1,0,1
12442,12441,12443,1,0,1
12444,12445,12446,1,1,1
12447,12448,12449,1,1,1
12450,12449,12451,1,0,1
12452,12451,12453,1,0,1
12454,12453,12455,1,0,1
12456,12457,12458,1,1,1
12459,12460,12461,1,1,1
12462,12461,12463,1,0,1
12464,12465,12466,1,1,1
12467,12468,12469,1,1,1
12470,12469,12471,1,0,1
12472,12473,12474,1,1,1
12475,12474,12476,1,0,1
12477,12476,12478,1,0,1
12479,12480,12481,1,1,1
12482,12481,12483,1,0,1
12484,12483,12485,1,0,1
12486,12487,12488,1,1,1
12489,12490,12491,1,1,1
12492,12491,12493,1,0,1
12494,12493,12495,1,0,1
12496,12495,12497,1,0,1
12498,12497,12499,1,0,1
12500,12501,12502,1,1,1
12503,12502,12504,1,0,1
12505,12506,12507,1,1,1
12508,12507,12509,1,0,1
12510,12511,12512,1,1,1
12513,12512,12514,1,0,1
12515,12514,12516,1,0,1
12517,12516,12518,1,0,1
12519,12518,12520,1,0,1
12521,12522,12523,1,1,1
12524,12523,12525,1,0,1
12526,12525,12527,1,0,1
12528,12529,12530,1,1,1
12531,12532,12533,1,1,1
12534,12533,12535,1,0,1
12536,12537,12538,1,1,1
12343,12539,12540,0,1,1
12164,12540,12541,0,0,1
12360,12162,12542,0,0,1
12367,12366,12543,0,0,1
12374,12369,12544,0,0,1
12380,12377,12545,0,0,1
12386,12383,12546,0,0,1
12405,12400,12547,0,0,1
12406,12547,12548,0,0,1
12411,12409,12549,0,0,1
12412,12549,12550,0,0,1
12414,12550,12551,0,0,1
12429,12420,12552,0,0,1
12436,12552,12553,0,0,1
12443,12553,12554,0,0,1
12446,12554,12555,0,0,1
12455,12555,12556,0,0,1
12458,12556,12557,0,0,1
12558,12557,12559,1,0,1
12463,12559,12560,0,0,1
12561,12560,12562,1,0,1
12466,12562,12563,0,0,1
12471,12563,12564,0,0,1
12478,12564,12565,0,0,1
12566,12565,12567,1,0,1
12485,12567,12568,0,0,1
12488,12568,12569,0,0,1
12499,12569,12570,0,0,1
12571,12570,12572,1,0,1
12504,12572,12573,0,0,1
12520,12509,12574,0,0,1
12527,12574,12575,0,0,1
12530,12575,12576,0,0,1
12535,12576,12577,0,0,1
12538,12577,12578,0,0,1
12541,12578,12579,0,0,1
12542,12579,12580,0,0,1
12362,12580,12581,0,0,1
12032,12581,12582,0,0,1
12543,12582,12583,0,0,1
11143,12583,12584,0,0,1
12544,12584,12585,0,0,1
12545,12585,12586,0,0,1
12546,12586,12587,0,0,1
12395,12587,12588,0,0,1
12548,12588,12589,0,0,1
12408,12589,12590,0,0,1
12551,12590,12573,0,0,0
12591,12592,12593,1,1,1,5073
12594,12593,12595,1,0,1
12596,12595,12597,1,0,1
12598,12597,12599,1,0,1
12600,12599,12601,1,0,1
12602,12601,12603,1,0,1
12604,12603,12605,1,0,1
12606,12605,12607,1,0,1
12608,12607,12609,1,0,1
12610,12611,12612,1,1,1
12613,12612,12614,1,0,1
12615,12614,12616,1,0,1
12329,12280,12617,1,1,1
12618,12617,12619,1,0,1
12620,12621,12622,1,1,1
12623,12624,12625,1,1,1
12626,12627,12628,1,1,1
12629,12628,12630,1,0,1
12331,12630,12631,1,0,1
12333,12631,12632,1,0,1
12260,12335,12633,1,1,1
12211,12262,12634,1,1,1
12317,12634,12635,1,0,1
12636,12319,12637,1,1,1
12638,12639,12640,1,1,1
12641,12642,12643,1,1,1
12644,12643,12645,1,0,1
12646,12645,12647,1,0,1
12646,12648,12649,0,1,1
12638,12642,12650,0,0,1
12651,12650,12652,1,0,1
12609,12652,12653,0,0,1
12619,12277,12654,0,1,1
12622,12654,12655,0,0,1
12656,12655,12657,1,0,1
12632,12658,12659,0,1,1
12633,12659,12660,0,0,1
12635,12660,12661,0,0,1
12637,12661,12662,0,0,1
12640,12663,12664,0,1,1
12653,12641,12665,0,0,1
12666,12665,12667,1,0,1
12662,12625,12668,0,0,1
12664,12668,12669,0,0,1
12667,12644,12670,0,0,1
12669,12671,12672,0,1,1
12647,12672,12673,0,0,1
12648,12673,12674,0,0,1
12670,12649,12675,0,0,1
12616,12675,12676,0,0,1
12657,12676,12674,0,0,0
12539,12342,12677,0,0,1,29648
12536,12677,12678,0,0,1
12534,12537,12679,0,0,1
12531,12679,12680,0,0,1
12528,12532,12681,0,0,1
12526,12529,12682,0,0,1
12524,12682,12683,0,0,1
12519,12522,12684,0,0,1
12517,12684,12685,0,0,1
12510,12513,12686,0,0,1
12687,12686,12688,1,0,1
12689,12688,12690,1,0,1
12691,12692,12693,1,1,1
12694,12693,12695,1,0,1
12696,12695,12697,1,0,1
12698,12697,12699,1,0,1
12700,12699,12701,1,0,1
12702,12701,12703,1,0,1
12704,12703,12705,1,0,1
12706,12705,12707,1,0,1
12708,12709,12710,1,1,1
12711,12710,12712,1,0,1
12713,12714,12715,1,1,1
12716,12717,12718,1,1,1
12719,12720,12721,1,1,1
12722,12721,12723,1,0,1
12724,12723,12725,1,0,1
12726,12727,12728,1,1,1
12729,12730,12731,1,1,1
12732,12731,12733,1,0,1
12734,12733,12735,1,0,1
12736,12737,12738,1,1,1
12739,12738,12740,1,0,1
12741,12740,12742,1,0,1
12743,12744,12745,1,1,1
12746,12747,12748,1,1,1
12749,12748,12750,1,0,1
1265,12750,12751,0,0,1
12752,12751,12753,1,0,1
12754,12755,12756,1,1,1
12757,12756,12758,1,0,1
12759,12760,12761,1,1,1
12762,12763,12764,1,1,1
1251,12764,12765,0,0,1
12766,12767,12768,1,1,1
12769,12770,12771,1,1,1
12772,12771,12773,1,0,1
12774,12773,12775,1,0,1
12776,12775,12777,1,0,1
12778,12779,12780,1,1,1
12781,12782,12783,1,1,1
12784,12783,12785,1,0,1
12786,12787,12788,1,1,1
12789,12790,12791,1,1,1
12792,12793,12794,1,1,1
12795,12794,12796,1,0,1
12797,12798,12799,1,1,1
12800,12801,12802,1,1,1
12803,12804,12805,1,1,1
12806,12805,12807,1,0,1
12808,12807,12809,1,0,1
12810,12809,12811,1,0,1
12812,12813,12814,1,1,1
12815,12816,12817,1,1,1
12818,12819,12820,1,1,1
12294,12298,12821,0,0,1
12348,12821,12822,0,0,1
12345,12349,12823,0,0,1
12356,12346,12824,0,0,1
12678,12824,12825,0,0,1
12680,12825,12826,0,0,1
12681,12826,12827,0,0,1
12683,12827,12828,0,0,1
12690,12515,12829,0,0,1
12707,12829,12830,0,0,1
12712,12830,12831,0,0,1
12832,12831,12833,1,0,1
12725,12834,12835,0,1,1
12728,12835,12836,0,0,1
12742,12735,12837,0,0,1
12838,12837,12839,1,0,1
12745,12839,12840,0,0,1
12841,12840,12842,1,0,1
12758,12753,12843,0,0,1
12761,12843,12844,0,0,1
12777,12768,12845,0,0,1
12780,12845,12846,0,0,1
12785,12846,12847,0,0,1
12796,12848,12849,0,1,1
12811,12802,12850,0,0,1
12814,12850,12851,0,0,1
12817,12851,12852,0,0,1
12820,12852,12853,0,0,1
12822,12853,12854,0,0,1
12823,12854,12855,0,0,1
12833,12685,12856,0,0,1
12836,12857,12858,0,1,1
12847,12765,12859,0,0,1
12788,12859,12860,0,0,1
12855,12799,12861,0,0,1
12828,12861,12862,0,0,1
12856,12521,12863,0,0,1
12858,12864,12865,0,1,1
12860,12844,12866,0,0,1
12862,12849,12867,0,0,1
12865,12718,12868,0,0,1
12842,12868,12869,0,0,1
12867,12791,12870,0,0,1
12869,12715,12871,0,0,1
12866,12871,12872,0,0,1
12870,12873,12874,0,1,1
12863,12874,12872,0,0,0
12639,12875,12876,0,1,1,209
12877,12876,12878,1,0,1
12313,12878,12879,1,0,1
12315,12879,12880,1,0,1
12230,12880,12881,0,0,1
12321,12323,12882,0,0,1,977
12636,12882,12883,1,0,1
12663,12883,12877,1,0,1
12818,12297,12884,0,0,1,33744
12819,12884,12885,0,0,1
12815,12885,12886,0,0,1
12812,12816,12887,0,0,1
12810,12813,12888,0,0,1
12808,12888,12889,0,0,1
12890,12806,12891,1,0,1
12892,12893,12894,1,1,1
12610,12895,12896,1,1,1
12613,12896,12897,1,0,1
12615,12897,12898,1,0,1
12278,12898,12899,0,0,1
12274,12899,12900,0,0,1
12272,12275,12901,0,0,1
12886,12901,12902,0,0,1
12887,12902,12903,0,0,1
12889,12903,12904,0,0,1
12891,12904,12905,0,0,1
12894,12905,12900,0,0,0
12627,12658,12906,1,1,1,5074
12629,12626,12907,1,1,1
12621,12618,12908,1,1,1
12620,12908,12909,1,0,1
12656,12909,12910,1,0,1
12624,12671,12911,1,1,1
12623,12911,12912,1,0,1
12906,12912,12913,0,0,1
12907,12913,12910,0,0,0
12602,12600,12914,1,1,1,209
12915,12916,12917,1,1,1
12918,12919,12920,1,1,1
1201,12920,12921,0,0,1
12922,1198,12923,1,0,1
12924,12925,12926,1,1,1
12927,12928,12929,1,1,1
1189,12930,12931,0,1,1
12914,12931,12932,0,0,1
12923,12921,12933,0,0,1
12926,12933,12934,0,0,1
12935,12934,12936,1,0,1
12929,12936,12937,0,0,1
12932,12938,12939,0,1,1
12917,12939,12937,0,0,0
12938,12930,12940,0,0,1,210
12935,12928,12941,0,0,1
12924,12941,12942,0,0,1
12925,12942,12943,0,0,1
12922,12943,12944,0,0,1
1196,12944,12945,0,0,1
1194,12945,12946,0,0,1
12940,1192,12947,0,0,1
12927,12947,12946,0,0,0
12666,12608,12948,1,1,1,5074
12611,12948,12949,1,0,1
12895,12949,12950,0,0,1
12892,12950,12951,0,0,1
12952,12953,12954,1,1,1
12955,12956,12957,1,1,1
12958,12957,12959,1,0,1
12960,12959,12961,1,0,1
12954,12951,12962,0,0,1
12963,12962,12961,1,0,0
1200,1239,12964,0,0,1,977
12918,12964,12965,0,0,1
1204,12965,1241,0,0,0
12960,12966,12967,0,1,1,210
12958,12967,12968,0,0,1
12969,12968,12970,1,0,1
12971,12970,12972,1,0,1
1275,12973,12974,0,1,1
1268,1271,12975,0,0,1
12976,12975,12977,1,0,1
12978,12977,12979,1,0,1
12980,12979,12981,1,0,1
12982,12983,12984,1,1,1
12985,12986,12987,1,1,1
12988,12989,12990,1,1,1
12739,12990,12991,0,0,1
12992,12736,12993,1,0,1
12994,12993,12995,1,0,1
12996,12997,12998,1,1,1
12999,13000,13001,1,1,1
13002,13003,13004,1,1,1
13005,13004,13006,1,0,1
13007,13006,13008,1,0,1
13009,13008,13010,1,0,1
13011,13012,13013,1,1,1
1210,13013,13014,0,0,1
1208,1211,13015,0,0,1
12919,1203,13016,0,0,1
12972,12915,13017,0,0,1
12974,13017,13018,0,0,1
1273,13018,13019,0,0,1
12981,1270,13020,0,0,1
12984,13020,13021,0,0,1
12987,13021,13022,0,0,1
12991,13022,13023,0,0,1
12995,13023,13024,0,0,1
12998,13024,13025,0,0,1
13001,13025,13026,0,0,1
13010,13026,13027,0,0,1
13014,13027,13028,0,0,1
13015,13028,13029,0,0,1
13016,1206,13030,0,0,1
13019,13030,13029,0,0,0
1225,1228,13031,0,0,1,979
1223,13031,13032,0,0,1
1221,13032,13033,0,0,1
12955,12969,13034,0,0,1,209
13035,13034,13036,1,0,1
13037,13038,13039,1,1,1
13040,13041,13042,1,1,1
13043,13044,13045,1,1,1
13046,13045,13047,1,0,1
13048,13047,13049,1,0,1
1288,13050,13051,0,1,1
13052,1285,13053,1,0,1
13054,13055,13056,1,1,1
12971,13056,13057,0,0,1
13049,13042,13058,0,0,1
13053,13051,13059,0,0,1
13057,13059,13060,0,0,1
13036,13060,13061,0,0,1
13058,13039,13062,0,0,1
13063,13062,13061,1,0,0
13064,13065,13066,1,1,1,979
13067,13068,13069,1,1,1
13070,13069,13071,1,0,1
13072,13073,13074,1,1,1
13075,13074,13076,1,0,1
13077,13078,13079,1,1,1
13080,13081,13082,1,1,1
13083,13082,13084,1,0,1
13085,13084,13086,1,0,1
13087,13086,13088,1,0,1
13066,13088,13089,0,0,1
13071,13089,13090,0,0,1
13076,13090,13079,0,0,0
12952,12963,13091,0,0,1,977
13044,13092,13093,0,1,1
13040,13093,13094,0,0,1
13041,13094,13095,0,0,1
13037,13095,13096,0,0,1
13038,13096,13097,0,0,1
13035,13097,13098,0,0,1
12956,13098,13091,0,0,0
12893,12953,13099,0,0,1,978
13100,13099,13101,1,0,1
13102,13101,13092,1,0,0
13048,13063,13103,0,0,1,210
13102,13043,13104,0,0,1
13105,13104,13106,1,0,1
13107,13106,13108,1,0,1
13109,13108,13110,1,0,1
13111,13110,13112,1,0,1
1245,13112,13113,0,0,1
13103,13050,13114,0,0,1
13046,13114,13113,0,0,0
1215,1217,13115,0,0,1,979
13011,1213,13116,0,0,1
13117,13116,13118,1,0,1
13119,13118,13120,1,0,1
13121,13120,13115,1,0,0
13122,13100,13123,1,0,1,32976
13124,13123,13125,1,0,1
13126,13125,13127,1,0,1
12769,13128,13129,0,1,1
13130,13129,13131,1,0,1
13109,13131,13132,0,0,1
13107,13132,13133,0,0,1
13127,13105,13134,0,0,1
13135,13134,13133,1,0,0
12803,12890,13136,0,0,1,28880
12800,12804,13137,0,0,1
12797,12801,13138,0,0,1
12795,12798,13139,0,0,1
12792,13139,13140,0,0,1
12848,12793,13141,0,0,1
12789,13141,13142,0,0,1
12873,12790,13143,0,0,1
12786,13143,13144,0,0,1
12787,13144,13145,0,0,1
12784,13145,13146,0,0,1
12781,13146,13147,0,0,1
12778,12782,13148,0,0,1
12776,12779,13149,0,0,1
12774,13149,13150,0,0,1
12772,13150,13151,0,0,1
13128,13151,13152,0,0,1
13135,13152,13153,0,0,1
13126,13153,13154,0,0,1
13124,13154,13155,0,0,1
13122,13155,13156,0,0,1
13136,13156,13157,0,0,1
13137,13157,13158,0,0,1
13138,13158,13159,0,0,1
13140,13159,13160,0,0,1
13142,13160,13161,0,0,1
13147,13161,13148,0,0,0
1286,13052,13162,0,0,1,977
1282,13162,13163,0,0,1
1283,13163,13164,0,0,1
1279,13164,13165,0,0,1
1277,1280,13166,0,0,1
12973,13166,13167,0,0,1
13054,13167,13168,0,0,1
13055,13168,13165,0,0,0
1244,1247,13169,0,0,1,977
13170,13169,13171,1,0,1
13172,13171,13173,1,0,1
12766,13174,13175,0,1,1
12767,13175,13176,0,0,1
1252,13176,13177,0,0,1
1249,13177,13173,0,0,0
13130,13111,13178,0,0,1,978
12770,13178,13179,0,0,1
13172,13174,13180,0,0,1
13170,13180,13179,0,0,0
13009,13012,13181,0,0,1,978
13007,13181,13182,0,0,1
13183,13182,13184,1,0,1
13119,13184,13117,0,0,0
13185,13186,13187,1,1,1,979
13188,13187,13189,1,0,1
13190,13189,13191,1,0,1
12999,13003,13192,0,0,1,209
13193,13192,13194,1,0,1
13195,13196,13197,1,1,1
13198,13197,13199,1,0,1
13002,13199,13194,0,0,0
1254,1256,13200,0,0,1,977
13201,12762,13202,1,0,1
13203,13204,13205,1,1,1
13206,13207,13208,1,1,1
13202,13200,13209,0,0,1
13210,13209,13211,1,0,1
13205,13211,13208,0,0,0
13000,13193,13212,0,0,1,978
12996,13212,13213,0,0,1
13214,13215,13216,1,1,1
13217,13218,13219,1,1,1
13220,13221,13222,1,1,1
13196,13222,13223,0,0,1
13216,13213,13224,0,0,1
13219,13224,13223,0,0,0
13206,1258,13225,0,0,1,37840
13226,13225,13227,1,0,1
12752,12755,13228,0,0,1
1266,13228,13229,0,0,1
1263,13229,13230,0,0,1
1260,13230,13231,0,0,1
13227,1261,13232,0,0,1
12754,13232,13231,0,0,0
13220,13195,13233,0,0,1,977
13217,13221,13234,0,0,1
13214,13218,13235,0,0,1
13236,13235,13237,1,0,1
13233,13238,13239,0,1,1
13234,13239,13237,0,0,0
13201,13210,13240,0,0,1,29649
12759,12763,13241,0,0,1
12757,12760,13242,0,0,1
13226,13242,13243,0,0,1
13207,13243,13244,0,0,1
13203,13244,13245,0,0,1
13240,13204,13246,0,0,1
13241,13246,13245,0,0,0
12749,12976,13247,0,0,1,32976
13248,13249,13250,1,1,1
12985,12989,13251,0,0,1
12982,12986,13252,0,0,1
12980,12983,13253,0,0,1
13247,12978,13254,0,0,1
13255,13254,13256,1,0,1
13251,13250,13257,0,0,1
13252,13257,13258,0,0,1
13253,13258,13256,0,0,0
12997,13215,13259,0,0,1,37840
12994,13259,13260,0,0,1
13261,13260,13262,1,0,1
13263,13264,13265,1,1,1
13266,13267,13268,1,1,1
13236,13268,13269,0,0,1
13262,13269,13265,0,0,0
13263,13267,13270,0,0,1,33744
12992,13261,13271,0,0,1
12737,13271,13272,0,0,1
12734,13272,13273,0,0,1
12732,13273,13274,0,0,1
13270,13275,13276,0,1,1
13264,13276,13274,0,0,0
12746,13255,13277,0,0,1,28880
12841,12747,13278,0,0,1
12743,13278,13279,0,0,1
12838,12744,13280,0,0,1
12741,13280,13281,0,0,1
12988,13281,13282,0,0,1
13248,13282,13283,0,0,1
13249,13283,13284,0,0,1
13277,13284,13279,0,0,0
10414,10417,13285,0,0,1,30416
10411,13285,13286,0,0,1
10408,10412,13287,0,0,1
12382,13287,13288,0,0,1
12378,13288,13289,0,0,1
12379,13289,13290,0,0,1
12375,13290,13291,0,0,1
12376,13291,13292,0,0,1
12373,13292,13286,0,0,0
10406,10409,13293,0,0,1,30416
10404,13293,13294,0,0,1
12390,10401,13295,0,0,1
12387,13295,13296,0,0,1
12384,12388,13297,0,0,1
12381,12385,13298,0,0,1
13294,13298,13299,0,0,1
13296,13299,13297,0,0,0
12711,12832,13300,0,0,1,28880
12708,13300,13301,0,0,1
12706,12709,13302,0,0,1
12704,13302,13303,0,0,1
12702,13303,13304,0,0,1
12700,13304,13305,0,0,1
12696,12698,13306,0,0,1
13307,13306,13308,1,0,1
13309,13308,13310,1,0,1
13311,13310,13312,1,0,1
12719,13312,13313,0,0,1
12720,13313,13314,0,0,1
12834,13314,13315,0,0,1
12857,13315,13316,0,0,1
12864,13316,13317,0,0,1
12716,13317,13318,0,0,1
12717,13318,13319,0,0,1
12713,13319,13320,0,0,1
12714,13320,13321,0,0,1
13301,13321,13305,0,0,0
10398,10402,13322,0,0,1,30416
10399,13322,13323,0,0,1
10395,10466,13324,0,0,1
12399,12401,13325,0,0,1
12396,13325,13326,0,0,1
12394,12397,13327,0,0,1
12392,13327,13328,0,0,1
13323,13328,13329,0,0,1
13324,13329,13326,0,0,0
13330,5178,13331,1,1,1,28672
13332,13331,13333,1,0,1
13334,13333,13335,1,0,1
13336,13335,13337,1,0,1
13338,13337,13339,1,0,1
13340,13339,13341,1,0,1
13342,13341,13343,1,0,1
13344,13343,13345,1,0,1
13346,13347,13348,1,1,1
13349,13348,13350,1,0,1
5149,13350,13351,1,0,1
5153,5151,13352,1,1,1
5157,5155,13353,1,1,1
5160,13353,13354,1,0,1
5159,13354,13355,1,0,1
5165,5162,13356,1,1,1
5164,13356,13357,1,0,1
5252,13357,13358,1,0,1
5168,13358,13359,1,0,1
5167,13359,13360,1,0,1
5173,5170,13361,1,1,1
5172,13361,13362,1,0,1
5254,5175,13363,1,1,1
13345,13363,13364,0,0,1
13351,13364,13365,0,0,1
13352,13365,13366,0,0,1
13355,13366,13367,0,0,1
13360,13367,13362,0,0,0
12726,12730,13368,0,0,1,28880
12724,12727,13369,0,0,1
13370,13369,13371,1,0,1
13372,13371,13368,1,0,0
13373,12687,13374,1,0,1,29616
13375,13376,13377,1,1,1
13378,13377,13379,1,0,1
13380,13381,13382,1,1,1
13383,13384,13385,1,1,1
13386,13385,13387,1,0,1
13388,13387,13389,1,0,1
13390,13389,13391,1,0,1
13392,13391,13393,1,0,1
13394,13393,13395,1,0,1
13396,13395,13397,1,0,1
13398,13397,13399,1,0,1
13400,13399,13401,1,0,1
13402,13401,13403,1,0,1
13404,13405,13406,1,1,1
13407,13406,13408,1,0,1
13409,13410,13411,1,1,1
13412,13411,13413,1,0,1
13414,13415,13416,1,1,1
13417,13418,13419,1,1,1
13420,13421,13422,1,1,1
13423,13424,13425,1,1,1
13426,13425,13427,1,0,1
13428,13429,13430,1,1,1
13431,13432,13433,1,1,1
1296,13433,13434,0,0,1
13435,13436,13437,1,1,1
13438,13439,13440,1,1,1
13441,13440,13442,1,0,1
13443,13444,13445,1,1,1
13446,13447,13448,1,1,1
13449,13450,13451,1,1,1
13452,13453,13454,1,1,1
13455,13454,13456,1,0,1
13457,13456,13458,1,0,1
13459,13458,13460,1,0,1
13461,13460,13462,1,0,1
13463,13462,13464,1,0,1
13465,13464,13466,1,0,1
13467,13466,13468,1,0,1
13469,13468,13470,1,0,1
13471,13470,13472,1,0,1
13473,13472,13474,1,0,1
13475,13476,13477,1,1,1
13478,13477,13479,1,0,1
13480,13481,13482,1,1,1
13483,13482,13484,1,0,1
13485,13486,13487,1,1,1
13488,13487,13489,1,0,1
13490,13489,13491,1,0,1
12722,13491,13492,0,0,1
13493,13492,13494,1,0,1
13495,13494,13496,1,0,1
13497,13498,13499,1,1,1
12691,13500,13501,0,1,1
12689,12692,13502,0,0,1
13374,13502,13503,0,0,1
13504,13503,13505,1,0,1
13379,13505,13506,0,0,1
13382,13506,13507,0,0,1
13403,13507,13508,0,0,1
13408,13508,13509,0,0,1
13510,13509,13511,1,0,1
13413,13511,13512,0,0,1
13513,13512,13514,1,0,1
13416,13514,13515,0,0,1
13516,13515,13517,1,0,1
13518,13517,13519,1,0,1
13419,13519,13520,0,0,1
13422,13520,13521,0,0,1
13522,13521,13523,1,0,1
13427,13523,13524,0,0,1
13430,13524,13525,0,0,1
13434,13525,13526,0,0,1
13437,13526,13527,0,0,1
13442,13527,13528,0,0,1
13445,13528,13529,0,0,1
13448,13529,13530,0,0,1
13451,13530,13531,0,0,1
13474,13531,13532,0,0,1
13533,13532,13534,1,0,1
13479,13534,13535,0,0,1
13496,13536,13537,0,1,1
13501,13538,13539,0,1,1
13535,13539,13540,0,0,1
13537,13484,13541,0,0,1
13499,13541,13540,0,0,0
12508,12511,13542,0,0,1,28848
12505,13542,13543,0,0,1
12503,12506,13544,0,0,1
12500,13544,13545,0,0,1
12571,12501,13546,0,0,1
12498,13546,13547,0,0,1
12496,13547,13548,0,0,1
12494,13548,13549,0,0,1
12492,13549,13550,0,0,1
13551,13552,13553,1,1,1
13554,13553,13555,1,0,1
13388,13555,13556,0,0,1
13380,13384,13557,0,0,1
13378,13381,13558,0,0,1
13375,13558,13559,0,0,1
13504,13376,13560,0,0,1
13373,13560,13561,0,0,1
13543,13561,13562,0,0,1
13545,13562,13563,0,0,1
13556,13550,13564,0,0,1
13386,13564,13565,0,0,1
13383,13565,13566,0,0,1
13557,13566,13567,0,0,1
13559,13567,13563,0,0,0
12694,13307,13568,0,0,1,28848
13500,13568,13569,0,0,1
13538,13569,13570,0,0,1
13497,13570,13571,0,0,1
13498,13571,13572,0,0,1
13493,13495,13573,0,0,1
13311,13573,13574,0,0,1
13309,13574,13572,0,0,0
13490,13370,13575,0,0,1,28848
13488,13575,13576,0,0,1
13577,13576,13578,1,0,1
13485,13577,13579,0,0,1,32176
13486,13579,13580,0,0,1
13536,13580,13581,0,0,1
13483,13581,13582,0,0,1
13480,13582,13583,0,0,1
13481,13583,13584,0,0,1
13478,13584,13585,0,0,1
13475,13585,13586,0,0,1
13476,13586,13587,0,0,1
13533,13587,13588,0,0,1
13473,13588,13589,0,0,1
13471,13589,13590,0,0,1
13469,13590,13591,0,0,1
13467,13591,13592,0,0,1
13465,13592,13593,0,0,1
13463,13593,13594,0,0,1
13461,13594,13595,0,0,1
13459,13595,13596,0,0,1
13457,13596,13597,0,0,1
13455,13597,13598,0,0,1
13599,13598,13600,1,0,1
13601,13602,13603,1,1,1
13604,13605,13606,1,1,1
13600,13606,13603,0,0,0
13551,13554,13607,0,0,1,29360
12489,13552,13608,0,0,1
13609,13608,13610,1,0,1
13611,13610,13612,1,0,1
13613,13612,13614,1,0,1
12479,13615,13616,0,1,1
13617,12480,13618,1,0,1
13619,13618,13620,1,0,1
12472,13621,13622,0,1,1
13623,13622,13624,1,0,1
13625,13624,13626,1,0,1
13627,13626,13628,1,0,1
13629,13630,13631,1,1,1
13632,13633,13634,1,1,1
13635,12460,13636,1,0,1
13637,13638,13639,1,1,1
13640,13639,13641,1,0,1
12450,13642,13643,0,1,1
13644,12447,13645,1,0,1
13646,13647,13648,1,1,1
13649,13650,13651,1,1,1
12437,13652,13653,0,1,1
13654,13653,13655,1,0,1
13656,13655,13657,1,0,1
13658,12430,13659,1,0,1
13660,13659,13661,1,0,1
13662,13661,13663,1,0,1
13664,13663,13665,1,0,1
13666,13665,13667,1,0,1
13668,13667,13669,1,0,1
13670,13671,13672,1,1,1
13673,13672,13674,1,0,1
13675,13674,13676,1,0,1
13677,13678,13679,1,1,1
13680,13679,13681,1,0,1
5124,13682,13683,1,1,1
13684,13683,13685,1,0,1
5140,13686,13687,1,1,1
13688,13687,13689,1,0,1
13690,13689,13691,1,0,1
13692,13691,13693,1,0,1
13694,13693,13695,1,0,1
13696,13695,13697,1,0,1
13698,13697,13699,1,0,1
13700,13699,13701,1,0,1
13702,13703,13704,1,1,1
13705,13704,13706,1,0,1
13707,13706,13708,1,0,1
13432,13709,13710,0,1,1
13428,13710,13711,0,0,1
13426,13429,13712,0,0,1
13522,13424,13713,0,0,1
13420,13713,13714,0,0,1
13417,13421,13715,0,0,1
13518,13418,13716,0,0,1
13516,13716,13717,0,0,1
13414,13717,13718,0,0,1
13513,13415,13719,0,0,1
13412,13719,13720,0,0,1
13510,13410,13721,0,0,1
13407,13721,13722,0,0,1
13404,13722,13723,0,0,1
13402,13405,13724,0,0,1
13398,13400,13725,0,0,1
13396,13725,13726,0,0,1
13392,13394,13727,0,0,1
13390,13727,13728,0,0,1
13607,13728,13729,0,0,1
13614,13729,13730,0,0,1
13616,13730,13731,0,0,1
13620,13731,13732,0,0,1
13628,13732,13733,0,0,1
13636,13734,13735,0,1,1
13641,13735,13736,0,0,1
13645,13643,13737,0,0,1
13648,13737,13738,0,0,1
13657,13651,13739,0,0,1
13669,13740,13741,0,1,1
13676,13741,13742,0,0,1
13685,13681,13743,0,0,1
13701,13743,13744,0,0,1
13708,13744,13745,0,0,1
13711,13745,13746,0,0,1
13712,13746,13747,0,0,1
13423,13747,13748,0,0,1
13714,13748,13749,0,0,1
13715,13749,13750,0,0,1
13718,13750,13751,0,0,1
13720,13751,13752,0,0,1
13409,13752,13753,0,0,1
13723,13753,13754,0,0,1
13724,13754,13755,0,0,1
13726,13755,13756,0,0,1
13733,13756,13757,0,0,1
13631,13757,13758,0,0,1
13736,13634,13759,0,0,1
13738,13759,13760,0,0,1
13739,13760,13761,0,0,1
13742,13761,13758,0,0,0
12486,12490,13762,0,0,1,28848
12484,12487,13763,0,0,1
12482,13763,13764,0,0,1
13613,13615,13765,0,0,1
13611,13765,13766,0,0,1
13609,13766,13767,0,0,1
13762,13767,13764,0,0,0
12477,12566,13768,0,0,1,28848
12475,13768,13769,0,0,1
13619,13621,13770,0,0,1
13617,13770,13769,0,0,0
12470,12473,13771,0,0,1,29392
12467,13771,13772,0,0,1
12464,12468,13773,0,0,1
12561,12465,13774,0,0,1
12462,13774,13775,0,0,1
12459,13775,13776,0,0,1
13632,13734,13777,0,0,1
13629,13633,13778,0,0,1
13627,13630,13779,0,0,1
13625,13779,13780,0,0,1
13623,13780,13781,0,0,1
13772,13781,13782,0,0,1
13773,13782,13783,0,0,1
13777,13776,13784,0,0,1
13778,13784,13783,0,0,0
12456,12558,13785,0,0,1,29392
12454,12457,13786,0,0,1
12452,13786,13787,0,0,1
13640,13642,13788,0,0,1
13637,13788,13789,0,0,1
13635,13638,13790,0,0,1
13785,13790,13791,0,0,1
13787,13791,13789,0,0,0
12444,12448,13792,0,0,1,28848
12442,12445,13793,0,0,1
13652,12440,13794,0,0,1
13649,13794,13795,0,0,1
13650,13795,13796,0,0,1
13646,13796,13797,0,0,1
13647,13797,13798,0,0,1
13792,13644,13799,0,0,1
13793,13799,13798,0,0,0
5111,12422,13800,1,0,1,28848
5114,13800,13801,1,0,1
5113,13801,13802,1,0,1
5245,13802,13803,1,0,1
5117,13803,13804,1,0,1
5116,13804,13805,1,0,1
5119,13805,13806,1,0,1
5122,13806,13807,1,0,1
5121,13807,13808,1,0,1
13680,13682,13809,0,0,1
13677,13809,13810,0,0,1
13675,13678,13811,0,0,1
13673,13811,13812,0,0,1
13670,13812,13813,0,0,1
13668,13671,13814,0,0,1
13666,13814,13815,0,0,1
13664,13815,13816,0,0,1
13817,13660,13818,1,0,1
13808,13818,13819,0,0,1
13810,13819,13820,0,0,1
13816,13813,13821,0,0,1
13662,13821,13820,0,0,0
12435,12438,13822,0,0,1,29392
12433,13822,13823,0,0,1
13656,13740,13824,0,0,1
13654,13824,13823,0,0,0
12424,12426,13825,0,0,1,29392
12421,13825,13826,0,0,1
13817,13826,13827,0,0,1
13658,13827,13828,0,0,1
12431,13828,12428,0,0,0
5133,5130,13829,1,1,1,29232
5132,13829,13830,1,0,1
5138,5135,13831,1,1,1
5137,13831,13832,1,0,1
13686,13832,13833,0,0,1
13684,13833,13834,0,0,1
5126,13834,13835,1,0,1
5128,13835,13830,1,0,0
13601,13605,13836,0,0,1,32177
13837,13602,13838,1,0,1
13839,13838,13840,1,0,1
13841,13840,13842,1,0,1
13843,13842,13844,1,0,1
13845,13846,13847,1,1,1
13836,13847,13844,0,0,0
13843,13846,13848,0,0,1,3505
13849,13848,13850,1,0,1
13452,13599,13851,0,0,1,946
13852,13851,13853,1,0,1
13854,13853,13855,1,0,1
13856,13857,13858,1,1,1
13859,13860,13861,1,1,1
13862,13863,13864,1,1,1
13865,13866,13867,1,1,1
13868,13869,13870,1,1,1
13435,13439,13871,0,0,1
13872,13436,13873,1,0,1
13874,13875,13876,1,1,1
13877,13878,13879,1,1,1
13880,13881,13882,1,1,1
13883,13884,13885,1,1,1
13886,13887,13888,1,1,1
13889,13888,13890,1,0,1
13891,13890,13892,1,0,1
13893,13894,13895,1,1,1
13896,13895,13897,1,0,1
13839,13898,13899,0,1,1
13855,13837,13900,0,0,1
13864,13861,13901,0,0,1
13870,13902,13903,0,1,1
13876,13904,13905,0,1,1
13892,13906,13907,0,1,1
13900,13899,13908,0,0,1
13858,13908,13909,0,0,1
13901,13909,13910,0,0,1
13905,13873,13911,0,0,1
13879,13911,13912,0,0,1
13882,13912,13913,0,0,1
13910,13897,13914,0,0,1
13867,13914,13915,0,0,1
13913,13871,13916,0,0,1
13885,13916,13917,0,0,1
13915,13907,13918,0,0,1
13903,13918,13917,0,0,0
13841,13849,13919,0,0,1,3506
13898,13919,13920,0,0,1
13921,13920,13922,1,0,1
13923,13922,13924,1,0,1
13925,13924,13926,1,0,1
5145,5142,13927,1,1,1,28848
13346,13928,13929,0,1,1
13694,13696,13930,0,0,1
13690,13692,13931,0,0,1
13688,13931,13932,0,0,1
13927,13932,13933,0,0,1
13929,13933,13930,0,0,0
13449,13453,13934,0,0,1,33712
13446,13450,13935,0,0,1
13936,13935,13937,1,0,1
13938,13939,13940,1,1,1
13941,13942,13943,1,1,1
13944,13943,13945,1,0,1
13946,13947,13948,1,1,1
13949,13948,13950,1,0,1
13951,13952,13953,1,1,1
13852,13954,13955,0,1,1
13934,13955,13956,0,0,1
13940,13937,13957,0,0,1
13945,13957,13958,0,0,1
13950,13958,13959,0,0,1
13953,13959,13956,0,0,0
13951,13954,13960,0,0,1,945
13949,13952,13961,0,0,1
13944,13947,13962,0,0,1
13860,13962,13963,0,0,1
13856,13963,13964,0,0,1
13854,13857,13965,0,0,1
13960,13965,13966,0,0,1
13961,13966,13967,0,0,1
13946,13967,13964,0,0,0
13896,13921,13968,0,0,1,1715
13969,13968,13970,1,0,1
13971,13972,13973,1,1,1
13974,13973,13975,1,0,1
13976,13975,13977,1,0,1
13923,13977,13970,0,0,0
13976,13925,13978,0,0,1,3507
13974,13978,13979,0,0,1
13443,13447,13980,0,0,1,33712
13981,13982,13983,1,1,1
13984,13983,13985,1,0,1
13986,13985,13987,1,0,1
13988,13987,13980,1,0,0
13989,13941,13990,1,0,1,945
13902,13991,13992,0,1,1
13865,13992,13993,0,0,1
13866,13993,13994,0,0,1
13862,13994,13995,0,0,1
13859,13863,13996,0,0,1
13990,13996,13995,0,0,0
13938,13942,13997,0,0,1,37808
13998,13939,13999,1,0,1
13869,13999,14000,0,0,1
13991,14000,14001,0,0,1
13989,14001,13997,0,0,0
13988,13936,14002,0,0,1,945
13984,13986,14003,0,0,1
13444,13982,14004,0,0,1
13441,14004,14005,0,0,1
13438,14005,14006,0,0,1
13868,14006,14007,0,0,1
14002,13998,14008,0,0,1
14003,14008,14009,0,0,1
13981,14009,14007,0,0,0
14010,13893,14011,1,0,1,9140
14012,14011,14013,1,0,1
14014,14013,14015,1,0,1
14016,14015,14017,1,0,1
14018,14017,14019,1,0,1
14020,14019,14021,1,0,1
14022,14021,13969,1,0,0
13342,13344,14023,0,0,1,29184
13340,14023,14024,0,0,1
13336,13338,14025,0,0,1
13334,14025,14026,0,0,1
14027,13332,14028,1,0,1
14029,14028,14030,1,0,1
13705,14030,14031,0,0,1
13702,14031,14032,0,0,1
13700,13703,14033,0,0,1
13698,14033,14034,0,0,1
13347,14034,14035,0,0,1
14024,14035,14036,0,0,1
14026,14036,14032,0,0,0
13891,13894,14037,0,0,1,947
13889,14037,14038,0,0,1
14039,14040,14041,1,1,1
14042,14041,14043,1,0,1
14044,14045,14046,1,1,1
14010,14046,14047,0,0,1
14043,14038,14048,0,0,1
14049,14048,14047,1,0,0
14022,13972,14050,0,0,1,9908
14051,14050,14052,1,0,1
14053,14020,14054,1,0,1,9141
14055,14056,14057,1,1,1
14058,14059,14060,1,1,1
14061,14060,14062,1,0,1
14063,14062,14064,1,0,1
14065,14064,14066,1,0,1
14067,14066,14068,1,0,1
14069,14070,14071,1,1,1
14054,14071,14072,0,0,1
14068,14057,14073,0,0,1
14074,14073,14072,1,0,0
14069,14051,14075,0,0,1,9909
14070,14075,14076,0,0,1
14077,14076,14078,1,0,1
14079,14078,14080,1,0,1
13880,13884,14081,0,0,1,947
13881,14081,14082,0,0,1
13877,14082,14083,0,0,1
13874,13878,14084,0,0,1
13904,13875,14085,0,0,1
1311,13872,14086,0,0,1
1309,14086,14087,0,0,1
14088,14087,14089,1,0,1
14090,14089,14091,1,0,1
14092,14091,14093,1,0,1
14094,14093,14095,1,0,1
14096,14095,14097,1,0,1
14098,14097,14099,1,0,1
14100,14099,14101,1,0,1
14102,14101,14103,1,0,1
14084,14083,14104,0,0,1
14085,14104,14103,0,0,0
13883,13906,14105,0,0,1,1715
14102,14105,14106,0,0,1
14100,14106,14107,0,0,1
14108,14109,14110,1,1,1
14111,14110,14112,1,0,1
14113,14112,14114,1,0,1
14115,14114,14116,1,0,1
14117,14116,14118,1,0,1
14119,14118,14120,1,0,1
14121,14122,14123,1,1,1
14124,14123,14125,1,0,1
14126,14125,14127,1,0,1
14128,14129,14130,1,1,1
14131,14130,14132,1,0,1
14040,14132,14133,0,0,1
13886,14133,14134,0,0,1
14107,13887,14135,0,0,1
14120,14135,14136,0,0,1
14137,14136,14138,1,0,1
14127,14138,14134,0,0,0
14074,14077,14139,0,0,1,14005
14067,14139,14140,0,0,1
14065,14140,14141,0,0,1
14142,14141,14079,1,0,0
14042,14049,14143,0,0,1,948
14131,14039,14144,0,0,1
14128,14144,14145,0,0,1
14146,14145,14147,1,0,1
14148,14149,14150,1,1,1
14151,14152,14153,1,1,1
14014,14153,14154,0,0,1
14012,14154,14155,0,0,1
14044,14155,14156,0,0,1
14143,14045,14157,0,0,1
14147,14157,14158,0,0,1
14150,14158,14156,0,0,0
14129,14146,14159,0,0,1,1716
14126,14159,14160,0,0,1
14161,14162,14163,1,1,1
14016,14163,14164,0,0,1
14151,14164,14165,0,0,1
14152,14165,14166,0,0,1
14148,14166,14167,0,0,1
14149,14167,14160,0,0,0
14018,14053,14168,0,0,1,9908
14161,14168,14169,0,0,1
14170,14169,14171,1,0,1
14172,14171,14173,1,0,1
14174,14173,14175,1,0,1
14096,14098,14176,0,0,1,948
14177,14176,14178,1,0,1
14179,14180,14181,1,1,1
14182,14183,14184,1,1,1
14185,14184,14186,1,0,1
14187,14186,14188,1,0,1
14189,14188,14190,1,0,1
14191,14190,14192,1,0,1
14109,14193,14194,0,1,1
14178,14194,14195,0,0,1
14181,14195,14192,0,0,0
14119,14137,14196,0,0,1,178
14197,14198,14199,1,1,1
14200,14199,14201,1,0,1
14202,14201,14203,1,0,1
14204,14203,14196,1,0,0
14124,14162,14205,0,0,1,947
14206,14121,14207,1,0,1
14208,14207,14209,1,0,1
14172,14210,14211,0,1,1
14170,14211,14212,0,0,1
14205,14212,14209,0,0,0
14204,14122,14213,0,0,1,1714
14202,14213,14214,0,0,1
14200,14214,14215,0,0,1
14216,14215,14217,1,0,1
14218,14219,14220,1,1,1
14221,14220,14222,1,0,1
14223,14222,14224,1,0,1
14225,14226,14227,1,1,1
14228,14227,14229,1,0,1
14217,14229,14224,0,0,0
14230,14115,14231,1,0,1,947
14232,14231,14233,1,0,1
14234,14235,14236,1,1,1
14237,14236,14238,1,0,1
14198,14238,14239,0,0,1
14117,14239,14233,0,0,0
14240,14175,14241,1,0,1,1716
14242,14241,14243,1,0,1
14244,14243,14056,1,0,0
14225,14228,14245,0,0,1,1715
14223,14226,14246,0,0,1
14247,14248,14249,1,1,1
14250,14251,14252,1,1,1
14253,14252,14254,1,0,1
14245,14206,14255,0,0,1
14249,14246,14256,0,0,1
14254,14256,14257,0,0,1
14208,14257,14255,0,0,0
14111,14113,14258,0,0,1,948
14259,14258,14260,1,0,1
14261,14262,14263,1,1,1
14234,14264,14265,0,1,1
14232,14235,14266,0,0,1
14260,14230,14267,0,0,1
14263,14267,14268,0,0,1
14265,14268,14266,0,0,0
14244,14055,14269,0,0,1,948
14270,14242,14271,1,0,1
14272,14271,14273,1,0,1
14274,14273,14275,1,0,1
14276,14275,14277,1,0,1
14058,14277,14278,0,0,1
14059,14278,14269,0,0,0
14210,14174,14279,0,0,1,9140
14253,14279,14280,0,0,1
14250,14280,14281,0,0,1
14282,14281,14283,1,0,1
14284,14285,14286,1,1,1
14287,14288,14289,1,1,1
14290,14289,14291,1,0,1
14270,14292,14293,0,1,1
14240,14293,14294,0,0,1
14283,14294,14295,0,0,1
14286,14295,14291,0,0,0
14237,14197,14296,0,0,1,1715
14264,14296,14297,0,0,1
14298,14261,14299,1,0,1
14300,14299,14301,1,0,1
14302,14301,14303,1,0,1
14304,14303,14305,1,0,1
14306,14305,14307,1,0,1
14308,14307,14309,1,0,1
14310,14311,14312,1,1,1
14285,14313,14314,0,1,1
14315,14314,14316,1,0,1
14218,14317,14318,0,1,1
14216,14219,14319,0,0,1
14297,14319,14320,0,0,1
14309,14320,14321,0,0,1
14316,14312,14322,0,0,1
14318,14322,14321,0,0,0
14108,14259,14323,0,0,1,947
14193,14323,14324,0,0,1
14191,14324,14325,0,0,1
14189,14325,14326,0,0,1
14187,14326,14327,0,0,1
14328,14327,14329,1,0,1
14298,14329,14262,0,0,0
14276,14061,14330,0,0,1,949
14331,14330,14332,1,0,1
14333,14332,14334,1,0,1
14335,14334,14336,1,0,1
14337,14336,14338,1,0,1
14339,14338,14340,1,0,1
14290,14292,14341,0,0,1,9141
14342,14341,14343,1,0,1
14344,14343,14345,1,0,1
14346,14345,14347,1,0,1
14331,14347,14348,0,0,1
14274,14348,14272,0,0,0
14185,14328,14349,0,0,1,1716
14350,14182,14351,1,0,1
14352,14353,14354,1,1,1
14355,14354,14356,1,0,1
14357,14356,14358,1,0,1
14359,14360,14361,1,1,1
14300,14362,14363,0,1,1
14349,14363,14364,0,0,1
14351,14364,14365,0,0,1
14361,14358,14366,0,0,1
14367,14366,14365,1,0,0
14368,14369,14370,1,1,1,947
14371,14370,14372,1,0,1
14373,14372,14374,1,0,1
14375,14374,14376,1,0,1
14247,14251,14377,0,0,1,9908
14248,14377,14378,0,0,1
14221,14378,14379,0,0,1
14317,14379,14380,0,0,1
14315,14380,14282,0,0,0
14179,14183,14381,0,0,1,180
14382,14180,14383,1,0,1
14353,14383,14384,0,0,1
14350,14384,14381,0,0,0
14094,14177,14385,0,0,1,692
14386,14385,14387,1,0,1
14388,14387,14389,1,0,1
14390,14391,14392,1,1,1
14393,14392,14394,1,0,1
14355,14394,14395,0,0,1
14352,14395,14396,0,0,1
14382,14396,14389,0,0,0
14090,14092,14397,0,0,1,691
1307,14088,14398,0,0,1
14399,14398,14400,1,0,1
14390,14401,14402,0,1,1
14391,14402,14403,0,0,1
14388,14403,14404,0,0,1
14397,14386,14405,0,0,1
14400,14405,14404,0,0,0
14406,1301,14407,1,0,1,947
14408,14407,14409,1,0,1
14410,14409,14411,1,0,1
14412,14411,14413,1,0,1
14414,14413,14415,1,0,1
14416,14415,14417,1,0,1
14418,14417,14419,1,0,1
14399,14420,14421,0,1,1
1304,14421,14422,0,0,1
1305,14422,14419,0,0,0
14367,14362,14423,0,0,1,9908
14359,14423,14424,0,0,1
14425,14360,14426,1,0,1
14304,14426,14427,0,0,1
14302,14427,14424,0,0,0
14428,14335,14429,1,0,1,1717
14430,14431,14432,1,1,1
14339,14432,14433,0,0,1
14337,14433,14429,0,0,0
14344,14346,14434,0,0,1,9142
14435,14436,14437,1,1,1
14333,14438,14439,0,1,1
14434,14439,14437,0,0,0
1298,1302,14440,0,0,1,690
14441,1299,14442,1,0,1
14443,14444,14445,1,1,1
14446,14447,14448,1,1,1
14406,14448,14449,0,0,1
14440,14449,14450,0,0,1
14442,14450,14445,0,0,0
14435,14438,14451,0,0,1,950
14452,14451,14428,1,0,0
14313,14284,14453,0,0,1,9908
14310,14453,14454,0,0,1
14308,14311,14455,0,0,1
14456,14455,14457,1,0,1
14288,14457,14454,0,0,0
14446,14408,14458,0,0,1,691
14443,14447,14459,0,0,1
14460,14459,14461,1,0,1
14416,14418,14462,0,0,1
14412,14414,14463,0,0,1
14458,14410,14464,0,0,1
14461,14464,14465,0,0,1
14462,14465,14463,0,0,0
13709,13431,14466,0,0,1,691
14467,14466,14468,1,0,1
14441,14468,1295,0,0,0
12592,14469,14470,0,1,1,209
12651,14470,14471,0,0,1
12875,14471,12881,0,0,0
12248,12231,14472,0,0,1,5074
14473,14472,14474,1,0,1
14475,14474,14476,1,0,1
1180,14476,14477,1,0,1
14478,14477,14479,1,0,1
14480,14479,14481,1,0,1
12594,1185,14482,0,1,1
12591,14482,14483,0,0,1
14469,14483,14481,0,0,0
1338,1340,14484,0,0,1,722
1332,1336,14485,0,0,1
12223,14485,14486,1,0,1
12225,14486,14487,1,0,1
1178,14487,14488,1,0,1
1177,14488,14489,1,0,1
14475,14489,14490,0,0,1
14473,14490,14491,0,0,1
11910,14491,14492,0,0,1
11908,11911,14493,0,0,1
14484,14493,14494,0,0,1
1335,14494,14492,0,0,0
11515,14495,14496,1,1,1,1746
11113,11519,14497,0,1,1
11109,14497,14498,0,0,1
11617,14498,14499,1,0,1
11620,14499,14500,1,0,1
11623,11619,14501,1,1,1
11723,14501,14502,1,0,1
11682,14502,14503,1,0,1
11884,14503,14504,1,0,1
11169,14504,14505,1,0,1
14506,14505,14507,1,0,1
11477,11463,14508,0,0,1
14509,14508,14510,1,0,1
14496,14510,14511,0,0,1
11517,14511,14512,1,0,1
14500,14512,14507,0,0,0
11211,11215,14513,0,0,1,2258
14514,14513,14509,1,0,0
14515,11120,14516,1,0,1,9941
14517,14515,14518,1,0,1,9940
11212,14518,14519,0,0,1
11015,11224,14520,1,0,1
11017,14520,14521,1,0,1
10594,14521,14522,0,0,1
10944,14522,14523,0,0,1
10949,14523,14524,0,0,1
14516,14524,14519,0,0,0
11115,11118,14525,0,0,1,9940
14495,14525,14526,0,0,1
14514,14526,14517,0,0,0
10603,10605,14527,0,0,1,9942
14528,10601,14529,1,0,1
10680,14529,14530,1,0,1
10936,10683,14531,1,1,1
10938,14531,14532,1,0,1
11034,10940,14533,1,1,1
11260,14533,14534,1,0,1
11107,14534,14535,0,0,1
11104,14535,14536,0,0,1
10946,11102,14537,0,0,1
14527,10943,14538,0,0,1
14530,14538,14539,0,0,1
14532,10684,14540,0,1,1
14536,14540,14541,0,0,1
14537,14541,14539,0,0,0
10330,9513,10344,0,0,0,11063
10341,14542,14543,0,1,1,16437
10681,14543,14544,1,0,1
14528,14544,14545,0,0,1
10077,14545,14546,0,0,1
10084,10078,14547,0,0,1
10074,14547,14548,0,0,1
10075,14548,14546,0,0,0
14549,9511,14550,1,0,1,11062
9894,14550,10329,0,0,0
9515,9517,14551,0,0,1,11062
10343,14551,14542,0,0,0
8940,8942,14552,0,0,1,11063
9896,14552,14549,0,0,0
7028,7580,7026,0,0,0,9016
7139,6951,14553,0,0,1,16440
7137,14553,6954,0,0,0
14554,7024,7583,1,0,0,13112
6704,6949,14555,0,0,1,12344
6363,14555,7141,0,0,0
6953,6929,14556,0,0,1,12344
7135,14556,14557,0,0,1
7133,14557,14558,0,0,1
6357,14558,14559,0,0,1
7585,14559,14560,0,0,1
14554,7582,14561,0,0,1
6932,14561,14562,0,0,1
6928,14562,14560,0,0,0
1062,1065,1369,0,0,1,43920
6796,1369,14563,0,0,1
14564,14565,14566,1,1,1
14567,14566,14568,1,0,1
14569,14568,14570,1,0,1
14571,14572,14573,1,1,1
6799,14573,14574,0,0,1
14570,14563,14575,0,0,1
14576,14575,14577,1,0,1
14578,14577,14574,1,0,0
6706,6708,14579,0,0,1,13112
6947,14579,14580,0,0,1
14581,14580,14582,1,0,1
14583,14582,14584,1,0,1
14585,14584,14586,1,0,1
6527,6530,14587,0,0,1,709
8771,14588,14589,1,1,1
14590,14589,14591,1,0,1
8617,14592,14593,1,1,1
8619,14593,14594,1,0,1
8331,14594,14595,1,0,1
8336,8334,14596,1,1,1
8087,14596,14597,1,0,1
7434,14597,14598,1,0,1
7962,7438,14599,1,1,1
7491,7446,14600,1,1,1
7495,7493,14601,1,1,1
6722,7485,14602,1,1,1
6726,6724,14603,1,1,1
6318,6727,14604,1,1,1
14605,14604,14606,1,0,1
14587,14606,14607,0,0,1
14598,14595,14608,0,0,1
14599,14608,14609,0,0,1
14600,14609,14610,0,0,1
14602,14601,14611,0,0,1
14607,14603,14612,0,0,1
6528,14612,14613,0,0,1
14610,14591,14614,0,0,1
7490,14614,14615,1,0,1
14611,14615,14613,0,0,0
14583,14616,14617,0,1,1,8248
14618,14617,14619,1,0,1
6780,14619,14620,1,0,1
6311,6766,14621,1,1,1
14622,14621,14623,1,0,1
6519,14623,14624,0,0,1
6520,14624,14625,0,0,1
14626,14625,14620,1,0,0
6497,6500,14627,0,0,1,12343
14628,14627,14629,1,0,1
14585,14629,14630,0,0,1
14616,14630,14626,0,0,0
14586,6389,14628,0,0,0,9017
14631,14632,14633,1,1,1,12340
6629,14634,14635,1,1,1
6234,14636,14637,0,1,1
6231,14637,14638,0,0,1
6229,6232,14639,0,0,1
14633,14639,14640,0,0,1
14635,14640,14638,0,0,0
6181,6183,14641,0,0,1,12343
14622,14641,14642,0,0,1
6312,14642,14643,1,0,1
6296,14643,14644,1,0,1
5652,14644,6185,0,0,0
14605,5949,14645,0,0,1,3525
6320,14645,14646,1,0,1
6322,14646,14647,1,0,1
6324,14647,14648,1,0,1
6313,14648,14649,1,0,1
6281,14649,14650,1,0,1
6283,14650,14651,1,0,1
6124,14651,14652,1,0,1
6123,14652,14653,1,0,1
6127,14653,14654,1,0,1
6126,14654,14655,1,0,1
6131,6129,14656,1,1,1
14657,14656,14658,1,0,1
5876,14658,14659,0,0,1
5954,14659,14660,0,0,1
5951,14660,14655,0,0,0
5773,5686,5924,0,0,0,8248
4499,5869,14661,0,0,1,3477
5865,14661,5868,0,0,0
5873,5877,14662,0,0,1,3477
5863,14662,14663,0,0,1
5859,14663,14664,0,0,1
5943,14664,5953,0,0,0
5874,5862,5871,0,0,0,3478
14665,5827,14666,1,0,1,11158
4072,14666,4068,0,0,0
5771,5926,14667,0,0,1,823
5768,14667,14668,0,0,1
5779,5769,14669,0,0,1
769,5777,14670,0,0,1
766,14670,14671,0,0,1
764,14671,14672,0,0,1
14668,762,14673,0,0,1
14669,14673,14672,0,0,0
6176,5921,14674,0,0,1,9016
5653,14674,5688,0,0,0
14636,5583,14675,0,0,1,8244
6628,14675,14676,1,0,1
6634,6631,14677,1,1,1
6639,6636,14678,1,1,1
7710,14678,14679,1,0,1
7617,7627,14680,1,1,1
7619,7616,14681,1,1,1
4816,14681,14682,0,0,1
7114,14682,14683,1,0,1
14684,14683,14685,1,0,1
14686,14685,14687,1,0,1
5586,14687,14688,0,0,1
14677,14676,14689,0,0,1
6633,14689,14690,1,0,1
14680,14679,14691,0,0,1
14688,14691,14690,0,0,0
873,871,14692,1,1,1,8246
5935,14692,14693,1,0,1
5937,14693,14694,1,0,1
5939,14694,14695,1,0,1
14696,884,14697,1,1,1
14698,14697,14699,1,0,1
14700,14699,14701,1,0,1
6191,14702,14703,1,1,1
6190,14703,14704,1,0,1
6668,6193,14705,1,1,1
14632,14705,14706,0,0,1
5421,14706,14707,0,0,1
5419,14707,14708,0,0,1
5841,5844,14709,0,0,1
5610,14709,14710,1,0,1
5611,14710,14711,1,0,1
5544,14711,14712,1,0,1
5546,5543,14713,1,1,1
5550,5548,14714,1,1,1
4743,14714,14715,1,0,1
14708,14704,14716,0,0,1
5847,14716,14717,0,0,1
14712,5843,14718,0,0,1
14715,14713,14719,0,0,1
14695,14719,14720,0,0,1
14717,14701,14721,0,0,1
14718,14721,14720,0,0,0
5460,5393,14722,0,0,1,8246
5458,14722,14723,0,0,1
5456,14723,14724,0,0,1
5550,14724,14725,0,0,1
5546,5548,14726,0,0,1
5544,5543,5545,0,0,0
5610,5611,5609,0,0,1
5843,5844,5845,1,1,1
5847,5845,14727,1,0,1
5416,14727,5850,0,0,0
5417,5850,14728,0,1,1
5413,14728,14729,0,0,1
5545,14726,5549,1,0,0
5609,5549,14730,0,1,1
14729,5841,14731,0,1,1
14725,14731,14730,0,0,0
5390,5379,14732,0,0,1,50
5384,5388,14733,0,0,1,50
4759,14733,14734,0,0,1
14735,14734,14736,1,0,1
5371,5373,14737,0,0,1,8756
1359,1363,14738,0,0,1,2871
1360,14738,14739,0,0,1
8514,14739,14740,1,0,1
8517,14740,14741,1,0,1
8563,14741,14742,1,0,1
8562,14742,14743,1,0,1
8568,8565,14744,1,1,1
9042,14744,14745,1,0,1
9036,14745,14746,1,0,1
7793,14746,14747,1,0,1
8593,7796,14748,1,1,1
8595,14748,14749,1,0,1
7800,8589,14750,1,1,1
8401,14750,14751,1,0,1
8400,14751,14752,1,0,1
8404,14752,14753,1,0,1
8403,14753,14754,1,0,1
7723,8398,14755,1,1,1
7726,7722,14756,1,1,1
7725,14756,14757,1,0,1
7720,7716,14758,1,1,1
7805,7719,14759,1,1,1
7463,14759,14760,0,0,1
5326,14760,14761,0,0,1
1365,5323,14762,0,0,1
1362,14762,14763,0,0,1
14743,14763,14764,0,0,1
14749,14747,14765,0,0,1
14754,8590,14766,0,1,1
14755,14766,14767,0,0,1
14757,14767,14768,0,0,1
14761,14758,14769,0,0,1
14768,14765,14770,0,0,1
14769,7717,14771,0,1,1
14764,14771,14770,0,0,0
14772,14773,14774,1,1,1,28722
14775,14776,14777,1,1,1
14778,14777,14779,1,0,1
14780,14779,14781,1,0,1
4802,14781,14782,0,0,1
4799,14782,14783,0,0,1
4797,14783,14784,0,0,1
4792,14784,14785,0,0,1
14786,14785,14774,1,0,0
4760,4749,14787,0,0,1,51
5385,14787,14788,0,0,1
5517,14788,14789,1,0,1
5594,14789,14790,1,0,1
5523,5596,14791,1,1,1
5568,14791,14792,0,0,1
5566,14792,14793,0,0,1
5563,14793,14794,0,0,1
5590,5564,14795,0,0,1
5561,14795,14796,0,0,1
5588,5559,14797,0,0,1
14798,14797,14799,1,0,1
4805,14799,14800,0,0,1
4801,14800,14801,0,0,1
14780,14801,14802,0,0,1
14778,14802,14803,0,0,1
14775,14803,14804,0,0,1
14772,14776,14805,0,0,1
14786,14773,14806,0,0,1
14790,14806,14807,0,0,1
14794,14807,14808,0,0,1
14796,14808,14809,0,0,1
5558,14809,14810,0,0,1
14804,14810,14805,0,0,0
7117,14684,14811,1,0,1,51
7116,14811,14812,1,0,1
7120,14812,14813,1,0,1
7122,7119,14814,1,1,1
7124,14814,14815,1,0,1
4807,7110,14816,0,1,1
14798,14816,14817,0,0,1
14686,14817,14818,0,0,1
14813,14818,14815,0,0,0
4701,4703,14819,0,0,1,919
4697,4699,14820,0,0,1
1423,14820,14821,0,0,1
1074,14821,14822,0,0,1
14823,14822,14819,1,0,0
14824,14825,14826,1,1,1,918
6118,14827,14828,1,1,1
6240,14828,14829,1,0,1
6440,6576,14830,1,1,1
6442,6439,14831,1,1,1
6589,6538,14832,1,1,1
6540,14832,14833,1,0,1
6330,14833,14834,1,0,1
6331,14834,14835,1,0,1
5993,14835,14836,1,0,1
14837,14836,14838,1,0,1
4695,14839,14840,0,1,1
4693,14840,14841,0,0,1
14826,14841,14842,0,0,1
14830,14829,14843,0,0,1
14831,14843,14844,0,0,1
6433,14844,14845,1,0,1
14838,6432,14846,0,1,1
14842,14846,14845,0,0,0
14837,14839,14847,0,0,1,1686
5983,14847,14848,1,0,1
5831,14848,14849,0,0,1
5829,14849,14850,0,0,1
14851,14850,4625,1,0,0
14852,4562,14853,1,0,1,12340
14854,14853,14855,1,0,1
14856,14855,4549,1,0,0
14857,14858,14859,1,1,1,12340
4554,14859,4551,0,0,0
14856,14860,14861,0,1,1,8244
14854,14861,14862,0,0,1
4543,14852,14863,0,0,1
14864,4541,14865,1,0,1
4451,14865,14866,1,0,1
4453,14866,14867,1,0,1
4531,4456,14868,1,1,1
4467,4533,14869,1,1,1
4766,14869,14870,1,0,1
5377,14870,14871,0,0,1
5375,14871,14872,0,0,1
14873,14872,14874,1,0,1
14857,14874,14875,0,0,1
14858,14875,14876,0,0,1
14877,14876,14878,1,0,1
14862,14878,14879,0,0,1
14867,14863,14880,0,0,1
14868,14880,14879,0,0,0
14860,4548,14877,0,0,0,8244
14737,14873,14881,0,0,1,8244
14882,14881,14883,1,0,1
14732,14884,14885,0,1,1
14886,14885,14887,1,0,1
14736,14888,14889,0,1,1
14735,14889,14890,0,0,1
4757,14890,14891,0,0,1
4441,14891,14892,1,0,1
4397,4546,14893,1,1,1
4611,14893,14894,1,0,1
14895,14896,14897,1,1,1
4556,14898,14899,0,1,1
4553,14899,14900,0,0,1
14883,14900,14901,0,0,1
14887,14901,14902,0,0,1
14892,14902,14903,0,0,1
14894,14903,14897,0,0,0
14882,14884,14904,0,0,1,8244
5369,14904,5378,0,0,0
14886,14888,5387,0,0,0,8244
4501,4504,14905,0,0,1,3478
5886,14905,14906,0,0,1
5883,14906,14907,0,0,1
5881,5884,14908,0,0,1
14657,5879,14909,0,0,1
6119,14909,14910,1,0,1
14827,14910,14911,0,0,1
14824,14911,14912,0,0,1
4507,14825,14913,0,0,1
4503,14913,14914,0,0,1
14908,14907,14915,0,0,1
14912,14915,14914,0,0,0
4354,14916,14917,1,1,1,12372
14918,14917,14919,1,0,1
4447,14920,14921,1,1,1
14864,4449,14922,0,1,1
4371,14922,14923,0,0,1
4368,14923,14924,0,0,1
14919,14924,14921,0,0,0
4228,4051,14925,1,0,1,8341
4422,14925,14926,1,0,1
4313,4477,14927,1,1,1
4315,14927,14928,1,0,1
4317,14928,14929,1,0,1
14930,4306,14931,1,1,1
4126,14931,14932,0,0,1
4123,14932,14933,0,0,1
14926,4124,14934,0,0,1
14929,14934,14933,0,0,0
5826,14851,4069,0,0,0,2966
14935,4067,14936,1,0,1,596
4059,4061,3889,0,0,0,12437
4053,4055,14937,0,0,1,12437
4129,4050,14938,0,0,1
3897,14938,14939,0,0,1
3893,14939,14937,0,0,0
4021,14935,14940,0,0,1,8789
4027,14940,14941,0,0,1
14930,14941,14942,0,0,1
4305,14942,14943,1,0,1
4309,14943,14944,1,0,1
4355,14944,14945,1,0,1
14916,14945,14946,0,0,1
14947,14946,14936,1,0,0
4369,14947,14948,0,0,1,8789
4037,14948,14949,1,0,1
3921,14949,4064,1,0,0
3345,3948,14950,0,0,1,41776
3346,14950,14951,0,0,1
3343,14951,14952,0,0,1
3341,14952,14953,0,0,1
3338,14953,14954,0,0,1
14955,14956,14957,1,1,1
14958,14957,14959,1,0,1
14960,14959,14961,1,0,1
3952,14961,14954,0,0,0
14962,14956,14963,1,0,1,41776
14964,14963,14965,1,0,1
14966,14965,14955,1,0,0
4063,14967,14968,0,1,1,8342
3887,14968,3885,0,0,0
3894,4057,3891,0,0,0,8342
14969,14970,3869,1,1,0,41104
14971,3878,14972,1,0,1,41104
3609,14972,14973,1,0,1
3611,14973,14974,1,0,1
14975,14974,3867,1,0,0
3798,3740,14976,0,0,1,150
3737,14976,14977,0,0,1
4085,14977,14978,0,0,1
5599,4081,14979,1,0,1
4074,14979,14980,0,0,1
4071,14980,14981,0,0,1
14665,14981,14978,0,0,0
3446,3709,14982,0,0,1,8854
3444,3447,14983,0,0,1
3958,14983,14984,1,0,1
4179,14984,14985,1,0,1
4209,14985,14986,1,0,1
4281,4208,14987,1,1,1
4283,14987,14988,1,0,1
4048,14988,14989,0,0,1
14967,14989,14990,0,0,1
3710,14990,14991,0,0,1
14982,14991,14986,0,0,0
14975,14992,14993,0,1,1,151
3612,14993,14994,1,0,1
3031,3597,14995,1,1,1
442,14995,14996,0,0,1
378,14996,14997,0,0,1
3521,14997,14998,0,0,1
14969,14998,14999,0,0,1
14970,14999,14994,0,0,0
3870,14992,3866,0,0,0,151
3502,3506,15000,0,0,1,151
3499,3503,15001,0,0,1
1412,3500,15002,0,0,1
5315,15002,15003,1,0,1
4645,15003,15004,1,0,1
4647,15004,15005,1,0,1
4352,4323,15006,1,1,1
4001,4353,15007,1,1,1
4205,15007,15008,1,0,1
4011,15008,15009,1,0,1
3605,15009,15010,1,0,1
14971,3607,15011,0,1,1
15000,15011,15012,0,0,1
15001,15012,15013,0,0,1
15005,15013,15014,0,0,1
4633,15014,15015,1,0,1
15006,15015,15010,0,0,0
3335,3339,15016,0,0,1,823
3333,3336,15017,0,0,1
3329,3331,15018,0,0,1
1072,14823,15019,0,0,1
5321,15019,15020,0,0,1
664,5349,15021,0,0,1
661,15021,15022,0,0,1
658,15022,15023,0,0,1
655,659,15024,0,0,1
653,656,15025,0,0,1
650,15025,15026,0,0,1
773,651,15027,0,0,1
648,15027,15028,0,0,1
646,15028,15029,0,0,1
644,15029,15030,0,0,1
3590,15030,15031,1,0,1
3592,15031,15032,1,0,1
3125,15032,15033,0,0,1
3123,15033,15034,0,0,1
3121,15034,15035,0,0,1
3117,3119,15036,0,0,1
3954,15036,15037,0,0,1
3955,15037,15038,0,0,1
3951,15038,15039,0,0,1
14966,15040,15041,0,1,1
15016,14962,15042,0,0,1
15018,15017,15043,0,0,1
15020,15043,15044,0,0,1
5348,15044,15045,0,0,1
15023,15045,15046,0,0,1
15024,15046,15047,0,0,1
15035,15026,15048,0,0,1
15041,15039,15049,0,0,1
14964,15049,15050,0,0,1
15042,15050,15051,0,0,1
15047,15051,15048,0,0,0
3113,3949,3348,0,0,0,823
14958,14960,15040,0,0,0,823
1454,3272,15052,0,0,1,41616
1451,15052,15053,0,0,1
1449,1452,15054,0,0,1
3274,15054,15053,0,0,0
1447,3277,1444,0,0,0,41616
3004,3014,15055,1,0,1,3383
3006,15055,15056,1,0,1
163,15056,15057,1,0,1
3352,15058,15059,0,1,1
3350,3353,15060,0,0,1
3111,15060,15061,0,0,1
3108,15061,15062,0,0,1
3109,15062,15063,0,0,1
3019,3151,15064,0,0,1
3016,15064,15065,0,0,1
15057,15065,15066,0,0,1
15059,15066,15063,0,0,0
3021,3009,15067,0,0,1,3382
3018,15067,15068,0,0,1
3149,15068,15069,0,0,1
3146,15069,15070,0,0,1
3163,3147,15071,0,0,1
3144,15071,15072,0,0,1
223,3142,15073,0,0,1
314,15073,15074,0,0,1
3008,15074,15075,0,0,1
15070,15075,15072,0,0,0
2758,236,15076,1,0,1,662
2760,15076,15077,1,0,1
2751,15077,15078,1,0,1
232,2754,15079,0,1,1
3132,3261,15080,0,1,1
1429,15080,15081,0,0,1
1615,1424,15082,0,0,1
1613,15082,15083,0,0,1
1609,1611,15084,0,0,1
15078,240,15085,0,0,1
2750,15085,15086,1,0,1
15081,230,15087,0,0,1
15083,1427,15088,0,0,1
15086,15084,15089,0,0,1
15087,15079,15090,0,0,1
15088,15090,15089,0,0,0
67,70,15091,0,0,1,3478
3187,15091,15092,0,0,1
1498,15092,15093,0,0,1
1533,15093,69,0,0,0