0,1,2,1,1,1,46320
3,4,5,1,1,1
6,5,7,1,0,1
8,7,9,1,0,1
10,9,11,1,0,1
12,13,14,1,1,1
15,16,17,1,1,1
18,19,20,1,1,1
21,22,23,1,1,1
24,23,25,1,0,1
26,27,28,1,1,1
29,30,31,1,1,1
32,33,34,1,1,1
35,34,36,1,0,1
37,38,39,1,1,1
40,39,41,1,0,1
42,41,43,1,0,1
44,43,45,1,0,1
46,47,48,1,1,1
49,50,51,1,1,1
52,53,54,1,1,1
55,54,56,1,0,1
57,58,59,1,1,1
60,59,61,1,0,1
62,61,63,1,0,1
64,65,66,1,1,1
67,68,69,1,1,1
70,69,71,1,0,1
72,71,73,1,0,1
74,73,75,1,0,1
76,75,77,1,0,1
78,77,79,1,0,1
80,79,81,1,0,1
82,81,83,1,0,1
84,83,85,1,0,1
86,87,88,1,1,1
89,88,90,1,0,1
91,92,93,1,1,1
94,93,95,1,0,1
96,97,98,1,1,1
99,100,101,1,1,1
102,103,104,1,1,1
105,104,106,1,0,1
107,108,109,1,1,1
110,109,111,1,0,1
112,113,114,1,1,1
115,116,117,1,1,1
118,117,119,1,0,1
120,121,122,1,1,1
123,124,125,1,1,1
126,125,127,1,0,1
128,129,130,1,1,1
131,132,133,1,1,1
134,133,135,1,0,1
136,137,138,1,1,1
139,138,140,1,0,1
141,142,143,1,1,1
144,145,146,1,1,1
147,146,148,1,0,1
149,148,150,1,0,1
151,150,152,1,0,1
153,152,154,1,0,1
155,156,157,1,1,1
158,157,159,1,0,1
160,159,161,1,0,1
162,161,163,1,0,1
164,163,165,1,0,1
166,165,167,1,0,1
168,169,170,1,1,1
171,170,172,1,0,1
173,172,174,1,0,1
175,176,177,1,1,1
178,179,180,1,1,1
181,180,182,1,0,1
183,184,185,1,1,1
186,187,188,1,1,1
189,190,191,1,1,1
192,193,194,1,1,1
195,194,196,1,0,1
197,196,198,1,0,1
199,198,200,1,0,1
201,200,202,1,0,1
203,204,205,1,1,1
206,205,207,1,0,1
208,207,209,1,0,1
210,211,212,1,1,1
213,214,215,1,1,1
216,217,218,1,1,1
219,218,220,1,0,1
221,222,223,1,1,1
224,223,225,1,0,1
226,227,228,1,1,1
229,228,230,1,0,1
231,232,233,1,1,1
234,235,236,1,1,1
237,236,238,1,0,1
239,240,241,1,1,1
242,241,243,1,0,1
244,243,245,1,0,1
2,245,246,0,0,1
247,246,248,1,0,1
14,11,249,0,0,1
250,249,251,1,0,1
252,251,253,1,0,1
17,253,254,0,0,1
20,254,255,0,0,1
25,255,256,0,0,1
31,257,258,0,1,1
45,259,260,0,1,1
261,260,262,1,0,1
48,262,263,0,0,1
51,263,264,0,0,1
63,265,266,0,1,1
66,267,268,0,1,1
85,268,269,0,0,1
90,269,270,0,0,1
271,270,272,1,0,1
106,101,273,0,0,1
111,274,275,0,1,1
119,114,276,0,0,1
130,127,277,0,0,1
135,277,278,0,0,1
279,278,280,1,0,1
143,140,281,0,0,1
154,281,282,0,0,1
283,282,284,1,0,1
167,285,286,0,1,1
182,177,287,0,0,1
185,287,288,0,0,1
202,191,289,0,0,1
209,289,290,0,0,1
212,290,291,0,0,1
215,291,292,0,0,1
220,293,294,0,1,1
230,225,295,0,0,1
296,295,297,1,0,1
233,297,298,0,0,1
238,298,299,0,0,1
300,299,301,1,0,1
248,302,303,0,1,1
256,304,305,0,1,1
264,36,306,0,0,1
272,266,307,0,0,1
95,307,308,0,0,1
276,275,309,0,0,1
280,310,311,0,1,1
312,311,313,1,0,1
284,314,315,0,1,1
286,315,316,0,0,1
292,188,317,0,0,1
301,318,319,0,1,1
305,303,320,0,0,1
28,320,321,0,0,1
258,321,322,0,0,1
306,322,323,0,0,1
308,324,325,0,1,1
313,326,327,0,1,1
316,327,328,0,0,1
317,288,329,0,0,1
319,294,330,0,0,1
323,330,331,0,0,1
325,56,332,0,0,1
333,332,334,1,0,1
98,334,335,0,0,1
273,335,336,0,0,1
309,336,337,0,0,1
122,337,338,0,0,1
328,339,340,0,1,1
341,340,342,1,0,1
329,343,344,0,1,1
338,331,345,0,0,1
342,345,346,0,0,1
174,346,344,0,0,0
347,348,349,1,1,1,50416
350,349,351,1,0,1
352,351,353,1,0,1
354,353,355,1,0,1
356,355,357,1,0,1
358,357,359,1,0,1
360,359,361,1,0,1
362,361,363,1,0,1
364,363,365,1,0,1
366,365,367,1,0,1
368,369,370,1,1,1
371,372,373,1,1,1
374,375,376,1,1,1
377,376,378,1,0,1
379,380,381,1,1,1
382,381,383,1,0,1
384,385,386,1,1,1
387,386,388,1,0,1
389,390,391,1,1,1
392,393,394,1,1,1
395,396,397,1,1,1
398,397,399,1,0,1
400,399,401,1,0,1
402,401,403,1,0,1
404,405,406,1,1,1
407,406,408,1,0,1
409,408,410,1,0,1
411,412,413,1,1,1
414,415,416,1,1,1
417,418,419,1,1,1
420,419,421,1,0,1
422,421,423,1,0,1
424,423,425,1,0,1
426,425,427,1,0,1
428,427,429,1,0,1
430,429,431,1,0,1
432,431,433,1,0,1
434,435,436,1,1,1
437,438,439,1,1,1
440,439,441,1,0,1
442,441,443,1,0,1
444,443,445,1,0,1
446,445,447,1,0,1
448,447,449,1,0,1
450,449,451,1,0,1
452,451,453,1,0,1
454,455,456,1,1,1
457,456,458,1,0,1
459,460,461,1,1,1
462,463,464,1,1,1
465,464,466,1,0,1
467,468,469,1,1,1
470,471,472,1,1,1
473,474,475,1,1,1
476,477,478,1,1,1
479,480,481,1,1,1
482,481,483,1,0,1
484,485,486,1,1,1
487,488,489,1,1,1
490,489,491,1,0,1
492,493,494,1,1,1
495,496,497,1,1,1
498,499,500,1,1,1
501,500,502,1,0,1
503,502,504,1,0,1
505,504,506,1,0,1
507,506,508,1,0,1
509,508,510,1,0,1
511,510,512,1,0,1
513,512,514,1,0,1
515,514,516,1,0,1
517,518,519,1,1,1
520,519,521,1,0,1
522,521,523,1,0,1
524,525,526,1,1,1
527,528,529,1,1,1
530,531,532,1,1,1
533,534,535,1,1,1
536,535,537,1,0,1
538,537,539,1,0,1
540,539,541,1,0,1
542,543,544,1,1,1
545,546,547,1,1,1
548,547,549,1,0,1
550,551,552,1,1,1
553,552,554,1,0,1
555,556,557,1,1,1
558,559,560,1,1,1
561,560,562,1,0,1
563,564,565,1,1,1
566,567,568,1,1,1
569,568,570,1,0,1
571,570,572,1,0,1
573,572,574,1,0,1
575,574,576,1,0,1
577,576,578,1,0,1
579,578,580,1,0,1
581,580,582,1,0,1
583,582,584,1,0,1
585,586,587,1,1,1
588,587,589,1,0,1
590,589,591,1,0,1
592,593,594,1,1,1
595,594,596,1,0,1
597,598,599,1,1,1
600,599,601,1,0,1
602,601,603,1,0,1
604,603,605,1,0,1
606,605,607,1,0,1
608,607,609,1,0,1
610,609,611,1,0,1
612,611,613,1,0,1
614,615,616,1,1,1
617,618,619,1,1,1
620,621,622,1,1,1
623,622,624,1,0,1
625,624,626,1,0,1
627,626,628,1,0,1
629,630,631,1,1,1
632,633,634,1,1,1
635,634,636,1,0,1
637,638,639,1,1,1
640,639,641,1,0,1
642,641,643,1,0,1
644,643,645,1,0,1
646,647,648,1,1,1
649,648,650,1,0,1
651,650,652,1,0,1
653,654,655,1,1,1
656,655,657,1,0,1
658,659,660,1,1,1
661,662,663,1,1,1
664,665,666,1,1,1
667,668,669,1,1,1
670,669,671,1,0,1
672,671,673,1,0,1
674,675,676,1,1,1
677,678,679,1,1,1
680,679,681,1,0,1
682,681,683,1,0,1
684,685,686,1,1,1
687,688,689,1,1,1
690,691,692,1,1,1
693,694,695,1,1,1
696,697,698,1,1,1
699,700,701,1,1,1
702,701,703,1,0,1
704,705,706,1,1,1
707,708,709,1,1,1
710,709,711,1,0,1
712,711,713,1,0,1
714,713,715,1,0,1
716,715,717,1,0,1
718,717,719,1,0,1
720,719,721,1,0,1
722,723,724,1,1,1
725,724,726,1,0,1
727,728,729,1,1,1
730,729,731,1,0,1
732,731,733,1,0,1
734,735,736,1,1,1
737,738,739,1,1,1
740,741,742,1,1,1
743,744,745,1,1,1
746,747,748,1,1,1
749,748,750,1,0,1
751,750,752,1,0,1
753,752,754,1,0,1
367,754,755,0,0,1
370,755,756,0,0,1
373,756,757,0,0,1
758,757,759,1,0,1
760,759,761,1,0,1
378,761,762,0,0,1
763,762,764,1,0,1
383,764,765,0,0,1
766,765,767,1,0,1
388,767,768,0,0,1
769,768,770,1,0,1
391,770,771,0,0,1
410,772,773,0,1,1
413,773,774,0,0,1
416,774,775,0,0,1
433,775,776,0,0,1
436,776,777,0,0,1
778,777,779,1,0,1
458,453,780,0,0,1
461,780,781,0,0,1
472,469,782,0,0,1
475,782,783,0,0,1
516,497,784,0,0,1
523,784,785,0,0,1
786,785,787,1,0,1
526,787,788,0,0,1
532,529,789,0,0,1
541,789,790,0,0,1
549,544,791,0,0,1
584,565,792,0,0,1
591,793,794,0,1,1
596,794,795,0,0,1
796,795,797,1,0,1
613,797,798,0,0,1
619,616,799,0,0,1
628,799,800,0,0,1
636,801,802,0,1,1
645,802,803,0,0,1
652,804,805,0,1,1
657,805,806,0,0,1
660,807,808,0,1,1
683,676,809,0,0,1
810,809,811,1,0,1
812,811,813,1,0,1
686,813,814,0,0,1
692,689,815,0,0,1
695,815,816,0,0,1
698,816,817,0,0,1
818,817,819,1,0,1
706,703,820,0,0,1
721,820,821,0,0,1
733,726,822,0,0,1
736,822,823,0,0,1
739,823,824,0,0,1
742,824,825,0,0,1
745,825,826,0,0,1
781,779,827,0,0,1
783,828,829,0,1,1
830,829,831,1,0,1
788,494,832,0,0,1
833,832,834,1,0,1
792,562,835,0,0,1
836,835,837,1,0,1
798,837,838,0,0,1
800,838,839,0,0,1
631,839,840,0,0,1
803,841,842,0,1,1
843,842,844,1,0,1
806,844,845,0,0,1
808,845,846,0,0,1
814,673,847,0,0,1
848,847,849,1,0,1
821,819,850,0,0,1
851,850,852,1,0,1
826,852,853,0,0,1
827,403,854,0,0,1
855,854,856,1,0,1
466,856,857,0,0,1
831,857,858,0,0,1
834,859,860,0,1,1
840,557,861,0,0,1
846,861,862,0,0,1
663,862,863,0,0,1
853,849,864,0,0,1
858,394,865,0,0,1
860,491,866,0,0,1
863,554,867,0,0,1
666,867,868,0,0,1
864,869,870,0,1,1
771,870,871,0,0,1
865,872,873,0,1,1
874,873,875,1,0,1
876,875,877,1,0,1
878,877,879,1,0,1
478,879,880,0,0,1
866,486,881,0,0,1
790,881,882,0,0,1
868,791,883,0,0,1
871,883,884,0,0,1
882,483,885,0,0,1
884,886,887,0,1,1
888,887,889,1,0,1
885,880,890,0,0,1
891,890,892,1,0,1
893,892,889,1,0,0
894,895,896,1,1,1,9462
897,896,898,1,0,1
899,900,901,1,1,1
902,901,903,1,0,1
904,903,905,1,0,1
906,905,907,1,0,1
908,909,910,1,1,1
911,910,912,1,0,1
913,912,914,1,0,1
915,914,916,1,0,1
917,918,919,1,1,1
920,921,922,1,1,1
898,922,923,0,0,1
907,923,924,0,0,1
916,924,919,0,0,0
925,926,927,1,1,1,9461
928,927,929,1,0,1
930,931,932,1,1,1
933,932,934,1,0,1
935,934,936,1,0,1
937,936,938,1,0,1
939,938,940,1,0,1
941,940,942,1,0,1
943,942,944,1,0,1
945,944,946,1,0,1
947,946,948,1,0,1
949,948,929,1,0,0
950,951,952,1,1,1,50176
953,952,954,1,0,1
955,954,956,1,0,1
957,956,958,1,0,1
959,958,960,1,0,1
961,960,962,1,0,1
963,962,964,1,0,1
965,966,967,1,1,1
968,969,970,1,1,1
971,970,972,1,0,1
973,972,974,1,0,1
975,974,976,1,0,1
977,976,978,1,0,1
979,980,981,1,1,1
982,981,983,1,0,1
984,983,985,1,0,1
986,987,988,1,1,1
989,988,990,1,0,1
991,990,992,1,0,1
993,992,994,1,0,1
995,994,996,1,0,1
997,996,998,1,0,1
999,998,1000,1,0,1
1001,1000,1002,1,0,1
1003,1002,1004,1,0,1
1005,1004,1006,1,0,1
503,505,1007,0,0,1
417,1008,1009,0,1,1
414,418,1010,0,0,1
411,415,1011,0,0,1
409,412,1012,0,0,1
407,1012,1013,0,0,1
1014,1015,1016,1,1,1
1017,1016,1018,1,0,1
1019,1020,1021,1,1,1
1022,1021,1023,1,0,1
1024,1023,1025,1,0,1
1026,1025,1027,1,0,1
964,1028,1029,0,1,1
978,967,1030,0,0,1
1031,1030,1032,1,0,1
1006,985,1033,0,0,1
1007,1033,1034,0,0,1
501,1034,1035,0,0,1
1009,1035,1036,0,0,1
1010,1036,1037,0,0,1
1011,1037,1038,0,0,1
1013,1038,1039,0,0,1
1018,1039,1040,0,0,1
1027,1040,1041,0,0,1
1029,1041,1032,0,0,0
1042,1043,1044,1,1,1,9461
1045,1044,1046,1,0,1
1047,1048,1049,1,1,1
1050,1049,1051,1,0,1
1052,1053,1054,1,1,1
1055,1054,1056,1,0,1
1057,1056,1058,1,0,1
1059,1060,1061,1,1,1
1062,1061,1063,1,0,1
1064,1065,1066,1,1,1
1067,1066,1068,1,0,1
1069,1068,1070,1,0,1
1071,1072,1073,1,1,1
1074,1073,1075,1,0,1
1076,1075,1077,1,0,1
1078,1077,1079,1,0,1
1080,1079,1081,1,0,1
1082,1081,1083,1,0,1
1084,1085,1086,1,1,1
1087,1088,1089,1,1,1
1090,1089,1091,1,0,1
1092,1091,1093,1,0,1
1094,1095,1096,1,1,1
1097,1096,1098,1,0,1
160,1099,1100,0,1,1
158,1100,1101,0,0,1
285,156,1102,0,0,1
283,1102,1103,0,0,1
153,1103,1104,0,0,1
151,1104,1105,0,0,1
149,1105,1106,0,0,1
1107,147,1108,1,0,1
1109,1108,1110,1,0,1
1111,1112,1113,1,1,1
1046,1114,1115,0,1,1
1116,1115,1117,1,0,1
1051,1117,1118,0,0,1
1063,1058,1119,0,0,1
1083,1070,1120,0,0,1
1086,1120,1121,0,0,1
1093,1121,1122,0,0,1
1098,1122,1123,0,0,1
1101,1123,1124,0,0,1
155,1124,1125,0,0,1
1106,1125,1126,0,0,1
1110,1126,1127,0,0,1
1113,1127,1128,0,0,1
1118,1128,1119,0,0,0
8,1129,1130,0,1,1,21748
6,1130,1131,0,0,1
3,1131,1132,0,0,1
304,4,1133,0,0,1
247,1133,1134,0,0,1
0,1134,1132,0,0,0
1135,1136,1137,1,1,1,21749
1138,1137,1139,1,0,1
250,1140,1141,0,1,1
12,1141,1142,0,0,1
13,1142,1139,0,0,0
1143,1144,1145,1,1,1,9463
1146,1145,1147,1,0,1
1148,1147,1149,1,0,1
1150,1149,1151,1,0,1
1152,1151,1153,1,0,1
1154,1153,1155,1,0,1
1156,1155,1157,1,0,1
1158,1159,1160,1,1,1
1161,1162,1163,1,1,1
16,1163,1164,0,0,1
252,1164,1165,0,0,1
1140,1165,1166,0,0,1
1138,1166,1167,0,0,1
1135,1167,1168,0,0,1
1157,1168,1160,0,0,0
1169,1170,1171,1,1,1,9460
1172,1173,1174,1,1,1
1175,1176,1177,1,1,1
1178,1177,1179,1,0,1
1180,1179,1181,1,0,1
1182,1181,1183,1,0,1
1184,1183,1185,1,0,1
1186,1185,1187,1,0,1
1188,1187,1189,1,0,1
1190,1191,1192,1,1,1
1193,1192,1194,1,0,1
1148,1194,1195,0,0,1
1146,1195,1196,0,0,1
1143,1196,1197,0,0,1
1171,1197,1198,0,0,1
1199,1198,1200,1,0,1
1174,1200,1189,0,0,0
1201,1202,1203,1,1,1,1267
1173,1203,1204,0,0,1
1199,1204,1169,0,0,0
1176,1205,1206,0,1,1,9461
1172,1206,1201,0,0,0
1207,1208,1209,1,1,1,9461
1180,1209,1178,0,0,0
1210,1211,1212,1,1,1,46320
1213,1212,1214,1,0,1
1215,1214,1216,1,0,1
1217,1218,1219,1,1,1
1220,1221,1222,1,1,1
1223,1224,1225,1,1,1
1226,1225,1227,1,0,1
1228,1227,1229,1,0,1
1230,1229,1231,1,0,1
1232,1231,1233,1,0,1
1182,1234,1235,0,1,1
1207,1235,1236,0,0,1
1216,1236,1237,0,0,1
1219,1237,1238,0,0,1
1239,1238,1240,1,0,1
1222,1240,1233,0,0,0
1224,1241,1242,0,1,1,21749
1220,1242,1243,0,0,1
1221,1243,1244,0,0,1
1217,1239,1245,0,0,1
1215,1218,1246,0,0,1
1213,1246,1247,0,0,1
1244,1210,1248,0,0,1
1245,1248,1247,0,0,0
1249,1250,1251,1,1,1,21749
1252,1253,1254,1,1,1
1230,1254,1255,0,0,1
1228,1255,1256,0,0,1
1226,1256,1251,0,0,0
1257,1258,1259,1,1,1,9462
1260,1259,1261,1,0,1
1262,1261,1263,1,0,1
1264,1263,1265,1,0,1
1266,1265,1267,1,0,1
1253,1267,1249,0,0,0
1268,1269,1270,1,1,1,46320
1271,1270,1257,1,0,0
1272,1273,1274,1,1,1,50416
1275,1274,1276,1,0,1
1277,1276,1278,1,0,1
1279,1278,1280,1,0,1
1281,1280,1282,1,0,1
1283,1284,1285,1,1,1
1286,1287,1288,1,1,1
1289,1288,1290,1,0,1
1291,1290,1292,1,0,1
1293,1294,1295,1,1,1
1296,1295,1297,1,0,1
1298,1297,1299,1,0,1
1300,1299,1301,1,0,1
1302,1303,1304,1,1,1
1305,1306,1307,1,1,1
1308,1307,1309,1,0,1
1310,1311,1312,1,1,1
1313,1312,1314,1,0,1
1315,1314,1316,1,0,1
1317,1316,1318,1,0,1
1319,1320,1321,1,1,1
1322,1323,1324,1,1,1
1325,1324,1326,1,0,1
1327,1328,1329,1,1,1
900,1329,1330,0,0,1
894,897,1331,0,0,1
1332,1333,1334,1,1,1
1335,1334,1336,1,0,1
1337,1338,1339,1,1,1
1340,1341,1342,1,1,1
53,1342,1343,0,0,1
49,1343,1344,0,0,1
1345,1344,1346,1,0,1
1347,1346,1348,1,0,1
1349,1348,1350,1,0,1
1351,1350,1352,1,0,1
1353,1352,1354,1,0,1
1355,1354,1356,1,0,1
1357,1356,1358,1,0,1
1359,1358,1360,1,0,1
1361,1362,1363,1,1,1
1364,1365,1366,1,1,1
1264,1367,1368,0,1,1
1260,1262,1369,0,0,1
1271,1369,1370,0,0,1
1282,1371,1372,0,1,1
1285,1372,1373,0,0,1
1292,1373,1374,0,0,1
1301,1374,1375,0,0,1
1376,1375,1377,1,0,1
1304,1377,1378,0,0,1
1309,1379,1380,0,1,1
1321,1318,1381,0,0,1
1331,1330,1382,0,0,1
895,1382,1383,0,0,1
1336,1384,1385,0,1,1
1360,1386,1387,0,1,1
1363,1387,1388,0,0,1
1389,1388,1390,1,0,1
1366,1390,1391,0,0,1
1368,1391,1392,0,0,1
1378,1393,1394,0,1,1
1380,1394,1395,0,0,1
1385,920,1396,0,0,1
1392,1339,1397,0,0,1
1370,1397,1398,0,0,1
1395,1268,1399,0,0,1
1381,1399,1400,0,0,1
1326,1400,1401,0,0,1
1396,1383,1402,0,0,1
1398,1402,1401,0,0,0
1403,1404,1405,1,1,1,1266
1406,1405,1407,1,0,1
1408,1407,1371,1,0,0
1409,1410,1411,1,1,1,1267
1412,1411,1413,1,0,1
1414,1413,1415,1,0,1
1416,1415,1417,1,0,1
1418,1417,1419,1,0,1
1272,1419,1420,0,0,1
1408,1273,1421,0,0,1
1403,1406,1422,0,0,1
1420,1422,1421,0,0,0
1423,1424,1425,1,1,1,1268
1426,1427,1428,1,1,1
1429,1430,1431,1,1,1
1432,1431,1433,1,0,1
1434,1433,1435,1,0,1
1409,1435,1436,0,0,1
1425,1436,1428,0,0,0
1437,1438,1439,1,1,1,1269
1440,1439,1441,1,0,1
1426,1430,1442,0,0,1
1423,1427,1443,0,0,1
1441,1443,1442,0,0,0
1444,1445,1446,1,1,1,9461
1447,1446,1448,1,0,1
1449,1448,1450,1,0,1
1451,1450,1452,1,0,1
1453,1452,1454,1,0,1
1455,1456,1457,1,1,1
1458,1457,1459,1,0,1
1460,1459,1461,1,0,1
1429,1462,1463,0,1,1
1440,1463,1464,0,0,1
1454,1437,1465,0,0,1
1461,1465,1464,0,0,0
1466,1467,1468,1,1,1,9462
1469,1468,1470,1,0,1
1471,1470,1472,1,0,1
1473,1472,1474,1,0,1
1475,1476,1477,1,1,1
1456,1477,1478,0,0,1
1453,1478,1479,0,0,1
1451,1479,1480,0,0,1
1449,1480,1481,0,0,1
1447,1481,1482,0,0,1
1444,1482,1474,0,0,0
1483,1484,1485,1,1,1,1271
1486,1485,1487,1,0,1
1488,1487,1489,1,0,1
1490,1491,1492,1,1,1
1493,1492,1494,1,0,1
1495,1496,1497,1,1,1
1498,1499,1500,1,1,1
1501,1500,1502,1,0,1
1503,1504,1505,1,1,1
1506,1507,1508,1,1,1
1509,1508,1510,1,0,1
1511,1512,1513,1,1,1
1514,1513,1515,1,0,1
1516,1515,1517,1,0,1
1518,1517,1519,1,0,1
1520,1521,1522,1,1,1
1523,1524,1525,1,1,1
1526,1525,1527,1,0,1
1528,1527,1529,1,0,1
1530,1531,1532,1,1,1
1533,1532,1534,1,0,1
1535,1534,1536,1,0,1
1537,1538,1539,1,1,1
1540,1541,1542,1,1,1
1543,1544,1545,1,1,1
1546,1547,1548,1,1,1
1549,1548,1550,1,0,1
1551,1550,1552,1,0,1
1553,1552,1554,1,0,1
1555,1556,1557,1,1,1
1558,1557,1559,1,0,1
1560,1559,1561,1,0,1
1562,1561,1563,1,0,1
1564,1565,1566,1,1,1
1567,1568,1569,1,1,1
1570,1569,1571,1,0,1
1572,1573,1574,1,1,1
1575,1576,1577,1,1,1
1578,1579,1580,1,1,1
1581,1582,1583,1,1,1
1584,1585,1586,1,1,1
1587,1588,1589,1,1,1
1590,1591,1592,1,1,1
1593,1592,1594,1,0,1
1595,1596,1597,1,1,1
1598,1597,1599,1,0,1
1600,1601,1602,1,1,1
1603,1602,1604,1,0,1
1605,1604,1606,1,0,1
1607,1606,1608,1,0,1
1609,1608,1610,1,0,1
1611,1610,1612,1,0,1
1613,1614,1615,1,1,1
1616,1617,1618,1,1,1
1619,1618,1620,1,0,1
1621,1620,1622,1,0,1
1623,1624,1625,1,1,1
1626,1625,1627,1,0,1
1628,1629,1630,1,1,1
1631,1630,1632,1,0,1
1633,1632,1634,1,0,1
1635,1636,1637,1,1,1
1638,1639,1640,1,1,1
1641,1642,1643,1,1,1
1644,1645,1646,1,1,1
1647,1648,1649,1,1,1
1650,1649,1651,1,0,1
1652,1653,1654,1,1,1
1655,1656,1657,1,1,1
1658,1659,1660,1,1,1
1661,1660,1662,1,0,1
1663,1664,1665,1,1,1
1666,1665,1667,1,0,1
1668,1667,1669,1,0,1
1670,1671,1672,1,1,1
1673,1674,1675,1,1,1
1676,1677,1678,1,1,1
1679,1680,1681,1,1,1
1682,1683,1684,1,1,1
1685,1684,1686,1,0,1
1687,1686,1688,1,0,1
1689,1690,1691,1,1,1
1692,1693,1694,1,1,1
1695,1694,1696,1,0,1
1697,1698,1699,1,1,1
1700,1701,1702,1,1,1
1703,1704,1705,1,1,1
1706,1705,1707,1,0,1
1708,1709,1710,1,1,1
1711,1712,1713,1,1,1
1714,1715,1716,1,1,1
1717,1718,1719,1,1,1
1720,1719,1721,1,0,1
1722,1723,1724,1,1,1
1725,1724,1726,1,0,1
1727,1728,1729,1,1,1
1730,1729,1731,1,0,1
1732,1733,1734,1,1,1
1735,1734,1736,1,0,1
1737,1736,1738,1,0,1
1739,1738,1740,1,0,1
1741,1742,1743,1,1,1
1744,1743,1745,1,0,1
1746,1747,1748,1,1,1
1749,1750,1751,1,1,1
1752,1751,1753,1,0,1
1754,1755,1756,1,1,1
1757,1756,1758,1,0,1
1759,1758,1760,1,0,1
1761,1762,1763,1,1,1
1764,1763,1765,1,0,1
1766,1767,1768,1,1,1
1769,1770,1771,1,1,1
1772,1773,1774,1,1,1
1775,1776,1777,1,1,1
1778,1779,1780,1,1,1
1781,1782,1783,1,1,1
1784,1785,1786,1,1,1
1787,1786,1788,1,0,1
1789,1790,1791,1,1,1
1792,1793,1794,1,1,1
1795,1796,1797,1,1,1
1798,1799,1800,1,1,1
1801,1800,1802,1,0,1
1803,1802,1804,1,0,1
1805,1804,1806,1,0,1
1807,1808,1809,1,1,1
1810,1809,1811,1,0,1
1812,1811,1813,1,0,1
1814,1813,1815,1,0,1
1816,1815,1817,1,0,1
1818,1819,1820,1,1,1
1821,1822,1823,1,1,1
1824,1825,1826,1,1,1
1827,1826,1828,1,0,1
1829,1830,1831,1,1,1
1832,1833,1834,1,1,1
1835,1834,1836,1,0,1
1837,1836,1838,1,0,1
1839,1838,1840,1,0,1
1841,1840,1842,1,0,1
1843,1842,1844,1,0,1
1845,1844,1846,1,0,1
1847,1848,1849,1,1,1
1850,1849,1851,1,0,1
1852,1851,1853,1,0,1
1854,1853,1855,1,0,1
1856,1855,1857,1,0,1
1858,1857,1859,1,0,1
1860,1861,1862,1,1,1
1863,1862,1864,1,0,1
1865,1866,1867,1,1,1
1868,1869,1870,1,1,1
1871,1872,1873,1,1,1
1874,1875,1876,1,1,1
1877,1878,1879,1,1,1
1880,1879,1881,1,0,1
1882,1883,1884,1,1,1
1885,1884,1886,1,0,1
1887,1888,1889,1,1,1
1890,1891,1892,1,1,1
1893,1894,1895,1,1,1
1896,1895,1897,1,0,1
1469,1471,1898,0,0,1
1489,1466,1899,0,0,1
1494,1899,1900,0,0,1
1522,1519,1901,0,0,1
1529,1901,1902,0,0,1
1536,1902,1903,0,0,1
1539,1903,1904,0,0,1
1542,1904,1905,0,0,1
1545,1905,1906,0,0,1
1554,1906,1907,0,0,1
1563,1907,1908,0,0,1
1566,1908,1909,0,0,1
1571,1910,1911,0,1,1
1577,1574,1912,0,0,1
1583,1580,1913,0,0,1
1586,1914,1915,0,1,1
1594,1916,1917,0,1,1
1599,1917,1918,0,0,1
1615,1612,1919,0,0,1
1920,1919,1921,1,0,1
1622,1921,1922,0,0,1
1627,1922,1923,0,0,1
1634,1923,1924,0,0,1
1637,1924,1925,0,0,1
1640,1925,1926,0,0,1
1927,1926,1928,1,0,1
1643,1928,1929,0,0,1
1646,1929,1930,0,0,1
1651,1930,1931,0,0,1
1654,1931,1932,0,0,1
1657,1932,1933,0,0,1
1669,1934,1935,0,1,1
1672,1935,1936,0,0,1
1675,1936,1937,0,0,1
1678,1937,1938,0,0,1
1681,1938,1939,0,0,1
1688,1939,1940,0,0,1
1691,1941,1942,0,1,1
1696,1942,1943,0,0,1
1699,1943,1944,0,0,1
1721,1716,1945,0,0,1
1726,1945,1946,0,0,1
1731,1946,1947,0,0,1
1740,1947,1948,0,0,1
1745,1948,1949,0,0,1
1760,1753,1950,0,0,1
1765,1950,1951,0,0,1
1783,1780,1952,0,0,1
1788,1952,1953,0,0,1
1791,1953,1954,0,0,1
1794,1954,1955,0,0,1
1797,1955,1956,0,0,1
1806,1956,1957,0,0,1
1817,1957,1958,0,0,1
1820,1958,1959,0,0,1
1960,1959,1961,1,0,1
1962,1961,1963,1,0,1
1823,1963,1964,0,0,1
1828,1964,1965,0,0,1
1966,1965,1967,1,0,1
1831,1967,1968,0,0,1
1846,1968,1969,0,0,1
1859,1969,1970,0,0,1
1864,1970,1971,0,0,1
1873,1870,1972,0,0,1
1973,1972,1974,1,0,1
1876,1974,1975,0,0,1
1881,1975,1976,0,0,1
1889,1886,1977,0,0,1
1978,1977,1979,1,0,1
1897,1892,1980,0,0,1
1900,1898,1981,0,0,1
1909,1510,1982,0,0,1
1933,1983,1984,0,1,1
1662,1984,1985,0,0,1
1949,1986,1987,0,1,1
1951,1748,1988,0,0,1
1971,1777,1989,0,0,1
1867,1989,1990,0,0,1
1991,1990,1992,1,0,1
1993,1992,1994,1,0,1
1980,1979,1995,0,0,1
1981,1473,1996,0,0,1
1497,1996,1997,0,0,1
1502,1997,1998,0,0,1
1985,1918,1999,0,0,1
1987,1713,2000,0,0,1
1988,2000,2001,0,0,1
1768,2001,2002,0,0,1
1994,1774,2003,0,0,1
1999,1589,2004,0,0,1
2002,1710,2005,0,0,1
2003,1771,2006,0,0,1
1976,2006,2007,0,0,1
1995,2007,2008,0,0,1
2009,2008,2010,1,0,1
2004,1915,2011,0,0,1
1940,2011,2012,0,0,1
2010,2005,2013,0,0,1
2012,1913,2014,0,0,1
2013,2015,2016,0,1,1
1998,2016,2017,0,0,1
2014,1912,2018,0,0,1
2017,1707,2019,0,0,1
2018,1911,2020,0,0,1
2019,1702,2021,0,0,1
2022,2021,2023,1,0,1
2020,1982,2024,0,0,1
2023,1944,2025,0,0,1
1505,2025,2024,0,0,0
2026,2027,2028,1,1,1,9462
2029,2028,2030,1,0,1
2031,2030,2032,1,0,1
2033,2032,2034,1,0,1
2035,2036,2037,1,1,1
2038,2037,2039,1,0,1
2040,2041,2042,1,1,1
2043,2042,2044,1,0,1
2045,2044,2046,1,0,1
2047,2048,2049,1,1,1
2050,2049,2051,1,0,1
2052,2051,2053,1,0,1
2054,2053,2055,1,0,1
1483,2055,2056,0,0,1
2034,2056,2057,0,0,1
2046,2039,2058,0,0,1
2059,2058,2057,1,0,0
2060,2061,2062,1,1,1,9461
2063,2062,2064,1,0,1
2065,2064,2066,1,0,1
2031,2067,2068,0,1,1
2029,2068,2069,0,0,1
2026,2069,2066,0,0,0
2070,2071,2072,1,1,1,46320
2073,2072,2074,1,0,1
2075,2074,2076,1,0,1
2077,2078,2079,1,1,1
2080,2079,2081,1,0,1
2082,2083,2084,1,1,1
2085,2084,2086,1,0,1
2087,2086,2088,1,0,1
2089,2088,2090,1,0,1
2091,2090,2092,1,0,1
2093,2092,2094,1,0,1
2095,2094,2096,1,0,1
2097,2098,2099,1,1,1
2100,2099,2101,1,0,1
2036,2101,2102,0,0,1
2033,2102,2103,0,0,1
2067,2103,2104,0,0,1
2065,2104,2105,0,0,1
2063,2105,2106,0,0,1
2060,2106,2107,0,0,1
2076,2107,2108,0,0,1
2096,2081,2109,0,0,1
2110,2109,2108,1,0,0
2111,2112,2113,1,1,1,25845
2114,2113,2070,1,0,0
2115,2116,2117,1,1,1,46320
2118,2119,2120,1,1,1
2121,2120,2122,1,0,1
2123,2122,2124,1,0,1
2125,2124,2126,1,0,1
2127,2126,2128,1,0,1
2111,2128,2117,0,0,0
2129,2130,2131,1,1,1,9462
2132,2131,2133,1,0,1
2134,2133,2135,1,0,1
2136,2137,2138,1,1,1
2139,2140,2141,1,1,1
2142,2141,2143,1,0,1
2144,2143,2145,1,0,1
2146,2145,2147,1,0,1
2148,2149,2150,1,1,1
2151,2150,2152,1,0,1
2153,2152,2154,1,0,1
2155,2156,2157,1,1,1
1526,2157,2158,0,0,1
2159,2158,2160,1,0,1
2161,2162,2163,1,1,1
2164,2165,2166,1,1,1
1514,1516,2167,0,0,1
2168,2167,2169,1,0,1
2170,2169,2171,1,0,1
2172,2171,2173,1,0,1
2174,2173,2175,1,0,1
2176,2175,2177,1,0,1
2178,2177,2179,1,0,1
2180,2181,2182,1,1,1
2118,2182,2183,0,0,1
2115,2119,2184,0,0,1
2135,2184,2185,0,0,1
2147,2138,2186,0,0,1
2154,2186,2187,0,0,1
2160,2187,2188,0,0,1
2189,2188,2190,1,0,1
2179,2166,2191,0,0,1
2183,2191,2192,0,0,1
2190,2185,2193,0,0,1
2163,2193,2192,0,0,0
2194,2195,2196,1,1,1,13556
2197,2198,2199,1,1,1
2200,2199,2201,1,0,1
2136,2140,2202,0,0,1
2134,2137,2203,0,0,1
2132,2203,2204,0,0,1
2129,2204,2205,0,0,1
2196,2205,2206,0,0,1
2201,2206,2202,0,0,0
2207,2208,2209,1,1,1,13555
2210,2209,2211,1,0,1
2212,2211,2213,1,0,1
2214,2213,2215,1,0,1
2198,2215,2194,0,0,0
2216,2217,2218,1,1,1,9461
2219,2218,2220,1,0,1
2221,2220,2222,1,0,1
2139,2222,2223,0,0,1
2197,2200,2224,0,0,1
2214,2224,2225,0,0,1
2212,2225,2226,0,0,1
2210,2226,2227,0,0,1
2207,2227,2223,0,0,0
2228,2229,2230,1,1,1,9460
2231,2230,2232,1,0,1
2219,2232,2216,0,0,0
753,2233,2234,0,1,1,46320
743,747,2235,0,0,1
740,744,2236,0,0,1
2237,2238,2239,1,1,1
2240,2239,2241,1,0,1
2242,2243,2244,1,1,1
2245,2246,2247,1,1,1
2248,2247,2249,1,0,1
2250,2249,2251,1,0,1
2252,2251,2253,1,0,1
2254,2255,2256,1,1,1
2257,2256,2258,1,0,1
2259,2258,2260,1,0,1
2261,2260,2262,1,0,1
2263,2262,2264,1,0,1
2265,2266,2267,1,1,1
2268,2269,2270,1,1,1
2271,2270,2272,1,0,1
2273,2272,2274,1,0,1
2275,2276,2277,1,1,1
2278,2279,2280,1,1,1
2281,2282,2283,1,1,1
2284,2283,2285,1,0,1
2286,2285,2287,1,0,1
2288,2287,2289,1,0,1
2290,2291,2292,1,1,1
2293,2294,2295,1,1,1
2144,2295,2296,0,0,1
2142,2296,2297,0,0,1
2221,2297,2298,0,0,1
2231,2298,2299,0,0,1
2228,2299,2300,0,0,1
2235,746,2301,0,0,1
2236,2301,2302,0,0,1
2241,2302,2303,0,0,1
2244,2303,2304,0,0,1
2253,2304,2305,0,0,1
2264,2305,2306,0,0,1
2267,2306,2307,0,0,1
2274,2308,2309,0,1,1
2277,2309,2310,0,0,1
2280,2310,2311,0,0,1
2312,2311,2313,1,0,1
2289,2314,2315,0,1,1
2292,2315,2316,0,0,1
2300,2316,2317,0,0,1
2307,749,2318,0,0,1
2313,2318,2319,0,0,1
2317,2320,2321,0,1,1
2234,2321,2322,0,0,1
751,2322,2319,0,0,0
2323,2324,2325,1,1,1,34032
2326,2325,2327,1,0,1
2328,2327,2329,1,0,1
2330,2331,2332,1,1,1
2333,2334,2335,1,1,1
2336,2335,2337,1,0,1
2338,2339,2340,1,1,1
2341,2342,2343,1,1,1
2344,2343,2345,1,0,1
2346,2347,2348,1,1,1
2349,2350,2351,1,1,1
2352,2353,2354,1,1,1
2355,2356,2357,1,1,1
2358,2357,2359,1,0,1
2360,2359,2361,1,0,1
2362,2363,2364,1,1,1
2365,2364,2366,1,0,1
2367,2368,2369,1,1,1
2370,2369,2371,1,0,1
2372,2371,2373,1,0,1
2374,2375,2376,1,1,1
379,2376,2377,0,0,1
380,2377,2378,0,0,1
763,2378,2379,0,0,1
377,2379,2380,0,0,1
374,2380,2381,0,0,1
760,375,2382,0,0,1
758,2382,2383,0,0,1
371,2383,2384,0,0,1
368,372,2385,0,0,1
366,369,2386,0,0,1
364,2386,2387,0,0,1
362,2387,2388,0,0,1
358,360,2389,0,0,1
356,2389,2390,0,0,1
354,2390,2391,0,0,1
352,2391,2392,0,0,1
347,350,2393,0,0,1
2329,2393,2394,0,0,1
2395,2394,2396,1,0,1
2332,2396,2397,0,0,1
2337,2397,2398,0,0,1
2399,2398,2400,1,0,1
2340,2400,2401,0,0,1
2402,2401,2403,1,0,1
2345,2403,2404,0,0,1
2405,2404,2406,1,0,1
2348,2406,2407,0,0,1
2351,2407,2408,0,0,1
2409,2408,2410,1,0,1
2354,2410,2411,0,0,1
2361,2411,2412,0,0,1
2413,2412,2414,1,0,1
2415,2414,2416,1,0,1
2366,2416,2417,0,0,1
2373,2417,2418,0,0,1
2381,2418,2419,0,0,1
2384,2419,2420,0,0,1
2385,2420,2421,0,0,1
2388,2421,2392,0,0,0
2422,2423,2424,1,1,1,50416
2425,2424,2426,1,0,1
2427,2426,2428,1,0,1
2429,2430,2431,1,1,1
2432,2431,2433,1,0,1
2434,2433,2435,1,0,1
2436,2435,2437,1,0,1
2438,2439,2440,1,1,1
2441,2440,2442,1,0,1
2443,2442,2444,1,0,1
2445,2444,2446,1,0,1
2447,2446,2448,1,0,1
2449,2448,2450,1,0,1
2451,2450,2452,1,0,1
2453,2454,2455,1,1,1
2456,2457,2458,1,1,1
2459,2458,2460,1,0,1
2461,2462,2463,1,1,1
2464,2465,2466,1,1,1
2467,2468,2469,1,1,1
2470,2469,2471,1,0,1
2472,2473,2474,1,1,1
2475,2474,2476,1,0,1
2477,2478,2479,1,1,1
2480,2479,2481,1,0,1
2482,2481,2483,1,0,1
2484,2483,2485,1,0,1
2486,2485,2487,1,0,1
2488,2487,2489,1,0,1
2353,2489,2490,0,0,1
2409,2490,2491,0,0,1
2349,2491,2492,0,0,1
2350,2492,2493,0,0,1
2346,2493,2494,0,0,1
2347,2494,2495,0,0,1
2405,2495,2496,0,0,1
2344,2496,2497,0,0,1
2341,2497,2498,0,0,1
2342,2498,2499,0,0,1
2402,2499,2500,0,0,1
2338,2500,2501,0,0,1
2339,2501,2502,0,0,1
2399,2502,2503,0,0,1
2336,2503,2504,0,0,1
2333,2504,2505,0,0,1
2330,2334,2506,0,0,1
2395,2331,2507,0,0,1
2328,2507,2508,0,0,1
2326,2508,2509,0,0,1
2323,2509,2510,0,0,1
2428,2510,2511,0,0,1
2437,2511,2512,0,0,1
2452,2512,2513,0,0,1
2455,2513,2514,0,0,1
2515,2514,2516,1,0,1
2460,2516,2517,0,0,1
2518,2517,2519,1,0,1
2463,2519,2520,0,0,1
2466,2520,2521,0,0,1
2471,2521,2522,0,0,1
2476,2522,2523,0,0,1
2524,2523,2525,1,0,1
2505,2525,2506,0,0,0
2526,2527,2528,1,1,1,1265
2529,2530,2531,1,1,1
2430,2532,2533,0,1,1
2427,2533,2534,0,0,1
2425,2534,2535,0,0,1
2422,2535,2536,0,0,1
2528,2536,2531,0,0,0
2429,2537,2538,0,1,1,1266
2529,2532,2539,0,0,1
2526,2530,2540,0,0,1
2538,2540,2539,0,0,0
2541,2542,2543,1,1,1,1267
2544,2545,2546,1,1,1
2547,2546,2548,1,0,1
2434,2549,2550,0,1,1
2543,2550,2548,0,0,0
2441,2551,2552,0,1,1,1266
2438,2552,2553,0,0,1
2549,2436,2554,0,0,1
2547,2554,2555,0,0,1
2544,2555,2556,0,0,1
2541,2545,2557,0,0,1
2553,2557,2558,0,0,1
2439,2558,2556,0,0,0
2559,2560,2561,1,1,1,46320
2562,2563,2564,1,1,1
2565,2566,2567,1,1,1
2568,2567,2569,1,0,1
2570,2569,2571,1,0,1
2572,2571,2573,1,0,1
2449,2573,2574,0,0,1
2447,2574,2575,0,0,1
2561,2445,2576,0,0,1
2564,2576,2575,0,0,0
2566,2577,2578,0,1,1,9462
2562,2578,2579,0,0,1
2563,2579,2559,0,0,0
2580,2581,2582,1,1,1,9462
2583,2584,2585,1,1,1
2586,2587,2588,1,1,1
2589,2588,2590,1,0,1
2591,2592,2593,1,1,1
2594,2595,2596,1,1,1
2597,2598,2599,1,1,1
2600,2599,2601,1,0,1
2602,2601,2603,1,0,1
2604,2603,2605,1,0,1
2606,2605,2607,1,0,1
2608,2607,2609,1,0,1
2610,2611,2612,1,1,1
2613,2612,2614,1,0,1
2615,2616,2617,1,1,1
2618,2617,2619,1,0,1
2570,2619,2620,0,0,1
2568,2620,2621,0,0,1
2582,2621,2622,0,0,1
2623,2622,2624,1,0,1
2585,2624,2625,0,0,1
2590,2625,2626,0,0,1
2593,2626,2627,0,0,1
2628,2627,2629,1,0,1
2609,2596,2630,0,0,1
2614,2630,2629,0,0,0
2587,2631,2632,0,1,1,13557
2583,2632,2633,0,0,1
2584,2633,2634,0,0,1
2623,2634,2580,0,0,0
2598,2635,2636,0,1,1,9461
2594,2636,2637,0,0,1
2628,2595,2638,0,0,1
2591,2638,2639,0,0,1
2592,2639,2640,0,0,1
2589,2640,2637,0,0,0
1302,1379,2641,0,0,1,1267
1303,2641,2642,0,0,1
1300,1376,2643,0,0,1
2644,2643,2645,1,0,1
2646,2645,2647,1,0,1
2648,2647,2649,1,0,1
2650,2649,2651,1,0,1
2652,2651,2653,1,0,1
2654,2653,2642,1,0,0
2127,2114,2655,0,0,1,9461
2656,2655,2073,1,0,0
2657,1434,2658,1,0,1,9460
2659,2658,2660,1,0,1
2661,2660,2662,1,0,1
2663,2664,2665,1,1,1
2666,2665,2667,1,0,1
2668,2669,2670,1,1,1
2671,2672,2673,1,1,1
2674,2673,2675,1,0,1
2676,2675,2677,1,0,1
2678,2677,2679,1,0,1
2680,2679,2681,1,0,1
2682,2681,2683,1,0,1
2684,2683,2685,1,0,1
2686,2687,2688,1,1,1
1418,1275,2689,0,0,1
1414,1416,2690,0,0,1
1412,2690,2691,0,0,1
2662,2691,2692,0,0,1
2667,2692,2693,0,0,1
2694,2693,2695,1,0,1
2685,2670,2696,0,0,1
2688,2696,2697,0,0,1
2689,2697,2695,0,0,0
2618,2572,2698,0,0,1,21749
2699,2698,2700,1,0,1
2454,2700,2451,0,0,0
2701,2608,2702,1,0,1,17653
2703,2702,2704,1,0,1
2705,2704,2706,1,0,1
2707,2706,2708,1,0,1
2709,2708,2710,1,0,1
2711,2710,2712,1,0,1
2610,2713,2714,0,1,1
2611,2714,2712,0,0,0
2715,2602,2716,1,0,1,9463
2717,2718,2719,1,1,1
2720,2719,2721,1,0,1
2703,2722,2723,0,1,1
2606,2701,2724,0,0,1
2716,2604,2725,0,0,1
2721,2725,2726,0,0,1
2723,2726,2724,0,0,0
2652,2654,2727,0,0,1,1268
2650,2727,2728,0,0,1
2648,2728,2729,0,0,1
1298,2644,2730,0,0,1
1296,2730,2731,0,0,1
2732,2731,2733,1,0,1
2734,2733,2735,1,0,1
2736,2737,2738,1,1,1
2739,2738,2740,1,0,1
2741,2740,2742,1,0,1
2743,2742,2744,1,0,1
2745,2744,2746,1,0,1
2747,2746,2748,1,0,1
2749,2748,2750,1,0,1
2751,2752,2753,1,1,1
2754,2753,2755,1,0,1
1311,2756,2757,0,1,1
1308,2757,2758,0,0,1
1305,2758,2759,0,0,1
2729,1306,2760,0,0,1
2735,2646,2761,0,0,1
2750,2761,2762,0,0,1
2763,2762,2764,1,0,1
2755,2764,2765,0,0,1
2759,2765,2760,0,0,0
1462,1432,2766,0,0,1,1269
1460,2766,2767,0,0,1
1458,2767,2768,0,0,1
1455,2768,2769,0,0,1
1475,2769,2770,0,0,1
2771,2770,2772,1,0,1
2773,2772,2774,1,0,1
2659,2775,2776,0,1,1
2657,2776,2774,0,0,0
2777,2778,2779,1,1,1,21748
2780,2779,2781,1,0,1
2782,2781,2783,1,0,1
2457,2783,2784,0,0,1
2515,2784,2785,0,0,1
2453,2785,2786,0,0,1
2699,2786,2615,0,0,0
2787,2711,2788,1,0,1,21747
2789,2788,2790,1,0,1
2791,2792,2793,1,1,1
2456,2793,2794,0,0,1
2782,2794,2795,0,0,1
2780,2795,2796,0,0,1
2616,2778,2797,0,0,1
2613,2797,2798,0,0,1
2713,2798,2799,0,0,1
2796,2790,2800,0,0,1
2777,2800,2799,0,0,0
2722,2705,2801,0,0,1,9462
2720,2801,2802,0,0,1
2803,2802,2804,1,0,1
2805,2804,2806,1,0,1
2807,2806,2808,1,0,1
2809,2810,2811,1,1,1
2787,2811,2812,0,0,1
2709,2812,2813,0,0,1
2707,2813,2808,0,0,0
2178,2181,2814,0,0,1,13557
2176,2814,2815,0,0,1
2816,2174,2817,1,0,1
2087,2817,2818,0,0,1
2819,2818,2820,1,0,1
2821,2820,2822,1,0,1
2121,2823,2824,0,1,1
2180,2824,2825,0,0,1
2822,2815,2826,0,0,1
2827,2826,2825,1,0,0
2827,2823,2828,0,0,1,9461
2821,2828,2829,0,0,1
2085,2819,2830,0,0,1
2831,2082,2832,1,0,1
2833,2834,2835,1,1,1
2123,2835,2836,0,0,1
2829,2836,2837,0,0,1
2830,2837,2832,0,0,0
2838,1188,2839,1,0,1,1269
2840,2839,2841,1,0,1
2842,2841,2843,1,0,1
2844,2843,2845,1,0,1
2846,2845,2847,1,0,1
2848,2847,2849,1,0,1
2850,2849,2851,1,0,1
2852,2851,2853,1,0,1
2854,2853,1191,1,0,0
2833,2125,2855,0,0,1,25845
2831,2834,2856,0,0,1
2083,2856,2857,0,0,1
2080,2857,2858,0,0,1
2077,2858,2859,0,0,1
2078,2859,2860,0,0,1
2075,2860,2861,0,0,1
2656,2861,2855,0,0,0
1523,2159,2862,0,0,1,1270
1520,1524,2863,0,0,1
1518,1521,2864,0,0,1
2164,2864,2865,0,0,1
2161,2165,2866,0,0,1
2189,2162,2867,0,0,1
2862,2867,2868,0,0,1
2863,2868,2869,0,0,1
2865,2869,2866,0,0,0
1190,1193,2870,0,0,1,9461
2854,2870,2871,0,0,1
2872,2871,2873,1,0,1
2874,2873,2875,1,0,1
2876,2877,2878,1,1,1
1159,2879,2880,0,1,1
1156,2880,2881,0,0,1
1154,2881,2882,0,0,1
1152,2882,2883,0,0,1
2875,1150,2884,0,0,1
2885,2884,2886,1,0,1
2878,2886,2883,0,0,0
1266,1252,2887,0,0,1,13556
1367,2887,2888,0,0,1
1364,2888,2889,0,0,1
2890,2889,2891,1,0,1
2892,2891,1232,1,0,0
2893,1186,2894,1,0,1,9461
2895,2894,2896,1,0,1
2897,2896,2898,1,0,1
2899,2898,2900,1,0,1
2901,2902,2903,1,1,1
2842,2903,2904,0,0,1
2840,2904,2905,0,0,1
2838,2905,2900,0,0,0
2892,1234,2906,0,0,1,50416
2907,2906,2908,1,0,1
2909,2908,2910,1,0,1
2911,2910,2912,1,0,1
2913,2914,2915,1,1,1
2895,2915,2916,0,0,1
2893,2916,2917,0,0,1
1184,2917,2912,0,0,0
2054,1486,2918,0,0,1,9463
2050,2052,2919,0,0,1
2920,2047,2921,1,0,1
2922,2923,2924,1,1,1
1499,2924,2925,0,0,1
1495,2925,2926,0,0,1
1493,1496,2927,0,0,1
1488,1491,2928,0,0,1
2918,2928,2929,0,0,1
2919,2929,2930,0,0,1
2927,2926,2931,0,0,1
2930,1490,2932,0,0,1
2921,2932,2931,0,0,0
2290,2294,2933,0,0,1,9459
2934,2291,2935,1,0,1
2936,2935,2937,1,0,1
2938,2937,2939,1,0,1
2293,2939,2933,0,0,0
2809,2789,2940,0,0,1,46320
2941,2940,2942,1,0,1
2943,2944,2945,1,1,1
2946,2945,2947,1,0,1
2948,2947,2949,1,0,1
2950,2949,2951,1,0,1
2952,2951,2953,1,0,1
2954,2953,2955,1,0,1
2956,2955,2957,1,0,1
2958,2959,2960,1,1,1
2961,2962,2963,1,1,1
2964,2963,2965,1,0,1
2966,2967,2968,1,1,1
2465,2968,2969,0,0,1
2518,2462,2970,0,0,1
2971,2972,2973,1,1,1
2942,2792,2974,0,0,1
2975,2974,2976,1,0,1
2965,2977,2978,0,1,1
2969,2978,2979,0,0,1
2973,2970,2980,0,0,1
2981,2980,2982,1,0,1
2983,2982,2984,1,0,1
2976,2984,2985,0,0,1
2957,2985,2986,0,0,1
2979,2960,2987,0,0,1
2461,2987,2986,0,0,0
2151,2153,2988,0,0,1,1270
2989,2148,2990,1,0,1
2991,2990,2992,1,0,1
2993,2992,2994,1,0,1
2995,2996,2997,1,1,1
1530,2997,2998,0,0,1
1531,2998,2999,0,0,1
1528,2999,3000,0,0,1
2155,3000,3001,0,0,1
2156,3001,3002,0,0,1
2988,3002,2994,0,0,0
2938,2146,3003,0,0,1,9461
2936,3003,3004,0,0,1
2934,3004,3005,0,0,1
2288,3005,3006,0,0,1
2286,3006,3007,0,0,1
3008,3007,3009,1,0,1
2271,3010,3011,0,1,1
3012,3013,3014,1,1,1
3015,3014,3016,1,0,1
2989,3017,3018,0,1,1
2149,3018,3019,0,0,1
3009,3019,3020,0,0,1
3011,3020,3016,0,0,0
2807,2810,3021,0,0,1,21750
3022,3021,3023,1,0,1
3024,3023,2941,1,0,0
2791,2459,3025,0,0,1,13555
2981,2983,3026,0,0,1
2971,3026,3027,0,0,1
2972,3027,3025,0,0,0
2095,2110,3028,0,0,1,25845
2093,3028,3029,0,0,1
3030,2091,3031,1,0,1
3032,3033,3034,1,1,1
3035,3034,3036,1,0,1
2098,3037,3038,0,1,1
3029,3038,3039,0,0,1
3031,3039,3036,0,0,0
3040,1161,3041,1,0,1,9460
3042,3041,3043,1,0,1
19,3043,15,0,0,0
2775,2661,3044,0,0,1,9461
2773,3044,3045,0,0,1
3046,3045,3047,1,0,1
3048,3049,3050,1,1,1
3051,3052,3053,1,1,1
3054,3055,3056,1,1,1
2672,3056,3057,0,0,1
2668,3057,3058,0,0,1
2694,2669,3059,0,0,1
2666,3059,3060,0,0,1
2663,3060,3061,0,0,1
3047,2664,3062,0,0,1
3050,3062,3063,0,0,1
3064,3063,3065,1,0,1
3053,3065,3066,0,0,1
3058,3067,3068,0,1,1
3061,3068,3066,0,0,0
1291,1294,3069,0,0,1,46320
3070,3069,3071,1,0,1
3072,3071,3073,1,0,1
2736,3073,3074,0,0,1
2737,3074,3075,0,0,1
2734,3075,3076,0,0,1
2732,3076,1293,0,0,0
3077,2805,3078,1,0,1,21749
3079,3078,3080,1,0,1
3081,3080,3082,1,0,1
3083,3084,3085,1,1,1
3086,3085,3087,1,0,1
2944,3087,3088,0,0,1
2975,3088,3089,0,0,1
3082,3022,3090,0,0,1
3091,3090,3092,1,0,1
3089,3093,3094,0,1,1
3024,3094,3092,0,0,0
2717,2803,3095,0,0,1,17654
3096,3095,3097,1,0,1
3084,3098,3099,0,1,1
3091,3093,3100,0,0,1
3079,3081,3101,0,0,1
3097,3077,3102,0,0,1
3100,3099,3103,0,0,1
3101,3103,3102,0,0,0
2852,2872,3104,0,0,1,1268
3105,2850,3106,1,0,1
3107,3106,3108,1,0,1
3109,3108,3110,1,0,1
3111,3110,3112,1,0,1
2874,3112,3104,0,0,0
3113,2718,3114,1,0,1,17653
3115,3114,3116,1,0,1
3117,3116,3118,1,0,1
3083,3119,3120,0,1,1
3098,3120,3121,0,0,1
3096,3121,3118,0,0,0
2045,2059,3122,0,0,1,1270
2043,3122,3123,0,0,1
3124,2040,3125,1,0,1
3126,3125,3127,1,0,1
3128,3129,3130,1,1,1
3131,3132,3133,1,1,1
2168,3134,3135,0,1,1
1511,3135,3136,0,0,1
1512,3136,3137,0,0,1
1509,3137,3138,0,0,1
1506,3138,3139,0,0,1
1503,1507,3140,0,0,1
1504,3140,3141,0,0,1
2022,3141,3142,0,0,1
1501,3142,3143,0,0,1
1498,3143,3144,0,0,1
2922,3144,3145,0,0,1
2920,2923,3146,0,0,1
2048,3146,3147,0,0,1
3123,3147,3148,0,0,1
3127,3148,3149,0,0,1
3139,3133,3150,0,0,1
3149,3145,3151,0,0,1
3152,3151,3153,1,0,1
3130,3153,3150,0,0,0
3035,3037,3154,0,0,1,9461
3032,3154,3155,0,0,1
2816,2089,3156,0,0,1
2172,3156,3157,0,0,1
2170,3157,3158,0,0,1
3134,3158,3159,0,0,1
3131,3159,3160,0,0,1
3161,3160,3162,1,0,1
3163,3164,3165,1,1,1
3166,3165,3167,1,0,1
2035,3168,3169,0,1,1
2100,3169,3170,0,0,1
3162,3030,3171,0,0,1
3167,3171,3172,0,0,1
3170,3173,3174,0,1,1
2097,3174,3175,0,0,1
3155,3175,3176,0,0,1
3172,3033,3177,0,0,1
3178,3177,3176,1,0,0
3017,2991,3179,0,0,1,9462
3015,3179,3180,0,0,1
3012,3180,3181,0,0,1
2268,3013,3182,0,0,1
3183,3182,3184,1,0,1
3185,3184,3186,1,0,1
2259,3186,3187,0,0,1
3188,2257,3189,1,0,1
3190,3189,3191,1,0,1
2252,2255,3192,0,0,1
3193,3192,3194,1,0,1
3195,3196,3197,1,1,1
3198,3199,3200,1,1,1
3201,3202,3203,1,1,1
1573,3203,3204,0,0,1
1570,3204,3205,0,0,1
1567,3205,3206,0,0,1
1910,1568,3207,0,0,1
1564,3207,3208,0,0,1
3209,3208,3210,1,0,1
3211,3210,3212,1,0,1
3213,3212,3214,1,0,1
3215,3214,3216,1,0,1
3217,3218,3219,1,1,1
1546,3219,3220,0,0,1
3221,3220,3222,1,0,1
3223,3224,3225,1,1,1
3226,3227,3228,1,1,1
1533,3229,3230,0,1,1
2995,3230,3231,0,0,1
2993,2996,3232,0,0,1
3181,3232,3233,0,0,1
3191,3187,3234,0,0,1
3194,3235,3236,0,1,1
3197,3236,3237,0,0,1
3238,3237,3239,1,0,1
3200,3239,3240,0,0,1
3206,3240,3241,0,0,1
3216,3241,3242,0,0,1
3222,3242,3243,0,0,1
3228,3225,3244,0,0,1
3231,3244,3245,0,0,1
3233,3245,3246,0,0,1
3234,3246,3243,0,0,0
2754,2756,3247,0,0,1,9460
3248,3247,3249,1,0,1
3250,3251,3252,1,1,1
3072,2739,3253,0,0,1
3070,3253,3254,0,0,1
1289,3254,3255,0,0,1
3256,3255,3257,1,0,1
3258,3259,3260,1,1,1
3261,3260,3262,1,0,1
3263,3262,3264,1,0,1
3265,3266,3267,1,1,1
3268,3269,3270,1,1,1
3271,3270,3272,1,0,1
3273,3272,3274,1,0,1
1313,3274,3275,0,0,1
3249,1310,3276,0,0,1
3252,3276,3277,0,0,1
3278,3277,3279,1,0,1
3257,2741,3280,0,0,1
3264,3280,3281,0,0,1
3282,3281,3283,1,0,1
3267,3283,3284,0,0,1
3275,3284,3279,0,0,0
2749,2763,3285,0,0,1,1269
2745,2747,3286,0,0,1
2743,3286,3287,0,0,1
3278,3287,3288,0,0,1
3250,3288,3289,0,0,1
3251,3289,3290,0,0,1
3248,3290,3291,0,0,1
2751,3291,3292,0,0,1
2752,3292,3285,0,0,0
1476,2771,3293,0,0,1,1270
2009,3293,3294,0,0,1
1896,3294,3295,0,0,1
1893,3295,3296,0,0,1
1894,3296,3297,0,0,1
1978,1891,3298,0,0,1
1887,3298,3299,0,0,1
1885,1888,3300,0,0,1
1880,1883,3301,0,0,1
1877,3301,3302,0,0,1
1874,1878,3303,0,0,1
1973,1875,3304,0,0,1
1871,3304,3305,0,0,1
1868,1872,3306,0,0,1
1993,1869,3307,0,0,1
1991,3307,3308,0,0,1
1865,3308,3309,0,0,1
1866,3309,3310,0,0,1
1863,3310,3311,0,0,1
1858,1861,3312,0,0,1
3313,3312,3314,1,0,1
943,3314,3315,0,0,1
941,3315,3316,0,0,1
3317,3316,3318,1,0,1
3319,3318,3320,1,0,1
3321,3322,3323,1,1,1
3324,3325,3326,1,1,1
3327,3326,3328,1,0,1
3329,3328,3330,1,0,1
3331,3332,3333,1,1,1
3334,3333,3335,1,0,1
3336,3337,3338,1,1,1
3339,3340,3341,1,1,1
3342,3343,3344,1,1,1
3345,3344,3346,1,0,1
3347,3348,3349,1,1,1
3350,3351,3352,1,1,1
3353,3352,3354,1,0,1
3049,3355,3356,0,1,1
3297,3046,3357,0,0,1
1890,3357,3358,0,0,1
3299,3358,3359,0,0,1
3300,3359,3360,0,0,1
1882,3360,3361,0,0,1
3302,3361,3362,0,0,1
3303,3362,3363,0,0,1
3305,3363,3364,0,0,1
3320,1860,3365,0,0,1
3366,3365,3367,1,0,1
3368,3367,3369,1,0,1
3335,3370,3371,0,1,1
3372,3371,3373,1,0,1
3338,3373,3374,0,0,1
3341,3374,3375,0,0,1
3346,3376,3377,0,1,1
3349,3377,3378,0,0,1
3356,3354,3379,0,0,1
3364,3379,3380,0,0,1
3369,3311,3381,0,0,1
3323,3381,3382,0,0,1
3330,3382,3383,0,0,1
3380,3378,3384,0,0,1
3383,3306,3385,0,0,1
3375,3385,3384,0,0,0
1365,2890,3386,0,0,1,9460
3387,3388,3389,1,1,1
2911,3389,3390,0,0,1
2909,3390,3391,0,0,1
2907,3391,3386,0,0,0
3117,3119,3392,0,0,1,21747
3393,3115,3394,1,0,1
3395,3394,3396,1,0,1
3397,3396,3398,1,0,1
2943,3398,3399,0,0,1
3086,3399,3392,0,0,0
3173,3168,3400,0,0,1,13556
3178,3400,3401,0,0,1
3124,3402,3403,0,1,1
2041,3403,3404,0,0,1
2038,3404,3401,0,0,0
3397,2946,3405,0,0,1,17652
3406,3407,3408,1,1,1
3409,3408,3410,1,0,1
2950,3410,3411,0,0,1
2948,3411,3405,0,0,0
3412,3395,3413,1,0,1,9463
3414,3413,3415,1,0,1
3416,3415,3407,1,0,0
3042,18,3417,0,0,1,21748
3418,3417,3419,1,0,1
3420,3419,3421,1,0,1
3422,3421,22,1,0,0
1158,1162,3423,0,0,1,21750
2879,3423,3424,0,0,1
3425,3424,3426,1,0,1
3427,3428,3429,1,1,1
3430,3431,3432,1,1,1
3420,3432,3433,0,0,1
3418,3433,3434,0,0,1
3040,3434,3435,0,0,1
3426,3435,3429,0,0,0
3409,2952,3436,0,0,1,21748
3437,3436,3438,1,0,1
2958,3438,3439,0,0,1
2956,2959,3440,0,0,1
2954,3440,3439,0,0,0
3111,2885,3441,0,0,1,1269
3442,3109,3443,1,0,1
3444,3443,3445,1,0,1
3446,3445,3447,1,0,1
3448,3447,3449,1,0,1
3450,3449,3451,1,0,1
3452,3451,3453,1,0,1
3454,3453,3455,1,0,1
3456,3455,3457,1,0,1
3458,3457,3459,1,0,1
3460,3459,3461,1,0,1
3462,3461,3463,1,0,1
3425,3463,3464,0,0,1
2876,3464,3465,0,0,1
2877,3465,3441,0,0,0
3466,2846,3467,1,0,1,9461
3468,3469,3470,1,1,1
3471,3472,3473,1,1,1
1359,3473,3474,0,0,1
1357,3474,3475,0,0,1
3446,3476,3477,0,1,1
3444,3477,3478,0,0,1
3442,3478,3479,0,0,1
3107,3479,3480,0,0,1
3105,3480,3481,0,0,1
2848,3481,3482,0,0,1
3467,3482,3483,0,0,1
3470,3483,3475,0,0,0
2901,2844,3484,0,0,1,13556
3485,2902,3486,1,0,1
3472,3486,3487,0,0,1
3468,3487,3488,0,0,1
3469,3488,3489,0,0,1
3466,3489,3484,0,0,0
2686,1277,3490,0,0,1,1267
2684,2687,3491,0,0,1
2682,3491,3492,0,0,1
3493,3492,3494,1,0,1
3495,3496,3497,1,1,1
1279,3498,3499,0,1,1
3490,3499,3500,0,0,1
3497,3494,3501,0,0,1
3502,3501,3500,1,0,0
2320,2314,3503,0,0,1,1267
2312,3503,3504,0,0,1
3505,2279,3506,1,0,1
3507,3506,3508,1,0,1
2281,3508,3509,0,0,1
3504,2282,3510,0,0,1
2278,3510,3509,0,0,0
3387,2914,3511,0,0,1,46320
3512,3511,3513,1,0,1
3514,3513,3515,1,0,1
1362,3515,3516,0,0,1
3471,3516,3517,0,0,1
3485,3517,3518,0,0,1
2897,2899,3519,0,0,1
2913,3519,3518,0,0,0
2284,3008,3520,0,0,1,9460
3507,3520,3521,0,0,1
3505,3521,3522,0,0,1
2275,3522,3523,0,0,1
2276,3523,3524,0,0,1
2273,3524,3010,0,0,0
3416,3406,3525,0,0,1,21749
3526,3525,3527,1,0,1
3528,3529,3530,1,1,1
2962,3530,3531,0,0,1
2977,3531,3532,0,0,1
3437,3532,3527,0,0,0
3533,3414,3534,1,0,1,21750
3528,3535,3536,0,1,1
3526,3529,3537,0,0,1
3534,3537,3536,0,0,0
3498,1281,3538,0,0,1,46320
3495,3502,3539,0,0,1
3540,3496,3541,1,0,1
3542,3541,3543,1,0,1
3544,3543,3545,1,0,1
3546,3547,3548,1,1,1
3549,3548,3550,1,0,1
3551,3550,3552,1,0,1
3553,3552,3554,1,0,1
3555,3554,3556,1,0,1
3557,3556,3558,1,0,1
3559,3558,3560,1,0,1
3561,3560,3562,1,0,1
3258,3562,3563,0,0,1
3256,3259,3564,0,0,1
1283,1287,3565,0,0,1
3538,1284,3566,0,0,1
3539,3566,3567,0,0,1
3545,3567,3568,0,0,1
3563,3569,3570,0,1,1
3564,3570,3571,0,0,1
3568,3565,3572,0,0,1
3573,3572,3574,1,0,1
3571,3575,3576,0,1,1
1286,3576,3574,0,0,0
3132,3161,3577,0,0,1,1269
3128,3577,3578,0,0,1
3152,3129,3579,0,0,1
3126,3579,3580,0,0,1
3402,3580,3581,0,0,1
3166,3581,3582,0,0,1
3163,3582,3583,0,0,1
3164,3583,3578,0,0,0
3535,2961,3584,0,0,1,21749
3585,3584,3586,1,0,1
3587,3586,3588,1,0,1
3589,3588,3590,1,0,1
3591,3592,3593,1,1,1
3594,3593,3595,1,0,1
3596,3595,3597,1,0,1
3598,3599,3600,1,1,1
3601,3600,3602,1,0,1
3603,3604,3605,1,1,1
3606,3605,3607,1,0,1
3608,3607,3609,1,0,1
2473,3609,3610,0,0,1
2470,3610,3611,0,0,1
3612,3611,3613,1,0,1
3614,3615,3616,1,1,1
3617,3618,3619,1,1,1
2967,3620,3621,0,1,1
2964,3621,3622,0,0,1
3597,3590,3623,0,0,1
3602,3623,3624,0,0,1
3613,3625,3626,0,1,1
3616,3626,3627,0,0,1
3622,3619,3628,0,0,1
3624,3628,3627,0,0,0
1389,3388,3629,0,0,1,1267
1361,3629,3630,0,0,1
3514,3630,3512,0,0,0
3226,3229,3631,0,0,1,9463
3223,3227,3632,0,0,1
3221,3224,3633,0,0,1
1543,1547,3634,0,0,1
1540,1544,3635,0,0,1
1537,1541,3636,0,0,1
1535,1538,3637,0,0,1
3631,3637,3638,0,0,1
3632,3638,3639,0,0,1
3633,3639,3640,0,0,1
3634,3640,3641,0,0,1
3635,3641,3636,0,0,0
3430,3422,3642,0,0,1,21749
3427,3431,3643,0,0,1
3462,3428,3644,0,0,1
3458,3460,3645,0,0,1
3646,3645,3647,1,0,1
3648,3647,3649,1,0,1
3650,3649,3651,1,0,1
3652,3651,3653,1,0,1
3654,3653,3655,1,0,1
27,3655,3656,0,0,1
24,3656,3657,0,0,1
21,3657,3658,0,0,1
3642,3658,3659,0,0,1
3643,3659,3644,0,0,0
3273,1315,3660,0,0,1,9461
3661,3660,3662,1,0,1
3663,3662,3664,1,0,1
3665,3666,3667,1,1,1
3555,3667,3668,0,0,1
3669,3668,3670,1,0,1
3671,3670,3672,1,0,1
3673,3672,3674,1,0,1
1320,3674,3675,0,0,1
1317,3675,3664,0,0,0
3355,3048,3676,0,0,1,1269
3353,3676,3677,0,0,1
3350,3677,3678,0,0,1
3347,3351,3679,0,0,1
3345,3348,3680,0,0,1
3342,3680,3681,0,0,1
3376,3343,3682,0,0,1
3339,3682,3683,0,0,1
3336,3340,3684,0,0,1
3372,3337,3685,0,0,1
3334,3685,3686,0,0,1
3331,3686,3687,0,0,1
3688,3332,3689,1,0,1
3690,3689,3691,1,0,1
3692,3691,3693,1,0,1
3694,3695,3696,1,1,1
3697,3696,3698,1,0,1
3699,3698,3700,1,0,1
2671,3701,3702,0,1,1
3054,3702,3703,0,0,1
3067,3055,3704,0,0,1
3051,3704,3705,0,0,1
3064,3052,3706,0,0,1
3678,3706,3707,0,0,1
3679,3707,3708,0,0,1
3681,3708,3709,0,0,1
3683,3709,3710,0,0,1
3684,3710,3711,0,0,1
3693,3687,3712,0,0,1
3700,3712,3713,0,0,1
3703,3713,3714,0,0,1
3705,3714,3711,0,0,0
3617,3620,3715,0,0,1,1265
3716,3715,3717,1,0,1
2468,3717,3718,0,0,1
2464,3718,2966,0,0,0
3614,3618,3719,0,0,1,46320
3612,3615,3720,0,0,1
2467,3720,3721,0,0,1
3716,3721,3719,0,0,0
3722,3723,3724,1,1,1,17653
3596,3599,3725,0,0,1
3594,3725,3726,0,0,1
3589,3592,3727,0,0,1
3587,3727,3728,0,0,1
3726,3724,3729,0,0,1
3591,3729,3728,0,0,0
3271,3661,3730,0,0,1,1269
3731,3268,3732,1,0,1
3666,3732,3733,0,0,1
3663,3733,3730,0,0,0
3282,3266,3734,0,0,1,1269
3263,3734,3735,0,0,1
3561,3261,3736,0,0,1
3559,3736,3737,0,0,1
3738,3737,3739,1,0,1
3740,3739,3741,1,0,1
3742,3741,3735,1,0,0
3742,3265,3743,0,0,1,1268
3557,3738,3744,0,0,1
3665,3744,3745,0,0,1
3731,3745,3746,0,0,1
3743,3269,3747,0,0,1
3740,3747,3746,0,0,0
3544,3573,3748,0,0,1,1265
3749,3540,3750,1,0,1
3751,3752,3753,1,1,1
3754,3753,3755,1,0,1
3756,3755,3757,1,0,1
3569,3757,3758,0,0,1
3575,3758,3759,0,0,1
3748,3759,3760,0,0,1
3542,3760,3750,0,0,0
3761,3722,3762,1,0,1,9462
3763,3762,3764,1,0,1
3603,3765,3766,0,1,1
3625,3604,3767,0,0,1
3601,3767,3768,0,0,1
3764,3598,3769,0,0,1
3766,3769,3768,0,0,0
1706,2015,3770,0,0,1,1272
1703,3770,3771,0,0,1
1700,1704,3772,0,0,1
1697,1701,3773,0,0,1
1695,1698,3774,0,0,1
1689,1693,3775,0,0,1
1941,1690,3776,0,0,1
1685,1687,3777,0,0,1
1679,1683,3778,0,0,1
1676,1680,3779,0,0,1
1673,1677,3780,0,0,1
1670,1674,3781,0,0,1
1668,1671,3782,0,0,1
1666,3782,3783,0,0,1
1934,1664,3784,0,0,1
1661,3784,3785,0,0,1
1658,3785,3786,0,0,1
1655,1659,3787,0,0,1
1652,1656,3788,0,0,1
1650,1653,3789,0,0,1
1644,1648,3790,0,0,1
1641,1645,3791,0,0,1
1927,1642,3792,0,0,1
1638,3792,3793,0,0,1
1635,1639,3794,0,0,1
1633,1636,3795,0,0,1
1631,3795,3796,0,0,1
3797,3798,3799,1,1,1
3800,3799,3801,1,0,1
3802,3801,3803,1,0,1
3804,3803,3805,1,0,1
3806,3805,3807,1,0,1
3808,3809,3810,1,1,1
3811,3810,3812,1,0,1
3813,3812,3814,1,0,1
3815,3816,3817,1,1,1
3818,3819,3820,1,1,1
3821,3820,3822,1,0,1
3823,3824,3825,1,1,1
3826,3827,3828,1,1,1
3829,3828,3830,1,0,1
3831,3832,3833,1,1,1
3834,3833,3835,1,0,1
3836,3837,3838,1,1,1
3839,3838,3840,1,0,1
3841,3842,3843,1,1,1
3844,3843,3845,1,0,1
3846,3847,3848,1,1,1
3849,3848,3850,1,0,1
3851,3850,3852,1,0,1
3853,3852,3854,1,0,1
3855,3854,3856,1,0,1
3857,3856,3858,1,0,1
3859,3858,3860,1,0,1
3861,3860,3862,1,0,1
3863,3862,3864,1,0,1
3865,3866,3867,1,1,1
3868,3869,3870,1,1,1
3871,3870,3872,1,0,1
3873,3874,3875,1,1,1
3876,3877,3878,1,1,1
3879,3878,3880,1,0,1
3881,3882,3883,1,1,1
3884,3885,3886,1,1,1
3887,3886,3888,1,0,1
3889,3890,3891,1,1,1
3892,3893,3894,1,1,1
3895,3894,3896,1,0,1
3897,3898,3899,1,1,1
3900,3901,3902,1,1,1
3903,3904,3905,1,1,1
3906,3905,3907,1,0,1
3908,3909,3910,1,1,1
3911,3912,3913,1,1,1
3914,3915,3916,1,1,1
3917,3916,3918,1,0,1
3919,3920,3921,1,1,1
3922,3923,3924,1,1,1
3925,3926,3927,1,1,1
3928,3927,3929,1,0,1
3930,3931,3932,1,1,1
3933,3934,3935,1,1,1
3936,3935,3937,1,0,1
3938,3939,3940,1,1,1
3941,3942,3943,1,1,1
3944,3945,3946,1,1,1
3947,3946,3948,1,0,1
3949,3950,3951,1,1,1
3952,3953,3954,1,1,1
3955,3954,3956,1,0,1
3957,3958,3959,1,1,1
3960,3961,3962,1,1,1
3963,3962,3964,1,0,1
3965,3966,3967,1,1,1
1799,3967,3968,0,0,1
1795,3968,3969,0,0,1
1796,3969,3970,0,0,1
1792,3970,3971,0,0,1
1793,3971,3972,0,0,1
1789,3972,3973,0,0,1
1790,3973,3974,0,0,1
1787,3974,3975,0,0,1
1784,3975,3976,0,0,1
1785,3976,3977,0,0,1
1781,3977,3978,0,0,1
1782,3978,3979,0,0,1
1778,3979,3980,0,0,1
1779,3980,3981,0,0,1
1775,3981,3982,0,0,1
1776,3982,3983,0,0,1
1772,3983,3984,0,0,1
1773,3984,3985,0,0,1
1769,3985,3986,0,0,1
1770,3986,3987,0,0,1
1766,3987,3988,0,0,1
1767,3988,3989,0,0,1
1764,3989,3990,0,0,1
1761,3990,3991,0,0,1
1762,3991,3992,0,0,1
1759,3992,3993,0,0,1
1757,3993,3994,0,0,1
1754,3994,3995,0,0,1
1755,3995,3996,0,0,1
1752,3996,3997,0,0,1
1749,3997,3998,0,0,1
1746,1750,3999,0,0,1
1744,1747,4000,0,0,1
1741,4000,4001,0,0,1
1739,1742,4002,0,0,1
1737,4002,4003,0,0,1
1732,1735,4004,0,0,1
1730,1733,4005,0,0,1
1727,4005,4006,0,0,1
1725,1728,4007,0,0,1
1722,4007,4008,0,0,1
1720,1723,4009,0,0,1
1717,4009,4010,0,0,1
1714,1718,4011,0,0,1
1986,1715,4012,0,0,1
1711,4012,4013,0,0,1
1708,1712,4014,0,0,1
3771,1709,4015,0,0,1
3772,4015,4016,0,0,1
3773,4016,4017,0,0,1
3777,3776,4018,0,0,1
1682,4018,4019,0,0,1
3778,4019,4020,0,0,1
3780,3779,4021,0,0,1
3783,3781,4022,0,0,1
3789,3788,4023,0,0,1
1647,4023,4024,0,0,1
3790,4024,4025,0,0,1
3794,3793,4026,0,0,1
3807,4027,4028,0,1,1
4029,4028,4030,1,0,1
3814,4031,4032,0,1,1
3817,4033,4034,0,1,1
3825,3822,4035,0,0,1
4036,4035,4037,1,0,1
3835,3830,4038,0,0,1
3864,3845,4039,0,0,1
3867,4039,4040,0,0,1
3872,4041,4042,0,1,1
3875,4043,4044,0,1,1
3880,4044,4045,0,0,1
3883,4046,4047,0,1,1
3888,4047,4048,0,0,1
3891,4048,4049,0,0,1
3896,4049,4050,0,0,1
3899,4050,4051,0,0,1
3902,4051,4052,0,0,1
3907,4052,4053,0,0,1
4054,4053,4055,1,0,1
3910,4055,4056,0,0,1
4057,4056,4058,1,0,1
3924,3921,4059,0,0,1
3929,4059,4060,0,0,1
3940,3937,4061,0,0,1
3948,3943,4062,0,0,1
3951,4062,4063,0,0,1
3956,4063,4064,0,0,1
3959,4064,4065,0,0,1
3998,3964,4066,0,0,1
3999,4066,4067,0,0,1
4001,4067,4068,0,0,1
4003,4068,4069,0,0,1
4004,4069,4070,0,0,1
4006,4070,4071,0,0,1
4008,4071,4072,0,0,1
4010,4072,4073,0,0,1
4011,4073,4074,0,0,1
4013,4074,4075,0,0,1
4014,4075,4076,0,0,1
4017,4076,4077,0,0,1
3774,4077,4078,0,0,1
1692,4078,4079,0,0,1
3775,4079,4080,0,0,1
4030,4081,4082,0,1,1
4032,4083,4084,0,1,1
4038,4037,4085,0,0,1
4040,4086,4087,0,1,1
4042,4087,4088,0,0,1
4058,4089,4090,0,1,1
4080,4065,4091,0,0,1
4082,3796,4092,0,0,1
4084,4092,4093,0,0,1
4034,4093,4094,0,0,1
4088,3840,4095,0,0,1
4045,4095,4096,0,0,1
4090,4096,4097,0,0,1
4091,4061,4098,0,0,1
4094,4026,4099,0,0,1
4097,4085,4100,0,0,1
4098,3932,4101,0,0,1
4020,4101,4102,0,0,1
4100,4099,4103,0,0,1
4102,4060,4104,0,0,1
4103,3791,4105,0,0,1
4104,3918,4106,0,0,1
4021,4106,4107,0,0,1
4105,4025,4108,0,0,1
4107,3913,4109,0,0,1
4022,4109,4110,0,0,1
1663,4110,4111,0,0,1
3786,4111,4112,0,0,1
3787,4112,4108,0,0,0
2680,3493,4113,0,0,1,46320
2678,4113,4114,0,0,1
4115,4114,4116,1,0,1
4117,4116,4118,1,0,1
4119,4120,4121,1,1,1
4122,4121,4123,1,0,1
3751,4123,4124,0,0,1
3749,3752,4125,0,0,1
4118,4125,4124,0,0,0
4126,3608,4127,1,0,1,21748
2524,4128,4129,0,1,1
2475,4129,4130,0,0,1
2472,4130,4127,0,0,0
3765,3606,4131,0,0,1,17653
4132,4131,4133,1,0,1
4134,4135,4136,1,1,1
2478,4136,4137,0,0,1
4128,4137,4138,0,0,1
4126,4138,4133,0,0,0
4139,3763,4140,1,0,1,21749
4135,4140,4132,0,0,0
3673,1319,4141,0,0,1,9462
3671,4141,4142,0,0,1
4143,4142,4144,1,0,1
4145,4144,4146,1,0,1
4147,4146,4148,1,0,1
4149,4148,4150,1,0,1
4151,4150,4152,1,0,1
4153,4154,4155,1,1,1
4156,4157,4158,1,1,1
4159,4158,4160,1,0,1
1328,4160,4161,0,0,1
1325,4161,4162,0,0,1
1322,4162,4163,0,0,1
1323,4163,4164,0,0,1
4152,4164,4155,0,0,0
3652,3654,4165,0,0,1,1267
3650,4165,4166,0,0,1
4167,4166,4168,1,0,1
4169,4170,4171,1,1,1
4172,4171,4173,1,0,1
40,4174,4175,0,1,1
259,38,4176,0,0,1
35,4176,4177,0,0,1
32,4177,4178,0,0,1
29,33,4179,0,0,1
257,30,4180,0,0,1
26,4180,4181,0,0,1
4168,4181,4182,0,0,1
4173,4182,4183,0,0,1
4175,4183,4184,0,0,1
37,4184,4185,0,0,1
4178,4185,4179,0,0,0
3452,3454,4186,0,0,1,9460
4187,4186,4188,1,0,1
4189,4190,4191,1,1,1
4169,4191,4192,0,0,1
4167,4170,4193,0,0,1
3648,4193,4194,0,0,1
3646,4194,4195,0,0,1
3456,4195,4196,0,0,1
4188,4196,4192,0,0,0
3553,3669,4197,0,0,1,1269
4198,4199,4200,1,1,1
4201,4200,4202,1,0,1
4203,4202,4204,1,0,1
4143,4204,4197,0,0,0
2269,3183,4205,0,0,1,9460
2308,4205,4206,0,0,1
2265,4206,4207,0,0,1
2266,4207,4208,0,0,1
2263,4208,4209,0,0,1
2261,4209,3185,0,0,0
4210,3450,4211,1,0,1,9461
4212,4211,4213,1,0,1
4214,4213,4215,1,0,1
4216,4215,4217,1,0,1
4189,4172,4218,0,0,1
4187,4190,4219,0,0,1
4217,4219,4218,0,0,0
4203,4145,4220,0,0,1,13556
4198,4201,4221,0,0,1
4222,4221,4223,1,0,1
4224,4223,4225,1,0,1
4157,4225,4226,0,0,1
4153,4226,4227,0,0,1
4151,4154,4228,0,0,1
4149,4228,4229,0,0,1
4147,4229,4230,0,0,1
4220,4230,4227,0,0,0
4122,3754,4231,0,0,1,9460
4232,4231,4233,1,0,1
4234,4235,4236,1,1,1
4237,4236,4238,1,0,1
4239,4238,4240,1,0,1
4222,4240,4241,0,0,1
4199,4241,4242,0,0,1
3551,4242,4243,0,0,1
3549,4243,4244,0,0,1
3756,3547,4245,0,0,1
4233,4245,4246,0,0,1
4244,4247,4248,0,1,1
3546,4248,4246,0,0,0
2676,4115,4249,0,0,1,1268
3701,2674,4250,0,0,1
3699,4250,4251,0,0,1
3697,4251,4252,0,0,1
4253,4252,4254,1,0,1
4255,4256,4257,1,1,1
4258,4259,4260,1,1,1
4261,4260,4262,1,0,1
4235,4262,4263,0,0,1
4247,4263,4264,0,0,1
4232,4264,4265,0,0,1
4119,4265,4266,0,0,1
4117,4120,4267,0,0,1
4249,4267,4268,0,0,1
4254,4268,4269,0,0,1
4257,4269,4266,0,0,0
3217,1549,4270,0,0,1,9463
3215,3218,4271,0,0,1
3209,3211,4272,0,0,1
1562,1565,4273,0,0,1
1560,4273,4274,0,0,1
1558,4274,4275,0,0,1
1553,1556,4276,0,0,1
4270,1551,4277,0,0,1
4275,4272,4278,0,0,1
4277,4276,4279,0,0,1
4271,4279,4280,0,0,1
4278,3213,4281,0,0,1
1555,4281,4280,0,0,0
1355,3476,4282,0,0,1,9460
1353,4282,4283,0,0,1
1351,4283,4284,0,0,1
1347,1349,4285,0,0,1
4286,4285,4287,1,0,1
4288,4287,4289,1,0,1
4290,4289,4291,1,0,1
261,4291,4292,0,0,1
44,4292,4293,0,0,1
42,4293,4294,0,0,1
4174,4294,4295,0,0,1
4216,4295,4296,0,0,1
4214,4296,4297,0,0,1
4212,4297,4298,0,0,1
4210,4298,4299,0,0,1
3448,4299,4284,0,0,0
4224,4156,4300,0,0,1,1265
4239,4300,4301,0,0,1
4302,4301,4303,1,0,1
4304,4303,4305,1,0,1
899,4305,4306,0,0,1
1327,4306,4159,0,0,0
4237,4302,4307,0,0,1,1267
4234,4307,4308,0,0,1
4261,4308,4309,0,0,1
4255,4259,4310,0,0,1
4311,4310,4312,1,0,1
4313,4312,4314,1,0,1
4315,4314,4316,1,0,1
4317,4316,4318,1,0,1
4319,4318,4320,1,0,1
4321,4320,4322,1,0,1
4323,4322,4324,1,0,1
4304,902,4325,0,0,1
4309,4325,4326,0,0,1
4258,4326,4324,0,0,0
4327,4328,4329,1,1,1,1270
4330,4331,4332,1,1,1
4333,4332,4334,1,0,1
4335,4336,4337,1,1,1
4338,4337,4339,1,0,1
4340,4341,4342,1,1,1
4343,4342,4344,1,0,1
4345,4346,4347,1,1,1
4329,4347,4348,0,0,1
4334,4348,4349,0,0,1
4339,4349,4344,0,0,0
2254,3188,4350,0,0,1,9461
3235,4350,3190,0,0,0
4319,4321,4351,0,0,1,13555
4352,4351,4353,1,0,1
4354,4353,4355,1,0,1
908,4356,4357,0,1,1
906,909,4358,0,0,1
904,4358,4359,0,0,1
4323,4359,4360,0,0,1
4355,4360,4357,0,0,0
917,921,4361,0,0,1,1265
915,918,4362,0,0,1
911,913,4363,0,0,1
4356,4363,4364,0,0,1
4365,4364,4366,1,0,1
4367,4368,4369,1,1,1
4370,4369,4371,1,0,1
4372,4371,4373,1,0,1
4374,4373,4375,1,0,1
4376,4377,4378,1,1,1
4379,4378,4380,1,0,1
4381,4380,4382,1,0,1
4383,4382,4384,1,0,1
4385,4384,4386,1,0,1
4387,4386,4388,1,0,1
4389,4388,4390,1,0,1
1384,1333,4391,0,0,1
4361,4391,4392,0,0,1
4362,4392,4393,0,0,1
4366,4393,4394,0,0,1
4375,4394,4390,0,0,0
3694,4253,4395,0,0,1,46320
4396,4395,4397,1,0,1
4398,4399,4400,1,1,1
4401,4402,4403,1,1,1
4313,4403,4404,0,0,1
4256,4311,4405,0,0,1
4397,4405,4406,0,0,1
4400,4406,4404,0,0,0
4288,4290,4407,0,0,1,1265
1345,4286,4408,0,0,1
46,50,4409,0,0,1
47,4409,4410,0,0,1
4407,4410,4408,0,0,0
4411,4317,4412,1,0,1,9460
4413,4412,4414,1,0,1
4415,4414,4416,1,0,1
4417,4416,4352,1,0,0
4401,4315,4418,0,0,1,1268
4419,4418,4420,1,0,1
4421,4420,4422,1,0,1
4423,4422,4424,1,0,1
4425,4426,4427,1,1,1
4428,4427,4429,1,0,1
4430,4429,4431,1,0,1
4415,4431,4432,0,0,1
4411,4413,4433,0,0,1
4424,4433,4432,0,0,0
3692,3695,4434,0,0,1,9461
3690,4434,4435,0,0,1
3688,4435,4436,0,0,1
3329,3370,4437,0,0,1
3327,4437,4438,0,0,1
4439,3324,4440,1,0,1
4441,4442,4443,1,1,1
4444,4443,4445,1,0,1
4446,4445,4447,1,0,1
4448,4447,4449,1,0,1
4450,4449,4451,1,0,1
4452,4451,4453,1,0,1
4396,4454,4455,0,1,1
4436,4455,4456,0,0,1
4438,4456,4457,0,0,1
4453,4440,4458,0,0,1
4459,4458,4457,1,0,0
2250,3193,4460,0,0,1,9459
4461,4460,4462,1,0,1
4463,4462,3196,1,0,0
4389,1332,4464,0,0,1,46320
4465,4466,4467,1,1,1
4468,4467,4469,1,0,1
4470,4471,4472,1,1,1
4473,4472,4474,1,0,1
1335,4474,4475,0,0,1
4464,4475,4469,0,0,0
4398,4402,4476,0,0,1,9461
4477,4476,4478,1,0,1
4479,4478,4480,1,0,1
4481,4482,4483,1,1,1
4484,4483,4485,1,0,1
4486,4485,4487,1,0,1
4421,4487,4488,0,0,1
4480,4419,4489,0,0,1
4490,4489,4488,1,0,0
4454,4399,4491,0,0,1,13556
4459,4491,4492,0,0,1
4493,4452,4494,1,0,1
4481,4494,4495,0,0,1
4490,4482,4496,0,0,1
4479,4496,4497,0,0,1
4477,4497,4498,0,0,1
4492,4498,4495,0,0,0
4430,4417,4499,0,0,1,1267
4425,4428,4500,0,0,1
4501,4500,4502,1,0,1
4503,4502,4504,1,0,1
4367,4504,4505,0,0,1
4368,4505,4506,0,0,1
4365,4506,4507,0,0,1
4354,4507,4499,0,0,0
4463,3195,4508,0,0,1,9461
2248,4461,4509,0,0,1
4510,2245,4511,1,0,1
4512,4513,4514,1,1,1
4515,4514,4516,1,0,1
4517,4518,4519,1,1,1
4520,4519,4521,1,0,1
4522,4521,4523,1,0,1
4524,4523,4525,1,0,1
4526,4527,4528,1,1,1
4529,4528,4530,1,0,1
4531,4532,4533,1,1,1
4534,4535,4536,1,1,1
4537,4538,4539,1,1,1
4540,4539,4541,1,0,1
4542,4541,4543,1,0,1
4544,4545,4546,1,1,1
4547,4548,4549,1,1,1
4550,4551,4552,1,1,1
4553,4552,4554,1,0,1
4555,4556,4557,1,1,1
4558,4557,4559,1,0,1
4560,4559,4561,1,0,1
4562,4563,4564,1,1,1
4565,4564,4566,1,0,1
4567,4566,4568,1,0,1
4569,4570,4571,1,1,1
4572,4573,4574,1,1,1
3238,4575,4576,0,1,1
4508,4576,4577,0,0,1
4509,4577,4578,0,0,1
4511,4578,4579,0,0,1
4516,4579,4580,0,0,1
4530,4525,4581,0,0,1
4536,4533,4582,0,0,1
4543,4583,4584,0,1,1
4546,4584,4585,0,0,1
4561,4554,4586,0,0,1
4580,4574,4587,0,0,1
4582,4581,4588,0,0,1
4585,4589,4590,0,1,1
4549,4590,4591,0,0,1
4587,4571,4592,0,0,1
4591,4588,4593,0,0,1
4586,4593,4594,0,0,1
4568,4594,4592,0,0,0
4572,4575,4595,0,0,1,46320
4569,4573,4596,0,0,1
4567,4570,4597,0,0,1
4598,4597,4599,1,0,1
4600,4599,4601,1,0,1
3202,4601,4602,0,0,1
3198,4602,4603,0,0,1
3199,4603,4604,0,0,1
4595,4604,4596,0,0,0
4486,4423,4605,0,0,1,9460
4493,4484,4606,0,0,1
4450,4606,4607,0,0,1
4608,4607,4609,1,0,1
4610,4609,4611,1,0,1
4612,4613,4614,1,1,1
4615,4614,4616,1,0,1
4503,4370,4617,0,0,1
4501,4617,4618,0,0,1
4426,4618,4619,0,0,1
4605,4619,4620,0,0,1
4611,4620,4616,0,0,0
4621,4473,4622,1,0,1,1268
4623,4622,4624,1,0,1
4625,4624,4626,1,0,1
1337,4627,4628,0,1,1
4626,1338,4629,0,0,1
4630,4629,4628,1,0,0
4600,3201,4631,0,0,1,1270
4598,4631,4632,0,0,1
4565,4632,4633,0,0,1
4634,4633,4635,1,0,1
4636,4635,4637,1,0,1
4638,4639,4640,1,1,1
4555,4641,4642,0,1,1
4643,4642,4644,1,0,1
4645,4644,4646,1,0,1
4647,4648,4649,1,1,1
4650,4545,4651,1,0,1
4652,4653,4654,1,1,1
4655,4656,4657,1,1,1
4658,4657,4659,1,0,1
4660,4659,4661,1,0,1
4662,4661,4663,1,0,1
4664,4665,4666,1,1,1
4667,4668,4669,1,1,1
4670,4669,4671,1,0,1
4672,4673,4674,1,1,1
4675,4674,4676,1,0,1
4677,4678,4679,1,1,1
4680,4679,4681,1,0,1
4682,4683,4684,1,1,1
4685,4684,4686,1,0,1
4687,4686,4688,1,0,1
1617,4688,4689,0,0,1
1920,4689,4690,0,0,1
1613,4690,4691,0,0,1
1611,1614,4692,0,0,1
1609,4692,4693,0,0,1
1607,4693,4694,0,0,1
1603,1605,4695,0,0,1
1983,1601,4696,0,0,1
1598,4696,4697,0,0,1
1595,4697,4698,0,0,1
1593,1596,4699,0,0,1
1590,4699,4700,0,0,1
1916,1591,4701,0,0,1
1587,4701,4702,0,0,1
1588,4702,4703,0,0,1
1584,4703,4704,0,0,1
1914,1585,4705,0,0,1
1581,4705,4706,0,0,1
1578,1582,4707,0,0,1
1575,1579,4708,0,0,1
1572,1576,4709,0,0,1
4637,4709,4710,0,0,1
4640,4710,4711,0,0,1
4649,4646,4712,0,0,1
4654,4651,4713,0,0,1
4663,4714,4715,0,1,1
4676,4671,4716,0,0,1
4681,4716,4717,0,0,1
4718,4717,4719,1,0,1
4691,4719,4720,0,0,1
4694,4720,4721,0,0,1
4695,4721,4722,0,0,1
1600,4722,4723,0,0,1
4698,4723,4724,0,0,1
4707,4706,4725,0,0,1
4711,4708,4726,0,0,1
4715,4713,4727,0,0,1
4724,4728,4729,0,1,1
4700,4729,4730,0,0,1
4726,4725,4731,0,0,1
4712,4731,4732,0,0,1
4733,4732,4734,1,0,1
4727,4734,4735,0,0,1
4730,4666,4736,0,0,1
4704,4736,4735,0,0,0
4737,4468,4738,1,0,1,9460
4739,4738,4740,1,0,1
4741,4740,4742,1,0,1
4743,4744,4745,1,1,1
4746,4745,4747,1,0,1
4748,4747,4749,1,0,1
4750,4749,4751,1,0,1
4752,4751,4753,1,0,1
4754,4753,4755,1,0,1
4756,4755,4757,1,0,1
4758,4757,4759,1,0,1
4760,4759,4761,1,0,1
4762,4763,4764,1,1,1
4471,4764,4765,0,0,1
4742,4765,4761,0,0,0
4387,4466,4766,0,0,1,9461
4767,4766,4768,1,0,1
4769,4768,4770,1,0,1
4771,4770,4772,1,0,1
4773,4772,4774,1,0,1
4775,4776,4777,1,1,1
4744,4778,4779,0,1,1
4741,4779,4780,0,0,1
4739,4780,4781,0,0,1
4737,4781,4782,0,0,1
4465,4782,4783,0,0,1
4774,4783,4777,0,0,0
4470,4621,4784,0,0,1,1266
4762,4784,4785,0,0,1
4763,4785,4786,0,0,1
4760,4786,4787,0,0,1
4758,4787,4788,0,0,1
4756,4788,4789,0,0,1
4752,4754,4790,0,0,1
4791,4790,4792,1,0,1
4625,4792,4793,0,0,1
4623,4793,4789,0,0,0
2242,2246,4794,0,0,1,9460
2240,2243,4795,0,0,1
741,2238,4796,0,0,1
737,4796,4797,0,0,1
4798,4797,4799,1,0,1
4800,4799,4801,1,0,1
4518,4801,4802,0,0,1
4515,4802,4803,0,0,1
4512,4803,4804,0,0,1
4513,4804,4805,0,0,1
4794,4510,4806,0,0,1
4795,4806,4807,0,0,1
2237,4807,4805,0,0,0
4615,4372,4808,0,0,1,1266
4612,4808,4809,0,0,1
4810,4613,4811,1,0,1
4812,4813,4814,1,1,1
931,4814,4815,0,0,1
928,4815,4816,0,0,1
4817,4816,4818,1,0,1
4376,4818,4819,0,0,1
4374,4377,4820,0,0,1
4809,4820,4821,0,0,1
4811,4821,4819,0,0,0
4383,4385,4822,0,0,1,9462
4823,4822,4824,1,0,1
949,4824,4825,0,0,1
4826,947,4827,1,0,1
4828,4827,4829,1,0,1
4830,4829,4831,1,0,1
1852,4831,4832,0,0,1
4833,4832,4834,1,0,1
4835,4834,4836,1,0,1
4837,4838,4839,1,1,1
4769,4840,4841,0,1,1
4825,4767,4842,0,0,1
4836,4842,4843,0,0,1
4839,4843,4841,0,0,0
4560,4563,4844,0,0,1,9462
4558,4844,4845,0,0,1
4641,4845,4846,0,0,1
4638,4846,4847,0,0,1
4636,4639,4848,0,0,1
4634,4848,4849,0,0,1
4562,4849,4847,0,0,0
4837,4840,4850,0,0,1,1269
4851,4850,4852,1,0,1
4853,4854,4855,1,1,1
4856,4855,4857,1,0,1
4858,4857,4859,1,0,1
4776,4860,4861,0,1,1
4773,4861,4862,0,0,1
4852,4771,4863,0,0,1
4859,4863,4862,0,0,0
4630,4627,4864,0,0,1,1265
4750,4791,4865,0,0,1
4866,4865,4867,1,0,1
4868,4867,4869,1,0,1
4870,4871,4872,1,1,1
4873,4872,4874,1,0,1
4875,4874,4876,1,0,1
4877,4876,4878,1,0,1
60,4879,4880,0,1,1
57,4880,4881,0,0,1
265,58,4882,0,0,1
324,4882,4883,0,0,1
55,4883,4884,0,0,1
52,4884,4885,0,0,1
1340,4885,4886,0,0,1
1386,1341,4887,0,0,1
4864,4887,4888,0,0,1
4869,4888,4889,0,0,1
4881,4878,4890,0,0,1
4886,4890,4889,0,0,0
4448,4608,4891,0,0,1,1267
4892,4891,4893,1,0,1
4894,4895,4896,1,1,1
4897,4898,4899,1,1,1
4900,4901,4902,1,1,1
930,4902,4903,0,0,1
4812,4903,4904,0,0,1
4813,4904,4905,0,0,1
4810,4905,4906,0,0,1
4893,4610,4907,0,0,1
4896,4907,4908,0,0,1
4899,4908,4906,0,0,0
4379,4381,4909,0,0,1,9459
4817,4909,4910,0,0,1
925,4910,4911,0,0,1
926,4911,4823,0,0,0
4858,4860,4912,0,0,1,1270
4851,4854,4913,0,0,1
4838,4913,4914,0,0,1
4835,4914,4915,0,0,1
4833,4915,4916,0,0,1
4917,1850,4918,1,0,1
4919,4918,4920,1,0,1
4921,4922,4923,1,1,1
4924,4923,4925,1,0,1
4926,4925,4927,1,0,1
4746,4927,4928,0,0,1
4743,4928,4929,0,0,1
4778,4929,4930,0,0,1
4912,4775,4931,0,0,1
4916,4853,4932,0,0,1
4920,4932,4933,0,0,1
4931,4930,4934,0,0,1
4856,4934,4933,0,0,0
4446,4892,4935,0,0,1,9460
4936,4937,4938,1,1,1
4939,4938,4940,1,0,1
4895,4941,4942,0,1,1
4935,4942,4943,0,0,1
4444,4943,4940,0,0,0
2486,2488,4944,0,0,1,29936
2482,2484,4945,0,0,1
4946,2480,4947,1,0,1
4948,4947,4949,1,0,1
4950,4949,4951,1,0,1
4952,4951,4953,1,0,1
4954,4953,4955,1,0,1
2356,4956,4957,0,1,1
2352,4957,4958,0,0,1
4944,4958,4959,0,0,1
4945,4959,4955,0,0,0
2360,2413,4960,0,0,1,34544
2358,4960,4961,0,0,1
2355,4961,4962,0,0,1
4963,4962,4964,1,0,1
4965,4964,4966,1,0,1
4967,4966,4968,1,0,1
4969,4968,4970,1,0,1
4971,4970,4972,1,0,1
4973,4972,4974,1,0,1
4975,4974,4976,1,0,1
4977,4976,4978,1,0,1
4979,4980,4981,1,1,1
4982,4983,4984,1,1,1
4985,4984,4986,1,0,1
395,4987,4988,0,1,1
4989,4988,4990,1,0,1
4991,4990,4992,1,0,1
4993,4992,4994,1,0,1
4995,4996,4997,1,1,1
4998,4997,4999,1,0,1
5000,4999,5001,1,0,1
2375,5001,5002,0,0,1
2372,5002,5003,0,0,1
2370,5003,5004,0,0,1
2367,5004,5005,0,0,1
2368,5005,5006,0,0,1
2365,5006,5007,0,0,1
2362,5007,5008,0,0,1
2363,5008,5009,0,0,1
2415,5009,5010,0,0,1
4978,5010,5011,0,0,1
5012,5011,5013,1,0,1
5014,5013,5015,1,0,1
4981,5015,5016,0,0,1
4994,4986,5017,0,0,1
5018,5017,5016,1,0,0
4941,4894,5019,0,0,1,1268
4939,5019,5020,0,0,1
5021,5022,5023,1,1,1
935,5023,5024,0,0,1
933,5024,5025,0,0,1
4900,5025,5026,0,0,1
4901,5026,5027,0,0,1
4897,5027,5028,0,0,1
4898,5028,5020,0,0,0
734,738,5029,0,0,1,46320
732,735,5030,0,0,1
725,728,5031,0,0,1
722,5031,5032,0,0,1
851,723,5033,0,0,1
720,5033,5034,0,0,1
718,5034,5035,0,0,1
714,716,5036,0,0,1
5037,5038,5039,1,1,1
5040,5039,5041,1,0,1
5042,5041,5043,1,0,1
5044,5043,5045,1,0,1
5046,5047,5048,1,1,1
5049,5050,5051,1,1,1
5052,5051,5053,1,0,1
5054,5055,5056,1,1,1
5057,5056,5058,1,0,1
5059,5058,5060,1,0,1
5061,5060,5062,1,0,1
5063,5064,5065,1,1,1
5066,5065,5067,1,0,1
5068,5067,5069,1,0,1
5070,5069,5071,1,0,1
5072,5071,5073,1,0,1
5074,5075,5076,1,1,1
5077,5076,5078,1,0,1
5079,5078,5080,1,0,1
5081,5080,5082,1,0,1
5083,5084,5085,1,1,1
5086,5085,5087,1,0,1
5088,5087,5089,1,0,1
5090,5091,5092,1,1,1
5093,5094,5095,1,1,1
5096,5095,5097,1,0,1
5098,5097,5099,1,0,1
5100,5101,5102,1,1,1
5103,5102,5104,1,0,1
5105,5106,5107,1,1,1
5108,5109,5110,1,1,1
5111,5112,5113,1,1,1
5114,5115,5116,1,1,1
5117,5118,5119,1,1,1
4535,5120,5121,0,1,1
4531,5121,5122,0,0,1
5123,5122,5124,1,0,1
5125,5124,5126,1,0,1
4520,5127,5128,0,1,1
4800,4517,5129,0,0,1
4798,5129,5130,0,0,1
5029,5130,5131,0,0,1
5030,5131,5132,0,0,1
5032,727,5133,0,0,1
5048,5045,5134,0,0,1
5062,5053,5135,0,0,1
5082,5073,5136,0,0,1
5089,5136,5137,0,0,1
5099,5138,5139,0,1,1
5104,5139,5140,0,0,1
5107,5140,5141,0,0,1
5110,5141,5142,0,0,1
5113,5143,5144,0,1,1
5119,5116,5145,0,0,1
5126,5145,5146,0,0,1
5128,5146,5147,0,0,1
5132,5147,5148,0,0,1
730,5148,5149,0,0,1
5134,5036,5150,0,0,1
5151,5150,5152,1,0,1
5135,5152,5153,0,0,1
5137,5154,5155,0,1,1
5092,5155,5156,0,0,1
5149,5144,5157,0,0,1
5133,5157,5158,0,0,1
5153,5035,5159,0,0,1
5156,5159,5160,0,0,1
5142,5160,5158,0,0,0
4954,4956,5161,0,0,1,30448
4950,4952,5162,0,0,1
4948,5162,5163,0,0,1
5164,5163,5165,1,0,1
5166,5165,5167,1,0,1
5168,5167,5169,1,0,1
5170,5169,5171,1,0,1
5172,5171,5173,1,0,1
5174,5173,5175,1,0,1
5176,5175,5177,1,0,1
5178,5177,5179,1,0,1
5180,5181,5182,1,1,1
5183,5184,5185,1,1,1
4983,5185,5186,0,0,1
4979,5186,5187,0,0,1
5014,4980,5188,0,0,1
5012,5188,5189,0,0,1
4977,5189,5190,0,0,1
4975,5190,5191,0,0,1
4973,5191,5192,0,0,1
4971,5192,5193,0,0,1
4969,5193,5194,0,0,1
4967,5194,5195,0,0,1
4965,5195,5196,0,0,1
4963,5196,5197,0,0,1
5161,5197,5198,0,0,1
5179,5198,5199,0,0,1
5182,5199,5187,0,0,0
94,333,5200,0,0,1,1268
91,5200,5201,0,0,1
271,92,5202,0,0,1
5203,5202,5204,1,0,1
5205,5204,5206,1,0,1
5207,5206,5208,1,0,1
5209,5208,5210,1,0,1
5211,5212,5213,1,1,1
100,5214,5215,0,1,1
96,5215,5216,0,0,1
97,5216,5217,0,0,1
5201,5217,5218,0,0,1
5210,5218,5213,0,0,0
4917,4919,5219,0,0,1,9462
1847,5219,5220,0,0,1
5221,5220,5222,1,0,1
5223,5224,5225,1,1,1
4924,5225,5226,0,0,1
4921,5226,5227,0,0,1
4922,5227,5222,0,0,0
4926,4748,5228,0,0,1,9461
5223,5228,5229,0,0,1
5230,5229,5231,1,0,1
5232,5231,5233,1,0,1
5234,5233,5235,1,0,1
5236,5235,5237,1,0,1
5238,5239,5240,1,1,1
5241,5242,5243,1,1,1
4866,5244,5245,0,1,1
5240,5237,5246,0,0,1
5243,5246,5245,0,0,0
5247,5248,5249,1,1,1,1269
5250,5249,5251,1,0,1
5252,5251,5253,1,0,1
5254,5255,5256,1,1,1
5257,5256,5258,1,0,1
5259,5258,5253,1,0,0
4828,4830,5260,0,0,1,9463
945,4826,5261,0,0,1
3313,5261,5262,0,0,1
1856,5262,5263,0,0,1
1854,5263,5260,0,0,0
5127,4522,5264,0,0,1,9460
5125,5264,5265,0,0,1
5123,5265,5266,0,0,1
4529,4532,5267,0,0,1
4526,5267,5268,0,0,1
4524,4527,5269,0,0,1
5266,5269,5268,0,0,0
3325,4439,5270,0,0,1,1269
3321,5270,5271,0,0,1
3368,3322,5272,0,0,1
3366,5272,5273,0,0,1
3319,5273,5274,0,0,1
939,3317,5275,0,0,1
5021,937,5276,0,0,1
4936,5022,5277,0,0,1
4441,4937,5278,0,0,1
5271,4442,5279,0,0,1
5274,5279,5280,0,0,1
5275,5280,5281,0,0,1
5276,5281,5282,0,0,1
5277,5282,5278,0,0,0
5224,5230,5283,0,0,1,1270
1848,5221,5284,0,0,1
1845,5284,5285,0,0,1
1843,5285,5286,0,0,1
5287,1841,5288,1,0,1
5289,5288,5290,1,0,1
5291,5290,5292,1,0,1
5232,5292,5293,0,0,1
5283,5293,5286,0,0,0
4553,4556,5294,0,0,1,9462
4550,5294,5295,0,0,1
4547,4551,5296,0,0,1
4544,4548,5297,0,0,1
4733,5297,5298,0,0,1
4647,5298,5299,0,0,1
4645,4648,5300,0,0,1
4643,5300,5301,0,0,1
5295,5301,5302,0,0,1
5296,5302,5299,0,0,0
5241,5244,5303,0,0,1,9460
5238,5242,5304,0,0,1
5305,5304,5306,1,0,1
5307,5306,5308,1,0,1
4871,5308,5309,0,0,1
4868,5309,5303,0,0,0
5291,5234,5310,0,0,1,9462
5289,5310,5311,0,0,1
1839,5287,5312,0,0,1
1837,5312,5313,0,0,1
1835,5313,5314,0,0,1
1832,5314,5315,0,0,1
5316,5317,5318,1,1,1
5319,5318,5320,1,0,1
5321,5322,5323,1,1,1
5324,5325,5326,1,1,1
5327,5328,5329,1,1,1
5330,5329,5331,1,0,1
68,5332,5333,0,1,1
64,5333,5334,0,0,1
5335,5334,5336,1,0,1
4873,5336,5337,0,0,1
5307,4870,5338,0,0,1
5239,5305,5339,0,0,1
5311,5236,5340,0,0,1
5320,5341,5342,0,1,1
5323,5342,5343,0,0,1
5326,5343,5344,0,0,1
5345,5344,5346,1,0,1
5347,5346,5348,1,0,1
5331,5348,5349,0,0,1
5337,5349,5350,0,0,1
5338,5350,5351,0,0,1
5340,5339,5352,0,0,1
5315,5352,5351,0,0,0
5117,5120,5353,0,0,1,9460
5114,5118,5354,0,0,1
5355,5354,5356,1,0,1
5357,5358,5359,1,1,1
5101,5360,5361,0,1,1
5098,5361,5362,0,0,1
5096,5362,5363,0,0,1
5364,5365,5366,1,1,1
5084,5367,5368,0,1,1
5081,5368,5369,0,0,1
5370,5369,5371,1,0,1
5372,5371,5373,1,0,1
5374,5375,5376,1,1,1
5377,5378,5379,1,1,1
5380,5381,5382,1,1,1
5383,5384,5385,1,1,1
5386,5387,5388,1,1,1
4538,5388,5389,0,0,1
4589,4583,5390,0,0,1
4534,5390,5391,0,0,1
5353,5391,5392,0,0,1
5356,5392,5393,0,0,1
5359,5393,5394,0,0,1
5373,5366,5395,0,0,1
5376,5395,5396,0,0,1
5385,5382,5397,0,0,1
5394,5389,5398,0,0,1
5363,5398,5399,0,0,1
5396,5400,5401,0,1,1
5379,5401,5402,0,0,1
5397,5402,5399,0,0,0
5111,5115,5403,0,0,1,1267
5404,5403,5405,1,0,1
5100,5405,5406,0,0,1
5357,5360,5407,0,0,1
5358,5407,5408,0,0,1
5355,5408,5406,0,0,0
5214,99,5409,0,0,1,9460
5211,5409,5410,0,0,1
5212,5410,5411,0,0,1
5207,5209,5412,0,0,1
5203,5205,5413,0,0,1
89,5413,5414,0,0,1
86,5414,5415,0,0,1
5416,5417,5418,1,1,1
108,5419,5420,0,1,1
274,5420,5421,0,0,1
105,5421,5422,0,0,1
102,5422,5423,0,0,1
103,5423,5424,0,0,1
5411,5424,5425,0,0,1
5412,5425,5426,0,0,1
5418,5415,5427,0,0,1
5428,5427,5426,1,0,0
5108,5143,5429,0,0,1,1266
5105,5109,5430,0,0,1
5103,5106,5431,0,0,1
5404,5431,5432,0,0,1
5112,5432,5433,0,0,1
5429,5433,5430,0,0,0
5386,4537,5434,0,0,1,1269
5435,5434,5436,1,0,1
5437,5438,5439,1,1,1
5381,5440,5441,0,1,1
5377,5441,5442,0,0,1
5443,5442,5444,1,0,1
5445,5446,5447,1,1,1
5448,5447,5449,1,0,1
4656,5449,5450,0,0,1
4714,5450,5451,0,0,1
4652,5451,5452,0,0,1
4650,4653,5453,0,0,1
5436,4540,5454,0,0,1
5444,5439,5455,0,0,1
5452,5455,5456,0,0,1
5453,5456,5457,0,0,1
4542,5457,5454,0,0,0
5335,4875,5458,0,0,1,21749
267,65,5459,0,0,1
62,5459,5460,0,0,1
4879,5460,5461,0,0,1
4877,5461,5458,0,0,0
5383,5387,5462,0,0,1,9461
5380,5384,5463,0,0,1
5437,5440,5464,0,0,1
5438,5464,5465,0,0,1
5462,5435,5466,0,0,1
5463,5466,5465,0,0,0
5000,2374,5467,0,0,1,50928
4998,5467,5468,0,0,1
5469,4995,5470,1,0,1
5471,5470,5472,1,0,1
5473,5472,5474,1,0,1
5475,5474,5476,1,0,1
5477,5476,5478,1,0,1
5479,5480,5481,1,1,1
4989,5481,5482,0,0,1
396,5482,5483,0,0,1
392,5483,5484,0,0,1
393,5484,5485,0,0,1
872,5485,5486,0,0,1
888,5486,5487,0,0,1
389,5487,5488,0,0,1
390,5488,5489,0,0,1
387,769,5490,0,0,1
766,385,5491,0,0,1
382,5491,5492,0,0,1
5468,5492,5493,0,0,1
5478,5493,5494,0,0,1
5489,5495,5496,0,1,1
5490,5496,5497,0,0,1
384,5497,5494,0,0,0
87,5417,5498,0,0,1,9462
84,5498,5499,0,0,1
82,5499,5500,0,0,1
5501,5500,5502,1,0,1
5503,5502,5504,1,0,1
5504,5416,5505,0,0,1,1267
5506,5505,5507,1,0,1
5508,5507,5509,1,0,1
5510,5509,5511,1,0,1
5512,5513,5514,1,1,1
5515,5514,5516,1,0,1
5517,5516,5518,1,0,1
5519,5518,5520,1,0,1
5521,5520,5522,1,0,1
107,5522,5523,0,0,1
5419,5523,5524,0,0,1
5511,5428,5525,0,0,1
5526,5525,5524,1,0,0
5527,5166,5528,1,0,1,29936
5529,5530,5531,1,1,1
1019,5532,5533,0,1,1
5534,5533,5535,1,0,1
5536,5535,5537,1,0,1
5538,5539,5540,1,1,1
5541,5540,5542,1,0,1
4982,5543,5544,0,1,1
5183,5544,5545,0,0,1
5180,5184,5546,0,0,1
5178,5181,5547,0,0,1
5176,5547,5548,0,0,1
5174,5548,5549,0,0,1
5170,5172,5550,0,0,1
5528,5168,5551,0,0,1
5531,5551,5552,0,0,1
5537,5552,5553,0,0,1
5545,5542,5554,0,0,1
5546,5554,5555,0,0,1
5549,5555,5556,0,0,1
5550,5556,5553,0,0,0
5503,5506,5557,0,0,1,9460
80,5501,5558,0,0,1
76,78,5559,0,0,1
5560,5559,5561,1,0,1
5562,5561,5563,1,0,1
5564,5563,5565,1,0,1
5566,5565,5567,1,0,1
5513,5568,5569,0,1,1
5526,5569,5570,0,0,1
5510,5570,5571,0,0,1
5508,5571,5572,0,0,1
5557,5572,5573,0,0,1
5558,5573,5567,0,0,0
5374,5378,5574,0,0,1,9461
4658,5575,5576,0,1,1
4655,5576,5577,0,0,1
5448,5577,5578,0,0,1
5445,5578,5579,0,0,1
5443,5446,5580,0,0,1
5574,5580,5579,0,0,0
5330,5332,5581,0,0,1,1270
5327,5581,5582,0,0,1
5583,5584,5585,1,1,1
67,5586,5587,0,1,1
5582,5587,5585,0,0,0
5090,5138,5588,0,0,1,1267
5088,5091,5589,0,0,1
5086,5589,5590,0,0,1
5083,5590,5591,0,0,1
5367,5591,5592,0,0,1
5364,5592,5593,0,0,1
5365,5593,5594,0,0,1
5400,5594,5595,0,0,1
5093,5595,5596,0,0,1
5094,5596,5588,0,0,0
5568,5512,5597,0,0,1,1269
5566,5597,5598,0,0,1
5562,5564,5599,0,0,1
5600,5599,5601,1,0,1
5602,5601,5603,1,0,1
5604,5603,5605,1,0,1
5606,5605,5607,1,0,1
5515,5607,5598,0,0,0
5606,5517,5608,0,0,1,9461
5604,5608,5609,0,0,1
5610,5611,5612,1,1,1
5613,5612,5614,1,0,1
5615,5614,5616,1,0,1
5617,5618,5619,1,1,1
5620,5619,5621,1,0,1
5622,5621,5623,1,0,1
5624,5623,5625,1,0,1
5626,5625,5627,1,0,1
5609,5627,5628,0,0,1
5602,5628,5616,0,0,0
5629,5079,5630,1,0,1,9461
5631,5630,5632,1,0,1
5633,5634,5635,1,1,1
5636,5637,5638,1,1,1
5639,5640,5641,1,1,1
5642,5641,5643,1,0,1
4672,5643,5644,0,0,1
4670,4673,5645,0,0,1
4667,5645,5646,0,0,1
5370,5647,5648,0,1,1
5632,5648,5649,0,0,1
5635,5649,5650,0,0,1
5644,5638,5651,0,0,1
5646,5651,5652,0,0,1
5653,5652,5650,1,0,0
5519,5521,5654,0,0,1,9460
5626,5654,5655,0,0,1
5656,5655,5657,1,0,1
5658,5657,5659,1,0,1
5660,5661,5662,1,1,1
113,5663,5664,0,1,1
110,5664,5665,0,0,1
5659,5665,5662,0,0,0
5583,5586,5666,0,0,1,9461
5328,5584,5667,0,0,1
5668,5667,5669,1,0,1
5670,5669,5671,1,0,1
70,5671,5666,0,0,0
5575,4660,5672,0,0,1,1269
5375,5672,5673,0,0,1
5647,5372,5674,0,0,1
5653,5674,5675,0,0,1
4668,5675,5676,0,0,1
4728,5676,5677,0,0,1
4664,5677,5678,0,0,1
4665,5678,5679,0,0,1
4662,5679,5673,0,0,0
5018,4996,5680,0,0,1,33520
4993,5680,5681,0,0,1
5479,4991,5682,0,0,1
5683,5682,5684,1,0,1
5685,5684,5686,1,0,1
5469,5686,5681,0,0,0
5061,5154,5687,0,0,1,1268
5059,5687,5688,0,0,1
5689,5688,5690,1,0,1
5691,5692,5693,1,1,1
5694,5693,5695,1,0,1
5696,5695,5697,1,0,1
5064,5697,5690,0,0,0
5077,5629,5698,0,0,1,9460
5057,5689,5699,0,0,1
5700,5054,5701,1,0,1
5702,5703,5704,1,1,1
5040,5704,5705,0,0,1
5037,5705,5706,0,0,1
5707,5706,5708,1,0,1
5709,5710,5711,1,1,1
5712,5711,5713,1,0,1
5714,5713,5715,1,0,1
5716,5715,5717,1,0,1
5718,5719,5720,1,1,1
5636,5640,5721,0,0,1
5637,5721,5722,0,0,1
5633,5722,5723,0,0,1
5631,5634,5724,0,0,1
5698,5724,5725,0,0,1
5726,5725,5727,1,0,1
5699,5692,5728,0,0,1
5717,5729,5730,0,1,1
5720,5730,5731,0,0,1
5727,5723,5732,0,0,1
5728,5732,5733,0,0,1
5701,5733,5734,0,0,1
5731,5708,5735,0,0,1
5736,5735,5734,1,0,0
5070,5072,5737,0,0,1,1267
5066,5068,5738,0,0,1
5696,5063,5739,0,0,1
5694,5739,5740,0,0,1
5691,5740,5741,0,0,1
5726,5741,5742,0,0,1
5074,5742,5743,0,0,1
5075,5743,5744,0,0,1
5737,5744,5738,0,0,0
5685,5471,5745,0,0,1,49904
5683,5745,5746,0,0,1
5480,5746,5747,0,0,1
5495,5747,5748,0,0,1
5477,5748,5749,0,0,1
5475,5749,5473,0,0,0
664,869,5750,0,0,1,1267
5751,5752,5753,1,1,1
667,5753,5754,0,0,1
668,5754,5750,0,0,0
5668,5670,5755,0,0,1,13557
5347,5755,5756,0,0,1
5757,5756,5758,1,0,1
5759,5758,5760,1,0,1
5761,5760,72,1,0,0
5541,5543,5762,0,0,1,34032
5538,5762,5763,0,0,1
5536,5539,5764,0,0,1
5534,5764,5765,0,0,1
5766,5765,5767,1,0,1
5768,5767,5769,1,0,1
5770,5769,5771,1,0,1
5772,5771,5773,1,0,1
1015,5773,5774,0,0,1
404,5774,5775,0,0,1
772,405,5776,0,0,1
402,5776,5777,0,0,1
400,5777,5778,0,0,1
4987,398,5779,0,0,1
4985,5779,5780,0,0,1
5763,5780,5781,0,0,1
5775,5781,5778,0,0,0
5782,5783,5784,1,1,1,25844
5785,5786,5787,1,1,1
5788,5787,5789,1,0,1
5790,5789,5791,1,0,1
5784,5792,5793,0,1,1
5794,5793,5791,1,0,0
5624,5656,5795,0,0,1,13555
5622,5795,5796,0,0,1
5797,5620,5798,1,0,1
5799,5798,5800,1,0,1
5801,5800,5802,1,0,1
5803,5804,5805,1,1,1
5806,5805,5807,1,0,1
5661,5807,5808,0,0,1
5658,5808,5809,0,0,1
5796,5809,5802,0,0,0
5810,5811,5812,1,1,1,25843
5813,5814,5815,1,1,1
5816,5815,5812,1,0,0
5660,5663,5817,0,0,1,9461
5806,5817,5818,0,0,1
5803,5818,5819,0,0,1
5801,5804,5820,0,0,1
5821,5820,5822,1,0,1
5823,5822,5824,1,0,1
5825,5824,5826,1,0,1
118,121,5827,0,0,1
115,5827,5828,0,0,1
112,116,5829,0,0,1
5819,5829,5830,0,0,1
5826,5830,5828,0,0,0
684,848,5831,0,0,1,21749
812,685,5832,0,0,1
5833,5832,5834,1,0,1
691,5834,5835,0,0,1
687,5835,5836,0,0,1
688,5836,5831,0,0,0
74,5560,5837,0,0,1,9462
5838,5837,5839,1,0,1
5610,5840,5841,0,1,1
5611,5841,5842,0,0,1
5600,5842,5839,0,0,0
5046,5151,5843,0,0,1,25844
5044,5047,5844,0,0,1
5042,5844,5845,0,0,1
5702,5845,5846,0,0,1
5847,5846,5848,1,0,1
5050,5848,5843,0,0,0
5049,5052,5849,0,0,1,1268
5703,5847,5850,0,0,1
5700,5850,5851,0,0,1
5055,5851,5849,0,0,0
5852,675,5853,1,0,1,21749
5854,5853,5855,1,0,1
5856,5855,5857,1,0,1
5858,5857,5859,1,0,1
5860,5859,5861,1,0,1
5862,5861,5863,1,0,1
5864,5863,5865,1,0,1
5866,5865,5867,1,0,1
5868,5867,674,1,0,0
670,672,5869,0,0,1,9460
5751,5869,5870,0,0,1
665,5752,5871,0,0,1
661,5871,5872,0,0,1
5873,5872,5874,1,0,1
5875,5876,5877,1,1,1
5878,5877,5879,1,0,1
5856,5858,5880,0,0,1
5852,5854,5881,0,0,1
5870,5881,5882,0,0,1
5879,5874,5883,0,0,1
5880,5883,5882,0,0,0
5884,5530,5885,1,0,1,50416
951,5885,5886,0,0,1
1028,5886,5887,0,0,1
1026,5887,5888,0,0,1
1024,5888,5889,0,0,1
1022,5889,5890,0,0,1
5532,5890,5529,0,0,0
5345,5757,5891,0,0,1,9461
5324,5891,5892,0,0,1
5893,5894,5895,1,1,1
5896,5895,5897,1,0,1
5898,5897,5899,1,0,1
5838,5899,5900,0,0,1
5761,5900,5901,0,0,1
5759,5901,5892,0,0,0
696,818,5902,0,0,1,25845
680,5903,5904,0,1,1
5905,5904,5906,1,0,1
5907,5906,5908,1,0,1
700,5908,5902,0,0,0
810,5833,5909,0,0,1,25846
5910,5909,5911,1,0,1
694,5911,690,0,0,0
3908,4057,5912,0,0,1,1273
4054,3909,5913,0,0,1
3906,5913,5914,0,0,1
3903,5914,5915,0,0,1
3900,3904,5916,0,0,1
3897,3901,5917,0,0,1
3898,5917,5918,0,0,1
3895,5918,5919,0,0,1
3892,5919,5920,0,0,1
3889,3893,5921,0,0,1
3887,3890,5922,0,0,1
3881,3885,5923,0,0,1
4046,3882,5924,0,0,1
4089,5924,5925,0,0,1
3879,5925,5926,0,0,1
3876,5926,5927,0,0,1
3873,3877,5928,0,0,1
4043,3874,5929,0,0,1
3871,5929,5930,0,0,1
3868,5930,5931,0,0,1
4041,3869,5932,0,0,1
3865,5932,5933,0,0,1
3866,5933,5934,0,0,1
3861,3863,5935,0,0,1
3857,3859,5936,0,0,1
3855,5936,5937,0,0,1
3851,3853,5938,0,0,1
5939,5938,5940,1,0,1
3963,3966,5941,0,0,1
3957,3961,5942,0,0,1
3955,3958,5943,0,0,1
3952,5943,5944,0,0,1
3949,3953,5945,0,0,1
3947,3950,5946,0,0,1
3941,3945,5947,0,0,1
3938,3942,5948,0,0,1
3936,3939,5949,0,0,1
3933,5949,5950,0,0,1
3930,3934,5951,0,0,1
3928,3931,5952,0,0,1
3925,5952,5953,0,0,1
3922,3926,5954,0,0,1
3919,3923,5955,0,0,1
3917,3920,5956,0,0,1
3914,5956,5957,0,0,1
3911,3915,5958,0,0,1
3912,5958,5959,0,0,1
5912,5959,5960,0,0,1
5915,5960,5961,0,0,1
5916,5961,5962,0,0,1
5920,5962,5963,0,0,1
5921,5963,5964,0,0,1
5922,5964,5965,0,0,1
5927,5923,5966,0,0,1
5928,5966,5967,0,0,1
5931,5967,5968,0,0,1
5934,5968,5969,0,0,1
5937,5935,5970,0,0,1
5940,5970,5971,0,0,1
5941,5971,5972,0,0,1
3960,5972,5973,0,0,1
5942,5973,5974,0,0,1
5944,5974,5975,0,0,1
5945,5975,5976,0,0,1
5946,5976,5977,0,0,1
3944,5977,5978,0,0,1
5947,5978,5979,0,0,1
5948,5979,5980,0,0,1
5950,5980,5981,0,0,1
5951,5981,5982,0,0,1
5953,5982,5983,0,0,1
5954,5983,5984,0,0,1
5955,5984,5985,0,0,1
5965,5957,5986,0,0,1
5969,3884,5987,0,0,1
5985,5987,5986,0,0,0
5821,5823,5988,0,0,1,1265
5799,5988,5989,0,0,1
5617,5797,5990,0,0,1
5615,5618,5991,0,0,1
5840,5613,5992,0,0,1
5898,5992,5993,0,0,1
5994,5993,5995,1,0,1
5996,5995,5997,1,0,1
124,5997,5998,0,0,1
310,5998,5999,0,0,1
339,326,6000,0,0,1
120,6000,6001,0,0,1
5825,6001,6002,0,0,1
5989,6002,6003,0,0,1
5990,6003,6004,0,0,1
5991,6004,5999,0,0,0
5736,5639,6005,0,0,1,1269
6006,6005,6007,1,0,1
6008,6007,6009,1,0,1
4677,6009,6010,0,0,1
4678,6010,6011,0,0,1
4675,6011,5642,0,0,0
699,702,6012,0,0,1,21748
6013,6012,6014,1,0,1
5709,6015,6016,0,1,1
6017,6016,6018,1,0,1
6019,6018,6020,1,0,1
707,6020,6021,0,0,1
708,6021,6022,0,0,1
704,6022,6023,0,0,1
705,6023,6014,0,0,0
459,855,6024,0,0,1,25844
6025,6026,6027,1,1,1
6028,6027,6029,1,0,1
6030,6029,6031,1,0,1
6032,6031,6033,1,0,1
463,6033,6024,0,0,0
5910,693,6034,0,0,1,25844
682,6034,6035,0,0,1
5903,6035,697,0,0,0
5875,5878,6036,0,0,1,13555
6037,6036,6038,1,0,1
6039,6038,6040,1,0,1
6041,6040,6042,1,0,1
5862,6042,5860,0,0,0
6032,462,6043,0,0,1,21749
6030,6043,6044,0,0,1
6028,6044,6045,0,0,1
460,6026,6046,0,0,1
457,6046,6047,0,0,1
6048,454,6049,1,0,1
6050,6051,6052,1,1,1
6053,6054,6055,1,1,1
471,6055,6056,0,0,1
467,6056,6057,0,0,1
828,468,6058,0,0,1
465,6058,6059,0,0,1
6045,6059,6060,0,0,1
6049,6047,6061,0,0,1
6052,6061,6062,0,0,1
6060,6057,6063,0,0,1
6025,6063,6062,0,0,0
1020,5766,6064,0,0,1,33792
1017,6064,6065,0,0,1
5772,1014,6066,0,0,1
5770,6066,6067,0,0,1
5768,6067,6065,0,0,0
5716,5719,6068,0,0,1,9461
6069,6068,6070,1,0,1
4680,6070,6071,0,0,1
6008,6071,6072,0,0,1
6006,6072,5718,0,0,0
473,830,6073,0,0,1,9460
6074,6073,874,1,0,0
5905,5907,6075,0,0,1,13554
6076,677,6077,1,0,1
6078,6077,6079,1,0,1
6080,6079,6081,1,0,1
6013,6081,6075,0,0,0
474,6074,6082,0,0,1,17654
470,6082,6083,0,0,1
6053,6083,6084,0,0,1
6085,6084,876,1,0,0
712,5038,6086,0,0,1,1267
6019,710,6087,0,0,1
6017,6087,6088,0,0,1
5710,6088,6089,0,0,1
5729,6089,6090,0,0,1
5707,6090,6086,0,0,0
662,5873,6091,0,0,1,25844
658,6091,6092,0,0,1
659,6092,6093,0,0,1
6094,6093,6095,1,0,1
6037,6095,5876,0,0,0
6096,893,6097,1,0,1,9461
6098,6097,6099,1,0,1
6100,6099,6101,1,0,1
6102,6101,6103,1,0,1
6104,6103,6105,1,0,1
543,6105,886,0,0,0
6041,5864,6106,0,0,1,17652
6107,6106,6108,1,0,1
651,654,6109,0,0,1
6110,6109,6111,1,0,1
6112,6111,6113,1,0,1
6114,6113,6115,1,0,1
6116,6115,6117,1,0,1
6118,6117,6119,1,0,1
6108,5866,6120,0,0,1
6121,6120,6119,1,0,0
6094,6039,6122,0,0,1,21748
807,6122,6123,0,0,1
656,6123,6124,0,0,1
653,6124,6125,0,0,1
6121,6125,6107,0,0,0
1829,1833,6126,0,0,1,1270
1966,1830,6127,0,0,1
1827,6127,6128,0,0,1
6129,6128,6130,1,0,1
6131,6130,6132,1,0,1
6133,6134,6135,1,1,1
6136,6135,6137,1,0,1
6138,6137,6139,1,0,1
5319,6139,6140,0,0,1
5316,6140,6141,0,0,1
5341,5317,6142,0,0,1
6126,6142,6143,0,0,1
6132,6143,6144,0,0,1
6145,6144,6141,1,0,0
6080,6015,6146,0,0,1,9461
6147,6078,6148,1,0,1
6149,6148,6150,1,0,1
6151,6150,6152,1,0,1
6153,6152,6154,1,0,1
6155,6154,6156,1,0,1
4682,6156,6157,0,0,1
6158,6157,6159,1,0,1
6160,6159,6161,1,0,1
5712,6161,6146,0,0,0
5868,678,6162,0,0,1,9463
6118,6162,6163,0,0,1
6164,6163,6165,1,0,1
6166,6165,6167,1,0,1
6147,6167,6076,0,0,0
5896,5994,6168,0,0,1,13557
5893,6168,6169,0,0,1
6170,6169,6171,1,0,1
6172,6171,6173,1,0,1
123,6173,5996,0,0,0
540,891,6174,0,0,1,25844
6175,6176,6177,1,1,1
6100,6178,6179,0,1,1
6098,6179,6180,0,0,1
6096,6180,6181,0,0,1
6174,6181,6177,0,0,0
434,778,6182,0,0,1,9461
435,6182,6183,0,0,1
432,6183,6184,0,0,1
437,6185,6186,0,1,1
438,6186,6184,0,0,0
6160,5714,6187,0,0,1,1269
6158,6187,6188,0,0,1
4683,6188,6189,0,0,1
4718,6189,6069,0,0,0
6116,6164,6190,0,0,1,17654
6191,6190,6192,1,0,1
6193,6192,6194,1,0,1
6149,6194,6166,0,0,0
6048,6051,6195,0,0,1,25844
455,6195,6196,0,0,1
452,6196,6197,0,0,1
6198,6197,6199,1,0,1
6200,6199,6201,1,0,1
6202,6085,6203,1,0,1,21750
6204,6203,6205,1,0,1
6206,6205,6207,1,0,1
476,480,6208,0,0,1
878,477,6209,0,0,1
6207,6209,6210,0,0,1
6211,6210,6208,1,0,0
6050,6054,6212,0,0,1,17654
6201,6212,6213,0,0,1
6200,6213,6214,0,0,1
6215,6214,6216,1,0,1
6217,6216,6202,1,0,0
6175,6178,6218,0,0,1,9462
538,6176,6219,0,0,1
6220,6219,6221,1,0,1
6222,6221,6223,1,0,1
6102,6223,6218,0,0,0
6224,6153,6225,1,0,1,9462
6226,6227,6228,1,1,1
4685,6228,6229,0,0,1
6155,6229,6225,0,0,0
6193,6151,6230,0,0,1,46320
6231,6230,6232,1,0,1
6233,6232,6234,1,0,1
646,6235,6236,0,1,1
637,6237,6238,0,1,1
635,638,6239,0,0,1
6240,632,6241,1,0,1
6242,6241,6243,1,0,1
6244,6243,6245,1,0,1
6246,6245,6247,1,0,1
6248,6247,6249,1,0,1
6250,6249,6251,1,0,1
6252,6251,6253,1,0,1
6254,6253,6255,1,0,1
6256,6257,6258,1,1,1
6259,6260,6261,1,1,1
6262,6261,6263,1,0,1
6264,6263,6265,1,0,1
6266,6265,6267,1,0,1
6268,6267,6269,1,0,1
6270,6271,6272,1,1,1
6273,6274,6275,1,1,1
6224,6275,6276,0,0,1
6255,6239,6277,0,0,1
6258,6277,6278,0,0,1
6269,6279,6280,0,1,1
6276,6281,6282,0,1,1
6234,6282,6283,0,0,1
6278,6238,6284,0,0,1
6280,6284,6285,0,0,1
6283,6272,6286,0,0,1
6236,6286,6285,0,0,0
6287,6288,6289,1,1,1,25844
6290,6291,6292,1,1,1
6293,6292,6294,1,0,1
6295,6294,6296,1,0,1
6297,6298,6299,1,1,1
6289,6299,6300,0,0,1
6301,6300,6296,1,0,0
6295,6298,6302,0,0,1,9461
6303,6304,6305,1,1,1
6306,6305,6307,1,0,1
6308,6307,6302,1,0,0
6112,6114,6309,0,0,1,9462
6110,6309,6310,0,0,1
649,6310,6311,0,0,1
6233,6235,6312,0,0,1
6231,6312,6313,0,0,1
6191,6313,6311,0,0,0
536,6220,6314,0,0,1,25844
6315,6314,6316,1,0,1
6317,6316,6318,1,0,1
6319,6320,6321,1,1,1
6322,6321,6323,1,0,1
6324,6323,6325,1,0,1
6326,6325,6318,1,0,0
5894,6170,6327,0,0,1,1269
5325,6327,6328,0,0,1
5321,6328,6329,0,0,1
5322,6329,6330,0,0,1
6138,6330,6331,0,0,1
6136,6331,6332,0,0,1
6333,6334,6335,1,1,1
6336,6337,6338,1,1,1
126,6338,6339,0,0,1
6172,6339,6340,0,0,1
6332,6340,6335,0,0,0
6222,6104,6341,0,0,1,17654
6326,6341,6342,0,0,1
6324,6342,6343,0,0,1
6322,6343,6344,0,0,1
6345,6344,6346,1,0,1
546,6346,542,0,0,0
6347,6281,6348,1,0,1,21750
6349,6348,6350,1,0,1
6351,6350,6352,1,0,1
6273,6227,6353,0,0,1
6274,6353,6352,0,0,0
533,6315,6354,0,0,1,17651
530,534,6355,0,0,1
6356,6355,6357,1,0,1
6358,6357,6359,1,0,1
6360,6359,6361,1,0,1
6362,6363,6364,1,1,1
6320,6364,6365,0,0,1
6354,6317,6366,0,0,1
6361,6366,6365,0,0,0
6198,6215,6367,0,0,1,9462
450,6367,6368,0,0,1
6369,6368,6370,1,0,1
424,6371,6372,0,1,1
6373,6372,6374,1,0,1
6375,6374,6376,1,0,1
6377,6376,6378,1,0,1
6379,6378,6380,1,0,1
6381,6380,6382,1,0,1
6383,6382,6384,1,0,1
6206,6384,6385,0,0,1
6204,6385,6386,0,0,1
6217,6386,6370,0,0,0
6387,953,6388,1,0,1,1026
6389,6388,6390,1,0,1
6391,6390,6392,1,0,1
6393,6392,6394,1,0,1
6395,6394,6396,1,0,1
6397,6396,6398,1,0,1
6399,6398,6400,1,0,1
6401,6402,6403,1,1,1
6404,6403,6405,1,0,1
6406,6407,6408,1,1,1
6409,6410,6411,1,1,1
6412,6413,6414,1,1,1
6415,6414,6416,1,0,1
6417,6418,6419,1,1,1
6420,6419,6421,1,0,1
6422,6423,6424,1,1,1
969,6424,6425,0,0,1
965,6425,6426,0,0,1
966,6426,6427,0,0,1
963,6427,6428,0,0,1
961,6428,6429,0,0,1
957,959,6430,0,0,1
955,6430,6431,0,0,1
6400,6431,6432,0,0,1
6411,6408,6433,0,0,1
6416,6433,6434,0,0,1
6421,6434,6435,0,0,1
6432,6429,6436,0,0,1
6405,6436,6435,0,0,0
6437,6270,6438,1,0,1,9463
6439,6438,6440,1,0,1
6266,6441,6442,0,1,1
6264,6442,6443,0,0,1
6444,6443,6445,1,0,1
6446,6445,6447,1,0,1
6448,6447,6449,1,0,1
6450,6449,6451,1,0,1
6452,6453,6454,1,1,1
1616,6454,6455,0,0,1
4687,6455,6456,0,0,1
6226,6456,6457,0,0,1
6351,6457,6458,0,0,1
6347,6349,6459,0,0,1
6440,6459,6460,0,0,1
6451,6460,6461,0,0,1
6462,6461,6458,1,0,0
6333,6337,6463,0,0,1,9462
6145,6134,6464,0,0,1
6131,6464,6465,0,0,1
1824,6129,6466,0,0,1
6467,6466,6468,1,0,1
6469,6468,6470,1,0,1
6471,6470,6472,1,0,1
6473,6472,6474,1,0,1
1042,6474,6475,0,0,1
1043,6475,6476,0,0,1
6477,6476,6478,1,0,1
6479,6478,6480,1,0,1
6481,6480,6482,1,0,1
6483,6484,6485,1,1,1
6486,6485,6487,1,0,1
6488,6489,6490,1,1,1
6491,6492,6493,1,1,1
132,6493,6494,0,0,1
128,6494,6495,0,0,1
6336,129,6496,0,0,1
6482,6465,6497,0,0,1
6498,6497,6499,1,0,1
6487,6500,6501,0,1,1
6490,6501,6502,0,0,1
6495,6502,6503,0,0,1
6496,6503,6504,0,0,1
6463,6504,6505,0,0,1
6334,6505,6506,0,0,1
6133,6506,6499,0,0,0
6507,6389,6508,1,0,1,50176
6509,6508,6510,1,0,1
6511,6512,6513,1,1,1
6514,6515,6516,1,1,1
6517,6518,6519,1,1,1
6520,6519,6521,1,0,1
6522,6521,6523,1,0,1
6524,6523,6525,1,0,1
6526,6525,6527,1,0,1
6528,6529,6530,1,1,1
6531,6532,6533,1,1,1
6534,6535,6536,1,1,1
6537,6536,6538,1,0,1
6539,6540,6541,1,1,1
6542,6543,6544,1,1,1
6545,6546,6547,1,1,1
6548,6547,6549,1,0,1
6422,6549,6550,0,0,1
6551,6550,6552,1,0,1
6553,6552,6554,1,0,1
6555,6554,6556,1,0,1
6417,6557,6558,0,1,1
6415,6418,6559,0,0,1
6409,6413,6560,0,0,1
6561,6560,6562,1,0,1
6407,6563,6564,0,1,1
6404,6564,6565,0,0,1
6401,6565,6566,0,0,1
6567,6566,6568,1,0,1
6569,6570,6571,1,1,1
6393,6572,6573,0,1,1
6510,6391,6574,0,0,1
6575,6574,6576,1,0,1
6533,6530,6577,0,0,1
6578,6577,6579,1,0,1
6544,6541,6580,0,0,1
6581,6580,6582,1,0,1
6556,6582,6583,0,0,1
6584,6583,6585,1,0,1
6568,6586,6587,0,1,1
6571,6587,6588,0,0,1
6576,6573,6589,0,0,1
6513,6589,6590,0,0,1
6516,6590,6591,0,0,1
6585,6592,6593,0,1,1
6591,6588,6594,0,0,1
6527,6594,6595,0,0,1
6593,6596,6597,0,1,1
6595,6562,6598,0,0,1
6597,6538,6599,0,0,1
6558,6599,6600,0,0,1
6559,6600,6601,0,0,1
6598,6412,6602,0,0,1
6579,6602,6601,0,0,0
6319,6345,6603,0,0,1,9463
6362,6603,6604,0,0,1
6363,6604,6605,0,0,1
6606,6605,6607,1,0,1
6608,6607,6609,1,0,1
551,6610,6611,0,1,1
548,6611,6612,0,0,1
545,6612,6609,0,0,0
444,446,6613,0,0,1,21749
6614,442,6615,1,0,1
6616,6615,6617,1,0,1
6369,6618,6619,0,1,1
448,6619,6620,0,0,1
6613,6620,6617,0,0,0
843,804,6621,0,0,1,25843
644,6621,6622,0,0,1
642,6622,6623,0,0,1
640,6623,6624,0,0,1
6237,6624,647,0,0,0
6383,6211,6625,0,0,1,9463
6379,6381,6626,0,0,1
6627,6626,6628,1,0,1
6629,6628,6630,1,0,1
6631,6630,6632,1,0,1
6633,6632,6634,1,0,1
487,6634,6635,0,0,1
6636,6635,6637,1,0,1
6638,6637,6639,1,0,1
6640,6639,6641,1,0,1
479,6641,6625,0,0,0
430,6185,6642,0,0,1,9460
428,6642,6643,0,0,1
426,6643,6644,0,0,1
6618,6371,6645,0,0,1
6616,6645,6646,0,0,1
6614,6646,6647,0,0,1
440,6647,6644,0,0,0
6271,6437,6648,0,0,1,17653
6268,6648,6649,0,0,1
6441,6649,6439,0,0,0
6650,6509,6651,1,0,1,21508
6511,6652,6653,0,1,1
6512,6653,6654,0,0,1
6575,6654,6651,0,0,0
6655,6656,6657,1,1,1,1265
6658,6657,6659,1,0,1
6660,6661,6662,1,1,1
6663,6664,6665,1,1,1
6666,6665,6667,1,0,1
6668,6667,6669,1,0,1
6670,6669,6671,1,0,1
6672,6673,6674,1,1,1
6675,6674,6676,1,0,1
6659,6676,6677,0,0,1
6662,6677,6671,0,0,0
6450,6462,6678,0,0,1,1271
6448,6678,6679,0,0,1
6680,6679,6453,1,0,0
6681,6682,6683,1,1,1,21749
6684,6683,6685,1,0,1
6686,6685,6687,1,0,1
6636,6638,6688,0,0,1,21748
488,6688,6689,0,0,1
484,6689,6690,0,0,1
482,485,6691,0,0,1
6640,6691,6690,0,0,0
6256,6279,6692,0,0,1,21749
6693,6692,6694,1,0,1
6695,6694,6696,1,0,1
6259,6697,6698,0,1,1
6260,6698,6696,0,0,0
6360,6606,6699,0,0,1,17652
6358,6699,6700,0,0,1
550,6701,6702,0,1,1
6610,6702,6703,0,0,1
6608,6703,6700,0,0,0
6704,531,6705,1,0,1,21750
6706,6707,6708,1,1,1
6709,6710,6711,1,1,1
6712,6711,6713,1,0,1
564,6713,6714,0,0,1
561,6714,6715,0,0,1
6716,6715,6717,1,0,1
6718,6719,6720,1,1,1
556,6721,6722,0,1,1
553,6722,6723,0,0,1
6701,6723,6724,0,0,1
6705,6356,6725,0,0,1
6708,6725,6726,0,0,1
6727,6726,6728,1,0,1
6717,6728,6729,0,0,1
6720,6729,6724,0,0,0
6491,131,6730,0,0,1,1265
6488,6492,6731,0,0,1
6486,6489,6732,0,0,1
6733,6732,6734,1,0,1
6735,6736,6737,1,1,1
6738,6737,6739,1,0,1
6740,6739,6741,1,0,1
6742,6741,6743,1,0,1
314,6743,6744,0,0,1
312,6744,6745,0,0,1
134,279,6746,0,0,1
6730,6746,6747,0,0,1
6731,6747,6748,0,0,1
6734,6748,6745,0,0,0
977,1031,6749,0,0,1,1026
975,6749,6750,0,0,1
982,6751,6752,0,1,1
979,6752,6753,0,0,1
6750,980,6754,0,0,1
6755,6754,6753,1,0,0
6446,6680,6756,0,0,1,1272
6757,6756,6758,1,0,1
6759,6758,6760,1,0,1
6761,6760,6762,1,0,1
6763,6762,6764,1,0,1
6765,6764,6766,1,0,1
1621,1624,6767,0,0,1
6452,1619,6768,0,0,1
6766,6768,6767,0,0,0
6572,6395,6769,0,0,1,1027
6569,6769,6770,0,0,1
6570,6770,6771,0,0,1
6567,6771,6772,0,0,1
6399,6402,6773,0,0,1
6397,6773,6772,0,0,0
629,841,6774,0,0,1,17654
630,6774,6775,0,0,1
627,6775,6776,0,0,1
625,6776,6777,0,0,1
6778,6777,6779,1,0,1
6240,6779,6780,0,0,1
633,6780,801,0,0,0
6781,6782,6783,1,1,1,21749
6784,6783,6785,1,0,1
6786,6785,6787,1,0,1
6788,6787,6789,1,0,1
6790,6789,6791,1,0,1
6633,490,6792,0,0,1
6631,6792,6791,0,0,0
6793,6652,6794,1,0,1,9219
6795,6794,6796,1,0,1
6797,6796,6798,1,0,1
6799,6798,6800,1,0,1
6801,6800,6802,1,0,1
6518,6803,6804,0,1,1
6514,6804,6805,0,0,1
6515,6805,6802,0,0,0
6806,6807,6808,1,1,1,1026
6809,6810,6811,1,1,1
6812,6811,6813,1,0,1
6814,6813,6815,1,0,1
6808,6816,6817,0,1,1
6818,6817,6819,1,0,1
6815,6820,6821,0,1,1
6822,6821,6819,1,0,0
6444,6757,6823,0,0,1,21750
6262,6823,6824,0,0,1
6697,6824,6825,0,0,1
6826,6825,6827,1,0,1
6828,6827,6829,1,0,1
6377,6627,6830,0,0,1,17653
6375,6830,6831,0,0,1
6832,6831,6833,1,0,1
6834,6833,6835,1,0,1
6836,6837,6838,1,1,1
6781,6838,6839,0,0,1
6629,6782,6840,0,0,1
6835,6840,6839,0,0,0
422,6373,6841,0,0,1,25842
420,6841,6842,0,0,1
1008,6842,6843,0,0,1
498,6843,6844,0,0,1
6845,6844,6846,1,0,1
6784,6847,6848,0,1,1
6836,6848,6849,0,0,1
6837,6849,6850,0,0,1
6834,6850,6851,0,0,1
6832,6851,6846,0,0,0
6829,6759,6852,0,0,1,9463
6853,6828,6854,1,0,1
6855,6854,6856,1,0,1
6765,1623,6857,0,0,1
6763,6857,6858,0,0,1
6852,6761,6859,0,0,1
6856,6859,6858,0,0,0
6718,6721,6860,0,0,1,21749
6719,6860,6861,0,0,1
6716,6861,6862,0,0,1
558,6862,6863,0,0,1
559,6863,555,0,0,0
6864,6795,6865,1,0,1,21509
6801,6866,6867,0,1,1
6799,6867,6868,0,0,1
6797,6868,6865,0,0,0
527,6704,6869,0,0,1,9460
528,6869,6870,0,0,1
6871,6870,6872,1,0,1
6873,6872,6874,1,0,1
6875,6874,6876,1,0,1
973,6755,6877,0,0,1,1027
971,6877,6878,0,0,1
6879,6878,6880,1,0,1
6881,6880,6882,1,0,1
6883,6882,6884,1,0,1
6885,6884,6886,1,0,1
6592,6540,6887,0,0,1
6888,6887,6889,1,0,1
6890,6889,6891,1,0,1
6892,6893,6894,1,1,1
6895,6894,6896,1,0,1
6897,6896,6898,1,0,1
6899,6898,6900,1,0,1
6901,6900,6902,1,0,1
6903,6904,6905,1,1,1
6906,6905,6907,1,0,1
6908,6907,6909,1,0,1
6910,6909,6911,1,0,1
6912,6913,6914,1,1,1
6915,6914,6916,1,0,1
6917,6916,6918,1,0,1
984,987,6919,0,0,1
6751,6919,6920,0,0,1
6886,6920,6921,0,0,1
6543,6921,6922,0,0,1
6891,6539,6923,0,0,1
6902,6924,6925,0,1,1
6926,6925,6927,1,0,1
6918,6911,6928,0,0,1
6922,986,6929,0,0,1
6927,6923,6930,0,0,1
6931,6930,6932,1,0,1
6928,6932,6929,0,0,0
6548,968,6933,0,0,1,1026
6545,6933,6934,0,0,1
6581,6546,6935,0,0,1
6885,6542,6936,0,0,1
6881,6883,6937,0,0,1
6879,6937,6938,0,0,1
6934,6938,6939,0,0,1
6935,6939,6936,0,0,0
6695,6826,6940,0,0,1,9464
6941,6940,6942,1,0,1
6943,6942,6944,1,0,1
6945,6944,6946,1,0,1
6947,6946,6948,1,0,1
6949,6950,6951,1,1,1
4031,6952,6953,0,1,1
4083,6953,6954,0,0,1
4029,6954,6955,0,0,1
3806,6955,6956,0,0,1
3804,6956,6957,0,0,1
4027,3798,6958,0,0,1
4081,6958,6959,0,0,1
1628,6959,6960,0,0,1
1629,6960,6961,0,0,1
1626,6961,6962,0,0,1
6855,6962,6963,0,0,1
6853,6963,6964,0,0,1
6957,6951,6965,0,0,1
3802,6965,6966,0,0,1
6964,3797,6967,0,0,1
6966,6948,6968,0,0,1
3800,6968,6967,0,0,0
6254,6257,6969,0,0,1,21752
6970,6969,6971,1,0,1
6972,6971,6973,1,0,1
6974,6973,6975,1,0,1
6976,6975,6977,1,0,1
6978,6977,6979,1,0,1
6941,6979,6693,0,0,0
499,6845,6980,0,0,1,21748
495,6980,6981,0,0,1
6982,6981,6983,1,0,1
6984,6983,6985,1,0,1
6788,6985,6986,0,0,1
6786,6986,6847,0,0,0
6481,6498,6987,0,0,1,9461
6988,6479,6989,1,0,1
6990,6991,6992,1,1,1
6993,6992,6994,1,0,1
6995,6994,6996,1,0,1
6484,6996,6997,0,0,1
6500,6997,6998,0,0,1
6987,6998,6989,0,0,0
6999,6876,7000,1,0,1,17651
7001,7000,7002,1,0,1
6710,7003,7004,0,1,1
6727,7004,7005,0,0,1
6706,7005,7006,0,0,1
6707,7006,7002,0,0,0
6866,6803,7007,0,0,1,13315
7008,7007,7009,1,0,1
7010,7009,6517,1,0,0
6978,6943,7011,0,0,1,17654
7012,6976,7013,1,0,1
7014,7013,7015,1,0,1
6950,7015,7016,0,0,1
6947,7016,7017,0,0,1
6945,7017,7011,0,0,0
6561,6586,7018,0,0,1,1028
6406,6410,7019,0,0,1
6563,7019,7018,0,0,0
7020,610,7021,1,0,1,21751
617,621,7022,0,0,1
614,618,7023,0,0,1
612,615,7024,0,0,1
7021,7024,7025,0,0,1
7022,7025,7023,0,0,0
6982,6984,7026,0,0,1,1266
496,7026,7027,0,0,1
492,7027,7028,0,0,1
859,493,7029,0,0,1
6790,7029,7028,0,0,0
6972,6974,7030,0,0,1,9463
6252,6970,7031,0,0,1
7032,7031,7033,1,0,1
3809,7034,7035,0,1,1
6952,7035,7036,0,0,1
6949,7036,7037,0,0,1
7014,7037,7038,0,0,1
7012,7038,7039,0,0,1
7030,7039,7033,0,0,0
583,836,7040,0,0,1,21750
581,7040,7041,0,0,1
7042,7041,7043,1,0,1
585,7043,7044,0,0,1
586,7044,793,0,0,0
595,796,7045,0,0,1,25846
592,7045,7046,0,0,1
7047,593,7048,1,0,1
7049,7048,7050,1,0,1
7051,7050,7052,1,0,1
7053,7052,7054,1,0,1
7055,7054,7056,1,0,1
7057,7056,7058,1,0,1
598,7058,7046,0,0,0
7059,6875,7060,1,0,1,17653
7061,7062,7063,1,1,1
7001,7063,7064,0,0,1
6999,7064,7060,0,0,0
833,6871,7065,0,0,1,25843
524,7065,7066,0,0,1
786,525,7067,0,0,1
522,7067,7068,0,0,1
520,7068,7069,0,0,1
7070,7069,7071,1,0,1
7059,7071,7072,0,0,1
6873,7072,7066,0,0,0
7061,7003,7073,0,0,1,25846
7074,7073,7075,1,0,1
7076,7077,7078,1,1,1
6712,7079,7080,0,1,1
7075,6709,7081,0,0,1
7078,7081,7082,0,0,1
7083,7082,7080,1,0,0
6778,6242,7084,0,0,1,9463
623,7084,7085,0,0,1
7086,7085,7087,1,0,1
7088,7089,7090,1,1,1
7091,7090,7092,1,0,1
7093,7094,7095,1,1,1
7096,7095,7097,1,0,1
7098,7099,7100,1,1,1
7101,7100,7102,1,0,1
7103,7102,7104,1,0,1
7105,7106,7107,1,1,1
7108,7107,7109,1,0,1
7110,7109,7111,1,0,1
7112,7111,7113,1,0,1
6244,7114,7115,0,1,1
7087,7115,7116,0,0,1
7092,7116,7117,0,0,1
7097,7117,7118,0,0,1
7104,7118,7113,0,0,0
7070,7062,7119,0,0,1,17652
517,7119,7120,0,0,1
7121,7120,7122,1,0,1
7123,7122,7074,1,0,0
7124,7010,7125,1,0,1,9220
7126,7125,6520,1,0,0
6250,7032,7127,0,0,1,9464
7128,7127,7129,1,0,1
7110,7130,7131,0,1,1
7108,7131,7132,0,0,1
7133,7132,7134,1,0,1
7135,7136,7137,1,1,1
7138,7137,7139,1,0,1
3811,7139,7140,0,0,1
3808,7140,7141,0,0,1
7034,7141,7142,0,0,1
7129,7142,7134,0,0,0
588,590,7143,0,0,1,46320
579,7042,7144,0,0,1
577,7144,7145,0,0,1
573,575,7146,0,0,1
569,571,7147,0,0,1
7148,7149,7150,1,1,1
7151,7150,7152,1,0,1
7153,7152,7154,1,0,1
7155,7156,7157,1,1,1
7158,7157,7159,1,0,1
7160,7159,7161,1,0,1
7162,7161,7163,1,0,1
7164,7165,7166,1,1,1
7167,7168,7169,1,1,1
7170,7171,7172,1,1,1
7173,7172,7174,1,0,1
7175,7174,7176,1,0,1
7177,7176,7178,1,0,1
7179,7180,7181,1,1,1
7182,7183,7184,1,1,1
7049,7184,7185,0,0,1
7047,7185,7186,0,0,1
7143,7186,7187,0,0,1
7145,7187,7188,0,0,1
7146,7188,7189,0,0,1
7163,7190,7191,0,1,1
7192,7191,7193,1,0,1
7169,7166,7194,0,0,1
7195,7194,7196,1,0,1
7178,7196,7197,0,0,1
7181,7198,7199,0,1,1
7189,7199,7200,0,0,1
7147,7200,7201,0,0,1
7193,7154,7202,0,0,1
7203,7202,7204,1,0,1
7197,7204,7201,0,0,0
6988,6991,7205,0,0,1,1269
6477,7205,7206,0,0,1
1114,7206,7207,0,0,1
1111,7207,7208,0,0,1
7209,7210,7211,1,1,1
7212,7213,7214,1,1,1
7215,7214,7216,1,0,1
7217,7216,7218,1,0,1
6990,7218,7219,0,0,1
7208,7219,7211,0,0,0
7083,7079,7220,0,0,1,21750
7076,7220,7221,0,0,1
7123,7077,7222,0,0,1
7223,7222,7224,1,0,1
7149,7224,7225,0,0,1
566,7225,7226,0,0,1
567,7226,7227,0,0,1
563,7227,7221,0,0,0
6993,6995,7228,0,0,1,21749
7217,7228,7229,0,0,1
7215,7229,7230,0,0,1
7231,7232,7233,1,1,1
6738,7234,7235,0,1,1
6735,7235,7236,0,0,1
6733,6736,7237,0,0,1
6483,7237,7238,0,0,1
7230,7238,7239,0,0,1
7233,7239,7236,0,0,0
7020,620,7240,0,0,1,46320
608,7240,7241,0,0,1
7242,7241,7243,1,0,1
7244,7243,7245,1,0,1
7246,7245,7247,1,0,1
7089,7247,7086,0,0,0
6420,6423,7248,0,0,1,21507
6557,7248,7249,0,0,1
6555,6584,7250,0,0,1
6553,7250,7251,0,0,1
6551,7251,7249,0,0,0
7114,6246,7252,0,0,1,21750
7112,7252,7253,0,0,1
7130,7253,7254,0,0,1
7128,7254,6248,0,0,0
604,606,7255,0,0,1,21751
600,602,7256,0,0,1
7057,597,7257,0,0,1
7055,7257,7258,0,0,1
7259,7258,7260,1,0,1
7261,7260,7262,1,0,1
7242,7262,7263,0,0,1
7255,7263,7256,0,0,0
1821,1825,7264,0,0,1,1270
1962,1822,7265,0,0,1
1960,7265,7266,0,0,1
1818,7266,7267,0,0,1
1819,7267,7268,0,0,1
1816,7268,7269,0,0,1
1814,7269,7270,0,0,1
7271,1812,7272,1,0,1
7273,7272,7274,1,0,1
1053,7275,7276,0,1,1
1050,7276,7277,0,0,1
7278,7277,7279,1,0,1
7280,7281,7282,1,1,1
6471,7283,7284,0,1,1
6467,6469,7285,0,0,1
7264,7285,7286,0,0,1
7270,7286,7287,0,0,1
7279,7288,7289,0,1,1
7282,7289,7290,0,0,1
7287,7284,7291,0,0,1
7274,7291,7290,0,0,0
7051,7053,7292,0,0,1,17653
7182,7292,7293,0,0,1
7294,7293,7295,1,0,1
7296,7295,7297,1,0,1
7088,7297,7298,0,0,1
7244,7246,7299,0,0,1
7261,7299,7300,0,0,1
7259,7300,7298,0,0,0
507,509,7301,0,0,1,25844
1005,7301,7302,0,0,1
7303,7304,7305,1,1,1
7306,7307,7308,1,1,1
7309,7308,7310,1,0,1
7302,7310,7305,0,0,0
7105,7133,7311,0,0,1,46320
7312,7311,7313,1,0,1
7314,7313,7315,1,0,1
7316,7315,7317,1,0,1
4033,7318,7319,0,1,1
3813,7319,7320,0,0,1
7138,7320,7321,0,0,1
7135,7321,7322,0,0,1
7136,7322,7317,0,0,0
7294,7296,7323,0,0,1,9462
7179,7183,7324,0,0,1
7325,7324,7326,1,0,1
7327,7326,7328,1,0,1
7329,7328,7330,1,0,1
7331,7330,7332,1,0,1
7333,7332,7334,1,0,1
7335,7334,7336,1,0,1
7337,7336,7338,1,0,1
7094,7338,7339,0,0,1
7091,7339,7323,0,0,0
7121,7223,7340,0,0,1,9461
518,7340,7341,0,0,1
7342,7341,7343,1,0,1
7344,7343,7345,1,0,1
7346,7345,7347,1,0,1
7348,7347,7148,1,0,0
6531,6578,7349,0,0,1,21507
6532,7349,7350,0,0,1
6534,7351,7352,0,1,1
6535,7352,7350,0,0,0
7198,7180,7353,0,0,1,9461
7177,7353,7354,0,0,1
7175,7354,7355,0,0,1
7173,7355,7356,0,0,1
7357,7170,7358,1,0,1
7158,7359,7360,0,1,1
7361,7155,7362,1,0,1
7363,7153,7364,1,0,1
7365,7364,7366,1,0,1
7367,7366,7368,1,0,1
7369,7368,7370,1,0,1
7371,7372,7373,1,1,1
7374,7373,7375,1,0,1
7376,7375,7377,1,0,1
7378,7377,7379,1,0,1
7380,7379,7381,1,0,1
7327,7381,7382,0,0,1
7325,7382,7383,0,0,1
7356,7383,7384,0,0,1
7358,7384,7385,0,0,1
7360,7385,7386,0,0,1
7362,7386,7387,0,0,1
7370,7388,7389,0,1,1
7390,7389,7387,1,0,0
991,993,7391,0,0,1,1027
7392,7391,7393,1,0,1
7394,7393,7395,1,0,1
7396,7395,7397,1,0,1
7398,7399,7400,1,1,1
7401,7402,7403,1,1,1
7404,7405,7406,1,1,1
7407,7406,7408,1,0,1
7409,7408,7410,1,0,1
7411,7410,7412,1,0,1
7413,7412,7414,1,0,1
7415,7416,7417,1,1,1
7418,7419,7420,1,1,1
7421,7420,7422,1,0,1
995,7422,7423,0,0,1
7397,7423,7424,0,0,1
7425,7424,7426,1,0,1
7400,7426,7427,0,0,1
7428,7427,7429,1,0,1
7414,7430,7431,0,1,1
7429,7417,7432,0,0,1
7403,7432,7431,0,0,0
7234,6740,7433,0,0,1,25845
7231,7433,7434,0,0,1
7212,7232,7435,0,0,1
7436,7435,7437,1,0,1
7438,7437,7439,1,0,1
7440,7439,7441,1,0,1
137,7441,7442,0,0,1
6742,7442,7434,0,0,0
7103,7106,7443,0,0,1,13558
7101,7443,7444,0,0,1
7098,7444,7445,0,0,1
7318,3816,7446,0,0,1
7314,7316,7447,0,0,1
7445,7312,7448,0,0,1
7446,7449,7450,0,1,1
7447,7450,7448,0,0,0
7451,6596,7452,1,0,1,1026
7453,7452,7454,1,0,1
6892,6895,7455,0,0,1
6924,6893,7456,0,0,1
6890,7456,7457,0,0,1
6888,7457,7458,0,0,1
7454,7458,7455,0,0,0
6526,6529,7459,0,0,1,1028
7460,7459,7461,1,0,1
7462,7461,7463,1,0,1
7464,7465,7466,1,1,1
7467,7466,7468,1,0,1
7469,7470,7471,1,1,1
7472,7471,7473,1,0,1
7474,7473,7475,1,0,1
7476,7475,7477,1,0,1
7478,7477,7479,1,0,1
7463,7479,7468,0,0,0
6917,989,7480,0,0,1,46080
7399,6915,7481,0,0,1
7396,7425,7482,0,0,1
7394,7482,7483,0,0,1
7480,7392,7484,0,0,1
7481,7484,7483,0,0,0
7485,7335,7486,1,0,1,1270
7487,7486,7488,1,0,1
7093,7488,7337,0,0,0
7192,7203,7489,0,0,1,9460
7359,7160,7490,0,0,1
7357,7490,7491,0,0,1
7195,7171,7492,0,0,1
7167,7492,7493,0,0,1
7164,7168,7494,0,0,1
7489,7165,7495,0,0,1
7162,7495,7496,0,0,1
7491,7496,7497,0,0,1
7493,7497,7494,0,0,0
7498,999,7499,1,0,1,9220
7500,7499,7501,1,0,1
7502,7501,7503,1,0,1
7504,7503,7505,1,0,1
7421,997,7506,0,0,1,46080
7507,7415,7508,1,0,1
7509,7508,7510,1,0,1
7511,7510,7512,1,0,1
7513,7514,7515,1,1,1
7516,7515,7517,1,0,1
7518,7519,7520,1,1,1
7411,7520,7521,0,0,1
7522,7409,7523,1,0,1
7524,7523,7525,1,0,1
7500,7526,7527,0,1,1
7506,7498,7528,0,0,1
7418,7528,7529,0,0,1
7512,7419,7530,0,0,1
7517,7531,7532,0,1,1
7521,7532,7533,0,0,1
7525,7533,7534,0,0,1
7527,7534,7535,0,0,1
7529,7535,7530,0,0,0
513,515,7536,0,0,1,46320
7309,511,7537,0,0,1
7303,7307,7538,0,0,1
7304,7538,7539,0,0,1
7540,1003,7541,1,0,1
7542,7541,7543,1,0,1
7544,7545,7546,1,1,1
7547,7548,7549,1,1,1
7550,7551,7552,1,1,1
7553,7552,7554,1,0,1
7555,7554,7556,1,0,1
7557,7558,7559,1,1,1
7560,7559,7561,1,0,1
7344,7561,7562,0,0,1
7342,7562,7563,0,0,1
7536,7563,7564,0,0,1
7537,7564,7565,0,0,1
7306,7565,7566,0,0,1
7543,7539,7567,0,0,1
7546,7567,7568,0,0,1
7549,7568,7569,0,0,1
7570,7569,7571,1,0,1
7556,7571,7566,0,0,0
7572,166,7573,1,0,1,21748
168,7574,7575,0,1,1
169,7575,7576,0,0,1
341,7576,7573,0,0,0
7096,7099,7577,0,0,1,1271
7487,7577,7578,0,0,1
7333,7485,7579,0,0,1
7580,7579,7581,1,0,1
7582,7581,7583,1,0,1
7584,7585,7586,1,1,1
7587,7588,7589,1,1,1
7590,7589,7591,1,0,1
7592,7593,7594,1,1,1
7595,7596,7597,1,1,1
3847,7597,7598,0,0,1
3844,7598,7599,0,0,1
3841,7599,7600,0,0,1
4086,3842,7601,0,0,1
3839,7601,7602,0,0,1
3836,7602,7603,0,0,1
3837,7603,7604,0,0,1
3834,7604,7605,0,0,1
3831,7605,7606,0,0,1
3832,7606,7607,0,0,1
3829,7607,7608,0,0,1
3826,7608,7609,0,0,1
4036,3827,7610,0,0,1
3823,7610,7611,0,0,1
3821,3824,7612,0,0,1
3815,3819,7613,0,0,1
7449,7613,7614,0,0,1
7578,7614,7615,0,0,1
7583,7615,7616,0,0,1
7586,7616,7617,0,0,1
7618,7617,7619,1,0,1
7600,7620,7621,0,1,1
7609,7621,7622,0,0,1
7612,7611,7623,0,0,1
7619,3818,7624,0,0,1
7591,7624,7625,0,0,1
7622,7594,7626,0,0,1
7623,7626,7625,0,0,0
7505,1001,7627,0,0,1,46080
7628,7629,7630,1,1,1
7631,7630,7632,1,0,1
7633,7632,7634,1,0,1
7635,7636,7637,1,1,1
7638,7637,7639,1,0,1
7640,7639,7641,1,0,1
7642,7643,7644,1,1,1
7645,7646,7647,1,1,1
7648,7647,7649,1,0,1
7650,7649,7651,1,0,1
7652,7651,7653,1,0,1
7654,7653,7655,1,0,1
7545,7655,7656,0,0,1
7542,7656,7657,0,0,1
7634,7504,7658,0,0,1
7641,7658,7659,0,0,1
7657,7660,7661,0,1,1
7540,7661,7662,0,0,1
7659,7627,7663,0,0,1
7664,7663,7665,1,0,1
7644,7665,7662,0,0,0
7478,6528,7666,0,0,1,46080
7476,7666,7667,0,0,1
7668,7667,7669,1,0,1
7670,7669,7671,1,0,1
7672,7671,7673,1,0,1
6897,7673,7674,0,0,1
7453,7674,7675,0,0,1
7451,7675,7676,0,0,1
6537,7676,7351,0,0,0
7560,7346,7677,0,0,1,9460
7678,7677,7679,1,0,1
7680,7679,7681,1,0,1
7682,7683,7684,1,1,1
7553,7685,7686,0,1,1
7687,7550,7688,1,0,1
7689,7648,7690,1,0,1
7631,7690,7691,0,0,1
7692,7628,7693,1,0,1
7694,7693,7695,1,0,1
7696,7695,7697,1,0,1
7365,7698,7699,0,1,1
7151,7363,7700,0,0,1
7348,7700,7701,0,0,1
7681,7701,7702,0,0,1
7686,7703,7704,0,1,1
7691,7688,7705,0,0,1
7697,7705,7706,0,0,1
7707,7706,7708,1,0,1
7702,7699,7709,0,0,1
7708,7704,7710,0,0,1
7709,7711,7712,0,1,1
7684,7712,7713,0,0,1
7714,7713,7710,1,0,0
7640,7664,7715,0,0,1,21508
7633,7636,7716,0,0,1
7689,7716,7717,0,0,1
7645,7717,7718,0,0,1
7646,7718,7719,0,0,1
7660,7719,7720,0,0,1
7715,7643,7721,0,0,1
7638,7721,7722,0,0,1
7720,7635,7723,0,0,1
7642,7723,7722,0,0,0
7724,7126,7725,1,0,1,13316
7726,7725,7727,1,0,1
7728,7727,6522,1,0,0
6926,6931,7729,0,0,1,1028
7730,7729,7731,1,0,1
7732,7731,7733,1,0,1
7734,7735,7736,1,1,1
6903,7737,7738,0,1,1
7733,6904,7739,0,0,1
7736,7739,7738,0,0,0
6524,7460,7740,0,0,1,21507
7728,7740,7741,0,0,1
7742,7726,7743,1,0,1
7744,7743,7745,1,0,1
7746,7745,7747,1,0,1
7465,7747,7748,0,0,1
7462,7748,7741,0,0,0
7209,7213,7749,0,0,1,9460
7210,7749,7750,0,0,1
144,1107,7751,0,0,1
7752,7751,7753,1,0,1
7754,7753,7755,1,0,1
7436,7756,7757,0,1,1
7750,7757,7758,0,0,1
1112,7758,7759,0,0,1
7755,1109,7760,0,0,1
7761,7760,7759,1,0,0
6908,6910,7762,0,0,1,1028
7763,6906,7764,1,0,1
7401,7764,7765,0,0,1
7402,7765,7766,0,0,1
7428,7766,7767,0,0,1
6912,7398,7768,0,0,1
7762,6913,7769,0,0,1
7767,7769,7768,0,0,0
7770,7440,7771,1,0,1,1266
7772,7771,7773,1,0,1
141,145,7774,0,0,1
139,142,7775,0,0,1
136,7775,7776,0,0,1
7773,7776,7777,0,0,1
7752,7777,7774,0,0,0
7654,7544,7778,0,0,1,9459
7652,7778,7779,0,0,1
7687,7650,7780,0,0,1
7551,7780,7781,0,0,1
7570,7781,7782,0,0,1
7547,7782,7783,0,0,1
7548,7783,7779,0,0,0
7756,7438,7784,0,0,1,1267
7761,7784,7785,0,0,1
7772,7754,7786,0,0,1
7770,7786,7785,0,0,0
7388,7190,7787,0,0,1,9460
7361,7787,7156,0,0,0
7744,7746,7788,0,0,1,9220
7789,7788,7790,1,0,1
7791,7790,7792,1,0,1
7793,7794,7795,1,1,1
7732,7796,7797,0,1,1
7730,7797,7798,0,0,1
6901,7798,7799,0,0,1
7800,7799,7801,1,0,1
7802,7801,7803,1,0,1
7472,7803,7804,0,0,1
7467,7470,7805,0,0,1
7464,7805,7806,0,0,1
7792,7806,7807,0,0,1
7808,7807,7809,1,0,1
7795,7809,7810,0,0,1
7804,7811,7812,0,1,1
7469,7812,7810,0,0,0
7685,7555,7813,0,0,1,9459
7814,7813,7815,1,0,1
7816,7815,7558,1,0,0
7524,7526,7817,0,0,1,1027
7818,7817,7819,1,0,1
7820,7819,7821,1,0,1
7629,7821,7502,0,0,0
7734,7737,7822,0,0,1,9220
7823,7822,7824,1,0,1
7825,7824,7826,1,0,1
7827,7828,7829,1,1,1
7830,7829,7831,1,0,1
7832,7833,7834,1,1,1
7835,7834,7836,1,0,1
7837,7838,7839,1,1,1
7840,7839,7841,1,0,1
7842,7843,7844,1,1,1
7692,7845,7846,0,1,1
7820,7846,7847,0,0,1
7848,7847,7849,1,0,1
7850,7849,7851,1,0,1
7852,7853,7854,1,1,1
7404,7854,7855,0,0,1
7430,7405,7856,0,0,1
7763,7856,7857,0,0,1
7826,7857,7858,0,0,1
7831,7858,7859,0,0,1
7836,7859,7860,0,0,1
7861,7860,7862,1,0,1
7844,7841,7863,0,0,1
7851,7863,7864,0,0,1
7865,7864,7866,1,0,1
7855,7866,7862,0,0,0
164,7572,7867,0,0,1,13555
162,7867,7868,0,0,1
1099,7868,7869,0,0,1
7870,7869,7871,1,0,1
7872,7871,7873,1,0,1
7874,7873,7875,1,0,1
7876,7875,7877,1,0,1
171,7877,7574,0,0,0
7670,7672,7878,0,0,1,21507
7474,7668,7879,0,0,1
7802,7879,7880,0,0,1
7800,7880,7881,0,0,1
6899,7881,7878,0,0,0
7413,7416,7882,0,0,1,1026
7518,7882,7883,0,0,1
7519,7883,7884,0,0,1
7516,7884,7885,0,0,1
7531,7514,7886,0,0,1
7511,7886,7887,0,0,1
7509,7887,7888,0,0,1
7885,7507,7889,0,0,1
7513,7889,7888,0,0,0
7735,7823,7890,0,0,1,1029
7796,7890,7891,0,0,1
7892,7891,7893,1,0,1
7894,7895,7896,1,1,1
7897,7896,7898,1,0,1
7899,7900,7901,1,1,1
7902,7901,7903,1,0,1
7904,7903,7905,1,0,1
7893,7905,7898,0,0,0
7380,7329,7906,0,0,1,1270
7907,7906,7908,1,0,1
7909,7908,7910,1,0,1
7911,7910,7912,1,0,1
7913,7914,7915,1,1,1
7916,7917,7918,1,1,1
7371,7919,7920,0,1,1
7921,7920,7922,1,0,1
7923,7922,7924,1,0,1
7925,7926,7927,1,1,1
7928,7927,7929,1,0,1
7930,7929,7931,1,0,1
7932,7933,7934,1,1,1
7935,7936,7937,1,1,1
7938,7937,7939,1,0,1
7940,7939,7941,1,0,1
7593,7941,7942,0,0,1
7590,7942,7943,0,0,1
7618,7588,7944,0,0,1
7584,7944,7945,0,0,1
7582,7585,7946,0,0,1
7331,7580,7947,0,0,1
7912,7947,7948,0,0,1
7915,7948,7949,0,0,1
7924,7950,7951,0,1,1
7931,7951,7952,0,0,1
7943,7934,7953,0,0,1
7587,7953,7954,0,0,1
7945,7954,7955,0,0,1
7949,7946,7956,0,0,1
7918,7956,7957,0,0,1
7952,7957,7958,0,0,1
7959,7958,7955,1,0,0
6473,1045,7960,0,0,1,1269
7283,7960,7961,0,0,1
7280,7961,7962,0,0,1
7281,7962,7963,0,0,1
7278,7963,7964,0,0,1
1047,7964,7965,0,0,1
1048,7965,1116,0,0,0
7711,7698,7966,0,0,1,9461
7696,7707,7967,0,0,1
7694,7967,7968,0,0,1
7969,7845,7970,1,0,1
7971,7970,7972,1,0,1
7926,7973,7974,0,1,1
7975,7923,7976,1,0,1
7977,7978,7979,1,1,1
7966,7979,7980,0,0,1
7972,7968,7981,0,0,1
7974,7981,7982,0,0,1
7976,7982,7980,0,0,0
7904,7825,7983,0,0,1,9221
7902,7983,7984,0,0,1
7899,7984,7985,0,0,1
7986,7985,7987,1,0,1
7988,7987,7989,1,0,1
7990,7991,7992,1,1,1
7830,7833,7993,0,0,1
7989,7828,7994,0,0,1
7995,7994,7996,1,0,1
7993,7992,7997,0,0,1
7827,7997,7996,0,0,0
7977,7367,7998,0,0,1,1269
7975,7978,7999,0,0,1
7921,7999,8000,0,0,1
7372,8000,8001,0,0,1
7390,8001,8002,0,0,1
7369,8002,7998,0,0,0
7557,7678,8003,0,0,1,1267
7814,7816,8004,0,0,1
7703,8004,8005,0,0,1
7714,8005,8006,0,0,1
7682,8006,8007,0,0,1
7683,8007,8008,0,0,1
7680,8008,8003,0,0,0
7876,173,8009,0,0,1,1265
7874,8009,8010,0,0,1
7872,8010,8011,0,0,1
7870,8011,8012,0,0,1
1097,8012,8013,0,0,1
1094,8013,8014,0,0,1
1095,8014,8015,0,0,1
1092,8015,8016,0,0,1
1090,8016,8017,0,0,1
1084,1088,8018,0,0,1
8019,8018,8020,1,0,1
8021,8020,8022,1,0,1
8023,8022,8024,1,0,1
193,8024,8025,0,0,1
189,8025,8026,0,0,1
190,8026,8027,0,0,1
186,8027,8028,0,0,1
183,187,8029,0,0,1
181,184,8030,0,0,1
178,8030,8031,0,0,1
175,179,8032,0,0,1
343,176,8033,0,0,1
8017,8033,8034,0,0,1
8028,1087,8035,0,0,1
8029,8035,8036,0,0,1
8031,8036,8037,0,0,1
8032,8037,8034,0,0,0
7907,7909,8038,0,0,1,9462
7376,7378,8039,0,0,1
7919,7374,8040,0,0,1
7950,8040,8041,0,0,1
7916,8041,8042,0,0,1
7917,8042,8043,0,0,1
7913,8043,8044,0,0,1
7914,8044,8045,0,0,1
7911,8045,8046,0,0,1
8038,8046,8039,0,0,0
7522,7818,8047,0,0,1,1025
7407,8047,8048,0,0,1
7852,8048,8049,0,0,1
7865,7853,8050,0,0,1
7850,8050,8051,0,0,1
7848,8051,8049,0,0,0
7793,7811,8052,0,0,1,9221
7791,7808,8053,0,0,1
8054,8053,8055,1,0,1
8056,8057,8058,1,1,1
8059,8060,8061,1,1,1
8062,8061,8063,1,0,1
7894,8063,8064,0,0,1
7892,7895,8065,0,0,1
8052,8065,8066,0,0,1
7794,8066,8067,0,0,1
8058,8055,8068,0,0,1
8064,8068,8067,0,0,0
7842,7969,8069,0,0,1,1269
8070,8069,8071,1,0,1
7928,8071,8072,0,0,1
7925,8072,8073,0,0,1
7973,8073,7971,0,0,0
7900,7986,8074,0,0,1,1030
7897,8074,8075,0,0,1
8076,8062,8077,1,0,1
8078,8079,8080,1,1,1
8081,8080,8082,1,0,1
8083,8082,8084,1,0,1
8085,8084,8086,1,0,1
8087,8086,8088,1,0,1
8089,8088,8090,1,0,1
8091,8090,8092,1,0,1
8093,8092,8094,1,0,1
7938,8094,8095,0,0,1
7935,8095,8096,0,0,1
8097,8096,8098,1,0,1
8099,8098,8100,1,0,1
8101,8100,8102,1,0,1
8103,8102,8104,1,0,1
8105,8104,8106,1,0,1
7988,8106,8107,0,0,1
8075,8107,8077,0,0,0
8103,8105,8108,0,0,1,1029
8101,8108,8109,0,0,1
7832,8110,8111,0,1,1
7990,8111,8112,0,0,1
7995,7991,8113,0,0,1
8109,8113,8112,0,0,0
7840,7843,8114,0,0,1,9461
8097,8115,8116,0,1,1
7936,8116,8117,0,0,1
7932,8117,8118,0,0,1
8119,7933,8120,1,0,1
8121,8120,8122,1,0,1
8123,8122,8124,1,0,1
7930,8125,8126,0,1,1
8070,8126,8127,0,0,1
8114,8127,8128,0,0,1
8124,8118,8129,0,0,1
8130,8129,8128,1,0,0
8110,7835,8131,0,0,1,9221
8099,8131,8132,0,0,1
7837,8115,8133,0,0,1
7838,8133,8134,0,0,1
7861,8134,8132,0,0,0
8056,8060,8135,0,0,1,1029
8057,8135,8136,0,0,1
8137,8136,8138,1,0,1
8078,8138,8139,0,0,1
8079,8139,8140,0,0,1
8076,8140,8059,0,0,0
8123,8130,8141,0,0,1,1269
8121,8141,8142,0,0,1
8119,8142,8143,0,0,1
7959,8143,8125,0,0,0
8144,8145,8146,1,1,1,1269
8147,8146,8148,1,0,1
8149,8148,8150,1,0,1
8151,8152,8153,1,1,1
8154,8153,8155,1,0,1
8156,8157,8158,1,1,1
8150,8158,8155,0,0,0
8083,8085,8159,0,0,1,1031
8160,8159,8161,1,0,1
7596,8161,8162,0,0,1
7620,8162,8163,0,0,1
7592,8163,8164,0,0,1
7940,8164,8165,0,0,1
8091,8093,8166,0,0,1
8087,8089,8167,0,0,1
8165,8167,8166,0,0,0
7288,7275,8168,0,0,1,9462
1810,7271,8169,0,0,1
1805,1808,8170,0,0,1
1801,1803,8171,0,0,1
8172,8171,8173,1,0,1
1069,8173,8174,0,0,1
1067,8174,8175,0,0,1
1064,8175,8176,0,0,1
1062,1065,8177,0,0,1
1059,8177,8178,0,0,1
1057,1060,8179,0,0,1
1055,8179,8180,0,0,1
8168,1052,8181,0,0,1
7273,8181,8182,0,0,1
8169,8182,8183,0,0,1
8176,8170,8184,0,0,1
8178,8184,8185,0,0,1
8183,8180,8186,0,0,1
1807,8186,8185,0,0,0
8187,8188,8189,1,1,1,13556
8190,8191,8192,1,1,1
8193,8192,8194,1,0,1
8195,8194,8196,1,0,1
8197,8198,8199,1,1,1
8200,8201,8202,1,1,1
8203,8204,8205,1,1,1
8206,8205,8207,1,0,1
8196,8189,8208,0,0,1
8199,8208,8209,0,0,1
8202,8209,8207,0,0,0
210,214,8210,0,0,1,21748
8211,211,8212,1,0,1
8213,8212,8214,1,0,1
216,8214,8215,0,0,1
293,217,8216,0,0,1
213,8216,8217,0,0,1
8210,8217,8215,0,0,0
8213,219,8218,0,0,1,1265
8219,8218,8220,1,0,1
8221,8220,8222,1,0,1
8223,8224,8225,1,1,1
8226,8227,8228,1,1,1
8229,8230,8231,1,1,1
8232,8231,8233,1,0,1
8234,8235,8236,1,1,1
8237,8236,8238,1,0,1
227,8238,8239,0,0,1
224,8239,8240,0,0,1
221,8240,8241,0,0,1
318,222,8242,0,0,1
8222,8242,8243,0,0,1
8225,8243,8244,0,0,1
8228,8244,8245,0,0,1
8233,8245,8241,0,0,0
8246,8247,8248,1,1,1,25843
8249,8250,8251,1,1,1
8252,8251,8253,1,0,1
8254,8255,8256,1,1,1
8257,8256,8258,1,0,1
8259,8258,8260,1,0,1
8248,8260,8253,0,0,0
208,8211,8261,0,0,1,9459
206,8261,8262,0,0,1
8263,8262,8219,1,0,0
1082,1085,8264,0,0,1,9460
1080,8264,8265,0,0,1
1078,8265,8266,0,0,1
8267,8266,8268,1,0,1
8269,8268,8019,1,0,0
8267,8269,8270,0,0,1,1266
1076,8270,8271,0,0,1
1074,8271,8272,0,0,1
1071,8272,8273,0,0,1
192,195,8274,0,0,1
8023,8274,8275,0,0,1
8273,8021,8276,0,0,1
8277,8276,8275,1,0,0
201,204,8278,0,0,1,21748
199,8278,8279,0,0,1
8280,8281,8282,1,1,1
8283,8284,8285,1,1,1
8230,8285,8286,0,0,1
8226,8286,8287,0,0,1
8223,8227,8288,0,0,1
8221,8224,8289,0,0,1
8263,8289,8290,0,0,1
203,8290,8291,0,0,1
8282,8279,8292,0,0,1
8287,8292,8293,0,0,1
8288,8293,8291,0,0,0
229,296,8294,0,0,1,21749
235,8295,8296,0,1,1
231,8296,8297,0,0,1
232,8297,8294,0,0,0
237,300,8298,0,0,1,21748
239,8299,8300,0,1,1
302,240,8301,0,0,1
8298,8301,8300,0,0,0
8283,8229,8302,0,0,1,46320
8280,8284,8303,0,0,1
8304,8303,8305,1,0,1
8234,8305,8306,0,0,1
8232,8235,8307,0,0,1
8302,8307,8306,0,0,0