0,1,2,1,1,1,28752
3,2,4,1,0,1
5,6,7,1,1,1
8,7,9,1,0,1
10,9,11,1,0,1
12,13,14,1,1,1
15,14,16,1,0,1
17,16,18,1,0,1
19,20,21,1,1,1
22,23,24,1,1,1
25,26,27,1,1,1
28,27,29,1,0,1
30,31,32,1,1,1
33,32,34,1,0,1
35,36,37,1,1,1
38,39,40,1,1,1
41,40,42,1,0,1
43,44,45,1,1,1
46,45,47,1,0,1
48,49,50,1,1,1
51,50,52,1,0,1
53,54,55,1,1,1
56,55,57,1,0,1
58,59,60,1,1,1
61,60,62,1,0,1
63,62,64,1,0,1
65,66,67,1,1,1
68,69,70,1,1,1
71,72,73,1,1,1
74,73,75,1,0,1
76,75,77,1,0,1
78,77,79,1,0,1
80,79,81,1,0,1
82,81,83,1,0,1
84,83,85,1,0,1
86,87,88,1,1,1
89,88,90,1,0,1
91,90,92,1,0,1
93,94,95,1,1,1
96,95,97,1,0,1
98,97,99,1,0,1
100,99,101,1,0,1
102,103,104,1,1,1
105,106,107,1,1,1
108,107,109,1,0,1
110,111,112,1,1,1
113,112,114,1,0,1
115,114,116,1,0,1
117,116,118,1,0,1
119,120,121,1,1,1
122,121,123,1,0,1
124,125,126,1,1,1
127,128,129,1,1,1
130,129,131,1,0,1
132,131,133,1,0,1
134,133,135,1,0,1
136,137,138,1,1,1
139,140,141,1,1,1
142,143,144,1,1,1
145,144,146,1,0,1
147,146,148,1,0,1
4,148,149,0,0,1
11,149,150,0,0,1
18,150,151,0,0,1
21,151,152,0,0,1
24,152,153,0,0,1
154,153,155,1,0,1
29,155,156,0,0,1
34,156,157,0,0,1
37,157,158,0,0,1
42,158,159,0,0,1
47,159,160,0,0,1
52,160,161,0,0,1
57,162,163,0,1,1
64,163,164,0,0,1
67,164,165,0,0,1
85,70,166,0,0,1
101,92,167,0,0,1
104,167,168,0,0,1
169,168,170,1,0,1
109,170,171,0,0,1
123,118,172,0,0,1
126,172,173,0,0,1
174,173,175,1,0,1
135,175,176,0,0,1
138,176,177,0,0,1
161,141,178,0,0,1
165,178,179,0,0,1
180,179,181,1,0,1
182,181,183,1,0,1
166,183,184,0,0,1
171,184,177,0,0,0
185,186,187,1,1,1,1831
188,187,189,1,0,1
190,191,192,1,1,1
193,192,194,1,0,1
195,194,196,1,0,1
197,198,199,1,1,1
200,199,201,1,0,1
202,201,203,1,0,1
204,203,205,1,0,1
206,207,208,1,1,1
209,210,211,1,1,1
212,211,213,1,0,1
214,215,216,1,1,1
217,216,218,1,0,1
219,218,220,1,0,1
221,222,223,1,1,1
224,225,226,1,1,1
227,226,228,1,0,1
229,228,230,1,0,1
231,230,232,1,0,1
233,232,234,1,0,1
235,236,237,1,1,1
238,239,240,1,1,1
241,240,242,1,0,1
243,242,244,1,0,1
245,244,246,1,0,1
247,246,248,1,0,1
249,248,250,1,0,1
251,252,253,1,1,1
254,253,255,1,0,1
256,255,257,1,0,1
258,257,259,1,0,1
260,261,262,1,1,1
263,262,264,1,0,1
265,264,266,1,0,1
267,266,268,1,0,1
269,270,271,1,1,1
272,271,273,1,0,1
274,273,275,1,0,1
276,277,278,1,1,1
279,278,280,1,0,1
281,282,283,1,1,1
284,283,285,1,0,1
286,285,287,1,0,1
288,287,289,1,0,1
290,289,291,1,0,1
292,293,294,1,1,1
295,294,296,1,0,1
297,296,298,1,0,1
299,298,300,1,0,1
301,300,302,1,0,1
303,302,304,1,0,1
305,306,307,1,1,1
308,309,310,1,1,1
311,310,312,1,0,1
313,314,315,1,1,1
316,315,317,1,0,1
318,319,320,1,1,1
321,320,322,1,0,1
321,323,324,0,1,1
318,324,325,0,0,1
189,325,326,0,0,1
327,326,328,1,0,1
196,329,330,0,1,1
205,331,332,0,1,1
208,332,333,0,0,1
213,333,334,0,0,1
335,334,336,1,0,1
220,336,337,0,0,1
338,337,339,1,0,1
223,339,340,0,0,1
259,250,341,0,0,1
342,341,343,1,0,1
280,344,345,0,1,1
304,346,347,0,1,1
348,347,349,1,0,1
312,350,351,0,1,1
322,352,353,0,1,1
323,353,354,0,0,1
328,354,355,0,0,1
343,356,357,0,1,1
268,357,358,0,0,1
349,291,359,0,0,1
351,307,360,0,0,1
355,317,361,0,0,1
330,361,362,0,0,1
340,362,363,0,0,1
358,237,364,0,0,1
275,364,365,0,0,1
345,365,366,0,0,1
360,359,367,0,0,1
363,367,368,0,0,1
366,234,369,0,0,1
370,369,368,1,0,0
371,372,373,1,1,1,8276
374,373,375,1,0,1
376,375,377,1,0,1
378,377,379,1,0,1
380,381,382,1,1,1
383,382,384,1,0,1
385,384,386,1,0,1
387,386,388,1,0,1
56,388,389,1,0,1
390,389,391,1,0,1
392,391,393,1,0,1
394,395,396,1,1,1
397,396,398,1,0,1
399,400,401,1,1,1
379,399,402,0,0,1
393,402,403,0,0,1
398,403,401,0,0,0
404,405,406,1,1,1,82
407,408,409,1,1,1
410,411,412,1,1,1
413,414,415,1,1,1
416,415,417,1,0,1
418,417,419,1,0,1
420,421,422,1,1,1
423,422,424,1,0,1
425,424,426,1,0,1
427,426,428,1,0,1
429,428,430,1,0,1
431,432,433,1,1,1
434,433,435,1,0,1
436,437,438,1,1,1
439,438,440,1,0,1
441,442,443,1,1,1
444,445,446,1,1,1
447,446,448,1,0,1
449,450,451,1,1,1
452,453,454,1,1,1
455,454,456,1,0,1
457,456,458,1,0,1
459,457,460,1,0,1
461,460,462,1,0,1
463,464,465,1,1,1
406,465,466,0,0,1
409,466,467,0,0,1
412,467,468,0,0,1
419,468,469,0,0,1
430,469,470,0,0,1
440,435,471,0,0,1
472,471,473,1,0,1
474,473,475,1,0,1
448,443,476,0,0,1
451,476,477,0,0,1
458,477,478,0,0,1
462,478,479,0,0,1
470,479,475,0,0,0
480,481,482,1,1,1,36944
483,484,485,1,1,1
486,487,488,1,1,1
489,488,490,1,0,1
491,490,492,1,0,1
493,492,494,1,0,1
495,494,496,1,0,1
497,496,498,1,0,1
499,498,500,1,0,1
501,500,502,1,0,1
503,502,504,1,0,1
482,504,485,0,0,0
505,506,507,1,1,1,8839
508,507,509,1,0,1
510,509,511,1,0,1
512,513,514,1,1,1
515,516,517,1,1,1
518,517,519,1,0,1
520,521,522,1,1,1
523,524,525,1,1,1
526,525,527,1,0,1
528,529,530,1,1,1
531,530,532,1,0,1
533,532,534,1,0,1
511,534,535,0,0,1
514,535,536,0,0,1
519,536,537,0,0,1
522,537,527,0,0,0
538,539,540,1,1,1,8840
541,540,542,1,0,1
543,544,545,1,1,1
546,545,547,1,0,1
548,547,549,1,0,1
550,551,552,1,1,1
553,552,554,1,0,1
555,556,557,1,1,1
558,557,559,1,0,1
560,561,562,1,1,1
563,562,564,1,0,1
565,566,567,1,1,1
568,569,570,1,1,1
571,572,573,1,1,1
574,573,575,1,0,1
576,577,578,1,1,1
579,578,580,1,0,1
581,582,583,1,1,1
584,583,585,1,0,1
586,585,587,1,0,1
588,587,589,1,0,1
590,589,591,1,0,1
592,591,593,1,0,1
594,593,595,1,0,1
596,595,597,1,0,1
512,598,599,0,1,1
600,599,601,1,0,1
542,601,602,0,0,1
554,549,603,0,0,1
559,603,604,0,0,1
605,604,606,1,0,1
564,607,608,0,1,1
567,608,609,0,0,1
575,570,610,0,0,1
580,610,611,0,0,1
602,597,612,0,0,1
606,612,613,0,0,1
609,613,611,0,0,0
526,529,614,0,0,1,647
520,524,615,0,0,1
616,615,617,1,0,1
618,617,619,1,0,1
516,620,621,0,1,1
596,598,622,0,0,1
623,594,624,1,0,1
625,626,627,1,1,1
628,627,629,1,0,1
584,630,631,0,1,1
579,582,632,0,0,1
633,632,634,1,0,1
635,634,636,1,0,1
637,638,639,1,1,1
640,639,641,1,0,1
642,641,643,1,0,1
614,643,644,0,0,1
622,621,645,0,0,1
624,645,646,0,0,1
636,581,647,0,0,1
648,647,649,1,0,1
644,650,651,0,1,1
646,619,652,0,0,1
629,652,653,0,0,1
649,631,654,0,0,1
651,654,655,0,0,1
523,655,653,0,0,0
656,657,658,1,1,1,648
659,658,660,1,0,1
661,662,663,1,1,1
664,663,665,1,0,1
666,667,668,1,1,1
669,670,671,1,1,1
672,671,673,1,0,1
674,673,675,1,0,1
676,677,678,1,1,1
679,680,681,1,1,1
682,683,684,1,1,1
685,684,686,1,0,1
687,686,688,1,0,1
689,690,691,1,1,1
692,693,694,1,1,1
695,696,697,1,1,1
698,699,700,1,1,1
701,702,703,1,1,1
704,703,705,1,0,1
706,707,708,1,1,1
709,708,710,1,0,1
711,710,712,1,0,1
713,712,714,1,0,1
715,714,716,1,0,1
717,716,718,1,0,1
719,718,720,1,0,1
721,720,722,1,0,1
723,722,724,1,0,1
725,724,726,1,0,1
727,728,729,1,1,1
730,729,731,1,0,1
732,731,733,1,0,1
734,735,736,1,1,1
737,738,739,1,1,1
740,739,741,1,0,1
742,741,743,1,0,1
744,743,745,1,0,1
746,745,747,1,0,1
748,749,750,1,1,1
751,750,752,1,0,1
753,752,754,1,0,1
755,754,756,1,0,1
757,758,759,1,1,1
760,761,762,1,1,1
763,764,765,1,1,1
766,767,768,1,1,1
769,770,771,1,1,1
772,771,773,1,0,1
774,773,775,1,0,1
776,775,777,1,0,1
778,777,779,1,0,1
569,779,780,0,0,1
563,566,781,0,0,1
560,781,782,0,0,1
607,561,783,0,0,1
558,605,784,0,0,1
555,784,785,0,0,1
786,787,788,1,1,1
550,789,790,0,1,1
660,551,791,0,0,1
675,792,793,0,1,1
688,681,794,0,0,1
795,794,796,1,0,1
726,797,798,0,1,1
733,798,799,0,0,1
747,736,800,0,0,1
801,800,802,1,0,1
803,802,804,1,0,1
756,804,805,0,0,1
762,759,806,0,0,1
791,790,807,0,0,1
793,668,808,0,0,1
809,808,810,1,0,1
796,678,811,0,0,1
799,705,812,0,0,1
813,812,814,1,0,1
806,805,815,0,0,1
810,665,816,0,0,1
817,816,818,1,0,1
815,814,819,0,0,1
818,820,821,0,1,1
811,821,822,0,0,1
819,823,824,0,1,1
765,824,825,0,0,1
768,825,826,0,0,1
822,827,828,0,1,1
691,828,829,0,0,1
694,829,830,0,0,1
826,831,832,0,1,1
780,832,833,0,0,1
830,807,834,0,0,1
833,835,836,0,1,1
565,836,837,0,0,1
834,788,838,0,0,1
837,839,840,0,1,1
838,785,841,0,0,1
697,841,842,0,0,1
840,843,844,0,1,1
842,783,845,0,0,1
844,700,846,0,0,1
782,846,845,0,0,0
847,848,849,1,1,1,8838
850,851,852,1,1,1
853,852,854,1,0,1
855,854,856,1,0,1
857,856,858,1,0,1
859,858,860,1,0,1
861,862,863,1,1,1
864,863,865,1,0,1
866,865,867,1,0,1
868,867,869,1,0,1
870,869,871,1,0,1
872,873,874,1,1,1
875,874,876,1,0,1
877,878,879,1,1,1
880,879,881,1,0,1
882,883,884,1,1,1
885,884,886,1,0,1
887,888,889,1,1,1
890,891,892,1,1,1
893,892,894,1,0,1
895,894,896,1,0,1
897,896,898,1,0,1
899,898,900,1,0,1
901,902,903,1,1,1
904,905,906,1,1,1
907,906,908,1,0,1
909,908,910,1,0,1
911,910,912,1,0,1
913,912,914,1,0,1
849,914,915,0,0,1
871,860,916,0,0,1
876,917,918,0,1,1
886,881,919,0,0,1
889,919,920,0,0,1
900,920,921,0,0,1
903,921,922,0,0,1
915,923,924,0,1,1
918,916,925,0,0,1
922,925,926,0,0,1
927,926,924,1,0,0
928,692,929,1,0,1,8840
930,931,932,1,1,1
933,934,935,1,1,1
682,935,936,0,0,1
679,683,937,0,0,1
676,680,938,0,0,1
672,939,940,0,1,1
941,669,942,1,0,1
943,942,944,1,0,1
945,946,947,1,1,1
948,947,949,1,0,1
950,949,951,1,0,1
952,951,953,1,0,1
725,728,954,0,0,1
955,954,956,1,0,1
957,956,958,1,0,1
959,960,961,1,1,1
962,963,964,1,1,1
797,707,965,0,0,1
704,965,966,0,0,1
701,966,967,0,0,1
823,702,968,0,0,1
831,968,969,0,0,1
970,969,971,1,0,1
698,971,972,0,0,1
699,972,973,0,0,1
929,696,974,0,0,1
932,974,975,0,0,1
937,936,976,0,0,1
938,976,977,0,0,1
944,940,978,0,0,1
958,953,979,0,0,1
961,979,980,0,0,1
964,980,981,0,0,1
982,981,983,1,0,1
973,967,984,0,0,1
695,984,985,0,0,1
975,985,986,0,0,1
987,986,988,1,0,1
977,988,989,0,0,1
983,978,990,0,0,1
991,990,992,1,0,1
706,992,989,0,0,0
993,994,995,1,1,1,8840
996,997,998,1,1,1
999,998,1000,1,0,1
1001,1002,1003,1,1,1
1004,1003,1005,1,0,1
1006,1005,1007,1,0,1
1008,1009,1010,1,1,1
1011,1010,1012,1,0,1
1013,1012,1014,1,0,1
1015,1014,1016,1,0,1
1017,1016,1018,1,0,1
737,1018,1019,0,0,1
734,738,1020,0,0,1
732,813,1021,0,0,1
730,1021,1022,0,0,1
1023,1022,1024,1,0,1
1025,1026,1027,1,1,1
995,1028,1029,0,1,1
1030,1029,1031,1,0,1
1000,1031,1032,0,0,1
1007,1033,1034,0,1,1
1035,1034,1036,1,0,1
1019,1036,1037,0,0,1
1020,1037,1038,0,0,1
735,1038,1039,0,0,1
1024,1039,1040,0,0,1
1027,1040,1032,0,0,0
1041,1042,1043,1,1,1,37504
1044,1043,1045,1,0,1
1046,1047,1048,1,1,1
1049,1050,1051,1,1,1
1052,1053,1054,1,1,1
1055,1054,1056,1,0,1
1057,1056,1058,1,0,1
1059,1060,1061,1,1,1
1062,1061,1063,1,0,1
1064,1065,1066,1,1,1
1067,1066,1068,1,0,1
1069,1068,1070,1,0,1
1071,1070,1072,1,0,1
1073,1072,1074,1,0,1
1075,1074,1076,1,0,1
1077,1076,1078,1,0,1
1079,1078,1080,1,0,1
1081,1082,1083,1,1,1
1084,1083,1085,1,0,1
1086,1087,1088,1,1,1
1089,1088,1090,1,0,1
1091,1090,1092,1,0,1
1093,1092,1094,1,0,1
1095,1094,1096,1,0,1
1097,1096,1098,1,0,1
1099,1098,1100,1,0,1
1101,1100,1102,1,0,1
1103,1102,1104,1,0,1
1105,1104,1106,1,0,1
1107,1106,1108,1,0,1
1045,1107,1109,0,0,1
1058,1051,1110,0,0,1
1063,1110,1111,0,0,1
1080,1112,1113,0,1,1
1085,1113,1114,0,0,1
1109,1108,1115,0,0,1
1048,1115,1116,0,0,1
1111,1116,1114,0,0,0
744,1117,1118,0,1,1,647
1119,1118,1120,1,0,1
1121,1122,1123,1,1,1
1124,1123,1125,1,0,1
1126,1125,1127,1,0,1
1128,1129,1130,1,1,1
1131,1130,1132,1,0,1
1133,1132,1134,1,0,1
1135,1136,1137,1,1,1
1138,1139,1140,1,1,1
1141,1140,1142,1,0,1
1143,1142,1144,1,0,1
1145,1144,1146,1,0,1
1147,1146,1148,1,0,1
1149,1150,1151,1,1,1
1152,1153,1154,1,1,1
1155,1154,1156,1,0,1
1157,1156,1158,1,0,1
1159,1158,1160,1,0,1
1161,1160,1162,1,0,1
1163,1162,1164,1,0,1
1165,1166,1167,1,1,1
1168,1167,1169,1,0,1
1170,1171,1172,1,1,1
1173,1172,1174,1,0,1
1175,1174,1176,1,0,1
1177,1178,1179,1,1,1
1120,1179,1180,0,0,1
1127,1180,1181,0,0,1
1134,1181,1182,0,0,1
1183,1182,1184,1,0,1
1137,1184,1185,0,0,1
1186,1185,1187,1,0,1
1148,1187,1188,0,0,1
1164,1189,1190,0,1,1
1176,1169,1191,0,0,1
1188,1191,1192,0,0,1
1151,1192,1190,0,0,0
1193,1194,1195,1,1,1,679
1196,1195,1197,1,0,1
1198,1199,1200,1,1,1
1201,1202,1203,1,1,1
1204,1203,1205,1,0,1
1206,1207,1208,1,1,1
1209,1208,1210,1,0,1
1211,1210,1212,1,0,1
1213,1212,1214,1,0,1
1215,1214,1216,1,0,1
1217,1216,1218,1,0,1
1219,1218,1220,1,0,1
1221,1220,1222,1,0,1
1223,1222,1224,1,0,1
1225,1224,1226,1,0,1
1227,1228,1229,1,1,1
1197,1229,1230,0,0,1
1200,1230,1231,0,0,1
1205,1232,1233,0,1,1
1226,1233,1231,0,0,0
1234,1235,1236,1,1,1,552
1237,1236,1238,1,0,1
1239,1240,1241,1,1,1
1242,1241,1243,1,0,1
1244,1245,1246,1,1,1
1247,1246,1248,1,0,1
1249,1250,1251,1,1,1
1252,1253,1254,1,1,1
1255,1254,1256,1,0,1
1257,1256,1258,1,0,1
1259,1258,1260,1,0,1
1261,1260,1262,1,0,1
1263,1264,1265,1,1,1
1266,1265,1267,1,0,1
1268,1267,1269,1,0,1
1270,1271,1272,1,1,1
1273,1274,1275,1,1,1
1276,1275,1277,1,0,1
1278,1279,1280,1,1,1
1281,1280,1282,1,0,1
1283,1282,1284,1,0,1
1285,1286,1287,1,1,1
1288,1287,1289,1,0,1
1290,1289,1291,1,0,1
1292,1291,1293,1,0,1
1294,1293,1295,1,0,1
1296,1297,1298,1,1,1
1299,1298,1300,1,0,1
1301,1300,1302,1,0,1
1303,1302,1304,1,0,1
1305,1304,1306,1,0,1
1307,1306,1308,1,0,1
1309,1308,1310,1,0,1
1311,1310,1312,1,0,1
1238,1312,1313,0,0,1
1243,1313,1314,0,0,1
1248,1315,1316,0,1,1
1272,1269,1317,0,0,1
1277,1317,1318,0,0,1
1295,1319,1320,0,1,1
1314,1321,1322,0,1,1
1316,1322,1323,0,0,1
1251,1323,1324,0,0,1
1318,1325,1326,0,1,1
1320,1284,1327,0,0,1
1324,1327,1328,0,0,1
1326,1329,1330,0,1,1
1328,1331,1332,0,1,1
1330,1262,1333,0,0,1
1334,1333,1335,1,0,1
1336,1335,1332,1,0,0
1337,1338,1339,1,1,1,647
1340,1339,1341,1,0,1
1342,1343,1344,1,1,1
1345,1346,1347,1,1,1
1348,1347,1349,1,0,1
1350,1349,1351,1,0,1
1352,1351,1353,1,0,1
1354,1355,1356,1,1,1
1357,1356,1358,1,0,1
1359,1358,1360,1,0,1
1361,1360,1362,1,0,1
1363,1362,1364,1,0,1
1341,1364,1365,0,0,1
1353,1366,1367,0,1,1
1365,1368,1369,0,1,1
1344,1369,1367,0,0,0
1370,1371,1372,1,1,1,568
1373,1372,1374,1,0,1
1375,1374,1376,1,0,1
1377,1378,1379,1,1,1
1380,1381,1382,1,1,1
1383,1382,1384,1,0,1
1385,1384,1386,1,0,1
1387,1388,1389,1,1,1
1390,1389,1391,1,0,1
1392,1391,1393,1,0,1
1394,1395,1396,1,1,1
1397,1394,1398,1,0,1
1399,1400,1401,1,1,1
1402,1401,1403,1,0,1
1404,1405,1406,1,1,1
1407,1406,1408,1,0,1
1409,1408,1410,1,0,1
1411,1410,1412,1,0,1
1413,1412,1414,1,0,1
1415,1414,1416,1,0,1
1417,1416,1418,1,0,1
1419,1418,1420,1,0,1
1421,1420,1422,1,0,1
1423,1424,1425,1,1,1
1426,1425,1427,1,0,1
1428,1427,1429,1,0,1
1430,1429,1431,1,0,1
1432,1431,1433,1,0,1
1434,1435,1436,1,1,1
1437,1436,1438,1,0,1
1439,1440,1441,1,1,1
1442,1443,1444,1,1,1
1445,1444,1446,1,0,1
1447,1446,1448,1,0,1
1449,1450,1451,1,1,1
1452,1451,1453,1,0,1
1376,1452,1454,0,0,1
1386,1379,1455,0,0,1
1393,1455,1456,0,0,1
1403,1398,1457,0,0,1
1438,1433,1458,0,0,1
1441,1458,1459,0,0,1
1460,1459,1461,1,0,1
1448,1461,1462,0,0,1
1463,1462,1464,1,0,1
1453,1464,1465,0,0,1
1454,1465,1466,0,0,1
1457,1396,1467,0,0,1
1466,1422,1468,0,0,1
1456,1468,1467,0,0,0
1359,1469,1470,0,1,1,903
1471,1357,1472,1,0,1
1473,1472,1474,1,0,1
1475,1476,1477,1,1,1
1478,1479,1480,1,1,1
1481,1482,1483,1,1,1
1484,1485,1486,1,1,1
1487,1488,1489,1,1,1
1490,1489,1491,1,0,1
1492,1491,1493,1,0,1
1494,1495,1496,1,1,1
1497,1496,1498,1,0,1
1499,1500,1501,1,1,1
1502,1503,1504,1,1,1
1505,1504,1506,1,0,1
1507,1506,1508,1,0,1
1509,1508,1510,1,0,1
1511,1510,1512,1,0,1
1513,1514,1515,1,1,1
1516,1517,1518,1,1,1
1519,1518,1520,1,0,1
1521,1520,1522,1,0,1
1523,1524,1525,1,1,1
1526,1525,1527,1,0,1
1528,1527,1529,1,0,1
1530,1531,1532,1,1,1
1533,1532,1534,1,0,1
1535,1534,1536,1,0,1
1537,1536,1538,1,0,1
1539,1538,1540,1,0,1
1541,1540,1542,1,0,1
1543,1544,1545,1,1,1
1546,1547,1548,1,1,1
1549,1548,1550,1,0,1
1551,1552,1553,1,1,1
1554,1555,1556,1,1,1
1557,1556,1558,1,0,1
1559,1560,1561,1,1,1
1562,1561,1563,1,0,1
1564,1563,1565,1,0,1
1470,1565,1566,0,0,1
1474,1566,1567,0,0,1
1477,1567,1568,0,0,1
1483,1480,1569,0,0,1
1570,1569,1571,1,0,1
1572,1571,1573,1,0,1
1486,1574,1575,0,1,1
1493,1576,1577,0,1,1
1498,1577,1578,0,0,1
1579,1578,1580,1,0,1
1512,1501,1581,0,0,1
1515,1582,1583,0,1,1
1522,1583,1584,0,0,1
1585,1584,1586,1,0,1
1529,1586,1587,0,0,1
1588,1587,1589,1,0,1
1542,1589,1590,0,0,1
1545,1590,1591,0,0,1
1568,1558,1592,0,0,1
1573,1592,1593,0,0,1
1594,1593,1595,1,0,1
1580,1575,1596,0,0,1
1581,1596,1597,0,0,1
1591,1597,1598,0,0,1
1550,1598,1599,0,0,1
1553,1599,1595,0,0,0
1600,1601,1602,1,1,1,647
1549,1602,1603,1,0,1
1604,1603,1605,1,0,1
1555,1606,1607,1,1,1
1608,1554,1609,1,1,1
1610,1609,1611,1,0,1
1612,1611,1613,1,0,1
1614,1613,1615,1,0,1
1268,1615,1616,1,0,1
1617,1616,1618,1,0,1
1619,1618,1620,1,0,1
1621,1620,1622,1,0,1
1623,1622,1624,1,0,1
1625,1624,1626,1,0,1
1627,1626,1628,1,0,1
1629,1628,1630,1,0,1
1631,1630,1632,1,0,1
1633,1634,1635,1,1,1
1605,1635,1636,0,0,1
1607,1636,1632,0,0,0
1637,1638,1639,1,1,1,647
1640,1639,1641,1,0,1
1642,1643,1644,1,1,1
1645,1644,1646,1,0,1
1647,1648,1649,1,1,1
1650,1649,1651,1,0,1
1652,1651,1653,1,0,1
1654,1653,1655,1,0,1
1656,1657,1658,1,1,1
1659,1658,1660,1,0,1
1661,1660,1662,1,0,1
1663,1662,1664,1,0,1
1641,1665,1666,0,1,1
1646,1666,1667,0,0,1
1668,1667,1669,1,0,1
1655,1669,1664,0,0,0
1670,1671,1672,1,1,1,2008
1673,1672,1674,1,0,1
1675,1674,1676,1,0,1
1677,1676,1678,1,0,1
1679,1678,1680,1,0,1
1681,1680,1682,1,0,1
1683,1684,1685,1,1,1
1686,1687,1688,1,1,1
1689,1688,1690,1,0,1
1691,1690,1692,1,0,1
1693,1692,1694,1,0,1
1695,1694,1696,1,0,1
1697,1696,1698,1,0,1
1699,1698,1700,1,0,1
1701,1700,1702,1,0,1
1703,1702,1704,1,0,1
1705,1704,1706,1,0,1
1707,1708,1709,1,1,1
1710,1709,1711,1,0,1
1712,1713,1714,1,1,1
1715,1714,1716,1,0,1
1717,1716,1718,1,0,1
1719,1720,1721,1,1,1
1722,1721,1723,1,0,1
1724,1723,1725,1,0,1
1726,1727,1728,1,1,1
1729,1728,1730,1,0,1
1731,1730,1732,1,0,1
1733,1734,1735,1,1,1
1736,1737,1738,1,1,1
1739,1738,1740,1,0,1
1741,1742,1743,1,1,1
1744,1743,1745,1,0,1
1746,1745,1747,1,0,1
1748,1747,1749,1,0,1
1750,1749,1751,1,0,1
1752,1751,1753,1,0,1
1754,1753,1755,1,0,1
1756,1757,1758,1,1,1
1759,1758,1760,1,0,1
1761,1760,1762,1,0,1
1763,1762,1764,1,0,1
1765,1764,1766,1,0,1
1767,1766,1768,1,0,1
1769,1770,1771,1,1,1
1772,1771,1773,1,0,1
1774,1773,1775,1,0,1
1776,1775,1777,1,0,1
1778,1777,1779,1,0,1
1780,1779,1781,1,0,1
1782,1783,1784,1,1,1
1682,1782,1785,0,0,1
1706,1786,1787,0,1,1
1788,1787,1789,1,0,1
1711,1790,1791,0,1,1
1718,1791,1792,0,0,1
1793,1792,1794,1,0,1
1725,1795,1796,0,1,1
1732,1796,1797,0,0,1
1740,1735,1798,0,0,1
1755,1798,1799,0,0,1
1784,1781,1800,0,0,1
1785,1800,1801,0,0,1
1789,1685,1802,0,0,1
1803,1802,1804,1,0,1
1794,1804,1805,0,0,1
1799,1806,1807,0,1,1
1808,1807,1809,1,0,1
1810,1809,1811,1,0,1
1801,1768,1812,0,0,1
1813,1812,1814,1,0,1
1805,1814,1815,0,0,1
1797,1815,1811,0,0,0
1816,1817,1818,1,1,1,472
1819,1818,1820,1,0,1
1821,1820,1822,1,0,1
1823,1822,1824,1,0,1
1825,1824,1826,1,0,1
1827,1828,1829,1,1,1
1830,1831,1832,1,1,1
1833,1832,1834,1,0,1
1835,1836,1837,1,1,1
1833,1837,1838,0,0,1
1839,1830,1840,1,0,1
1841,1842,1843,1,1,1
1844,1845,1846,1,1,1
1847,1846,1848,1,0,1
1849,1848,1850,1,0,1
1851,1850,1852,1,0,1
1853,1854,1855,1,1,1
1778,1855,1856,0,0,1
1857,1856,1858,1,0,1
1859,1858,1860,1,0,1
1861,1860,1862,1,0,1
1863,1864,1865,1,1,1
1866,1867,1868,1,1,1
1869,1870,1871,1,1,1
1872,1871,1873,1,0,1
1874,1875,1876,1,1,1
1826,1876,1877,0,0,1
1878,1877,1879,1,0,1
1834,1829,1880,0,0,1
1835,1880,1881,0,0,1
1840,1838,1882,0,0,1
1843,1883,1884,0,1,1
1852,1884,1885,0,0,1
1886,1885,1887,1,0,1
1862,1887,1888,0,0,1
1879,1873,1889,0,0,1
1881,1890,1891,0,1,1
1836,1891,1892,0,0,1
1888,1882,1893,0,0,1
1865,1893,1894,0,0,1
1889,1868,1895,0,0,1
1896,1895,1897,1,0,1
1892,1897,1894,0,0,0
1898,1899,1900,1,1,1,1845
1901,1900,1902,1,0,1
1903,1904,1905,1,1,1
1906,1905,1907,1,0,1
1908,1907,1909,1,0,1
1910,1911,1912,1,1,1
1913,1912,1914,1,0,1
1915,1914,1916,1,0,1
1917,1916,1918,1,0,1
1919,1920,1921,1,1,1
1922,1923,1924,1,1,1
1925,1924,1926,1,0,1
1927,1928,1929,1,1,1
1930,1931,1932,1,1,1
1933,1932,1934,1,0,1
1935,1936,1937,1,1,1
1938,1937,1939,1,0,1
1940,1941,1942,1,1,1
1943,1942,1944,1,0,1
1945,1944,1946,1,0,1
1947,1948,1949,1,1,1
1950,1951,1952,1,1,1
1953,1954,1955,1,1,1
1956,1955,1957,1,0,1
1958,1959,1960,1,1,1
1961,1962,1963,1,1,1
1964,1963,1965,1,0,1
1966,1965,1967,1,0,1
1968,1969,1970,1,1,1
1971,1970,1972,1,0,1
1973,1974,1975,1,1,1
1976,1977,1978,1,1,1
1979,1980,1981,1,1,1
1982,1981,1983,1,0,1
1984,1985,1986,1,1,1
1987,1986,1988,1,0,1
1989,1988,1990,1,0,1
1991,1990,1992,1,0,1
1993,1992,1994,1,0,1
1995,1994,1996,1,0,1
1997,1996,1998,1,0,1
1999,2000,2001,1,1,1
2002,2003,2004,1,1,1
2005,2004,2006,1,0,1
2007,2006,2008,1,0,1
2009,2008,2010,1,0,1
2011,2010,2012,1,0,1
2013,2014,2015,1,1,1
2016,2017,2018,1,1,1
2019,2018,2020,1,0,1
2021,2020,2022,1,0,1
2023,2022,2024,1,0,1
2025,2024,2026,1,0,1
2027,2026,2028,1,0,1
2029,2030,2031,1,1,1
2032,2031,2033,1,0,1
2034,2033,2035,1,0,1
2036,2037,2038,1,1,1
2039,2038,2040,1,0,1
1902,2041,2042,0,1,1
1909,2043,2044,0,1,1
1921,1918,2045,0,0,1
1926,2045,2046,0,0,1
2047,2046,2048,1,0,1
1939,1934,2049,0,0,1
1946,2049,2050,0,0,1
1949,2050,2051,0,0,1
1952,2051,2052,0,0,1
1957,2052,2053,0,0,1
1960,2053,2054,0,0,1
2055,2054,2056,1,0,1
1972,1967,2057,0,0,1
1978,1975,2058,0,0,1
1983,2058,2059,0,0,1
1998,2059,2060,0,0,1
2015,2012,2061,0,0,1
2062,2061,2063,1,0,1
2064,2063,2065,1,0,1
2028,2066,2067,0,1,1
2035,2067,2068,0,0,1
2040,2068,2069,0,0,1
2070,2069,2071,1,0,1
2042,2071,2072,0,0,1
2044,2072,2073,0,0,1
2056,1929,2074,0,0,1
2075,2074,2076,1,0,1
2060,2057,2077,0,0,1
2001,2077,2078,0,0,1
2065,2079,2080,0,1,1
2073,2080,2081,0,0,1
2076,2048,2082,0,0,1
2078,2082,2081,0,0,0
2083,2084,2085,1,1,1,822
2086,2085,2087,1,0,1
2088,2089,2090,1,1,1
2091,2092,2093,1,1,1
2094,2093,2095,1,0,1
2096,2095,2097,1,0,1
1979,2097,2098,0,0,1
1980,2098,2099,0,0,1
1976,2099,2100,0,0,1
2101,2100,2102,1,0,1
2103,2102,2104,1,0,1
2105,2104,2106,1,0,1
2107,2108,2109,1,1,1
2110,2111,2112,1,1,1
2113,2114,2115,1,1,1
1961,2115,2116,0,0,1
2117,2116,2118,1,0,1
2119,2118,2120,1,0,1
2121,2122,2123,1,1,1
2124,2125,2126,1,1,1
2127,2126,2128,1,0,1
2087,2128,2129,0,0,1
2090,2129,2130,0,0,1
2109,2106,2131,0,0,1
2112,2131,2132,0,0,1
2133,2132,2134,1,0,1
2135,2134,2136,1,0,1
2120,2136,2137,0,0,1
2123,2137,2138,0,0,1
2139,2138,2130,1,0,0
2140,2141,2142,1,1,1,1752
2143,2144,2145,1,1,1
2146,2145,2147,1,0,1
2148,2147,2149,1,0,1
2150,2149,2151,1,0,1
2152,2151,2153,1,0,1
2154,2153,2155,1,0,1
2156,2155,2157,1,0,1
2158,2157,2159,1,0,1
2160,2159,2161,1,0,1
2162,2161,2163,1,0,1
2164,2163,2165,1,0,1
2166,2165,2167,1,0,1
2168,2167,2169,1,0,1
2170,2169,2171,1,0,1
2172,2171,2142,1,0,0
2173,2174,2175,1,1,1,1844
2176,2177,2178,1,1,1
2179,2180,2181,1,1,1
2182,2181,2183,1,0,1
2184,2185,2186,1,1,1
1936,2187,2188,0,1,1
1933,2188,2189,0,0,1
1930,2189,2190,0,0,1
1931,2190,2191,0,0,1
1927,2191,2192,0,0,1
2047,1928,2193,0,0,1
1925,2193,2194,0,0,1
1919,1923,2195,0,0,1
1917,1920,2196,0,0,1
1915,2196,2197,0,0,1
1910,1913,2198,0,0,1
1908,1911,2199,0,0,1
1906,2199,2200,0,0,1
2043,1904,2201,0,0,1
1901,2201,2202,0,0,1
1898,2202,2203,0,0,1
2041,1899,2204,0,0,1
2070,2204,2205,0,0,1
2039,2205,2206,0,0,1
2175,2206,2207,0,0,1
2183,2208,2209,0,1,1
2186,2209,2210,0,0,1
2211,2210,2212,1,0,1
2192,2213,2214,0,1,1
2194,2214,2215,0,0,1
2197,2195,2216,0,0,1
2207,2203,2217,0,0,1
2178,2217,2218,0,0,1
2215,2212,2219,0,0,1
1922,2219,2220,0,0,1
2216,2220,2221,0,0,1
2198,2221,2222,0,0,1
2218,1903,2223,0,0,1
2224,2223,2225,1,0,1
2222,2226,2227,0,1,1
2225,2200,2228,0,0,1
2229,2228,2227,1,0,0
2230,2231,2232,1,1,1,9095
2233,2232,2234,1,0,1
2235,2234,2236,1,0,1
2237,2236,2238,1,0,1
2239,2238,2240,1,0,1
2241,2242,2243,1,1,1
2244,2243,2245,1,0,1
2246,2245,2247,1,0,1
2248,2247,2249,1,0,1
2250,2249,2251,1,0,1
2252,2251,2240,1,0,0
2253,2254,2255,1,1,1,36
2256,2255,2257,1,0,1
2258,2257,2259,1,0,1
2260,2259,2261,1,0,1
2262,2261,2263,1,0,1
2264,2263,2265,1,0,1
2266,2267,2268,1,1,1
2269,2268,2270,1,0,1
2271,2270,2272,1,0,1
2273,2272,2274,1,0,1
2275,2276,2277,1,1,1
2278,2277,2279,1,0,1
2280,2279,2281,1,0,1
2265,2281,2274,0,0,0
2282,2283,2284,1,1,1,8665
2285,2286,2287,1,1,1
2288,2287,2289,1,0,1
2290,2289,2291,1,0,1
2292,2291,2293,1,0,1
2294,2293,2295,1,0,1
2296,2295,2297,1,0,1
2298,2297,2299,1,0,1
2300,2299,2301,1,0,1
2302,2303,2304,1,1,1
2305,2304,2306,1,0,1
2284,2306,2301,0,0,0
2307,2308,2309,1,1,1,2595
2310,2309,2311,1,0,1
2312,2313,2314,1,1,1
2315,2314,2316,1,0,1
2317,2316,2318,1,0,1
2319,2318,2320,1,0,1
2321,2320,2322,1,0,1
2323,2324,2325,1,1,1
2326,2325,2327,1,0,1
2328,2327,2329,1,0,1
2330,2329,2331,1,0,1
2332,2333,2334,1,1,1
2335,2334,2336,1,0,1
2337,2336,2338,1,0,1
2339,2340,2341,1,1,1
2342,2341,2343,1,0,1
2344,2343,2345,1,0,1
2346,2345,2347,1,0,1
2348,2347,2349,1,0,1
2350,2349,2351,1,0,1
2352,2353,2354,1,1,1
2355,2354,2356,1,0,1
2357,2358,2359,1,1,1
2360,2359,2361,1,0,1
2362,2361,2363,1,0,1
2364,2365,2366,1,1,1
2367,2368,2369,1,1,1
2370,2371,2372,1,1,1
2311,2372,2373,0,0,1
2322,2373,2374,0,0,1
2331,2374,2375,0,0,1
2338,2375,2376,0,0,1
2356,2351,2377,0,0,1
2363,2377,2378,0,0,1
2379,2378,2380,1,0,1
2366,2380,2381,0,0,1
2369,2381,2376,0,0,0
2382,2383,2384,1,1,1,35
2385,2386,2387,1,1,1
2388,2389,2390,1,1,1
2391,2392,2393,1,1,1
2394,2393,2395,1,0,1
2396,2395,2397,1,0,1
2398,2397,2399,1,0,1
2400,2401,2402,1,1,1
2403,2404,2405,1,1,1
2406,2405,2407,1,0,1
2408,2407,2409,1,0,1
2410,2409,2411,1,0,1
2412,2411,2413,1,0,1
2414,2413,2415,1,0,1
2416,2417,2418,1,1,1
2419,2418,2420,1,0,1
2421,2422,2423,1,1,1
2424,2425,2426,1,1,1
2427,2426,2428,1,0,1
2429,2430,2431,1,1,1
2432,2431,2433,1,0,1
2434,2433,2435,1,0,1
2436,2437,2438,1,1,1
2439,2440,2441,1,1,1
2384,2441,2442,0,0,1
2387,2442,2443,0,0,1
2399,2390,2444,0,0,1
2415,2402,2445,0,0,1
2423,2420,2446,0,0,1
2428,2446,2447,0,0,1
2438,2435,2448,0,0,1
2443,2448,2449,0,0,1
2444,2449,2450,0,0,1
2445,2450,2447,0,0,0
2451,2452,2453,1,1,1,38624
2454,2453,2455,1,0,1
2456,2457,2458,1,1,1
2459,2460,2461,1,1,1
2462,2461,2463,1,0,1
2464,2463,2465,1,0,1
2466,2465,2467,1,0,1
2468,2469,2470,1,1,1
2471,2470,2472,1,0,1
2473,2474,2475,1,1,1
2476,2477,2478,1,1,1
2479,2480,2481,1,1,1
2482,2481,2483,1,0,1
2484,2483,2485,1,0,1
2486,2485,2487,1,0,1
2488,2489,2490,1,1,1
2491,2492,2493,1,1,1
2494,2495,2496,1,1,1
2497,2496,2498,1,0,1
2499,2500,2501,1,1,1
2502,2501,2503,1,0,1
2504,2503,2505,1,0,1
2506,2507,2508,1,1,1
2509,2510,2511,1,1,1
2512,2509,2513,1,0,1
2514,2513,2515,1,0,1
2516,2517,2518,1,1,1
2519,2518,2520,1,0,1
2521,2520,2522,1,0,1
2523,2522,2524,1,0,1
2525,2524,2526,1,0,1
2527,2526,2528,1,0,1
2529,2528,2530,1,0,1
2531,2532,2533,1,1,1
2534,2535,2536,1,1,1
2537,2538,2539,1,1,1
2540,2539,2541,1,0,1
2542,2541,2543,1,0,1
2455,2543,2544,0,0,1
2458,2544,2545,0,0,1
2467,2545,2546,0,0,1
2472,2546,2547,0,0,1
2478,2475,2548,0,0,1
2487,2548,2549,0,0,1
2493,2490,2550,0,0,1
2498,2550,2551,0,0,1
2505,2551,2552,0,0,1
2508,2552,2553,0,0,1
2515,2511,2554,0,0,1
2530,2554,2555,0,0,1
2533,2555,2556,0,0,1
2536,2556,2557,0,0,1
2547,2557,2558,0,0,1
2549,2558,2553,0,0,0
2559,2560,2561,1,1,1,225
2562,2561,2563,1,0,1
2564,2563,2565,1,0,1
2566,2565,2567,1,0,1
2568,2569,2570,1,1,1
2571,2570,2572,1,0,1
2573,2572,2574,1,0,1
2575,2576,2577,1,1,1
2567,2577,2574,0,0,0
2578,2579,2580,1,1,1,1601
2581,2582,2583,1,1,1
2584,2583,2585,1,0,1
2586,2587,2588,1,1,1
2589,2590,2591,1,1,1
2592,2591,2593,1,0,1
2594,2595,2596,1,1,1
2597,2596,2598,1,0,1
2599,2598,2600,1,0,1
2601,2600,2602,1,0,1
2603,2602,2604,1,0,1
2605,2604,2606,1,0,1
2607,2608,2609,1,1,1
2610,2611,2612,1,1,1
2613,2612,2614,1,0,1
2615,2616,2617,1,1,1
2618,2617,2619,1,0,1
2620,2619,2621,1,0,1
2622,2621,2623,1,0,1
2580,2623,2624,0,0,1
2585,2624,2625,0,0,1
2588,2625,2626,0,0,1
2593,2626,2627,0,0,1
2606,2627,2628,0,0,1
2629,2628,2630,1,0,1
2614,2609,2631,0,0,1
2632,2631,2630,1,0,0
2633,2634,2635,1,1,1,1601
2636,2635,2637,1,0,1
2638,2639,2640,1,1,1
2641,2642,2643,1,1,1
2644,2643,2645,1,0,1
2646,2645,2647,1,0,1
2648,2647,2649,1,0,1
2650,2649,2651,1,0,1
2652,2651,2653,1,0,1
2654,2653,2655,1,0,1
2656,2655,2657,1,0,1
2658,2657,2659,1,0,1
2590,2659,2660,0,0,1
2661,2586,2662,1,0,1
2663,2664,2665,1,1,1
2666,2667,2668,1,1,1
2637,2668,2669,0,0,1
2640,2669,2670,0,0,1
2660,2670,2671,0,0,1
2662,2671,2665,0,0,0
2633,2672,2673,0,1,1,1601
2634,2673,2674,0,0,1
2675,2674,2676,1,0,1
2677,2676,2678,1,0,1
2679,2678,2680,1,0,1
2681,2680,2682,1,0,1
2683,2684,2685,1,1,1
2686,2687,2688,1,1,1
2689,2690,2691,1,1,1
2692,2691,2693,1,0,1
2694,2693,2695,1,0,1
2688,2685,2696,0,0,1
2695,2697,2698,0,1,1
2699,2698,2700,1,0,1
2696,2682,2701,0,0,1
2702,2701,2703,1,0,1
2704,2703,2700,1,0,0
2705,2706,2707,1,1,1,1601
2708,2707,2709,1,0,1
2710,2709,2711,1,0,1
2712,2711,2713,1,0,1
2714,2713,2715,1,0,1
2716,2715,2717,1,0,1
2718,2717,2719,1,0,1
2582,2720,2721,0,1,1
2578,2721,2722,0,0,1
2579,2722,2723,0,0,1
2622,2723,2724,0,0,1
2725,2724,2719,1,0,0
2642,2726,2638,0,1,0,1601
2725,2727,2620,0,1,0,1601
2728,2729,2730,1,1,1,1601
2731,2730,2694,1,0,0
2732,2733,2734,1,1,1,225
2735,2736,2737,1,1,1
2738,2737,2739,1,0,1
2740,2739,2741,1,0,1
2742,2741,2743,1,0,1
2744,2743,2745,1,0,1
2746,2747,2748,1,1,1
2749,2748,2750,1,0,1
2751,2750,2752,1,0,1
2569,2752,2753,0,0,1
2566,2753,2754,0,0,1
2564,2754,2755,0,0,1
2756,2755,2757,1,0,1
2758,2757,2759,1,0,1
2760,2759,2761,1,0,1
2745,2734,2762,0,0,1
2763,2762,2761,1,0,0
2764,2765,2766,1,1,1,225
2767,2766,2768,1,0,1
2769,2770,2771,1,1,1
2772,2773,2774,1,1,1
2775,2772,2776,1,0,1
2777,2776,2778,1,0,1
2779,2778,2780,1,0,1
2781,2780,2782,1,0,1
2783,2784,2785,1,1,1
2735,2785,2786,0,0,1
2736,2786,2787,0,0,1
2788,2733,2789,1,0,1
2790,2789,2791,1,0,1
2792,2791,2793,1,0,1
2794,2793,2795,1,0,1
2499,2796,2797,0,1,1
2500,2797,2798,0,0,1
2799,2798,2800,1,0,1
2801,2800,2802,1,0,1
2768,2802,2803,0,0,1
2771,2803,2804,0,0,1
2774,2805,2806,0,1,1
2782,2806,2807,0,0,1
2787,2807,2808,0,0,1
2732,2808,2809,0,0,1
2795,2809,2810,0,0,1
2811,2810,2812,1,0,1
2813,2812,2804,1,0,0
2814,2815,2816,1,1,1,225
2817,2816,2818,1,0,1
2819,2820,2821,1,1,1
2822,2821,2823,1,0,1
2824,2823,2825,1,0,1
2765,2825,2826,0,0,1
2801,2826,2827,0,0,1
2828,2827,2818,1,0,0
2773,2775,2829,0,0,1,225
2805,2829,2830,0,0,1
2769,2830,2831,0,0,1
2770,2831,2832,0,0,1
2767,2832,2833,0,0,1
2764,2833,2834,0,0,1
2824,2834,2822,0,0,0
2835,2836,2837,1,1,1,35
2838,2839,2840,1,1,1
2841,2840,2842,1,0,1
2843,2842,2844,1,0,1
2845,2846,2847,1,1,1
2848,2849,2850,1,1,1
2851,2852,2853,1,1,1
2854,2853,2855,1,0,1
2856,2855,2857,1,0,1
2858,2859,2860,1,1,1
2861,2862,2863,1,1,1
2864,2865,2866,1,1,1
2867,2866,2868,1,0,1
2869,2870,2871,1,1,1
2872,2871,2873,1,0,1
2874,2875,2876,1,1,1
2877,2876,2878,1,0,1
2879,2878,2880,1,0,1
2881,2880,2882,1,0,1
2883,2882,2884,1,0,1
2885,2886,2887,1,1,1
2888,2889,2890,1,1,1
2891,2890,2892,1,0,1
2893,2892,2894,1,0,1
2895,2894,2896,1,0,1
2897,2896,2898,1,0,1
2899,2898,2900,1,0,1
2901,2900,2902,1,0,1
2903,2902,2904,1,0,1
2905,2906,2907,1,1,1
2908,2907,2909,1,0,1
2910,2909,2911,1,0,1
2912,2911,2913,1,0,1
2914,2913,2915,1,0,1
2916,2917,2918,1,1,1
2919,2918,2920,1,0,1
2439,2921,2922,0,1,1
2923,2922,2924,1,0,1
2925,2924,2926,1,0,1
2927,2928,2929,1,1,1
2930,2929,2931,1,0,1
2837,2931,2932,0,0,1
2847,2844,2933,0,0,1
2850,2933,2934,0,0,1
2857,2934,2935,0,0,1
2860,2935,2936,0,0,1
2868,2863,2937,0,0,1
2873,2938,2939,0,1,1
2884,2939,2940,0,0,1
2887,2940,2941,0,0,1
2926,2920,2942,0,0,1
2932,2943,2944,0,1,1
2936,2944,2945,0,0,1
2937,2945,2946,0,0,1
2941,2947,2948,0,1,1
2904,2948,2949,0,0,1
2950,2949,2951,1,0,1
2942,2915,2952,0,0,1
2946,2952,2951,0,0,0
2427,2430,2953,0,0,1,35
2954,2953,2955,1,0,1
2930,2836,2956,0,0,1,35
2437,2957,2434,0,1,0,35
2958,2959,2960,1,1,1,35
2961,2960,2962,1,0,1
2963,2962,2964,1,0,1
2965,2964,2966,1,0,1
2967,2968,2969,1,1,1
2970,2971,2972,1,1,1
2973,2972,2974,1,0,1
2975,2974,2976,1,0,1
2977,2976,2978,1,0,1
2979,2978,2980,1,0,1
2981,2980,2982,1,0,1
2983,2982,2984,1,0,1
2917,2985,2986,0,1,1
2914,2986,2987,0,0,1
2988,2987,2989,1,0,1
2966,2990,2991,0,1,1
2969,2991,2992,0,0,1
2984,2992,2989,0,0,0
2993,2994,2995,1,1,1,35
2996,2995,2959,1,0,0
2997,2308,2998,1,0,1,2595
2999,3000,3001,1,1,1,2595
3002,3001,3003,1,0,1
2391,3004,3005,0,1,1
2388,2392,3006,0,0,1
2389,3006,3007,0,0,1
2385,3007,3008,0,0,1
2386,3008,3009,0,0,1
2382,3009,3010,0,0,1
2383,3010,3011,0,0,1
2985,3012,3013,0,1,1
2983,3013,3014,0,0,1
2981,3014,3015,0,0,1
3016,3015,3017,1,0,1
3018,3019,3020,1,1,1
3021,3022,3023,1,1,1
3024,3023,3025,1,0,1
3026,3027,3028,1,1,1
3029,3030,3031,1,1,1
3032,3033,3034,1,1,1
3035,3036,3037,1,1,1
3038,3037,3039,1,0,1
3040,3041,3042,1,1,1
3043,3044,3045,1,1,1
3046,3045,3047,1,0,1
3048,3049,3050,1,1,1
3051,3050,3052,1,0,1
3053,3054,3055,1,1,1
3056,3057,3058,1,1,1
3059,3058,3060,1,0,1
3061,3062,3063,1,1,1
3064,3063,3065,1,0,1
3066,3067,3068,1,1,1
3069,3068,3070,1,0,1
3071,3072,3073,1,1,1
3074,3073,3075,1,0,1
3076,3075,3077,1,0,1
3078,3079,3080,1,1,1
2321,2324,3081,0,0,1
3082,2319,3083,1,0,1
3084,3083,3085,1,0,1
3086,3087,3088,1,1,1
3089,3086,3090,1,0,1
3091,3092,3093,1,1,1
3094,3095,3096,1,1,1
3097,3098,3099,1,1,1
3003,3099,3100,0,0,1
3005,3100,3101,0,0,1
3020,3017,3102,0,0,1
3025,3102,3103,0,0,1
3028,3103,3104,0,0,1
3031,3104,3105,0,0,1
3034,3105,3106,0,0,1
3107,3106,3108,1,0,1
3039,3108,3109,0,0,1
3042,3109,3110,0,0,1
3055,3052,3111,0,0,1
3060,3112,3113,0,1,1
3077,3070,3114,0,0,1
3080,3114,3115,0,0,1
3116,3115,3117,1,0,1
3085,3081,3118,0,0,1
3088,3118,3119,0,0,1
3101,3096,3120,0,0,1
3110,3121,3122,0,1,1
3047,3122,3123,0,0,1
3117,3065,3124,0,0,1
3119,2323,3125,0,0,1
3090,3125,3126,0,0,1
3123,3011,3127,0,0,1
3111,3127,3128,0,0,1
3113,3128,3129,0,0,1
3126,3124,3130,0,0,1
3093,3130,3131,0,0,1
3120,3131,3129,0,0,0
3132,3097,3133,1,0,1,2595
3095,3134,3091,0,1,0,2595
2333,3135,2330,0,1,0,2595
3136,3071,3137,1,0,1,2595
3121,3012,3138,0,0,1,2595
2921,3138,3139,0,0,1
2919,3139,2916,0,0,0
3140,3141,3142,1,1,1,36
3143,3142,3144,1,0,1
3145,3144,3146,1,0,1
3147,3146,3148,1,0,1
3149,3148,3150,1,0,1
3151,3150,3152,1,0,1
3153,3152,3154,1,0,1
2273,2276,3155,0,0,1
2269,2271,3156,0,0,1
3157,3156,3158,1,0,1
3154,3158,3155,0,0,0
2254,3159,2280,0,1,0,36
2208,2180,3160,0,0,1,1844
2226,3160,3161,0,0,1
2229,3161,3162,0,0,1
3163,2174,3164,1,0,1
3165,3166,3167,1,1,1
3168,3167,3169,1,0,1
3170,3171,3172,1,1,1
3173,3172,3174,1,0,1
3175,3174,3176,1,0,1
3177,3178,3179,1,1,1
3180,3181,3182,1,1,1
3183,3182,3184,1,0,1
3185,3184,3186,1,0,1
3187,3186,3188,1,0,1
3189,3188,3190,1,0,1
3191,3190,3192,1,0,1
3169,3164,3193,0,0,1
3176,3193,3194,0,0,1
3192,3179,3195,0,0,1
3194,2173,3196,0,0,1
3195,3197,3198,0,1,1
3162,3198,3199,0,0,1
2224,3199,3200,0,0,1
2176,3200,3201,0,0,1
3196,2177,3202,0,0,1
3203,3202,3204,1,0,1
3205,3204,3206,1,0,1
3207,3206,3201,1,0,0
3208,3209,3210,1,1,1,1844
3211,3212,3213,1,1,1
3214,3213,3215,1,0,1
3216,3217,3218,1,1,1
3219,3220,3221,1,1,1
3222,3221,3223,1,0,1
3224,3223,3225,1,0,1
3226,3227,3228,1,1,1
3229,3230,3231,1,1,1
3232,3231,3233,1,0,1
3234,3233,3235,1,0,1
3141,3235,3236,0,0,1
3237,3236,3238,1,0,1
3239,3238,3240,1,0,1
3241,3240,3242,1,0,1
3243,3244,3245,1,1,1
3210,3245,3246,0,0,1
3215,3246,3247,0,0,1
3218,3247,3248,0,0,1
3225,3248,3249,0,0,1
3228,3249,3242,0,0,0
3226,3230,3250,0,0,1,1844
3224,3227,3251,0,0,1
3252,3222,3253,1,0,1
3254,3253,3255,1,0,1
3256,3257,3258,1,1,1
3259,3260,3261,1,1,1
3262,3261,3263,1,0,1
3264,3265,3266,1,1,1
3267,3268,3269,1,1,1
3270,3269,3271,1,0,1
3272,3271,3273,1,0,1
3274,3273,3275,1,0,1
3276,3275,3277,1,0,1
3278,3279,3280,1,1,1
3281,3280,3282,1,0,1
3250,3283,3284,0,1,1
3251,3284,3285,0,0,1
3255,3285,3286,0,0,1
3258,3286,3287,0,0,1
3266,3288,3289,0,1,1
3277,3289,3290,0,0,1
3282,3291,3292,0,1,1
3287,3293,3294,0,1,1
3290,3263,3295,0,0,1
3292,3295,3294,0,0,0
3296,3297,3298,1,1,1,1844
3299,3298,3300,1,0,1
3301,3300,3302,1,0,1
3303,3302,3304,1,0,1
3243,3304,3305,0,0,1
3244,3305,3306,0,0,1
3307,3241,3308,1,0,1
3309,3308,3306,1,0,0
3310,3264,3311,1,0,1,1844
3312,3311,3313,1,0,1
3314,3315,3316,1,1,1
3317,3318,3319,1,1,1
3320,3321,3322,1,1,1
3323,3324,3325,1,1,1
3326,3327,3328,1,1,1
3329,3330,3331,1,1,1
3332,3333,3334,1,1,1
3335,3334,3336,1,0,1
3337,3336,3338,1,0,1
3339,3338,3340,1,0,1
3341,3340,3342,1,0,1
3343,3342,3344,1,0,1
3345,3344,3346,1,0,1
3347,3346,3348,1,0,1
3349,3348,3350,1,0,1
3351,3350,3352,1,0,1
3353,3352,3354,1,0,1
3355,3356,3357,1,1,1
3358,3357,3359,1,0,1
3268,3359,3360,0,0,1
3316,3313,3361,0,0,1
3362,3361,3363,1,0,1
3325,3322,3364,0,0,1
3365,3364,3366,1,0,1
3328,3366,3367,0,0,1
3368,3367,3369,1,0,1
3354,3331,3370,0,0,1
3360,3370,3371,0,0,1
3363,3371,3372,0,0,1
3319,3372,3369,0,0,0
3373,3337,3374,1,0,1,1844
3375,3376,3377,1,1,1
3378,3377,3379,1,0,1
3380,3379,3381,1,0,1
3382,3383,3384,1,1,1
3385,3384,3386,1,0,1
3387,3388,3389,1,1,1
3390,3391,3392,1,1,1
3393,3392,3394,1,0,1
3395,3394,3396,1,0,1
2187,3397,3398,0,1,1
2213,3398,3399,0,0,1
2211,3399,3400,0,0,1
2184,3400,3401,0,0,1
3402,2185,3403,1,0,1
3404,3403,3405,1,0,1
3406,3405,3407,1,0,1
3408,3409,3410,1,1,1
3411,3410,3412,1,0,1
3413,3414,3415,1,1,1
3416,3415,3417,1,0,1
3418,3417,3419,1,0,1
3420,3421,3422,1,1,1
3423,3422,3424,1,0,1
3425,3424,3426,1,0,1
3339,3426,3427,0,0,1
3374,3427,3428,0,0,1
3381,3428,3429,0,0,1
3386,3429,3430,0,0,1
3389,3430,3431,0,0,1
3432,3431,3433,1,0,1
3396,3433,3434,0,0,1
3435,3434,3436,1,0,1
3401,3436,3437,0,0,1
3407,3437,3438,0,0,1
3412,3438,3439,0,0,1
3440,3439,3419,1,0,0
3191,2179,3441,0,0,1,1844
3189,3441,3442,0,0,1
3187,3442,3443,0,0,1
3183,3185,3444,0,0,1
3445,3444,3446,1,0,1
3447,3446,3448,1,0,1
3449,3448,3450,1,0,1
3451,3452,3453,1,1,1
3454,3455,3456,1,1,1
3457,3456,3458,1,0,1
3459,3460,3461,1,1,1
3462,3463,3464,1,1,1
3465,3466,3467,1,1,1
3468,3469,3470,1,1,1
3471,3470,3472,1,0,1
3473,3474,3475,1,1,1
3476,3477,3478,1,1,1
3479,3480,3481,1,1,1
3482,3483,3484,1,1,1
3485,3486,3487,1,1,1
3488,3487,3489,1,0,1
3490,3489,3491,1,0,1
3492,3491,3493,1,0,1
3494,3493,3495,1,0,1
3496,3495,3497,1,0,1
3498,3497,3499,1,0,1
3500,3499,3501,1,0,1
3502,3501,3503,1,0,1
3504,3505,3506,1,1,1
3507,3506,3508,1,0,1
3509,3508,3510,1,0,1
3511,3512,3513,1,1,1
3514,3513,3515,1,0,1
3516,3515,3517,1,0,1
3518,3519,3520,1,1,1
3521,3522,3523,1,1,1
3524,3525,3526,1,1,1
3527,3526,3528,1,0,1
3529,2874,3530,1,0,1
3531,3532,3533,1,1,1
3534,3533,3535,1,0,1
3536,3535,3537,1,0,1
3538,3539,3540,1,1,1
3541,3540,3542,1,0,1
3543,3542,3544,1,0,1
3545,3546,3547,1,1,1
3548,3549,3550,1,1,1
3402,3404,3551,0,0,1
3450,3443,3552,0,0,1
3553,3552,3554,1,0,1
3453,3554,3555,0,0,1
3458,3555,3556,0,0,1
3461,3556,3557,0,0,1
3464,3557,3558,0,0,1
3475,3472,3559,0,0,1
3560,3559,3561,1,0,1
3478,3561,3562,0,0,1
3503,3484,3563,0,0,1
3510,3563,3564,0,0,1
3565,3564,3566,1,0,1
3517,3566,3567,0,0,1
3520,3567,3568,0,0,1
3523,3568,3569,0,0,1
3528,3569,3570,0,0,1
3571,3570,3572,1,0,1
3530,3572,3573,0,0,1
3537,3573,3574,0,0,1
3544,3574,3575,0,0,1
3547,3575,3576,0,0,1
3577,3576,3578,1,0,1
3551,3550,3579,0,0,1
3562,3467,3580,0,0,1
3481,3580,3581,0,0,1
3579,3582,3583,0,1,1
2182,3583,3584,0,0,1
3558,3584,3585,0,0,1
3581,3586,3587,0,1,1
3578,3587,3585,0,0,0
3588,3589,3590,1,1,1,822
3591,3590,3592,1,0,1
3593,3592,3594,1,0,1
2127,3594,3595,0,0,1
3216,3220,3596,0,0,1,1845
3214,3217,3597,0,0,1
3598,3597,3599,1,0,1
3600,3599,3601,1,0,1
3602,3601,3603,1,0,1
3604,3603,3605,1,0,1
3606,3605,3607,1,0,1
3608,3607,3609,1,0,1
3610,3609,3611,1,0,1
3612,3613,3614,1,1,1
3615,3614,3616,1,0,1
3617,3616,3618,1,0,1
3219,3619,3620,0,1,1
3596,3620,3621,0,0,1
3611,3621,3618,0,0,0
3622,3623,3624,1,1,1,1845
3625,3626,3627,1,1,1
3628,3627,3629,1,0,1
3630,3629,3631,1,0,1
3632,3633,3634,1,1,1
3635,3636,3637,1,1,1
3638,3637,3639,1,0,1
3640,3639,3641,1,0,1
3642,3641,3643,1,0,1
3644,3643,3645,1,0,1
3646,3645,3647,1,0,1
3648,3647,3649,1,0,1
3650,3651,3652,1,1,1
3265,3652,3653,0,0,1
3288,3653,3654,0,0,1
3262,3654,3655,0,0,1
3259,3655,3656,0,0,1
3256,3260,3657,0,0,1
3254,3257,3658,0,0,1
3252,3658,3659,0,0,1
3619,3659,3660,0,0,1
3624,3617,3661,0,0,1
3631,3661,3662,0,0,1
3649,3634,3663,0,0,1
3656,3663,3664,0,0,1
3657,3664,3665,0,0,1
3660,3665,3662,0,0,0
3666,3667,3668,1,1,1,1845
3669,3668,3670,1,0,1
3671,3672,3673,1,1,1
3674,3675,3676,1,1,1
3677,3678,3679,1,1,1
3680,3681,3682,1,1,1
3683,3684,3685,1,1,1
3686,3687,3688,1,1,1
3689,3688,3690,1,0,1
3691,3690,3692,1,0,1
1941,3693,3694,0,1,1
3397,1935,3695,0,0,1
3435,3695,3696,0,0,1
3395,3696,3697,0,0,1
3393,3697,3698,0,0,1
3432,3391,3699,0,0,1
3387,3699,3700,0,0,1
3388,3700,3701,0,0,1
3385,3701,3702,0,0,1
3382,3702,3703,0,0,1
3380,3383,3704,0,0,1
3378,3704,3705,0,0,1
3375,3705,3706,0,0,1
3373,3376,3707,0,0,1
3708,3707,3709,1,0,1
3710,3709,3711,1,0,1
3712,3711,3713,1,0,1
3714,3715,3716,1,1,1
3670,3716,3717,0,0,1
3673,3717,3718,0,0,1
3676,3718,3719,0,0,1
3720,3719,3721,1,0,1
3685,3682,3722,0,0,1
3692,3722,3723,0,0,1
3694,3724,3725,0,1,1
1938,3725,3726,0,0,1
3698,3726,3727,0,0,1
3390,3727,3728,0,0,1
3703,3728,3729,0,0,1
3706,3729,3730,0,0,1
3713,3730,3731,0,0,1
3721,3731,3732,0,0,1
3679,3732,3723,0,0,0
3710,3712,3733,0,0,1,1845
3708,3733,3734,0,0,1
3335,3734,3735,0,0,1
3332,3735,3736,0,0,1
3329,3333,3737,0,0,1
3368,3330,3738,0,0,1
3326,3738,3739,0,0,1
3365,3327,3740,0,0,1
3323,3740,3741,0,0,1
3320,3324,3742,0,0,1
3317,3321,3743,0,0,1
3318,3743,3744,0,0,1
3314,3362,3745,0,0,1
3650,3310,3746,0,0,1
3648,3651,3747,0,0,1
3644,3646,3748,0,0,1
3640,3642,3749,0,0,1
3750,3749,3751,1,0,1
3752,3751,3753,1,0,1
3754,3753,3755,1,0,1
3756,3757,3758,1,1,1
3759,3760,3761,1,1,1
3762,3763,3764,1,1,1
3715,3764,3765,0,0,1
3737,3736,3766,0,0,1
3739,3766,3767,0,0,1
3741,3767,3768,0,0,1
3744,3742,3769,0,0,1
3745,3769,3770,0,0,1
3315,3770,3771,0,0,1
3312,3771,3772,0,0,1
3746,3772,3773,0,0,1
3747,3773,3774,0,0,1
3748,3774,3775,0,0,1
3755,3775,3776,0,0,1
3777,3776,3778,1,0,1
3758,3778,3779,0,0,1
3761,3779,3780,0,0,1
3765,3780,3768,0,0,0
3163,3781,2036,0,1,0,1845
1847,3782,3783,0,1,1,472
1863,1867,3784,0,0,1,472
3785,3786,1869,1,1,0,472
1874,1817,3787,0,0,1,472
3788,3787,3789,1,0,1
3790,3789,3791,1,0,1
1640,1643,3792,0,0,1,647
3793,1638,3794,1,0,1
3795,3796,3797,1,1,1
3798,3797,3799,1,0,1
3800,3799,3801,1,0,1
3802,3801,3803,1,0,1
3804,3803,3805,1,0,1
3806,3805,3807,1,0,1
3808,3807,3809,1,0,1
3810,3809,3811,1,0,1
3812,3811,3813,1,0,1
3814,3813,3815,1,0,1
3816,3817,3818,1,1,1
3819,3818,3820,1,0,1
3821,3820,3822,1,0,1
3823,3822,3824,1,0,1
3825,3824,3826,1,0,1
3827,3828,3829,1,1,1
3830,3829,3831,1,0,1
3832,3831,3833,1,0,1
3834,3835,3836,1,1,1
3837,3838,3839,1,1,1
3840,3839,3841,1,0,1
3842,3841,3843,1,0,1
3844,3843,3845,1,0,1
3846,3845,3847,1,0,1
3848,3849,3850,1,1,1
3851,3852,3853,1,1,1
3854,3855,3856,1,1,1
3857,3856,3858,1,0,1
3859,3858,3860,1,0,1
3861,3860,3862,1,0,1
3863,3862,3864,1,0,1
3865,3864,3866,1,0,1
3867,3866,3868,1,0,1
3869,3868,3870,1,0,1
3871,3870,3872,1,0,1
3873,3874,3875,1,1,1
3876,3877,3878,1,1,1
3879,3878,3880,1,0,1
3792,3881,3882,0,1,1
3794,1637,3883,0,0,1
3826,3815,3884,0,0,1
3833,3885,3886,0,1,1
3847,3887,3888,0,1,1
3850,3889,3890,0,1,1
3853,3890,3891,0,0,1
3872,3891,3892,0,0,1
3875,3892,3893,0,0,1
3880,3893,3894,0,0,1
3882,3894,3895,0,0,1
3883,3895,3896,0,0,1
3886,3884,3897,0,0,1
3836,3897,3898,0,0,1
3888,3898,3896,0,0,0
1619,1621,3899,0,0,1,647
3900,3899,3901,1,0,1
3902,3903,3904,1,1,1
3905,3904,3906,1,0,1
1623,3907,3908,0,1,1
3901,3908,3906,0,0,0
3909,3910,1629,1,1,0,647
3911,1633,3912,1,0,1,647
1387,1390,3913,0,0,1,568
3914,3913,3915,1,0,1
3916,3915,3917,1,0,1
1449,1371,3918,0,0,1,568
3919,3918,3920,1,0,1
3921,3920,3922,1,0,1
3923,3922,3924,1,0,1
3925,3926,3927,1,1,1
3928,3927,3929,1,0,1
3930,3929,3931,1,0,1
3932,3931,3933,1,0,1
3934,3935,3936,1,1,1
3924,3936,3933,0,0,0
3937,3938,3939,1,1,1,8838
3940,3939,3941,1,0,1
3942,3941,3943,1,0,1
3944,3945,3946,1,1,1
3947,3946,3948,1,0,1
3949,3948,3950,1,0,1
3951,3950,3952,1,0,1
3953,3952,3954,1,0,1
3955,3954,3956,1,0,1
3957,3956,3958,1,0,1
3959,3958,3960,1,0,1
3961,3962,3963,1,1,1
3964,3965,3966,1,1,1
3967,3966,3968,1,0,1
872,3968,3969,0,0,1
3960,3970,3971,0,1,1
3963,3971,3972,0,0,1
3969,3973,3974,0,1,1
3943,3974,3972,0,0,0
3975,3976,3977,1,1,1,30992
3978,3977,3979,1,0,1
3980,3979,3981,1,0,1
3982,3981,3983,1,0,1
3984,3983,3985,1,0,1
3986,3985,3987,1,0,1
3988,3987,3989,1,0,1
3990,3989,3991,1,0,1
3992,3991,3993,1,0,1
3994,3993,3995,1,0,1
3996,3995,3997,1,0,1
3998,3997,3999,1,0,1
4000,4001,4002,1,1,1,31248
4003,4002,4004,1,0,1
4005,4006,4007,1,1,1
4008,4007,4009,1,0,1
4010,4011,4012,1,1,1
4013,4014,4015,1,1,1
4016,4015,4017,1,0,1
3998,4017,4018,0,0,1
3996,4018,4019,0,0,1
3994,4019,4020,0,0,1
3992,4020,4021,0,0,1
3990,4021,4022,0,0,1
3988,4022,4023,0,0,1
3986,4023,4024,0,0,1
3984,4024,4025,0,0,1
3982,4025,4026,0,0,1
3980,4026,4027,0,0,1
3978,4027,4028,0,0,1
3975,4028,4029,0,0,1
4004,4029,4030,0,0,1
4009,4030,4012,0,0,0
4031,4032,4033,1,1,1,31264
4034,4033,4035,1,0,1
4036,4035,4037,1,0,1
4038,4037,4039,1,0,1
4040,4039,4041,1,0,1
4042,4041,4043,1,0,1
4044,4043,4045,1,0,1
4046,4045,4047,1,0,1
4048,4047,4049,1,0,1
4050,4049,4051,1,0,1
4052,4051,4053,1,0,1
4054,4053,4055,1,0,1
4056,4055,4057,1,0,1
4058,4057,4059,1,0,1
4060,4059,4061,1,0,1
4062,4061,4063,1,0,1
4064,4063,4065,1,0,1
4066,4065,4067,1,0,1
4068,4067,4069,1,0,1
4070,4069,4071,1,0,1
4072,4071,4073,1,0,1
4074,4073,4075,1,0,1
4076,4075,4077,1,0,1
4078,4077,4079,1,0,1
4080,4079,4081,1,0,1
4082,4081,4083,1,0,1
4084,4083,4085,1,0,1
4086,4085,4087,1,0,1
4088,4087,4089,1,0,1
4090,4091,4092,1,1,1
4093,4094,4095,1,1,1
4096,4097,4098,1,1,1
4099,4100,4101,1,1,1
4102,4103,4104,1,1,1
4105,4104,4106,1,0,1
4107,4106,4108,1,0,1
4109,4108,4110,1,0,1
4111,4110,4112,1,0,1
4113,4114,4115,1,1,1
4116,4115,4117,1,0,1
4118,4117,4119,1,0,1
4120,4119,4121,1,0,1
4122,4121,4123,1,0,1
4124,4125,4126,1,1,1
4127,4126,4128,1,0,1
4013,4128,4129,0,0,1
4010,4014,4130,0,0,1
4008,4011,4131,0,0,1
4003,4006,4132,0,0,1
4000,4132,4133,0,0,1
4089,4133,4134,0,0,1
4092,4134,4135,0,0,1
4095,4135,4136,0,0,1
4098,4136,4137,0,0,1
4101,4137,4138,0,0,1
4139,4138,4140,1,0,1
4123,4141,4142,0,1,1
4129,4142,4143,0,0,1
4130,4143,4144,0,0,1
4131,4144,4145,0,0,1
4140,4005,4146,0,0,1
4112,4146,4145,0,0,0
147,4147,4148,0,1,1,31312
145,4148,4149,0,0,1
142,4149,4150,0,0,1
143,4150,4151,0,0,1
139,4151,4152,0,0,1
140,4152,4153,0,0,1
136,4153,4154,0,0,1
137,4154,4155,0,0,1
134,4155,4156,0,0,1
132,4156,4157,0,0,1
130,4157,4158,0,0,1
127,4158,4159,0,0,1
128,4159,4160,0,0,1
124,174,4161,0,0,1
122,125,4162,0,0,1
4163,119,4164,1,0,1
4165,4166,4167,1,1,1
4168,4169,4170,1,1,1
4171,4170,4172,1,0,1
4173,4174,4175,1,1,1
4176,4177,4178,1,1,1
4076,4178,4179,0,0,1
4074,4179,4180,0,0,1
4072,4180,4181,0,0,1
4070,4181,4182,0,0,1
4066,4068,4183,0,0,1
4062,4064,4184,0,0,1
4058,4060,4185,0,0,1
4056,4185,4186,0,0,1
4052,4054,4187,0,0,1
4050,4187,4188,0,0,1
4046,4048,4189,0,0,1
4044,4189,4190,0,0,1
4042,4190,4191,0,0,1
4040,4191,4192,0,0,1
4038,4192,4193,0,0,1
4034,4036,4194,0,0,1
4160,4031,4195,0,0,1
4162,4161,4196,0,0,1
4164,4196,4197,0,0,1
4198,4197,4199,1,0,1
4172,4200,4201,0,1,1
4175,4201,4202,0,0,1
4182,4202,4203,0,0,1
4183,4203,4204,0,0,1
4184,4204,4205,0,0,1
4186,4205,4206,0,0,1
4193,4188,4207,0,0,1
4195,4194,4208,0,0,1
4199,4208,4209,0,0,1
4206,4167,4210,0,0,1
4207,4210,4209,0,0,0
4211,4212,4213,1,1,1,28736
4214,4213,4215,1,0,1
4216,4215,4217,1,0,1
3,6,4218,0,0,1
0,4218,4217,0,0,0
4219,4220,4221,1,1,1,29504
4222,4221,4223,1,0,1
4224,4223,4225,1,0,1
4226,4227,4228,1,1,1
4229,4228,4230,1,0,1
4231,4232,4233,1,1,1
4234,4233,4235,1,0,1
4236,4237,4238,1,1,1
4239,4238,4240,1,0,1
4241,4242,4243,1,1,1
4244,4243,4245,1,0,1
4246,4245,4247,1,0,1
4248,4247,4249,1,0,1
4250,4249,4251,1,0,1
4252,4251,4253,1,0,1
4254,4253,4255,1,0,1
4256,4255,4257,1,0,1
4258,4257,4259,1,0,1
4260,4259,4261,1,0,1
4262,4263,4264,1,1,1
4265,4266,4267,1,1,1
4268,4269,4270,1,1,1
4271,4272,4273,1,1,1
4274,4273,4275,1,0,1
4276,4277,4278,1,1,1
4214,4279,4280,0,1,1
4211,4280,4281,0,0,1
4225,4281,4282,0,0,1
4230,4282,4283,0,0,1
4284,4283,4285,1,0,1
4235,4285,4286,0,0,1
4240,4286,4287,0,0,1
4288,4287,4289,1,0,1
4261,4289,4290,0,0,1
4264,4290,4291,0,0,1
4292,4291,4293,1,0,1
4294,4293,4295,1,0,1
4270,4267,4296,0,0,1
4275,4296,4297,0,0,1
4278,4297,4295,0,0,0
4298,4299,4300,1,1,1,30272
4301,4300,4302,1,0,1
4222,4302,4219,0,0,0
4303,4304,4305,1,1,1,28992
4306,4305,4307,1,0,1
4308,4307,4309,1,0,1
4310,4309,4311,1,0,1
4234,4237,4312,0,0,1
4284,4232,4313,0,0,1
4229,4313,4314,0,0,1
4226,4314,4315,0,0,1
4224,4227,4316,0,0,1
4301,4316,4317,0,0,1
4298,4317,4318,0,0,1
4311,4318,4319,0,0,1
4312,4319,4320,0,0,1
4231,4320,4315,0,0,0
4321,4322,4323,1,1,1,29152
4324,4323,4325,1,0,1
4326,4325,4327,1,0,1
4328,4327,4329,1,0,1
4330,4331,4332,1,1,1
4333,4334,4335,1,1,1
4336,4337,4338,1,1,1
4339,4338,4340,1,0,1
4341,4340,4342,1,0,1
4343,4342,4344,1,0,1
4345,4346,4347,1,1,1
4308,4347,4348,0,0,1
4306,4348,4349,0,0,1
4303,4349,4350,0,0,1
4332,4329,4351,0,0,1
4352,4351,4353,1,0,1
4335,4353,4354,0,0,1
4344,4354,4350,0,0,0
4279,4216,4355,0,0,1,29520
4276,4355,4356,0,0,1
4274,4277,4357,0,0,1
4271,4357,4358,0,0,1
4268,4272,4359,0,0,1
4360,4359,4361,1,0,1
4362,4361,4363,1,0,1
4364,4363,4365,1,0,1
4366,4365,4367,1,0,1
4368,4367,4369,1,0,1
4370,4369,4371,1,0,1
4372,4373,4374,1,1,1
4375,4374,4376,1,0,1
4377,4378,4379,1,1,1
4380,4381,4382,1,1,1
4383,4384,4385,1,1,1
4386,4387,4388,1,1,1
4389,4388,4390,1,0,1
4391,4392,4393,1,1,1
4394,4393,4395,1,0,1
4396,4395,4397,1,0,1
4398,4399,4400,1,1,1
4401,4400,4402,1,0,1
4403,4404,4405,1,1,1
4406,4405,4407,1,0,1
4408,4407,4409,1,0,1
4410,4409,4411,1,0,1
4412,4411,4413,1,0,1
4414,4413,4415,1,0,1
4416,4417,4418,1,1,1
4419,4418,4420,1,0,1
4421,4420,4422,1,0,1
4423,4422,4424,1,0,1
4425,4424,4426,1,0,1
4427,4426,4428,1,0,1
4429,4428,4430,1,0,1
4431,4430,4432,1,0,1
54,4433,4434,0,1,1
4435,4434,4436,1,0,1
4437,4436,4438,1,0,1
48,4439,4440,0,1,1
49,4440,4441,0,0,1
46,4441,4442,0,0,1
43,4442,4443,0,0,1
41,44,4444,0,0,1
38,4444,4445,0,0,1
35,39,4446,0,0,1
33,36,4447,0,0,1
30,4447,4448,0,0,1
31,4448,4449,0,0,1
28,4449,4450,0,0,1
25,4450,4451,0,0,1
154,26,4452,0,0,1
22,4452,4453,0,0,1
19,23,4454,0,0,1
17,20,4455,0,0,1
12,15,4456,0,0,1
10,13,4457,0,0,1
8,4457,4458,0,0,1
5,4458,4459,0,0,1
4356,4459,4460,0,0,1
4358,4460,4461,0,0,1
4371,4461,4462,0,0,1
4376,4462,4463,0,0,1
4464,4463,4465,1,0,1
4379,4465,4466,0,0,1
4382,4466,4467,0,0,1
4385,4467,4468,0,0,1
4469,4468,4470,1,0,1
4390,4470,4471,0,0,1
4397,4471,4472,0,0,1
4402,4472,4473,0,0,1
4415,4473,4474,0,0,1
4475,4474,4476,1,0,1
4477,4476,4478,1,0,1
4438,4432,4479,0,0,1
4443,4479,4480,0,0,1
4445,4480,4481,0,0,1
4446,4481,4482,0,0,1
4451,4482,4483,0,0,1
4453,4483,4484,0,0,1
4454,4484,4485,0,0,1
4455,4485,4486,0,0,1
4456,4486,4478,0,0,0
4345,4310,4487,0,0,1,29664
4343,4346,4488,0,0,1
4341,4488,4489,0,0,1
4339,4489,4490,0,0,1
4333,4337,4491,0,0,1
4352,4334,4492,0,0,1
4330,4492,4493,0,0,1
4331,4493,4494,0,0,1
4326,4328,4495,0,0,1
4324,4495,4496,0,0,1
4497,4496,4498,1,0,1
4499,4498,4500,1,0,1
4501,4500,4502,1,0,1
4503,4502,4504,1,0,1
4505,4504,4506,1,0,1
4507,4506,4508,1,0,1
4509,4508,4510,1,0,1
4511,4510,4512,1,0,1
4513,4512,4514,1,0,1
4515,4514,4516,1,0,1
4517,4516,4518,1,0,1
4519,4518,4520,1,0,1
4521,4520,4522,1,0,1
4523,4522,4524,1,0,1
4525,4524,4526,1,0,1
4527,4526,4528,1,0,1
4529,4528,4530,1,0,1
4531,4530,4532,1,0,1
4242,4532,4533,0,0,1
4239,4288,4534,0,0,1
4236,4534,4535,0,0,1
4487,4535,4536,0,0,1
4490,4536,4537,0,0,1
4336,4537,4538,0,0,1
4491,4538,4539,0,0,1
4494,4539,4533,0,0,0
4262,4292,4540,0,0,1,29568
4260,4263,4541,0,0,1
4258,4541,4542,0,0,1
4256,4542,4543,0,0,1
4254,4543,4544,0,0,1
4250,4252,4545,0,0,1
4246,4248,4546,0,0,1
4244,4546,4547,0,0,1
4531,4241,4548,0,0,1
4527,4529,4549,0,0,1
4525,4549,4550,0,0,1
4551,4550,4552,1,0,1
4553,4554,4555,1,1,1
4556,4557,4558,1,1,1
4559,4558,4560,1,0,1
4561,4562,4563,1,1,1
4564,4565,4566,1,1,1
4567,4568,4569,1,1,1
4570,4571,4572,1,1,1
4573,4572,4574,1,0,1
4575,4574,4576,1,0,1
4577,4578,4579,1,1,1
4580,4581,4582,1,1,1
4583,4582,4584,1,0,1
4585,4584,4586,1,0,1
4587,4588,4589,1,1,1
4590,4589,4591,1,0,1
4592,4593,4594,1,1,1
4595,4596,4597,1,1,1
4598,4599,4600,1,1,1
4601,4602,4603,1,1,1
4604,4603,4605,1,0,1
4606,4607,4608,1,1,1
4609,4608,4610,1,0,1
4611,4610,4612,1,0,1
4613,4614,4615,1,1,1
4616,4615,4617,1,0,1
4618,4619,4620,1,1,1
4621,4622,4623,1,1,1
4624,4625,4626,1,1,1
4627,4628,4629,1,1,1
4630,4629,4631,1,0,1
4404,4631,4632,0,0,1
4401,4632,4633,0,0,1
4398,4633,4634,0,0,1
4399,4634,4635,0,0,1
4396,4635,4636,0,0,1
4394,4636,4637,0,0,1
4391,4637,4638,0,0,1
4392,4638,4639,0,0,1
4389,4639,4640,0,0,1
4386,4640,4641,0,0,1
4469,4387,4642,0,0,1
4383,4642,4643,0,0,1
4384,4643,4644,0,0,1
4380,4644,4645,0,0,1
4381,4645,4646,0,0,1
4377,4646,4647,0,0,1
4464,4378,4648,0,0,1
4375,4648,4649,0,0,1
4372,4649,4650,0,0,1
4370,4373,4651,0,0,1
4368,4651,4652,0,0,1
4364,4366,4653,0,0,1
4360,4362,4654,0,0,1
4269,4654,4655,0,0,1
4265,4655,4656,0,0,1
4294,4266,4657,0,0,1
4540,4657,4658,0,0,1
4544,4658,4659,0,0,1
4547,4545,4660,0,0,1
4548,4660,4661,0,0,1
4552,4661,4662,0,0,1
4555,4662,4663,0,0,1
4560,4663,4664,0,0,1
4563,4664,4665,0,0,1
4566,4665,4666,0,0,1
4569,4666,4667,0,0,1
4576,4667,4668,0,0,1
4669,4668,4670,1,0,1
4579,4670,4671,0,0,1
4586,4671,4672,0,0,1
4591,4672,4673,0,0,1
4594,4673,4674,0,0,1
4597,4674,4675,0,0,1
4600,4675,4676,0,0,1
4605,4676,4677,0,0,1
4612,4677,4678,0,0,1
4679,4678,4680,1,0,1
4617,4680,4681,0,0,1
4620,4681,4682,0,0,1
4683,4682,4684,1,0,1
4623,4684,4685,0,0,1
4626,4685,4686,0,0,1
4641,4686,4687,0,0,1
4647,4687,4688,0,0,1
4650,4688,4689,0,0,1
4652,4689,4690,0,0,1
4653,4690,4691,0,0,1
4656,4691,4659,0,0,0
4521,4523,4692,0,0,1,29648
4517,4519,4693,0,0,1
4515,4693,4694,0,0,1
4695,4694,4696,1,0,1
4697,4696,4698,1,0,1
4699,4698,4700,1,0,1
4701,4700,4702,1,0,1
4703,4704,4705,1,1,1
4706,4707,4708,1,1,1
4709,4710,4711,1,1,1
4712,4711,4713,1,0,1
4714,4715,4716,1,1,1
4717,4718,4719,1,1,1
4720,4721,4722,1,1,1
4723,4724,4725,1,1,1
4726,4725,4727,1,0,1
4728,4729,4730,1,1,1
4731,4732,4733,1,1,1
4734,4735,4736,1,1,1
4737,4736,4738,1,0,1
4739,4740,4741,1,1,1
4742,4741,4743,1,0,1
4744,4745,4746,1,1,1
4747,4746,4748,1,0,1
4749,4750,4751,1,1,1
4752,4751,4753,1,0,1
4754,4755,4756,1,1,1
4757,4758,4759,1,1,1
4760,4761,4762,1,1,1
4763,4764,4765,1,1,1
4766,4767,4768,1,1,1
4769,4768,4770,1,0,1
4771,4770,4772,1,0,1
4773,4774,4775,1,1,1
4776,4775,4777,1,0,1
4778,4777,4779,1,0,1
4780,4779,4781,1,0,1
4782,4781,4783,1,0,1
4784,4783,4785,1,0,1
4786,4787,4788,1,1,1
4602,4788,4789,0,0,1
4598,4789,4790,0,0,1
4599,4790,4791,0,0,1
4595,4791,4792,0,0,1
4592,4596,4793,0,0,1
4590,4593,4794,0,0,1
4587,4794,4795,0,0,1
4585,4588,4796,0,0,1
4583,4796,4797,0,0,1
4580,4797,4798,0,0,1
4577,4581,4799,0,0,1
4669,4578,4800,0,0,1
4575,4800,4801,0,0,1
4573,4801,4802,0,0,1
4567,4571,4803,0,0,1
4564,4568,4804,0,0,1
4565,4804,4805,0,0,1
4561,4805,4806,0,0,1
4562,4806,4807,0,0,1
4559,4807,4808,0,0,1
4556,4808,4809,0,0,1
4553,4557,4810,0,0,1
4551,4554,4811,0,0,1
4692,4811,4812,0,0,1
4702,4812,4813,0,0,1
4705,4813,4814,0,0,1
4708,4814,4815,0,0,1
4713,4815,4816,0,0,1
4716,4816,4817,0,0,1
4719,4817,4818,0,0,1
4722,4818,4819,0,0,1
4820,4819,4821,1,0,1
4727,4821,4822,0,0,1
4730,4822,4823,0,0,1
4733,4823,4824,0,0,1
4825,4824,4826,1,0,1
4738,4826,4827,0,0,1
4743,4827,4828,0,0,1
4748,4828,4829,0,0,1
4753,4829,4830,0,0,1
4756,4830,4831,0,0,1
4759,4831,4832,0,0,1
4762,4832,4833,0,0,1
4765,4833,4834,0,0,1
4772,4834,4835,0,0,1
4836,4835,4837,1,0,1
4838,4837,4839,1,0,1
4792,4785,4840,0,0,1
4793,4840,4841,0,0,1
4795,4841,4842,0,0,1
4798,4842,4843,0,0,1
4799,4843,4844,0,0,1
4802,4844,4845,0,0,1
4570,4845,4846,0,0,1
4803,4846,4847,0,0,1
4809,4847,4848,0,0,1
4810,4848,4839,0,0,0
120,4163,4849,0,0,1,30544
117,4849,4850,0,0,1
115,4850,4851,0,0,1
113,4851,4852,0,0,1
108,111,4853,0,0,1
105,4853,4854,0,0,1
169,106,4855,0,0,1
102,4855,4856,0,0,1
103,4856,4857,0,0,1
100,4857,4858,0,0,1
98,4858,4859,0,0,1
93,96,4860,0,0,1
4861,4860,4862,1,0,1
4863,4862,4864,1,0,1
4865,4864,4866,1,0,1
4867,4866,4868,1,0,1
4869,4868,4870,1,0,1
4871,4870,4872,1,0,1
4176,4872,4873,0,0,1
4177,4873,4874,0,0,1
4173,4874,4875,0,0,1
4171,4174,4876,0,0,1
4168,4876,4877,0,0,1
4200,4169,4878,0,0,1
4165,4878,4879,0,0,1
4166,4879,4880,0,0,1
4198,4880,4881,0,0,1
4852,4881,4882,0,0,1
110,4882,4883,0,0,1
4854,4883,4884,0,0,1
4859,4884,4885,0,0,1
4875,4885,4877,0,0,0
4886,4499,4887,1,0,1,31712
4888,4887,4889,1,0,1
4890,4891,4892,1,1,1
4893,4892,4894,1,0,1
4511,4894,4895,0,0,1
4509,4895,4896,0,0,1
4507,4896,4897,0,0,1
4505,4897,4898,0,0,1
4501,4503,4899,0,0,1
4889,4899,4898,0,0,0
4122,4125,4900,0,0,1,30240
4120,4900,4901,0,0,1
4902,4901,4903,1,0,1
4904,4903,4905,1,0,1
4906,4905,4907,1,0,1
4908,4907,4909,1,0,1
4910,4909,4911,1,0,1
4912,4911,4124,1,0,0
4893,4513,4913,0,0,1,31696
4888,4891,4914,0,0,1
4915,4914,4916,1,0,1
4917,4916,4918,1,0,1
4919,4918,4920,1,0,1
4921,4920,4922,1,0,1
4923,4922,4924,1,0,1
4925,4924,4926,1,0,1
4927,4926,4928,1,0,1
4929,4928,4930,1,0,1
4931,4930,4932,1,0,1
4933,4932,4934,1,0,1
4935,4934,4936,1,0,1
4937,4936,4938,1,0,1
4939,4940,4941,1,1,1
4942,4943,4944,1,1,1
4945,4944,4946,1,0,1
4947,4946,4948,1,0,1
4949,4948,4950,1,0,1
4951,4952,4953,1,1,1
4954,4955,4956,1,1,1
4957,4956,4958,1,0,1
4959,4960,4961,1,1,1
4962,4963,4964,1,1,1
4965,4966,4967,1,1,1
4968,4967,4969,1,0,1
4970,4971,4972,1,1,1
4973,4974,4975,1,1,1
4976,4977,4978,1,1,1
4979,4980,4981,1,1,1
4982,4981,4983,1,0,1
4984,4983,4985,1,0,1
4986,4987,4988,1,1,1
4989,4988,4990,1,0,1
4991,4992,4993,1,1,1
4994,4995,4996,1,1,1
4997,4996,4998,1,0,1
4999,4998,5000,1,0,1
5001,5000,5002,1,0,1
5003,5002,5004,1,0,1
5005,5004,5006,1,0,1
5007,5006,5008,1,0,1
5009,5008,5010,1,0,1
5011,5012,5013,1,1,1
5014,5013,5015,1,0,1
5016,5017,5018,1,1,1
5019,5020,5021,1,1,1
5022,5021,5023,1,0,1
5024,5025,5026,1,1,1
5027,5028,5029,1,1,1
5030,5031,5032,1,1,1
5033,5034,5035,1,1,1
4749,5036,5037,0,1,1
4747,4750,5038,0,0,1
4742,4745,5039,0,0,1
4739,5039,5040,0,0,1
4737,4740,5041,0,0,1
4734,5041,5042,0,0,1
4825,4735,5043,0,0,1
4731,5043,5044,0,0,1
4728,4732,5045,0,0,1
4726,4729,5046,0,0,1
4723,5046,5047,0,0,1
4820,4724,5048,0,0,1
4720,5048,5049,0,0,1
4721,5049,5050,0,0,1
4717,5050,5051,0,0,1
4714,4718,5052,0,0,1
4712,4715,5053,0,0,1
4709,5053,5054,0,0,1
4706,4710,5055,0,0,1
4707,5055,5056,0,0,1
4703,5056,5057,0,0,1
4701,4704,5058,0,0,1
4699,5058,5059,0,0,1
4695,4697,5060,0,0,1
4913,5060,5061,0,0,1
4890,5061,5062,0,0,1
4938,5062,5063,0,0,1
4941,5063,5064,0,0,1
5065,5064,5066,1,0,1
4950,5066,5067,0,0,1
5068,5067,5069,1,0,1
4953,5069,5070,0,0,1
5071,5070,5072,1,0,1
5073,5072,5074,1,0,1
4958,5074,5075,0,0,1
4961,5075,5076,0,0,1
4964,5076,5077,0,0,1
4969,5077,5078,0,0,1
4972,5078,5079,0,0,1
4975,5079,5080,0,0,1
4978,5080,5081,0,0,1
5082,5081,5083,1,0,1
4985,5083,5084,0,0,1
4990,5084,5085,0,0,1
4993,5085,5086,0,0,1
5015,5010,5087,0,0,1
5018,5087,5088,0,0,1
5023,5088,5089,0,0,1
5026,5089,5090,0,0,1
5029,5090,5091,0,0,1
5092,5091,5093,1,0,1
5032,5093,5094,0,0,1
5035,5094,5095,0,0,1
5037,5095,5096,0,0,1
5038,5096,5097,0,0,1
4744,5097,5098,0,0,1
5040,5098,5099,0,0,1
5042,5099,5100,0,0,1
5044,5100,5101,0,0,1
5045,5101,5102,0,0,1
5047,5102,5103,0,0,1
5051,5103,5104,0,0,1
5052,5104,5105,0,0,1
5054,5105,5106,0,0,1
5057,5106,5107,0,0,1
5059,5107,5086,0,0,0
4111,4141,5108,0,0,1,20517
5109,5110,5111,1,1,1
5112,5111,5113,1,0,1
5114,5113,5115,1,0,1
4114,5116,5117,0,1,1
5108,5117,5118,0,0,1
5119,5118,5115,1,0,0
5116,4113,5120,0,0,1,34
5114,5120,5121,0,0,1
5122,5121,5123,1,0,1
5124,5125,5126,1,1,1
5127,5126,5128,1,0,1
5129,5128,5130,1,0,1
5131,5130,5123,1,0,0
5132,4109,5133,1,0,1,16422
5134,5133,5135,1,0,1
5136,5135,5137,1,0,1
5138,5137,5139,1,0,1
5140,5139,5141,1,0,1
5142,5141,5143,1,0,1
5144,5143,5145,1,0,1
5110,5145,5119,0,0,0
5146,4099,5147,1,0,1,14115
5148,5147,5149,1,0,1
5150,5149,5151,1,0,1
5152,5151,5153,1,0,1
4105,4107,5154,0,0,1,35360
5155,4102,5156,1,0,1
5157,5156,5158,1,0,1
5159,5158,5160,1,0,1
5161,5160,5162,1,0,1
5163,5162,5164,1,0,1
5134,5164,5165,0,0,1
5132,5165,5154,0,0,0
5159,5157,5166,1,1,1,16422
5167,5168,5169,1,1,1
5170,5169,5171,1,0,1
5172,5171,5173,1,0,1
5174,5173,5175,1,0,1
5176,5175,5177,1,0,1
5178,5174,5179,1,0,1
5180,5179,5181,1,0,1
5182,5183,5184,1,1,1
5185,5184,5186,1,0,1
5187,5186,5188,1,0,1
5189,5188,5190,1,0,1
5191,5190,5192,1,0,1
5193,5192,5194,1,0,1
5195,5194,5196,1,0,1
5197,5196,5198,1,0,1
5199,5200,5201,1,1,1
5152,5201,5202,1,0,1
4139,5153,5203,1,1,1
4103,5203,5204,1,0,1
5155,5204,5205,1,0,1
5177,5166,5206,0,0,1
5176,5206,5207,0,0,1
5181,5207,5208,0,0,1
5198,5208,5209,0,0,1
5202,5209,5205,0,0,0
4871,4078,5210,0,0,1,30496
4865,4867,5211,0,0,1
5212,5211,5213,1,0,1
4084,4086,5214,0,0,1
4082,5214,5215,0,0,1
5210,4080,5216,0,0,1
4869,5216,5217,0,0,1
5213,5217,5215,0,0,0
5131,4116,5218,0,0,1,2594
5129,5218,5219,0,0,1
5220,5219,5221,1,0,1
5222,5221,5223,1,0,1
5224,5225,5226,1,1,1
4904,5226,5227,0,0,1
4902,5227,5228,0,0,1
4118,5228,5223,0,0,0
5163,5136,5229,0,0,1,18981
5161,5229,5230,0,0,1
5168,5230,5231,1,0,1
5167,5231,5232,1,0,1,16421
5233,5232,5234,1,0,1
5235,5236,5237,1,1,1
5238,5237,5239,1,0,1
5240,5241,5242,1,1,1
5140,5242,5243,0,0,1
5234,5138,5244,0,0,1
5239,5244,5243,0,0,0
5127,5220,5245,0,0,1,8228
5124,5245,5246,0,0,1
5247,5246,5248,1,0,1
5249,5248,5222,1,0,0
5224,4906,5250,0,0,1,2595
5251,5250,5252,1,0,1
5253,5252,5254,1,0,1
5255,5254,5256,1,0,1
5257,5258,5259,1,1,1
5260,5261,5262,1,1,1
5263,5262,5264,1,0,1
4910,5264,5265,0,0,1
4908,5265,5266,0,0,1
5256,5266,5259,0,0,0
5112,5122,5267,0,0,1,16422
5268,5267,5269,1,0,1
5270,5269,5271,1,0,1
5247,5272,5273,0,1,1
5125,5273,5271,0,0,0
5249,5225,5274,0,0,1,35
5272,5274,5275,0,0,1
5276,5275,5277,1,0,1
5278,5277,5279,1,0,1
5280,5281,5282,1,1,1
5283,5282,5284,1,0,1
5253,5285,5286,0,1,1
5279,5251,5287,0,0,1
5284,5287,5286,0,0,0
5288,5260,5289,1,0,1,1826
5290,5289,5291,1,0,1
4096,4100,5292,0,0,1,38688
4093,4097,5293,0,0,1
4090,4094,5294,0,0,1
5295,5294,5296,1,0,1
5146,5296,5297,0,0,1
5292,5297,5293,0,0,0
4091,5295,5298,0,0,1,1827
5299,5298,5300,1,0,1
5301,5300,5302,1,0,1
5303,5302,5304,1,0,1
5305,5304,5148,1,0,0
5144,5109,5306,0,0,1,16420
5240,5142,5307,0,0,1
5238,5241,5308,0,0,1
5235,5308,5309,0,0,1
5310,5311,5312,1,1,1
5313,5312,5314,1,0,1
5315,5314,5316,1,0,1
5317,5316,5318,1,0,1
5306,5268,5319,0,0,1
5307,5319,5320,0,0,1
5309,5320,5318,0,0,0
5212,4088,5321,0,0,1,10020
4863,5321,5322,0,0,1
5323,5322,5324,1,0,1
5325,5324,5326,1,0,1
5327,5326,5328,1,0,1
5329,5330,5331,1,1,1
5332,5333,5334,1,1,1
5301,5334,5335,0,0,1
5299,5335,5336,0,0,1
5328,5336,5331,0,0,0
5305,5150,5337,0,0,1,8231
5338,5337,5339,1,0,1
5340,5339,5341,1,0,1
5342,5341,5343,1,0,1
5344,5345,5346,1,1,1
5195,5347,5348,1,1,1
5197,5348,5349,1,0,1
5200,5349,5350,1,0,1
5343,5199,5351,0,1,1
5346,5351,5350,0,0,0
5257,5261,5352,0,0,1,2594
5353,5352,5354,1,0,1
5355,5354,5356,1,0,1
5357,5356,5358,1,0,1
5359,5358,5360,1,0,1
5361,5360,5362,1,0,1
5363,5362,5364,1,0,1
5365,5364,5366,1,0,1
5367,5368,5369,1,1,1
5370,5371,5372,1,1,1
5373,5374,5375,1,1,1
5290,5375,5376,0,0,1
5288,5376,5377,0,0,1
5372,5369,5378,0,0,1
5377,5379,5380,0,1,1
5366,5380,5378,0,0,0
5381,5382,5383,1,1,1,18214
5384,5310,5385,1,1,1
5386,5385,5387,1,0,1
5388,5387,5389,1,0,1
5390,5391,5392,1,1,1
5393,5392,5394,1,0,1
5395,5394,5396,1,0,1
5397,5398,5399,1,1,1
5170,5399,5400,0,0,1
5233,5400,5401,1,0,1
5383,5401,5402,0,0,1
5389,5402,5396,0,0,0
5403,5397,5172,1,0,0,16424
5332,5303,5404,0,0,1,12325
5405,5406,5407,1,1,1
5408,5407,5409,1,0,1
5410,5409,5411,1,0,1
5412,5411,5413,1,0,1
5414,5413,5415,1,0,1
5338,5415,5404,0,0,0
5317,5270,5416,0,0,1,17958
5417,5416,5418,1,0,1
5419,5420,5421,1,1,1
5422,5421,5423,1,0,1
5424,5423,5425,1,0,1
5426,5425,5427,1,0,1
5428,5427,5429,1,0,1
5280,5430,5431,0,1,1
5281,5431,5432,0,0,1
5278,5432,5433,0,0,1
5418,5276,5434,0,0,1
5429,5434,5433,0,0,0
5414,5340,5435,0,0,1,16423
5412,5435,5436,0,0,1
5410,5436,5437,0,0,1
5438,5437,5439,1,0,1
5440,5439,5441,1,0,1
5442,5441,5443,1,0,1
5444,5443,5342,1,0,0
5285,5255,5445,0,0,1,13859
5283,5445,5446,0,0,1
5430,5446,5447,0,0,1
5448,5447,5449,1,0,1
5450,5449,5451,1,0,1
5359,5451,5452,0,0,1
5355,5357,5453,0,0,1
5258,5353,5454,0,0,1
5452,5454,5453,0,0,0
5455,5456,5457,1,1,1,30544
5458,5457,5459,1,0,1
5460,5461,5462,1,1,1
5463,5462,5459,1,0,0
5313,5315,5464,0,0,1,10020
5384,5464,5465,1,0,1
5386,5465,5466,1,0,1
5391,5388,5467,1,1,1
5468,5467,5469,1,0,1
5470,5469,5471,1,0,1
5472,5471,5473,1,0,1
5420,5473,5474,0,0,1
5417,5474,5466,0,0,0
5329,5333,5475,0,0,1,8228
5330,5475,5476,0,0,1
5477,5476,5478,1,0,1
5479,5478,5480,1,0,1
5481,5480,5482,1,0,1
5483,5482,5484,1,0,1
5405,5485,5486,0,1,1
5406,5486,5484,0,0,0
94,4861,5487,0,0,1,82
91,5487,5488,0,0,1
5489,5488,5490,1,0,1
5491,5490,5492,1,0,1
5493,5492,5494,1,0,1
5495,5494,5323,1,0,0
5379,5374,5496,0,0,1,2593
5370,5496,5497,0,0,1
5371,5497,5498,0,0,1
5367,5498,5499,0,0,1
5500,5365,5501,1,0,1,1570
5502,5501,5503,1,0,1
5495,5325,5504,0,0,1,12370
5505,5504,5506,1,0,1
5507,5508,5509,1,1,1
5510,5509,5511,1,0,1
5512,5511,5506,1,0,0
5513,5514,5515,1,1,1,51
5516,5515,5517,1,0,1
5518,5517,5519,1,0,1
5520,5519,5521,1,0,1
5522,5523,5524,1,1,1
5193,5525,5526,0,1,1
5527,5189,5528,1,0,1
5529,5528,5530,1,0,1
5521,5530,5531,0,0,1
5526,5524,5532,0,0,1
5191,5532,5531,0,0,0
5512,5327,5533,0,0,1,12372
5510,5533,5534,0,0,1
5535,5534,5536,1,0,1
5537,5538,5539,1,1,1
5481,5539,5540,0,0,1
5479,5540,5541,0,0,1
5477,5541,5536,0,0,0
5444,5345,5542,0,0,1,819
5543,5442,5544,1,0,1
5545,5544,5546,1,0,1
5547,5546,5548,1,0,1
5549,5548,5550,1,0,1
5551,5550,5552,1,0,1
5520,5552,5553,1,0,1
5523,5553,5542,1,0,0
5428,5448,5554,0,0,1,17957
5426,5554,5555,0,0,1
5556,5555,5557,1,0,1
5558,5557,5559,1,0,1
5560,5559,5561,1,0,1
5562,5561,5563,1,0,1
5564,5563,5565,1,0,1
5566,5565,5567,1,0,1
5568,5567,5569,1,0,1
5361,5569,5450,0,0,0
5570,5571,5572,1,1,1,10023
5390,5572,5573,0,0,1
5468,5573,5574,1,0,1
5470,5574,5575,1,0,1
5576,5575,5577,1,0,1
5578,5577,186,1,0,0
5579,5580,5581,1,1,1,8230
5582,5581,5583,1,0,1
5584,5583,5585,1,0,1
5586,5585,5587,1,0,1
5588,5587,5589,1,0,1
5182,5589,5590,0,0,1
5591,5590,5592,1,0,1
5593,5594,5595,1,1,1
5596,5595,5592,1,0,0
5576,5472,5597,1,0,1,8742
5578,5597,5598,1,0,1
5599,185,5600,1,1,1
5601,5600,5602,1,0,1
5419,5602,5598,0,0,0
5491,5493,5603,0,0,1,81
5604,5603,5605,1,0,1
5606,5605,5607,1,0,1
5608,5607,5609,1,0,1
5610,5609,5611,1,0,1
5612,5611,5505,1,0,0
5613,89,5614,1,0,1,36944
5615,5614,5616,1,0,1
5617,5618,5619,1,1,1
5620,5619,5621,1,0,1
5622,5623,5624,1,1,1
5606,5624,5625,0,0,1
5604,5625,5626,0,0,1
5616,5489,5627,0,0,1
5621,5627,5626,0,0,0
5408,5438,5628,0,0,1,4897
5629,5485,5630,1,0,1
5631,5630,5632,1,0,1
5633,5632,5634,1,0,1
5635,5634,5636,1,0,1
5637,5636,5638,1,0,1
5543,5638,5639,0,0,1
5440,5639,5628,0,0,0
5500,5502,5640,0,0,1,17958
5363,5640,5641,0,0,1
5568,5641,5642,0,0,1
5566,5642,5643,0,0,1
5644,5643,5645,1,0,1
5646,5645,5647,1,0,1
180,182,5648,0,0,1,30544
65,5648,5649,0,0,1
66,5649,5650,0,0,1
63,5650,5651,0,0,1
61,5651,5652,0,0,1
58,5652,5653,0,0,1
5654,5653,5655,1,0,1
5656,5655,5657,1,0,1
5658,394,5659,1,1,1
5660,5659,5661,1,0,1
5662,5661,5663,1,0,1
69,5663,5657,0,0,0
5664,5586,5665,1,0,1,16438
5666,5665,5667,1,0,1
5668,5669,5670,1,1,1
5671,5672,5673,1,1,1
5674,5673,5675,1,0,1
5676,5677,5678,1,1,1
5527,5678,5679,0,0,1
5187,5679,5680,0,0,1
5185,5680,5681,0,0,1
5588,5681,5682,0,0,1
5667,5682,5683,0,0,1
5670,5683,5675,0,0,0
5537,5483,5684,0,0,1,9042
5507,5535,5685,0,0,1
5508,5685,5686,0,0,1
5612,5686,5687,0,0,1
5610,5687,5688,0,0,1
5689,5688,5690,1,0,1
5691,5690,5692,1,0,1
5693,5692,5694,1,0,1
5695,5694,5696,1,0,1
5697,5696,5698,1,0,1
5631,5698,5699,0,0,1
5684,5629,5700,0,0,1
5538,5700,5699,0,0,0
86,5613,5701,0,0,1,81
5702,5701,5703,1,0,1
5704,5705,5706,1,1,1
5707,5706,5708,1,0,1
5709,5710,5711,1,1,1
5712,5713,5714,1,1,1
5617,5714,5715,0,0,1
5615,5618,5716,0,0,1
5703,5716,5717,0,0,1
5708,5717,5718,0,0,1
5711,5718,5715,0,0,0
82,5719,5720,1,1,1,8275
87,84,5721,1,1,1
5702,5721,5722,1,0,1
5705,5722,5723,1,0,1
5704,5723,5724,1,0,1
5725,5724,5726,1,0,1
5727,5728,5729,1,1,1
5730,5729,5731,1,0,1
5732,5731,5733,1,0,1
374,5733,5734,0,0,1
371,5734,5735,0,0,1
5736,5735,5737,1,0,1
5738,5737,5739,1,0,1
5740,5739,5741,1,0,1
5742,5740,5743,1,0,1
5744,5743,5745,1,0,1
5726,5720,5746,0,0,1
5741,5746,5745,0,0,0
5662,68,5747,0,0,1,29520
5660,5747,5748,0,0,1
5749,5748,72,1,0,0
5601,5422,5750,0,0,1,9000
5599,5750,5751,0,0,1
188,5751,5752,1,0,1
5753,5752,5754,1,0,1
5755,5754,5756,1,0,1
5556,5756,5424,0,0,0
5757,5637,5758,1,0,1,4914
5759,5758,5760,1,0,1
5761,5762,5763,1,1,1
5764,5763,5765,1,0,1
5766,5765,5767,1,0,1
5768,5767,5769,1,0,1
5547,5769,5770,0,0,1
5545,5770,5760,0,0,0
5620,5623,5771,0,0,1,83
5712,5771,5772,0,0,1
5713,5772,5773,0,0,1
5709,5773,5774,0,0,1
5775,5774,5776,1,0,1
5777,5776,5778,1,0,1
5779,5516,5780,1,0,1,50
5781,5782,5783,1,1,1
5784,5783,5785,1,0,1
5766,5764,5786,1,1,1
5518,5787,5788,0,1,1
5780,5788,5789,0,0,1
5785,5789,5786,0,0,0
5549,5551,5790,0,0,1,818
5768,5790,5787,0,0,1
5762,5759,5791,1,1,1,4913
5792,5791,5793,1,0,1
5794,5793,5795,1,0,1
5796,5795,5797,1,0,1
5798,5797,5799,1,0,1
5800,5799,5801,1,0,1
5697,5801,5802,1,0,1
5803,5802,5804,1,0,1
5805,5804,5757,1,0,1
5666,5664,5806,1,1,1,8759
5807,5806,5808,1,0,1
5809,5808,5810,1,0,1
5811,5810,5584,1,0,1
5812,5813,5814,1,1,1,4945
5815,5814,5816,1,0,1
5778,5816,5817,1,0,1
5622,5817,5818,1,0,1
5819,5820,5821,1,1,1
5691,5821,5822,1,0,1
5823,5822,5824,1,0,1
5825,5824,5826,1,0,1
5827,5825,5828,1,0,1
5829,5828,5830,1,0,1
5818,5829,5831,0,0,1
5826,5831,5830,0,0,0
5564,5644,5832,0,0,1,10022
5833,5832,5834,1,0,1
5835,5834,5836,1,0,1
5837,5836,5838,1,0,1
5839,5838,5840,1,0,1
5841,5842,5843,1,1,1
5844,5843,5845,1,0,1
5846,5847,5848,1,1,1
5849,5848,5850,1,0,1
5851,5850,5852,1,0,1
5853,5852,5854,1,0,1
5855,5856,5857,1,1,1
5858,5859,5860,1,1,1
5646,5860,5861,0,0,1
5840,5861,5862,0,0,1
5854,5845,5863,0,0,1
5857,5863,5862,0,0,0
5579,5864,5865,1,1,1,567
5866,5865,5867,1,0,1
5868,5867,5869,1,0,1
5811,5582,5870,0,1,1,8760
5871,5870,5872,1,0,1
5873,5874,5875,1,1,1
5876,5875,5877,1,0,1
5866,5877,5872,0,0,0
5878,5879,5880,1,1,1,8244
5881,5880,5882,1,0,1
5883,5882,5884,1,0,1
5885,5886,5887,1,1,1,81
5888,5887,5889,1,0,1
5890,5889,5891,1,0,1
5823,5891,5892,0,0,1
5693,5892,5893,1,0,1
5695,5893,5800,1,0,0
5560,5562,5894,0,0,1,8999
5895,5894,5896,1,0,1
5897,5896,5833,1,0,0
5792,5898,5899,0,1,1,49
5761,5899,5784,1,0,0
5900,5901,5902,1,1,1,36944
74,5902,5903,1,0,1
76,5903,5904,1,0,1
5719,80,5905,0,1,1
5744,5905,5906,0,0,1
5904,5742,5907,0,0,1
78,5907,5906,1,0,0
316,352,5908,0,0,1,1847
5909,5908,5910,1,0,1
5911,5912,5913,1,1,1
5914,5913,5915,1,0,1
5916,5915,5917,1,0,1
5918,5917,5919,1,0,1
5920,5921,5922,1,1,1
5923,5922,5924,1,0,1
5925,5926,5927,1,1,1
5928,5927,5929,1,0,1
5930,5929,5931,1,0,1
5928,5930,5932,0,0,1
5933,5932,5934,1,0,1
5935,5934,5936,1,0,1
5937,5936,5938,1,0,1
5939,5873,5940,1,1,1
5941,5869,5942,1,1,1
5910,5942,5943,0,0,1
5924,5919,5944,0,0,1
5945,5944,5946,1,0,1
5931,5946,5947,0,0,1
5938,5947,5948,0,0,1
5940,5948,5949,0,0,1
5950,5949,5943,1,0,0
5755,5558,5951,0,0,1,807
5753,5951,5952,0,0,1
327,5952,5953,1,0,1
329,5953,5954,1,0,1
191,5954,5955,1,0,1
5956,5955,5957,1,0,1
5958,5957,5959,1,0,1
5960,5959,5895,1,0,0
5961,5962,5963,1,1,1,8247
5883,5963,5964,0,0,1
5965,5966,5967,1,1,1
5968,5967,5964,1,0,0
5876,5868,5969,0,0,1,8759
5939,5969,5950,1,0,1
5970,5900,5971,1,0,1,16468
400,5971,5972,0,0,1
397,5972,5973,0,0,1
5658,5973,5974,1,0,1
5749,5974,71,1,0,1
5975,5710,5976,1,0,1,16469
5777,5815,5977,0,1,1
5775,5977,5976,0,0,0
5978,5809,5979,1,0,1,567
5672,5979,5980,1,0,1
5981,5980,5982,1,0,1
5983,5982,5984,1,0,1
5985,5984,5871,1,0,0
5925,5986,5987,0,1,1,8246
5988,5926,5989,1,0,1
5990,5989,5991,1,0,1
5992,5991,5993,1,0,1
5994,5993,5995,1,0,1
5965,5995,5996,1,0,1
5968,5996,5997,1,0,1
5998,5997,5999,1,0,1
6000,5999,5987,1,0,0
6001,5881,6002,1,0,1,8248
6003,6002,6004,1,0,1
6005,6004,6006,1,0,1
6007,6006,6008,1,0,1
6009,6008,6010,1,0,1
6011,6010,6012,1,0,1
6013,6012,6014,1,0,1
5992,6014,6015,1,0,1
5994,6015,5966,1,0,0
5725,5707,6016,1,0,1,8277
5728,6016,6017,1,0,1
6018,6017,6019,1,0,1
6020,6019,6021,1,0,1
5812,6021,5975,1,0,0
5960,5897,6022,0,0,1,1830
6023,6022,6024,1,0,1
204,6024,6025,1,0,1
207,6025,6026,1,0,1
6027,6026,6028,1,0,1
5841,6028,6029,0,0,1
5842,6029,6030,0,0,1
5839,6030,6031,0,0,1
5837,6031,5835,0,0,0
6032,6033,6034,1,1,1,8245
6035,6034,6036,1,0,1
6037,6036,6038,1,0,1
6039,6040,6041,1,1,1
6042,6043,6044,1,1,1
6045,6044,6046,1,0,1
6047,6046,6048,1,0,1
6049,6050,6051,1,1,1
6052,6051,6053,1,0,1
6054,6053,6055,1,0,1
6003,6055,6056,0,0,1
6057,6056,6058,1,0,1
6038,6058,6059,0,0,1
6041,6059,6060,0,0,1
6061,6060,6062,1,0,1
6063,6062,6048,1,0,0
59,5654,6064,0,0,1,32848
390,6064,6065,1,0,1
392,6065,6066,1,0,1
395,6066,5656,1,0,0
6067,5958,6068,1,0,1,10023
200,6068,6069,1,0,1
202,6069,6023,1,0,0
190,5956,6070,1,0,1,10024
193,6070,6071,1,0,1
6072,6071,6073,1,0,1
197,6073,6067,1,0,0
6054,6005,6074,0,0,1,10807
6052,6074,6075,0,0,1
6076,6075,6007,1,0,0
6077,6078,6079,1,1,1,8244
408,6080,6081,1,1,1
6082,6083,6084,1,1,1
6042,6084,6085,0,0,1
6063,6043,6086,0,0,1
6061,6086,6087,0,0,1
6039,6087,6088,0,0,1
6037,6040,6089,0,0,1
6035,6089,6090,0,0,1
6032,6090,6091,0,0,1
6079,6091,6092,0,0,1
6085,6081,6093,0,0,1
6092,6088,6094,0,0,1
6095,6094,6093,1,0,0
6096,6013,6097,1,0,1,1848
6098,6097,6099,1,0,1
6100,6099,6101,1,0,1
6102,6101,6103,1,0,1
5923,6104,6105,1,1,1
6106,6105,6107,1,0,1
5990,6108,6109,1,1,1
6103,6109,6107,0,0,0
331,195,6110,1,1,1,551
198,6110,6072,1,0,0
6111,6011,6112,1,0,1,56
6113,6114,6115,1,1,1
6116,6115,6117,1,0,1
6118,6117,6119,1,0,1
6096,6119,6112,0,0,0
6120,6121,6122,1,1,1,51
404,6122,6123,1,0,1
6080,6123,6124,0,0,1
6095,6124,6125,0,0,1
6077,6125,6126,0,0,1
6108,5988,6127,0,1,1,10039
6106,6127,5945,0,0,1
6128,314,6129,1,1,1,10024
6130,6129,6131,1,0,1
6132,6131,6133,1,0,1
6134,6133,6135,1,0,1
6136,6137,6138,1,1,1
5914,6138,6139,1,0,1
6140,6139,6141,1,0,1
6142,6141,6143,1,0,1
6144,6143,6145,1,0,1
6146,6145,6147,1,0,1
6148,6147,6149,1,0,1
6150,6149,6151,1,0,1
6152,6151,6153,1,0,1
6154,6153,6155,1,0,1
295,6155,6156,1,0,1
297,6156,6157,1,0,1
299,6157,6158,1,0,1
6159,6158,6160,1,0,1
309,6160,6161,1,0,1
308,6161,6162,1,0,1
6135,311,6163,0,1,1
6164,6163,6162,1,0,0
4439,51,6165,0,0,1,30544
4437,6165,6166,0,0,1
4435,6166,162,0,0,0
5855,5859,6167,0,0,1,10021
5853,5856,6168,0,0,1
5851,6168,6169,0,0,1
5849,6169,6170,0,0,1
6171,6170,6167,1,0,0
6076,6009,6172,0,0,1,8760
6049,6172,6173,0,0,1
6174,6173,6175,1,0,1
6176,6177,6178,1,1,1
6179,6178,6180,1,0,1
6181,6182,6183,1,1,1
6184,6185,6186,1,1,1
6187,6186,6188,1,0,1
6189,6188,6190,1,0,1
6191,6192,6193,1,1,1
6194,6195,6196,1,1,1
6197,6196,6198,1,0,1
6199,6200,6201,1,1,1
6202,6201,6203,1,0,1
6113,6204,6205,0,1,1
6111,6114,6206,0,0,1
6175,6206,6207,0,0,1
6180,6207,6208,0,0,1
6209,6208,6210,1,0,1
6190,6183,6211,0,0,1
6193,6211,6212,0,0,1
6198,6212,6213,0,0,1
6203,6213,6214,0,0,1
6205,6214,6210,0,0,0
5732,6215,6216,1,1,1,9043
376,6216,6217,1,0,1
6218,6217,6219,1,0,1
449,6219,6220,1,0,1
453,6220,6221,1,0,1
6222,5909,6223,1,1,1,1832
6224,6223,6225,1,0,1
6226,6225,6227,1,0,1
6228,6227,6229,1,0,1
6128,6229,313,0,0,1
6204,6116,6230,0,0,1,9016
6202,6230,6231,0,0,1
6232,6231,6233,1,0,1
6234,6233,6235,1,0,1
6236,6235,6237,1,0,1
6098,6237,6118,0,0,0
6027,5844,6238,0,0,1,10023
206,6238,6239,1,0,1
210,6239,6240,1,0,1
209,6240,6241,1,0,1
335,212,6242,1,1,1
215,6242,6243,1,0,1
6244,6243,6245,1,0,1
6246,6247,6248,1,1,1
6249,6250,6251,1,1,1
6252,6251,6253,1,0,1
219,6254,6255,1,1,1
338,6255,6256,1,0,1
222,6256,6257,1,0,1
6258,6257,6259,1,0,1
6260,6259,6261,1,0,1
6262,6263,6264,1,1,1
6265,6266,6267,1,1,1
6268,6269,6270,1,1,1
5847,6270,6271,0,0,1
6245,6241,6272,0,0,1
6248,6272,6273,0,0,1
6253,6274,6275,0,1,1
6261,6276,6277,0,1,1
6264,6277,6278,0,0,1
6271,6279,6280,0,1,1
6273,6280,6281,0,0,1
6275,6281,6282,0,0,1
6278,6283,6284,0,1,1
6282,6267,6285,0,0,1
6286,6285,6284,1,0,0
6287,6288,6289,1,1,1,83
6290,6289,6291,1,0,1
6292,6293,6294,1,1,1
6295,6294,6296,1,0,1
6297,6296,6298,1,0,1
6299,6298,6300,1,0,1
6301,6300,6302,1,0,1
6291,6301,6303,0,0,1
6304,6303,6302,1,0,0
6047,6050,6305,0,0,1,10807
6082,6045,6306,0,0,1
6307,6306,6308,1,0,1
6309,6308,6310,1,0,1
6311,6310,6312,1,0,1
6174,6312,6305,0,0,0
6313,6199,6314,1,0,1,8759
6315,6314,6316,1,0,1
6317,6318,6319,1,1,1
6320,6319,6321,1,0,1
6322,6323,6324,1,1,1
6325,6326,6327,1,1,1
6328,6327,6329,1,0,1
6330,6329,6331,1,0,1
6332,6331,6333,1,0,1
6234,6333,6334,0,0,1
6321,6316,6335,0,0,1
6336,6335,6337,1,0,1
6338,6337,6339,1,0,1
6334,6324,6340,0,0,1
6232,6340,6339,0,0,0
381,378,6341,1,1,1,8277
6342,6341,6343,1,0,1
450,447,6344,1,1,1
6218,6344,6343,0,0,0
6222,6224,6345,0,0,1,1831
5912,6345,6346,1,0,1
6136,5911,6347,0,1,1
6164,6137,6348,0,0,1
6134,6348,6349,0,0,1
6132,6349,6350,0,0,1
6130,6350,6351,0,0,1
6228,6351,6352,0,0,1
6226,6352,6353,0,0,1
6346,6353,6347,0,0,0
4431,4433,6354,0,0,1,850
6355,6354,6356,1,0,1
6357,6356,6358,1,0,1
6359,6358,6360,1,0,1
387,6360,53,1,0,0
6361,4429,6362,1,0,1,37712
6363,6362,6364,1,0,1
4423,6365,6366,0,1,1
6367,6366,6368,1,0,1
481,6369,6370,0,1,1
6371,6370,6372,1,0,1
6373,6372,6374,1,0,1
6375,6376,6377,1,1,1
6378,6377,6379,1,0,1
6380,6379,6381,1,0,1
6382,6381,6383,1,0,1
6384,6383,6385,1,0,1
6355,6386,6387,0,1,1
6364,6387,6388,0,0,1
6368,6388,6389,0,0,1
6374,6389,6385,0,0,0
6236,6100,6390,0,0,1,823
6332,6390,6391,0,0,1
6392,6391,6393,1,0,1
6394,6393,6102,1,0,0
6338,6323,6395,0,0,1,567
6336,6395,6396,0,0,1
6320,6396,6397,0,0,1
6398,6317,6399,1,0,1
6326,6399,6400,0,0,1
6322,6400,6397,0,0,0
6104,5920,6401,0,1,1,10040
6402,6394,6403,1,0,1
6404,6405,6406,1,1,1
6407,6406,6408,1,0,1
6140,6142,6409,0,0,1
5916,6409,6410,1,0,1
5918,6410,6411,1,0,1
5921,6411,6412,1,0,1
6401,6412,6413,0,0,1
6403,6413,6408,0,0,0
6359,385,6414,0,1,1,9045
6415,6414,6416,1,0,1
6417,6416,6418,1,0,1
6419,6418,6420,1,0,1
444,6421,6422,1,1,1
6342,6422,6423,0,0,1
380,6423,6424,1,0,1
6420,383,6425,0,1,1
6426,6425,6427,1,0,1
6428,6427,6424,1,0,0
6159,350,6429,0,1,1,551
301,6429,6430,1,0,1
303,6430,6431,1,0,1
306,348,6432,1,1,1
305,6432,6431,1,0,0
6392,6402,6433,0,0,1,824
6330,6433,6434,0,0,1
6435,6434,6436,1,0,1
6437,6436,6405,1,0,0
6438,6311,6439,1,0,1,8761
6440,6439,6441,1,0,1
6442,6441,6443,1,0,1
6444,6443,6445,1,0,1
6446,6445,6447,1,0,1
6448,6447,6449,1,0,1
6450,6451,6452,1,1,1
6453,6452,6454,1,0,1
6455,6454,6456,1,0,1
6457,6456,6458,1,0,1
6459,6458,6460,1,0,1
6184,6460,6461,0,0,1
6181,6185,6462,0,0,1
6463,6462,6464,1,0,1
6177,6464,6465,0,0,1
6449,6465,6461,0,0,0
6407,6144,6466,0,0,1,10023
6467,6466,6468,1,0,1
6469,6468,6470,1,0,1
6471,6470,6472,1,0,1
6148,6150,6473,0,0,1
6146,6473,6472,0,0,0
6474,6357,6475,1,0,1,17238
6476,6475,6477,1,0,1
6478,6477,6479,1,0,1
6480,6479,6415,1,0,0
6176,6179,6481,0,0,1,41520
6463,6481,6482,0,0,1
6182,6482,6209,0,0,0
6197,6200,6483,0,0,1,12855
6484,6483,6313,1,0,0
407,6083,6485,1,0,1,8756
6486,6485,6487,1,0,1
6488,6487,6489,1,0,1
6490,6491,6492,1,1,1
6493,6492,6494,1,0,1
6495,6494,6496,1,0,1
6497,6496,6498,1,0,1
6499,6498,6500,1,0,1
6501,6502,6503,1,1,1
6438,6503,6504,0,0,1
6309,6504,6505,0,0,1
6307,6505,6506,0,0,1
6489,6506,6500,0,0,0
4425,4427,6507,0,0,1,33616
6365,6507,6508,0,0,1
6363,6508,6361,0,0,0
6404,6467,6509,0,0,1,10024
6437,6509,6510,0,0,1
6511,6512,6513,1,1,1
6514,6513,6515,1,0,1
6469,6516,6517,0,1,1
6510,6517,6515,0,0,0
6421,445,6518,0,1,1,850
6428,6518,6519,0,0,1
6520,6519,6521,1,0,1
472,6521,6522,1,0,1
442,474,6523,1,1,1
441,6523,6522,1,0,0
6384,6386,6524,0,0,1,36944
6382,6524,6525,0,0,1
6526,6525,6527,1,0,1
6528,6529,6530,1,1,1
6476,6530,6531,0,0,1
6474,6531,6527,0,0,0
414,410,6532,1,1,1,50
6533,6534,6535,1,1,1
6490,6535,6536,0,0,1
6488,6491,6537,0,0,1
6486,6537,6538,0,0,1
411,6538,6539,1,0,1
6532,6539,6536,0,0,0
6516,6471,6540,0,0,1,1832
6514,6540,6541,0,0,1
6542,6511,6543,1,0,1
6544,6543,6545,1,0,1
6546,6545,6547,1,0,1
6548,6549,6550,1,1,1
6551,6552,6553,1,1,1
6554,6553,6555,1,0,1
6556,6555,6557,1,0,1
6558,6557,6559,1,0,1
292,6560,6561,1,1,1
6154,6561,6562,0,0,1
6541,6152,6563,0,0,1
6547,6563,6564,0,0,1
6550,6564,6565,0,0,1
6559,6565,6562,0,0,0
6566,6567,6568,1,1,1,850
6569,6570,6571,1,1,1
6572,6571,6573,1,0,1
6574,6573,6568,1,0,0
6575,6576,6577,1,1,1,551
6578,6577,6579,1,0,1
6580,6579,6581,1,0,1
6582,6581,6583,1,0,1
6584,6583,6585,1,0,1
6480,6417,6586,0,0,1,9046
6587,6586,6588,1,0,1
6589,6588,6590,1,0,1
6591,6590,6592,1,0,1
437,6592,6419,1,0,0
6435,6512,6593,0,0,1,8744
6328,6593,6594,0,0,1
6595,6594,6596,1,0,1
6597,6596,6598,1,0,1
6599,6598,6600,1,0,1
6601,6600,6542,1,0,0
6602,4917,6603,1,0,1,28880
6604,6603,6605,1,0,1
6606,6605,6607,1,0,1
6608,6609,6610,1,1,1
6611,6612,6613,1,1,1
6614,6613,6615,1,0,1
6616,6615,6617,1,0,1
6618,6619,6620,1,1,1
6621,6622,6623,1,1,1
6624,6623,6625,1,0,1
6626,6627,6628,1,1,1
6629,6630,6631,1,1,1
6632,6633,6634,1,1,1
6635,6634,6636,1,0,1
6637,6636,6638,1,0,1
6639,6640,6641,1,1,1
6642,6643,6644,1,1,1
6645,6646,6647,1,1,1
6648,6649,6650,1,1,1
6651,6650,6652,1,0,1
6653,6652,6654,1,0,1
6655,6654,6656,1,0,1
6657,6656,6658,1,0,1
6659,6658,6660,1,0,1
6661,6662,6663,1,1,1
6664,6665,6666,1,1,1
6667,6668,6669,1,1,1
6670,6669,6671,1,0,1
6672,6671,6673,1,0,1
6674,6673,6675,1,0,1
6676,6675,6677,1,0,1
6678,6679,6680,1,1,1
6681,6680,6682,1,0,1
6683,6684,6685,1,1,1
6686,6685,6687,1,0,1
6688,6687,6689,1,0,1
6690,6689,6691,1,0,1
6692,6691,6693,1,0,1
6694,6695,6696,1,1,1
6697,6696,6698,1,0,1
6699,6700,6701,1,1,1
6702,6703,6704,1,1,1
6705,6706,6707,1,1,1
6708,6707,6709,1,0,1
6710,6711,6712,1,1,1
6713,6714,6715,1,1,1
6716,6717,6718,1,1,1
6719,6720,6721,1,1,1
6722,6721,6723,1,0,1
6724,6725,6726,1,1,1
6727,6728,6729,1,1,1
6730,6731,6732,1,1,1
6733,6732,6734,1,0,1
6735,6734,6736,1,0,1
6737,6738,6739,1,1,1
6740,6741,6742,1,1,1
6743,6744,6745,1,1,1
6746,6745,6747,1,0,1
6748,6747,6749,1,0,1
6750,6749,6751,1,0,1
6752,6751,6753,1,0,1
6754,6753,6755,1,0,1
6756,6755,6757,1,0,1
6758,6759,6760,1,1,1
6761,6760,6762,1,0,1
6763,6762,6764,1,0,1
6765,6764,6766,1,0,1
6767,6766,6768,1,0,1
6769,6770,6771,1,1,1
6772,6771,6773,1,0,1
6774,6775,6776,1,1,1
6777,6778,6779,1,1,1
6780,6781,6782,1,1,1
6783,6784,6785,1,1,1
6786,6787,6788,1,1,1
6789,6788,6790,1,0,1
6791,6790,6792,1,0,1
6793,6792,6794,1,0,1
6795,6794,6796,1,0,1
6797,6796,6798,1,0,1
6799,6798,6800,1,0,1
6801,6800,6802,1,0,1
6803,6802,6804,1,0,1
6805,6804,6806,1,0,1
6807,6806,6808,1,0,1
6809,6808,6810,1,0,1
6811,6812,6813,1,1,1
6814,6813,6815,1,0,1
6816,6817,6818,1,1,1
6819,6818,6820,1,0,1
6821,6822,6823,1,1,1
6824,6825,6826,1,1,1
6827,6828,6829,1,1,1
6830,6831,6832,1,1,1
6833,6832,6834,1,0,1
6835,6836,6837,1,1,1
6838,6839,6840,1,1,1
6841,6842,6843,1,1,1
6844,6845,6846,1,1,1
6847,6846,6848,1,0,1
6849,6848,6850,1,0,1
4987,6850,6851,0,0,1
4984,6851,6852,0,0,1
4982,6852,6853,0,0,1
4979,6853,6854,0,0,1
5082,4980,6855,0,0,1
4976,6855,6856,0,0,1
4973,4977,6857,0,0,1
4970,4974,6858,0,0,1
4968,4971,6859,0,0,1
4965,6859,6860,0,0,1
4962,4966,6861,0,0,1
4959,4963,6862,0,0,1
4957,4960,6863,0,0,1
5073,4955,6864,0,0,1
5071,6864,6865,0,0,1
4951,6865,6866,0,0,1
5068,4952,6867,0,0,1
4949,6867,6868,0,0,1
4947,6868,6869,0,0,1
4945,6869,6870,0,0,1
5065,4943,6871,0,0,1
4939,6871,6872,0,0,1
4937,4940,6873,0,0,1
4935,6873,6874,0,0,1
4929,4931,6875,0,0,1
4927,6875,6876,0,0,1
4923,4925,6877,0,0,1
4919,4921,6878,0,0,1
6607,6878,6879,0,0,1
6610,6879,6880,0,0,1
6881,6880,6882,1,0,1
6617,6882,6883,0,0,1
6620,6883,6884,0,0,1
6625,6884,6885,0,0,1
6628,6885,6886,0,0,1
6631,6886,6887,0,0,1
6638,6887,6888,0,0,1
6644,6641,6889,0,0,1
6647,6889,6890,0,0,1
6660,6891,6892,0,1,1
6663,6892,6893,0,0,1
6666,6893,6894,0,0,1
6677,6894,6895,0,0,1
6682,6895,6896,0,0,1
6693,6896,6897,0,0,1
6698,6897,6898,0,0,1
6899,6898,6900,1,0,1
6704,6701,6901,0,0,1
6712,6709,6902,0,0,1
6723,6903,6904,0,1,1
6905,6904,6906,1,0,1
6726,6906,6907,0,0,1
6729,6907,6908,0,0,1
6736,6908,6909,0,0,1
6742,6910,6911,0,1,1
6757,6911,6912,0,0,1
6768,6912,6913,0,0,1
6773,6913,6914,0,0,1
6776,6914,6915,0,0,1
6782,6916,6917,0,1,1
6785,6917,6918,0,0,1
6810,6918,6919,0,0,1
6815,6919,6920,0,0,1
6921,6920,6922,1,0,1
6820,6922,6923,0,0,1
6823,6923,6924,0,0,1
6826,6924,6925,0,0,1
6840,6837,6926,0,0,1
6843,6926,6927,0,0,1
6854,6927,6928,0,0,1
6856,6928,6929,0,0,1
6857,6929,6930,0,0,1
6858,6930,6931,0,0,1
6860,6931,6932,0,0,1
6861,6932,6933,0,0,1
6862,6933,6934,0,0,1
6863,6934,6935,0,0,1
6866,4954,6936,0,0,1
6870,6936,6937,0,0,1
4942,6937,6938,0,0,1
6877,6876,6939,0,0,1
6888,6939,6940,0,0,1
6941,6940,6942,1,0,1
6890,6942,6943,0,0,1
6901,6900,6944,0,0,1
6902,6944,6945,0,0,1
6715,6945,6946,0,0,1
6947,6946,6948,1,0,1
6718,6948,6949,0,0,1
6950,6949,6951,1,0,1
6915,6739,6952,0,0,1
6925,6779,6953,0,0,1
6954,6953,6955,1,0,1
6935,6834,6956,0,0,1
6938,6956,6957,0,0,1
6872,6957,6958,0,0,1
6943,4933,6959,0,0,1
6951,6959,6960,0,0,1
6961,6960,6962,1,0,1
6963,6962,6964,1,0,1
6909,6964,6965,0,0,1
6952,6965,6966,0,0,1
6967,6966,6968,1,0,1
6969,6968,6970,1,0,1
6955,6970,6971,0,0,1
6958,6829,6972,0,0,1
6971,6874,6973,0,0,1
6974,6973,6972,1,0,0
6560,293,6975,0,1,1,551
6976,6975,6977,1,0,1
6978,6977,6979,1,0,1
6980,6979,6981,1,0,1
6556,6982,6983,0,1,1
6554,6983,6984,0,0,1
6985,6984,6986,1,0,1
6987,6986,6988,1,0,1
6989,6988,6990,1,0,1
284,6991,6992,1,1,1
286,6992,6993,1,0,1
6994,288,6995,1,1,1
6996,6995,6997,1,0,1
6981,6997,6998,0,0,1
6990,6998,6993,0,0,0
6499,6502,6999,0,0,1,16952
7000,6999,7001,1,0,1
6444,7002,7003,0,1,1
6440,6442,7004,0,0,1
6501,7004,7005,0,0,1
7001,7005,7003,0,0,0
6318,6398,7006,0,0,1,8743
7007,7006,7008,1,0,1
7009,7010,7011,1,1,1
7012,7013,7014,1,1,1
7015,7014,7016,1,0,1
7017,7016,7018,1,0,1
7019,7018,7020,1,0,1
7021,7020,7022,1,0,1
7023,505,7024,1,0,1
7025,7024,7026,1,0,1
7027,7028,7029,1,1,1
6595,7029,7030,0,0,1
6325,7030,7031,0,0,1
7008,7031,7032,0,0,1
7011,7032,7033,0,0,1
7022,7033,7026,0,0,0
7034,6194,7035,1,0,1,8999
7036,7035,7037,1,0,1
7038,7037,7039,1,0,1
7010,7039,7040,0,0,1
6315,7007,7041,0,0,1
6484,7041,7040,0,0,0
7002,6446,7042,0,0,1,8762
7043,7044,7045,1,1,1
7046,7045,7047,1,0,1
7048,7047,7049,1,0,1
6450,7049,7050,0,0,1
6448,6451,7051,0,0,1
7042,7051,7050,0,0,0
6601,6544,7052,0,0,1,808
7053,7052,7054,1,0,1
7055,7054,7056,1,0,1
6549,7056,6546,0,0,0
6528,6478,7057,0,0,1,17239
7058,7057,7059,1,0,1
7060,7061,7062,1,1,1
7063,7062,7064,1,0,1
6589,7064,7065,0,0,1
6587,7065,7059,0,0,0
418,416,7066,1,1,1,594
7067,420,7068,1,1,1
7069,7068,7070,1,0,1
7071,7070,7072,1,0,1
7066,7073,7074,0,1,1
421,7074,7072,1,0,0
7075,7063,7076,1,0,1,594
7077,7076,7078,1,0,1
7079,7078,7080,1,0,1
7081,7080,7082,1,0,1
434,7082,6591,1,0,0
6558,6976,7083,0,0,1,552
6982,7083,7084,0,0,1
6980,7084,6978,0,0,0
7085,4421,7086,1,0,1,33616
480,484,7087,0,0,1
6369,7087,7088,0,0,1
6367,7088,7086,0,0,0
214,6244,7089,1,0,1,14118
7090,7089,7091,1,0,1
6246,6274,7092,0,0,1
6247,7092,7091,0,0,0
413,6534,7093,1,0,1,562
7073,7093,7094,0,0,1
7071,7094,7095,0,0,1
7069,7095,7096,0,0,1
423,7067,7097,1,0,1
7098,7097,7099,1,0,1
7100,7099,7101,1,0,1
7102,7101,7103,1,0,1
7104,7103,7096,1,0,0
4414,4475,7105,0,0,1,28752
4412,7105,7106,0,0,1
4410,7106,7107,0,0,1
4408,7107,7108,0,0,1
7109,7110,7111,1,1,1
4416,7111,7112,0,0,1
4417,7112,7113,0,0,1
4477,7113,7108,0,0,0
7114,6195,7115,1,0,1,551
7116,7117,7118,1,1,1
7119,7118,7120,1,0,1
7121,7120,7122,1,0,1
7123,7122,7124,1,0,1
7012,7124,7125,0,0,1
7036,7126,7127,0,1,1
7115,7034,7128,0,0,1
7125,7128,7127,0,0,0
6189,6192,7129,0,0,1,8759
6187,7129,7130,0,0,1
6459,7130,7131,0,0,1
7132,7131,7133,1,0,1
7134,7133,7135,1,0,1
7117,7135,7136,0,0,1
7114,7136,6191,0,0,0
7104,6533,7137,0,0,1,16949
7138,7137,7139,1,0,1
7140,7139,7141,1,0,1
6495,7141,6493,0,0,0
7142,6529,7143,1,0,1,81
7144,7143,7058,1,0,0
7140,6497,7145,0,0,1,8761
7146,7145,7147,1,0,1
7148,7147,7149,1,0,1
7150,7151,7152,1,1,1
7153,7154,7155,1,1,1
7156,7155,7157,1,0,1
7158,7157,7159,1,0,1
7043,7046,7160,0,0,1
7149,7000,7161,0,0,1
7152,7161,7162,0,0,1
7160,7159,7163,0,0,1
7044,7163,7162,0,0,0
7164,432,7165,1,1,1,594
7166,7165,429,1,0,1
7027,6597,7167,0,0,1,550
7168,7167,7169,1,0,1
7170,7171,7172,1,1,1
7173,7172,7174,1,0,1
7175,7174,7176,1,0,1
7177,7178,7179,1,1,1
7169,7179,7176,0,0,0
6599,7053,7180,0,0,1,8743
7177,7180,7181,0,0,1
7182,7183,7184,1,1,1
7185,7186,7187,1,1,1
7188,7187,7189,1,0,1
7190,7189,7191,1,0,1
7192,7191,7193,1,0,1
7194,7193,7195,1,0,1
7196,7197,7198,1,1,1
7181,7198,7199,0,0,1
7184,7199,7200,0,0,1
7195,7201,7202,0,1,1
7203,7202,7200,1,0,0
7196,7055,7204,0,0,1,8744
7197,7204,7205,0,0,1
7203,7205,7206,0,0,1
7207,7206,7208,1,0,1
6552,7208,6548,0,0,0
6455,6457,7209,0,0,1,8760
7210,7209,7211,1,0,1
7212,7211,7213,1,0,1
7214,7215,7216,1,1,1
7116,7216,7217,0,0,1
7134,7217,7218,0,0,1
7213,7132,7219,0,0,1
7220,7219,7218,1,0,0
431,7164,7221,1,0,1,595
7081,7221,7222,0,0,1
7079,7222,7223,0,0,1
7224,7223,7225,1,0,1
7226,7225,7227,1,0,1
7228,7227,7229,1,0,1
7230,7229,7231,1,0,1
7232,7231,7233,1,0,1
7234,7233,7235,1,0,1
425,7098,7236,1,0,1
7166,427,7237,0,1,1
7235,7237,7236,0,0,0
7126,7038,7238,0,0,1,807
7013,7238,7009,0,0,0
7158,7048,7239,0,0,1,568
7240,7156,7241,1,0,1
7242,7241,7243,1,0,1
7210,7243,7244,0,0,1
6453,7244,7239,0,0,0
7178,7183,7245,0,0,1,551
7175,7245,7246,0,0,1
7173,7246,7247,0,0,1
7168,7171,7248,0,0,1
7028,7248,7249,0,0,1
7023,7025,7250,0,0,1
506,7250,7251,0,0,1
7188,7252,7253,0,1,1
7185,7253,7254,0,0,1
7201,7186,7255,0,0,1
7247,7182,7256,0,0,1
7254,7251,7257,0,0,1
7256,7255,7258,0,0,1
7170,7258,7259,0,0,1
7249,7259,7257,0,0,0
7100,7102,7260,0,0,1,16952
7234,7260,7261,0,0,1
7262,7232,7263,1,0,1
7264,7263,7265,1,0,1
7266,7265,7267,1,0,1
7268,7267,7269,1,0,1
7270,7269,7271,1,0,1
7272,7271,7273,1,0,1
7274,7273,7275,1,0,1
7276,7275,7277,1,0,1
7146,7277,7278,0,0,1
7138,7278,7261,0,0,0
7144,7061,7279,0,0,1,9044
7142,7279,7280,0,0,1
6526,7280,7281,0,0,1
6380,7281,7282,0,0,1
7283,7282,7284,1,0,1
7285,7284,7286,1,0,1
7287,7286,7288,1,0,1
7214,7119,7289,0,0,1,8743
7215,7289,7290,0,0,1
7220,7290,7291,0,0,1
7292,7291,7293,1,0,1
7294,7295,7296,1,1,1
7297,7296,7298,1,0,1
7299,7300,7301,1,1,1
7302,7301,7303,1,0,1
7304,7303,7305,1,0,1
7306,7307,7308,1,1,1
7121,7309,7310,0,1,1
7293,7310,7311,0,0,1
7298,7311,7312,0,0,1
7305,7312,7308,0,0,0
7313,7314,7315,1,1,1,42784
7316,7317,7318,1,1,1
7319,7318,7320,1,0,1
7321,7320,7315,1,0,0
7322,6989,7323,1,0,1,8744
7324,7323,7325,1,0,1
7326,7325,7327,1,0,1
277,7327,7328,1,0,1
276,7328,7329,1,0,1
281,7330,7331,1,1,1
6991,7331,7329,0,0,0
217,7090,7332,1,0,1,10024
6276,6254,7333,0,0,1
6283,7333,7334,0,0,1
6252,6286,7335,0,0,1
6249,7335,7336,0,0,1
7332,6250,7337,0,0,1
7334,7337,7336,0,0,0
7276,7148,7338,0,0,1,8762
7274,7338,7339,0,0,1
7270,7272,7340,0,0,1
7341,7340,7342,1,0,1
7343,7342,7344,1,0,1
7345,7344,7346,1,0,1
7347,7346,7348,1,0,1
7349,7348,7350,1,0,1
7351,7352,7353,1,1,1
7151,7353,7354,0,0,1
7339,7354,7350,0,0,0
6985,6987,7355,0,0,1,10023
7207,6551,7356,0,0,1
7194,7356,7357,0,0,1
7358,7359,7360,1,1,1
267,7360,7361,1,0,1
270,7361,7362,1,0,1
274,272,7363,1,1,1
7326,344,7364,0,1,1
7324,7364,7365,0,0,1
7322,7365,7366,0,0,1
7355,7366,7367,0,0,1
7362,7368,7369,0,1,1
269,7369,7370,1,0,1
7367,7363,7371,0,0,1
7357,7371,7370,0,0,0
7309,7123,7372,0,0,1,550
7306,7372,7373,0,0,1
7374,7373,7375,1,0,1
7376,7375,7377,1,0,1
7378,7377,7379,1,0,1
7017,7379,7015,0,0,0
7351,7150,7380,0,0,1,8759
7381,7380,7382,1,0,1
7383,7382,7384,1,0,1
7385,7386,7387,1,1,1
7388,7387,7389,1,0,1
7390,7391,7392,1,1,1
7393,7392,7394,1,0,1
7395,7394,7396,1,0,1
7384,7154,7397,0,0,1
7389,7397,7396,0,0,0
7398,7226,7399,1,0,1,16982
7400,7401,7402,1,1,1
7403,7402,7404,1,0,1
7264,7404,7405,0,0,1
7262,7405,7406,0,0,1
7230,7406,7407,0,0,1
7228,7407,7399,0,0,0
7060,7075,7408,0,0,1,8790
7288,7408,7409,0,0,1
7410,7409,7411,1,0,1
7412,7411,7413,1,0,1
7414,7415,7416,1,1,1
7417,7416,7413,1,0,0
7109,4419,7418,0,0,1,32848
7419,7110,7420,1,0,1
7421,7420,7422,1,0,1
7423,7422,7424,1,0,1
7425,7424,7426,1,0,1
7427,7428,7429,1,1,1
486,7429,7430,0,0,1
483,487,7431,0,0,1
7085,7431,7432,0,0,1
7418,7432,7433,0,0,1
7426,7433,7430,0,0,0
6279,6269,7434,0,0,1,10024
6265,7434,7435,0,0,1
7436,7435,7437,1,0,1
7395,7153,7438,0,0,1,8760
7393,7438,7439,0,0,1
7440,7439,7240,1,0,0
7440,7242,7441,0,0,1,8744
7442,7390,7443,1,0,1
7444,7443,7445,1,0,1
7446,7445,7447,1,0,1
7448,7447,7449,1,0,1
7450,7451,7452,1,1,1
7453,7452,7454,1,0,1
7455,7456,7457,1,1,1
7458,7457,7459,1,0,1
7295,7460,7461,0,1,1
7292,7461,7462,0,0,1
7212,7462,7463,0,0,1
7441,7463,7464,0,0,1
7449,7464,7465,0,0,1
7466,7465,7467,1,0,1
7454,7467,7459,0,0,0
7417,7077,7468,0,0,1,8791
7414,7468,7469,0,0,1
7470,7469,7471,1,0,1
7472,7471,7473,1,0,1
7474,7473,7475,1,0,1
7401,7475,7476,0,0,1
7398,7476,7224,0,0,0
7349,7352,7477,0,0,1,16952
7478,7477,7479,1,0,1
7480,7479,7381,1,0,0
6371,6373,7481,0,0,1,38736
503,7481,7482,0,0,1
6375,7483,7484,0,1,1
6376,7484,7482,0,0,0
282,370,7485,1,1,1,551
7330,7485,279,0,0,1
7486,7374,7487,1,0,1,8743
7488,7487,7489,1,0,1
7490,7489,7491,1,0,1
539,7491,7492,0,0,1
7493,7492,7376,1,0,0
7304,7307,7494,0,0,1,8744
7495,7299,7496,1,0,1
7497,7498,7499,1,1,1
7500,7501,7502,1,1,1
7503,7502,7504,1,0,1
543,7504,7505,0,0,1
7506,7505,7507,1,0,1
7508,7507,7509,1,0,1
538,7509,7510,0,0,1
7486,7488,7511,0,0,1
7494,7511,7512,0,0,1
7302,7512,7513,0,0,1
7496,7513,7514,0,0,1
7510,7499,7515,0,0,1
7490,7515,7514,0,0,0
7403,7266,7516,0,0,1,8761
7517,7516,7518,1,0,1
7519,7518,7520,1,0,1
7521,7520,7522,1,0,1
7523,7522,7524,1,0,1
7343,7524,7525,0,0,1
7341,7525,7268,0,0,0
7287,7410,7526,0,0,1,9046
7527,7526,7528,1,0,1
7529,7528,7530,1,0,1
7531,7530,7532,1,0,1
7533,7534,7535,1,1,1
7536,7537,7538,1,1,1
7532,7539,7540,0,1,1
7535,7540,7538,0,0,0
7192,7368,7541,0,0,1,8744
7542,7541,7543,1,0,1
7544,7543,7545,1,0,1
7546,7545,7359,1,0,0
6378,7283,7547,0,0,1,1873
7483,7547,7548,0,0,1
501,7548,7549,0,0,1
7550,7549,7551,1,0,1
7552,7551,7553,1,0,1
7539,7412,7554,0,0,1,597
7536,7554,7555,0,0,1
7556,7555,7557,1,0,1
7558,7557,7559,1,0,1
7560,7561,7562,1,1,1
7563,7562,7564,1,0,1
7565,7564,7566,1,0,1
7567,7566,7568,1,0,1
7569,7568,7570,1,0,1
7470,7570,7571,0,0,1
7415,7571,7559,0,0,0
4403,4406,7572,0,0,1,33616
4630,7572,7573,0,0,1
7574,7573,7575,1,0,1
7576,7577,7578,1,1,1
7579,7578,7580,1,0,1
7428,7580,7581,0,0,1
7425,7581,7582,0,0,1
7423,7582,7583,0,0,1
7421,7583,7584,0,0,1
7419,7584,7575,0,0,0
7553,7285,7585,0,0,1,17239
7586,7585,7587,1,0,1
7588,7587,7589,1,0,1
7590,7589,7591,1,0,1
7531,7591,7592,0,0,1
7529,7592,7527,0,0,0
7593,7594,7595,1,1,1,38736
7596,7595,7597,1,0,1
7598,7597,7599,1,0,1
7294,7297,7600,0,0,1,551
7458,7460,7601,0,0,1
7602,7601,7603,1,0,1
7498,7603,7604,0,0,1
7495,7604,7605,0,0,1
7300,7605,7600,0,0,0
7474,7400,7606,0,0,1,16951
7607,7606,7608,1,0,1
7609,7608,7610,1,0,1
7611,7612,7613,1,1,1
7614,7613,7615,1,0,1
7519,7615,7616,0,0,1
7517,7616,7610,0,0,0
7617,7552,7618,1,0,1,82
7619,7618,7586,1,0,0
7546,7358,7620,0,0,1,10120
7621,7620,7622,1,0,1
7623,7622,7624,1,0,1
7625,7624,7626,1,0,1
7627,7626,7628,1,0,1
7629,7628,7630,1,0,1
263,7630,265,1,0,1
7252,7190,7631,0,0,1,647
533,7631,7632,0,0,1
7633,531,7634,1,0,1
7623,7634,7635,0,0,1
7621,7635,7636,0,0,1
7544,7636,7637,0,0,1
7542,7637,7632,0,0,0
7347,7478,7638,0,0,1,8758
7345,7638,7639,0,0,1
7523,7639,7640,0,0,1
7641,7640,7642,1,0,1
7643,7642,7644,1,0,1
7645,7644,7646,1,0,1
4624,4628,7647,0,0,1,33664
4625,7647,7648,0,0,1
4621,7648,7649,0,0,1
4683,4622,7650,0,0,1
4618,7650,7651,0,0,1
4616,4619,7652,0,0,1
4613,7652,7653,0,0,1
4679,4614,7654,0,0,1
7655,4611,7656,1,0,1
7657,7656,7658,1,0,1
7659,7658,7660,1,0,1
7661,7660,7662,1,0,1
7663,7662,7664,1,0,1
7665,7664,7666,1,0,1
7667,7666,7668,1,0,1
7669,7670,7671,1,1,1
7672,7671,7673,1,0,1
7674,7673,7675,1,0,1
7676,7677,7678,1,1,1
7679,7680,7681,1,1,1
7682,7681,7683,1,0,1
7684,7683,7685,1,0,1
7576,7685,7686,0,0,1
7577,7686,7687,0,0,1
7574,7687,7688,0,0,1
4627,7688,7689,0,0,1
7649,7689,7690,0,0,1
7651,7690,7691,0,0,1
7653,7691,7692,0,0,1
7654,7692,7693,0,0,1
7668,7693,7694,0,0,1
7675,7695,7696,0,1,1
7697,7696,7698,1,0,1
7678,7698,7694,0,0,0
7388,7391,7699,0,0,1,12839
7385,7699,7700,0,0,1
7701,7700,7702,1,0,1
7703,7702,7704,1,0,1
7705,7706,7707,1,1,1
7708,7707,7709,1,0,1
7444,7709,7710,0,0,1
7442,7710,7704,0,0,0
499,7550,7711,0,0,1,81
7712,7711,7713,1,0,1
7714,7715,7716,1,1,1
7617,7716,7713,0,0,0
7493,7378,7717,0,0,1,8838
600,7717,7718,0,0,1
510,513,7719,0,0,1
508,7719,7720,0,0,1
7021,7720,7721,0,0,1
7019,7721,7718,0,0,0
7472,7607,7722,0,0,1,8758
7569,7722,7723,0,0,1
7567,7723,7724,0,0,1
7725,7724,7726,1,0,1
7727,7728,7729,1,1,1
7730,7729,7731,1,0,1
7732,7731,7733,1,0,1
7609,7734,7735,0,1,1
7726,7735,7733,0,0,0
7708,7446,7736,0,0,1,8743
7737,7705,7738,1,0,1
7739,7738,7740,1,0,1
7741,7740,7742,1,0,1
7451,7742,7743,0,0,1
7466,7743,7744,0,0,1
7448,7744,7736,0,0,0
7480,7383,7745,0,0,1,12838
7646,7745,7746,0,0,1
7645,7746,7747,0,0,1
7748,7747,7749,1,0,1
7750,7749,7751,1,0,1
7752,7753,7754,1,1,1,10118
7755,7756,7757,1,1,1
7758,7757,7759,1,0,1
7760,7759,7761,1,0,1
7762,7763,7764,1,1,1
6266,7764,7765,1,0,1
7436,7765,7766,1,0,1
7754,7766,7767,0,0,1
7768,7767,7761,1,0,0
7769,497,7770,1,0,1,850
7771,7770,7772,1,0,1
7773,7772,7774,1,0,1
7775,7774,7712,1,0,0
7776,6262,7777,1,0,1,10119
7763,7778,7779,1,1,1
7762,7779,7777,1,0,0
7633,7625,7780,0,0,1,1927
7781,7780,7782,1,0,1
7783,7782,7784,1,0,1
7785,7784,7786,1,0,1
7787,7788,7789,1,1,1
7790,7791,7792,1,1,1
638,7793,7794,0,1,1
7795,7794,7796,1,0,1
7797,7796,7798,1,0,1
7799,7798,7800,1,0,1
7801,7800,7802,1,0,1
7803,7802,7804,1,0,1
7805,7804,7806,1,0,1
7807,7806,7808,1,0,1
254,7808,7809,1,0,1
256,7809,7810,1,0,1
342,258,7811,1,1,1
261,7811,7812,1,0,1
7629,260,7813,0,1,1
7786,7627,7814,0,0,1
7815,7814,7816,1,0,1
7817,7816,7818,1,0,1
7810,7792,7819,0,0,1
7812,7819,7820,0,0,1
7818,7813,7821,0,0,1
7789,7821,7820,0,0,0
7751,7386,7822,0,0,1,8744
7823,7750,7824,1,0,1
7825,7824,7826,1,0,1
7827,7826,7828,1,0,1
7829,7828,7830,1,0,1
7831,7830,7832,1,0,1
7833,7832,7834,1,0,1
7739,7834,7835,0,0,1
7706,7737,7836,0,0,1
7703,7836,7837,0,0,1
7701,7837,7838,0,0,1
7822,7838,7835,0,0,0
7839,7840,7841,1,1,1,8840
7842,7841,7843,1,0,1
7844,7845,7846,1,1,1
7847,7846,7848,1,0,1
7849,7850,7851,1,1,1
7843,7851,7848,0,0,0
7614,7521,7852,0,0,1,8760
7853,7611,7854,1,0,1
7855,7854,7856,1,0,1
7857,7856,7858,1,0,1
7641,7858,7852,0,0,0
6258,6260,7859,0,0,1,10022
221,7859,7860,1,0,1
225,7860,7861,1,0,1
7862,7861,7863,1,0,1
7864,7863,7865,1,0,1
236,233,7866,1,1,1,1830
356,235,7867,1,1,1
239,7867,7868,1,0,1
7869,7868,7870,1,0,1
231,7870,7866,1,0,0
7455,7602,7871,0,0,1,552
7453,7456,7872,0,0,1
7873,7872,7874,1,0,1
7875,7874,7876,1,0,1
7500,7876,7877,0,0,1
7501,7877,7878,0,0,1
7497,7878,7871,0,0,0
7734,7612,7879,0,0,1,8757
7732,7879,7880,0,0,1
7881,7880,7853,1,0,0
7533,7537,7882,0,0,1,598
7883,7882,7884,1,0,1
7885,7886,7887,1,1,1
7888,7887,7889,1,0,1
7561,7889,7890,0,0,1
7558,7890,7891,0,0,1
7556,7891,7884,0,0,0
7714,7619,7892,0,0,1,851
7775,7715,7893,0,0,1
7894,7893,7895,1,0,1
7896,7895,7897,1,0,1
7898,7897,7899,1,0,1
7588,7899,7892,0,0,0
7865,6263,7900,0,0,1,8838
7901,7900,7902,1,0,1
7903,7902,7904,1,0,1
7905,7906,7907,1,1,1
7908,7907,7909,1,0,1
7760,7909,7910,1,0,1
7778,7910,7911,0,0,1
7776,7911,7904,0,0,0
528,7781,7912,0,0,1,10120
642,7912,7913,0,0,1
7914,7915,7916,1,1,1
7917,7916,7918,1,0,1
7785,7918,7919,0,0,1
7783,7919,7913,0,0,0
7898,7590,7920,0,0,1,8790
7921,7920,7922,1,0,1
7923,7922,7924,1,0,1
7925,7924,7926,1,0,1
7927,7928,7929,1,1,1
7560,7929,7930,0,0,1
7888,7930,7931,0,0,1
7885,7931,7932,0,0,1
7883,7886,7933,0,0,1
7534,7933,7934,0,0,1
7926,7934,7932,0,0,0
7815,7817,7935,0,0,1,1928
7917,7935,7936,0,0,1
640,7915,7937,0,0,1
637,7937,7938,0,0,1
7793,7938,7939,0,0,1
7790,7939,7940,0,0,1
7791,7940,7941,0,0,1
7936,7788,7942,0,0,1
7941,7914,7943,0,0,1
7787,7943,7942,0,0,0
7944,227,7945,1,1,1,14118
7946,7945,7947,1,0,1
7948,7947,7949,1,0,1
7950,7949,7951,1,0,1
7952,7951,7953,1,0,1
7954,7953,7955,1,0,1
7956,7955,7957,1,0,1
7862,7957,224,0,0,1
7869,229,7958,0,1,1,10023
238,7958,7959,1,0,1
7960,243,7961,1,1,1
7962,7961,7963,1,0,1
7964,7963,7965,1,0,1
7954,7966,7967,0,1,1
7952,7967,7968,0,0,1
7950,7968,7969,0,0,1
7946,7948,7970,0,0,1
7959,7944,7971,0,0,1
241,7971,7972,1,0,1
7965,7972,7973,0,0,1
7969,7973,7970,0,0,0
7974,7771,7975,1,0,1,9044
7976,7975,7977,1,0,1
7978,7977,7979,1,0,1
7980,7979,7981,1,0,1
7982,7981,7983,1,0,1
7984,7983,7985,1,0,1
7986,7985,7987,1,0,1
7896,7921,7988,0,0,1
7773,7894,7989,0,0,1
7987,7989,7988,0,0,0
7857,7643,7990,0,0,1,545
7991,7990,7992,1,0,1
7993,7992,7994,1,0,1
7995,7994,7996,1,0,1
7997,7996,7998,1,0,1
7999,7998,8000,1,0,1
8001,8000,8002,1,0,1
8003,8002,8004,1,0,1
7825,8005,8006,0,1,1
7823,8006,8007,0,0,1
7748,8007,8004,0,0,0
8008,8009,8010,1,1,1,10119
8011,8012,8013,1,1,1
8014,8015,8016,1,1,1
8017,8018,8019,1,1,1
8020,8019,8021,1,0,1
8010,7752,8022,0,0,1
8013,8022,8023,0,0,1
8024,8023,8025,1,0,1
8016,8025,8021,0,0,0
7741,7450,8026,0,0,1,551
7831,7833,8027,0,0,1
8028,8027,8029,1,0,1
8030,8029,8031,1,0,1
664,8031,8032,0,0,1
8033,8032,8034,1,0,1
657,8034,8035,0,0,1
548,8035,8036,0,0,1
7503,546,8037,0,0,1
7875,8037,8038,0,0,1
7873,8038,8039,0,0,1
8026,8039,8036,0,0,0
8040,8041,8042,1,1,1,645
7966,8042,8043,1,0,1
7956,8043,8044,1,0,1
7864,8044,8045,1,0,1
7901,8045,8046,1,0,1
7903,8046,8047,1,0,1
7906,8047,8048,1,0,1
8049,8048,8050,1,0,1
8051,8052,8053,1,1,1,8839
8054,8053,8055,1,0,1
8056,8055,8057,1,0,1
8058,8059,8060,1,1,1,648
8061,8060,8062,1,0,1
8063,8064,8065,1,1,1
8066,8065,8067,1,0,1
8068,8067,8062,1,0,0
7506,7508,8069,0,0,1,8841
544,8069,541,0,0,0
7881,7855,8070,0,0,1,16949
7730,8070,8071,0,0,1
8072,8071,8073,1,0,1
7993,8074,8075,0,1,1
7991,8075,8073,0,0,0
515,518,8076,0,0,1,8840
620,8076,8077,0,0,1
618,8077,8078,0,0,1
616,8078,521,0,0,0
8079,495,8080,1,0,1,851
8081,8082,8083,1,1,1
7976,8083,8084,0,0,1
7769,7974,8085,0,0,1
8080,8085,8084,0,0,0
8005,7827,8086,0,0,1,8743
8087,8086,8088,1,0,1
8089,8088,8090,1,0,1
8091,8090,8092,1,0,1
8093,8092,8094,1,0,1
8095,8094,8096,1,0,1
8097,8098,8099,1,1,1
667,8099,8100,0,0,1
8030,8100,8101,0,0,1
7829,8028,8102,0,0,1
8096,8102,8103,0,0,1
8104,8103,8101,1,0,0
7565,7725,8105,0,0,1,8838
7563,8105,8106,0,0,1
8107,7927,8108,1,0,1
8109,8108,8110,1,0,1
8111,8112,8113,1,1,1
8114,8113,8115,1,0,1
8116,8115,8117,1,0,1
8118,8117,8119,1,0,1
8120,8119,8121,1,0,1
8122,8121,8123,1,0,1
8124,8123,8125,1,0,1
8126,8125,8127,1,0,1
8128,8127,8129,1,0,1
8130,8129,8131,1,0,1
8132,8131,8133,1,0,1
8134,8133,8135,1,0,1
8136,8135,8137,1,0,1
8138,8137,8139,1,0,1
8140,8141,8142,1,1,1
8143,8142,8144,1,0,1
8145,8144,8146,1,0,1
8147,8146,8148,1,0,1
7728,8148,8149,0,0,1
8106,8149,8150,0,0,1
8110,8150,8139,0,0,0
8012,8008,8151,1,1,1,10120
8024,8011,8152,1,1,1
8015,8152,8153,1,0,1
8014,8153,8154,1,0,1
8018,8154,8155,1,0,1
8156,8155,8151,1,0,0
8049,8157,8158,0,1,1,1925
7908,7905,8159,1,1,1
7758,8159,8158,0,0,0
7986,7923,8160,0,0,1,9045
8161,8160,8162,1,0,1
8163,8162,8164,1,0,1
8165,8164,7925,1,0,0
8033,656,8166,0,0,1,647
661,8166,8167,0,0,1
820,662,8168,0,0,1
827,8168,8169,0,0,1
659,8169,8167,0,0,0
8091,8093,8170,0,0,1,551
8171,8170,8172,1,0,1
8098,8172,8173,0,0,1
8104,8173,8095,0,0,0
7727,8072,8174,0,0,1,12933
8147,8174,8175,0,0,1
8176,8175,8177,1,0,1
8178,8177,8179,1,0,1
7997,8179,8180,0,0,1
7995,8180,8074,0,0,0
8181,491,8182,1,0,1,9045
8183,8184,8185,1,1,1
8079,8185,8186,0,0,1
493,8186,8182,0,0,0
7427,489,8187,0,0,1,9044
7579,8187,8188,0,0,1
7684,8188,8189,0,0,1
8190,8189,8191,1,0,1
8192,8191,8193,1,0,1
8194,8193,8181,1,0,0
8195,650,8196,1,0,1,10120
8197,8196,8198,1,0,1
8199,8198,7795,1,0,0
592,623,8200,0,0,1,8839
590,8200,8201,0,0,1
630,586,8202,0,0,1
625,628,8203,0,0,1
8201,626,8204,0,0,1
588,8204,8205,0,0,1
8202,8205,8203,0,0,0
8165,7928,8206,0,0,1,8840
8207,8206,8208,1,0,1
8112,8208,8209,0,0,1
8109,8209,8107,0,0,0
8138,8141,8210,0,0,1,8837
8136,8210,8211,0,0,1
8212,8134,8213,1,0,1
8214,8213,8215,1,0,1
893,8215,8216,1,0,1
8217,8216,8218,1,0,1
8219,8218,8220,1,0,1
8221,8220,8211,1,0,0
8222,245,8223,1,1,1,10024
8224,8223,8225,1,0,1
8226,8225,7960,1,0,0
8227,8228,8229,1,1,1,8742
8230,8231,8232,1,1,1
8233,8232,8234,1,0,1
8235,8234,8236,1,0,1
8237,8236,8238,1,0,1
8239,8238,8240,1,0,1
8226,8240,8241,1,0,1
7964,7962,8242,1,1,1
8040,8242,8243,0,0,1
8229,8243,8244,0,0,1
8245,8244,8241,1,0,0
252,249,8246,1,1,1,1832
7807,251,8247,0,1,1
8248,8247,8249,1,0,1
8250,8249,8251,1,0,1
8252,8251,8253,1,0,1
8254,8255,8256,1,1,1
8257,8256,8258,1,0,1
8259,8258,8260,1,0,1
8222,8260,8261,0,0,1
247,8261,8262,1,0,1
8246,8262,8253,0,0,0
789,553,8263,0,0,1,8841
786,8263,8264,0,0,1
787,8264,556,0,0,0
7984,8161,8265,0,0,1,21079
8266,8265,8267,1,0,1
8268,8267,8269,1,0,1
8270,8269,8271,1,0,1
8272,8271,8273,1,0,1
8111,8273,8274,0,0,1
8207,8274,8163,0,0,0
8275,7980,8276,1,0,1,9047
8277,8278,8279,1,1,1
8280,8281,8282,1,1,1
8283,8282,8284,1,0,1
8285,8284,8286,1,0,1
8268,8286,8287,0,0,1
8266,8287,8288,0,0,1
8276,7982,8289,0,0,1
8279,8289,8288,0,0,0
8081,7978,8290,0,0,1,8790
8281,8291,8292,0,1,1
8277,8292,8293,0,0,1
8278,8293,8294,0,0,1
8275,8294,8290,0,0,0
648,8195,8295,0,0,1,648
633,635,8296,0,0,1
576,8296,8297,0,0,1
574,577,8298,0,0,1
8299,571,8300,1,0,1
7803,8300,8301,0,0,1
8302,7801,8303,1,0,1
8304,8305,8306,1,1,1
8307,8308,8309,1,1,1
7797,8309,8310,0,0,1
8199,8310,8311,0,0,1
8295,8197,8312,0,0,1
8297,8312,8313,0,0,1
8298,8313,8314,0,0,1
8303,8301,8315,0,0,1
8306,8315,8316,0,0,1
8311,8316,8314,0,0,0
795,690,8317,0,0,1,8841
687,8317,8318,0,0,1
685,8318,8319,0,0,1
933,8319,8320,0,0,1
987,934,8321,0,0,1
930,8321,8322,0,0,1
928,931,8323,0,0,1
693,8323,8324,0,0,1
689,8324,8325,0,0,1
8320,8325,8322,0,0,0
8089,8171,8326,0,0,1,8839
913,8326,8327,1,0,1
848,8327,8328,1,0,1
851,847,8329,1,1,1
8330,8329,8331,1,0,1
8332,8331,8333,1,0,1
8334,8335,8336,1,1,1
943,8336,8337,0,0,1
792,670,8338,0,0,1
666,8338,8339,0,0,1
8097,8339,8340,0,0,1
8328,8340,8341,0,0,1
8337,8333,8342,0,0,1
941,8342,8341,0,0,0
8183,8082,8343,0,0,1,8791
8344,8343,8345,1,0,1
8346,8345,8347,1,0,1
8280,8347,8291,0,0,0
8348,8001,8349,1,0,1,8837
8350,8351,8352,1,1,1
8353,8352,8354,1,0,1
8355,901,8356,1,1,1
8357,8356,8358,1,0,1
8359,8360,8361,1,1,1
904,8361,8362,1,0,1
907,8362,8363,1,0,1
8349,8363,8364,0,0,1
8354,8364,8358,0,0,0
8178,7999,8365,0,0,1,8838
8366,8365,8367,1,0,1
8351,8367,8348,0,0,0
674,809,8368,0,0,1,647
939,8368,8369,0,0,1
677,8369,817,0,0,0
8370,8371,8372,1,1,1,1926
8373,8372,8374,1,0,1
8375,8374,8376,1,0,1
8359,905,8377,0,1,1,645
8357,8360,8378,0,0,1
8355,8378,8379,0,0,1
927,8379,8380,1,0,1
923,8380,8377,1,0,0
8259,8224,8381,0,0,1,8743
8382,8381,8383,1,0,1
8384,8383,8385,1,0,1
8386,8385,8387,1,0,1
8388,8389,8390,1,1,1
8391,8390,8392,1,0,1
8233,8392,8393,1,0,1
8235,8393,8394,1,0,1
8239,8237,8395,1,1,1
8387,8395,8394,0,0,0
8307,7799,8396,0,0,1,8840
8304,8308,8397,0,0,1
8305,8397,8398,0,0,1
8302,8398,8396,0,0,0
8145,8176,8399,0,0,1,8836
8400,8399,8401,1,0,1
899,8401,8402,1,0,1
8353,902,8403,0,1,1
8350,8403,8404,0,0,1
8366,8404,8402,0,0,0
8405,7682,8406,1,0,1,9092
8407,8406,8408,1,0,1
8409,8408,8190,1,0,0
8410,8411,8412,1,1,1,550
8413,8412,8414,1,0,1
8415,8414,8416,1,0,1
8417,8418,8419,1,1,1
8420,8419,8421,1,0,1
8422,8421,8423,1,0,1
8424,8423,8425,1,0,1
8416,8426,8427,0,1,1
8428,8427,8425,1,0,0
8194,8184,8429,0,0,1,9046
8430,8431,8432,1,1,1
8433,8432,8434,1,0,1
8435,8436,8437,1,1,1
8438,8437,8439,1,0,1
8344,8439,8440,0,0,1
8434,8429,8441,0,0,1
8442,8441,8443,1,0,1
8444,8443,8440,1,0,0
8445,8257,8446,1,0,1,552
8386,8389,8447,0,0,1
8384,8447,8448,0,0,1
8382,8448,8446,0,0,0
8449,8450,8451,1,1,1,641
8452,8453,8454,1,1,1
8455,8456,8457,1,1,1
1091,8458,8459,0,1,1
8460,8461,8462,1,1,1
8463,8464,8465,1,1,1
8466,8465,8467,1,0,1
8468,8467,8469,1,0,1
8470,8471,8472,1,1,1
8473,8474,8475,1,1,1
8272,8475,8476,1,0,1
8114,8476,8477,1,0,1
8116,8477,8478,1,0,1
8479,8480,8481,1,1,1
8482,8481,8483,1,0,1
8484,8485,8486,1,1,1
8487,8486,8488,1,0,1
8451,8488,8489,0,0,1
8452,8489,8490,0,0,1
8457,8449,8491,0,0,1
8459,8491,8492,0,0,1
8462,8492,8493,0,0,1
8472,8469,8494,0,0,1
8478,8495,8496,0,1,1
8483,8496,8497,0,0,1
8493,8454,8498,0,0,1
8497,8499,8500,0,1,1
8490,8500,8501,0,0,1
8498,8453,8502,0,0,1
8494,8502,8501,0,0,0
8346,8283,8503,0,0,1,9042
8438,8503,8504,0,0,1
8505,8504,8506,1,0,1
8507,8506,8508,1,0,1
8509,8508,8510,1,0,1
8270,8473,8511,0,1,1
8285,8511,8510,0,0,0
8409,8192,8512,0,0,1,9094
8513,8512,8514,1,0,1
8515,8514,8516,1,0,1
8517,8516,8518,1,0,1
8519,8520,8521,1,1,1
8522,8521,8523,1,0,1
8524,8523,8525,1,0,1
8431,8526,8527,0,1,1
8518,8527,8525,0,0,0
8428,8528,8529,1,1,1,566
8530,8418,8531,1,1,1
8532,8531,8529,1,0,0
8143,8400,8533,0,0,1,12931
8534,8533,8535,1,0,1
8536,8535,8537,1,0,1
8538,8537,897,1,0,1
8539,8373,8540,1,0,1,9864
8541,8540,8542,1,0,1
8543,8542,8544,1,0,1
8424,8426,8545,0,0,1,549
8546,8545,8547,1,0,1
8548,8547,8411,1,0,0
8219,8221,8549,0,0,1,8836
895,8217,8550,1,0,1
8538,8550,8551,0,0,1
8536,8551,8552,0,0,1
8534,8552,8553,0,0,1
8140,8553,8549,0,0,0
8554,7679,8555,1,0,1,898
8556,8555,8557,1,0,1
8558,8557,8559,1,0,1
8560,8559,8405,1,0,0
8561,8543,8562,1,0,1,9784
8563,8562,8564,1,0,1
8565,8564,8566,1,0,1
8567,8566,8568,1,0,1
982,991,8569,0,0,1,647
962,8569,8570,0,0,1
8571,8570,8572,1,0,1
8573,8574,8575,1,1,1
8576,8575,8577,1,0,1
719,8577,8578,0,0,1
8579,8578,8580,1,0,1
711,8580,8581,0,0,1
709,8581,8572,0,0,0
8582,8433,8583,1,0,1,855
8584,8583,8585,1,0,1
8586,8585,8587,1,0,1
8436,8587,8588,0,0,1
8444,8588,8442,0,0,0
8299,7805,8589,0,0,1,10120
572,8589,8590,0,0,1
8591,8590,8592,1,0,1
8593,8592,8594,1,0,1
8595,8594,8248,1,0,0
8560,8407,8596,0,0,1,10116
8597,8596,8598,1,0,1
8599,8598,8513,1,0,0
8600,8601,8602,1,1,1,648
8603,8602,8604,1,0,1
8605,8604,8606,1,0,1
8607,8606,8608,1,0,1
8609,8608,8610,1,0,1
8435,8505,8611,0,0,1,593
8612,8586,8613,1,0,1
8614,8613,8615,1,0,1
8468,8615,8616,1,0,1
8471,8616,8617,1,0,1
8618,8617,8619,1,0,1
8620,8619,8621,1,0,1
8507,8621,8611,0,0,0
8530,8532,8622,0,0,1,8759
8623,8622,8624,1,0,1
8625,8624,8626,1,0,1
8627,8626,8628,1,0,1
8629,8628,8630,1,0,1
8631,8630,8632,1,0,1
8633,8632,8634,1,0,1
8254,8445,8635,0,0,1,551
8636,8635,8637,1,0,1
8638,8639,8640,1,1,1
8641,8640,8642,1,0,1
8643,8644,8645,1,1,1
8388,8646,8647,0,1,1
8637,8647,8648,0,0,1
8642,8648,8645,0,0,0
8649,8650,8651,1,1,1,10040
8633,8652,8653,0,1,1
8654,8653,8655,1,0,1
8656,8657,8658,1,1,1
8659,8658,8660,1,0,1
8661,8660,8662,1,0,1
8663,8662,8664,1,0,1
8561,8664,8665,0,0,1
8541,8665,8666,0,0,1
8651,8666,8655,0,0,0
8330,8332,8667,0,0,1,647
850,8667,8668,1,0,1
8669,8668,8670,1,0,1
8671,8672,8673,1,1,1
8674,8673,8675,1,0,1
8334,8675,8676,0,0,1
8670,8335,8677,0,0,1
8678,8677,8676,1,0,0
8509,8474,8679,0,1,1,41600
8620,8679,8680,0,0,1
8618,8680,8681,0,0,1
8470,8681,8682,1,0,1
8499,8682,8495,1,0,1
8593,8595,8683,0,0,1,1928
568,8591,8684,0,0,1
778,8684,8685,0,0,1
8686,8685,8687,1,0,1
8688,8689,8690,1,1,1
8250,8690,8691,0,0,1
8683,8691,8687,0,0,0
857,855,8692,1,1,1,8839
8693,859,8694,1,1,1
8695,8696,8697,1,1,1
8698,8697,8699,1,0,1
8700,8699,8701,1,0,1
8702,8701,8703,1,0,1
8704,8703,8705,1,0,1
8706,8705,8707,1,0,1
8708,993,8709,1,0,1
948,8709,8710,0,0,1
8674,946,8711,0,0,1
8671,8711,8712,0,0,1
8669,8678,8713,0,0,1
853,8713,8714,1,0,1
8692,8714,8715,0,0,1
8694,8715,8716,0,0,1
8710,8707,8717,0,0,1
8712,945,8718,0,0,1
8672,8718,8719,0,0,1
8716,8719,8717,0,0,0
8132,8212,8720,0,0,1,8835
8721,8130,8722,1,0,1
8723,8724,8725,1,1,1
8720,8726,8727,0,1,1
8722,8727,8728,0,0,1
8729,8728,8725,1,0,0
8526,8430,8730,0,0,1,9095
8524,8730,8731,0,0,1
8522,8731,8732,0,0,1
8733,8732,8734,1,0,1
8735,8734,8582,1,0,0
7680,8554,8736,0,0,1,897
7676,8736,8737,0,0,1
8738,8737,8739,1,0,1
8740,8739,8741,1,0,1
8742,8741,8743,1,0,1
8744,8743,8556,1,0,0
713,715,8745,0,0,1,8840
8579,8745,717,0,0,0
8744,8558,8746,0,0,1,9092
8742,8746,8747,0,0,1
8748,8747,8749,1,0,1
8750,8749,8751,1,0,1
8515,8751,8752,0,0,1
8599,8752,8597,0,0,0
8753,8754,8755,1,1,1,647
8756,8755,8757,1,0,1
8758,8757,8759,1,0,1
8760,8759,8761,1,0,1
8603,8761,8600,0,0,0
8762,8255,8763,1,0,1,1831
8764,8763,8765,1,0,1
8639,8765,8636,0,0,0
8686,8689,8766,0,0,1,10120
776,8766,8767,0,0,1
8768,8767,8769,1,0,1
8770,8769,8771,1,0,1
772,8772,8773,0,1,1
8774,8773,8775,1,0,1
8776,8777,8778,1,1,1
8638,8778,8779,0,0,1
8764,8779,8780,0,0,1
8762,8780,8781,0,0,1
8252,8781,8782,0,0,1
8688,8782,8783,0,0,1
8771,8783,8775,0,0,0
963,8571,8784,0,0,1,8839
959,8784,8785,0,0,1
960,8785,8786,0,0,1
957,8786,8787,0,0,1
723,955,8788,0,0,1
8576,721,8789,0,0,1
8787,8574,8790,0,0,1
8789,8788,8791,0,0,1
8573,8791,8790,0,0,0
8735,8584,8792,0,0,1,8787
8733,8792,8793,0,0,1
8519,8793,8794,0,0,1
8795,8794,8796,1,0,1
8466,8796,8797,1,0,1
8614,8797,8612,0,0,0
8798,8799,8800,1,1,1,8839
8801,8802,8803,1,1,1
8804,8803,8805,1,0,1
8806,8805,8807,1,0,1
8808,8809,8810,1,1,1
8800,8810,8807,0,0,0
8811,7677,8812,1,0,1,9092
8813,8812,8814,1,0,1
8815,8814,8816,1,0,1
7674,8817,8818,0,1,1
8819,8818,8820,1,0,1
8821,8820,8822,1,0,1
8823,8822,8824,1,0,1
8825,8826,8827,1,1,1
8828,8827,8829,1,0,1
8830,8829,8831,1,0,1
8832,8833,8834,1,1,1
8835,8834,8836,1,0,1
8837,8838,8839,1,1,1
8840,8839,8841,1,0,1
8842,8841,8843,1,0,1
8844,8845,8846,1,1,1
8847,8848,8849,1,1,1
8850,8851,8852,1,1,1
8853,8852,8854,1,0,1
8855,8854,8856,1,0,1
8816,8738,8857,0,0,1
8824,8858,8859,0,1,1
8836,8831,8860,0,0,1
8843,8861,8862,0,1,1
8863,8862,8864,1,0,1
8849,8846,8865,0,0,1
8857,8856,8866,0,0,1
8859,8866,8867,0,0,1
8864,8860,8868,0,0,1
8865,8868,8867,0,0,0
8629,8631,8869,0,0,1,12855
8870,8627,8871,1,0,1
8872,8871,8873,1,0,1
8874,8875,8876,1,1,1
8656,8876,8877,0,0,1
8654,8657,8878,0,0,1
8869,8878,8879,0,0,1
8873,8879,8877,0,0,0
8855,8740,8880,0,0,1,9093
8881,8853,8882,1,0,1
8883,8882,8884,1,0,1
8851,8885,8886,0,1,1
8847,8886,8887,0,0,1
8848,8887,8888,0,0,1
8844,8888,8889,0,0,1
8842,8863,8890,0,0,1
8840,8890,8891,0,0,1
8892,8891,8893,1,0,1
8894,8893,8895,1,0,1
8896,8895,8897,1,0,1
8748,8898,8899,0,1,1
8880,8899,8900,0,0,1
8884,8900,8901,0,0,1
8889,8902,8903,0,1,1
8845,8903,8904,0,0,1
8897,8904,8905,0,0,1
8906,8905,8901,1,0,0
8817,7697,8907,0,0,1,899
8815,8858,8908,0,0,1
8813,8908,8909,0,0,1
8811,8909,8907,0,0,0
843,839,8910,0,0,1,647
970,8910,835,0,0,0
8128,8721,8911,0,0,1,643
8126,8911,8912,0,0,1
8913,8912,8914,1,0,1
8915,8914,8916,1,0,1
8724,8916,8729,0,0,0
8898,8750,8917,0,0,1,9096
8918,8917,8919,1,0,1
8920,8919,8921,1,0,1
8922,8921,8517,1,0,0
8122,8124,8923,0,0,1,8837
8924,8923,8925,1,0,1
8926,8925,8913,1,0,0
8480,8118,8927,1,0,1,8837
8928,8927,8929,1,0,1
8930,8929,8931,1,0,1
8932,8874,8933,1,0,1,8760
8934,8933,8935,1,0,1
8936,8935,8937,1,0,1
8938,8937,8939,1,0,1
8661,8940,8941,0,1,1
8659,8941,8939,0,0,0
8420,8942,8943,0,1,1,8742
8417,8943,8944,0,0,1
8623,8944,8945,1,0,1
8946,8945,8947,1,0,1
8948,8947,8949,1,0,1
8950,8949,8951,1,0,1
8952,8951,8953,1,0,1
8723,8726,8954,0,0,1,8836
8955,8926,8956,1,0,1
8957,8956,8958,1,0,1
8959,8958,8960,1,0,1
8961,8960,8962,1,0,1
8963,8962,8964,1,0,1
8965,8964,8966,1,0,1
8967,8966,8968,1,0,1
8969,8970,8971,1,1,1
890,8971,8972,1,0,1
8214,8972,8973,0,0,1
8954,8973,8974,0,0,1
8915,8974,8968,0,0,0
8931,8120,8975,0,0,1,8835
8976,8975,8977,1,0,1
8978,8977,8979,1,0,1
8980,8981,8982,1,1,1
8957,8982,8983,0,0,1
8955,8983,8984,0,0,1
8924,8984,8979,0,0,0
8969,891,8985,0,1,1,8837
888,8986,8987,1,1,1
887,8987,8985,1,0,0
774,8768,8988,0,0,1,10121
8772,8988,8770,0,0,0
870,868,8989,1,1,1,9094
917,8989,8990,1,0,1
8991,8990,8992,1,0,1
8993,8992,8994,1,0,1
8995,8994,8996,1,0,1
8997,8996,866,1,0,1
8708,950,8998,0,0,1,647
994,8998,8999,0,0,1
1028,8999,9000,0,0,1
1025,9000,9001,0,0,1
1026,9001,9002,0,0,1
1023,9002,9003,0,0,1
727,9003,952,0,0,0
8922,8520,9004,0,0,1,9093
9005,9004,9006,1,0,1
8463,9006,8795,1,0,0
9007,8565,9008,1,0,1,9752
9009,9008,9010,1,0,1
8940,8663,9011,0,0,1,10041
9012,9011,9013,1,0,1
9014,9013,9015,1,0,1
9016,9015,9017,1,0,1
9018,9017,9019,1,0,1
9020,9019,9021,1,0,1
9022,9021,9023,1,0,1
9007,9023,8563,0,0,0
8946,8625,9024,1,0,1,8743
8948,9024,9025,1,0,1
9026,8950,9027,1,1,1
9028,9027,9029,1,0,1
9030,9029,9031,1,0,1
9032,9031,9033,1,0,1
9034,9033,9035,1,0,1
8870,9035,9025,0,0,0
9036,9037,9038,1,1,1,8840
9039,9040,9041,1,1,1
9042,9041,9043,1,0,1
9044,9043,9038,1,0,0
9045,8932,9046,1,1,1,551
9047,9046,9048,1,0,1
9049,9050,9051,1,1,1
9052,9051,9053,1,0,1
9054,9055,9056,1,1,1
9057,9056,9058,1,0,1
9059,9058,9060,1,0,1
9061,9060,9062,1,0,1
9063,9064,9065,1,1,1
9066,9065,9067,1,0,1
9068,9067,9069,1,0,1
9070,9071,9072,1,1,1
9073,9074,9075,1,1,1
9076,9075,9077,1,0,1
9078,9077,9079,1,0,1
9080,9079,9081,1,0,1
9028,9081,9082,1,0,1
9030,9082,9083,1,0,1
9034,9032,9084,1,1,1
8872,9084,9085,1,0,1
8875,9085,9086,1,0,1
9048,9086,9087,0,0,1
9069,9062,9088,0,0,1
9072,9088,9089,0,0,1
9083,9090,9091,0,1,1
9087,9091,9092,0,0,1
9053,9092,9089,0,0,0
8479,8928,9093,1,0,1,8836
9094,9093,9095,1,0,1
9096,9095,9097,1,0,1
9098,9097,9099,1,0,1
9100,9099,9101,1,0,1
9102,9101,9103,1,0,1
8976,9103,8930,0,0,0
7695,7670,9104,0,0,1,37760
7667,9104,9105,0,0,1
9106,9105,9107,1,0,1
9108,9107,9109,1,0,1
9110,9109,9111,1,0,1
9112,9113,9114,1,1,1
9115,9114,9116,1,0,1
9117,9116,9118,1,0,1
9119,9118,9120,1,0,1
9121,9122,9123,1,1,1
9124,9125,9126,1,1,1
8826,9126,9127,0,0,1
8823,9127,9128,0,0,1
8821,9128,9129,0,0,1
8819,9129,9130,0,0,1
7672,9130,9131,0,0,1
7669,9131,9132,0,0,1
9111,9132,9133,0,0,1
9120,9133,9123,0,0,0
9134,8995,9135,1,0,1,9093
9136,9135,9137,1,0,1
9138,9137,9139,1,0,1
9140,9141,9142,1,1,1
9143,9142,9144,1,0,1
9145,9144,9146,1,0,1
9147,9146,9148,1,0,1
9149,9148,9150,1,0,1
9151,9152,9153,1,1,1
8695,8698,9154,0,0,1
864,9154,9155,1,0,1
9139,8997,9156,0,0,1
9150,9156,9157,0,0,1
9153,9157,9155,0,0,0
9158,8920,9159,1,0,1,9091
9160,9161,9162,1,1,1
9163,9162,9164,1,0,1
8460,9164,9165,1,0,1
8464,9165,9166,1,0,1
9005,9166,9159,0,0,0
8885,8850,9167,0,0,1,901
8902,9167,9168,0,0,1
8883,9168,8881,0,0,0
8485,8482,9169,1,1,1,642
9170,8484,9171,1,1,1
9172,9171,9173,1,0,1
9174,9173,9175,1,0,1
9094,9175,9169,0,0,0
8906,8918,9176,0,0,1,9092
8896,9176,9177,0,0,1
9178,9179,9180,1,1,1
9161,9181,9182,0,1,1
9158,9182,9183,0,0,1
9177,9183,9184,0,0,1
9185,9184,9180,1,0,0
766,770,9186,0,0,1,8840
767,9186,9187,0,0,1
763,9187,9188,0,0,1
764,9188,9189,0,0,1
760,9189,9190,0,0,1
9191,9190,9192,1,0,1
9193,9192,9194,1,0,1
9195,9194,9196,1,0,1
8777,9196,9197,0,0,1
8774,9197,769,0,0,0
8991,873,9198,1,0,1,8837
8993,9198,9199,1,0,1
9200,9134,9201,1,1,1
9202,9203,9204,1,1,1
9199,9204,9201,0,0,0
9170,9205,9206,1,1,1,643
9172,9206,9207,1,0,1
9174,9207,9208,1,0,1
9096,9208,9209,1,0,1
8978,9102,9210,1,1,1
8981,9210,9211,1,0,1
9212,9211,9213,1,0,1
9214,9213,9215,1,0,1
9209,9216,9217,0,1,1
9098,9217,9218,1,0,1
9100,9218,9215,1,0,0
9219,9220,9221,1,1,1,8837
8965,9221,9222,1,0,1
880,883,9223,0,0,1
875,878,9224,0,0,1
9225,9224,9226,1,0,1
9222,9226,9227,0,0,1
9223,8967,9228,0,1,1
877,9228,9227,0,0,0
9151,8700,9229,0,0,1,8838
9230,9229,9231,1,0,1
9232,9231,9233,1,0,1
9234,9233,9235,1,0,1
9236,9235,9237,1,0,1
7665,9106,9238,0,0,1,898
7663,9238,9239,0,0,1
9240,9239,9241,1,0,1
9242,9243,9244,1,1,1
9245,9246,9247,1,1,1
9248,9247,9249,1,0,1
9113,9249,9250,0,0,1
9110,9250,9251,0,0,1
9108,9251,9252,0,0,1
9241,9252,9244,0,0,0
9045,8934,9253,1,0,1,8744
9050,9047,9254,1,1,1
9255,9254,9256,1,0,1
9257,9256,9258,1,0,1
9014,9258,9259,0,0,1
9012,9259,9260,0,0,1
8938,9260,9261,0,0,1
8936,9261,9253,0,0,0
9262,8706,9263,1,0,1,647
9264,9263,9265,1,0,1
9266,9265,1030,1,0,0
9267,9268,9269,1,1,1,1830
9270,9269,9271,1,0,1
9272,9271,9273,1,0,1
9274,9273,9275,1,0,1
9276,9275,9277,1,0,1
9278,9277,9279,1,0,1
9270,9272,9280,0,0,1,1831
9281,9267,9282,1,0,1
9283,9284,9285,1,1,1
9286,9285,9287,1,0,1
9288,9287,9289,1,0,1
9195,9290,9291,1,1,1
8776,9291,9292,1,0,1
8641,9292,9293,1,0,1
8644,9293,9294,1,0,1
9274,9294,9295,0,0,1
9280,9295,9296,0,0,1
9282,9296,9289,0,0,0
9297,9298,9299,1,1,1,8840
9300,9299,9301,1,0,1
9181,9160,9302,0,0,1,898
9178,9302,9303,0,0,1
9304,9303,9305,1,0,1
9020,9022,9306,0,0,1,10009
9307,9306,9308,1,0,1
9309,9310,9311,1,1,1
9312,9311,9313,1,0,1
9314,9313,9315,1,0,1
9316,9317,9318,1,1,1
9319,9318,9320,1,0,1
9321,9320,9322,1,0,1
9009,9322,9323,0,0,1
9308,9323,9315,0,0,0
9266,997,9324,0,0,1,648
9325,9324,9326,1,0,1
9327,9328,9329,1,1,1
9330,9329,9331,1,0,1
9332,9331,9333,1,0,1
9334,9335,9336,1,1,1
1002,9336,9337,0,0,1
1033,9337,9338,0,0,1
999,9338,9339,0,0,1
996,9339,9340,0,0,1
9333,9326,9341,0,0,1
9342,9341,9340,1,0,0
9237,8702,9343,0,0,1,8840
9236,9343,9344,0,0,1
9345,9344,9346,1,0,1
9163,8461,9347,0,1,1,37760
9305,9347,9348,0,0,1
9185,9179,9349,0,0,1
8894,9349,9350,0,0,1
8892,9350,9351,0,0,1
8837,9351,9352,0,0,1
8861,8838,9353,0,0,1
9354,9353,9355,1,0,1
9356,9355,9357,1,0,1
9358,9359,9360,1,1,1
9361,9360,9362,1,0,1
9363,9364,9365,1,1,1
9366,9365,9367,1,0,1
9368,9369,9370,1,1,1
9371,9370,9372,1,0,1
9373,9372,9374,1,0,1
1069,9374,9375,1,0,1
1071,9375,9376,1,0,1
1073,9376,9377,1,0,1
1075,9377,9378,1,0,1
1077,9378,9379,1,0,1
1082,1079,9380,1,1,1
1081,9380,9381,1,0,1
1087,1084,9382,1,1,1
9348,1089,9383,0,1,1
9304,9383,9384,0,0,1
9352,9384,9385,0,0,1
9357,9385,9386,0,0,1
9367,9387,9388,0,1,1
9379,9388,9389,0,0,1
9381,9389,9390,0,0,1
9382,9390,9391,0,0,1
9386,1086,9392,0,1,1
9362,9392,9391,0,0,0
9346,8704,9393,0,0,1,10120
9394,9393,9395,1,0,1
9396,9395,9397,1,0,1
9398,9397,9262,1,0,0
9200,9203,9399,0,0,1,41856
9136,9399,9400,1,0,1
9141,9138,9401,1,1,1
9402,9401,9403,1,0,1
9404,9405,9406,1,1,1
9407,9406,9408,1,0,1
9409,9408,9410,1,0,1
9411,9410,9412,1,0,1
9400,9413,9414,0,1,1
9403,9414,9412,0,0,0
9415,9416,9417,1,1,1,642
9212,9418,9419,0,1,1
8980,9419,9420,1,0,1
9421,8959,9422,1,1,1
9423,9422,9424,1,0,1
9417,9424,9420,0,0,0
7657,7659,9425,0,0,1,9091
9245,9426,9427,0,1,1
9246,9427,9428,0,0,1
9242,9428,9429,0,0,1
9243,9429,9430,0,0,1
9240,9430,9431,0,0,1
7661,9431,9425,0,0,0
9432,9433,9434,1,1,1,8841
9435,9434,9436,1,0,1
9437,9436,9438,1,0,1
9439,9438,9440,1,0,1
9264,9325,9441,0,0,1,8840
9442,9398,9443,1,0,1
9444,9443,9445,1,0,1
9327,9445,9446,0,0,1
9328,9446,9441,0,0,0
9193,9290,9447,0,1,1,1832
761,9191,9448,0,0,1
757,9448,9449,0,0,1
758,9449,9450,0,0,1
9451,9450,9452,1,0,1
9288,9452,9447,1,0,0
3965,3973,9453,1,1,1,8836
9454,9453,9455,1,0,1
9456,9455,9457,1,0,1
9458,9457,9459,1,0,1
9460,9459,9461,1,0,1
9462,9461,9463,1,0,1
9464,9463,9465,1,0,1
9466,9465,3961,1,0,1
9467,9468,9469,1,1,1,643
9470,9471,9472,1,1,1
9473,9474,9475,1,1,1
9476,9477,9478,1,1,1
9479,9478,9480,1,0,1
9481,9480,9482,1,0,1
9483,9484,9485,1,1,1
9486,9485,9487,1,0,1
9488,9487,9489,1,0,1
9490,9489,9491,1,0,1
9492,9493,9494,1,1,1
9495,9494,9496,1,0,1
9497,9498,9499,1,1,1
9500,9499,9501,1,0,1
9502,9503,9504,1,1,1
9505,9506,9507,1,1,1
9472,9469,9508,0,0,1
9482,9509,9510,0,1,1
9491,9510,9511,0,0,1
9501,9496,9512,0,0,1
9507,9504,9513,0,0,1
9514,9513,9515,1,0,1
9511,9475,9516,0,0,1
9515,9512,9517,0,0,1
9508,9517,9516,0,0,0
9257,9016,9518,0,0,1,8729
9519,9520,9521,1,1,1
9522,9521,9523,1,0,1
9524,9525,9526,1,1,1
9527,9526,9528,1,0,1
9312,9528,9529,0,0,1
9309,9529,9530,0,0,1
9307,9310,9531,0,0,1
9018,9531,9532,0,0,1
9518,9532,9533,0,0,1
9523,9533,9530,0,0,0
9462,9460,9534,1,1,1,8835
9535,9534,9536,1,0,1
9537,9536,9538,1,0,1
9539,9538,9540,1,0,1
9541,9540,9458,1,0,1
9479,9542,9543,1,1,1,8836
9481,9543,9544,1,0,1
9484,9544,9545,1,0,1
9546,9545,9547,1,0,1
9548,9547,9549,1,0,1
9550,9551,9552,1,1,1
9553,9552,9554,1,0,1
9555,9554,9556,1,0,1
9557,9556,9558,1,0,1
9559,9560,9561,1,1,1
9549,9561,9558,0,0,0
5036,4752,9562,0,0,1,29392
5033,9562,9563,0,0,1
5030,5034,9564,0,0,1
5092,5031,9565,0,0,1
5027,9565,9566,0,0,1
5024,5028,9567,0,0,1
5022,5025,9568,0,0,1
9569,9568,9570,1,0,1
9571,9572,9573,1,1,1
9574,9575,9576,1,1,1
9577,9576,9578,1,0,1
9579,9580,9581,1,1,1
9582,9581,9583,1,0,1
9584,9585,9586,1,1,1
9587,9586,9588,1,0,1
9589,9590,9591,1,1,1
9592,9591,9593,1,0,1
9594,9595,9596,1,1,1
4767,9596,9597,0,0,1
4763,9597,9598,0,0,1
4760,4764,9599,0,0,1
4757,4761,9600,0,0,1
4754,4758,9601,0,0,1
9563,4755,9602,0,0,1
9564,9602,9603,0,0,1
9566,9603,9604,0,0,1
9567,9604,9605,0,0,1
9578,9573,9606,0,0,1
9583,9606,9607,0,0,1
9588,9607,9608,0,0,1
9593,9608,9609,0,0,1
9598,9609,9610,0,0,1
9599,9610,9611,0,0,1
9605,9601,9612,0,0,1
9611,9570,9613,0,0,1
9600,9613,9612,0,0,0
9614,9332,9615,1,0,1,8840
9616,9615,9617,1,0,1
9335,9617,9342,0,0,0
9618,9396,9619,1,0,1,1928
9620,9619,9621,1,0,1
9622,9623,9624,1,1,1
9614,9624,9625,0,0,1
9330,9625,9626,0,0,1
9444,9626,9627,0,0,1
9442,9627,9621,0,0,0
9234,9345,9628,0,0,1,9095
9629,9232,9630,1,0,1
9631,9630,9632,1,0,1
9633,9632,9634,1,0,1
9635,9634,9636,1,0,1
9620,9637,9638,0,1,1
9394,9618,9639,0,0,1
9628,9639,9640,0,0,1
9636,9640,9641,0,0,1
9642,9641,9638,1,0,0
9152,9230,9643,0,0,1,9094
9149,9643,9644,0,0,1
9147,9644,9645,0,0,1
9145,9645,9646,0,0,1
9647,9646,9648,1,0,1
9649,9648,9629,1,0,0
4609,7655,9650,0,0,1,898
9651,9650,9652,1,0,1
9653,9654,9655,1,1,1
9656,9655,9657,1,0,1
9658,9659,9660,1,1,1
9661,9660,9662,1,0,1
9663,9664,9665,1,1,1
9426,9665,9666,0,0,1
9652,9666,9667,0,0,1
9668,9667,9669,1,0,1
9670,9669,9671,1,0,1
9657,9672,9673,0,1,1
9662,9673,9671,0,0,0
9674,9675,9676,1,1,1,8729
9319,9676,9677,1,0,1
9451,9286,9678,0,1,1,10024
755,9678,9679,0,0,1
753,9679,9680,0,0,1
9681,9680,9682,1,0,1
801,803,9683,0,0,1,8840
746,9683,9684,0,0,1
9685,9684,9686,1,0,1
9687,9686,9688,1,0,1
1170,9688,9689,0,0,1
1168,1171,9690,0,0,1
9691,1165,9692,1,0,1
9693,9692,9694,1,0,1
9695,9694,9696,1,0,1
9697,9696,9698,1,0,1
9681,9698,9699,0,0,1
751,9699,9700,0,0,1
748,9700,9701,0,0,1
9689,749,9702,0,0,1
9690,9702,9701,0,0,0
9121,9125,9703,0,0,1,898
9704,9703,9705,1,0,1
9706,9705,9707,1,0,1
9708,9707,9709,1,0,1
8825,9709,9124,0,0,0
9710,9402,9711,1,1,1,9094
9712,9711,9713,1,0,1
9714,9713,9715,1,0,1
9716,9715,9717,1,0,1
9718,9717,9140,1,0,0
9719,9720,9721,1,1,1,643
9557,9722,9723,1,1,1
9560,9723,9724,1,0,1
9725,9724,9726,1,0,1
9727,9726,9728,1,0,1
9729,9728,9730,1,0,1
9731,9730,9721,1,0,0
9732,9733,9734,1,1,1,8835
9735,9734,9736,1,0,1
9737,9738,9739,1,1,1
9740,9739,9741,1,0,1
9742,9741,9743,1,0,1
9744,9743,9745,1,0,1
9746,9745,9747,1,0,1
9748,9747,9749,1,0,1
9750,9749,9736,1,0,0
9464,9466,9751,0,0,1,8837
9752,9535,9753,1,1,1
9754,9755,9756,1,1,1
9757,9756,9758,1,0,1
9759,9760,9761,1,1,1
9762,9761,9763,1,0,1
3955,9763,9764,1,0,1
3962,3959,9765,1,1,1
9751,9765,9766,0,0,1
9753,9766,9767,0,0,1
9764,9758,9768,0,0,1
3957,9768,9767,1,0,0
9537,9769,9770,0,1,1,8836
9752,9770,9771,1,0,1
9755,9771,9772,1,0,1
9757,9754,9773,1,1,1
9774,9760,9775,1,1,1
9776,9775,9777,1,0,1
9778,9777,9779,1,0,1
9780,9779,9781,1,0,1
9492,9782,9783,0,1,1
9784,9785,9786,1,1,1
9787,9788,9789,1,1,1
9720,9790,9791,0,1,1
9792,9791,9793,1,0,1
9772,9793,9794,0,0,1
9773,9794,9795,0,0,1
9786,9783,9796,0,0,1
9789,9796,9797,0,0,1
9795,9798,9799,0,1,1
9781,9799,9797,0,0,0
9800,9801,9802,1,1,1,643
9803,9804,9805,1,1,1
9806,9805,9807,1,0,1
9808,9807,9809,1,0,1
9810,9811,9812,1,1,1
9735,9738,9813,0,0,1
9732,9813,9814,0,0,1
9802,9814,9815,0,0,1
9812,9809,9816,0,0,1
9737,9816,9815,0,0,0
1101,1099,9817,1,1,1,641
9818,9817,9819,1,0,1
9820,9821,9822,1,1,1
9823,9824,9825,1,1,1
9826,9825,9827,1,0,1
9828,9829,9830,1,1,1
1095,9830,9831,1,0,1
1097,9831,9832,1,0,1
9822,9819,9833,0,0,1
9827,9833,9832,0,0,0
1117,9685,9834,0,0,1,8839
1177,9834,9835,0,0,1
1178,9835,9836,0,0,1
1175,9836,9837,0,0,1
1173,9837,9687,0,0,0
9838,3940,9839,1,1,1,10118
9840,9839,9841,1,0,1
9663,9248,9842,0,0,1,897
9661,9664,9843,0,0,1
9658,9843,9844,0,0,1
9656,9659,9845,0,0,1
9846,9653,9847,1,0,1
4607,9847,9848,0,0,1
9849,9848,9850,1,0,1
9851,9850,9852,1,0,1
9853,9852,9854,1,0,1
9855,9854,9856,1,0,1
9857,9858,9859,1,1,1
9860,9859,9861,1,0,1
9862,9861,9863,1,0,1
9864,9863,9865,1,0,1
9866,9867,9868,1,1,1
9869,9868,9870,1,0,1
9704,9870,9871,0,0,1
9122,9871,9872,0,0,1
9119,9872,9873,0,0,1
9115,9117,9874,0,0,1
9842,9112,9875,0,0,1
9844,9875,9876,0,0,1
9856,9845,9877,0,0,1
9865,9877,9878,0,0,1
9879,9878,9880,1,0,1
9873,9881,9882,0,1,1
9874,9882,9883,0,0,1
9876,9883,9880,0,0,0
9884,9885,9886,1,1,1,8728
9887,9888,9889,1,1,1
9890,9891,9892,1,1,1
9893,9892,9894,1,0,1
9895,9894,9896,1,0,1
9897,9896,9898,1,0,1
9899,9898,9900,1,0,1
9901,9900,9902,1,0,1
9903,9902,9904,1,0,1
9905,9057,9906,1,0,1
9907,9906,9908,1,0,1
9519,9908,9909,1,0,1
9525,9522,9910,1,1,1
9527,9524,9911,1,1,1
9314,9911,9912,1,0,1
9317,9912,9913,1,0,1
9914,9674,9915,1,0,1
9886,9914,9916,0,0,1
9917,9916,9918,1,0,1
9904,9889,9919,0,0,1
9909,9919,9920,0,0,1
9910,9920,9921,0,0,1
9915,9316,9922,0,1,1
9921,9918,9923,0,0,1
9913,9923,9922,0,0,0
9722,9719,9924,1,1,1,644
9555,9924,9925,0,0,1
9553,9925,9926,0,0,1
9927,9926,9928,1,0,1
9929,9486,9930,1,1,1
9931,9930,9932,1,0,1
9490,9933,9934,1,1,1
9493,9934,9935,1,0,1
9785,9935,9936,1,0,1
9784,9936,9937,1,0,1
9788,9937,9938,1,0,1
9798,9787,9939,1,1,1
9790,9939,9940,1,0,1
9928,9940,9941,0,0,1
9932,9941,9942,0,0,1
9943,9942,9938,1,0,0
9708,8828,9944,0,0,1,899
9945,9944,9946,1,0,1
8832,9947,9948,0,1,1
8830,8833,9949,0,0,1
9946,9949,9948,0,0,0
1006,1035,9950,0,0,1,647
9951,9950,9952,1,0,1
9953,9952,1009,1,0,0
9840,9954,9955,0,1,1,10119
3942,9838,9956,1,0,1
9957,9956,9958,1,0,1
9959,9958,9960,1,0,1
9961,9960,9962,1,0,1
9963,9962,9964,1,0,1
9965,9964,9966,1,0,1
9967,9966,9968,1,0,1
9969,9968,9970,1,0,1
9971,9970,9972,1,0,1
9973,9972,9955,1,0,0
9483,9546,9974,1,0,1,8837
9550,9927,9975,0,0,1
9548,9551,9976,0,0,1
9974,9976,9975,0,0,0
9740,9742,9977,0,0,1,8836
9810,9977,9978,0,0,1
9811,9978,9979,0,0,1
9808,9979,9980,0,0,1
9981,9982,9983,1,1,1
9984,9983,9980,1,0,0
740,742,9985,0,0,1,8839
1015,1017,9986,0,0,1
1124,9986,9987,0,0,1
1121,9987,9988,0,0,1
1122,9988,9989,0,0,1
1119,9989,9985,0,0,0
9622,9616,9990,0,0,1,8744
9991,9990,9992,1,0,1
9993,9994,9995,1,1,1
9996,9995,9997,1,0,1
9998,9997,9999,1,0,1
10000,9999,10001,1,0,1
10002,10001,10003,1,0,1
10004,10005,10006,1,1,1
10007,10006,10008,1,0,1
10009,10008,10010,1,0,1
1008,10010,10011,0,0,1
9953,10011,10012,0,0,1
1004,9951,10013,0,0,1
9992,9334,10014,0,0,1
10003,10014,10015,0,0,1
10012,10016,10017,0,1,1
10013,10017,10018,0,0,1
1001,10018,10015,0,0,0
9869,9706,10019,0,0,1,9092
10020,10021,10022,1,1,1
10023,10022,10024,1,0,1
10025,10026,10027,1,1,1
10028,10027,10029,1,0,1
10030,10029,10031,1,0,1
10032,10031,10033,1,0,1
10034,10035,10036,1,1,1
10037,10038,10039,1,1,1
10040,10039,10041,1,0,1
10042,10041,10043,1,0,1
10044,10043,10045,1,0,1
10046,10045,10047,1,0,1
10048,9358,10049,1,0,1
10050,10049,10051,1,0,1
10019,9945,10052,0,0,1
9866,10052,10053,0,0,1
10024,10053,10054,0,0,1
10033,10054,10055,0,0,1
10047,10036,10056,0,0,1
10055,10051,10057,0,0,1
10058,10057,10056,1,0,0
9642,9637,10059,0,0,1,1832
10060,10059,10061,1,0,1
10062,10063,10064,1,1,1
10065,10064,10066,1,0,1
9991,9994,10067,0,0,1
9623,10067,10068,0,0,1
10066,10061,10069,0,0,1
10070,10069,10068,1,0,0
10065,10070,10071,0,0,1,1831
10072,10071,10073,1,0,1
10074,10073,10075,1,0,1
10076,10075,10077,1,0,1
10078,10079,10080,1,1,1
10081,10080,10082,1,0,1
10083,10082,10084,1,0,1
10085,10084,10086,1,0,1
10087,10086,10088,1,0,1
10089,10088,10090,1,0,1
10091,10090,10092,1,0,1
10077,9993,10093,0,0,1
10094,10093,10092,1,0,0
10095,9635,10096,1,0,1,10024
10097,10098,10099,1,1,1
10100,10099,10101,1,0,1
10102,10101,10103,1,0,1
10104,10103,10105,1,0,1
10106,10105,10107,1,0,1
10108,10107,10109,1,0,1
10110,10109,10111,1,0,1
10112,10113,10114,1,1,1
10115,10114,10116,1,0,1
10117,10118,10119,1,1,1
10120,10121,10122,1,1,1
10078,10122,10123,0,0,1
10079,10123,10124,0,0,1
10125,10094,10126,1,0,1
10127,10126,10128,1,0,1
10074,10129,10130,0,1,1
10062,10072,10131,0,0,1
10060,10063,10132,0,0,1
10096,10132,10133,0,0,1
10111,10133,10134,0,0,1
10124,10119,10135,0,0,1
10128,10135,10136,0,0,1
10134,10131,10137,0,0,1
10116,10137,10138,0,0,1
10136,10139,10140,0,1,1
10130,10140,10138,0,0,0
10141,10142,10143,1,1,1,10120
10144,10143,10145,1,0,1
10146,10145,10147,1,0,1
9405,10147,10148,0,0,1
9710,10148,10149,1,0,1
10150,10149,10151,1,0,1
10152,10151,10153,1,0,1
10154,10153,10155,1,0,1
9881,9867,10156,0,0,1,898
9864,9879,10157,0,0,1
9860,9862,10158,0,0,1
10159,10160,10161,1,1,1
10162,10163,10164,1,1,1
10165,10164,10166,1,0,1
10167,10168,10169,1,1,1
10170,10171,10172,1,1,1
10173,10172,10174,1,0,1
10175,10174,10176,1,0,1
10177,10176,10178,1,0,1
10179,10178,10180,1,0,1
10038,10181,10182,0,1,1
10183,10184,10185,1,1,1
10186,10187,10188,1,1,1
10028,10188,10189,0,0,1
10190,10025,10191,1,0,1
10192,10191,10193,1,0,1
10020,10194,10195,0,1,1
10156,10021,10196,0,0,1
10157,10196,10197,0,0,1
10180,10169,10198,0,0,1
10182,10198,10199,0,0,1
10193,10189,10200,0,0,1
10197,10195,10201,0,0,1
10199,10166,10202,0,0,1
10201,10200,10203,0,0,1
10202,10161,10204,0,0,1
10203,10185,10205,0,0,1
10158,10205,10204,0,0,0
10206,10207,10208,1,1,1,8839
10209,10208,10210,1,0,1
10211,10210,10212,1,0,1
9718,9143,10213,0,0,1,10118
10214,10215,10216,1,1,1
9631,10216,10217,0,0,1
9649,10217,10218,0,0,1
9647,10218,10213,0,0,0
9651,9668,10219,0,0,1,899
4606,10219,10220,0,0,1
9846,10220,10221,0,0,1
9654,10221,10222,0,0,1
9672,10222,9670,0,0,0
1011,1013,10223,0,0,1,8839
10009,10223,10224,0,0,1
10007,10224,10225,0,0,1
10226,10225,10227,1,0,1
1129,10227,1126,0,0,0
10228,10229,10230,1,1,1,10009
10231,10230,10232,1,0,1
9891,9887,10233,1,1,1
10234,10233,10235,1,0,1
10236,10237,10238,1,1,1
10239,10238,10240,1,0,1
10241,10242,10243,1,1,1
10244,10243,10245,1,0,1
10246,10247,10248,1,1,1
10249,10250,10251,1,1,1
10240,10235,10252,0,0,1
10245,10252,10253,0,0,1
10254,10253,10255,1,0,1
10251,10248,10256,0,0,1
10232,10256,10255,0,0,0
10150,9712,10257,1,0,1,904
10258,10257,10259,1,0,1
10260,10259,9714,1,0,0
10261,10262,10263,1,1,1,18311
10264,10265,10266,1,1,1
10267,10266,10268,1,0,1
9971,10268,10263,1,0,0
3945,3970,10269,1,1,1,8839
10270,3944,10271,1,1,1
10272,10271,10273,1,0,1
10274,10273,10275,1,0,1
10276,10275,10277,1,0,1
9957,10277,10269,0,0,0
10192,10194,10278,0,0,1,899
10190,10278,10279,0,0,1
10026,10279,10023,0,0,0
4786,4601,10280,0,0,1,33664
10281,10280,10282,1,0,1
10283,10282,10284,1,0,1
10160,10284,10285,0,0,1
9857,10285,10286,0,0,1
10287,10286,10288,1,0,1
9851,10289,10290,0,1,1
9849,10290,10291,0,0,1
4604,10291,10288,0,0,0
10292,10293,10294,1,1,1,1831
10295,10294,10296,1,0,1
9695,10297,10298,1,1,1
10299,10298,10300,1,0,1
10301,10300,10302,1,0,1
10303,10302,10304,1,0,1
10305,10306,10307,1,1,1
10308,10307,10309,1,0,1
10296,10309,10310,0,0,1
10304,10311,10312,0,1,1
10310,10313,10314,0,1,1
10315,10314,10312,1,0,0
10260,9716,10316,0,0,1,903
10152,10258,10317,1,0,1
10318,10317,10319,1,0,1
10320,10321,10322,1,1,1
10323,10322,10324,1,0,1
10325,10324,10326,1,0,1
10215,10326,10327,0,0,1
10316,10327,10319,0,0,0
10050,9947,10328,0,0,1,13186
10329,10328,10330,1,0,1
9354,10330,8835,0,0,0
10214,9633,10331,0,0,1,10119
10325,10331,10332,0,0,1
10323,10332,10333,0,0,1
10334,10333,10335,1,0,1
10098,10335,10095,0,0,0
9931,9943,10336,0,0,1,8836
9929,10336,10337,0,0,1
9488,10337,9933,1,0,0
10338,10002,10339,1,0,1,551
10087,10339,10340,0,0,1
10341,10342,10343,1,1,1
10344,10343,10345,1,0,1
10346,10345,10347,1,0,1
10348,10347,10349,1,0,1
1131,10349,10350,0,0,1
1128,10350,10351,0,0,1
10226,10351,10352,0,0,1
10004,10352,10353,0,0,1
10016,10005,10354,0,0,1
10340,10354,10353,0,0,0
9996,9998,10355,0,0,1,10024
10091,10355,10356,0,0,1
10338,10089,10357,0,0,1
10000,10357,10356,0,0,0
9961,9963,10358,0,0,1,1927
9959,10358,10359,0,0,1
10276,10359,10360,0,0,1
10361,10360,10362,1,0,1
10363,10362,10364,1,0,1
10287,10289,10365,0,0,1,37760
9858,10365,10366,0,0,1
9855,10366,9853,0,0,0
9359,10048,10367,0,0,1,9093
9356,10367,10329,0,0,0
10246,10250,10368,0,0,1,10008
10254,10247,10369,0,0,1
10244,10369,10370,0,0,1
10371,10370,10368,1,0,0
10364,9965,10372,0,0,1,1928
10274,10361,10373,0,0,1
10374,10373,10375,1,0,1
10376,10375,10377,1,0,1
10378,10377,10379,1,0,1
10380,10379,10381,1,0,1
10382,10381,10383,1,0,1
10372,10384,10385,0,1,1
10363,10385,10383,0,0,0
1133,1183,10386,0,0,1,8839
10348,10386,10387,0,0,1
10388,10387,10389,1,0,1
10390,10389,10391,1,0,1
10392,10391,1136,1,0,0
10393,10394,10395,1,1,1,1928
10396,10395,10397,1,0,1
10398,10397,10399,1,0,1
10400,10399,10401,1,0,1
10402,10400,10403,1,0,1
10404,10403,10405,1,0,1
10406,10405,10407,1,0,1
10408,10407,10409,1,0,1
10410,10409,10411,1,0,1
10412,10413,10414,1,1,1
10415,10414,10416,1,0,1
10417,10418,10419,1,1,1
10420,10419,10421,1,0,1
10422,10421,10423,1,0,1
10424,10423,10425,1,0,1
10426,10425,10427,1,0,1
10428,10427,10429,1,0,1
10430,10431,10432,1,1,1
10433,10432,10434,1,0,1
10435,10436,10437,1,1,1
10438,10437,10439,1,0,1
10440,10439,10441,1,0,1
10442,10443,10444,1,1,1
10445,10444,10446,1,0,1
10447,10448,10449,1,1,1
10450,10449,10451,1,0,1
10267,10451,10452,0,0,1
10401,10452,10453,0,0,1
10411,10453,10454,0,0,1
10429,10416,10455,0,0,1
10434,10455,10456,0,0,1
10441,10457,10458,0,1,1
10446,10458,10459,0,0,1
10454,10459,10456,0,0,0
10384,9967,10460,0,0,1,1927
10378,10380,10461,0,0,1
10376,10461,10462,0,0,1
10440,10463,10464,1,1,1
10443,10464,10465,1,0,1
10442,10465,10466,1,0,1
10445,10466,10467,1,0,1
10460,10468,10469,0,1,1
10382,10469,10470,0,0,1
10467,10462,10471,0,0,1
10448,10471,10470,1,0,0
10321,10318,10472,1,1,1,18311
10473,10472,10474,1,0,1
10475,10474,10476,1,0,1
10477,10476,10478,1,0,1
10479,10478,10480,1,0,1
10481,10480,10154,1,0,0
9693,10297,10482,0,1,1,10023
10483,10482,10484,1,0,1
10485,10484,10486,1,0,1
10487,10486,10488,1,0,1
10489,10488,10490,1,0,1
10491,10490,10492,1,0,1
10493,10492,10311,1,0,1
1145,1147,10494,0,0,1,8839
10495,10494,10496,1,0,1
10497,10496,1150,1,0,0
10320,10334,10498,0,0,1,1927
10473,10498,10499,1,0,1
10500,10501,10502,1,1,1
10503,10502,10504,1,0,1
10505,10504,10506,1,0,1
10507,10506,10508,1,0,1
10509,10508,10510,1,0,1
10511,10510,10512,1,0,1
10513,10512,10514,1,0,1
10097,10514,10499,0,0,0
9759,9762,10515,0,0,1,645
9774,10515,10516,1,0,1
10517,10516,10518,1,0,1
10519,10518,10520,1,0,1
10521,10520,10522,1,0,1
10523,10522,3953,1,0,1
10524,10525,10526,1,1,1,8836
10527,10526,10528,1,0,1
10529,10530,10531,1,1,1
10532,10531,10533,1,0,1
10534,10533,10535,1,0,1
10536,10537,10538,1,1,1
10539,10538,10540,1,0,1
10541,10540,10542,1,0,1
10543,10542,10544,1,0,1
10545,10546,10547,1,1,1
10548,10549,10550,1,1,1
10551,10552,10553,1,1,1
10554,10553,10555,1,0,1
10556,10555,10557,1,0,1
10558,10557,10559,1,0,1
10528,10559,10560,0,0,1
10544,10561,10562,0,1,1
10547,10562,10563,0,0,1
10564,10563,10565,1,0,1
10560,10550,10566,0,0,1
10535,10566,10565,0,0,0
9052,9049,10567,1,1,1,8743
9055,10567,10568,1,0,1
9054,10568,10569,1,0,1
9905,10569,10570,1,0,1
9907,10570,10571,1,0,1
9520,10571,9255,0,0,0
1166,9691,10572,0,0,1,1927
1163,10572,10573,0,0,1
10574,10573,10575,1,0,1
10576,10575,10577,1,0,1
10578,10577,10483,1,0,0
10183,10187,10579,0,0,1,17285
10580,10579,10581,1,0,1
10030,10581,10186,0,0,0
10392,1135,10582,0,0,1,903
10583,10582,10584,1,0,1
10585,10584,10586,1,0,1
10587,10586,10588,1,0,1
10589,10588,10590,1,0,1
10591,10590,1186,1,0,0
10388,10390,10592,0,0,1,647
10346,10592,10593,0,0,1
10594,10593,10595,1,0,1
10596,10595,10597,1,0,1
10598,10597,10599,1,0,1
10585,10599,10583,0,0,0
10129,10076,10600,0,0,1,1832
10127,10600,10125,0,0,0
10106,10108,10601,0,0,1,10025
10602,10601,10603,1,0,1
10604,10603,10605,1,0,1
10113,10605,10110,0,0,0
10606,10589,10607,1,0,1,9095
10608,10607,10609,1,0,1
10610,10609,10611,1,0,1
10612,10611,10613,1,0,1
10614,10613,10615,1,0,1
10616,10615,10617,1,0,1
1139,10617,10591,0,0,0
10618,10619,10620,1,1,1,641
10621,10620,10622,1,0,1
10623,10622,10624,1,0,1
1105,10624,1103,0,0,0
10239,10242,10625,0,0,1,1816
10626,10625,10627,1,0,1
10628,10627,10629,1,0,1
10485,10487,10630,0,0,1,1832
10578,10630,10631,0,0,1
10632,10631,10633,1,0,1
10491,10633,10489,0,0,0
10634,10635,10636,1,1,1,642
10637,10636,10638,1,0,1
10639,10638,10640,1,0,1
10621,10640,10641,0,0,1
10618,10641,10642,0,0,1
10619,10642,10643,0,0,1
9818,10643,10644,1,0,1
10497,1149,10645,0,0,1,41600
10646,10645,10647,1,0,1
1153,10647,1189,0,0,0
10648,1143,10649,1,0,1,41088
10650,10649,10651,1,0,1
10652,10651,10653,1,0,1
1152,10653,10654,0,0,1
10646,10654,10495,0,0,0
10034,10184,10655,0,0,1,899
10035,10655,10656,0,0,1
10058,10656,10657,0,0,1
10032,10657,10580,0,0,0
9495,9782,10658,1,1,1,644
9498,10658,10659,1,0,1
9497,10659,10660,1,0,1
10661,10662,10663,1,1,1
10664,10663,10665,1,0,1
9776,10517,10666,1,0,1
10660,9780,10667,0,1,1
10668,10667,10669,1,0,1
10666,10665,10670,0,0,1
9778,10670,10669,1,0,0
10671,10511,10672,1,0,1,1832
10673,10672,10674,1,0,1
10675,10674,10676,1,0,1
10677,10676,10678,1,0,1
10679,10678,10680,1,0,1
10681,10680,10682,1,0,1
10100,10682,10513,0,0,0
10683,10272,10684,1,0,1,647
10685,10686,10687,1,1,1
10688,10689,10690,1,1,1
10691,10690,10692,1,0,1
10693,10694,10695,1,1,1
10696,10695,10697,1,0,1
10435,10697,10698,1,0,1
10463,10438,10699,0,1,1
10374,10699,10700,0,0,1
10687,10684,10701,0,0,1
10702,10701,10703,1,0,1
10692,10703,10704,0,0,1
10698,10704,10700,0,0,0
3949,3947,10705,1,1,1,8743
10706,10705,10707,1,0,1
10708,10707,10709,1,0,1
10710,10709,10711,1,0,1
10712,10711,10713,1,0,1
10714,10713,10715,1,0,1
10716,10715,10717,1,0,1
10683,10717,10270,0,0,0
10718,10236,10719,1,0,1,10008
10720,10719,10721,1,0,1
10722,10723,10724,1,1,1
10628,10724,10725,0,0,1
10626,10725,10721,0,0,0
10632,10493,10726,0,0,1,10024
10576,10726,10727,0,0,1
10728,10727,10729,1,0,1
10730,10729,10731,1,0,1
10732,10731,10733,1,0,1
10734,10733,10735,1,0,1
10736,10735,10737,1,0,1
10738,10737,10739,1,0,1
10740,10741,10742,1,1,1
10743,10744,10745,1,1,1
10746,10745,10747,1,0,1
10748,10749,10750,1,1,1
10751,10750,10752,1,0,1
10295,10753,10754,1,1,1
10315,10754,10755,1,0,1
10739,10755,10756,0,0,1
10747,10742,10757,0,0,1
10752,10757,10756,0,0,0
10083,10085,10758,0,0,1,807
10081,10758,10759,0,0,1
10760,10759,10761,1,0,1
10762,10761,10763,1,0,1
10764,10763,10765,1,0,1
10341,10766,10767,0,1,1
10342,10767,10765,0,0,0
10521,10523,10768,0,0,1,8742
10769,10770,10771,1,1,1
10710,10771,10772,0,0,1
10708,10772,10773,0,0,1
10706,10773,10774,0,0,1
10768,3951,10775,0,1,1
10776,10775,10774,1,0,0
10549,10564,10777,1,1,1,8837
10778,10777,10779,1,0,1
10780,10779,10781,1,0,1
10782,10781,10783,1,0,1
10783,10545,10784,0,1,1,645
10785,10786,10787,1,1,1
10788,10787,10789,1,0,1
10790,10789,10791,1,0,1
10792,10793,10794,1,1,1
10795,10794,10796,1,0,1
10797,10796,10798,1,0,1
10799,10798,10800,1,0,1
10801,10800,10802,1,0,1
10803,10802,10804,1,0,1
10805,10804,10806,1,0,1
10807,10806,10808,1,0,1
10784,10809,10810,0,1,1
10791,10810,10811,0,0,1
10812,10811,10808,1,0,0
10813,1141,10814,1,0,1,41600
10815,10814,10816,1,0,1
10650,10816,10648,0,0,0
10817,10598,10818,1,0,1,9096
10819,10818,10820,1,0,1
10821,10820,10822,1,0,1
10606,10822,10587,0,0,0
10823,10824,10825,1,1,1,17287
10477,10826,10827,0,1,1
10475,10827,10828,0,0,1
10501,10828,10829,1,0,1
10500,10829,10830,1,0,1
10831,10830,10832,1,0,1
10833,10832,10834,1,0,1
10835,10834,10825,1,0,0
10664,10519,10836,0,0,1,8741
10837,10836,10838,1,0,1
10839,10838,10840,1,0,1
10841,10842,10843,1,1,1
10844,10845,10846,1,1,1
10847,10848,10849,1,1,1
10850,10849,10851,1,0,1
10852,10851,10853,1,0,1
10854,10853,10855,1,0,1
10856,10855,10857,1,0,1
10858,10857,10859,1,0,1
10770,10859,10860,0,0,1
10840,10776,10861,0,0,1
10843,10861,10862,0,0,1
10846,10862,10860,0,0,0
10809,10546,10863,0,1,1,8837
10807,10863,10864,0,0,1
10805,10864,10865,0,0,1
10803,10865,10866,0,0,1
10799,10801,10867,0,0,1
10539,10868,10869,1,1,1
10866,10543,10870,0,1,1
10869,10867,10871,0,0,1
10541,10871,10870,1,0,0
10234,10237,10872,0,0,1,24
9890,10872,10873,1,0,1
10874,10873,10875,1,0,1
10876,10875,10718,1,0,0
9064,9061,10877,1,1,1,535
10878,9063,10879,1,1,1
10880,10879,10881,1,0,1
10882,10881,10883,1,0,1
10884,10883,10885,1,0,1
9897,10885,10886,1,0,1
9899,10886,10887,1,0,1
9901,10887,10888,1,0,1
9059,9903,10889,1,1,1
10877,10889,10888,0,0,0
10344,10594,10890,0,0,1,903
10766,10890,10891,0,0,1
10892,10891,10893,1,0,1
10817,10893,10596,0,0,0
9503,9500,10894,1,1,1,8836
10895,10894,10896,1,0,1
10662,10896,10668,0,0,0
10897,1047,10898,1,1,1,643
10899,10898,10900,1,0,1
10901,10902,10903,1,1,1
10904,10903,10905,1,0,1
10906,10905,10907,1,0,1
10908,10907,10909,1,0,1
10910,10911,10912,1,1,1
10913,10912,10914,1,0,1
10900,10914,10915,0,0,1
10916,10915,10909,1,0,0
1161,10574,10917,0,0,1,10120
10918,10917,10919,1,0,1
10920,10919,10921,1,0,1
10922,10921,10923,1,0,1
10730,10923,10728,0,0,0
10104,10602,10924,0,0,1,553
10102,10924,10925,0,0,1
10681,10925,10926,0,0,1
10927,10926,10928,1,0,1
10929,10928,10930,1,0,1
10931,10932,10933,1,1,1
10934,10933,10935,1,0,1
10936,10935,10937,1,0,1
10938,10939,10940,1,1,1
10941,10940,10942,1,0,1
10943,10942,10944,1,0,1
10945,10944,10946,1,0,1
10947,10946,10948,1,0,1
10112,10948,10949,0,0,1
10604,10949,10950,0,0,1
10930,10950,10937,0,0,0
10505,10507,10951,0,0,1,9096
10503,10951,10952,0,0,1
10953,10831,10954,1,1,1
10955,10954,10956,1,0,1
10957,10956,10958,1,0,1
10959,10958,10960,1,0,1
10961,10960,10952,1,0,0
10962,10963,10964,1,1,1,548
10965,10964,10966,1,0,1
10967,10966,10968,1,0,1
9502,10969,10970,0,1,1
10895,10970,10971,1,0,1
10661,10971,10972,1,0,1
10837,10972,10973,1,0,1
10839,10973,10974,1,0,1
10842,10974,10975,1,0,1
10976,10975,10977,1,0,1
10978,10977,10979,1,0,1
10980,10979,10968,1,0,0
10042,10044,10981,0,0,1,17286
10982,10981,10983,1,0,1
10685,10702,10984,0,0,1,1927
10985,10686,10986,1,0,1
10987,10986,10988,1,0,1
10694,10989,10990,0,1,1
10691,10990,10991,0,0,1
10688,10991,10992,0,0,1
10984,10689,10993,0,0,1
10988,10993,10992,0,0,0
10994,10995,10996,1,1,1,644
10997,10996,10998,1,0,1
10999,10998,11000,1,0,1
10797,11000,11001,1,0,1
10868,11001,11002,1,0,1
11003,10536,11004,1,0,1
11005,11004,11006,1,0,1
11007,11006,11008,1,0,1
11009,11008,11010,1,0,1
11011,11010,11012,1,0,1
11013,11012,11002,1,0,0
4771,4836,11014,0,0,1,33744
4769,11014,11015,0,0,1
4766,11015,11016,0,0,1
9594,11016,11017,0,0,1
11018,11017,11019,1,0,1
11020,11019,11021,1,0,1
11022,11021,11023,1,0,1
11024,11023,11025,1,0,1
11026,11025,11027,1,0,1
11028,11027,11029,1,0,1
11030,11029,11031,1,0,1
11032,11031,11033,1,0,1
11034,11035,11036,1,1,1
11037,11036,11038,1,0,1
11039,11038,11040,1,0,1
11041,11040,11042,1,0,1
11043,11042,11044,1,0,1
11045,11044,11046,1,0,1
4782,11046,11047,0,0,1
4780,11047,11048,0,0,1
4778,11048,11049,0,0,1
4776,11049,11050,0,0,1
4773,11050,11051,0,0,1
4838,4774,11052,0,0,1
11033,11052,11053,0,0,1
11054,11053,11051,1,0,0
10115,10139,11055,0,0,1,10025
10947,11055,11056,0,0,1
11057,11056,11058,1,0,1
11059,11058,11060,1,0,1
11061,11060,11062,1,0,1
11063,11062,11064,1,0,1
11065,11064,10118,1,0,0
11066,10716,11067,1,0,1,10119
11068,11069,11070,1,1,1
11071,11070,11072,1,0,1
11073,11072,11074,1,0,1
11075,11074,11076,1,0,1
11077,11076,11078,1,0,1
10693,11078,11079,0,0,1
10987,10989,11080,0,0,1
11067,10985,11081,0,0,1
11079,11081,11080,0,0,0
11082,11083,11084,1,1,1,8834
11085,11084,11086,1,0,1
11087,11086,11088,1,0,1
11089,9893,11090,1,1,1,1816
11091,11090,11092,1,0,1
11093,11094,11095,1,1,1
10882,11095,11096,0,0,1
10880,11096,11097,0,0,1
11098,11097,11099,1,0,1
11100,11099,11101,1,0,1
11102,11101,11103,1,0,1
11104,11103,11105,1,0,1
11106,11105,11107,1,0,1
10874,11108,11109,0,1,1
11092,11109,11110,0,0,1
11111,11110,11107,1,0,0
11112,1159,11113,1,0,1,1927
11114,11113,11115,1,0,1
11116,11115,11117,1,0,1
10920,11117,10918,0,0,0
1138,10813,11118,0,0,1,42880
10616,11118,11119,0,0,1
11120,11119,11121,1,0,1
11122,11121,11123,1,0,1
11124,11123,11125,1,0,1
11126,11125,11127,1,0,1
11128,11127,11129,1,0,1
11130,11129,11131,1,0,1
11132,11133,11134,1,1,1
11112,11134,11135,0,0,1
1157,11135,11136,0,0,1
1155,11136,11137,0,0,1
10652,11137,11138,0,0,1
10815,11138,11131,0,0,0
10677,10679,11139,0,0,1,8744
10675,11139,11140,0,0,1
11141,11142,11143,1,1,1
10938,11144,11145,0,1,1
10936,10939,11146,0,0,1
10934,11146,11147,0,0,1
10929,10932,11148,0,0,1
11140,10927,11149,0,0,1
11145,11143,11150,0,0,1
11147,11150,11151,0,0,1
10931,11151,11152,0,0,1
11148,11152,11149,0,0,0
11153,10283,11154,1,0,1,37760
11155,11154,11156,1,0,1
11157,11156,11158,1,0,1
10162,11158,11159,0,0,1
10163,11159,10159,0,0,0
11160,10821,11161,1,0,1,903
11162,11161,10608,1,0,0
11163,10780,11164,1,0,1,1957
11165,11164,11166,1,0,1
11167,11166,11168,1,0,1
11169,11168,11170,1,0,1
11009,11011,11171,0,0,1,8836
11172,11007,11173,1,0,1
11174,11173,11171,1,0,0
11175,10983,11176,1,0,1,9091
9387,11176,11177,0,0,1
9361,11177,10046,0,0,0
11108,10876,11178,0,0,1,8217
11179,11178,11180,1,0,1
11181,11180,11182,1,0,1
10723,11183,11184,0,1,1
10720,11184,11182,0,0,0
10884,9895,11185,0,1,1,10008
11093,11185,11186,0,0,1
11094,11186,11187,0,0,1
11111,11187,11188,0,0,1
11091,11188,11089,0,0,0
10509,10671,11189,0,0,1,808
10961,11189,11190,0,0,1
11191,11190,11192,1,0,1
11193,11192,11194,1,0,1
10769,10712,11195,0,0,1,10022
10858,11195,11196,0,0,1
10856,11196,11197,0,0,1
10852,10854,11198,0,0,1
11199,11198,11200,1,0,1
11201,11200,11197,1,0,0
10782,10786,11202,0,0,1,677
11170,11202,11203,0,0,1
11204,11203,11205,1,0,1
10792,11206,11207,0,1,1
11208,11207,11209,1,0,1
11210,11209,11205,1,0,0
11211,10179,11212,1,0,1,9092
11213,11212,11214,1,0,1
9368,11215,11216,0,1,1
11217,11216,11218,1,0,1
11219,11218,11220,1,0,1
9363,11220,11221,0,0,1
11222,11221,11223,1,0,1
11224,11223,11225,1,0,1
11226,11225,11214,1,0,0
11227,10955,11228,1,0,1,649
11229,11230,11231,1,1,1
11232,11231,11233,1,0,1
11234,11233,11235,1,0,1
10957,11236,11237,0,1,1
11228,11237,11235,0,0,0
10696,10436,11238,0,1,1,10120
11077,11238,11239,0,0,1
11071,11073,11240,0,0,1
11241,11242,11243,1,1,1
11244,11243,11245,1,0,1
10422,11245,11246,1,0,1
10424,11246,11247,1,0,1
10426,11247,11248,1,0,1
10428,11248,11249,1,0,1
10431,11249,11250,1,0,1
10457,10433,11251,1,1,1
11239,11251,11252,0,0,1
11250,11240,11253,0,0,1
11252,10430,11254,0,1,1
11075,11254,11253,0,0,0
11065,10117,11255,0,0,1,9000
11256,11257,11258,1,1,1
11259,11258,11260,1,0,1
10762,11260,11261,0,0,1
10760,11261,11262,0,0,1
10120,11262,11263,0,0,1
11255,10121,11264,0,0,1
11265,11264,11263,1,0,0
11194,10673,11266,0,0,1,552
11267,11266,11268,1,0,1
11269,11268,11270,1,0,1
11271,11270,11272,1,0,1
11273,11274,11275,1,1,1
11276,11275,11277,1,0,1
11278,11277,11279,1,0,1
11280,11279,11281,1,0,1
11282,11281,11283,1,0,1
11142,11284,11285,0,1,1
11272,11285,11283,0,0,0
11286,11287,11288,1,1,1,8841
10833,11288,11289,0,0,1
11290,11289,11291,1,0,1
11230,11292,11293,1,1,1
11294,11234,11295,1,1,1
11296,11295,11297,1,0,1
11298,11297,11299,1,0,1
11300,11299,11301,1,0,1
11293,11291,11302,0,0,1
11229,11302,11303,1,0,1
11232,11303,11301,1,0,0
11201,10714,11304,0,0,1,10023
11199,11304,11305,0,0,1
10850,11305,11306,0,0,1
11307,11306,11308,1,0,1
11309,11308,11310,1,0,1
11311,11310,11312,1,0,1
11069,11312,11066,0,0,0
10788,10790,11313,0,0,1,8837
11210,10785,11314,0,0,1
11208,11314,11315,0,0,1
10793,11315,11316,0,0,1
10812,11316,11313,0,0,0
10181,10037,11317,0,0,1,9093
11226,11317,11318,0,0,1
11224,11318,11319,0,0,1
11222,11319,11320,0,0,1
9364,11320,11321,0,0,1
11175,11321,11322,0,0,1
10982,11322,10040,0,0,0
11128,11130,11323,0,0,1,1927
11126,11323,11324,0,0,1
11325,11324,11326,1,0,1
11327,11326,11133,1,0,0
11116,10922,11328,0,0,1,10023
11329,11328,11330,1,0,1
11331,11332,11333,1,1,1
11334,11333,11335,1,0,1
11336,11335,11337,1,0,1
11338,11337,11339,1,0,1
11340,11339,11341,1,0,1
11342,11341,11343,1,0,1
11344,11343,11345,1,0,1
11346,11347,11348,1,1,1
10732,11348,11349,0,0,1
11345,11330,11350,0,0,1
11351,11350,11349,1,0,0
11162,10610,11352,0,0,1,10119
11353,11352,11354,1,0,1
11355,11356,11357,1,1,1
11358,11357,11359,1,0,1
11360,11359,11361,1,0,1
11362,11361,11363,1,0,1
11364,11363,11365,1,0,1
11366,11365,11367,1,0,1
11368,11367,11369,1,0,1
11370,11369,11371,1,0,1
11372,11371,11373,1,0,1
11114,11329,11374,0,0,1
11132,11374,11375,0,0,1
11327,11375,11376,0,0,1
11325,11376,11377,0,0,1
11124,11377,11378,0,0,1
11379,11378,11380,1,0,1
10612,11381,11382,0,1,1
11354,11382,11383,0,0,1
11373,11383,11380,0,0,0
10819,11160,11384,0,0,1,10120
10892,11384,11385,0,0,1
10764,11385,11386,0,0,1
11387,11259,11388,1,0,1
11389,11388,11390,1,0,1
11356,11391,11392,0,1,1
11353,11392,11393,0,0,1
11390,11386,11394,0,0,1
11395,11394,11393,1,0,0
11396,11397,11398,1,1,1,645
11399,11398,11400,1,0,1
11401,11400,11402,1,0,1
11403,11402,11404,1,0,1
11405,11404,11406,1,0,1
10614,11120,11407,0,0,1,1927
11381,11407,11408,0,0,1
11379,11408,11122,0,0,0
10945,11057,11409,0,0,1,13096
11410,11409,11411,1,0,1
11412,11413,11414,1,1,1
11415,11414,11416,1,0,1
11417,11416,11418,1,0,1
11419,11418,11420,1,0,1
11421,11422,11423,1,1,1
11424,11423,11425,1,0,1
11426,11425,11427,1,0,1
11059,11428,11429,0,1,1
11411,11429,11430,0,0,1
11420,11430,11427,0,0,0
4787,10281,11431,0,0,1,37840
4784,11431,11432,0,0,1
11045,11432,11433,0,0,1
11434,11043,11435,1,0,1
11436,11435,11437,1,0,1
11153,11437,11433,0,0,0
11389,11395,11438,0,0,1,1927
11439,11438,11440,1,0,1
11355,11441,11442,0,1,1
11391,11442,11440,0,0,0
11063,11265,11443,0,0,1,9001
11061,11443,11444,0,0,1
11428,11444,11445,0,0,1
11426,11445,11257,0,0,0
11144,10941,11446,0,0,1,8745
11284,11141,11447,0,0,1
11282,11447,11448,0,0,1
11449,11448,11450,1,0,1
11451,11450,11452,1,0,1
11412,11452,11453,0,0,1
11410,11413,11454,0,0,1
10943,11454,11455,0,0,1
11446,11455,11453,0,0,0
11191,10959,11456,1,1,1,8840
11457,11456,11458,1,0,1
11459,11458,11460,1,0,1
11461,11460,11462,1,0,1
11463,11462,11464,1,0,1
11465,11466,11467,1,1,1
11468,11467,11469,1,0,1
11470,11469,11471,1,0,1
11472,11471,11473,1,0,1
11474,11473,11475,1,0,1
11298,11475,11476,0,0,1
11296,11476,11477,0,0,1
11294,11477,11478,0,0,1
11236,11478,11464,1,0,0
10778,11163,11479,0,0,1,10149
10552,10548,11480,1,1,1
11481,11480,11482,1,0,1
11483,11482,11484,1,0,1
11167,11485,11486,0,1,1
11165,11486,11487,0,0,1
11479,11487,11484,0,0,0
1050,1046,11488,1,1,1,641
1049,11488,11489,1,0,1
1053,11489,11490,1,0,1
1055,1052,11491,1,1,1
11492,11491,11493,1,0,1
11494,11493,11495,1,0,1
11496,11495,11497,1,0,1
10897,11497,11490,0,0,0
11498,11157,11499,1,0,1,897
10167,10171,11500,0,0,1
10165,10168,11501,0,0,1
11499,11501,11500,0,0,0
11502,11503,11504,1,1,1,648
11505,11504,11506,1,0,1
11507,11506,11508,1,0,1
11509,11508,10408,1,0,0
11485,11169,11510,0,0,1,1958
11511,11510,11512,1,0,1
11513,11512,11514,1,0,1
11515,11516,11517,1,1,1
11518,11517,11519,1,0,1
11520,11519,11521,1,0,1
11522,11521,11523,1,0,1
11524,11523,11525,1,0,1
11526,11525,11527,1,0,1
11528,11527,11529,1,0,1
11204,11529,11514,0,0,0
11496,10899,11530,0,0,1,642
11494,11530,11531,0,0,1
1057,11492,11532,1,0,1
1060,11532,11533,1,0,1
11534,11533,11535,1,0,1
11536,11535,11537,1,0,1
11538,11537,11539,1,0,1
11540,11539,11541,1,0,1
11542,11541,11543,1,0,1
10901,11543,11544,0,0,1
10916,10902,11545,0,0,1
11531,11545,11544,0,0,0
11434,11436,11546,0,0,1,977
11041,11546,11547,0,0,1
11039,11547,11548,0,0,1
11549,11548,11550,1,0,1
11551,11550,11552,1,0,1
10170,11552,11553,0,0,1
11498,11553,11155,0,0,0
11104,11106,11554,0,0,1,8216
11102,11554,11555,0,0,1
11556,11555,11557,1,0,1
11558,11557,11559,1,0,1
11560,11561,11562,1,1,1
11181,11562,11563,0,0,1
11179,11563,11559,0,0,0
11351,11347,11564,0,0,1,1831
11344,11564,11565,0,0,1
11342,11565,11566,0,0,1
11340,11566,11567,0,0,1
11568,11338,11569,1,0,1
10734,11569,11570,0,0,1
11346,11570,11567,0,0,0
11457,11193,11571,1,0,1,807
11572,11571,11573,1,0,1
11574,11573,11267,1,0,0
11575,11576,11577,1,1,1,8839
11466,11577,11463,0,0,0
10551,11481,11578,1,0,1,1957
11579,11578,11580,1,0,1
11581,11580,11582,1,0,1
11583,11582,11584,1,0,1
11585,11584,11586,1,0,1
11587,11588,11589,1,1,1
11511,11589,11590,0,0,1
11483,11590,11586,0,0,0
11591,11592,11593,1,1,1,8837
11594,11593,11595,1,0,1
11596,11595,11597,1,0,1
11598,11597,11599,1,0,1
11600,11599,11601,1,0,1
11602,11601,11396,1,0,0
10753,10292,11603,0,1,1,40
11604,11603,11605,1,0,1
11606,11607,11608,1,1,1
11609,11608,11610,1,0,1
11611,11610,11612,1,0,1
11613,11614,11615,1,1,1
11612,11605,11616,0,0,1
11617,11616,11615,1,0,0
11618,10795,11619,1,0,1,8837
11620,11619,11621,1,0,1
10997,11621,10999,1,0,1
11528,11206,11622,0,0,1,8870
11526,11622,11623,0,0,1
11624,11623,11625,1,0,1
11626,11625,11627,1,0,1
11628,11627,11629,1,0,1
11630,11631,11632,1,1,1
11633,11632,11634,1,0,1
11635,11634,11636,1,0,1
11637,11636,11638,1,0,1
11618,11638,11629,0,0,0
11613,11639,11640,1,1,1,39
10293,11640,11641,0,0,1
10308,11641,11642,0,0,1
11451,11415,11643,0,0,1,9001
11644,11643,11645,1,0,1
11646,11645,11647,1,0,1
11648,11647,11649,1,0,1
11650,11649,11651,1,0,1
11652,11653,11654,1,1,1
11655,11654,11656,1,0,1
11657,11658,11659,1,1,1
11421,11659,11660,0,0,1
11422,11660,11661,0,0,1
11419,11661,11662,0,0,1
11417,11662,11663,0,0,1
11651,11663,11656,0,0,0
10978,10976,11664,1,1,1,8740
11665,11666,11667,1,1,1
10848,11667,11668,0,0,1
10844,11668,11669,0,0,1
10845,11669,11670,0,0,1
10841,11670,11664,0,0,0
11574,11269,11671,0,0,1,808
11672,11671,11673,1,0,1
11674,11673,11675,1,0,1
11676,11675,11271,1,0,0
10554,10556,11677,0,0,1,8868
11579,11677,11678,1,0,1
11581,11678,11679,1,0,1
11680,11681,11682,1,1,1
11683,11682,11684,1,0,1
11685,11684,11679,1,0,0
11461,11576,11686,0,0,1,8743
11459,11686,11687,0,0,1
11572,11687,11688,1,0,1
11689,11674,11690,1,1,1
11691,11690,11692,1,0,1
11693,11692,11694,1,0,1
11695,11694,11696,1,0,1
11688,11697,11698,0,1,1
11672,11698,11696,1,0,0
11699,11100,11700,1,0,1,24
11701,11700,11702,1,0,1
11703,11702,11704,1,0,1
11705,11704,11706,1,0,1
11707,11706,11556,1,0,0
11368,11370,11708,0,0,1,10120
11709,11708,11710,1,0,1
11711,11710,11712,1,0,1
11256,11387,11713,0,0,1,8840
11424,11713,11714,0,0,1
11657,11714,11715,0,0,1
11658,11715,11716,0,0,1
11717,11716,11718,1,0,1
11719,11718,11720,1,0,1
11721,11720,11722,1,0,1
11723,11722,11724,1,0,1
11725,11724,11726,1,0,1
11727,11726,11439,1,0,0
11728,11646,11729,1,0,1,809
11730,11729,11731,1,0,1
11653,11731,11732,0,0,1
11650,11732,11648,0,0,0
11733,11734,11735,1,1,1,676
11403,11735,11736,1,0,1
11405,11736,11737,1,0,1
11738,11737,11739,1,0,1
11740,11739,11741,1,0,1
11280,11449,11742,0,0,1,8744
11278,11742,11743,0,0,1
11276,11743,11744,0,0,1
11745,11744,11746,1,0,1
11747,11746,11748,1,0,1
11728,11748,11644,0,0,0
11749,11750,11751,1,1,1,648
11752,11753,11754,1,1,1
11755,11756,11757,1,1,1
11758,11757,11759,1,0,1
11751,11759,11754,0,0,0
11760,10410,11761,1,1,1,8840
11762,11761,11763,1,0,1
11764,11763,11509,1,0,1
11401,11733,11765,0,1,1,8869
11766,11765,11767,1,0,1
11768,11767,11769,1,0,1
11770,11769,11771,1,0,1
11219,9366,11772,0,0,1,898
11217,11772,9369,0,0,0
11727,11441,11773,0,0,1,9096
11774,11725,11775,1,0,1
11776,11775,11777,1,0,1
11778,11777,11779,1,0,1
11780,11779,11781,1,0,1
11358,11781,11773,0,0,0
11551,10173,11782,0,0,1,978
11549,11782,11783,0,0,1
11784,11037,11785,1,0,1
11786,11785,11787,1,0,1
11788,11789,11790,1,1,1
11791,11792,11793,1,1,1
11794,11795,11796,1,1,1
10175,11796,11797,0,0,1
11783,11797,11798,0,0,1
11790,11787,11799,0,0,1
11800,11799,11801,1,0,1
11793,11801,11798,0,0,0
11802,11334,11803,1,0,1,10025
11804,11803,11805,1,0,1
10744,11805,11806,0,0,1
10740,11806,11807,0,0,1
10741,11807,11808,0,0,1
10738,11808,11809,0,0,1
10736,11809,11810,0,0,1
11568,11810,11336,0,0,0
11712,11372,11811,0,0,1,1832
11812,11811,11813,1,0,1
11814,11815,11816,1,1,1
11817,11816,11818,1,0,1
11819,11818,11820,1,0,1
11821,11822,11823,1,1,1
11824,11823,11825,1,0,1
11826,11825,11827,1,0,1
11828,11827,11829,1,0,1
11830,11829,11831,1,0,1
10748,11831,11832,0,0,1
10749,11832,11833,0,0,1
10746,11833,11834,0,0,1
11835,11834,11836,1,0,1
11837,11838,11839,1,1,1
11332,11839,11840,0,0,1
11813,11840,11841,0,0,1
11820,11842,11843,0,1,1
11836,11843,11844,0,0,1
11845,11844,11841,1,0,0
11753,11749,11846,1,1,1,647
11847,11846,11848,1,0,1
11849,11848,11850,1,0,1
11851,11850,11852,1,0,1
11853,11854,11855,1,1,1
11856,11855,11857,1,0,1
11858,11857,11859,1,0,1
11860,11861,11862,1,1,1
11863,11862,11864,1,0,1
11865,11864,11866,1,0,1
11867,11866,11868,1,0,1
11869,11868,11870,1,0,1
11871,11870,11872,1,0,1
11873,11872,11874,1,0,1
11852,11874,11859,0,0,0
11665,10847,11875,0,0,1,16934
11876,11875,11877,1,0,1
11878,11877,11879,1,0,1
11880,11879,11881,1,0,1
11309,11882,11883,0,1,1
11307,11883,11881,0,0,0
11884,11583,11885,1,0,1,10149
11886,11885,11887,1,0,1
11888,11887,11889,1,0,1
11890,11891,11892,1,1,1
11893,11892,11894,1,0,1
11895,11896,11897,1,1,1
11588,11897,11898,0,0,1
11585,11898,11899,0,0,1
11889,11899,11894,0,0,0
11780,11360,11900,0,0,1,14216
11901,11900,11902,1,0,1
11903,11902,11904,1,0,1
11905,11906,11907,1,1,1
11908,11907,11909,1,0,1
11910,11909,11911,1,0,1
11912,11911,11913,1,0,1
11362,11913,11904,0,0,0
11882,11311,11914,0,0,1,8743
11915,11914,11916,1,0,1
11917,11916,11918,1,0,1
11242,11918,11068,0,0,0
11637,11620,11919,0,0,1,549
11635,11919,11920,0,0,1
11921,11920,11922,1,0,1
11923,11922,11924,1,0,1
11925,11926,11927,1,1,1
11928,11927,11929,1,0,1
11930,11931,11932,1,1,1
11933,11932,11934,1,0,1
11935,11934,11936,1,0,1
11937,11936,11938,1,0,1
11939,11940,11941,1,1,1
11942,11943,11944,1,1,1
10994,11944,11945,1,0,1
11924,11945,11946,0,0,1
11938,11947,11948,0,1,1
11946,11941,11949,0,0,1
11929,11949,11948,0,0,0
11895,11587,11950,0,0,1,10150
11893,11896,11951,0,0,1
11890,11951,11952,0,0,1
11953,11952,11954,1,0,1
11955,11954,11956,1,0,1
11957,11958,11959,1,1,1
11960,11959,11961,1,0,1
11962,11963,11964,1,1,1
11965,11964,11966,1,0,1
11522,11966,11967,0,0,1
11520,11967,11968,0,0,1
11518,11968,11969,0,0,1
11513,11516,11970,0,0,1
11950,11970,11971,0,0,1
11956,11971,11972,0,0,1
11969,11961,11973,0,0,1
11515,11973,11972,0,0,0
11794,10177,11974,0,0,1,979
11791,11795,11975,0,0,1
11800,11792,11976,0,0,1
11788,11976,11977,0,0,1
11789,11977,11978,0,0,1
11979,11786,11980,1,0,1
11981,11980,11982,1,0,1
11983,11982,11984,1,0,1
11985,11986,11987,1,1,1
11988,11989,11990,1,1,1
11211,11991,11992,0,1,1
11974,11992,11993,0,0,1
11975,11993,11994,0,0,1
11984,11978,11995,0,0,1
11996,11995,11997,1,0,1
11987,11997,11998,0,0,1
11999,11998,12000,1,0,1
11990,12000,11994,0,0,0
11602,11399,12001,0,0,1,646
11600,12001,12002,0,0,1
12003,12002,11766,1,0,0
11837,11331,12004,0,0,1,1833
11838,12004,12005,0,0,1
11845,12005,12006,0,0,1
10743,11835,12007,0,0,1
11804,12007,12008,0,0,1
11802,12008,12006,0,0,0
11721,11723,12009,0,0,1,8842
12010,12011,12012,1,1,1
12013,12012,12014,1,0,1
11776,12014,12015,0,0,1
11774,12015,12009,0,0,0
11655,11717,12016,0,0,1,9096
12017,12016,12018,1,0,1
12019,12020,12021,1,1,1
12022,12023,12024,1,1,1
12025,12024,12026,1,0,1
12027,12026,12028,1,0,1
12029,12028,12030,1,0,1
12031,12032,12033,1,1,1
12011,12033,12034,0,0,1
12018,11719,12035,0,0,1
12036,12035,12037,1,0,1
12021,12037,12038,0,0,1
12030,12038,12034,0,0,0
11611,11617,12039,0,0,1,1832
11609,12039,12040,0,0,1
12041,12040,12042,1,0,1
11939,11943,12043,0,0,1,8741
11940,12043,12044,0,0,1
11937,12044,12045,0,0,1
12046,12047,12048,1,1,1,8232
12049,12050,12051,1,1,1
12052,12051,12053,1,0,1
12054,12053,12055,1,0,1
12056,12055,12057,1,0,1
12042,12057,12058,1,0,1
11614,12058,12059,1,0,1
11639,12059,12048,0,0,0
11756,12060,12061,0,1,1,552
11752,12061,12062,0,0,1
11849,11847,12063,1,1,1
12064,12063,12065,1,0,1
12066,12067,12068,1,1,1
12069,12068,12070,1,0,1
12071,12072,12073,1,1,1
12074,12075,12076,1,1,1
12077,12078,12079,1,1,1
12080,12081,12082,1,1,1
12083,12084,12085,1,1,1
12065,12062,12086,0,0,1
12070,12086,12087,0,0,1
12076,12073,12088,0,0,1
12079,12088,12089,0,0,1
12082,12089,12090,0,0,1
12085,12090,12087,0,0,0
11681,12091,12092,0,1,1,677
11884,12092,12093,1,0,1
12094,12093,12095,1,0,1
12096,12095,12097,1,0,1
12098,12097,12099,1,0,1
12100,12101,12102,1,1,1
12003,12103,12104,1,1,1
11768,12104,12105,1,0,1
11770,12105,12106,1,0,1
11734,11771,12107,0,1,1
12108,12107,12109,1,0,1
12099,12108,12110,0,0,1
12106,12102,12111,0,0,1
12109,12111,12110,0,0,0
12112,12113,12114,1,1,1,1576
12115,12114,12116,1,0,1
12117,12116,12118,1,0,1
12119,12118,12120,1,0,1
12121,12120,12122,1,0,1
12123,12122,12124,1,0,1
11703,12124,12125,0,0,1
11701,12125,12126,0,0,1
11912,11364,12127,0,0,1,10121
12128,11905,12129,1,0,1
12130,12129,12131,1,0,1
12132,12131,12133,1,0,1
12029,12133,12134,0,0,1
12135,12027,12136,1,0,1
12137,12136,12138,1,0,1
12139,12140,12141,1,1,1
12142,12141,12143,1,0,1
12144,12145,12146,1,1,1
12147,12148,12149,1,1,1
11709,12149,12150,0,0,1
11366,12150,12151,0,0,1
12127,12151,12152,0,0,1
11910,12152,12153,0,0,1
12134,11908,12154,0,0,1
12138,12154,12155,0,0,1
12143,12155,12156,0,0,1
12146,12156,12153,0,0,0
11524,11624,12157,0,0,1,678
11965,12157,12158,0,0,1
11962,12158,12159,0,0,1
12160,12159,12161,1,0,1
12162,12161,12163,1,0,1
12164,12165,12166,1,1,1
11630,12167,12168,0,1,1
11628,11631,12169,0,0,1
11626,12169,12170,0,0,1
12163,12170,12171,0,0,1
12166,12171,12168,0,0,0
11991,11213,12172,0,0,1,9172
11988,12172,12173,0,0,1
11999,11989,12174,0,0,1
11985,12174,12175,0,0,1
12176,12175,12177,1,0,1
12178,12177,12179,1,0,1
12180,12179,12181,1,0,1
12182,12181,12183,1,0,1
12184,12183,12173,1,0,0
10751,11604,12185,0,0,1,8233
11830,12185,12186,0,0,1
11828,12186,12187,0,0,1
12188,12187,12189,1,0,1
12056,12190,12191,1,1,1
12041,12191,12192,0,0,1
11606,12192,12193,0,0,1
11607,12193,12189,0,0,0
11778,11901,12194,0,0,1,9097
12013,12194,12195,0,0,1
12196,12195,12197,1,0,1
12198,12197,12199,1,0,1
12128,12199,12200,0,0,1
11906,12200,11903,0,0,0
11747,11730,12201,0,0,1,10024
12202,12203,12204,1,1,1
12205,12204,12206,1,0,1
12207,12206,12208,1,0,1
12209,12208,12210,1,0,1
12017,12210,12211,0,0,1
11652,12211,12201,0,0,0
10413,11760,12212,1,0,1,648
12213,12212,11762,1,0,0
12094,11886,12214,1,0,1,1957
12215,12096,12216,1,1,1
11958,12216,12217,0,0,1
11955,12217,12218,0,0,1
11953,12218,12219,0,0,1
11891,12219,12220,0,0,1
11888,12220,12214,0,0,0
12221,6604,12222,1,0,1,29136
12223,12222,12224,1,0,1
12225,12224,12226,1,0,1
12227,12228,12229,1,1,1
12230,12231,12232,1,1,1
12233,12232,12234,1,0,1
12235,12236,12237,1,1,1
12238,12237,12239,1,0,1
12240,12241,12242,1,1,1
6639,12242,12243,0,0,1
6640,12243,12244,0,0,1
6637,6941,12245,0,0,1
6635,12245,12246,0,0,1
6632,12246,12247,0,0,1
6629,6633,12248,0,0,1
6626,6630,12249,0,0,1
6624,6627,12250,0,0,1
6621,12250,12251,0,0,1
6618,6622,12252,0,0,1
6619,12252,12253,0,0,1
6616,12253,12254,0,0,1
6614,12254,12255,0,0,1
6611,12255,12256,0,0,1
6881,6612,12257,0,0,1
6608,12257,12258,0,0,1
6606,6609,12259,0,0,1
12226,12259,12260,0,0,1
12229,12260,12261,0,0,1
12234,12262,12263,0,1,1
12239,12264,12265,0,1,1
12247,12244,12266,0,0,1
12248,12266,12267,0,0,1
12249,12267,12268,0,0,1
12251,12268,12269,0,0,1
12258,12256,12270,0,0,1
12261,12270,12271,0,0,1
12263,12271,12272,0,0,1
12265,12272,12269,0,0,0
12273,11561,12274,1,0,1,8249
12275,12274,12276,1,0,1
12277,12276,12278,1,0,1
11689,11676,12279,1,0,1,807
11691,12279,12280,1,0,1
12281,12280,12282,1,0,1
12283,12282,12284,1,0,1
12285,12284,12286,1,0,1
12287,12286,11274,1,0,0
11666,10980,12288,1,0,1,8741
11876,12288,12289,1,0,1
12290,12289,12291,1,0,1
12292,12291,12293,1,0,1
12294,12293,12295,1,0,1
12296,11598,12297,1,0,1,933
12298,12297,12299,1,0,1
12300,12299,12301,1,0,1
12302,12303,12304,1,1,1
12305,12304,12306,1,0,1
12307,12306,12308,1,0,1
12101,12308,12309,1,0,1
12103,12100,12310,1,1,1
12301,12310,12309,0,0,0
12311,11960,12312,1,0,1,10151
12313,12312,12314,1,0,1
12315,12316,12317,1,1,1
12318,12317,12319,1,0,1
12320,12319,12321,1,0,1
12322,12321,12323,1,0,1
12324,12323,12325,1,0,1
12326,12325,12327,1,0,1
1193,12327,12328,0,0,1
12329,12328,12330,1,0,1
12331,12330,12332,1,0,1
12333,12332,12334,1,0,1
12162,12335,12336,0,1,1
11963,12160,12337,0,0,1
12314,12337,12338,0,0,1
12334,12338,12336,0,0,0
12184,11215,12339,0,0,1,37840
12180,12182,12340,0,0,1
12341,12340,12342,1,0,1
12343,12342,12344,1,0,1
12345,12344,12346,1,0,1
1067,12346,12347,1,0,1
9373,12347,12348,0,0,1
9371,12348,12339,0,0,0
11707,11558,12349,0,0,1,56
11705,12349,12350,0,0,1
12123,12350,12351,0,0,1
12352,12351,12353,1,0,1
12354,12353,12355,1,0,1
12356,12355,12273,1,0,0
12357,12115,12358,1,0,1,1832
12359,12358,12360,1,0,1
12361,12360,12362,1,0,1
12363,12362,12364,1,0,1
12365,12364,12117,1,0,0
12147,11711,12366,0,0,1,10025
11842,11815,12367,0,0,1
12366,11812,12368,0,0,1
12369,12368,12367,1,0,0
12010,12196,12370,0,0,1,905
12031,12370,12371,0,0,1
12132,12032,12372,0,0,1
12130,12372,12373,0,0,1
12198,12373,12371,0,0,0
12209,12036,12374,0,0,1,648
12375,12374,12376,1,0,1
12377,12376,12378,1,0,1
12379,12378,12380,1,0,1
12381,12380,12020,1,0,0
11851,12064,12382,1,0,1,808
11854,12382,12383,1,0,1
12384,12383,12385,1,0,1
12386,12385,12387,1,0,1
12388,12389,12390,1,1,1
12391,12390,12392,1,0,1
12393,12392,12394,1,0,1
12395,12396,12397,1,1,1
12398,12399,12400,1,1,1
12401,12400,12402,1,0,1
1240,12402,12403,0,0,1
12404,1237,12405,1,0,1
12406,12407,12408,1,1,1
12409,12408,12410,1,0,1
12411,12410,12412,1,0,1
12413,12414,12415,1,1,1
12416,12417,12418,1,1,1
12419,12420,12421,1,1,1
12422,12423,12424,1,1,1
12425,12424,12426,1,0,1
12427,12428,12429,1,1,1
12430,12429,12431,1,0,1
12432,12431,12433,1,0,1
12434,12433,12435,1,0,1
12436,12437,12438,1,1,1
12439,12438,12440,1,0,1
12066,12440,12441,0,0,1
12387,12067,12442,0,0,1
12394,12442,12443,0,0,1
12444,12443,12445,1,0,1
12397,12445,12446,0,0,1
12405,12403,12447,0,0,1
12415,12412,12448,0,0,1
12426,12421,12449,0,0,1
12435,12449,12450,0,0,1
12441,12451,12452,0,1,1
12446,12452,12453,0,0,1
12447,12454,12455,0,1,1
12448,12455,12456,0,0,1
12457,12456,12458,1,0,1
12450,12459,12460,0,1,1
12458,12453,12461,0,0,1
12418,12461,12460,0,0,0
12307,12098,12462,0,1,1,9125
12302,12305,12463,0,0,1
12464,12463,12465,1,0,1
12466,12465,12467,1,0,1
12311,12467,12468,0,0,1
11957,12468,12469,0,0,1
12215,12469,12462,0,0,0
12287,11273,12470,0,0,1,808
12285,12470,12471,0,0,1
12472,12471,12473,1,0,1
12474,12473,12475,1,0,1
12203,12475,11745,0,0,0
12476,11853,12477,1,1,1,551
12478,12477,12479,1,0,1
12389,12479,12480,0,0,1
12386,12480,12384,0,0,0
12481,12482,12483,1,1,1,8743
12484,12485,12486,1,1,1
12487,12486,12488,1,0,1
12292,12489,12490,0,1,1
12290,12490,12491,0,0,1
11878,12491,12492,1,0,1
12493,12492,12494,1,0,1
12495,12496,12497,1,1,1
12498,12499,12500,1,1,1
12501,12502,12503,1,1,1
12504,12505,12506,1,1,1
12507,12506,12508,1,0,1
12509,12508,12510,1,0,1
12483,12510,12511,0,0,1
12488,12511,12512,0,0,1
12497,12494,12513,0,0,1
12500,12513,12514,0,0,1
12503,12514,12512,0,0,0
11542,10904,12515,0,0,1,1923
12516,12515,12517,1,0,1
12518,12517,12519,1,0,1
12520,12521,12522,1,1,1
12523,12522,12524,1,0,1
12525,12524,12526,1,0,1
12527,12526,12528,1,0,1
12529,12530,12531,1,1,1
12532,12531,12533,1,0,1
12534,12533,12535,1,0,1
12536,12535,12537,1,0,1
12538,12537,12539,1,0,1
12540,12539,12541,1,0,1
12542,12541,12543,1,0,1
12519,12543,12528,0,0,0
12205,12207,12544,0,0,1,647
12545,12544,12546,1,0,1
12547,12546,12375,1,0,0
12548,12549,12550,1,1,1,8742
12551,12552,12553,1,1,1
12554,12555,12556,1,1,1
12557,12556,12558,1,0,1
12559,12558,12560,1,0,1
12561,12560,12562,1,0,1
12563,12564,12565,1,1,1
11925,12565,12566,1,0,1
11928,12566,12567,1,0,1
11947,12567,12568,1,0,1
11931,12568,12569,1,0,1
12570,12569,12571,1,0,1
12550,12572,12573,0,1,1
12562,12553,12574,0,0,1
12571,12574,12573,0,0,0
1059,12575,12576,0,1,1,721
11534,12576,12577,1,0,1
12578,12577,12579,1,0,1
12580,12579,12581,1,0,1
12582,12581,12583,1,0,1
12584,12585,12586,1,1,1
12587,12586,12588,1,0,1
12589,12588,12583,1,0,0
12144,12148,12590,0,0,1,10122
12591,12590,12592,1,0,1
12593,12592,12594,1,0,1
12595,12594,12596,1,0,1
12597,12596,12598,1,0,1
12599,12598,12600,1,0,1
12601,12600,12602,1,0,1
12603,12602,12604,1,0,1
11817,12605,12606,0,1,1
12369,11814,12607,0,0,1
12604,12607,12606,0,0,0
12538,12608,12609,0,1,1,10116
12536,12609,12610,0,0,1
12534,12610,12611,0,0,1
12121,12352,12612,0,0,1,57
12613,12612,12614,1,0,1
12615,12616,12617,1,1,1
12618,12617,12619,1,0,1
12620,12619,12621,1,0,1
12622,12623,12624,1,1,1
12625,12624,12626,1,0,1
12627,12626,12628,1,0,1
12629,12628,12630,1,0,1
12631,12630,12632,1,0,1
12356,12275,12633,0,0,1
12614,12354,12634,0,0,1
12621,12634,12635,0,0,1
12632,12635,12633,0,0,0
12636,12637,12638,1,1,1,8233
12359,12638,12639,1,0,1
12361,12639,12640,1,0,1
12641,12642,12643,1,1,1
12644,12643,12645,1,0,1
12646,12645,12640,1,0,0
12647,12648,12649,1,1,1,552
11861,12650,12651,0,1,1
11858,12651,12652,0,0,1
11856,12652,12653,0,0,1
12476,12653,12654,1,0,1
12478,12654,12655,1,0,1
12388,12655,12656,1,0,1
12391,12656,12657,1,0,1
12658,12393,12659,1,1,1
12660,12659,12661,1,0,1
12662,12661,12663,1,0,1
12664,12665,12666,1,1,1
12667,12666,12668,1,0,1
12669,12670,12671,1,1,1
12672,12673,12674,1,1,1
12675,12674,12676,1,0,1
12677,12676,12678,1,0,1
12679,12680,12681,1,1,1
12682,12681,12683,1,0,1
12684,12685,12686,1,1,1
12687,12686,12688,1,0,1
12689,12688,12690,1,0,1
12691,12692,12693,1,1,1
12694,12695,12696,1,1,1
12697,12696,12698,1,0,1
12699,12698,12700,1,0,1
12701,12700,12702,1,0,1
12703,12704,12705,1,1,1
12649,12703,12706,0,0,1
12657,12707,12708,0,1,1
12663,12708,12709,0,0,1
12668,12709,12710,0,0,1
12671,12710,12711,0,0,1
12678,12712,12713,0,1,1
12683,12713,12714,0,0,1
12690,12714,12715,0,0,1
12693,12715,12716,0,0,1
12705,12702,12717,0,0,1
12711,12706,12718,0,0,1
12716,12718,12717,0,0,0
12493,11880,12719,1,0,1,12838
12720,12719,11915,1,0,0
12721,11596,12722,1,0,1,1956
12611,12723,12724,0,1,1
12532,12724,12725,0,0,1
12726,12725,12727,1,0,1
12728,12727,12729,1,0,1
12730,12729,12731,1,0,1
12732,12731,12733,1,0,1
12296,12733,12722,0,0,0
12365,12119,12734,0,0,1,41
12642,12363,12735,1,0,1
12641,12735,12736,1,0,1
12737,12736,12738,1,0,1
12739,12738,12740,1,0,1
12615,12741,12742,0,1,1
12613,12616,12743,0,0,1
12734,12743,12744,0,0,1
12740,12744,12742,0,0,0
12720,11917,12745,0,0,1,10024
12496,12745,12746,1,0,1
12747,12746,12748,1,0,1
12749,12750,12751,1,1,1
11241,12751,12748,0,0,0
12752,11540,12753,1,0,1,643
12518,12521,12754,0,0,1
12516,12754,12753,0,0,0
12755,12756,12757,1,1,1,9097
12758,12759,12760,1,1,1
12761,12762,12763,1,1,1
12764,12763,12765,1,0,1
12145,12142,12766,1,1,1
12591,12766,12767,1,0,1
12593,12767,12768,1,0,1
12757,12769,12770,0,1,1
12760,12770,12771,0,0,1
12765,12772,12773,0,1,1
12768,12774,12775,0,1,1
12595,12775,12776,1,0,1
12597,12776,12777,1,0,1
12771,12777,12773,0,0,0
12381,12019,12778,0,0,1,904
12779,12780,12781,1,1,1
12022,12781,12782,0,0,1
12778,12023,12783,0,0,1
12784,12783,12782,1,0,0
12785,12786,12787,1,1,1,8744
12788,12787,12789,1,0,1
12081,12077,12790,1,1,1
12084,12080,12791,1,1,1
12792,12791,12793,1,0,1
12794,12793,12795,1,0,1
12789,12795,12790,0,0,0
11633,11921,12796,0,0,1,550
12167,12796,12797,0,0,1
12164,12797,12798,0,0,1
12799,12798,12800,1,0,1
12801,12800,12802,1,0,1
12803,12802,12804,1,0,1
11926,12804,11923,0,0,0
12464,12466,12805,0,0,1,10150
12303,12805,12806,0,0,1
12807,12806,12808,1,0,1
12809,12808,12810,1,0,1
12811,12810,12812,1,0,1
12813,12812,12814,1,0,1
12815,12814,12816,1,0,1
12817,12816,12818,1,0,1
12316,12818,12313,0,0,0
12819,12820,12821,1,1,1,37584
12822,12821,12823,1,0,1
12824,12825,12826,1,1,1
12827,12828,12829,1,1,1
12830,12831,12832,1,1,1
12833,12832,12834,1,0,1
1064,12834,12835,0,0,1
1112,1065,12836,0,0,1
1062,12836,12837,0,0,1
12575,12837,12838,0,0,1
12839,12589,12840,1,0,1
12841,12839,12842,1,0,1
12843,12844,12845,1,1,1
12846,12847,12848,1,1,1
12849,12848,12850,1,0,1
12851,12850,12852,1,0,1
12853,12854,12855,1,1,1
12856,12853,12857,1,0,1
12858,12857,12859,1,0,1
12823,12860,12861,0,1,1
12826,12861,12862,0,0,1
12829,12862,12863,0,0,1
12840,12838,12864,0,0,1
12842,12864,12865,0,0,1
12845,12865,12866,0,0,1
12852,12866,12867,0,0,1
12855,12867,12868,0,0,1
12863,12859,12869,0,0,1
12835,12869,12868,0,0,0
12870,12871,12872,1,1,1,10025
12873,12872,12874,1,0,1
12875,12874,12876,1,0,1
12877,12878,12879,1,1,1
12880,12879,12881,1,0,1
11826,12881,12882,1,0,1
12188,12882,12883,1,0,1
12190,12883,12884,1,0,1
12054,12884,12885,0,0,1
12052,12885,12886,0,0,1
12887,12886,12888,1,0,1
12889,12888,12890,1,0,1
12646,12889,12891,0,0,1
12876,12891,12892,0,0,1
12893,12892,12890,1,0,0
12202,12545,12894,0,0,1,903
12895,12894,12896,1,0,1
12897,12896,12898,1,0,1
12899,12898,12900,1,0,1
12901,12900,12902,1,0,1
12903,12902,12904,1,0,1
12905,12904,12906,1,0,1
12377,12907,12908,0,1,1
12547,12908,12906,0,0,0
12165,12799,12909,0,0,1,8742
12335,12909,12910,0,0,1
12911,12333,12912,1,0,1
12913,12914,12915,1,1,1
12916,12917,12918,1,1,1
12910,12918,12919,0,0,1
12912,12919,12915,0,0,0
12920,11821,12921,1,0,1,552
12922,12921,12923,1,0,1
12924,12923,12925,1,0,1
12926,12927,12928,1,1,1,8743
12283,12928,12929,1,0,1
12472,12929,12930,1,0,1
12474,12930,12931,1,0,1
12895,12931,12932,1,0,1
12897,12932,12933,1,0,1
12934,12933,12935,1,0,1
12936,11538,12937,1,0,1,10116
12938,12937,12939,1,0,1
12520,12939,12752,0,0,0
5019,9569,12940,0,0,1,31440
5020,12940,12941,0,0,1
5016,12941,12942,0,0,1
5014,5017,12943,0,0,1
5011,12943,12944,0,0,1
5009,5012,12945,0,0,1
5005,5007,12946,0,0,1
5003,12946,12947,0,0,1
12948,12947,12949,1,0,1
12950,12949,12951,1,0,1
12952,12951,12953,1,0,1
9585,12953,12954,0,0,1
9582,12954,12955,0,0,1
9579,12955,12956,0,0,1
9577,9580,12957,0,0,1
9574,12957,12958,0,0,1
9571,9575,12959,0,0,1
12942,9572,12960,0,0,1
12944,12960,12961,0,0,1
12956,12945,12962,0,0,1
12958,12962,12963,0,0,1
12959,12963,12961,0,0,0
11819,11822,12964,0,0,1,1833
12965,12605,12966,1,0,1
12967,12966,12968,1,0,1
12969,12968,12970,1,0,1
12971,12970,12972,1,0,1
12920,12972,12964,0,0,0
12139,12774,12973,0,1,1,904
12974,12973,12975,1,0,1
12976,12975,12977,1,0,1
12978,12977,12979,1,0,1
12980,12979,12981,1,0,1
12982,12981,12983,1,0,1
12984,12985,12986,1,1,1
12762,12987,12988,1,1,1
12761,12988,12989,1,0,1
12983,12764,12990,0,1,1
12986,12990,12989,0,0,0
12749,11244,12991,0,0,1,1832
12992,12750,12993,1,0,1
12994,12993,12995,1,0,1
12996,12997,12998,1,1,1
12499,12998,12999,1,0,1
13000,12999,13001,1,0,1
13002,13001,13003,1,0,1
13004,13003,13005,1,0,1
13006,13005,13007,1,0,1
13008,13007,13009,1,0,1
13010,13009,13011,1,0,1
13012,13011,13013,1,0,1
12697,13014,13015,1,1,1
12699,13015,13016,1,0,1
13017,13016,13018,1,0,1
13019,13018,13020,1,0,1
13021,13020,13022,1,0,1
10420,13022,13023,1,0,1
12991,13023,13024,0,0,1
12995,13024,13025,0,0,1
13026,13025,13027,1,0,1
13028,13027,13013,1,0,0
12732,12298,13029,0,0,1,9125
13030,13029,13031,1,0,1
13032,13033,13034,1,1,1
13035,13034,13036,1,0,1
13037,13036,13038,1,0,1
13039,13038,13040,1,0,1
12809,13040,13041,0,0,1
12300,12807,13042,0,0,1
13031,13042,13041,0,0,0
12527,12530,13043,0,0,1,10116
13044,13043,13045,1,0,1
13046,13045,13047,1,0,1
13048,13047,13049,1,0,1
12726,13049,12529,0,0,0
12925,11824,13050,0,0,1,553
13051,13050,13052,1,0,1
13053,13052,13054,1,0,1
13055,13054,13056,1,0,1
13057,13056,13058,1,0,1
13059,13058,13060,1,0,1
13061,13060,13062,1,0,1
12779,12025,13063,0,0,1,10120
13064,13063,13065,1,0,1
13066,13065,13067,1,0,1
13068,13069,13070,1,1,1
12135,13070,13067,0,0,0
12578,11536,13071,1,0,1,722
13072,13071,13073,1,0,1
13074,13073,13075,1,0,1
13076,13077,13078,1,1,1
12936,13078,13075,0,0,0
12631,12277,13079,0,0,1,12344
12629,13079,13080,0,0,1
13081,13080,13082,1,0,1
13083,13082,13084,1,0,1
12331,12911,13085,0,0,1,551
1221,13086,13087,0,1,1
13088,13087,13089,1,0,1
12917,13089,13090,0,0,1
12913,13090,13091,0,0,1
12914,13091,13085,0,0,0
12969,12971,13092,0,0,1,1832
12967,13092,13093,0,0,1
13094,13093,13095,1,0,1
13096,13095,12922,1,0,0
13068,12137,13097,0,0,1,1929
13098,13097,13099,1,0,1
13100,13099,13101,1,0,1
12974,13101,12140,0,0,0
1194,12329,13102,0,0,1,8871
1227,13102,13103,0,0,1
1225,1228,13104,0,0,1
1223,13104,13105,0,0,1
13086,13105,13103,0,0,0
13106,12178,13107,1,0,1,38864
13108,13107,13109,1,0,1
13110,13109,13111,1,0,1
13112,13111,13113,1,0,1
13114,13115,13116,1,1,1
13117,13116,13118,1,0,1
13119,13118,13120,1,0,1
13121,13120,13122,1,0,1
13123,13122,13124,1,0,1
13125,13126,13127,1,1,1
13128,13129,13130,1,1,1
13131,13130,13132,1,0,1
13133,13132,13134,1,0,1
13135,13136,13137,1,1,1
13138,13137,13139,1,0,1
13140,13139,13141,1,0,1
12828,12824,13142,1,1,1
12831,12827,13143,1,1,1
12341,13143,13144,0,0,1
13113,13144,13145,0,0,1
13124,13145,13146,0,0,1
13127,13146,13147,0,0,1
13134,13148,13149,0,1,1
13141,13149,13150,0,0,1
13147,13142,13151,0,0,1
13152,13151,13150,1,0,0
11986,12176,13153,0,0,1,37840
13154,13153,13155,1,0,1
13156,13155,13157,1,0,1
13108,13157,13106,0,0,0
13064,12780,13158,1,1,1,9096
13159,13158,13160,1,0,1
13161,13160,13162,1,0,1
13163,13162,13164,1,0,1
13165,13164,13166,1,0,1
13167,13166,13168,1,0,1
12907,13168,13169,1,0,1
12379,13169,12784,1,0,1
10418,13170,13171,1,1,1,648
10417,13171,13172,1,0,1
13021,13172,13173,0,0,1
13019,13173,13174,0,0,1
13175,13176,13177,1,1,1
13178,13177,13174,1,0,0
12811,12813,13179,0,0,1,9127
13039,13179,13180,0,0,1
13181,13180,13182,1,0,1
12318,13183,13184,0,1,1
12315,13184,13185,0,0,1
12817,13185,13186,0,0,1
12815,13186,13182,0,0,0
11983,11996,13187,0,0,1,978
13188,13189,13190,1,1,1
13110,13190,13191,0,0,1
13156,13191,13192,0,0,1
13154,13192,13187,0,0,0
13059,13061,13193,0,0,1,8745
13194,13057,13195,1,0,1
13196,13195,13197,1,0,1
13198,13197,13199,1,0,1
13200,13199,13201,1,0,1
13202,13201,13203,1,0,1
12878,13203,13204,1,0,1
13205,13204,13193,1,0,0
12976,13100,13206,1,1,1,10121
13207,13206,13208,1,0,1
13209,13210,13211,1,1,1
13212,13211,13213,1,0,1
13214,13213,13215,1,0,1
13216,13215,13217,1,0,1
13159,13217,13218,0,0,1
13066,13218,13219,1,0,1
13069,13219,13220,1,0,1
13098,13220,13208,1,0,0
13076,12938,13221,0,0,1,10196
13077,13221,13222,0,0,1
13223,13222,13224,1,0,1
13225,13224,13226,1,0,1
13044,13226,13227,0,0,1
12525,13227,12523,0,0,0
13228,13229,13230,1,1,1,1577
13231,13230,13232,1,0,1
13233,13232,13234,1,0,1
13235,13234,13236,1,0,1
13237,13236,13238,1,0,1
13239,13238,13240,1,0,1
13241,13240,13242,1,0,1
13243,13242,13244,1,0,1
12739,13244,12737,0,0,0
12601,12603,13245,0,0,1,1929
13246,13245,13247,1,0,1
13248,13247,13249,1,0,1
13094,13250,13251,0,1,1
12965,13251,13249,0,0,0
12730,13030,13252,0,0,1,932
12728,13252,13253,0,0,1
13048,13253,13254,0,0,1
13255,13254,13256,1,0,1
13257,13256,13258,1,0,1
13259,13258,13033,1,0,0
13202,12893,13260,0,1,1,1833
13261,13260,13262,1,0,1
13263,13262,13264,1,0,1
13265,13266,13267,1,1,1
13231,13267,13268,0,0,1
12870,13268,13269,1,0,1
12873,13269,13270,1,0,1
13264,12875,13271,0,1,1
13272,13271,13270,1,0,0
12916,12801,13273,0,0,1,8743
13088,13273,13274,0,0,1
1219,13274,13275,0,0,1
1217,13275,13276,0,0,1
13277,13276,13278,1,0,1
13279,13280,13281,1,1,1
13282,13281,13283,1,0,1
12559,13283,13284,1,0,1
12561,13284,13285,1,0,1
13286,13285,13278,1,0,0
13053,13051,13287,1,1,1,648
13288,13287,13289,1,0,1
13290,13289,13291,1,0,1
13292,13293,13294,1,1,1
13295,13294,13296,1,0,1
12924,13297,13298,1,1,1
13291,13298,13296,0,0,0
13299,13300,13301,1,1,1,1928
13250,13301,13302,1,0,1
13096,13302,13303,1,0,1
13297,13303,13304,0,0,1
13295,13304,13305,0,0,1
13292,13305,13306,0,0,1
13225,13046,13307,0,0,1,2004
13223,13307,13308,0,0,1
13074,13308,13309,0,0,1
13310,13309,13311,1,0,1
13312,13313,13314,1,1,1
13315,13314,13316,1,0,1
13317,13316,13318,1,0,1
13319,13318,13320,1,0,1
13255,13320,13311,0,0,0
13321,12223,13322,1,0,1,29072
13323,13322,13324,1,0,1
13325,13324,13326,1,0,1
13327,13326,13328,1,0,1
13329,13328,13330,1,0,1
13331,13332,13333,1,1,1
13334,13333,13335,1,0,1
13336,13335,13337,1,0,1
13338,13337,13339,1,0,1
13340,13339,13341,1,0,1
13342,13341,13343,1,0,1
13344,13345,13346,1,1,1
13347,13348,13349,1,1,1
13350,13349,13351,1,0,1
13352,13353,13354,1,1,1
13355,13354,13356,1,0,1
13357,13358,13359,1,1,1
13360,13359,13361,1,0,1
13362,13361,13363,1,0,1
13364,13365,13366,1,1,1
13367,13366,13368,1,0,1
13369,13370,13371,1,1,1
12240,6643,13372,0,0,1
12238,12241,13373,0,0,1
12235,13373,13374,0,0,1
12264,12236,13375,0,0,1
12233,13375,13376,0,0,1
12230,13376,13377,0,0,1
12262,12231,13378,0,0,1
12227,13378,13379,0,0,1
12228,13379,13380,0,0,1
13330,12225,13381,0,0,1
13343,13381,13382,0,0,1
13346,13382,13383,0,0,1
13351,13383,13384,0,0,1
13356,13384,13385,0,0,1
13368,13363,13386,0,0,1
13371,13386,13387,0,0,1
13372,13387,13388,0,0,1
13374,13388,13389,0,0,1
13377,13389,13390,0,0,1
13380,13390,13385,0,0,0
13198,13200,13391,0,0,1,553
13196,13391,13392,0,0,1
13393,13392,13394,1,0,1
13263,13395,13396,0,1,1
13261,13396,13394,0,0,0
13397,13398,13399,1,1,1,647
13400,13399,13401,1,0,1
13402,13401,13403,1,0,1
12905,13403,13404,1,0,1
13167,13404,13405,0,0,1
13165,13405,13406,0,0,1
13407,13163,13408,1,0,1
13409,13408,13410,1,0,1
13411,13410,13412,1,0,1
13413,13412,13406,1,0,0
13414,13415,13416,1,1,1,8744
13417,13416,13418,1,0,1
12934,13418,12899,0,0,1
12788,13419,13420,1,1,1,551
12078,13420,13421,0,0,1
12074,13421,13422,0,0,1
13423,12075,13424,1,0,1
13425,13424,13426,1,0,1
13427,13426,13428,1,0,1
13429,13428,13430,1,0,1
13431,13432,13433,1,1,1
13422,13433,13430,0,0,0
12996,12495,13434,0,1,1,1831
12997,13434,13435,0,0,1
13028,13435,13436,0,0,1
12994,13026,13437,0,0,1
12992,13437,13438,0,0,1
12747,13438,13436,0,0,0
12580,13072,13439,1,0,1,10195
12582,13439,13440,1,0,1
13441,13440,13442,1,0,1
13443,13442,13444,1,0,1
13445,13444,13446,1,0,1
13447,13446,13448,1,0,1
13313,13448,13310,0,0,0
13272,13395,13449,1,1,1,552
13266,13449,13450,1,0,1
13451,13450,13452,1,0,1
13453,13452,13454,1,0,1
13455,13454,13456,1,0,1
13457,13456,13458,1,0,1
13459,13458,13460,1,0,1
1411,13461,13462,0,1,1
13463,13462,13464,1,0,1
13465,13464,13466,1,0,1
13467,13466,13468,1,0,1
13469,13470,13471,1,1,1
13472,13471,13473,1,0,1
13474,13473,13475,1,0,1
13288,13472,13476,0,0,1
13055,13476,13477,1,0,1
13194,13477,13478,1,0,1
13393,13478,13479,1,0,1
13468,13480,13481,0,1,1
13475,13481,13482,0,0,1
13479,13474,13483,0,0,1
13460,13483,13482,0,0,0
13484,13485,13486,1,1,1,10120
13414,13486,13487,0,0,1
13415,13487,13488,0,0,1
12901,13488,13489,1,0,1
12903,13489,13490,1,0,1
13402,13490,13400,0,0,0
12069,12072,13491,0,0,1,8744
12439,13491,13492,0,0,1
13493,13492,13494,1,0,1
12427,13494,13495,0,0,1
13037,13181,13496,0,0,1,14245
13035,13496,13497,0,0,1
13498,13497,13499,1,0,1
13500,13499,13501,1,0,1
13502,13501,13503,1,0,1
13504,13503,13505,1,0,1
13506,13505,13507,1,0,1
12320,13507,13183,0,0,0
13259,13032,13508,0,0,1,10149
13509,13508,13510,1,0,1
13511,13510,13498,1,0,0
13512,13513,13514,1,1,1,2003
13515,13514,13516,1,0,1
13517,13516,13518,1,0,1
13519,13518,13520,1,0,1
13445,13520,13521,1,0,1
13447,13521,13312,1,0,1
13522,11034,13523,1,0,1,10196
13524,13523,13525,1,0,1
13526,13525,13527,1,0,1
13115,13528,13529,0,1,1
13188,13112,13530,0,0,1
13189,13530,13531,0,0,1
11981,13531,13532,0,0,1
11784,11979,13533,0,0,1
13527,13533,13534,0,0,1
13529,13534,13532,0,0,0
12769,13535,13536,0,1,1,10121
12599,13536,13537,1,0,1
13246,13537,13538,1,0,1
13248,13538,13539,1,0,1
13299,13539,13540,0,0,1
13541,13540,13542,1,0,1
13543,13544,13545,1,1,1,1928
13212,13546,13547,0,1,1
13207,13210,13548,0,0,1
12978,13548,13549,1,0,1
13547,13545,13550,0,0,1
13209,13550,13549,0,0,0
12701,12704,13551,0,0,1,551
13017,13551,13552,1,0,1
13176,13552,13553,1,0,1
13554,13553,13555,1,0,1
13319,13257,13556,0,0,1,10197
13557,13556,13558,1,0,1
13559,13560,13561,1,1,1
13562,13561,13563,1,0,1
13564,13563,13565,1,0,1
13566,13565,13567,1,0,1
13568,13567,13569,1,0,1
13570,13569,13571,1,0,1
13572,13571,13573,1,0,1
13509,13573,13558,0,0,0
13574,12326,13575,1,0,1,935
13576,13575,13577,1,0,1
13578,13577,13579,1,0,1
1199,13579,1196,0,0,0
13315,13317,13580,0,0,1,10196
13581,13513,13582,1,1,1
13583,13584,13585,1,1,1
13564,13585,13586,0,0,1
13562,13586,13587,0,0,1
13559,13587,13588,0,0,1
13557,13560,13589,0,0,1
13580,13589,13590,0,0,1
13582,13590,13588,0,0,0
13591,12984,13592,1,1,1,903
13593,13594,13595,1,1,1
13596,13595,13597,1,0,1
13598,13597,13599,1,0,1
13600,13599,13601,1,0,1
13602,13601,13603,1,0,1
12982,13603,13604,1,0,1
12985,13604,13592,1,0,0
13506,12322,13605,0,0,1,9126
13606,13605,13607,1,0,1
13608,13607,13609,1,0,1
13610,13611,13612,1,1,1
13574,13612,13613,0,0,1
12324,13613,13609,0,0,0
13441,12585,13614,1,0,1,2001
13615,13614,13616,1,0,1
13617,13618,13619,1,1,1
13620,13619,13621,1,0,1
13622,13621,13616,1,0,0
12741,12618,13623,0,0,1,10026
13243,13623,13624,0,0,1
13625,13241,13626,1,0,1
13627,13626,13628,1,0,1
13629,13628,13630,1,0,1
13631,13632,13633,1,1,1
13634,13633,13635,1,0,1
13636,13635,13637,1,0,1
13638,13637,13639,1,0,1
13640,13639,13641,1,0,1
12620,12623,13642,0,0,1
13624,13642,13643,0,0,1
13630,13643,13641,0,0,0
13644,13645,13646,1,1,1,9096
13647,13646,13648,1,0,1
13649,13648,13650,1,0,1
13593,13650,13651,0,0,1
13591,13594,13652,0,0,1
12772,12987,13653,0,1,1
12758,13653,13654,0,0,1
12755,12759,13655,0,0,1
13651,13655,13656,0,0,1
13652,13656,13654,0,0,0
13500,13502,13657,0,0,1,10150
13572,13511,13658,0,0,1
13659,13658,13660,1,0,1
13661,13660,13662,1,0,1
13663,13662,13664,1,0,1
13665,13666,13667,1,1,1
13668,13669,13670,1,1,1
13606,13670,13671,0,0,1
13504,13671,13672,0,0,1
13657,13672,13673,0,0,1
13664,13673,13667,0,0,0
13674,13675,13676,1,1,1,808
13431,13676,13677,0,0,1
13432,13677,13678,0,0,1
13429,13678,13679,0,0,1
13427,13679,13680,0,0,1
13681,13682,13683,1,1,1
13684,13683,13680,1,0,0
13615,13618,13685,0,0,1,2002
13443,13685,13686,1,0,1
13519,13686,13687,0,0,1
13688,13687,13689,1,0,1
13690,13689,13617,1,0,0
11054,11035,13691,0,0,1,34768
11030,11032,13692,0,0,1
11028,13692,13693,0,0,1
13694,13693,13695,1,0,1
13696,13695,13697,1,0,1
13698,13697,13699,1,0,1
13700,13699,13701,1,0,1
13702,13701,13703,1,0,1
13704,13703,13705,1,0,1
13706,13707,13708,1,1,1
13709,13708,13710,1,0,1
13711,13710,13712,1,0,1
13131,13712,13713,0,0,1
13128,13713,13714,0,0,1
13715,13714,13716,1,0,1
13119,13717,13718,0,1,1
13719,13718,13720,1,0,1
13524,13721,13722,0,1,1
13691,13522,13723,0,0,1
13705,13723,13724,0,0,1
13720,13716,13725,0,0,1
13722,13725,13724,0,0,0
13726,13411,13727,1,0,1,903
13398,13727,13413,0,0,0
1215,13277,13728,0,0,1,551
13729,13730,13731,1,1,1
13732,13733,13734,1,1,1
13279,13734,13735,0,0,1
13280,13735,13736,0,0,1
13728,13736,13731,0,0,0
9592,9595,13737,0,0,1,33488
9589,13737,13738,0,0,1
9587,9590,13739,0,0,1
13740,12952,13741,1,0,1
13742,13743,13744,1,1,1
13745,13746,13747,1,1,1
13748,13747,13749,1,0,1
13750,13749,13751,1,0,1
13752,13751,13753,1,0,1
13754,13753,13755,1,0,1
13698,13755,13756,0,0,1
13696,13756,13757,0,0,1
13694,13757,13758,0,0,1
11026,13758,13759,0,0,1
11024,13759,13760,0,0,1
11022,13760,13761,0,0,1
11020,13761,13762,0,0,1
11018,13762,13763,0,0,1
13738,13763,13764,0,0,1
13739,13764,13765,0,0,1
13741,9584,13766,0,0,1
13744,13767,13768,0,1,1
13765,13768,13766,0,0,0
12502,12498,13769,1,1,1,8744
12501,13769,13770,1,0,1
13771,13772,13773,1,1,1
13774,13773,13775,1,0,1
13004,13775,13776,0,0,1
13000,13002,13777,0,0,1
13770,13777,13778,0,0,1
13779,13778,13776,1,0,0
13780,13781,13782,1,1,1,8871
13783,13782,13784,1,0,1
13785,13784,13786,1,0,1
13265,13233,13787,0,0,1,9770
13451,13787,13788,1,0,1
13789,13788,13790,1,0,1
13791,13792,13793,1,1,1
13794,13793,13795,1,0,1
13796,13795,13797,1,0,1
13798,13797,13799,1,0,1
13237,13799,13800,0,0,1
13235,13800,13790,0,0,0
13495,12071,13801,0,0,1,807
12428,13801,13802,0,0,1
12425,13802,13803,0,0,1
13804,13805,13806,1,1,1
13807,13808,13809,1,1,1
1303,13809,13810,0,0,1
13811,13812,13813,1,1,1
13814,13813,13815,1,0,1
13816,13815,13817,1,0,1
13818,13817,13819,1,0,1
13820,13821,13822,1,1,1
13823,13822,13824,1,0,1
13825,13824,13826,1,0,1
13682,13826,13827,0,0,1
13425,13827,13828,0,0,1
13423,13828,13829,0,0,1
13803,13829,13830,0,0,1
13831,13830,13832,1,0,1
13806,13832,13833,0,0,1
13810,13833,13819,0,0,0
13834,13835,13836,1,1,1,9095
13837,13836,13838,1,0,1
13839,13838,13840,1,0,1
13841,13840,13842,1,0,1
13843,13842,13844,1,0,1
13845,13846,13847,1,1,1,550
13848,13849,13850,1,1,1
13851,13852,13853,1,1,1
13854,13853,13855,1,0,1
13856,13855,13857,1,0,1
13858,13857,13859,1,0,1
13732,13859,13860,1,0,1
13282,13860,13861,1,0,1
12557,13861,13862,0,0,1
12554,13862,13863,0,0,1
13864,13863,13865,1,0,1
13847,13865,13850,0,0,0
12980,13544,13866,1,0,1,1927
13600,13602,13867,0,0,1
13868,13867,13869,1,0,1
13870,13869,13866,1,0,0
13871,13872,13873,1,1,1,9097
13874,13873,13875,1,0,1
13876,13875,13877,1,0,1
13878,13877,13879,1,0,1
13880,13879,13881,1,0,1
13882,13883,13884,1,1,1
13885,13886,13887,1,1,1
13881,13887,13888,0,0,1
13889,13888,13884,1,0,0
12436,13493,13890,0,0,1,9000
12451,12437,13891,0,0,1
12434,13891,13892,0,0,1
12432,13892,13893,0,0,1
12430,13893,13890,0,0,0
13894,13578,13895,1,0,1,8871
1202,13895,13896,0,0,1
1232,13896,1198,0,0,0
13798,13239,13897,0,0,1,8746
13796,13897,13898,0,0,1
13899,13898,13900,1,0,1
13901,13900,13902,1,0,1
13903,13902,13625,1,0,0
13721,13526,13904,0,0,1,10195
13905,13904,13906,1,0,1
13907,13906,13908,1,0,1
13114,13908,13528,0,0,0
13681,13684,13909,0,0,1,9000
13825,13909,13910,0,0,1
13911,13910,13912,1,0,1
13913,13912,13914,1,0,1
13915,13914,13916,1,0,1
13917,13916,13918,1,0,1
13919,13920,13921,1,1,1,10151
13922,13923,13924,1,1,1
13611,13924,13925,1,0,1
13576,13610,13926,1,1,1
13894,13926,13927,1,0,1
1201,13927,13928,1,0,1
13929,13928,13930,1,0,1
13921,13930,13925,0,0,0
13081,13083,13931,0,0,1,9015
12627,13931,13932,0,0,1
13933,13932,13934,1,0,1
13935,13936,13937,1,1,1
13938,13939,13940,1,1,1
13934,13940,13937,0,0,0
13941,13942,13943,1,1,1,1927
13944,13943,13945,1,0,1
13946,13945,13947,1,0,1
13837,13947,13948,0,0,1
13640,12622,13949,0,0,1,8744
13950,13949,13951,1,0,1
13952,13951,13953,1,0,1
13954,13953,13955,1,0,1
13956,13955,13957,1,0,1
13933,13957,12625,0,0,0
13876,13958,13959,1,1,1,904
13960,13959,13961,1,0,1
13962,13961,13963,1,0,1
13964,13963,13965,1,0,1
13966,13965,13967,1,0,1
13968,13967,13969,1,0,1
13970,13969,13971,1,0,1
13008,13010,13972,0,0,1,10025
13973,13972,13974,1,0,1
13975,13903,13976,1,0,1,9001
13977,13978,13979,1,1,1
13980,13979,13981,1,0,1
13982,13983,13984,1,1,1
13985,13984,13986,1,0,1
13987,13986,13988,1,0,1
13989,13988,13990,1,0,1
13991,13990,13992,1,0,1
13631,13992,13993,0,0,1
13629,13632,13994,0,0,1
13627,13994,13995,0,0,1
13976,13995,13996,0,0,1
13981,13996,13993,0,0,0
13889,13880,13997,1,1,1,905
13883,13997,13998,1,0,1
13966,13999,14000,0,1,1
13962,13964,14001,0,0,1
13878,13960,14002,1,0,1
14000,13998,14003,0,0,1
14001,14003,14002,0,0,0
13974,13012,14004,0,0,1,1833
13006,13973,14005,0,0,1
13774,14005,14006,0,0,1
14007,14006,14008,1,0,1
14009,14008,14010,1,0,1
14011,14012,14013,1,1,1
14014,14013,14015,1,0,1
14016,14015,14017,1,0,1
14018,14017,14019,1,0,1
14020,14019,14021,1,0,1
14022,14021,14023,1,0,1
14024,14023,14025,1,0,1
14026,14025,14027,1,0,1
12694,14027,14028,1,0,1
13014,14028,14029,0,0,1
14004,14029,14010,0,0,0
14030,14031,14032,1,1,1,10196
14033,14032,14034,1,0,1
14035,14034,14036,1,0,1
14037,14036,14038,1,0,1
14039,14038,14040,1,0,1
14041,14040,14042,1,0,1
13729,13733,14043,0,0,1,8743
1213,13730,14044,0,0,1
1211,14044,14045,0,0,1
14046,14045,14047,1,0,1
14048,14047,14049,1,0,1
14050,14049,14051,1,0,1
14052,14051,14053,1,0,1
13856,14053,14054,1,0,1
13858,14054,14043,1,0,0
13570,14055,14056,1,1,1,42960
13659,14056,14057,1,0,1
14058,13661,14059,1,1,1
14060,14059,14061,1,0,1
14062,14063,14064,1,1,1
14065,14062,14066,1,0,1
14067,14065,14068,1,0,1
14057,14068,14069,0,0,1
14064,14061,14070,0,0,1
14066,14070,14069,0,0,0
13455,13453,14071,1,1,1,8745
14072,14073,14074,1,1,1
14075,14076,14077,1,1,1
14078,14077,14079,1,0,1
14080,14079,14081,1,0,1
14082,14081,14083,1,0,1
14084,14085,14086,1,1,1
13789,13792,14087,0,0,1
14071,14087,14088,0,0,1
14083,14089,14090,0,1,1
14088,14091,14092,0,1,1
14090,14074,14093,0,0,1
14086,14093,14092,0,0,0
14094,14095,14096,1,1,1,904
14097,14096,14098,1,0,1
14099,14098,14100,1,0,1
13665,13669,14101,0,0,1,10149
14102,14101,14103,1,0,1
13581,13512,14104,1,0,1,14291
13584,14104,14105,1,0,1
14106,13566,14107,1,1,1
14108,14107,14109,1,0,1
14105,14110,14111,0,1,1
13583,14111,14109,1,0,0
13922,13608,14112,0,1,1,18342
14113,14112,14114,1,0,1
14115,14114,14116,1,0,1
14117,14116,14118,1,0,1
14103,14118,13668,1,0,1
14119,14120,14121,1,1,1,18389
14060,14121,14122,0,0,1
14058,14122,14123,0,0,1
13666,13663,14124,1,1,1
14117,14102,14125,0,1,1
14126,14125,14127,1,0,1
14123,14127,14124,0,0,0
14100,14128,14129,0,1,1,9096
14130,14129,14131,1,0,1
14132,14131,14133,1,0,1
14134,14133,14135,1,0,1
14136,14135,13941,1,0,0
14137,14138,14139,1,1,1,18390
14140,14139,14141,1,0,1
14142,14141,14143,1,0,1
14144,14143,14145,1,0,1
14146,14147,14148,1,1,1
14149,14148,14150,1,0,1
14151,14150,14152,1,0,1
14153,14152,14154,1,0,1
14155,14154,14156,1,0,1
14157,14156,14158,1,0,1
14159,14158,14160,1,0,1
14161,14160,14162,1,0,1
14163,14162,14164,1,0,1
14145,14165,14166,0,1,1
14167,14166,14164,1,0,0
13719,13905,14168,0,0,1,10196
13117,14168,13907,0,0,0
13823,13911,14169,0,0,1,808
13820,14169,14170,0,0,1
13814,14171,14172,0,1,1
1301,13812,14173,0,0,1
1299,14173,14174,0,0,1
14175,14174,14176,1,0,1
14177,14178,14179,1,1,1
14180,14179,14181,1,0,1
14182,14183,14184,1,1,1
14185,14184,14186,1,0,1
14187,14188,14189,1,1,1
14190,14191,14192,1,1,1
14132,14192,14193,0,0,1
14130,14193,14194,0,0,1
14099,14194,14195,0,0,1
14196,14097,14197,1,0,1
13915,14197,14198,0,0,1
13913,14198,14199,0,0,1
14170,14199,14200,0,0,1
14172,14200,14201,0,0,1
14176,13811,14202,0,0,1
14181,14202,14203,0,0,1
14186,14203,14204,0,0,1
14195,14189,14205,0,0,1
14201,14205,14204,0,0,0
14206,13901,14207,1,0,1,808
14208,14207,14209,1,0,1
14210,14211,14212,1,1,1
14213,14212,14214,1,0,1
14215,14214,14216,1,0,1
14217,14218,14219,1,1,1
14220,14219,14221,1,0,1
14222,14221,14223,1,0,1
13978,14224,14225,0,1,1
13975,14225,14226,0,0,1
14209,14226,14227,0,0,1
14216,14227,14223,0,0,0
12665,12662,14228,1,1,1,808
14229,14228,14230,1,0,1
14231,14230,14232,1,0,1
14233,14232,12660,1,0,1
12416,12459,14234,0,0,1,1832
12417,14234,14235,0,0,1
12413,12457,14236,0,0,1
14237,12414,14238,1,0,1
12420,14239,14240,0,1,1
14235,14240,14241,0,0,1
14236,14241,14238,0,0,0
14026,12695,14242,0,1,1,1832
14024,14242,14243,0,0,1
14022,14243,14244,0,0,1
14245,14020,14246,1,0,1
12689,14246,14247,1,0,1
12692,14247,14248,1,0,1
12691,14248,14244,1,0,0
14084,14091,14249,0,0,1,8746
14085,14249,14250,0,0,1
14082,14250,14251,0,0,1
14252,14251,13791,1,0,0
13946,13839,14253,0,0,1,903
13944,14253,14254,0,0,1
14136,14254,14255,0,0,1
14256,14255,14257,1,0,1
14258,14257,14259,1,0,1
14260,14259,14261,1,0,1
14262,14261,14263,1,0,1
14264,14263,14265,1,0,1
14266,14265,14267,1,0,1
14268,14267,14269,1,0,1
14270,14269,13841,1,0,0
14271,1207,14272,1,1,1,8870
14273,14272,14274,1,0,1
14275,14276,14277,1,1,1
14278,14277,14279,1,0,1
13929,14278,14280,0,0,1
1204,14280,14281,1,0,1
14274,14281,14282,0,0,1
14283,14282,14279,1,0,0
13919,13923,14284,0,0,1,10150
14285,14284,14286,1,0,1
14287,14286,14113,1,0,0
14288,14289,14290,1,1,1,2003
14291,14290,14292,1,0,1
14293,14292,14030,1,0,0
14252,13794,14294,0,0,1,10025
14080,14294,14295,0,0,1
14296,14295,14297,1,0,1
14211,14297,14298,0,0,1
14208,14298,14299,0,0,1
14206,14299,13899,0,0,0
14039,14300,14301,0,1,1,8405
14037,14301,14302,0,0,1
14303,14304,14305,1,1,1
14306,14307,14308,1,1,1
14302,14308,14305,0,0,0
14306,14309,14310,0,1,1,8406
14311,14310,14312,1,0,1
14313,14314,14315,1,1,1
14316,14317,14318,1,1,1
14146,14318,14319,1,0,1
14149,14319,14320,1,0,1
14312,14320,14315,0,0,0
14321,14322,14323,1,1,1,722
14324,14325,14326,1,1,1
14327,14328,14329,1,1,1
14330,14329,14331,1,0,1
14332,14331,14333,1,0,1
14334,14333,14335,1,0,1
14336,14335,14337,1,0,1
14338,14339,14340,1,1,1
14323,14340,14341,0,0,1
14326,14341,14342,0,0,1
14343,14342,14337,1,0,0
12854,14344,14345,0,1,1,721
12851,14345,14346,0,0,1
12849,14346,14347,0,0,1
14348,14347,14349,1,0,1
14350,14349,14351,1,0,1
13634,13636,14352,0,0,1,10025
13991,14352,14353,0,0,1
13989,14353,14354,0,0,1
14355,14354,14356,1,0,1
14357,14356,14358,1,0,1
13950,14358,13638,0,0,0
14359,14360,14361,1,1,1,8841
14362,14361,14363,1,0,1
14364,14365,14366,1,1,1
14367,14366,14368,1,0,1
14369,14368,14370,1,0,1
14371,14370,14372,1,0,1
14373,14372,14363,1,0,0
14239,12419,14374,0,0,1,9000
14237,14374,14375,0,0,1
12411,14375,14376,0,0,1
12409,14376,14377,0,0,1
14378,14377,14379,1,0,1
14380,14379,14381,1,0,1
14382,14383,14384,1,1,1
14385,14384,14386,1,0,1
1235,14386,14387,0,0,1
1311,14387,14388,0,0,1
1309,14388,14389,0,0,1
14390,14389,14391,1,0,1
13831,14392,14393,0,1,1
12422,14393,14394,0,0,1
14381,12423,14395,0,0,1
14391,14396,14397,0,1,1
14398,14397,14399,1,0,1
14394,14399,14395,0,0,0
14400,13123,14401,1,0,1,38608
13129,14401,14402,0,0,1
13148,14402,14403,0,0,1
13125,13152,14404,0,0,1
13126,14404,14403,0,0,0
14224,13977,14405,0,0,1,9000
14222,14405,14406,0,0,1
14220,14406,14407,0,0,1
14217,14407,14408,0,0,1
14409,14218,14410,1,0,1
13983,14410,14411,0,0,1
13980,14411,14408,0,0,0
14412,14413,14414,1,1,1,904
14415,14414,14416,1,0,1
14417,14416,14418,1,0,1
14419,14418,14420,1,0,1
14421,14420,14422,1,0,1
14233,12658,14423,0,1,1,809
14424,14423,14425,1,0,1
12399,14425,14426,0,0,1
12454,14426,14427,0,0,1
12395,14427,14428,0,0,1
12396,14428,12444,0,0,0
13771,14007,14429,0,0,1,10025
14430,14429,14431,1,0,1
14432,14431,14433,1,0,1
14011,14433,14434,0,0,1
14012,14434,14009,0,0,0
13717,13121,14435,0,0,1,34512
13715,14435,14400,0,0,0
14190,14134,14436,0,0,1,9097
14437,14436,14438,1,0,1
14439,14438,14440,1,0,1
14441,14442,14443,1,1,1
14256,14443,14440,0,0,0
13459,13457,14444,1,1,1,553
13480,14444,14445,1,0,1
13461,14445,14446,1,0,1
14447,14448,14449,1,1,1
14450,14449,14451,1,0,1
14072,14451,14452,0,0,1
14073,14452,14446,0,0,0
14268,14453,14454,0,1,1,9095
14264,14266,14455,0,0,1
14456,14455,14457,1,0,1
14458,14457,14459,1,0,1
14460,14459,14461,1,0,1
14462,14461,14463,1,0,1
14464,14463,14465,1,0,1
14466,14465,14454,1,0,0
12406,14378,14467,0,0,1,9001
14468,14467,14469,1,0,1
14383,14469,14470,0,0,1
14396,14470,14380,0,0,0
12846,14471,14472,1,1,1,2001
14348,14472,14473,1,0,1
14474,14475,14476,1,1,1
14477,14476,14478,1,0,1
14327,14478,14479,0,0,1
14480,14479,14473,1,0,0
14481,14482,14483,1,1,1,649
14484,14483,14485,1,0,1
14486,14487,14488,1,1,1
14489,14488,14490,1,0,1
14485,14491,14492,0,1,1
14493,14492,14490,1,0,0
13970,14494,14495,0,1,1,1928
14496,14495,14497,1,0,1
14498,14497,14499,1,0,1
14500,14499,14501,1,0,1
14502,14503,14504,1,1,1
14505,14506,14507,1,1,1
14508,14507,14509,1,0,1
14510,14509,14511,1,0,1
14512,14511,14513,1,0,1
1407,14514,14515,1,1,1
14516,14515,14517,1,0,1
14518,14517,14519,1,0,1
14520,14519,14521,1,0,1
14417,14521,14522,0,0,1
14415,14522,14523,0,0,1
14524,14412,14525,1,0,1
14501,14525,14526,0,0,1
14504,14526,14527,0,0,1
14513,14527,14523,0,0,0
13779,13772,14528,0,0,1,10024
14529,12505,14530,1,1,1
14531,14532,14533,1,1,1
14534,14533,14535,1,0,1
14536,14535,14537,1,0,1
14538,14539,14540,1,1,1
14430,14540,14541,0,0,1
14528,14541,14542,0,0,1
14530,14542,14543,0,0,1
14544,14543,14537,1,0,0
14545,14546,14547,1,1,1,14293
14548,14547,14549,1,0,1
14550,14549,14551,1,0,1
14552,14553,14554,1,1,1
14555,14554,14556,1,0,1
14557,14556,14551,1,0,0
14558,14559,14560,1,1,1,823
14561,14560,14562,1,0,1
14563,14564,14565,1,1,1
14566,14565,14567,1,0,1
14568,14567,14569,1,0,1
14570,14569,14571,1,0,1
14572,14571,14573,1,0,1
14574,14573,14575,1,0,1
13954,14575,14576,1,0,1
13956,14576,14577,1,0,1
13936,14577,14578,1,0,1
13935,14578,14579,1,0,1
13939,14579,14562,1,0,0
14078,14296,14580,0,0,1,552
14581,14582,14583,1,1,1
14215,14583,14584,0,0,1
14213,14584,14585,0,0,1
14580,14210,14586,0,0,1
14587,14586,14585,1,0,0
14441,14258,14588,0,0,1,9096
14589,14588,14590,1,0,1
14591,14590,14592,1,0,1
14593,14592,14260,1,0,0
14271,1206,14594,1,0,1,8871
14273,14594,14595,1,0,1
14596,14595,14597,1,0,1
14598,14597,14599,1,0,1
14600,14599,14601,1,0,1
14046,14601,1209,0,0,0
14357,13952,14602,0,0,1,808
14603,14602,14604,1,0,1
14605,14606,14607,1,1,1
14608,14607,14609,1,0,1
14610,14609,14611,1,0,1
14572,14611,14612,1,0,1
14574,14612,14604,1,0,0
14231,14424,14613,0,0,1,1832
12664,14229,14614,1,0,1
14615,14614,14616,1,0,1
12672,14616,14617,1,0,1
14618,14617,14619,1,0,1
1239,14619,14620,0,0,1
12401,14620,14621,0,0,1
12398,14621,14613,0,0,0
14622,14623,14624,1,1,1,551
14625,14624,14626,1,0,1
14627,14628,14629,1,1,1
1564,14629,14630,1,0,1
1469,14630,14631,1,0,1
1361,14631,14632,1,0,1
1363,14632,14633,1,0,1
14634,14633,14635,1,0,1
14636,14635,14637,1,0,1
14050,14637,14638,1,0,1
14052,14638,14639,1,0,1
13854,14639,14640,0,0,1
14641,14642,14643,1,1,1
14644,14643,14645,1,0,1
14646,14645,14647,1,0,1
14648,14647,14649,1,0,1
14626,14649,14650,0,0,1
14651,14650,14640,1,0,0
14303,14307,14652,0,0,1,16599
14653,14652,14654,1,0,1
14655,14654,14656,1,0,1
14657,14656,14658,1,0,1
14659,14658,14660,1,0,1
14661,14660,14662,1,0,1
14663,14662,14311,1,0,0
14398,14392,14664,0,0,1,808
14390,14664,14665,0,0,1
1305,1307,14666,0,0,1
13807,14666,14667,0,0,1
13808,14667,14668,0,0,1
13804,14668,14669,0,0,1
13805,14669,14665,0,0,0
14293,14033,14670,0,0,1,12499
14291,14670,14671,0,0,1
14672,14671,14673,1,0,1
14674,14673,14675,1,0,1
14676,14675,14677,1,0,1
14678,14679,14680,1,1,1,2003
14681,14680,14682,1,0,1
14683,14682,14684,1,0,1
14685,14684,14686,1,0,1
13987,14355,14687,0,0,1,1832
14688,13985,14689,1,0,1
14690,14689,14691,1,0,1
14605,14691,14692,0,0,1
14603,14606,14693,0,0,1
14687,14693,14692,0,0,0
14694,14695,14696,1,1,1,8872
14697,14696,14698,1,0,1
14699,14698,14700,1,0,1
14701,14700,14702,1,0,1
14703,14702,14704,1,0,1
14705,14704,14706,1,0,1
14707,14706,14708,1,0,1
14709,14708,14710,1,0,1
14634,1338,14711,1,0,1
14712,14711,14713,1,0,1
14714,14715,14716,1,1,1
14596,14716,14717,0,0,1
14710,14717,14713,0,0,0
14147,14167,14718,1,1,1,10199
14316,14718,14719,0,0,1
14720,14719,14721,1,0,1
14722,14721,14144,1,0,1
14598,14600,14723,0,0,1,679
14714,14723,14724,0,0,1
14715,14724,14725,0,0,1
14712,14725,14726,0,0,1
14636,14726,14048,1,0,0
14035,14304,14727,0,0,1,16598
14677,14727,14728,0,0,1
14729,14728,14730,1,0,1
14731,14730,14732,1,0,1
14733,14732,14734,1,0,1
14735,14736,14737,1,1,1
14653,14738,14739,0,1,1
14734,14739,14737,0,0,0
14681,14740,14741,1,1,1,10196
14742,14741,14743,1,0,1
14744,14743,14674,1,0,0
14745,14191,14746,1,0,1,40
14747,14746,14748,1,0,1
14749,14748,14750,1,0,1
14751,14752,14753,1,1,1
14439,14753,14754,0,0,1
14437,14754,14750,0,0,0
14755,14188,14756,1,0,1,8234
14757,14758,14759,1,1,1
14760,14759,14761,1,0,1
14762,14761,14763,1,0,1
14764,14763,14765,1,0,1
14766,14765,14767,1,0,1
14768,14767,14769,1,0,1
14770,14769,14771,1,0,1
14772,14771,14773,1,0,1
14774,14773,14775,1,0,1
14776,14775,14777,1,0,1
14778,14777,14779,1,0,1
14187,14745,14780,0,0,1
14756,14780,14781,0,0,1
14779,14782,14783,0,1,1
14747,14783,14781,0,0,0
14784,14785,14786,1,1,1,10120
14787,14786,14788,1,0,1
14789,14788,14790,1,0,1
14791,14790,14792,1,0,1
14793,14792,14794,1,0,1
14795,14796,14797,1,1,1
14798,14799,14800,1,1,1
14801,14802,14803,1,1,1
14804,14803,14805,1,0,1
14548,14805,14806,0,0,1
14807,14806,14808,1,0,1
14794,14808,14809,0,0,1
14797,14809,14800,0,0,0
14751,14442,14810,0,0,1,8232
14752,14810,14811,0,0,1
14812,14811,14813,1,0,1
14814,14813,14815,1,0,1
14816,14815,14589,1,0,0
14817,14185,14818,1,0,1,41
14758,14818,14819,0,0,1
14782,14819,14755,0,0,0
13818,13821,14820,0,0,1,9000
13816,14820,14171,0,0,0
14313,14317,14821,0,0,1,14295
14663,14314,14822,0,0,1
14823,14822,14824,1,0,1
14825,14824,14826,1,0,1
14720,14826,14821,0,0,0
14827,14828,14829,1,1,1,2001
14830,14829,14831,1,0,1
14832,14831,14833,1,0,1
13709,14833,14834,1,0,1
13711,14834,14835,1,0,1
13136,13133,14836,1,1,1
13140,14837,14838,1,1,1
12825,14838,14839,0,0,1
12822,14839,14840,0,0,1
12819,14840,14841,0,0,1
14842,12820,14843,1,0,1
14844,14843,14845,1,0,1
14846,14845,14847,1,0,1
14836,14835,14848,0,0,1
14849,14848,14850,1,0,1
14841,14850,14847,0,0,0
12407,14468,14851,0,0,1,8744
12404,14851,14852,0,0,1
14385,1234,14853,0,0,1
14382,14853,14852,0,0,0
14538,14432,14854,0,0,1,8744
14855,14854,14856,1,0,1
14857,14856,14858,1,0,1
1259,14858,14859,0,0,1
14860,14859,14861,1,0,1
14016,14861,14014,0,0,0
14536,14539,14862,0,0,1,10025
14534,14862,14863,0,0,1
14864,14863,14855,1,0,0
14860,14018,14865,0,0,1,553
1257,14865,14866,0,0,1
1255,14866,14867,0,0,1
1249,1253,14868,0,0,1
1250,14868,14869,0,0,1
1247,14869,14870,0,0,1
1315,1245,14871,0,0,1
14618,1242,14872,0,0,1
12675,14872,14873,1,0,1
12677,14873,14874,1,0,1
12682,12679,14875,1,1,1
14245,12687,14876,0,1,1
14867,14876,14877,0,0,1
1252,14877,14878,0,0,1
14874,14871,14879,0,0,1
12680,14879,14880,1,0,1
14878,12684,14881,0,1,1
14870,14881,14882,0,0,1
14880,1244,14883,0,0,1
14875,14883,14884,0,0,1
12685,14884,14882,1,0,0
14784,14885,14886,1,1,1,8840
14887,14886,14888,1,0,1
1346,14888,14889,0,0,1
14890,14889,14891,1,0,1
14892,14891,14699,1,0,0
14075,14587,14893,0,0,1,551
14894,14895,14896,1,1,1
14897,14896,14893,1,0,0
12670,12667,14898,1,1,1,808
12712,12669,14899,1,1,1
12673,14899,14900,1,0,1
14615,14900,14898,0,0,0
14901,14731,14902,1,1,1,16597
14903,14902,14904,1,0,1
14905,14906,14907,1,1,1
14908,14905,14909,1,0,1
14744,14909,14910,1,0,1
14676,14910,14911,1,0,1
14729,14911,14912,1,0,1
14904,14912,14907,0,0,0
14816,14591,14913,0,0,1,9000
14914,14913,14915,1,0,1
14916,14917,14918,1,1,1
14919,14918,14920,1,0,1
14921,14920,14922,1,0,1
14923,14922,14924,1,0,1
14925,14924,14926,1,0,1
14456,14926,14927,0,0,1
14262,14927,14928,0,0,1
14593,14928,14915,0,0,0
14892,14701,14929,0,0,1,647
14930,14929,14931,1,0,1
14932,14931,14933,1,0,1
14934,14933,14703,1,0,0
14935,14936,14937,1,1,1,10200
14938,14939,14940,1,1,1
14941,14940,14942,1,0,1
14943,14942,14944,1,0,1
14945,14944,14946,1,0,1
14661,14659,14947,1,1,1
14823,14947,14948,1,0,1
14722,14825,14949,1,1,1
14142,14949,14950,0,0,1
14951,14140,14952,1,0,1
14937,14952,14953,0,0,1
14946,14953,14954,0,0,1
14948,14955,14956,0,1,1
14950,14956,14954,0,0,0
14655,14657,14957,0,0,1,18390
14738,14957,14958,0,0,1
14735,14958,14959,0,0,1
14736,14959,14960,0,0,1
14961,14960,14962,1,0,1
14963,14962,14964,1,0,1
14945,14965,14966,1,1,1
14955,14966,14964,1,0,0
14581,14409,14967,0,0,1,8744
14968,14967,14969,1,0,1
14970,14969,14971,1,0,1
14972,14971,14973,1,0,1
14974,14973,14975,1,0,1
14688,14975,13982,0,0,0
14498,14500,14976,0,0,1,10120
14977,14976,14978,1,0,1
14979,14978,14980,1,0,1
14981,14980,14982,1,0,1
14983,14982,14984,1,0,1
14985,14984,14986,1,0,1
14987,14986,14988,1,0,1
14989,14988,14503,1,0,0
14934,14705,14990,0,0,1,8839
14932,14990,14991,0,0,1
14992,14991,14993,1,0,1
14709,1337,14994,0,0,1
14707,14994,14993,0,0,0
14995,14996,14997,1,1,1,1929
14998,14997,14999,1,0,1
15000,14999,15001,1,0,1
15002,15003,15004,1,1,1
14981,15004,15005,0,0,1
14979,15005,15001,0,0,0
14089,14076,15006,0,0,1,552
14447,14450,15007,0,0,1
15008,15007,15009,1,0,1
1417,15009,15010,1,0,1
15011,15010,15012,1,0,1
15013,15014,15015,1,1,1
14895,15015,15016,0,0,1
15006,15016,15012,0,0,0
15017,14814,15018,1,0,1,9001
14917,15018,14914,0,0,0
15019,14623,15020,1,0,1,8744
15021,15020,15022,1,0,1
12507,15021,15023,0,0,1
12504,15023,15024,0,0,1
14529,15024,15025,1,0,1
14544,15025,15026,1,0,1
15027,15028,15029,1,1,1
15030,15029,15031,1,0,1
15032,15031,15033,1,0,1
15034,15033,15035,1,0,1
14651,15036,15037,0,1,1
14625,15037,15038,0,0,1
14622,15038,15039,0,0,1
15022,15039,15040,0,0,1
15026,15040,15035,0,0,0
15041,15042,15043,1,1,1,12499
14683,15044,15045,0,1,1
14742,15045,15046,1,0,1
14908,15046,15043,0,0,0
14974,14690,15047,0,0,1,1831
15048,15047,15049,1,0,1
15050,15049,14608,1,0,0
14968,14582,15051,1,1,1,567
15052,15051,15053,1,0,1
15054,15053,15055,1,0,1
15056,15055,15057,1,0,1
15058,15057,15059,1,0,1
1435,15060,15061,0,1,1
15062,15061,15063,1,0,1
15064,15065,15066,1,1,1
1426,15066,15067,0,0,1
15068,15067,15069,1,0,1
15070,15069,15071,1,0,1
15072,15071,15073,1,0,1
14894,15073,15074,1,0,1
15059,14897,15075,0,1,1
15063,15056,15076,0,0,1
15077,15076,15078,1,0,1
15075,15074,15079,0,0,1
15058,15079,15078,0,0,0
14531,14864,15080,0,0,1,1833
15081,15080,15082,1,0,1
15083,15082,15084,1,0,1
1261,15084,14857,0,0,0
15002,14983,15085,0,0,1,1928
15086,15003,15087,1,0,1
15088,15087,15089,1,0,1
15090,15089,15091,1,0,1
15092,15091,15093,1,0,1
14985,15093,15085,0,0,0
15094,15095,15096,1,1,1,8403
15097,15098,15099,1,1,1
15100,15099,15101,1,0,1
15102,15101,15103,1,0,1
15104,15103,15096,1,0,0
14827,15105,15106,1,1,1,210
15107,15106,15108,1,0,1
15109,15108,15110,1,0,1
15111,15110,15112,1,0,1
15113,15112,15094,1,0,0
13754,13700,15114,0,0,1,32976
13752,15114,15115,0,0,1
13750,15115,15116,0,0,1
15117,15116,15118,1,0,1
15119,15118,15120,1,0,1
15121,15120,15122,1,0,1
13706,15123,15124,0,1,1
13707,15124,15125,0,0,1
13704,15125,15126,0,0,1
13702,15126,15122,0,0,0
14970,15052,15127,1,0,1,8760
15128,15127,15129,1,0,1
15130,15129,15054,1,0,0
14628,15036,15131,1,1,1,552
15132,15131,15133,1,0,1
15030,15134,15135,1,1,1
15136,15135,15137,1,0,1
15138,15137,15133,1,0,0
15139,15140,15141,1,1,1,904
15142,15141,15143,1,0,1
15144,15143,15145,1,0,1
1345,15145,14887,0,0,0
14796,14793,15146,1,1,1,1928
15147,15146,15148,1,0,1
15149,15148,15150,1,0,1
15151,15150,14791,1,0,1
1419,15011,15152,1,0,1,1848
1424,1421,15153,1,1,1
15068,1423,15154,1,1,1
15014,15155,15156,0,1,1
15152,15156,15157,0,0,1
15153,15157,15154,0,0,0
14989,14502,15158,0,0,1,136
14987,15158,15159,0,0,1
15092,15159,15160,0,0,1
15161,15160,15162,1,0,1
15163,15162,15164,1,0,1
15165,15164,15166,1,0,1
15167,15166,15168,1,0,1
15169,15168,15170,1,0,1
15171,15170,15172,1,0,1
15173,15172,15174,1,0,1
15175,15176,15177,1,1,1
15178,15177,15179,1,0,1
14506,15179,15174,0,0,0
14930,14992,15180,0,0,1,903
14890,15180,15181,0,0,1
1342,1366,15182,0,0,1
1343,15182,15183,0,0,1
1340,15183,15181,0,0,0
15100,15184,15185,0,1,1,16597
15097,15185,15186,0,0,1
15187,15186,15188,1,0,1
15189,15190,15191,1,1,1
15192,15191,15193,1,0,1
15194,15193,15195,1,0,1
15196,15195,15197,1,0,1
15198,15197,15199,1,0,1
15200,15199,15201,1,0,1
15202,15201,15203,1,0,1
15204,15203,15205,1,0,1
15206,15207,15208,1,1,1
15209,15208,15210,1,0,1
15211,15210,15212,1,0,1
15213,15212,15214,1,0,1
15188,15214,15205,0,0,0
15215,15216,15217,1,1,1,1847
15128,15218,15219,0,1,1
14972,15219,15220,1,0,1
15048,15220,15221,1,0,1
14566,15221,15217,0,0,0
15151,15222,15223,0,1,1,1929
15224,15225,15226,1,1,1
15227,15226,15228,1,0,1
15229,15228,15230,1,0,1
15139,15230,15223,0,0,0
15231,14795,15232,1,1,1,10121
15233,15232,15234,1,0,1
15225,15234,15235,0,0,1
15149,15235,15147,0,0,0
14182,14817,15236,0,0,1,9001
14183,15236,15237,0,0,1
15238,14180,15239,1,0,1
14760,15239,15240,0,0,1
14757,15240,15237,0,0,0
15241,15242,15243,1,1,1,16598
14903,15243,15244,0,0,1
15245,15244,15246,1,0,1
15247,15246,15248,1,0,1
14561,14564,15249,0,0,1,8247
15250,14558,15251,1,0,1
15252,15251,15249,1,0,0
14965,14943,15253,0,1,1,2009
14963,15253,15254,0,0,1
15255,15254,15256,1,0,1
15257,15258,15259,1,1,1
15260,15259,15261,1,0,1
15262,15261,15263,1,0,1
15264,15263,15265,1,0,1
15266,15267,15268,1,1,1
14941,15269,15270,1,1,1
15256,15270,15271,0,0,1
15268,15272,15273,0,1,1
15274,15273,15275,1,0,1
15271,15276,15277,0,1,1
15265,15277,15275,0,0,0
15245,14901,15278,1,1,1,12504
15279,15278,15280,1,0,1
15281,15280,15282,1,0,1
15255,15282,15283,0,0,1
14961,15283,14733,0,0,0
14923,15284,15285,0,1,1,8234
15286,15285,15287,1,0,1
15288,15287,15289,1,0,1
15290,15289,15291,1,0,1
15292,15293,15294,1,1,1
15295,15294,15296,1,0,1
15297,15296,15298,1,0,1
15299,15298,15300,1,0,1
15301,15302,15303,1,1,1
15291,15303,15300,0,0,0
15304,14919,15305,1,0,1,807
15306,15305,15307,1,0,1
15308,15307,15309,1,0,1
15286,15309,14921,0,0,0
14812,15017,15310,0,0,1,8233
14749,15310,15311,0,0,1
14778,15311,15312,0,0,1
14776,15312,15313,0,0,1
15314,15313,15315,1,0,1
15316,15315,15317,1,0,1
15318,15317,15319,1,0,1
15304,15319,14916,0,0,0
15028,14532,15320,1,0,1,552
15321,15320,15322,1,0,1
15323,15322,15324,1,0,1
15325,15324,15081,1,0,0
15326,15327,15328,1,1,1,1847
15064,15328,15329,1,0,1
1428,15329,15330,1,0,1
1430,15330,15331,1,0,1
1432,15331,15062,1,0,1
15301,15332,15333,0,1,1,8233
15299,15302,15334,0,0,1
15335,15334,15336,1,0,1
15337,15336,15338,1,0,1
15339,15338,15340,1,0,1
15341,15340,15342,1,0,1
14998,15342,15333,0,0,0
15343,15344,15345,1,1,1,1832
15346,15347,15348,1,1,1
15349,15348,15350,1,0,1
15345,15351,15352,0,1,1
15353,15352,15350,1,0,0
15083,1329,15354,0,0,1,553
15325,15354,15355,0,0,1
1263,15356,15357,0,1,1
1325,1264,15358,0,0,1
15355,15358,15357,0,0,0
12950,13740,15359,0,0,1,35536
12948,15359,15360,0,0,1
5001,15360,15361,0,0,1
15362,15361,15363,1,0,1
15364,15363,15365,1,0,1
15366,15365,15367,1,0,1
15368,15367,15369,1,0,1
15370,15371,15372,1,1,1
15373,15372,15374,1,0,1
15375,15374,15376,1,0,1
15377,15378,15379,1,1,1
15380,15381,15382,1,1,1
15383,15382,15384,1,0,1
13746,15384,15385,0,0,1
13742,15385,15386,0,0,1
13767,13743,15387,0,0,1
15369,15387,15388,0,0,1
15376,15388,15389,0,0,1
15379,15389,15390,0,0,1
15391,15390,15386,1,0,0
15392,15393,15394,1,1,1,8249
15395,15394,15396,1,0,1
15397,15398,15399,1,1,1
15400,15399,15401,1,0,1
15402,15401,15403,1,0,1
15404,15403,15405,1,0,1
15406,15405,15407,1,0,1
15408,15407,15409,1,0,1
15410,15409,15411,1,0,1
15412,15411,15396,1,0,0
15413,15233,15414,1,0,1,1928
15415,15414,15416,1,0,1
15417,15416,15418,1,0,1
15419,15418,15420,1,0,1
15421,15422,15423,1,1,1
15424,15423,15425,1,0,1
15426,15427,15428,1,1,1
15429,15428,15430,1,0,1
15431,15430,15432,1,0,1
15433,15432,15434,1,0,1
15435,15436,15437,1,1,1
15229,15142,15438,0,0,1
15227,15438,15439,0,0,1
15434,15440,15441,0,1,1
15442,15441,15443,1,0,1
15439,15437,15444,0,0,1
15224,15444,15445,0,0,1
15443,15425,15446,0,0,1
15445,15447,15448,0,1,1
15420,15448,15446,0,0,0
15449,15450,15451,1,1,1,8839
15452,15451,15453,1,0,1
15454,15453,15455,1,0,1
15456,15113,15457,1,0,1,12499
15190,15457,15458,0,0,1
15187,15458,15098,0,0,0
15090,15161,15459,0,0,1,8330
15460,15459,15461,1,0,1
15462,15461,15463,1,0,1
15464,15465,15466,1,1,1
15467,15466,15468,1,0,1
15469,15468,15470,1,0,1
15169,15470,15471,0,0,1
15167,15471,15472,0,0,1
15165,15472,15473,0,0,1
15163,15473,15463,0,0,0
15134,15027,15474,0,1,1,648
15475,15474,15476,1,0,1
1560,15477,15478,0,1,1
1557,15478,15479,0,0,1
1608,15479,15480,1,0,1
1610,15480,15481,1,0,1
1612,15481,15482,1,0,1
15483,15482,15484,1,0,1
15321,15484,15476,0,0,0
14627,15132,15485,1,0,1,647
1562,15485,15486,0,0,1
1559,15486,15487,0,0,1
15477,15487,15475,0,0,0
15144,1348,15488,0,0,1,8840
15489,15435,15490,1,0,1
15491,15490,15492,1,0,1
15493,15492,15488,1,0,0
15494,15281,15495,1,0,1,10200
15496,15495,15497,1,0,1
15498,15497,15499,1,0,1
15500,15499,15501,1,0,1
15502,15501,15503,1,0,1
15504,15503,15258,1,0,0
15341,15000,15505,0,0,1,12328
15339,15505,15506,0,0,1
15507,15337,15508,1,0,1
15509,15508,15510,1,0,1
15511,15464,15512,1,0,1
15513,15514,15515,1,1,1
15506,15086,15516,0,0,1
15510,15516,15517,0,0,1
15512,15517,15515,0,0,0
15518,15519,15520,1,1,1,2008
15521,15522,15523,1,1,1
15524,15525,15526,1,1,1
15527,15528,15529,1,1,1
15530,15529,15531,1,0,1
15504,15531,15532,1,0,1
15257,15532,15533,1,0,1
15260,15533,15534,1,0,1
15262,15534,15535,1,0,1
15264,15535,15536,1,0,1
15267,15272,15537,1,1,1
15274,15266,15538,1,1,1
15276,15538,15539,1,0,1
15269,15539,15540,1,0,1
15541,14938,15542,1,0,1
15543,15541,15544,1,0,1
15415,15544,15545,1,0,1
15417,15545,15546,1,0,1
15419,15546,15547,1,0,1
1647,15548,15549,0,1,1
15550,1648,15551,1,0,1
15552,15551,15553,1,0,1
15554,15553,15555,1,0,1
15556,15555,15557,1,0,1
15558,15557,15559,1,0,1
15520,15558,15560,0,0,1
15561,15560,15562,1,0,1
15536,15526,15563,0,0,1
15542,15540,15564,0,0,1
15547,15564,15565,0,0,1
15566,15565,15567,1,0,1
15559,15549,15568,0,0,1
15562,15568,15569,0,0,1
15523,15569,15570,0,0,1
15563,15571,15572,0,1,1
15537,15572,15573,0,0,1
15567,15573,15570,0,0,0
15513,15088,15574,0,0,1,10121
15514,15574,15575,0,0,1
15511,15575,15576,0,0,1
15462,15465,15577,0,0,1
15460,15577,15576,0,0,0
15578,15579,15580,1,1,1,16597
15581,15580,15582,1,0,1
15204,15207,15583,0,0,1,16599
15202,15583,15584,0,0,1
15200,15584,15585,0,0,1
15586,15585,15587,1,0,1
15588,15316,15589,1,0,1,9000
15293,15589,15590,0,0,1
15290,15590,15591,0,0,1
15288,15591,15592,0,0,1
15308,15592,15593,0,0,1
15306,15593,15318,0,0,0
15483,15323,15594,0,0,1,8840
1614,15594,15595,1,0,1
1266,15595,15356,0,0,0
15596,15578,15597,1,0,1,16598
15598,15596,15599,1,0,1
15600,15599,15601,1,0,1
15602,15601,15603,1,0,1
15604,15603,15605,1,0,1
15196,15605,15606,1,0,1
15198,15606,15607,1,0,1
15608,15607,15609,1,0,1
15581,15609,15597,0,0,0
1350,1352,15610,0,0,1,8839
15491,15493,15611,0,0,1
15612,15611,15613,1,0,1
15614,15613,15615,1,0,1
15616,15617,15618,1,1,1
15619,15620,15621,1,1,1
15622,15623,15624,1,1,1
1355,15624,15625,0,0,1
1368,15625,15626,0,0,1
15610,15626,15627,0,0,1
15618,15615,15628,0,0,1
15629,15628,15630,1,0,1
15621,15630,15627,0,0,0
14510,14512,15631,0,0,1,136
15632,15631,15633,1,0,1
15634,15633,15635,1,0,1
15636,15635,15637,1,0,1
1404,15638,15639,1,1,1
14514,15639,15637,0,0,0
14177,15238,15640,0,0,1,8233
15641,15642,15643,1,1,1
15644,15645,15646,1,1,1
15647,15646,15648,1,0,1
15649,15648,15650,1,0,1
15651,15650,15652,1,0,1
14764,15652,15653,0,0,1
14762,15653,15654,0,0,1
15640,15654,15643,0,0,0
1296,14175,15655,0,0,1,40
1321,1297,15656,0,0,1
1294,15656,15657,0,0,1
15658,15657,15659,1,0,1
15660,15659,15661,1,0,1
15662,15661,15663,1,0,1
15664,15663,15665,1,0,1
15666,15665,15667,1,0,1
15645,15667,15668,0,0,1
15641,15668,15669,0,0,1
15642,15669,15670,0,0,1
14178,15670,15655,0,0,0
15671,15672,15673,1,1,1,8745
15674,15673,15675,1,0,1
15676,15675,15677,1,0,1
15678,15677,15679,1,0,1
15680,15679,15681,1,0,1
15682,15681,15683,1,0,1
15111,15456,15684,0,0,1,16598
15685,15684,15686,1,0,1
15687,15686,15688,1,0,1
15689,15688,15690,1,0,1
15691,15692,15693,1,1,1
15192,15694,15695,0,1,1
15690,15189,15696,0,0,1
15693,15696,15695,0,0,0
15697,15698,15699,1,1,1,9095
15700,15699,15701,1,0,1
15616,15629,15702,0,0,1,647
15617,15702,15703,0,0,1
15704,15614,15705,1,0,1
15706,15705,15707,1,0,1
15708,15707,15709,1,0,1
15710,15709,15711,1,0,1
15712,15711,15713,1,0,1
15714,15713,15715,1,0,1
15716,15715,15717,1,0,1
1490,15718,15719,0,1,1
15720,1487,15721,1,0,1
15722,15721,15723,1,0,1
15724,15723,15725,1,0,1
15726,15725,15727,1,0,1
15619,15623,15728,0,0,1
15717,15703,15729,0,0,1
15719,15729,15730,0,0,1
15728,15727,15731,0,0,1
15620,15731,15730,0,0,0
15732,15671,15733,1,0,1,8744
15734,15733,15735,1,0,1
15736,15735,15737,1,0,1
15738,15737,15739,1,0,1
15740,15739,15741,1,0,1
15680,15742,15743,0,1,1
15678,15743,15744,0,0,1
15674,15676,15745,0,0,1
15741,15745,15744,0,0,0
15447,15436,15746,0,0,1,10121
15747,15746,15748,1,0,1
15749,15748,15750,1,0,1
15751,15752,15753,1,1,1
15704,15754,15755,0,1,1
15612,15755,15756,0,0,1
15489,15756,15757,0,0,1
15750,15757,15753,0,0,0
1270,1274,15758,0,0,1,8744
15759,15760,15761,1,1,1
1278,15761,15762,0,0,1
1279,15762,15763,0,0,1
1331,15763,15764,0,0,1
15765,1336,15766,1,0,1
15767,15766,15768,1,0,1
15769,15768,15770,1,0,1
15758,15771,15772,0,1,1
15764,15773,15774,0,1,1
15770,15774,15775,0,0,1
15772,15776,15777,0,1,1
15778,15777,15775,1,0,0
15442,15747,15779,0,0,1,10120
15433,15779,15780,0,0,1
15781,15431,15782,1,0,1
15706,15782,15783,0,0,1
15751,15754,15784,0,0,1
15780,15749,15785,0,0,1
15784,15783,15786,0,0,1
15752,15786,15785,0,0,0
15107,15109,15787,0,0,1,8403
15788,15787,15789,1,0,1
15790,15789,15791,1,0,1
15792,15791,15793,1,0,1
15794,15793,15685,1,0,0
15795,15796,15797,1,1,1,8762
15798,15797,15799,1,0,1
15800,15799,15801,1,0,1
15802,15801,15803,1,0,1
15804,15803,15805,1,0,1
15806,15805,15397,1,0,0
15771,1273,15807,0,0,1,8745
15776,15807,15808,0,0,1
15769,15808,15809,0,0,1
15767,15809,15810,0,0,1
15765,15810,15811,0,0,1
1334,15811,1276,0,0,0
15812,14830,15813,1,1,1,210
15814,15815,15816,1,1,1
15817,15816,15818,1,0,1
15819,15818,15820,1,0,1
15821,15820,15822,1,0,1
15823,15822,15824,1,0,1
15825,15824,15826,1,0,1
15790,15826,15827,0,0,1
15788,15827,15813,0,0,0
15806,15400,15828,0,0,1,8761
15802,15804,15829,0,0,1
15830,15795,15831,1,0,1
15832,15831,15833,1,0,1
15834,15833,15835,1,0,1
15836,15837,15838,1,1,1
15839,15840,15841,1,1,1
15402,15841,15842,0,0,1
15828,15842,15843,0,0,1
15835,15798,15844,0,0,1
15843,15845,15846,0,1,1
15829,15846,15847,0,0,1
15844,15800,15848,0,0,1
15838,15848,15847,0,0,0
1378,1375,15849,1,1,1,8760
1377,15849,15850,1,0,1
1381,15850,15851,1,0,1
1380,15851,15852,1,0,1
15853,15854,15855,1,1,1
1373,15855,15852,1,0,0
15622,1354,15856,0,0,1,646
15726,15856,15857,0,0,1
15724,15857,15858,0,0,1
15859,15858,1471,1,0,0
15404,15406,15860,0,0,1,567
15839,15860,15861,0,0,1
15862,15840,15863,1,0,1
15864,15863,15865,1,0,1
15866,15865,15867,1,0,1
15868,15867,15861,1,0,0
15634,15636,15869,0,0,1,137
15870,15869,15871,1,0,1
15872,15871,15873,1,0,1
1402,15873,15874,1,0,1
1405,15874,15638,1,0,0
15314,15588,15875,0,0,1,9002
14774,15875,15876,0,0,1
15877,15876,15878,1,0,1
15879,15878,15880,1,0,1
15881,15880,15882,1,0,1
15883,15882,15884,1,0,1
15885,15884,15292,1,0,0
15886,15887,15888,1,1,1,551
1617,15889,15890,0,1,1
1271,15890,15891,1,0,1
15778,15891,15892,1,0,1
15773,15892,15893,1,0,1
15760,15893,15894,1,0,1
15895,15894,15888,1,0,0
15896,15500,15897,1,0,1,2009
15898,15897,15899,1,0,1
15900,15899,15901,1,0,1
15902,15901,15903,1,0,1
15904,15903,15905,1,0,1
15527,15905,15906,1,0,1
15530,15906,15502,1,0,0
14505,14508,15907,0,0,1,8329
15178,15907,15908,0,0,1
15175,15908,15909,0,0,1
15910,15909,15911,1,0,1
15912,15911,15913,1,0,1
15870,15913,15632,0,0,0
15859,1473,15914,0,0,1,902
15722,15914,15915,0,0,1
1488,15720,15916,0,0,1
1576,15916,15917,0,0,1
1478,1484,15918,0,0,1
1475,1479,15919,0,0,1
1476,15919,15920,0,0,1
15915,15920,15921,0,0,1
15917,15921,15918,0,0,0
15714,15716,15922,0,0,1,8840
15923,15712,15924,1,0,1
1492,15924,15925,0,0,1
15718,15925,15922,0,0,0
15194,15604,15926,0,1,1,16600
15694,15926,15927,0,0,1
15928,15927,15929,1,0,1
15930,15929,15602,1,0,1
15429,15781,15931,0,0,1,9096
15932,15931,15933,1,0,1
15934,15935,15936,1,1,1
1503,15936,15937,0,0,1
1499,15937,15938,0,0,1
15939,15938,15940,1,0,1
1495,15940,15941,0,0,1
15923,15941,15942,0,0,1
15708,15710,15943,0,0,1
15933,15943,15944,0,0,1
15945,15944,15942,1,0,0
15946,15947,15948,1,1,1,10201
15949,15930,15950,1,0,1
15951,15950,15952,1,0,1
15953,15954,15955,1,1,1
15956,15955,15957,1,0,1
15958,15957,15959,1,0,1
15898,15959,15960,0,0,1
15961,15960,15962,1,0,1
15948,15962,15952,0,0,0
15123,14832,15963,0,1,1,209
15964,15963,15965,1,0,1
15966,15965,15967,1,0,1
15968,15967,15969,1,0,1
15815,15969,15812,0,0,0
15970,15845,15971,1,0,1,8759
15972,15971,15973,1,0,1
15974,15973,15975,1,0,1
15976,15977,15978,1,1,1
15979,15980,15981,1,1,1
15982,15981,15983,1,0,1
15862,15983,15984,0,0,1
15975,15984,15978,0,0,0
15985,15986,15987,1,1,1,1848
15988,15989,15990,1,1,1
15991,15990,15992,1,0,1
15993,15992,15987,1,0,0
15297,15335,15994,0,0,1,9258
15885,15295,15995,0,0,1
15996,15995,15997,1,0,1
15998,15997,15999,1,0,1
16000,15999,16001,1,0,1
16002,16001,16003,1,0,1
16004,16003,16005,1,0,1
15507,16005,15994,0,0,0
15825,15792,16006,0,0,1,19157
16007,16006,16008,1,0,1
16009,16008,16010,1,0,1
16011,16010,16012,1,0,1
15687,16012,15794,0,0,0
16004,15509,16013,0,0,1,8233
16014,16013,16015,1,0,1
16016,16015,16017,1,0,1
16018,16017,16019,1,0,1
16020,16021,16022,1,1,1
15467,16022,16019,0,0,0
16023,16024,16025,1,1,1,8839
16026,16025,16027,1,0,1
16028,16027,16029,1,0,1
15424,15440,16030,0,0,1,9865
16031,16030,16032,1,0,1
16033,16032,15427,1,0,0
16034,15823,16035,1,0,1,8403
16036,16035,16007,1,0,0
15469,15171,16037,0,0,1,8329
16020,16037,16038,0,0,1
16021,16038,16039,0,0,1
16040,16039,16041,1,0,1
16042,16041,16043,1,0,1
16044,16043,15173,1,0,0
14772,15877,16045,0,0,1,553
16046,16045,16047,1,0,1
16048,16047,16049,1,0,1
16050,16049,16051,1,0,1
16052,16051,16053,1,0,1
16054,16053,16055,1,0,1
4999,15362,16056,0,0,1,35792
4997,16056,16057,0,0,1
16058,4994,16059,1,0,1
16060,16059,16061,1,0,1
16062,16061,16063,1,0,1
16064,16063,16065,1,0,1
16066,16065,16067,1,0,1
16068,16067,16069,1,0,1
16070,16069,16071,1,0,1
16072,16071,16073,1,0,1
16074,16073,16075,1,0,1
16076,16075,16077,1,0,1
15366,16077,16078,0,0,1
15364,16078,16057,0,0,0
14768,14770,16079,0,0,1,8746
16080,16079,16081,1,0,1
16082,16081,16046,1,0,0
16083,15982,16084,1,0,1,566
16085,16084,16086,1,0,1
16087,16086,16088,1,0,1
16089,16088,16090,1,0,1
16091,16092,16093,1,1,1
15866,16093,16094,0,0,1
15864,16094,16090,0,0,0
16033,15426,16095,0,0,1,648
16031,16095,16096,0,0,1
15421,16096,16097,0,0,1
15566,15422,16098,1,0,1
15548,16098,16099,1,0,1
1650,16099,16100,1,0,1
1652,16100,16101,1,0,1
16102,16101,16103,1,0,1
16104,16103,16105,1,0,1
15945,16105,16106,0,0,1
15932,16106,16097,0,0,0
1385,1388,16107,0,0,1,1848
1383,16107,16108,0,0,1
15854,16108,16109,1,0,1
15853,16109,16110,1,0,1
1370,16110,16111,0,0,1
16112,16111,16113,1,0,1
16055,15879,16114,0,0,1,8745
16115,16052,16116,1,0,1
16117,16116,16118,1,0,1
16119,16118,16120,1,0,1
16121,16122,16123,1,1,1
16114,15881,16124,0,0,1
16120,16054,16125,0,0,1
16123,16125,16124,0,0,0
16011,15689,16126,0,0,1,8409
16127,16126,16128,1,0,1
16129,16128,16130,1,0,1
16131,16130,16132,1,0,1
16133,16132,16134,1,0,1
16135,16134,16136,1,0,1
16137,16136,16138,1,0,1
15928,15949,16139,0,0,1
15691,16139,16140,0,0,1
15692,16140,16138,0,0,0
15912,15872,16141,0,0,1,8761
16142,16141,16143,1,0,1
16144,16143,16145,1,0,1
16146,16145,16147,1,0,1
16148,16147,16149,1,0,1
16150,16151,16152,1,1,1
16153,16152,16154,1,0,1
16155,16154,16156,1,0,1
16157,16156,16158,1,0,1
16159,16158,16160,1,0,1
1400,16160,16161,1,0,1
1399,16161,16149,1,0,0
15664,15666,16162,0,0,1,41
16163,16162,16164,1,0,1
16165,16164,16166,1,0,1
16167,16166,15644,1,0,0
16121,15883,16168,0,0,1,8746
16119,16122,16169,0,0,1
16117,16169,16170,0,0,1
16171,16050,16172,1,0,1
16173,16174,16175,1,1,1
15647,16176,16177,0,1,1
16167,16177,16178,0,0,1
16179,16178,16180,1,0,1
16181,16180,16182,1,0,1
16183,16182,16184,1,0,1
16185,16184,16186,1,0,1
16187,16186,16188,1,0,1
16189,16190,16191,1,1,1
16192,16191,16193,1,0,1
16194,16193,16195,1,0,1
16196,16197,16198,1,1,1
16199,16200,16201,1,1,1
16202,16201,16203,1,0,1
16204,16203,16205,1,0,1
16206,16207,16208,1,1,1
15996,16208,16209,0,0,1
16168,16209,16210,0,0,1
16170,16210,16211,0,0,1
16115,16211,16212,0,0,1
16195,16188,16213,0,0,1
16214,16213,16215,1,0,1
16198,16215,16216,0,0,1
16217,16216,16218,1,0,1
16212,16205,16219,0,0,1
16172,16219,16220,0,0,1
16175,16220,16218,0,0,0
1283,16221,16222,1,1,1,551
1319,16222,16223,1,0,1
1286,16223,16224,1,0,1
1285,16224,16225,1,0,1
16226,1288,16227,1,1,1
16228,16227,16229,1,0,1
16230,16229,16231,1,0,1
16232,16233,16234,1,1,1
16225,16234,16231,0,0,0
15904,15528,16235,0,1,1,1752
16236,16235,16237,1,0,1
16238,16239,16240,1,1,1
16241,16240,16242,1,0,1
16243,16242,16244,1,0,1
16245,16244,16246,1,0,1
16247,16246,16248,1,0,1
16249,15518,16250,1,1,1
15524,16251,16252,1,1,1
16237,16252,16253,0,0,1
16248,16253,16250,0,0,0
16036,16009,16254,0,0,1,16597
16255,15819,16256,1,0,1
16257,16256,16258,1,0,1
16259,16258,16260,1,0,1
16261,16260,16262,1,0,1
16263,16262,16264,1,0,1
16265,16264,16266,1,0,1
16267,16266,16268,1,0,1
16127,16269,16270,0,1,1
16254,16270,16271,0,0,1
16034,16271,16272,0,0,1
15821,16272,16268,0,0,0
16273,15968,16274,1,0,1,8403
16275,16274,16276,1,0,1
16255,16276,16277,0,0,1
15817,16277,15814,0,0,0
16278,15662,16279,1,0,1,552
16280,16279,16163,1,0,0
16281,16232,16282,1,0,1,807
16283,16282,16284,1,0,1
15895,16284,16285,0,0,1
15759,16285,16286,1,0,1
1281,16286,16221,1,0,0
16249,16251,16287,0,0,1,10200
15561,16287,16288,1,0,1
15522,16288,16289,1,0,1
15521,16289,16290,1,0,1
15571,16290,15525,1,0,1
1392,1395,16291,0,0,1,56
16292,15660,16293,1,0,1,8745
16294,16293,16295,1,0,1
16296,16295,16297,1,0,1
16298,16297,16299,1,0,1
16300,16299,16301,1,0,1
16302,16301,16303,1,0,1
16304,16303,16305,1,0,1
16306,16305,16307,1,0,1
16308,16307,16309,1,0,1
16310,16309,16311,1,0,1
16312,16311,16313,1,0,1
16165,16179,16314,0,0,1
16280,16314,16315,0,0,1
16313,16278,16316,0,0,1
16317,16316,16315,1,0,0
16318,16082,16319,1,0,1,810
16320,16321,16322,1,1,1
16174,16322,16323,0,0,1
16171,16323,16324,0,0,1
16048,16324,16319,0,0,0
1292,15658,16325,0,0,1,8744
1290,16325,16326,0,0,1
16327,16226,16328,1,1,1
16296,16328,16329,0,0,1
16294,16329,16330,0,0,1
16292,16330,16326,0,0,0
3905,3907,16331,0,0,1,903
16332,16331,16333,1,0,1
16334,16335,16336,1,1,1
16337,16336,16338,1,0,1
16339,16338,16340,1,0,1
3910,16340,16341,0,0,1
16342,16341,16333,1,0,0
13748,15117,16343,0,0,1,34512
13745,16343,16344,0,0,1
15383,16344,16345,0,0,1
16346,16345,16347,1,0,1
16348,16347,16349,1,0,1
16350,16349,16351,1,0,1
16352,16351,16353,1,0,1
15979,16083,16354,0,0,1,567
15980,16354,16355,0,0,1
16356,16355,16357,1,0,1
16358,16357,16359,1,0,1
16087,16360,16361,0,1,1
16085,16361,16359,0,0,0
1460,1439,16362,1,1,1,567
1443,16362,16363,1,0,1
16364,1445,16365,1,1,1
16366,16365,16367,1,0,1
16368,16367,16369,1,0,1
16370,16369,16371,1,0,1
16372,16371,16373,1,0,1
16374,16375,16376,1,1,1
16377,16376,16378,1,0,1
16379,16378,16380,1,0,1
16381,16382,16383,1,1,1
16384,16383,16385,1,0,1
16386,16385,16387,1,0,1
16388,16387,16389,1,0,1
16390,16389,16391,1,0,1
16392,16393,16394,1,1,1
16395,16396,16397,1,1,1
16398,16399,16400,1,1,1
16401,16400,16402,1,0,1
16403,16402,16404,1,0,1
16405,16404,16406,1,0,1
16363,16406,16407,0,0,1
1442,16407,16408,1,0,1
16373,16408,16409,0,0,1
16380,16409,16410,0,0,1
16394,16391,16411,0,0,1
16412,16411,16413,1,0,1
16397,16413,16410,0,0,0
14766,16080,16414,0,0,1,9002
15651,16414,16415,0,0,1
16176,15649,16416,0,0,1
16173,16416,16417,0,0,1
16320,16417,16418,0,0,1
16321,16418,16419,0,0,1
16318,16419,16415,0,0,0
16420,16137,16421,1,0,1,2009
16422,16421,15951,1,0,0
15176,15910,16423,0,0,1,8330
16044,16423,16424,0,0,1
16425,16424,16426,1,0,1
16427,16426,16428,1,0,1
16429,16428,16142,1,0,0
16002,16014,16430,0,0,1,8234
16431,16000,16432,1,0,1
16433,16432,16434,1,0,1
16435,16434,16436,1,0,1
16437,16436,16438,1,0,1
16439,16438,16440,1,0,1
16441,16440,16442,1,0,1
16018,16040,16443,0,0,1
16430,16016,16444,0,0,1
16442,16444,16443,0,0,0
6954,6974,16445,0,0,1,31696
6824,16445,16446,0,0,1
6821,6825,16447,0,0,1
6822,16447,16448,0,0,1
6819,16448,16449,0,0,1
6816,16449,16450,0,0,1
6921,6817,16451,0,0,1
6814,16451,16452,0,0,1
6811,16452,16453,0,0,1
6809,6812,16454,0,0,1
6807,16454,16455,0,0,1
6805,16455,16456,0,0,1
16457,16456,16458,1,0,1
16459,16458,16460,1,0,1
16461,16460,16462,1,0,1
16463,16462,16464,1,0,1
16465,16464,16466,1,0,1
16467,16466,16468,1,0,1
16469,16468,16470,1,0,1
6841,6845,16471,0,0,1
6838,6842,16472,0,0,1
6835,6839,16473,0,0,1
6833,6836,16474,0,0,1
6827,6831,16475,0,0,1
6828,16475,16476,0,0,1
16446,16476,16477,0,0,1
16450,16477,16478,0,0,1
16453,16478,16479,0,0,1
16471,16470,16480,0,0,1
16472,16480,16481,0,0,1
16473,16481,16482,0,0,1
16474,16482,16483,0,0,1
6830,16483,16479,0,0,0
16484,16485,16486,1,1,1,8744
16487,16486,16488,1,0,1
16489,16488,16490,1,0,1
16491,16339,16492,1,0,1,646
16493,16492,16494,1,0,1
16495,16494,16496,1,0,1
3911,16496,16497,0,0,1
16498,16497,16499,1,0,1
16500,16499,3909,1,0,0
15121,15964,16501,0,0,1,210
16502,16501,16503,1,0,1
16504,16503,16505,1,0,1
16506,16505,16507,1,0,1
16508,16507,16509,1,0,1
16510,16509,16511,1,0,1
16512,16511,16513,1,0,1
16514,16513,16515,1,0,1
16516,16515,16517,1,0,1
16273,16517,15966,0,0,0
1497,1579,16518,0,0,1,9095
15939,1494,16519,0,0,1
1500,16519,16518,0,0,0
15900,15902,16520,0,0,1,985
16521,15958,16522,1,0,1
16523,16522,16524,1,0,1
16238,16524,16525,0,0,1
16239,16525,16526,0,0,1
16236,16526,16520,0,0,0
16206,15998,16527,0,0,1,9003
16207,16527,16528,0,0,1
16204,16528,16529,0,0,1
16202,16529,16530,0,0,1
16531,16530,16532,1,0,1
16533,16532,16431,1,0,0
15976,16356,16534,0,0,1,823
15977,16534,16535,0,0,1
16536,16535,16537,1,0,1
16399,16537,16538,0,0,1
16395,16538,16539,0,0,1
16540,16539,16541,1,0,1
16542,16541,16543,1,0,1
16393,16543,16544,0,0,1
16545,16544,16546,1,0,1
16547,16546,16548,1,0,1
16549,16548,16550,1,0,1
16551,16550,16552,1,0,1
16553,16552,16554,1,0,1
16360,16089,16555,0,0,1
16358,16555,16554,0,0,0
16556,16557,16558,1,1,1,9944
16247,16558,16559,1,0,1
15519,16559,16560,0,0,1
16561,16269,16562,1,0,1,16600
16563,16562,16564,1,0,1
16565,16564,16129,1,0,0
16566,16491,16567,1,1,1,8839
16568,16567,16569,1,0,1
16570,16569,16571,1,0,1
16572,16573,16574,1,1,1
16575,16574,16576,1,0,1
16335,16576,16577,1,0,1
16337,16334,16578,1,1,1
16571,16578,16577,0,0,0
15953,15956,16579,0,0,1,1753
16580,16579,16581,1,0,1
16582,16583,16584,1,1,1
16585,16586,16587,1,1,1
16131,16587,16588,0,0,1
16565,16588,16589,0,0,1
16563,16589,16590,0,0,1
16591,16590,16592,1,0,1
16593,16592,16594,1,0,1
16595,16596,16597,1,1,1
16598,16597,16599,1,0,1
16600,16599,16601,1,0,1
16602,16601,16603,1,0,1
16604,16603,16605,1,0,1
16606,16605,16607,1,0,1
16608,16607,16609,1,0,1
16610,16611,16612,1,1,1
16613,16612,16614,1,0,1
16615,16616,16617,1,1,1
16618,16617,16619,1,0,1
16521,16619,16620,0,0,1
16581,16620,16621,0,0,1
16584,16621,16622,0,0,1
16623,16622,16624,1,0,1
16609,16594,16625,0,0,1
16626,16625,16627,1,0,1
16614,16627,16628,0,0,1
16629,16628,16624,1,0,0
16422,15954,16630,0,0,1,985
16420,16630,16631,0,0,1
16133,16135,16632,0,0,1
16585,16632,16633,0,0,1
16623,16586,16634,0,0,1
16582,16634,16635,0,0,1
16580,16583,16636,0,0,1
16631,16636,16637,0,0,1
16633,16637,16635,0,0,0
16042,16425,16638,0,0,1,8249
16441,16638,16639,0,0,1
16640,16639,16641,1,0,1
16642,16643,16644,1,1,1
16645,16644,16646,1,0,1
16647,16646,16648,1,0,1
16649,16648,16641,1,0,0
16650,16651,16652,1,1,1,552
16653,16652,16654,1,0,1
16655,16654,16656,1,0,1
16657,16656,16658,1,0,1
16659,16658,16660,1,0,1
16661,16660,16662,1,0,1
16663,16662,16664,1,0,1
16665,16484,16666,1,0,1,8743
16332,3902,16667,1,1,1
16575,16667,16668,0,0,1
16669,16572,16670,1,0,1
16671,16670,16672,1,0,1
16673,16672,16674,1,0,1
16675,16676,16677,1,1,1
16678,16679,16680,1,1,1
16681,16682,16683,1,1,1
16684,16683,16685,1,0,1
16489,16685,16686,0,0,1
16487,16686,16687,0,0,1
16666,16687,16688,0,0,1
16674,16668,16689,0,0,1
16677,16689,16690,0,0,1
16691,16690,16692,1,0,1
16680,16692,16688,0,0,0
1481,1570,16693,0,0,1,9095
1485,1482,16694,0,0,1
1574,16694,16695,0,0,1
1594,16695,16696,0,0,1
1572,16696,16693,0,0,0
16427,16429,16697,0,0,1,57
16649,16697,16698,0,0,1
16699,16698,16700,1,0,1
16701,16702,16703,1,1,1
16704,16703,16705,1,0,1
16706,16707,16708,1,1,1
16146,16709,16710,0,1,1
16700,16144,16711,0,0,1
16712,16711,16713,1,0,1
16714,16713,16715,1,0,1
16708,16705,16716,0,0,1
16717,16716,16718,1,0,1
16710,16718,16715,0,0,0
16719,16493,16720,1,1,1,647
16721,16722,16723,1,1,1
16724,16725,16726,1,1,1
16727,16726,16728,1,0,1
16729,16728,16730,1,0,1
16731,16730,16732,1,0,1
16733,16734,16735,1,1,1
16736,16735,16737,1,0,1
16568,16737,16738,0,0,1
16566,16738,16739,0,0,1
16720,16739,16740,0,0,1
16723,16740,16732,0,0,0
1654,16102,16741,1,0,1,8840
16742,16741,16743,1,0,1
16744,16743,16745,1,0,1
16746,16745,16747,1,0,1
16748,16747,16749,1,0,1
16750,16749,16751,1,0,1
1502,16751,16752,0,0,1
15934,16752,16753,0,0,1
15935,16753,16104,0,0,0
16754,16755,16756,1,1,1,39632
16757,16758,16759,1,1,1
16760,16761,16762,1,1,1
16763,16762,16764,1,0,1
16765,16764,16766,1,0,1
16767,16766,16768,1,0,1
16769,16768,16770,1,0,1
15378,15375,16771,1,1,1
15391,15377,16772,1,1,1
15381,16772,16773,1,0,1
16774,16773,16775,1,0,1
16776,16775,16777,1,0,1
16778,16777,16779,1,0,1
16780,16779,16781,1,0,1
16782,16781,16783,1,0,1
16784,16783,16785,1,0,1
16756,16784,16786,0,0,1
16770,16759,16787,0,0,1
16771,16787,16788,0,0,1
16785,16788,16786,0,0,0
16789,16790,16791,1,1,1,1847
16792,16791,16793,1,0,1
16794,16795,16796,1,1,1
16797,16798,16799,1,1,1
1463,16799,16800,0,0,1
1447,16800,16801,0,0,1
16802,16366,16803,1,1,1
16804,16803,16805,1,0,1
16806,16807,16808,1,1,1
16809,16810,16811,1,1,1
16812,16813,16814,1,1,1
2091,16815,16816,0,1,1
16817,16816,16818,1,0,1
16819,16818,16820,1,0,1
16821,16822,16823,1,1,1
16824,16825,16826,1,1,1
16827,16826,16828,1,0,1
16793,16829,16830,0,1,1
16796,16830,16831,0,0,1
16801,16832,16833,0,1,1
16364,16833,16834,1,0,1
16808,16805,16835,0,0,1
16836,16835,16837,1,0,1
16820,16814,16838,0,0,1
16828,16823,16839,0,0,1
16840,16839,16841,1,0,1
16831,16841,16842,0,0,1
16837,16834,16843,0,0,1
16844,16843,16845,1,0,1
16811,16845,16846,0,0,1
16838,16846,16842,0,0,0
16663,16847,16848,0,1,1,8744
16849,16848,16850,1,0,1
16851,16850,16852,1,0,1
16853,16852,16854,1,0,1
3912,16855,16856,0,1,1,8839
16495,16856,16857,0,0,1
16719,16857,16858,1,0,1
16859,16516,16860,1,0,1,12499
16861,16860,16862,1,0,1
16863,16862,16864,1,0,1
16865,16864,16866,1,0,1
16867,16866,16868,1,0,1
16257,16868,16275,0,0,0
16869,16298,16870,1,1,1,9000
16871,16870,16872,1,0,1
16873,16872,16874,1,0,1
16228,16874,16327,0,0,1
16618,16523,16875,0,0,1,9945
16876,16875,16877,1,0,1
16878,16877,16879,1,0,1
16880,16879,16881,1,0,1
16882,16881,16241,1,0,0
16553,16092,16883,0,0,1,822
16551,16883,16884,0,0,1
16647,16699,16885,0,0,1,8250
16645,16885,16886,0,0,1
16887,16886,16888,1,0,1
16889,16888,16890,1,0,1
16701,16890,16891,0,0,1
16702,16891,16892,0,0,1
16714,16892,16712,0,0,0
16893,16197,16894,1,0,1,553
16895,16894,16896,1,0,1
16897,16896,16898,1,0,1
16899,16900,16901,1,1,1
16185,16902,16903,0,1,1
16904,16903,16905,1,0,1
16906,16905,16907,1,0,1
16908,16907,16909,1,0,1
16910,16909,16911,1,0,1
16912,16913,16914,1,1,1
16915,16914,16916,1,0,1
16917,16916,16918,1,0,1
16919,16918,16920,1,0,1
16921,16920,16922,1,0,1
16923,16922,16924,1,0,1
16925,16924,16926,1,0,1
16898,16926,16927,0,0,1
16901,16927,16928,0,0,1
16929,16928,16911,1,0,0
16682,16930,16931,0,1,1,10023
16932,16933,16934,1,1,1
16935,16936,16937,1,1,1
16931,16938,16939,0,1,1
16934,16939,16937,0,0,0
16797,1450,16940,0,0,1,10040
16194,16214,16941,0,0,1,8745
16192,16941,16942,0,0,1
16189,16942,16943,0,0,1
16187,16190,16944,0,0,1
16902,16944,16945,0,0,1
16929,16945,16946,0,0,1
16899,16946,16947,0,0,1
16900,16947,16948,0,0,1
16897,16948,16949,0,0,1
16895,16949,16950,0,0,1
16893,16950,16943,0,0,0
16659,16661,16951,0,0,1,808
16952,16951,16953,1,0,1
16954,16953,16849,1,0,0
16675,16691,16955,0,0,1,550
16673,16676,16956,0,0,1
16573,16669,16957,0,0,1
16570,16957,16958,0,0,1
16736,16958,16959,0,0,1
16960,16959,16961,1,0,1
16962,16961,16963,1,0,1
16679,16964,16965,0,1,1
16955,16965,16966,0,0,1
16956,16966,16967,0,0,1
16671,16967,16963,0,0,0
16968,16969,16970,1,1,1,646
1546,16970,16971,1,0,1
1600,16971,16972,0,0,1
15554,16973,16974,0,1,1,2007
15552,16974,16975,0,0,1
16976,16975,16977,1,0,1
16978,16977,16979,1,0,1
16533,16433,16980,0,0,1,10026
16981,16980,16982,1,0,1
16983,16982,16984,1,0,1
16985,16984,16986,1,0,1
16987,16986,16988,1,0,1
16989,16988,16435,1,0,0
16925,16196,16990,0,0,1,8745
16923,16990,16991,0,0,1
16921,16991,16992,0,0,1
16919,16992,16993,0,0,1
16994,16917,16995,1,0,1
16200,16995,16996,0,0,1
16217,16996,16993,0,0,0
16317,16181,16997,0,0,1,554
16998,16997,16999,1,0,1
16908,17000,17001,0,1,1
16904,16906,17002,0,0,1
16183,17002,17003,0,0,1
16999,17003,17001,0,0,0
16936,17004,17005,0,1,1,10024
16932,17005,17006,0,0,1
17007,17006,17008,1,0,1
17009,17008,17010,1,0,1
17011,17010,16655,1,0,0
16964,16678,17012,0,0,1,1831
17013,17012,17014,1,0,1
17015,17014,17016,1,0,1
17017,17018,17019,1,1,1
17020,17019,17021,1,0,1
17022,17021,17023,1,0,1
17024,17025,17026,1,1,1
17027,17026,17028,1,0,1
17029,17028,17030,1,0,1
17009,17030,17031,0,0,1
17007,17031,17032,0,0,1
16933,17032,17033,0,0,1
17016,17033,17023,0,0,0
16076,15368,17034,0,0,1,32976
16074,17034,17035,0,0,1
16070,16072,17036,0,0,1
17037,17036,17038,1,0,1
15371,17038,17035,0,0,0
16304,16306,17039,0,0,1,8232
16300,16302,17040,0,0,1
16869,17040,17041,1,0,1
17042,17041,17043,1,0,1
17044,17043,17045,1,0,1
16308,17045,17039,0,0,0
17046,17047,17048,1,1,1,808
17049,17050,17051,1,1,1
17052,17051,17053,1,0,1
17054,17053,17055,1,0,1
17056,17055,17057,1,0,1
17058,17057,17059,1,0,1
17060,17059,17048,1,0,0
16954,16851,17061,0,0,1,552
17062,17061,17063,1,0,1
17064,17065,17066,1,1,1
17067,17068,17069,1,1,1
17070,17069,17071,1,0,1
17072,17073,17074,1,1,1
17075,17076,17077,1,1,1
17078,17079,17080,1,1,1
17081,17082,17083,1,1,1
17049,17083,17084,1,0,1
17085,17052,17086,1,1,1
16853,17086,17087,0,0,1
17063,17087,17088,0,0,1
17089,17088,17090,1,0,1
17066,17090,17091,0,0,1
17074,17071,17092,0,0,1
17077,17092,17093,0,0,1
17084,17080,17094,0,0,1
17091,17094,17093,0,0,0
17095,16245,17096,1,0,1,1751
17097,17096,17098,1,0,1
17099,17098,17100,1,0,1
17101,17100,17102,1,0,1
17103,17102,17104,1,0,1
17105,17104,16556,1,0,1
17106,16514,17107,1,0,1,10963
16861,17108,17109,0,1,1
16859,17109,17107,0,0,0
16774,15380,17110,1,0,1,37072
16776,17110,17111,1,0,1
17112,17111,17113,1,0,1
17114,17113,17115,1,0,1
17116,17115,16346,1,0,0
16396,16540,17117,0,0,1,55
16412,17117,17118,0,0,1
16392,17118,16542,0,0,0
17011,16657,17119,0,0,1,1832
17029,17119,17120,0,0,1
17027,17120,17121,0,0,1
17122,17121,17123,1,0,1
17124,17123,17125,1,0,1
17126,17125,17127,1,0,1
17128,17127,17129,1,0,1
17130,17129,17131,1,0,1
17132,17131,17133,1,0,1
17134,17133,17135,1,0,1
17136,17135,17137,1,0,1
17138,17139,17140,1,1,1
17065,17140,17141,0,0,1
17089,17141,17142,0,0,1
17062,17142,17143,0,0,1
16952,17143,17137,0,0,0
16733,16960,17144,0,0,1,551
16731,16734,17145,0,0,1
17146,16729,17147,1,0,1
17148,17147,17149,1,0,1
17150,17149,17151,1,0,1
17152,17153,17154,1,1,1
17155,17154,17156,1,0,1
17157,17156,17158,1,0,1
17159,17158,17160,1,0,1
17161,17160,17162,1,0,1
17163,17162,17164,1,0,1
17165,17164,17166,1,0,1
17167,17166,17168,1,0,1
17169,17168,17170,1,0,1
17171,17170,17172,1,0,1
17173,17172,17174,1,0,1
17175,17174,17176,1,0,1
17015,17018,17177,0,0,1
17013,17177,17178,0,0,1
16962,17178,17179,0,0,1
17144,17179,17180,0,0,1
17145,17180,17181,0,0,1
17151,17181,17182,0,0,1
17176,17183,17184,0,1,1
17017,17184,17182,0,0,0
16267,16561,17185,0,0,1,2009
17186,17185,17187,1,0,1
17188,17189,17190,1,1,1
16596,17190,17191,0,0,1
16593,17191,17192,0,0,1
16591,17192,17187,0,0,0
16915,16994,17193,0,0,1,9001
17194,17193,17195,1,0,1
17196,17197,17198,1,1,1
17199,17198,17200,1,0,1
17201,17202,17203,1,1,1
17204,17205,17206,1,1,1
17207,17208,17209,1,1,1
17210,17209,17211,1,0,1
17212,17211,17213,1,0,1
17214,17213,17215,1,0,1
17216,17215,17217,1,0,1
17218,17219,17220,1,1,1
17221,17220,17222,1,0,1
17223,17224,17225,1,1,1
17226,17225,17227,1,0,1
16981,17227,17228,0,0,1
16531,17228,17229,0,0,1
16199,17229,17230,0,0,1
17195,17230,17231,0,0,1
17200,17231,17232,0,0,1
17206,17203,17233,0,0,1
17217,17233,17234,0,0,1
17222,17234,17232,0,0,0
17235,17236,17237,1,1,1,40
17238,17237,17239,1,0,1
17240,17238,17241,1,0,1
17242,17241,17243,1,0,1
17044,17243,17244,1,0,1
16310,17244,17245,1,0,1
17246,17245,17247,1,0,1
17248,17247,17239,1,0,0
16353,15119,17249,0,0,1,1745
17250,16352,17251,1,0,1
17252,17251,17253,1,0,1
17254,17253,17255,1,0,1
17256,17255,17257,1,0,1
17258,17257,17259,1,0,1
16504,17259,17260,0,0,1
16502,17260,17249,0,0,0
16709,16148,17261,0,0,1,569
16717,17261,17262,0,0,1
16706,17262,17263,0,0,1
17264,17265,17266,1,1,1
17267,17268,17269,1,1,1
3925,17269,17270,1,0,1
16151,17270,17271,0,0,1
17263,17271,17266,0,0,0
17272,17273,17274,1,1,1,902
17275,17274,17276,1,0,1
1547,17277,17278,1,1,1
16968,17278,17279,0,0,1
17280,17279,17281,1,0,1
17282,17281,17276,1,0,0
15550,16976,17283,0,0,1,727
1668,17283,17284,0,0,1
1645,17284,17285,0,0,1
1642,17285,17286,0,0,1
16348,16350,17287,0,0,1,38608
17116,17287,17288,0,0,1
17289,17114,17290,1,0,1
17291,17290,17292,1,0,1
17252,17292,17293,0,0,1
17250,17293,17288,0,0,0
17275,17277,17294,0,0,1,9095
17295,17273,17296,1,0,1
17297,17296,17298,1,0,1
17299,17298,17300,1,0,1
1539,17300,17301,1,0,1
1541,17301,17302,1,0,1
17294,1543,17303,0,1,1
17302,17272,17304,0,0,1
1544,17304,17303,1,0,0
17097,17099,17305,0,0,1,10200
17306,17307,17308,1,1,1
17309,17310,17311,1,1,1
17312,17311,17313,1,0,1
17314,17313,17315,1,0,1
17316,17315,17317,1,0,1
17318,17317,17319,1,0,1
17305,17319,17308,0,0,0
17320,16882,17321,1,0,1,2008
17306,17310,17322,0,0,1
17095,17307,17323,0,0,1
16243,17323,17324,0,0,1
17321,17324,17322,0,0,0
16867,16259,17325,0,0,1,16598
16865,17325,17326,0,0,1
17327,17326,17328,1,0,1
17329,17328,17330,1,0,1
17331,3921,17332,1,1,1,1849
17333,17332,17334,1,0,1
17335,17334,17336,1,0,1
17337,17336,17338,1,0,1
16439,16640,17339,0,0,1,8250
16437,17339,17340,0,0,1
16989,17340,17341,0,0,1
17342,17341,17343,1,0,1
17344,17343,17345,1,0,1
17346,17345,17347,1,0,1
17348,17347,17349,1,0,1
17350,17349,17351,1,0,1
17352,17351,16643,1,0,0
16750,1505,17353,0,0,1,647
16748,17353,17354,0,0,1
17355,16746,17356,1,0,1
17357,17356,17358,1,0,1
17359,17358,17354,1,0,0
17246,17248,17360,0,0,1,41
16312,17360,17361,1,0,1
16998,17361,17362,1,0,1
17000,17362,17363,1,0,1
16910,17363,17364,1,0,1
17365,16913,17366,1,1,1
17205,17201,17367,1,1,1
17368,17367,17369,1,0,1
17370,17369,17371,1,0,1
17372,17371,17373,1,0,1
17374,17375,17376,1,1,1
17377,17376,17378,1,0,1
17364,17377,17379,0,0,1
17366,17379,17380,0,0,1
17373,17380,17378,0,0,0
17381,16263,17382,1,0,1,16600
17189,17382,17383,0,0,1
17186,17383,16265,0,0,0
17108,16863,17384,0,0,1,20694
17385,17384,17386,1,0,1
17387,17386,17388,1,0,1
17389,17388,17390,1,0,1
17391,17390,17327,1,0,0
16545,16547,17392,0,0,1,566
17393,16390,17394,1,0,1
17395,17396,17397,1,1,1
17392,17397,17394,0,0,0
3926,3923,17398,1,1,1,1848
17267,17398,17399,0,0,1
17264,17268,17400,0,0,1
17401,17400,17402,1,0,1
17403,17404,17405,1,1,1
17406,17405,17407,1,0,1
17408,17407,17409,1,0,1
17410,17409,17411,1,0,1
17412,17411,17413,1,0,1
17414,17413,17415,1,0,1
17416,17415,17417,1,0,1
17418,17417,17419,1,0,1
17420,17419,17421,1,0,1
17422,17421,17423,1,0,1
17424,17423,17425,1,0,1
17426,17425,17427,1,0,1
17428,17427,17429,1,0,1
17399,17331,17430,0,0,1
17402,17430,17431,0,0,1
17432,17431,17433,1,0,1
17429,17434,17435,0,1,1
17333,17435,17433,0,0,0
17330,16261,17436,0,0,1,217
17437,17436,17438,1,0,1
17439,17440,17441,1,1,1
17442,17443,17444,1,1,1
17445,17444,17446,1,0,1
16598,17447,17448,0,1,1
17188,16595,17449,0,0,1
17381,17449,17450,0,0,1
17438,17450,17451,0,0,1
17452,17451,17453,1,0,1
17441,17453,17454,0,0,1
17446,17454,17448,0,0,0
17020,17022,17455,0,0,1,10023
17175,17455,17456,0,0,1
17457,17456,17458,1,0,1
17459,17458,17460,1,0,1
17461,17460,17462,1,0,1
17463,17462,17025,1,0,0
16613,16629,17464,0,0,1,9945
17465,17464,17466,1,0,1
17467,17466,17468,1,0,1
17469,17468,17470,1,0,1
17471,17470,17472,1,0,1
17473,17472,16616,1,0,0
17474,17475,17476,1,1,1,903
17477,17476,17478,1,0,1
17479,17152,17480,1,0,1
17481,17480,17482,1,0,1
16727,17482,17483,0,0,1
16724,17483,17478,0,0,0
17359,1507,17484,0,0,1,8839
16744,17355,17485,0,0,1
1657,16742,17486,1,0,1
1656,17486,17487,1,0,1
17488,17487,17489,1,0,1
17490,17491,17492,1,1,1
17493,17492,17494,1,0,1
17484,17494,17495,0,0,1
17357,17495,17496,0,0,1
17485,17496,17489,0,0,0
16608,16626,17497,0,0,1,9945
17498,17497,17499,1,0,1
17500,17499,16611,1,0,0
16512,17106,17501,0,0,1,16600
17502,17503,17504,1,1,1
17505,17506,17507,1,1,1
17508,17507,17509,1,0,1
17510,17509,17511,1,0,1
17501,17385,17512,0,0,1
17504,17512,17511,0,0,0
17393,17396,17513,0,0,1,822
16388,17513,17514,0,0,1
17046,17515,17516,1,1,1,8744
17517,17518,17519,1,1,1
17520,17519,17521,1,0,1
17522,17523,17524,1,1,1
17525,17526,17527,1,1,1
17528,17527,17529,1,0,1
17516,17530,17531,0,1,1
17532,17531,17533,1,0,1
17521,17533,17534,0,0,1
17524,17534,17529,0,0,0
17461,17463,17535,0,0,1,10024
17536,17535,17537,1,0,1
17538,17537,17539,1,0,1
17540,17539,17541,1,0,1
17542,17541,17543,1,0,1
17544,17545,17546,1,1,1
17547,17546,17548,1,0,1
17124,17548,17549,0,0,1
17122,17549,17550,0,0,1
17024,17550,17543,0,0,0
17493,1509,17551,0,0,1,902
17552,17551,17553,1,0,1
17554,17553,17555,1,0,1
1514,17555,17556,0,0,1
1582,17556,1511,0,0,0
17557,16985,17558,1,0,1,41
17559,17560,17561,1,1,1
17562,17561,17563,1,0,1
17564,17563,17565,1,0,1
17566,17565,17558,1,0,0
17226,16983,17567,0,0,1,809
17568,17567,17569,1,0,1
17560,17569,17557,0,0,0
17570,17571,17572,1,1,1,647
17573,17572,17574,1,0,1
17490,17575,17576,1,1,1
17552,17576,17577,1,0,1
17554,17577,17578,1,0,1
1513,17578,17579,1,0,1
1517,17579,17580,1,0,1
17581,17580,17582,1,0,1
17583,17582,17584,1,0,1
17585,17584,17574,1,0,0
16880,17320,17586,0,0,1,9944
17587,16878,17588,1,0,1
17589,17588,17590,1,0,1
17591,17590,17592,1,0,1
17309,17592,17586,0,0,0
17473,16615,17593,0,0,1,10200
17469,17471,17594,0,0,1
17595,17594,17596,1,0,1
17498,17597,17598,0,1,1
16606,17598,17599,0,0,1
17600,17599,17601,1,0,1
17602,17601,17603,1,0,1
17604,17603,17605,1,0,1
17606,17605,17607,1,0,1
17608,17607,17609,1,0,1
17610,17609,17611,1,0,1
1744,17612,17613,1,1,1
17614,17613,17615,1,0,1
17616,17617,17618,1,1,1
17619,17620,17621,1,1,1
17622,17621,17623,1,0,1
17624,17623,17625,1,0,1
17587,17625,17626,0,0,1
16876,17626,17627,0,0,1
17593,17627,17628,0,0,1
17596,17628,17629,0,0,1
17615,17611,17630,0,0,1
17618,17630,17629,0,0,0
17566,16987,17631,0,0,1,57
17564,17631,17632,0,0,1
17344,17633,17634,0,1,1
17342,17634,17632,0,0,0
17391,17329,17635,0,0,1,16600
17636,17635,17637,1,0,1
17440,17637,17638,0,0,1
17452,17638,17437,0,0,0
17050,17532,17639,1,0,1,8745
17078,17082,17640,0,0,1
17072,17076,17641,0,0,1
17642,17641,17643,1,0,1
17644,17643,17645,1,0,1
17646,17645,17647,1,0,1
17648,17649,17650,1,1,1
17523,17651,17652,0,1,1
17520,17652,17653,0,0,1
17517,17653,17654,0,0,1
17647,17075,17655,0,0,1
17654,17650,17656,0,0,1
17518,17656,17657,0,0,1
17655,17079,17658,0,0,1
17657,17659,17660,0,1,1
17639,17660,17661,0,0,1
17081,17661,17662,0,0,1
17658,17640,17663,0,0,1
17664,17663,17662,1,0,0
17665,17459,17666,1,0,1,10025
17667,17666,17668,1,0,1
17669,17668,17536,1,0,0
17670,17671,17672,1,1,1,2008
17673,17672,17674,1,0,1
17675,17676,17677,1,1,1
17678,17679,17680,1,1,1
17681,17680,17682,1,0,1
17683,17684,17685,1,1,1
17686,17685,17687,1,0,1
17688,17689,17690,1,1,1
17691,17690,17692,1,0,1
17693,17692,17694,1,0,1
17695,17694,17696,1,0,1
17697,17696,17698,1,0,1
17699,17698,17700,1,0,1
17701,17700,17702,1,0,1
17703,17704,17705,1,1,1
17706,17707,17708,1,1,1
17709,17708,17710,1,0,1
17711,17710,17712,1,0,1
17713,17714,17715,1,1,1
17716,17717,17718,1,1,1
17719,17718,17720,1,0,1
17314,17720,17721,0,0,1
17682,17677,17722,0,0,1
17687,17722,17723,0,0,1
17702,17723,17724,0,0,1
17705,17724,17725,0,0,1
17712,17726,17727,0,1,1
17715,17727,17728,0,0,1
17721,17728,17729,0,0,1
17674,17729,17730,0,0,1
17731,17730,17725,1,0,0
16610,17465,17732,0,0,1,2008
17500,17732,17733,0,0,1
17597,17733,17734,0,0,1
17595,17734,17467,0,0,0
17510,17387,17735,0,0,1,8409
17508,17735,17736,0,0,1
17737,17736,17738,1,0,1
17443,17738,17739,0,0,1
17636,17439,17740,0,0,1
17389,17740,17739,0,0,0
17173,17457,17741,0,0,1,10024
17742,17741,17743,1,0,1
17744,17743,17665,1,0,0
17664,17659,17745,0,0,1,8746
17746,17646,17747,1,0,1
17372,17747,17748,1,0,1
17749,17375,17750,1,1,1
17648,17750,17751,0,0,1
17745,17649,17752,0,0,1
17748,17752,17751,0,0,0
17624,17589,17753,0,0,1,1752
17754,17753,17755,1,0,1
17756,17757,17758,1,1,1
17759,17758,17760,1,0,1
17761,17760,17762,1,0,1
17673,17763,17764,0,1,1
17312,17671,17765,0,0,1
17591,17765,17766,0,0,1
17755,17766,17767,0,0,1
17764,17762,17768,0,0,1
17670,17768,17767,0,0,0
17258,16506,17769,0,0,1,25047
17770,17769,17771,1,0,1
17772,17771,17773,1,0,1
17774,17773,17775,1,0,1
17776,17775,16508,1,0,0
17291,17254,17777,0,0,1,465
17778,17777,17779,1,0,1
17780,17779,17781,1,0,1
17782,17781,17783,1,0,1
17784,17783,17785,1,0,1
17786,17785,17787,1,0,1
17770,17787,17256,0,0,0
17788,16068,17789,1,0,1,37072
17790,17789,17791,1,0,1
17792,17791,17793,1,0,1
16760,17793,17794,1,0,1
16763,17794,17795,1,0,1
16765,17795,17037,1,0,0
17365,16912,17796,1,0,1,8745
17199,17202,17797,0,0,1
17196,17797,17798,0,0,1
17194,17197,17799,0,0,1
17796,17799,17798,0,0,0
17776,16510,17800,0,0,1,20696
17801,17800,17802,1,0,1
17803,17802,17804,1,0,1
17805,17804,17806,1,0,1
17807,17806,17503,1,0,0
17808,16889,17809,1,0,1,1849
17810,17809,17811,1,0,1
17403,17811,17812,0,0,1
17434,17404,17813,0,0,1
17432,17813,17814,0,0,1
17401,17814,17815,0,0,1
17265,17815,17816,0,0,1
16707,17816,17817,0,0,1
16704,17817,17812,0,0,0
17352,16642,17818,0,0,1,10041
17819,17350,17820,1,0,1
17821,17820,17822,1,0,1
17810,17406,17823,0,0,1
16887,17808,17824,0,0,1
17818,17824,17825,0,0,1
17822,17825,17823,0,0,0
17826,17669,17827,1,0,1,1833
17828,17827,17829,1,0,1
17540,17829,17538,0,0,0
17221,17224,17830,0,0,1,809
17218,17830,17831,0,0,1
17216,17219,17832,0,0,1
17833,17832,17834,1,0,1
17835,17834,17836,1,0,1
17837,17836,17831,1,0,0
17838,17839,17840,1,1,1,646
17491,17841,17842,1,1,1
17575,17842,17843,0,0,1
17573,17843,17844,0,0,1
17845,17844,17846,1,0,1
17847,17846,17840,1,0,0
17713,17717,17848,0,0,1,2007
17711,17714,17849,0,0,1
17850,17849,17851,1,0,1
17852,17851,17853,1,0,1
17854,17853,17855,1,0,1
3876,17855,17848,1,0,0
17112,17289,17856,0,0,1,209
17857,17856,17858,1,0,1
17859,17858,17860,1,0,1
17780,17860,17778,0,0,0
17861,16066,17862,1,0,1,39888
17863,17862,17864,1,0,1
17865,17864,17866,1,0,1
17867,17868,17869,1,1,1
17790,17870,17871,0,1,1
17866,17788,17872,0,0,1
17869,17872,17871,0,0,0
17873,16604,17874,1,0,1,9945
17604,17606,17875,0,0,1
17602,17875,17876,0,0,1
17600,17876,17874,0,0,0
17877,16064,17878,1,0,1,19413
17879,17878,17880,1,0,1
17881,17880,17882,1,0,1
17883,17882,17884,1,0,1
17885,17884,17861,1,0,0
17837,17223,17886,0,0,1,8745
17887,17886,17888,1,0,1
17889,17888,17890,1,0,1
17891,17890,17892,1,0,1
17893,17892,17894,1,0,1
17559,17894,17568,0,0,0
17828,17542,17895,0,0,1,1832
17744,17667,17896,0,0,1
17897,17896,17898,1,0,1
17899,17898,17900,1,0,1
17901,17900,17902,1,0,1
17903,17902,17904,1,0,1
17905,17904,17906,1,0,1
17544,17906,17907,0,0,1
17895,17545,17908,0,0,1
17826,17908,17907,0,0,0
17146,17148,17909,0,0,1,807
17481,17909,17910,0,0,1
17479,17910,17911,0,0,1
17153,17911,17912,0,0,1
17183,17912,17150,0,0,0
17488,17841,17913,0,1,1,902
1659,17913,17914,1,0,1
17915,17914,17838,1,0,1
17916,1521,17917,1,0,1,9095
17918,17917,17919,1,0,1
17920,17919,17921,1,0,1
17922,17923,17924,1,1,1
17925,17924,17926,1,0,1
17927,17928,17929,1,1,1
17930,17929,17931,1,0,1
1533,17931,17932,0,0,1
17933,17932,17934,1,0,1
17935,17934,17936,1,0,1
17937,17936,17938,1,0,1
1523,17938,17939,0,0,1
1585,1524,17940,0,0,1
17921,17940,17941,0,0,1
17926,17941,17939,0,0,0
17942,17943,17944,1,1,1,2769
17945,17946,17947,1,1,1
16780,17947,17948,0,0,1
16778,17948,17949,0,0,1
17857,17949,17950,1,0,1
17859,17950,17951,1,0,1
17782,17951,17952,1,0,1
17953,17952,17954,1,0,1
17955,17954,17956,1,0,1
17957,17956,17944,1,0,0
17958,16384,17959,1,0,1,54
17960,17959,17961,1,0,1
16374,17961,17962,0,0,1
17963,17962,17964,1,0,1
17965,17966,17967,1,1,1
17968,17969,17970,1,1,1
17971,17970,17972,1,0,1
17973,17972,17974,1,0,1
17975,17974,17976,1,0,1
17977,17976,17978,1,0,1
17964,17978,17967,0,0,0
17979,17171,17980,1,0,1,1831
17981,17980,17982,1,0,1
17983,17982,17984,1,0,1
17985,17984,17986,1,0,1
17897,17986,17742,0,0,0
16758,16754,17987,1,1,1,37840
17988,17987,17989,1,0,1
17990,17989,17991,1,0,1
17992,16062,17993,1,0,1,3025
17994,17993,17995,1,0,1
17879,17995,17877,0,0,0
17746,17370,17996,0,1,1,8234
17644,17996,17997,0,0,1
17998,17997,17999,1,0,1
17208,17999,18000,0,0,1
17204,18000,17368,0,0,1
17570,17845,18001,0,0,1,8839
18002,18003,18004,1,1,1,5073
18005,18004,18006,1,0,1
18007,17945,18008,1,0,1
18006,18007,18009,0,0,1
16782,18009,18008,0,0,0
17562,17633,18010,0,0,1,569
17893,18010,18011,0,0,1
18012,18011,18013,1,0,1
18014,18013,18015,1,0,1
18016,18015,18017,1,0,1
18018,18017,18019,1,0,1
18020,18019,17346,1,0,0
18021,17786,18022,1,0,1,12754
18023,18022,17772,1,0,0
17867,17870,18024,0,0,1,8401
18025,18024,18026,1,0,1
18027,18026,18028,1,0,1
18029,18028,18030,1,0,1
16761,18030,17792,1,0,0
16379,16382,18031,0,0,1,566
16377,18031,18032,0,0,1
17960,18032,18033,0,0,1
17958,18033,16381,0,0,0
18034,17835,18035,1,0,1,9001
18036,18035,18037,1,0,1
18038,18037,17887,1,0,0
18039,18040,18041,1,1,1,2007
18042,18043,18044,1,1,1
18045,18044,18046,1,0,1
17756,18046,18047,0,0,1
17754,17757,18048,0,0,1
17622,18048,18049,0,0,1
18050,18049,18051,1,0,1
18041,18051,18047,0,0,0
18052,17617,18053,1,0,1,2008
18054,18053,18055,1,0,1
18039,18056,18057,0,1,1
18050,18040,18058,0,0,1
17619,18058,18059,0,0,1
17620,18059,18060,0,0,1
17616,18060,18061,0,0,1
18055,18061,18057,0,0,0
17348,17819,18062,0,0,1,10040
18020,18062,18063,0,0,1
18018,18063,18064,0,0,1
18065,18064,18066,1,0,1
18067,18066,18068,1,0,1
18069,18068,18070,1,0,1
17408,18070,17821,0,0,0
18071,17889,18072,1,1,1,9000
18073,18072,18074,1,0,1
18075,18074,18076,1,0,1
18077,18075,18078,1,0,1
18079,18078,18080,1,0,1
17212,18081,18082,1,1,1
17214,18082,18083,1,0,1
17833,18083,18084,1,0,1
18034,18084,18085,1,0,1
18036,18085,18086,1,0,1
18038,18086,18087,1,0,1
18076,18087,18080,0,0,0
17165,17167,18088,0,0,1,806
18089,18088,18090,1,0,1
18091,18090,18092,1,0,1
18093,18092,18094,1,0,1
18095,18094,18096,1,0,1
18097,18096,18098,1,0,1
18099,18098,18100,1,0,1
18101,18100,18102,1,0,1
17979,18103,18104,0,1,1
17169,18104,18102,0,0,0
1746,17614,18105,1,0,1,9944
18106,18105,18107,1,0,1
18108,18107,18052,1,0,0
18109,18110,18111,1,1,1,902
17930,18111,18112,1,0,1
1535,18112,18113,1,0,1
1537,18113,18114,1,0,1
17299,18114,17297,0,0,0
18115,17839,18116,1,0,1,903
1663,1665,18117,0,0,1
1661,18117,18118,0,0,1
17915,18118,18116,1,0,0
18119,17854,18120,1,0,1,727
3874,3871,18121,1,1,1
3873,18121,18122,1,0,1
3877,18122,18120,1,0,0
18123,16060,18124,1,0,1,3026
18125,18124,18126,1,0,1
18127,18126,18128,1,0,1
17883,18129,18130,0,1,1
17881,18130,18131,0,0,1
17994,18131,18132,0,0,1
17992,18132,18128,0,0,0
18133,18134,18135,1,1,1,646
18136,18135,18137,1,0,1
17581,18137,18138,0,0,1
1516,18138,18139,1,0,1
18140,18141,18142,1,1,1,903
18143,18144,18145,1,1,1
18146,18147,18148,1,1,1
18149,18148,18150,1,0,1
18151,18150,18152,1,0,1
18153,18152,18154,1,0,1
18155,18156,18157,1,1,1
18142,18157,18158,0,0,1
18145,18158,18154,0,0,0
17873,17608,18159,0,0,1,10201
16602,18159,18160,0,0,1
18161,18160,18162,1,0,1
18163,18164,18165,1,1,1
18166,18165,18167,1,0,1
1741,18167,18168,1,0,1
17612,18168,18169,0,0,1
18162,17610,18170,0,0,1
18171,18170,18169,1,0,0
18172,18173,18174,1,1,1,16598
18023,18174,18175,1,0,1
17774,18175,18176,1,0,1
17801,18176,18177,1,0,1
18178,18177,18179,1,0,1
18180,18179,18181,1,0,1
18182,18181,18183,1,0,1
17885,17863,18184,0,0,1,16600
18129,18184,18185,0,0,1
18186,18185,18187,1,0,1
18188,18187,18189,1,0,1
18190,18189,18191,1,0,1
18192,18191,18193,1,0,1
18194,18193,18195,1,0,1
18196,18197,18198,1,1,1
17865,18198,18195,0,0,0
18071,17891,18199,1,0,1,8762
18200,18199,18201,1,0,1
18202,18201,18203,1,0,1
18204,18203,18012,1,0,0
18101,18103,18205,0,0,1,550
18206,18099,18207,1,0,1
18208,18207,18209,1,0,1
17983,18209,18210,0,0,1
17981,18210,18205,0,0,0
18139,18211,18212,0,1,1,902
1519,18212,18213,1,0,1
17916,18213,18214,1,0,1
17807,17502,18215,0,0,1,8665
18216,17805,18217,1,0,1
18218,18217,18219,1,0,1
17442,18220,18221,0,1,1
17737,18221,18222,0,0,1
17505,18222,18223,0,0,1
18215,17506,18224,0,0,1
18219,18224,18223,0,0,0
18225,18226,18227,1,1,1,16853
17953,18227,18228,0,0,1
17784,18228,18229,1,0,1
18021,18229,18230,1,0,1
18172,18230,18231,0,0,1
18196,17868,18232,0,0,1,16599
18233,18197,18234,1,0,1
18235,18234,18236,1,0,1
18025,18236,18232,0,0,0
1528,1588,18237,0,0,1,902
1526,18237,18238,0,0,1
17937,18238,18239,0,0,1
17935,18239,18240,0,0,1
1530,17933,18241,0,0,1
1531,18241,18240,0,0,0
17703,17726,18242,0,0,1,1752
18243,18242,18244,1,0,1
17706,18245,18246,0,1,1
17707,18246,18244,0,0,0
18178,17803,18247,1,0,1,8409
18180,18247,18248,1,0,1
18249,18248,18250,1,0,1
18251,18252,18253,1,1,1
18218,18253,18254,0,0,1
18216,18254,18250,0,0,0
18255,18256,18257,1,1,1,16854
18258,18259,18260,1,1,1
18261,18262,18263,1,1,1
18264,18265,18266,1,1,1
18267,18266,18268,1,0,1
18269,18268,18270,1,0,1
18271,18272,18273,1,1,1
18029,18274,18275,1,1,1
16757,18275,18276,0,0,1
17990,17988,18277,1,1,1
18278,18277,18279,1,0,1
18257,18280,18281,0,1,1
18270,18263,18282,0,0,1
18273,18282,18283,0,0,1
18276,18283,18284,0,0,1
18281,18285,18286,0,1,1
18260,18286,18287,0,0,1
18284,18288,18289,0,1,1
18279,18289,18287,0,0,0
16375,17963,18290,0,0,1,55
16372,18290,18291,0,0,1
16368,16370,18292,0,0,1
16802,18292,18293,1,0,1
18294,16804,18295,1,1,1
18296,18297,18298,1,1,1
18299,18298,18300,1,0,1
18301,18300,18302,1,0,1
17969,18302,18303,0,0,1
17965,18303,18304,0,0,1
18291,17966,18305,0,0,1
18293,18305,18306,0,0,1
18295,18306,18304,0,0,0
17130,17132,18307,0,0,1,552
18308,17128,18309,1,0,1
18310,18309,18311,1,0,1
17136,17139,18312,0,0,1
17134,18312,18313,0,0,1
18307,18313,18311,0,0,0
17547,17126,18314,0,0,1,551
18315,17905,18316,1,0,1
17901,18317,18318,0,1,1
18319,18318,18320,1,0,1
18321,18320,18322,1,0,1
18323,18322,18324,1,0,1
18325,18324,18326,1,0,1
18327,18326,18328,1,0,1
18329,18328,18330,1,0,1
17064,17068,18331,0,0,1
17138,18331,18332,0,0,1
18310,18332,18333,0,0,1
18314,18308,18334,0,0,1
18316,18334,18335,0,0,1
18336,18335,18337,1,0,1
18330,18337,18333,0,0,0
18317,17903,18338,0,0,1,1831
18336,18338,18315,0,0,0
18262,18288,18339,1,1,1,9175
18340,18339,18341,1,0,1
18342,18341,18343,1,0,1
18259,18344,18345,1,1,1
18258,18345,18343,1,0,0
18042,18045,18346,0,0,1,983
18347,18346,18348,1,0,1
17678,18348,18349,0,0,1
18350,18349,17759,1,0,0
18106,18108,18351,0,0,1,10200
18352,1748,18353,1,1,1
18354,18353,18355,1,0,1
17683,18355,18356,0,0,1
17684,18356,18357,0,0,1
17681,18357,18358,0,0,1
18347,18358,18359,0,0,1
18043,18359,18360,0,0,1
18056,18360,18361,0,0,1
18054,18361,18351,0,0,0
18235,18027,18362,0,0,1,16598
18363,18362,18364,1,0,1
18272,18269,18365,1,1,1
18366,18365,18367,1,0,1
18368,18367,18364,1,0,0
18369,18208,18370,1,0,1,8744
18371,18370,18372,1,0,1
18319,18372,18373,0,0,1
17899,18373,17985,0,0,0
18374,4995,18375,1,0,1,11219
18376,18377,18378,1,1,1
18379,18378,18380,1,0,1
18381,18380,18382,1,0,1
18123,18382,18383,0,0,1
16058,18383,18375,0,0,0
17642,17998,18384,0,0,1,553
17073,18384,18385,0,0,1
18386,18385,18387,1,0,1
18388,18387,18389,1,0,1
18390,18389,18391,1,0,1
18392,18391,17207,1,0,0
18214,18393,18394,0,1,1,9094
17918,18394,18395,1,0,1
18396,18397,18398,1,1,1
17922,18398,18399,1,0,1
17925,18399,18400,1,0,1
18401,17928,18402,1,1,1
18403,18404,18405,1,1,1
18406,18405,18407,1,0,1
18408,18407,18409,1,0,1
18395,18410,18411,0,1,1
18400,18411,18412,0,0,1
18402,18412,18409,0,0,0
18413,18414,18415,1,1,1,8839
18416,18415,18417,1,0,1
18245,17709,18418,0,0,1,984
17704,18243,18419,0,0,1
17701,18419,18420,0,0,1
17699,18420,18421,0,0,1
18422,18421,18423,1,0,1
18424,18423,18425,1,0,1
17850,18425,18418,0,0,0
18350,17761,18426,0,0,1,984
17679,18426,18427,0,0,1
17675,18427,18428,0,0,1
17731,17676,18429,0,0,1
17763,18429,18428,0,0,0
17447,16600,18430,0,0,1,2009
18431,18430,18432,1,0,1
18163,18433,18434,0,1,1
18171,18164,18435,0,0,1
18432,18161,18436,0,0,1
18434,18436,18435,0,0,0
18437,18016,18438,1,0,1,1848
18439,18438,18440,1,0,1
18441,18440,18442,1,0,1
18443,18442,18444,1,0,1
18445,18444,18446,1,0,1
18447,18446,18065,1,0,0
18448,17157,18449,1,0,1,647
18450,18451,18452,1,1,1
18453,18452,18454,1,0,1
18455,18454,18456,1,0,1
18457,18456,18458,1,0,1
17159,18458,18449,0,0,0
18251,18220,18459,0,0,1,473
18460,18459,18461,1,0,1
18462,18461,18463,1,0,1
18464,18463,18465,1,0,1
18466,18467,18468,1,1,1
18431,18468,18469,0,0,1
17445,18469,18465,0,0,0
18470,18471,18472,1,1,1,16854
17957,18472,18473,0,0,1
17955,18473,18225,0,0,0
4989,4992,18474,0,0,1,31697
18475,18474,18476,1,0,1
18477,18478,18479,1,1,1
18480,18481,18482,1,1,1
18376,18482,18483,0,0,1
18374,18377,18484,0,0,1
4991,18484,18485,0,0,1
18476,18485,18486,0,0,1
18479,18486,18483,0,0,0
18487,18200,18488,1,0,1,8760
18489,18488,18490,1,0,1
18491,18490,18492,1,0,1
18437,18493,18494,0,1,1
18014,18494,18495,0,0,1
18204,18495,18496,0,0,1
18202,18496,18492,0,0,0
18497,18489,18498,1,1,1,823
18499,18498,18500,1,0,1
18501,18502,18503,1,1,1
18504,18505,18506,1,1,1
18507,18506,18508,1,0,1
18509,18508,18510,1,0,1
18511,18512,18513,1,1,1
18073,18513,18514,0,0,1
18487,18514,18515,1,0,1
18500,18515,18516,0,0,1
18510,18503,18517,0,0,1
18518,18517,18516,1,0,0
18392,17210,18519,0,0,1,808
18520,18519,18521,1,0,1
18522,18521,18523,1,0,1
18524,18523,18525,1,0,1
18079,18526,18527,1,1,1
18081,18527,18525,1,0,0
18528,18127,18529,1,0,1,16597
18530,18529,18531,1,0,1
18532,18531,18533,1,0,1
18534,18533,18535,1,0,1
18536,18535,18537,1,0,1
18538,18537,18539,1,0,1
18540,18539,18186,1,0,0
18381,18125,18541,0,0,1,19412
18542,18541,18543,1,0,1
18532,18544,18545,0,1,1
18530,18545,18546,0,0,1
18528,18546,18543,0,0,0
18097,18206,18547,0,0,1,8743
18095,18547,18548,0,0,1
18549,18548,18550,1,0,1
18551,18550,18552,1,0,1
18371,18321,18553,0,0,1
18552,18369,18554,0,0,1
18555,18554,18553,1,0,0
18424,17852,18556,0,0,1,983
18557,18556,18558,1,0,1
3869,18558,18119,1,0,0
18226,18471,18559,0,0,1,8664
18560,18561,18562,1,1,1,823
18563,18562,18564,1,0,1
18565,18564,18566,1,0,1
18567,18566,18568,1,0,1
18569,18568,18570,1,0,1
18571,18572,18573,1,1,1
18574,18573,18575,1,0,1
18576,18575,18570,1,0,0
18577,18578,18579,1,1,1,9095
18580,18579,18581,1,0,1
18582,18581,18583,1,0,1
18450,18583,18584,0,0,1
18451,18584,18585,0,0,1
18586,18585,18587,1,0,1
17927,18401,18588,1,0,1,13190
18109,18588,18589,0,0,1
18590,18589,18591,1,0,1
18464,18467,18592,0,0,1,472
18593,18592,18594,1,0,1
18595,18594,18596,1,0,1
18597,18598,18599,1,1,1
18600,18599,18601,1,0,1
1736,18601,18602,1,0,1
18603,18602,18604,1,0,1
18466,18604,18596,0,0,0
18605,18386,18606,1,1,1,568
18607,18606,18608,1,0,1
18609,18610,18611,1,1,1
18612,18613,18614,1,1,1
18615,18614,18616,1,0,1
18617,18616,18618,1,0,1
18619,18618,18620,1,0,1
18621,18620,18622,1,0,1
18623,18622,18624,1,0,1
18625,18624,18626,1,0,1
18627,18626,18628,1,0,1
18629,18628,18630,1,0,1
18631,18630,18632,1,0,1
18633,18634,18635,1,1,1
18636,18633,18637,1,0,1
18638,18637,18639,1,0,1
18640,18639,18641,1,0,1
17067,18641,18642,1,0,1
17070,18642,18643,1,0,1
18608,18643,18644,0,0,1
18611,18644,18645,0,0,1
18632,18645,18635,0,0,0
18646,18647,18648,1,1,1,567
18649,18650,18651,1,1,1
18652,18651,18653,1,0,1
18654,18655,18656,1,1,1
18657,18656,18658,1,0,1
18659,18660,18661,1,1,1
18662,18663,18664,1,1,1
18665,18664,18666,1,0,1
18667,18666,18668,1,0,1
18667,18669,18670,0,1,1
18671,18670,18672,1,0,1
18673,18672,18674,1,0,1
18675,18676,18677,1,1,1
18327,18677,18678,1,0,1
18329,18678,18679,1,0,1
18638,18640,18680,0,0,1
18648,18636,18681,0,0,1
18682,18681,18683,1,0,1
18684,18683,18685,1,0,1
18653,18685,18686,0,0,1
18668,18661,18687,0,0,1
18679,18674,18688,0,0,1
18686,18680,18689,0,0,1
18690,18689,18691,1,0,1
18687,18658,18692,0,0,1
18669,18692,18693,0,0,1
18691,18688,18694,0,0,1
18695,18694,18693,1,0,0
18457,17161,18696,0,0,1,807
18697,18698,18699,1,1,1
18700,18699,18701,1,0,1
18702,18701,18703,1,0,1
18704,18703,18705,1,0,1
18706,18705,18707,1,0,1
18708,18707,18709,1,0,1
18091,18710,18711,0,1,1
18696,17163,18712,0,0,1
18711,18709,18713,0,0,1
18089,18713,18712,0,0,0
18166,1742,18714,0,1,1,1752
18433,18714,18715,0,0,1
18603,18715,1739,0,0,1
18716,18717,18718,1,1,1,16852
18719,18720,18721,1,1,1
18722,18721,18723,1,0,1
18724,18723,18725,1,0,1
18726,18725,18718,1,0,0
18493,18439,18727,0,0,1,568
18491,18727,18728,0,0,1
18497,18728,18729,1,0,1
18730,18729,18731,1,0,1
18732,18731,18733,1,0,1
18734,18733,18735,1,0,1
18736,18735,18737,1,0,1
18738,18737,18739,1,0,1
18740,18739,18741,1,0,1
18742,18741,18743,1,0,1
18744,18743,18441,1,0,0
3804,18745,18746,1,1,1,903
18747,3806,18748,1,1,1
18749,18748,18750,1,0,1
18751,18750,18752,1,0,1
18753,18752,18754,1,0,1
18755,18754,18756,1,0,1
18757,18758,18759,1,1,1
18746,18759,18756,0,0,0
17697,18422,18760,0,0,1,2007
17695,18760,18761,0,0,1
18762,18761,18763,1,0,1
18764,18763,18765,1,0,1
18766,18765,18557,1,0,0
18549,18551,18767,0,0,1,551
18093,18767,18768,0,0,1
18710,18768,18769,0,0,1
18770,18769,18771,1,0,1
18772,18194,18773,1,0,1,12759
18267,18773,18774,1,0,1
18363,18774,18233,0,0,0
18775,18190,18776,1,0,1,8664
18777,18776,18778,1,0,1
18779,18780,18781,1,1,1
18782,18781,18783,1,0,1
18784,18783,18785,1,0,1
18786,18785,18787,1,0,1
18788,18789,18790,1,1,1
18791,18792,18793,1,1,1
18794,18793,18795,1,0,1
18796,18797,18798,1,1,1
18264,18799,18800,1,1,1
18772,18800,18801,0,0,1
18778,18192,18802,0,0,1
18787,18802,18803,0,0,1
18795,18790,18804,0,0,1
18798,18804,18805,0,0,1
18801,18805,18803,0,0,0
18540,18188,18806,0,0,1,11224
18538,18806,18807,0,0,1
18808,18536,18809,1,0,1
18810,18809,18811,1,0,1
18812,18811,18813,1,0,1
18780,18813,18814,0,0,1
18777,18814,18815,0,0,1
18775,18815,18807,0,0,0
18499,18730,18816,1,0,1,567
18502,18816,18817,1,0,1
18818,18817,18819,1,0,1
18820,18821,18822,1,1,1
18823,18822,18824,1,0,1
18825,18824,18826,1,0,1
18738,18827,18828,0,1,1
18736,18828,18829,0,0,1
18732,18734,18830,0,0,1
18819,18830,18831,0,0,1
18826,18831,18829,0,0,0
18252,18832,18833,1,1,1,8665
18460,18833,18834,1,0,1
18462,18834,18835,1,0,1
18593,18835,18836,1,0,1
18837,18838,18839,1,1,1
18840,18839,18841,1,0,1
18842,18843,18844,1,1,1
18845,18844,18846,1,0,1
18836,18846,18841,0,0,0
18847,18524,18848,1,0,1,824
18849,18848,18850,1,0,1
18612,18851,18852,1,1,1
18853,18854,18855,1,1,1
18856,18855,18857,1,0,1
18858,18857,18859,1,0,1
18860,18859,18861,1,0,1
18862,18861,18863,1,0,1
18864,18863,18865,1,0,1
18866,18867,18868,1,1,1
18869,18868,18870,1,0,1
18871,18870,18872,1,0,1
18873,18872,18874,1,0,1
18865,18615,18875,0,1,1
18874,18876,18877,0,1,1
18850,18877,18878,0,0,1
18852,18878,18875,0,0,0
18605,18388,18879,1,0,1,10041
18880,18879,18881,1,0,1
18849,18882,18883,0,1,1
18847,18883,18884,0,0,1
18522,18884,18885,0,0,1
18520,18885,18886,0,0,1
18390,18886,18881,0,0,0
18887,18888,18889,1,1,1,903
18890,18889,18891,1,0,1
18892,18891,18893,1,0,1
18675,18325,18894,0,1,1,566
18676,18894,18895,0,0,1
18673,18895,18896,0,0,1
18671,18896,18897,0,0,1
18898,18897,18899,1,0,1
18900,18899,18901,1,0,1
18902,18901,18903,1,0,1
18904,18903,18905,1,0,1
18906,18907,18908,1,1,1,550
18909,18908,18910,1,0,1
18911,18912,18913,1,1,1
18914,18913,18915,1,0,1
18916,18917,18918,1,1,1
18919,18918,18920,1,0,1
18921,18920,18922,1,0,1
18923,18922,18924,1,0,1
18925,18924,18926,1,0,1
18927,18926,18928,1,0,1
18708,18928,18929,1,0,1
18770,18929,18930,1,0,1
18771,18930,18931,1,0,1
18555,18931,18932,1,0,1
18323,18932,18933,1,0,1
18905,18933,18934,0,0,1
18915,18910,18935,0,0,1
18936,18935,18934,1,0,0
18840,18843,18937,0,0,1,8664
18837,18937,18938,0,0,1
18595,18838,18939,1,0,1
18598,18939,18940,1,0,1
18941,18597,18942,1,1,1
18943,18942,18944,1,0,1
18945,18944,18946,1,0,1
18938,18946,18940,0,0,0
18947,18948,18949,1,1,1,1847
18950,18949,18951,1,0,1
18952,18953,18954,1,1,1
18955,18954,18956,1,0,1
18957,18956,18958,1,0,1
18959,18958,18960,1,0,1
18961,18960,18962,1,0,1
18963,18962,18964,1,0,1
18965,18964,18966,1,0,1
18654,18966,18967,0,0,1
18655,18967,18968,0,0,1
18695,18968,18969,0,0,1
18652,18690,18970,0,0,1
18951,18649,18971,0,0,1
18969,18971,18970,0,0,0
18610,18607,18972,1,1,1,1848
18609,18972,18973,1,0,1
18851,18613,18974,0,1,1
18882,18974,18975,0,0,1
18880,18975,18973,0,0,0
18976,18977,18408,1,1,0,902
18764,18766,18978,0,0,1,1927
17693,18762,18979,0,0,1
17691,18979,18980,0,0,1
3859,18981,18982,1,1,1
3861,18982,18983,1,0,1
3865,3863,18984,1,1,1
3867,18984,18985,1,0,1
18978,18985,18986,0,0,1
18980,18986,18983,0,0,0
18544,18534,18987,0,0,1,19415
18988,18987,18989,1,0,1
18990,18989,18991,1,0,1
18992,18991,18993,1,0,1
18994,18993,18995,1,0,1
18996,18995,18997,1,0,1
18998,18997,18808,1,0,0
18379,18542,18999,0,0,1,16597
18480,18999,19000,0,0,1
19001,19000,19002,1,0,1
19003,19002,19004,1,0,1
19005,19004,19006,1,0,1
19007,19006,18988,1,0,0
19008,19009,19010,1,1,1,901
19011,19012,19013,1,1,1
19014,19013,19015,1,0,1
18977,19015,19016,0,0,1
18406,19016,19017,0,0,1
18403,19017,19010,0,0,0
18580,18582,19018,0,0,1,903
19019,19018,19020,1,0,1
19021,19020,19022,1,0,1
19023,19022,19024,1,0,1
19025,19026,19027,1,1,1
19028,19027,19029,1,0,1
19030,19029,19031,1,0,1
19032,19031,19033,1,0,1
19034,19033,19035,1,0,1
19036,19037,19038,1,1,1
19039,19038,19040,1,0,1
18455,18698,19041,0,0,1
18453,19041,19042,0,0,1
19024,19042,19043,0,0,1
19035,19044,19045,0,1,1
19040,19045,19043,0,0,0
3887,3834,19046,1,1,1,903
19047,19046,19048,1,0,1
3832,19048,3835,1,0,1
18261,18340,19049,1,0,1,16855
19050,19049,19051,1,0,1
19052,19051,19053,1,0,1
19054,19053,19055,1,0,1
16844,16836,19056,1,1,1,1846
16813,16809,19057,1,1,1
16812,19057,19058,1,0,1
19059,19058,19060,1,0,1
19061,19060,19062,1,0,1
2096,19062,19063,1,0,1
19064,19065,19066,1,1,1
1987,1984,19067,1,1,1
19068,1989,19069,1,1,1
1999,19069,19070,1,0,1
2079,19070,19071,1,0,1
2003,19071,19072,1,0,1
19073,19072,19074,1,0,1
19075,19076,19077,1,1,1
19078,19077,19079,1,0,1
2011,19079,19080,1,0,1
2062,2013,19081,1,1,1
2064,19081,19082,1,0,1
2066,19082,19083,1,0,1
2017,19083,19084,1,0,1
19085,2016,19086,1,1,1
17975,19086,19087,0,0,1
17973,19087,19088,0,0,1
19089,19090,19091,1,1,1
19092,19093,19094,1,1,1
18294,19095,19096,0,1,1
16807,19096,19097,1,0,1
19056,16806,19098,0,1,1
16810,19098,19099,1,0,1
19066,19063,19100,0,0,1
19074,19067,19101,0,0,1
19080,19102,19103,0,1,1
19084,2014,19104,0,1,1
19088,19104,19105,0,0,1
19106,19105,19107,1,0,1
19091,19107,19108,0,0,1
19094,19108,19109,0,0,1
19097,19110,19111,0,1,1
19099,19111,19112,0,0,1
19100,19112,19113,0,0,1
19101,19113,19114,0,0,1
19115,19114,19116,1,0,1
19109,19103,19117,0,0,1
19118,19117,19119,1,0,1
19120,19119,19116,1,0,0
19005,19003,19121,1,1,1,19414
18990,19007,19122,1,1,1
19123,19124,19125,1,1,1
19126,19125,19127,1,0,1
19126,19128,19129,0,1,1
19130,19129,19131,1,0,1
19132,19131,19133,1,0,1
18481,18477,19134,1,1,1
19001,19134,19135,1,0,1
19121,19135,19136,0,0,1
19127,19137,19138,0,1,1
19128,19138,19139,0,0,1
19136,19133,19140,0,0,1
19122,19140,19141,0,0,1
19142,19141,19143,1,0,1
19144,19143,19139,1,0,0
19145,1733,19146,1,0,1,984
1729,19146,19147,0,0,1
19148,1726,19149,1,0,1
19150,19149,19151,1,0,1
19152,19151,19153,1,0,1
19154,19153,19155,1,0,1
19156,19155,19157,1,0,1
19158,19157,19159,1,0,1
18941,19158,19160,0,0,1
18600,19160,19161,1,0,1
1737,19161,19162,0,0,1
19147,19162,19159,0,0,0
19163,17418,19164,1,0,1,823
19165,19164,19166,1,0,1
19167,19166,17420,1,0,0
19168,19169,19170,1,1,1,8665
19171,19170,19172,1,0,1
19173,19174,18726,1,1,0,8664
19130,19132,19175,0,0,1,19413
19176,19175,19177,1,0,1
19178,19177,18478,1,0,1
19179,19180,19181,1,1,1,19157
19182,19181,19183,1,0,1
19184,19183,19185,1,0,1
19054,19185,19186,1,0,1
19055,19186,19187,1,0,1
18342,19187,19188,1,0,1
19189,19188,19190,1,0,1
18998,18810,19191,0,0,1,471
19192,18996,19193,1,0,1
19194,19193,19195,1,0,1
19196,19195,19197,1,0,1
18782,19197,19198,0,0,1
18779,19198,19199,0,0,1
18812,19199,19191,0,0,0
19200,19201,19202,1,1,1,3025
19203,19202,19204,1,0,1
19205,19204,19206,1,0,1
19207,19206,19208,1,0,1
6849,19208,19209,1,0,1
18475,4986,19210,1,1,1
19211,19178,19212,1,0,1
19213,19211,19214,1,0,1
19209,19214,19215,0,0,1
19210,19215,19212,0,0,0
19216,19217,19218,1,1,1,9095
19219,19218,19220,1,0,1
3808,19221,19222,0,1,1
18747,19222,19223,1,0,1
18749,19223,19224,1,0,1
18751,19224,19225,1,0,1
19226,19227,19228,1,1,1
19220,19228,19225,0,0,0
19229,1734,19230,1,1,1,10200
19231,19230,1806,1,0,1
18704,18706,19232,0,0,1,8999
19233,19234,19235,1,1,1
18925,19235,19236,1,0,1
18927,19236,19232,1,0,0
18354,17686,19237,0,0,1,2007
1750,18352,19238,1,0,1
19239,19238,19240,1,0,1
19241,19240,19242,1,0,1
17689,19242,19237,0,0,0
19243,19244,19245,1,1,1,16855
19246,19245,19247,1,0,1
19248,19249,19250,1,1,1
19251,19250,19252,1,0,1
19253,19252,19254,1,0,1
19255,19254,19256,1,0,1
19257,19256,19247,1,0,0
19258,18299,19259,1,0,1,56
19260,19259,19261,1,0,1
19262,19261,19263,1,0,1
19264,19263,19265,1,0,1
19090,19265,19266,0,0,1
3889,3846,19267,1,1,1,8839
19268,3849,19269,1,1,1
19270,19269,19271,1,0,1
3816,19272,19273,1,1,1
19274,19273,19275,1,0,1
3840,19275,19276,1,0,1
19277,19276,19278,1,0,1
19279,19280,19281,1,1,1
19267,19282,19283,0,1,1
19278,19271,19284,0,0,1
19281,19284,19283,0,0,0
18992,18994,19285,0,0,1,16854
19142,19285,19286,1,0,1
19287,19286,19288,1,0,1
19289,19288,19290,1,0,1
19291,19290,19292,1,0,1
18788,18792,19293,0,0,1
18784,18786,19294,0,0,1
19196,19294,19295,0,0,1
19292,19192,19296,0,0,1
19297,19296,19298,1,0,1
19293,19298,19299,0,0,1
19295,18789,19300,0,0,1
19194,19300,19299,0,0,0
19301,19302,19303,1,1,1,1846
19304,19305,19306,1,1,1
18663,19306,19307,1,0,1
18662,19307,19303,1,0,0
19172,19308,19309,0,1,1,16856
19310,19309,19311,1,0,1
19312,19311,19313,1,0,1
19314,19315,19316,1,1,1
19317,19318,19319,1,1,1
19313,19319,19316,0,0,0
3838,19047,19320,1,0,1,1671
19274,3837,19321,0,1,1
3819,19321,19322,1,0,1
3830,19322,19320,1,0,0
19323,3855,19324,1,1,1,646
19325,19324,19326,1,0,1
19327,19326,19328,1,0,1
19329,19328,19330,1,0,1
19331,19332,19333,1,1,1
19334,19333,19335,1,0,1
19336,19335,19337,1,0,1
19338,19339,19340,1,1,1
19341,19340,19342,1,0,1
19343,19342,19344,1,0,1
19345,19346,19347,1,1,1
19348,19347,19349,1,0,1
19350,19351,19352,1,1,1
19353,19352,19354,1,0,1
19355,19354,19356,1,0,1
19357,19358,19359,1,1,1
19360,19359,19361,1,0,1
19268,19361,19362,0,0,1
3848,19362,19363,1,0,1
3852,19363,19364,1,0,1
19330,3851,19365,0,1,1
19344,19337,19366,0,0,1
19349,19366,19367,0,0,1
19364,19356,19368,0,0,1
19365,19368,19367,0,0,0
19369,19370,19371,1,1,1,8663
19372,19371,19373,1,0,1
19374,19373,19375,1,0,1
19376,19375,19377,1,0,1
19378,19377,19379,1,0,1
19380,19381,19382,1,1,1
19383,19382,19384,1,0,1
19385,19384,19386,1,0,1
19387,19291,19388,1,1,1
18799,18796,19389,1,1,1
18265,19389,19390,0,0,1
19391,19390,19392,1,0,1
19393,19392,19394,1,0,1
19395,19394,19396,1,0,1
19379,19396,19397,0,0,1
19388,19386,19398,0,0,1
19399,19398,19397,1,0,0
18864,18876,19400,0,0,1,823
18862,19400,19401,0,0,1
18860,19401,19402,0,0,1
19403,19402,18867,1,0,0
19279,19282,19404,0,0,1,8840
19277,19280,19405,0,0,1
3842,19405,19406,1,0,1
3844,19406,19404,1,0,0
19407,19408,19409,1,1,1,9177
19410,19409,19152,1,0,1
19266,18301,19411,0,0,1,8247
19106,19411,19412,0,0,1
17971,19412,17968,0,0,0
19304,18659,19413,0,1,1,1847
19305,19413,19414,0,0,1
19415,19416,19417,1,1,1
19418,19417,19419,1,0,1
19420,19419,19414,1,0,0
17688,18981,19421,0,0,1,10120
19241,19421,19422,0,0,1
19423,19424,19425,1,1,1
19426,19425,19427,1,0,1
19428,19427,19429,1,0,1
3857,19430,19431,1,1,1
19422,19431,19432,0,0,1
19433,19432,19429,1,0,0
19434,19435,19436,1,1,1,9944
19437,19438,19439,1,1,1
19440,19439,19436,1,0,0
19441,19442,19443,1,1,1,19158
19444,19443,19445,1,0,1
19434,19445,19446,1,0,1
3828,3885,19447,1,1,1,903
3821,3827,19448,1,1,1
3823,19448,19449,1,0,1
3825,19449,19447,1,0,0
19450,19451,19452,1,1,1,8664
19453,19452,19454,1,0,1
19455,19456,19457,1,1,1
19458,19459,19460,1,1,1
19461,19460,19462,1,0,1
19463,19462,19464,1,0,1
19465,19464,19466,1,0,1
19467,19466,19468,1,0,1
19243,19468,19469,0,0,1
19470,19469,19471,1,0,1
19472,19470,19473,1,0,1
19312,19473,19474,1,0,1
19318,19314,19475,1,1,1
19454,19475,19476,0,0,1
19457,19476,19477,0,0,1
19474,19471,19478,0,0,1
19315,19478,19477,1,0,0
19450,19479,19480,1,1,1,9945
19481,19480,19482,1,0,1
19483,19482,19484,1,0,1
19485,19484,19486,1,0,1
19150,19487,19488,1,1,1
19410,19488,19486,0,0,0
19489,19490,19491,1,1,1,16854
19393,19491,19492,0,0,1
19493,19492,19494,1,0,1
19184,19494,19182,0,0,0
19495,1752,19496,1,1,1,1927
19497,19496,19498,1,0,1
19499,19500,19501,1,1,1
19502,19501,19503,1,0,1
19504,19503,19505,1,0,1
19506,19505,19507,1,0,1
19508,19507,19509,1,0,1
19424,19509,19510,0,0,1
19433,19510,19511,0,0,1
19239,19511,19498,0,0,0
19512,19513,19514,1,1,1,567
19515,19514,19516,1,0,1
19517,19516,19518,1,0,1
19519,19518,19520,1,0,1
19521,19520,19522,1,0,1
19523,19522,19524,1,0,1
19525,19524,19526,1,0,1
19527,19528,19529,1,1,1
19530,19529,19531,1,0,1
19532,19531,19533,1,0,1
19534,19533,19535,1,0,1
19536,19535,19537,1,0,1
18858,19537,19538,1,0,1
19403,19538,19539,1,0,1
18866,19539,19526,1,0,0
19110,19095,19540,0,0,1,1847
19120,19540,19541,0,0,1
19542,19543,19544,1,1,1
19258,19544,19545,0,0,1
18296,19545,19546,0,0,1
18297,19546,19541,0,0,0
19446,19547,19548,0,1,1,18134
19438,19548,19549,1,0,1
19550,19549,19551,1,0,1
19246,19551,19467,0,0,0
19552,19553,19554,1,1,1,2009
19555,19554,19556,1,0,1
19557,19556,19558,1,0,1
18742,19559,19560,0,1,1,1848
19561,19560,19562,1,0,1
19563,19564,19565,1,1,1
19566,19565,19567,1,0,1
19568,19569,19570,1,1,1
19562,19570,19567,0,0,0
19420,18660,19571,0,1,1,55
19418,19571,19572,0,0,1
19573,19572,19574,1,0,1
19575,19574,19576,1,0,1
19577,19576,19578,1,0,1
19579,19578,19580,1,0,1
19581,19580,19582,1,0,1
19583,19582,19584,1,0,1
19585,19584,19586,1,0,1
19587,19586,19588,1,0,1
18965,19588,18657,1,0,1
19589,19590,19591,1,1,1,9094
19592,19591,19593,1,0,1
19594,19593,19595,1,0,1
19596,19595,19597,1,0,1
19598,19599,19600,1,1,1
3810,19601,19602,0,1,1
19221,19602,19603,0,0,1
19219,19603,19604,0,0,1
19597,19604,19600,0,0,0
19428,19430,19605,0,0,1,8839
19426,19605,19606,0,0,1
19607,19608,19609,1,1,1
19323,19610,19611,0,1,1
3854,19611,19612,1,0,1
19606,19612,19609,0,0,0
19613,19542,19614,1,0,1,1848
19615,19614,19616,1,0,1
19089,19093,19617,0,0,1
19264,19617,19618,0,0,1
19262,19618,19619,0,0,1
19260,19619,19616,0,0,0
19620,19621,19622,1,1,1,567
19575,19622,19623,0,0,1
19573,19623,19415,0,0,0
1808,1754,19624,1,1,1,1928
1810,19624,19625,1,0,1
19626,19627,19628,1,1,1
19629,19630,19631,1,1,1
19502,19631,19632,0,0,1
19633,19632,19634,1,0,1
19635,19634,19636,1,0,1
19637,19638,19639,1,1,1
19500,19639,19640,0,0,1
19497,19640,19641,0,0,1
19495,19641,19642,0,0,1
19625,19642,19643,0,0,1
19644,19643,19645,1,0,1
19628,19645,19636,0,0,0
19387,19297,19646,1,0,1,8665
18797,19399,19647,0,1,1
18794,19647,19648,0,0,1
18791,19648,19646,0,0,0
19032,19034,19649,0,0,1,902
19650,19649,19651,1,0,1
19652,19651,19037,1,0,0
19453,19481,19653,1,0,1,1753
19456,19653,19654,1,0,1
19655,19656,19657,1,1,1
1703,19657,19658,1,0,1
19659,19658,19660,1,0,1
19661,19660,19662,1,0,1
19663,19662,19664,1,0,1
19665,19664,19666,1,0,1
19667,19666,19668,1,0,1
19669,19668,19670,1,0,1
19671,19672,19673,1,1,1
19485,19673,19674,0,0,1
19483,19674,19675,0,0,1
19654,19675,19670,0,0,0
19487,19148,19676,0,1,1,2009
19671,19676,19677,0,0,1
19678,19679,19680,1,1,1
1712,19680,19681,1,0,1
1715,19681,19682,1,0,1
19683,19682,19684,1,0,1
1719,19684,19685,1,0,1
1722,19685,19686,1,0,1
1724,19686,19687,1,0,1
1727,19687,19677,1,0,0
19688,19689,19690,1,1,1,10200
19691,19690,19692,1,0,1
19693,19694,19695,1,1,1
19696,19695,19697,1,0,1
19698,19699,19700,1,1,1
19701,19700,19702,1,0,1
19703,19702,19704,1,0,1
19705,19704,19706,1,0,1
19707,19706,19708,1,0,1
19692,19708,19697,0,0,0
19137,19144,19709,1,1,1,11222
19710,19709,19711,1,0,1
19712,19713,19714,1,1,1
19383,19714,19715,1,0,1
19289,19385,19716,0,1,1
19287,19716,19717,0,0,1
19711,19717,19715,0,0,0
19201,19718,19719,1,1,1,8405
19720,19719,19721,1,0,1
19722,19723,19724,1,1,1
19725,19724,19726,1,0,1
19710,19726,19727,0,0,1
19721,19124,19728,0,1,1
19729,19728,19727,1,0,0
19272,3817,19730,0,1,1,903
19731,19732,19733,1,1,1
19734,19733,19735,1,0,1
19736,19735,19737,1,0,1
19738,19737,19739,1,0,1
19740,19739,19741,1,0,1
3814,19741,19730,1,0,0
18827,18740,19742,0,0,1,823
18825,19742,19743,0,0,1
18823,19743,19744,0,0,1
19745,18820,19746,1,0,1
19747,19746,19748,1,0,1
19561,19564,19749,0,0,1
19744,19749,19748,0,0,0
19750,19039,19751,1,0,1,8999
19752,19751,19753,1,0,1
19754,19753,19755,1,0,1
19756,19755,19757,1,0,1
19758,19757,19759,1,0,1
19760,19759,19761,1,0,1
18700,19761,18697,0,0,0
19200,19720,19762,1,0,1,19412
19203,19762,19763,1,0,1
19764,19763,19765,1,0,1
19766,19765,19767,1,0,1
6847,19207,19768,0,1,1,16596
19769,19768,19770,1,0,1
19771,19770,19772,1,0,1
19764,19772,19205,0,0,1
19360,19270,19773,0,0,1,902
19774,19773,19775,1,0,1
19776,19775,19777,1,0,1
19778,19779,19780,1,1,1
19781,19780,19782,1,0,1
19783,19782,19784,1,0,1
19785,19784,19786,1,0,1
19787,19786,19788,1,0,1
19789,19788,19790,1,0,1
19791,19790,19792,1,0,1
19732,19792,19777,0,0,0
16827,16840,19793,0,0,1,1846
2084,16824,19794,0,0,1
19795,19794,19796,1,0,1
19797,19796,19798,1,0,1
16829,19798,19793,0,0,0
19799,19800,19801,1,1,1,1752
19802,19801,19803,1,0,1
19461,19802,19804,0,0,1
19805,19804,19806,1,0,1
19807,19806,19808,1,0,1
19809,19808,19810,1,0,1
1697,19810,19811,0,0,1
1695,19811,19812,0,0,1
19813,19812,19814,1,0,1
19815,19814,19816,1,0,1
19817,19816,19818,1,0,1
19819,19818,19820,1,0,1
19821,19820,19822,1,0,1
19698,19822,19823,0,0,1
19824,19825,19826,1,1,1
19693,19827,19828,0,1,1
19829,19828,19830,1,0,1
19803,19830,19831,0,0,1
19823,19831,19826,0,0,0
19459,19455,19832,1,1,1,472
19458,19832,19833,1,0,1
19805,19833,19834,1,0,1
19807,19834,19835,1,0,1
19836,19835,19656,1,0,0
19825,19699,19837,1,1,1,2008
19824,19837,19838,1,0,1
19827,19838,19696,1,0,1
18912,18909,19839,1,1,1,549
18936,18914,19840,1,1,1
18917,19840,19841,1,0,1
19842,19841,19843,1,0,1
19844,19843,19845,1,0,1
19846,19845,19847,1,0,1
19839,19848,19849,0,1,1
18911,19849,19847,1,0,0
19738,19740,19850,0,0,1,8839
19851,19850,19852,1,0,1
19853,19852,19854,1,0,1
19855,19854,19856,1,0,1
19857,19856,19858,1,0,1
19859,19858,19860,1,0,1
19599,19860,19861,1,0,1
19601,19598,19862,1,1,1
3812,19862,19861,1,0,0
18702,19234,19863,0,0,1,806
19760,19863,19864,0,0,1
19865,19864,19866,1,0,1
19867,19866,19868,1,0,1
18923,19868,19233,1,0,0
19731,19734,19869,0,0,1,647
19791,19869,19870,0,0,1
19871,19870,19872,1,0,1
19610,19325,19873,0,0,1,902
19607,19873,19874,0,0,1
19875,19874,19876,1,0,1
19877,19878,19879,1,1,1
19880,19881,19882,1,1,1
19332,19882,19883,0,0,1
19329,19883,19884,0,0,1
19327,19884,19885,0,0,1
19876,19885,19879,0,0,0
19543,19613,19886,0,0,1,10039
19118,19886,19887,0,0,1
19092,19887,19615,0,0,0
19423,19608,19888,0,0,1,646
19508,19888,19889,0,0,1
19890,19889,19891,1,0,1
19892,19891,19893,1,0,1
19894,19893,19895,1,0,1
19896,19895,19897,1,0,1
19878,19897,19875,0,0,0
19898,19899,19900,1,1,1,645
19901,19900,19902,1,0,1
18919,19903,19904,0,1,1
18916,19904,19905,0,0,1
19906,19905,19907,1,0,1
19846,19908,19909,1,1,1
19910,19909,19911,1,0,1
19912,19911,19913,1,0,1
19902,19913,19907,0,0,0
16469,6844,19914,0,0,1,19412
19915,19914,19916,1,0,1
19917,19916,19918,1,0,1
19919,19918,19769,1,0,0
19920,19921,19922,1,1,1,1846
19923,19924,19925,1,1,1
19926,19925,19927,1,0,1
19928,19927,19929,1,0,1
19930,19929,19931,1,0,1
19932,19931,19933,1,0,1
3625,19933,19934,0,0,1
3626,19934,19935,0,0,1
3622,19935,19936,0,0,1
3623,19936,19937,0,0,1
19938,19937,19939,1,0,1
19940,19939,19941,1,0,1
19938,19940,19942,0,0,1
3615,19942,19943,0,0,1
3612,19943,19944,0,0,1
3613,19944,19945,0,0,1
19946,19945,19947,1,0,1
19948,19947,19949,1,0,1
19950,19949,19951,1,0,1
19952,19953,19954,1,1,1
18961,19954,19955,0,0,1
18959,19955,19956,0,0,1
18955,18957,19957,0,0,1
18950,18953,19958,0,0,1
18947,19958,19959,0,0,1
19922,19959,19960,0,0,1
19956,19951,19961,0,0,1
19957,19961,19962,0,0,1
19960,18952,19963,0,0,1
19941,19963,19962,0,0,0
19872,19736,19964,0,0,1,646
19965,19964,19966,1,0,1
19967,19966,19968,1,0,1
19969,19968,19851,1,0,0
19355,19358,19970,0,0,1,9095
19353,19970,19971,0,0,1
19972,19973,19974,1,1,1,471
19975,19976,19977,1,1,1
19978,19979,19980,1,1,1
1831,19981,19982,0,1,1
19983,19984,19985,1,1,1
19374,19986,19987,0,1,1
19974,19372,19988,0,0,1
19977,19988,19989,0,0,1
19980,19989,19990,0,0,1
19985,19982,19991,0,0,1
19987,19991,19990,0,0,0
19992,19381,19993,1,1,1,8664
19994,19993,19995,1,0,1
19996,19995,19997,1,0,1
19998,19999,20000,1,1,1
20001,20000,20002,1,0,1
20003,20002,20004,1,0,1
20005,20006,20007,1,1,1
20008,20009,20010,1,1,1
20011,20010,20012,1,0,1
20013,20012,20014,1,0,1
1825,20014,20015,1,0,1
1896,1878,20016,1,1,1
1890,20016,20017,1,0,1
1828,20017,20018,1,0,1
19984,1827,20019,1,1,1
20020,19983,20021,1,1,1
20022,20021,20023,1,0,1
20024,20023,20025,1,0,1
19378,20025,20026,1,0,1
19997,20026,20027,0,0,1
20004,20027,20028,0,0,1
20007,20028,20029,0,0,1
20018,20015,20030,0,0,1
20029,20019,20031,0,0,1
20032,20031,20030,1,0,0
19712,19380,20033,0,1,1,8408
20034,20033,20035,1,0,1
20036,20035,20037,1,0,1
19999,20037,20038,0,0,1
19996,20038,20039,0,0,1
19994,20039,19992,0,0,0
20040,19589,20041,1,0,1,10117
20042,20043,20044,1,1,1
20045,20044,20046,1,0,1
20047,20046,20048,1,0,1
20049,20048,20050,1,0,1
20051,20050,20052,1,0,1
19592,20052,20041,0,0,0
20053,19859,20054,1,0,1,646
20055,20054,20056,1,0,1
20057,20056,19596,1,0,1
19767,19729,20058,0,0,1,16598
20059,20058,20060,1,0,1
20061,20062,20063,1,1,1
19723,20064,20065,0,1,1
20060,20065,20063,0,0,0
20066,18853,20067,1,0,1,823
20068,20067,20069,1,0,1
19534,20069,20070,1,0,1
19536,20070,18856,1,0,0
20071,19752,20072,1,0,1,806
20073,20072,20074,1,0,1
20075,20074,20076,1,0,1
20077,20076,20078,1,0,1
20079,20080,20081,1,1,1
20082,20081,20083,1,0,1
20084,20083,20078,1,0,0
1701,1699,20085,1,1,1,9945
19655,20085,20086,0,0,1
19836,20086,19809,0,0,1
20024,19376,20087,0,1,1,41424
20022,20087,20088,0,0,1
20020,20088,19986,0,0,1
16822,16819,20089,1,1,1,823
16821,20089,20090,1,0,1
16825,20090,20091,1,0,1
2083,20091,20092,1,0,1
2086,20092,20093,1,0,1
2089,20093,20094,1,0,1
2092,2088,20095,1,1,1
16817,20095,20094,1,0,0
20096,20097,20098,1,1,1,823
20099,20098,20100,1,0,1
20101,20100,20102,1,0,1
20103,20102,20104,1,0,1
20105,20106,20107,1,1,1
20108,20109,20110,1,1,1
20111,20110,20112,1,0,1
20104,20112,20107,0,0,0
20084,19754,20113,0,0,1,807
20082,20113,20114,0,0,1
20115,20079,20116,1,0,1
20117,20116,20118,1,0,1
20119,20118,20120,1,0,1
20121,20122,20123,1,1,1
20124,20123,20125,1,0,1
19758,19865,20126,0,0,1
19756,20126,20127,0,0,1
20114,20127,20128,0,0,1
20120,20128,20125,0,0,0
19969,19853,20129,0,0,1,902
19967,20129,20130,0,0,1
20131,20130,20132,1,0,1
20133,20132,20134,1,0,1
20135,20134,20136,1,0,1
20137,20136,19855,1,0,0
19789,19871,20138,0,0,1,903
19787,20138,20139,0,0,1
20133,20140,20141,0,1,1
19965,20131,20142,0,0,1
20139,20142,20141,0,0,0
19667,19669,20143,0,0,1,1752
19663,19665,20144,0,0,1
19661,20144,20145,0,0,1
1707,20146,20147,1,1,1
1713,1710,20148,1,1,1
19678,20148,20149,0,0,1
19672,19679,20150,0,0,1
20143,20150,20151,0,0,1
20147,20145,20152,0,0,1
20149,20152,20151,0,0,0
19815,19813,20153,1,1,1,9944
19817,20153,20154,1,0,1
20155,20156,20157,1,1,1
20158,20157,20159,1,0,1
20160,20159,20161,1,0,1
1691,20161,20162,1,0,1
1693,20162,20154,1,0,0
20163,20164,20165,1,1,1,10968
3782,20165,20166,0,0,1
20167,20166,20168,1,0,1
20169,20168,20170,1,0,1
20171,20170,20172,1,0,1
19725,19713,20173,0,0,1,8407
20174,20173,20175,1,0,1
20176,20175,20034,1,0,0
19771,19766,20177,0,0,1,16599
19919,20177,20178,0,0,1
20179,20178,20180,1,0,1
20181,20180,20182,1,0,1
20183,20182,20184,1,0,1
20185,20184,20186,1,0,1
20187,20188,20189,1,1,1
20062,20189,20190,0,0,1
20059,20190,20186,0,0,0
20191,19357,20192,1,0,1,8839
19779,20192,20193,0,0,1
19776,20193,19774,0,0,0
20194,20195,20196,1,1,1,8998
20197,20196,20198,1,0,1
20073,20075,20199,0,0,1
20071,20199,20198,0,0,0
19819,19821,20200,0,0,1,14295
20156,20200,20201,1,0,1
20202,20155,20203,1,1,1
1675,20204,20205,0,1,1
1673,20205,20206,0,0,1
20207,20171,20208,1,0,1
20209,20208,20210,1,0,1
19701,20209,20211,0,0,1
20201,20211,20212,0,0,1
20203,20212,20213,0,0,1
20206,20213,20210,0,0,0
20214,20215,20216,1,1,1,54
20217,20216,20218,1,0,1
20219,20218,20220,1,0,1
20221,20220,20222,1,0,1
20223,20222,20224,1,0,1
20225,20226,20227,1,1,1
20228,20227,20229,1,0,1
20230,20229,20231,1,0,1
20232,20231,20233,1,0,1
20234,20233,20235,1,0,1
20236,20235,20237,1,0,1
19577,20237,20238,1,0,1
19579,20238,20239,1,0,1
19581,20239,20240,1,0,1
19953,19583,20241,0,1,1
19946,19948,20242,0,0,1
3610,20242,20243,0,0,1
20244,20243,20245,1,0,1
20246,20245,20247,1,0,1
20248,20249,20250,1,1,1
20251,3602,20252,1,0,1
20253,20254,20255,1,1,1
20256,20255,20257,1,0,1
20258,20257,20259,1,0,1
20260,20258,20261,1,0,1
20240,20224,20262,0,0,1
20241,20262,20263,0,0,1
20247,19950,20264,0,0,1
20250,20264,20265,0,0,1
20252,20266,20267,0,1,1
20268,20267,20269,1,0,1
20259,20269,20270,0,0,1
20263,20271,20272,0,1,1
20270,20265,20273,0,0,1
20261,20273,20272,0,0,0
19867,18921,20274,0,1,1,902
20124,20274,20275,0,0,1
20276,20275,20277,1,0,1
20278,20277,20279,1,0,1
20280,20279,20281,1,0,1
20282,20281,20283,1,0,1
20284,20285,20286,1,1,1
20287,20286,20288,1,0,1
20289,20290,20291,1,1,1
20292,20291,20293,1,0,1
19903,20294,20295,1,1,1
20283,20295,20296,0,0,1
20288,20296,20293,0,0,0
19350,19971,20297,0,0,1,9094
20298,20297,20299,1,0,1
20300,20301,20302,1,1,1
20303,20302,20304,1,0,1
20305,20304,20306,1,0,1
20307,20306,20308,1,0,1
20309,20308,20310,1,0,1
20311,20310,20312,1,0,1
20313,20312,20314,1,0,1
19778,20314,20315,0,0,1
20191,20315,20299,0,0,0
19504,19506,20316,0,0,1,647
19629,20316,20317,0,0,1
20318,20317,20319,1,0,1
20320,20319,20321,1,0,1
20322,20321,20323,1,0,1
20324,20323,20325,1,0,1
20326,20325,20327,1,0,1
20328,20329,20330,1,1,1
20331,20332,20333,1,1,1
19890,20333,20334,0,0,1
20327,20334,20330,0,0,0
19635,19638,20335,0,0,1,10120
19633,20335,20336,0,0,1
19499,20336,19637,0,0,0
20337,20338,20339,1,1,1,566
20340,20339,20341,1,0,1
18507,20341,20342,0,0,1
18504,20342,20343,0,0,1
20344,20343,20345,1,0,1
20137,19857,20346,0,0,1,8838
20347,20346,20348,1,0,1
20349,20348,20350,1,0,1
20351,20350,20053,1,0,0
20352,20353,20354,1,1,1,565
20355,20356,20357,1,1,1
20358,20357,20359,1,0,1
20360,20359,20354,1,0,0
20351,20055,20361,0,0,1,9862
20362,20361,20363,1,0,1
20364,20363,20365,1,0,1
20366,20365,20367,1,0,1
20368,20367,20369,1,0,1
20370,20369,20057,1,0,0
20331,19892,20371,0,0,1,9095
20372,20332,20373,1,0,1
20374,20373,20375,1,0,1
20376,20377,20378,1,1,1
20379,20378,20380,1,0,1
19881,20380,20381,0,0,1
19896,19877,20382,0,0,1
20371,19894,20383,0,0,1
20375,20383,20384,0,0,1
20381,20384,20382,0,0,0
19915,19917,20385,0,0,1,19415
16467,20385,20386,0,0,1
20387,20386,20388,1,0,1
20181,20389,20390,0,1,1
20179,20390,20388,0,0,0
19115,19102,20391,0,0,1,822
19073,20391,20392,0,0,1
2002,20392,20393,1,0,1
2005,20393,19076,1,0,0
20394,19898,20395,1,0,1,901
20396,20395,20397,1,0,1
20398,20399,20400,1,1,1
20401,20402,20403,1,1,1
20404,20403,20405,1,0,1
20406,20405,20407,1,0,1
20408,20407,20409,1,0,1
20280,20409,20410,1,0,1
20282,20410,20411,1,0,1
20285,20411,20412,1,0,1
20290,20287,20413,1,1,1
20289,20413,20414,1,0,1
20294,20292,20415,1,1,1
19901,20415,20416,0,0,1
20397,20416,20417,0,0,1
20412,20400,20418,0,0,1
20284,20418,20419,1,0,1
20414,20419,20417,0,0,0
20370,19594,20420,0,1,1,1926
20368,20420,20421,0,0,1
20422,20423,20424,1,1,1
20425,20424,20426,1,0,1
20427,20426,20428,1,0,1
20051,20429,20430,1,1,1
20421,20430,20428,0,0,0
1720,1795,20431,1,1,1,1752
19683,20431,20432,0,0,1
1717,20432,1793,1,0,1
20061,20064,20433,0,0,1,8661
20187,20433,20434,0,0,1
20435,20434,20436,1,0,1
20437,20436,20438,1,0,1
20439,20438,20440,1,0,1
20174,20440,19722,0,0,0
20429,20049,20441,0,1,1,10118
20427,20441,20442,0,0,1
20425,20442,20443,0,0,1
20366,20423,20444,0,0,1
20445,20446,20447,1,1,1
20448,20449,20450,1,1,1
20451,20450,20452,1,0,1
20443,20453,20454,0,1,1
20422,20454,20455,0,0,1
20447,20444,20456,0,0,1
20457,20456,20458,1,0,1
20452,20458,20455,0,0,0
19659,20146,20459,0,0,1,2009
1705,20459,20460,1,0,1
1788,20460,20461,1,0,1
1803,20461,20462,1,0,1
1790,20462,1708,1,0,1
19785,20140,20463,0,0,1,646
19783,20463,20464,0,0,1
20465,20464,20466,1,0,1
20467,20466,20468,1,0,1
20469,20468,20470,1,0,1
20471,20470,20472,1,0,1
20473,20472,20474,1,0,1
20347,20474,20135,0,0,0
19348,19351,20475,0,0,1,8839
19345,20475,20476,0,0,1
20477,20476,20478,1,0,1
20301,20478,20298,0,0,0
20202,20158,20479,1,0,1,10200
20204,20479,20480,1,0,1
1677,20480,20481,1,0,1
20482,20481,20483,1,0,1
1689,20483,20160,1,0,0
20176,20036,20484,0,0,1,16854
20439,20484,20485,0,0,1
20486,20485,20487,1,0,1
20001,20488,20489,0,1,1
19998,20489,20487,0,0,0
16465,20387,20490,0,0,1,19413
16463,20490,20491,0,0,1
20492,20491,20493,1,0,1
20494,20493,20495,1,0,1
20496,20495,20497,1,0,1
20498,20497,20499,1,0,1
20500,20499,20501,1,0,1
20502,20501,20503,1,0,1
20504,20503,20505,1,0,1
20183,20505,20389,0,0,0
20506,20197,20507,1,0,1,1830
20508,20509,20510,1,1,1
20511,20510,20512,1,0,1
20513,20512,20514,1,0,1
20117,20514,20515,0,0,1
20115,20515,20516,0,0,1
20080,20516,20517,0,0,1
20507,20077,20518,0,0,1
20519,20518,20517,1,0,0
20520,20506,20521,1,1,1,14213
20522,20521,20523,1,0,1
20524,20523,20525,1,0,1
20526,20527,20528,1,1,1
20529,20528,20530,1,0,1
20531,20530,20532,1,0,1
20194,20532,20525,1,0,0
1670,20172,20533,0,0,1,1752
1671,20533,20534,0,0,1
20535,20188,20536,1,0,1,8660
20537,20536,20538,1,0,1
20539,20538,20540,1,0,1
20541,20540,20542,1,0,1
20543,20542,20435,1,0,0
20453,20047,20544,0,1,1,1926
20545,20544,20546,1,0,1
20547,20546,20045,1,0,1
20344,20548,20549,0,1,1,822
18505,20549,20550,0,0,1
18501,20550,20551,0,0,1
18818,20551,20552,1,0,1
20553,20552,20554,1,0,1
20555,20554,20556,1,0,1
20557,20558,20559,1,1,1
3666,20559,20560,0,0,1
20561,20560,20562,1,0,1
20563,20562,20564,1,0,1
20565,20564,20566,1,0,1
20567,20566,20568,1,0,1
20569,20568,20570,1,0,1
20571,20570,20556,1,0,0
20526,20572,20573,0,1,1,18311
20574,20527,20575,1,0,1
20576,20575,20577,1,0,1
20578,20577,20579,1,0,1
20580,20579,20573,1,0,0
20467,20469,20581,0,0,1,9095
20582,20581,20583,1,0,1
20311,20584,20585,0,1,1
20309,20585,20586,0,0,1
20587,20588,20589,1,1,1
20590,20589,20591,1,0,1
20592,20591,20593,1,0,1
20594,20593,20595,1,0,1
20596,20597,20598,1,1,1
20599,20598,20600,1,0,1
20601,20602,20603,1,1,1
20583,20603,20604,0,0,1
20595,20586,20605,0,0,1
20600,20605,20606,0,0,1
20607,20606,20608,1,0,1
20604,20609,20610,0,1,1
20611,20610,20608,1,0,0
19781,20465,20612,0,0,1,8839
20313,20612,20613,0,0,1
20611,20584,20614,0,0,1
20582,20614,20613,0,0,0
20349,20362,20615,0,0,1,1671
20473,20615,20616,0,0,1
20601,20471,20617,0,0,1
20618,20602,20619,1,0,1
20620,20619,20621,1,0,1
20622,20621,20623,1,0,1
20446,20623,20624,0,0,1
20364,20624,20625,0,0,1
20616,20625,20617,0,0,0
20504,20185,20626,0,0,1,16598
20502,20626,20627,0,0,1
20628,20627,20629,1,0,1
20630,20629,20631,1,0,1
20632,20631,20633,1,0,1
20634,20633,20535,1,0,0
20635,20374,20636,1,0,1,8838
20637,20636,20377,1,0,0
19626,19630,20638,0,0,1,648
20639,20638,20640,1,0,1
20641,20640,20642,1,0,1
20643,20642,20644,1,0,1
20320,20322,20645,0,0,1
20318,20645,20644,0,0,0
20520,20646,20647,0,1,1,1925
20519,20647,20648,1,0,1
20509,20648,20649,1,0,1
20508,20649,20650,1,0,1
20651,20650,20652,1,0,1
20278,20652,20653,1,0,1
20408,20653,20654,0,0,1
20655,20406,20656,1,0,1
20657,20656,20658,1,0,1
20659,20658,20660,1,0,1
20661,20660,20654,1,0,0
20662,20663,20664,1,1,1,10118
20665,20664,20666,1,0,1
20667,20666,20668,1,0,1
20669,20668,20670,1,0,1
20671,20670,20672,1,0,1
20673,20672,20674,1,0,1
20675,20674,20676,1,0,1
20677,20676,20678,1,0,1
20607,20609,20679,0,0,1,9096
20599,20679,20680,0,0,1
20681,20680,20618,1,0,0
1851,20682,20683,1,1,1,2776
1886,20683,20684,1,0,1
1854,20684,20685,1,0,1
20686,20685,20687,1,0,1
20688,20687,20689,1,0,1
20451,20545,20690,0,0,1,10119
20691,20690,20692,1,0,1
20693,20694,20695,1,1,1
20696,20697,20698,1,1,1
20699,20698,20700,1,0,1
20701,20700,20702,1,0,1
20703,20702,20704,1,0,1
20705,20704,20706,1,0,1
20707,20706,20708,1,0,1
20709,20708,20710,1,0,1
20711,20710,20712,1,0,1
20713,20714,20715,1,1,1
20716,20715,20717,1,0,1
20718,20719,20720,1,1,1
20721,20722,20723,1,1,1
20695,20692,20724,0,0,1
20712,20724,20725,0,0,1
20720,20717,20726,0,0,1
20723,20726,20725,0,0,0
20622,20445,20727,0,0,1,1927
20728,20727,20729,1,0,1
20694,20729,20730,0,0,1
20691,20730,20731,0,0,1
20448,20731,20732,0,0,1
20449,20732,20457,0,0,0
19644,19627,20733,0,0,1,1929
1757,20733,20734,1,0,1
1756,20734,20735,1,0,1
20736,20735,20737,1,0,1
20738,20737,20739,1,0,1
20740,20739,20639,1,0,0
20482,1686,20741,0,1,1,10201
20742,20741,20743,1,0,1
20500,20628,20744,0,0,1,19415
20745,20498,20746,1,0,1
20747,20746,20748,1,0,1
20749,20748,20750,1,0,1
20632,20750,20751,0,0,1
20630,20751,20744,0,0,0
20513,20119,20752,0,0,1,806
20511,20752,20753,0,0,1
20651,20753,20754,1,0,1
20121,20276,20755,0,0,1
20122,20755,20754,0,0,0
20756,1759,20757,1,1,1,1928
20758,20759,20760,1,1,1
20761,20760,20762,1,0,1
20763,20762,20764,1,0,1
20765,20764,20766,1,0,1
20767,20766,20768,1,0,1
20769,20770,20771,1,1,1
20772,20773,20774,1,1,1
20775,20776,20777,1,1,1
20778,20777,20779,1,0,1
20780,20779,20781,1,0,1
20782,20781,20783,1,0,1
20784,20783,20785,1,0,1
20786,20785,20787,1,0,1
20324,20787,20788,0,0,1
20643,20788,20789,0,0,1
20790,20791,20792,1,1,1
20793,20792,20794,1,0,1
20738,20795,20796,0,1,1
20736,20796,20797,0,0,1
20757,20797,20798,0,0,1
20771,20768,20799,0,0,1
20774,20799,20800,0,0,1
20794,20789,20801,0,0,1
20802,20801,20803,1,0,1
20798,20804,20805,0,1,1
20800,20805,20803,0,0,0
1687,1786,20806,1,1,1,2009
20743,20806,20807,0,0,1
20808,20807,20809,1,0,1
1684,1813,20810,1,1,1
1683,20810,20809,1,0,0
20372,20635,20811,0,0,1,8839
20328,20811,20812,0,0,1
20329,20812,20813,0,0,1
20814,20813,20815,1,0,1
20816,20815,20817,1,0,1
20818,20496,20819,1,0,1,19414
20820,20819,20821,1,0,1
20822,20821,20823,1,0,1
20824,20823,20825,1,0,1
20826,20825,20827,1,0,1
20828,20827,20829,1,0,1
20830,20829,20831,1,0,1
20832,20831,20833,1,0,1
20834,20833,20835,1,0,1
20836,20837,20838,1,1,1
20839,20840,20841,1,1,1
20842,20843,20844,1,1,1
20749,20845,20846,0,1,1
20747,20846,20847,0,0,1
20835,20745,20848,0,0,1
20838,20848,20849,0,0,1
20841,20849,20850,0,0,1
20844,20850,20847,0,0,0
6967,6969,20851,0,0,1,31696
6774,20851,20852,0,0,1
6772,6775,20853,0,0,1
6769,20853,20854,0,0,1
6767,6770,20855,0,0,1
6765,20855,20856,0,0,1
6763,20856,20857,0,0,1
6761,20857,20858,0,0,1
20859,20858,20860,1,0,1
20861,20860,20862,1,0,1
20863,20862,20864,1,0,1
20865,20864,20866,1,0,1
20867,20866,20868,1,0,1
6783,6787,20869,0,0,1
6780,6784,20870,0,0,1
6916,6781,20871,0,0,1
6777,20871,20872,0,0,1
20852,6778,20873,0,0,1
20854,20873,20874,0,0,1
20869,20868,20875,0,0,1
20870,20875,20876,0,0,1
20872,20876,20874,0,0,0
20667,20877,20878,1,1,1,1926
20669,20878,20879,1,0,1
20671,20879,20880,1,0,1
20722,20881,20882,0,1,1
20718,20882,20883,0,0,1
20884,20883,20885,1,0,1
20886,20885,20880,1,0,0
20596,20681,20887,0,0,1,903
20594,20597,20888,0,0,1
20889,20888,20890,1,0,1
20697,20890,20891,0,0,1
20693,20891,20892,0,0,1
20728,20892,20893,0,0,1
20620,20893,20887,0,0,0
20634,20537,20894,0,0,1,12755
20845,20894,20895,0,0,1
20842,20895,20896,0,0,1
20897,20896,20898,1,0,1
20899,20898,20539,1,0,0
16461,20492,20900,0,0,1,11219
16459,20900,20901,0,0,1
20820,20902,20903,0,1,1
20818,20903,20904,0,0,1
20494,20904,20901,0,0,0
19343,19346,20905,0,0,1,647
20906,19341,20907,1,0,1
20908,20907,20909,1,0,1
20910,20909,20911,1,0,1
20912,20911,20913,1,0,1
20914,20913,20915,1,0,1
20300,20915,20916,0,0,1
20477,20916,20905,0,0,0
19525,19523,20917,1,1,1,1847
19528,20917,20918,1,0,1
20919,20918,20920,1,0,1
20921,20920,20922,1,0,1
20923,20922,19521,1,0,1
20914,20303,20924,0,0,1,9095
20925,20924,20926,1,0,1
20927,20928,20929,1,1,1
20906,20930,20931,0,1,1
19338,20931,20932,0,0,1
20933,20934,20935,1,1,1
20936,20935,20937,1,0,1
20938,20937,20939,1,0,1
20940,20939,20941,1,0,1
20942,20943,20944,1,1,1
20945,20944,20946,1,0,1
20947,20946,20948,1,0,1
20949,20948,20950,1,0,1
20926,20305,20951,0,0,1
20952,20951,20953,1,0,1
20929,20953,20954,0,0,1
20932,20954,20955,0,0,1
20941,20955,20950,0,0,0
20804,20795,20956,0,0,1,1672
20793,20802,20957,0,0,1
20641,20791,20958,0,0,1
20740,20958,20959,0,0,1
20957,20956,20960,0,0,1
20790,20960,20959,0,0,0
20543,20437,20961,0,0,1,16856
20962,20961,20963,1,0,1
20964,20963,20965,1,0,1
20966,20965,20967,1,0,1
20968,20967,20486,1,0,0
20969,20970,20971,1,1,1,822
20108,20971,20972,0,0,1
20105,20109,20973,0,0,1
20974,20973,20972,1,0,0
20923,20975,20976,0,1,1,1846
20977,20976,20978,1,0,1
20979,20980,20981,1,1,1,565
20982,20983,20984,1,1,1
20985,20984,20986,1,0,1
20987,20986,20981,1,0,0
20886,20988,20989,0,1,1,10118
20884,20989,20990,0,0,1
20719,20990,20991,0,0,1
20716,20991,20992,0,0,1
20993,20992,20994,1,0,1
20995,20996,20997,1,1,1
20998,20997,20999,1,0,1
21000,21001,21002,1,1,1
20994,21003,21004,0,1,1
20999,21004,21002,0,0,0
20488,20003,21005,0,0,1,9177
20968,21005,21006,0,0,1
21007,21006,21008,1,0,1
21009,21008,20006,1,0,0
21010,21011,21012,1,1,1,10117
21013,21014,21015,1,1,1
21016,21015,21017,1,0,1
21000,21017,21018,1,0,1
21019,21018,21020,1,0,1
21021,21020,21012,1,0,0
21022,20592,21023,1,0,1,902
21024,21023,21025,1,0,1
21026,21025,21027,1,0,1
20699,21028,21029,0,1,1
20696,21029,21030,0,0,1
20889,21030,21027,0,0,0
21031,21032,21033,1,1,1,823
21034,21035,21036,1,1,1
21037,21036,21038,1,0,1
21039,21038,21040,1,0,1
21041,21040,21042,1,0,1
21043,21042,21044,1,0,1
21045,21044,21046,1,0,1
21047,21046,21048,1,0,1
21049,21048,21050,1,0,1
21051,21050,21033,1,0,0
21052,21053,21054,1,1,1,823
21055,21054,21056,1,0,1
21057,21056,21058,1,0,1
20912,20925,21059,0,0,1,903
20910,21059,21060,0,0,1
20908,21060,21061,0,0,1
20927,20930,21062,0,0,1
20928,21062,21063,0,0,1
20952,21063,21061,0,0,0
20817,20637,21064,0,0,1,9096
21065,21064,21066,1,0,1
21067,21066,21068,1,0,1
21069,21068,21070,1,0,1
21071,21070,21072,1,0,1
21073,21072,20376,1,0,0
21074,20326,21075,1,0,1,8840
21076,21075,21077,1,0,1
21078,21077,20814,1,0,0
20899,20541,21079,0,0,1,9940
20843,20897,21080,0,0,1
20839,21080,21081,0,0,1
21082,21081,21083,1,0,1
21084,21083,21085,1,0,1
20962,21085,21079,0,0,0
6803,16457,21086,0,0,1,8402
21087,6801,21088,1,0,1
21089,21088,21090,1,0,1
21091,21090,21092,1,0,1
21093,21092,21094,1,0,1
20824,21094,21095,0,0,1
20822,21095,21096,0,0,1
20902,21096,21086,0,0,0
21097,20711,21098,1,0,1,10118
21099,21098,21100,1,0,1
21101,21100,20714,1,0,0
21102,19527,21103,1,1,1,566
21104,21103,21105,1,0,1
21106,21107,21108,1,1,1
20977,21108,21109,0,0,1
20921,21109,21110,0,0,1
20919,21110,21105,0,0,0
20587,20590,21111,0,0,1,17286
20307,20588,21112,0,0,1
20949,21112,21113,0,0,1
21114,21113,21115,1,0,1
21116,21117,21118,1,1,1
21119,21118,21120,1,0,1
21121,21120,21122,1,0,1
21022,21122,21123,0,0,1
21111,21123,21115,0,0,0
20379,19880,21124,0,0,1,647
21073,21124,21125,0,0,1
21126,21125,21127,1,0,1
21128,21127,21129,1,0,1
21130,21131,21132,1,1,1
21133,21132,21134,1,0,1
21135,21134,21136,1,0,1
19331,21136,21129,0,0,0
21137,21138,21139,1,1,1,821
21140,21141,21142,1,1,1
21143,21144,21145,1,1,1
21146,21145,21147,1,0,1
21148,21147,21149,1,0,1
20228,21150,21151,1,1,1
21152,21151,21153,1,0,1
21154,21153,21155,1,0,1
21156,21155,21157,1,0,1
21158,21157,21159,1,0,1
21160,21161,21162,1,1,1
21139,21163,21164,0,1,1
21142,21164,21165,0,0,1
21159,21149,21166,0,0,1
21167,21166,21168,1,0,1
21162,21168,21165,0,0,0
21169,21170,21171,1,1,1,1924
20655,21171,21172,0,0,1
20404,21172,21173,0,0,1
21174,21173,21175,1,0,1
21121,21024,21176,0,0,1,18311
21177,21176,21178,1,0,1
21179,21180,21181,1,1,1
20701,21181,21182,0,0,1
21028,21182,21183,0,0,1
21026,21183,21178,0,0,0
21184,20966,21185,1,0,1,9945
21186,21185,21187,1,0,1
20011,21187,21188,0,0,1
20008,21188,21189,0,0,1
21190,21191,21192,1,1,1
21007,21193,21194,0,1,1
21189,21194,21192,0,0,0
1991,19068,21195,1,0,1,821
1993,21195,21196,1,0,1
1995,21196,21197,1,0,1
1997,21197,2000,1,0,1
21198,21014,21199,1,1,1,1925
21200,21199,21201,1,0,1
21202,21201,21203,1,0,1
19334,19336,21204,0,0,1,902
21135,21204,21205,0,0,1
21206,21205,21207,1,0,1
21208,21207,21209,1,0,1
21210,21211,21212,1,1,1
21213,21212,21214,1,0,1
21215,21214,21216,1,0,1
21217,21216,21218,1,0,1
21219,21218,21220,1,0,1
20934,21220,21221,0,0,1
19339,21221,21209,0,0,0
21082,21084,21222,0,0,1,18133
20840,21222,21223,0,0,1
20836,21223,21224,0,0,1
21225,21224,21226,1,0,1
21227,21226,21228,1,0,1
21184,21228,20964,0,0,0
20786,21074,21229,0,0,1,904
21230,21229,21076,1,0,0
21231,21232,21233,1,1,1,822
21234,21235,21236,1,1,1
21237,21236,21238,1,0,1
21239,21238,21240,1,0,1
21241,21240,21242,1,0,1
21243,21242,21244,1,0,1
21055,21244,21233,0,0,0
21245,21246,21247,1,1,1,822
21154,21247,21248,0,0,1
21152,21248,21249,0,0,1
20230,21249,21250,1,0,1
20945,20947,21251,0,0,1,9094
21252,21251,21253,1,0,1
21116,21253,21254,0,0,1
21117,21254,21114,0,0,0
21255,21256,21257,1,1,1,8664
21258,21257,21259,1,0,1
21260,21261,21262,1,1,1
21263,21262,21264,1,0,1
21265,21266,21267,1,1,1
21259,21267,21264,0,0,0
21193,21009,21268,0,0,1,8665
21190,21268,21269,0,0,1
21191,21269,21270,0,0,1
20009,21270,21271,0,0,1
20032,21271,20005,0,0,0
20214,21272,21273,0,1,1,1846
20271,20215,21274,0,0,1
20260,21274,21275,0,0,1
21276,21275,21273,1,0,0
21277,20709,21278,1,0,1,10117
21279,21278,21280,1,0,1
21281,21280,21282,1,0,1
21283,21282,21097,1,0,0
21078,20816,21284,0,0,1,648
21230,21284,21285,0,0,1
20784,21285,21286,0,0,1
21287,21286,21288,1,0,1
21289,21288,21290,1,0,1
21291,21290,21292,1,0,1
21067,21292,21065,0,0,0
1765,1763,21293,1,1,1,1752
1770,1767,21294,1,1,1
21295,21294,21296,1,0,1
21297,21296,21298,1,0,1
21299,21298,21300,1,0,1
21301,21300,21302,1,0,1
21303,21302,21304,1,0,1
21305,21304,21306,1,0,1
21307,21306,21308,1,0,1
21309,21308,21293,1,0,0
6950,6961,21310,0,0,1,30416
6716,21310,21311,0,0,1
6717,21311,21312,0,0,1
6947,21312,21313,0,0,1
6713,21313,21314,0,0,1
6714,21314,21315,0,0,1
6710,21315,21316,0,0,1
6708,6711,21317,0,0,1
6705,21317,21318,0,0,1
6702,6706,21319,0,0,1
6699,6703,21320,0,0,1
6899,6700,21321,0,0,1
6697,21321,21322,0,0,1
6692,6695,21323,0,0,1
6690,21323,21324,0,0,1
21325,21324,21326,1,0,1
21327,21326,21328,1,0,1
21329,21328,21330,1,0,1
21331,21330,21332,1,0,1
21333,21332,21334,1,0,1
21335,21334,21336,1,0,1
21337,21336,21338,1,0,1
21339,21338,21340,1,0,1
21341,21340,21342,1,0,1
21343,21342,21344,1,0,1
6731,21345,21346,0,1,1
6727,21346,21347,0,0,1
6724,6728,21348,0,0,1
6905,6725,21349,0,0,1
6722,21349,21350,0,0,1
6903,6720,21351,0,0,1
6963,21351,21352,0,0,1
21316,21352,21353,0,0,1
21318,21353,21354,0,0,1
21319,21354,21355,0,0,1
21320,21355,21356,0,0,1
21322,21356,21357,0,0,1
6694,21357,21358,0,0,1
21347,21344,21359,0,0,1
21348,21359,21360,0,0,1
21350,21360,21361,0,0,1
6719,21361,21358,0,0,0
21362,21363,21364,1,1,1,822
21161,21365,21366,0,1,1
21167,21366,21367,0,0,1
21158,21367,21368,0,0,1
21369,21368,21364,1,0,0
21370,20705,21371,1,0,1,10118
21372,21371,21373,1,0,1
21374,21373,21375,1,0,1
21376,21375,21377,1,0,1
21277,21377,20707,0,0,0
21309,1761,21378,0,1,1,904
21307,21378,21379,0,0,1
21380,21379,21381,1,0,1
21382,21383,21384,1,1,1
21385,21386,21387,1,1,1
21388,21387,21389,1,0,1
21390,21389,21391,1,0,1
21392,21393,21394,1,1,1
21395,21396,21397,1,1,1
20761,21397,21398,0,0,1
20756,20759,21399,0,0,1
21381,21399,21400,0,0,1
21391,21384,21401,0,0,1
21394,21401,21402,0,0,1
21398,21402,21403,0,0,1
20758,21403,21400,0,0,0
21133,21206,21404,0,0,1,903
21130,21404,21405,0,0,1
21406,21128,21407,1,0,1
21408,21407,21409,1,0,1
21410,21409,21411,1,0,1
21213,21411,21412,0,0,1
21208,21211,21413,0,0,1
21405,21413,21414,0,0,1
21412,21131,21415,0,0,1
21210,21415,21414,0,0,0
21416,20828,21417,1,0,1,18133
21418,21417,21419,1,0,1
21420,21419,21421,1,0,1
21422,21421,21423,1,0,1
21424,21423,21425,1,0,1
21426,21425,21427,1,0,1
21428,21429,21430,1,1,1
21431,21430,21432,1,0,1
21433,21432,21434,1,0,1
21435,21434,21427,1,0,0
21093,20826,21436,0,0,1,16596
21437,21091,21438,1,0,1
21439,21438,21440,1,0,1
21424,21440,21441,0,0,1
21420,21422,21442,0,0,1
21418,21442,21443,0,0,1
21416,21443,21444,0,0,1
21436,21444,21441,0,0,0
21101,20713,21445,0,0,1,1926
21446,21445,21447,1,0,1
21448,21447,21449,1,0,1
21450,21451,21452,1,1,1
21453,21454,21455,1,1,1
20993,21455,21456,0,0,1
21449,21456,21452,0,0,0
21252,21119,21457,0,0,1,10118
20942,21457,21458,0,0,1
21459,21458,21460,1,0,1
21461,21462,21463,1,1,1
21464,21463,21465,1,0,1
21466,21467,21468,1,1,1
21469,21468,21470,1,0,1
21177,21470,21471,0,0,1
21460,21471,21465,0,0,0
21179,20703,21472,0,0,1,10117
21180,21472,21473,0,0,1
21474,21469,21475,1,0,1
21476,21477,21478,1,1,1
21479,21478,21480,1,0,1
21481,21480,21482,1,0,1
21483,21484,21485,1,1,1
21486,21485,21487,1,0,1
21372,21487,21488,0,0,1
21370,21488,21489,0,0,1
21473,21489,21490,0,0,1
21475,21490,21482,0,0,0
21491,21071,21492,1,0,1,9095
21493,21492,21494,1,0,1
21495,21494,21496,1,0,1
21497,21498,21499,1,1,1
21217,21500,21501,0,1,1
21410,21215,21502,0,0,1
21408,21502,21503,0,0,1
21126,21406,21504,0,0,1
21496,21504,21505,0,0,1
21499,21505,21506,0,0,1
21501,21506,21503,0,0,0
21287,21289,21507,0,0,1,8840
20782,21507,21508,0,0,1
21509,21508,21510,1,0,1
21511,21510,21512,1,0,1
21513,21512,21514,1,0,1
21069,21491,21515,0,0,1
21291,21515,21514,0,0,0
21225,21227,21516,0,0,1,9944
20837,21516,21517,0,0,1
21518,21517,21519,1,0,1
21520,21519,21521,1,0,1
21522,21521,21523,1,0,1
21524,21523,21525,1,0,1
21526,21525,21527,1,0,1
20013,1823,21528,0,1,1
21186,21528,21527,0,0,0
21529,3303,21530,1,0,1,53
21531,21530,21532,1,0,1
21533,21532,21534,1,0,1
21150,21534,21535,1,0,1
20225,21535,21536,0,0,1
20226,21536,21537,0,0,1
20221,20223,21538,0,0,1
21539,20217,21540,1,0,1
21541,21542,21543,1,1,1
21537,21544,21545,0,1,1
21540,20219,21546,0,0,1
21545,21543,21547,0,0,1
21538,21547,21546,0,0,0
21548,21283,21549,1,0,1,1925
21550,21549,21551,1,0,1
21552,21551,21553,1,0,1
21554,21553,21555,1,0,1
21448,21555,21556,0,0,1
21446,21556,21099,0,0,0
21376,21279,21557,0,0,1,1924
21558,21557,21559,1,0,1
21560,21559,21561,1,0,1
21562,21561,21563,1,0,1
21564,21565,21566,1,1,1
21567,21566,21568,1,0,1
21569,21570,21571,1,1,1
21572,21573,21574,1,1,1
21575,21574,21576,1,0,1
21577,21578,21579,1,1,1
21580,21581,21582,1,1,1
21548,21582,21583,0,0,1
21281,21583,21584,0,0,1
21563,21584,21585,0,0,1
21586,21585,21587,1,0,1
21568,21587,21588,0,0,1
21576,21571,21589,0,0,1
21579,21589,21590,0,0,1
21591,21590,21588,1,0,0
6797,6799,21592,0,0,1,28881
6795,21592,21593,0,0,1
21594,21593,21087,1,0,0
20938,20940,21595,0,0,1,9096
21596,21595,21597,1,0,1
21462,21597,21598,0,0,1
21459,21598,20943,0,0,0
1769,21295,21599,1,0,1,1753
21600,21599,21601,1,0,1
21602,21601,21603,1,0,1
21604,21603,21605,1,0,1
21606,21607,21608,1,1,1
21609,21608,21610,1,0,1
21299,21610,21611,0,0,1
21605,21297,21612,0,0,1
21613,21612,21611,1,0,0
1857,1776,21614,1,1,1,9944
21615,1859,21616,1,1,1
21617,21616,21618,1,0,1
21619,21618,21620,1,0,1
21621,21622,21623,1,1,1
21624,21625,21626,1,1,1
21600,21627,21628,0,1,1
1772,21628,21629,1,0,1
1774,21629,21630,1,0,1
21620,21614,21631,0,0,1
21623,21631,21632,0,0,1
21626,21632,21630,0,0,0
21143,21146,21633,0,0,1,1845
21140,21144,21634,0,0,1
21635,21634,21636,1,0,1
21637,21636,21638,1,0,1
21639,21638,21640,1,0,1
21641,21640,21642,1,0,1
21643,21642,21644,1,0,1
21645,21646,21647,1,1,1
21148,21533,21648,0,1,1
21633,21648,21649,0,0,1
21647,21644,21650,0,0,1
21531,21650,21649,1,0,0
21637,21651,21652,1,1,1,1925
21653,21652,21654,1,0,1
21655,21654,21656,1,0,1
21657,21656,21658,1,0,1
21659,21660,21661,1,1,1
21662,21663,21664,1,1,1
21665,21664,21666,1,0,1
21667,21666,21668,1,0,1
21669,21670,21671,1,1,1
21672,21671,21673,1,0,1
21674,21673,21675,1,0,1
21676,21675,21677,1,0,1
21678,21677,21679,1,0,1
21680,21679,21681,1,0,1
21658,21681,21682,0,0,1
21661,21682,21668,0,0,0
21481,21484,21683,0,0,1,1924
21479,21683,21684,0,0,1
21089,21437,21685,0,0,1,16597
21594,21685,21686,0,0,1
6791,6793,21687,0,0,1
21688,21687,21689,1,0,1
21690,21689,21691,1,0,1
21692,21691,21693,1,0,1
21694,21695,21696,1,1,1
21426,21696,21697,0,0,1
21439,21697,21698,0,0,1
21686,21698,21693,0,0,0
21001,21016,21699,0,1,1,11141
20998,21699,21700,0,0,1
20995,21700,21701,0,0,1
21453,20996,21702,0,0,1
21450,21454,21703,0,0,1
21704,21703,21705,1,0,1
21198,21706,21707,0,1,1
21013,21707,21708,1,0,1
21701,21708,21709,0,0,1
21702,21709,21705,0,0,0
21483,21486,21710,0,0,1,10116
21684,21710,21711,0,0,1
21476,21711,21712,0,0,1
21477,21712,21713,0,0,1
21714,21713,21715,1,0,1
21716,21715,21717,1,0,1
21718,21719,21720,1,1,1
21721,21720,21722,1,0,1
21723,21722,21724,1,0,1
21725,21726,21727,1,1,1
21564,21727,21728,0,0,1
21586,21565,21729,0,0,1
21562,21729,21730,0,0,1
21560,21730,21731,0,0,1
21558,21731,21732,0,0,1
21374,21732,21733,0,0,1
21717,21733,21734,0,0,1
21724,21734,21728,0,0,0
21303,21305,21735,0,0,1,1672
21301,21735,21736,0,0,1
21609,21736,21737,0,0,1
21385,21738,21739,0,1,1
21382,21386,21740,0,0,1
21380,21383,21741,0,0,1
21737,21741,21742,0,0,1
21739,21743,21744,0,1,1
21740,21744,21742,0,0,0
20778,20780,21745,0,0,1,648
21746,21745,21747,1,0,1
21748,21747,21749,1,0,1
21750,21749,21751,1,0,1
21752,21751,21753,1,0,1
21754,21753,21755,1,0,1
21756,21755,21757,1,0,1
2141,21758,21759,0,1,1
21760,21759,21761,1,0,1
21762,21761,21763,1,0,1
21764,21763,21765,1,0,1
21511,21765,21766,0,0,1
21757,21509,21767,0,0,1
21768,21767,21766,1,0,0
21706,21200,21769,0,0,1,2948
21704,21769,21770,0,0,1
21451,21770,21771,0,0,1
21552,21554,21772,0,0,1
21773,21772,21774,1,0,1
21775,21776,21777,1,1,1
21778,21779,21780,1,1,1
21781,21780,21782,1,0,1
21783,21782,21784,1,0,1
21572,21784,21785,0,0,1
21786,21785,21787,1,0,1
21788,21787,21789,1,0,1
21790,21789,21791,1,0,1
21792,21791,21793,1,0,1
21794,21793,21795,1,0,1
21796,21797,21798,1,1,1
21799,21800,21801,1,1,1
21802,21801,21803,1,0,1
21771,21803,21804,0,0,1
21774,21804,21805,0,0,1
21777,21805,21806,0,0,1
21795,21806,21798,0,0,0
20253,21807,21808,0,1,1,1845
21809,21808,21810,1,0,1
3212,21810,21811,0,0,1
3208,21811,21812,0,0,1
21813,21812,21814,1,0,1
21815,21814,21816,1,0,1
21817,21816,21818,1,0,1
3628,19932,21819,1,1,1,54
21820,21819,21821,1,0,1
21822,21821,21823,1,0,1
21824,21823,21825,1,0,1
3635,21825,21826,1,0,1
21827,21826,21828,1,0,1
21829,21828,19930,1,0,1
20936,21596,21830,0,0,1,10198
21831,21830,21832,1,0,1
21833,21832,21834,1,0,1
21835,21836,21837,1,1,1
21838,21837,21839,1,0,1
21840,21839,21841,1,0,1
21467,21841,21842,0,0,1
21464,21842,21843,0,0,1
21834,21461,21844,0,0,1
21845,21844,21843,1,0,0
21513,21493,21846,0,0,1,9096
21764,21846,21847,0,0,1
21498,21848,21849,0,1,1
21847,21495,21850,0,0,1
21851,21850,21849,1,0,0
20772,20776,21852,0,0,1,1929
20773,21852,21853,0,0,1
20769,21853,21854,0,0,1
21854,20775,21855,0,0,1,904
20770,21855,21856,0,0,1
21857,21856,21858,1,0,1
21859,21858,21746,1,0,0
21624,21627,21860,0,0,1,9945
21621,21625,21861,0,0,1
21619,21622,21862,0,0,1
21863,21862,21864,1,0,1
21865,21864,21866,1,0,1
21602,21866,21867,0,0,1
21860,21867,21861,0,0,0
21435,20830,21868,0,0,1,14035
21433,21868,21869,0,0,1
21870,21869,21871,1,0,1
21872,21871,21873,1,0,1
21874,21833,21875,1,0,1,2006
21836,21875,21845,0,0,0
21500,21219,21876,0,0,1,9942
21877,21876,21878,1,0,1
21879,21878,21880,1,0,1
21881,21880,21882,1,0,1
21883,21884,21885,1,1,1
21835,21885,21886,0,0,1
21874,21886,21887,0,0,1
20933,21831,21888,0,0,1
21882,21888,21887,0,0,0
20834,21518,21889,0,0,1,9942
20832,21889,21890,0,0,1
21873,21890,21891,0,0,1
21892,21891,21893,1,0,1
21894,21893,21895,1,0,1
21896,21895,21897,1,0,1
21898,21897,21520,1,0,0
21756,21768,21899,0,0,1,8840
21900,21754,21901,1,0,1
21902,21901,21903,1,0,1
21904,21903,21905,1,0,1
21906,21905,21907,1,0,1
21908,21907,21909,1,0,1
21910,21909,21911,1,0,1
2144,21912,21913,0,1,1
2140,21913,21914,0,0,1
21758,21914,21915,0,0,1
21899,21915,21911,0,0,0
21865,21604,21916,0,0,1,2008
21917,21916,21918,1,0,1
21919,21918,21920,1,0,1
21921,21922,21923,1,1,1
21924,21923,21925,1,0,1
21607,21925,21926,0,0,1
21613,21926,21920,0,0,0
2023,2025,21927,0,0,1,42800
21928,2021,21929,1,0,1
21930,21929,21931,1,0,1
21932,21931,21933,1,0,1
21934,21933,21935,1,0,1
21936,21935,21937,1,0,1
2037,21938,21939,0,1,1
2034,21939,21940,0,0,1
2032,21940,21941,0,0,1
2027,2030,21942,0,0,1
21927,21942,21943,0,0,1
21937,21943,21944,0,0,1
21941,21945,21946,0,1,1
2029,21946,21944,0,0,0
20249,20246,21947,1,1,1,1846
20248,21947,21948,1,0,1
3604,20266,21949,1,1,1
3606,21949,21950,1,0,1
20244,3608,21951,1,1,1
21948,21951,21950,0,0,0
21952,21550,21953,1,0,1,1924
21954,21953,21955,1,0,1
21775,21779,21956,0,0,1
21776,21956,21957,0,0,1
21773,21957,21955,0,0,0
21851,21848,21958,0,0,1,9944
21762,21958,21959,0,0,1
2172,21760,21960,0,0,1
2170,21960,21961,0,0,1
21962,21961,21963,1,0,1
21877,21964,21965,0,1,1
21497,21965,21966,0,0,1
21959,21966,21963,0,0,0
21743,21738,21967,0,0,1,10120
21606,21967,21968,0,0,1
21924,21968,21969,0,0,1
21970,21969,21971,1,0,1
21972,21971,21973,1,0,1
21974,21973,21388,1,0,0
21809,20254,21975,1,1,1,53
3211,21975,21976,1,0,1
3598,21976,21977,1,0,1
3600,21977,21978,1,0,1
20251,21978,20268,1,0,1
21840,21466,21979,0,0,1,1925
21980,21979,21981,1,0,1
21982,21981,21474,1,0,0
21983,1861,21984,1,1,1,3032
21985,21984,21986,1,0,1
21987,21986,21988,1,0,1
21989,21988,21615,1,0,0
21990,21991,21992,1,1,1,1752
1864,21992,21993,0,0,1
21983,21993,21994,1,0,1
21995,21996,21997,1,1,1
21998,21997,21999,1,0,1
22000,21999,22001,1,0,1
22002,22003,22004,1,1,1
22005,22006,22007,1,1,1
22008,22005,22009,1,0,1
21994,22009,22010,0,0,1
22004,22001,22011,0,0,1
22007,22011,22010,0,0,0
22012,21694,22013,1,0,1,16598
22014,22015,22016,1,1,1
22017,22016,22018,1,0,1
22019,22018,22020,1,0,1
22021,22020,22022,1,0,1
21429,22022,22013,0,0,0
21962,21964,22023,0,0,1,9943
2168,22023,22024,0,0,1
22025,22024,22026,1,0,1
22027,22026,22028,1,0,1
22029,22028,21879,1,0,0
22030,20767,22031,1,0,1,648
22032,22031,22033,1,0,1
22034,22033,22035,1,0,1
22036,22037,22038,1,1,1
21857,22038,22035,0,0,0
22039,20765,22040,1,0,1,8840
22037,22041,22042,0,1,1
22034,22042,22043,0,0,1
22032,22043,22044,0,0,1
22040,22030,22045,0,0,1
22046,22045,22044,1,0,0
21863,21917,22047,0,0,1,1720
21617,22047,22048,0,0,1
21989,22048,22049,0,0,1
22050,22049,22051,1,0,1
22052,22051,22053,1,0,1
22054,22053,22055,1,0,1
21872,21892,22056,0,0,1,18133
22057,22056,22058,1,0,1
22059,22060,22061,1,1,1
22062,22061,22063,1,0,1
22064,22063,22065,1,0,1
22066,22065,22067,1,0,1
22068,22067,22069,1,0,1
22070,22069,22071,1,0,1
22072,22071,22073,1,0,1
21894,22073,22058,0,0,0
2103,2101,22074,1,1,1,1846
2108,2105,22075,1,1,1
1968,22075,22076,1,0,1
1974,1971,22077,1,1,1
22078,22079,22080,1,1,1
22074,22080,22081,0,0,1
22076,22081,22077,0,0,0
22082,21580,22083,1,0,1,1925
22084,22085,22086,1,1,1
22087,22086,22088,1,0,1
21778,22088,22089,0,0,1
21954,22089,22090,0,0,1
21952,22090,22083,0,0,0
22055,21919,22091,0,0,1,1976
22052,22054,22092,0,0,1
22093,22092,22094,1,0,1
22095,22094,22096,1,0,1
22097,22096,22098,1,0,1
22099,22098,22100,1,0,1
22101,22100,22102,1,0,1
22103,22102,22104,1,0,1
21922,22104,22091,0,0,0
21692,21695,22105,0,0,1,16600
22106,22105,22107,1,0,1
22108,22107,22012,1,0,0
21974,21390,22109,0,0,1,1672
22110,22109,22111,1,0,1
22112,22113,22114,1,1,1
21396,22114,22115,0,0,1
21392,22115,22116,0,0,1
21393,22116,22111,0,0,0
21921,21970,22117,0,0,1,1928
22103,22117,22118,0,0,1
22119,22118,22120,1,0,1
22121,22120,22122,1,0,1
22110,22122,21972,0,0,0
22123,1870,22124,1,0,1,9944
22125,22126,22127,1,1,1,8665
22128,22129,22130,1,1,1
22131,22130,22132,1,0,1
22133,22132,22134,1,0,1
22135,22134,22136,1,0,1
22137,22138,22139,1,1,1
21526,22140,22141,1,1,1
1821,22141,22142,0,0,1
1819,22142,22143,0,0,1
22144,22143,22145,1,0,1
22146,22145,22147,1,0,1
22148,22149,22150,1,1,1
22127,22148,22151,0,0,1
22147,22139,22152,0,0,1
22151,22150,22153,0,0,1
22136,22153,22152,0,0,0
21898,21522,22154,0,0,1,18134
21896,22154,22155,0,0,1
22072,22155,22156,0,0,1
22157,22156,22158,1,0,1
22137,22159,22160,1,1,1
22140,22160,22161,1,0,1
21524,22161,22158,0,0,0
21796,22162,22163,1,1,1,2947
21800,22163,22164,1,0,1
22165,22164,22166,1,0,1
22167,22166,22168,1,0,1
21752,21900,22169,0,0,1,904
22170,22169,22171,1,0,1
21904,22172,22173,0,1,1
21902,22173,22171,0,0,0
21859,21748,22174,0,0,1,9096
22036,22174,22175,0,0,1
22046,22041,22176,0,0,1
22177,22178,22179,1,1,1
22180,22179,22181,1,0,1
2230,22181,22182,0,0,1
2231,22182,22183,0,0,1
22184,22185,22186,1,1,1
22187,22186,22188,1,0,1
22189,22188,22190,1,0,1
22191,22192,22193,1,1,1
22175,22193,22194,0,0,1
22183,22176,22195,0,0,1
22190,22195,22194,0,0,0
6786,6789,22196,0,0,1,27604
20867,22196,22197,0,0,1
22198,22197,22199,1,0,1
22200,22199,22201,1,0,1
22202,22201,22203,1,0,1
22204,22203,21688,1,0,0
21725,21567,22205,0,0,1,1923
22206,22205,22207,1,0,1
22208,22207,22209,1,0,1
21569,22210,22211,0,1,1
21570,22211,22209,0,0,0
21653,21639,22212,1,0,1,1957
21655,22212,22213,1,0,1
22214,22213,22215,1,0,1
22216,22215,22217,1,0,1
22218,22219,22220,1,1,1
22221,22220,22222,1,0,1
22223,22224,22225,1,1,1
22226,22227,22228,1,1,1
22229,22230,22231,1,1,1
22232,22231,22233,1,0,1
22234,22233,22235,1,0,1
22236,22237,22238,1,1,1
22239,22240,22241,1,1,1
22242,22243,22244,1,1,1
2258,22244,22245,1,0,1
22246,22245,22247,1,0,1
22248,22247,22249,1,0,1
22250,22251,22252,1,1,1
21643,22252,22253,0,0,1
21641,22253,22254,0,0,1
22222,22217,22255,0,0,1
22256,22255,22257,1,0,1
22225,22257,22258,0,0,1
22228,22258,22259,0,0,1
22260,22259,22261,1,0,1
22235,22261,22262,0,0,1
22238,22262,22263,0,0,1
22241,22264,22265,0,1,1
22249,22265,22266,0,0,1
22254,22266,22263,0,0,0
21792,21794,22267,0,0,1,132
21790,22267,22268,0,0,1
21788,22268,22269,0,0,1
22270,22269,22271,1,0,1
22272,22271,21797,1,0,0
21591,21581,22273,0,0,1,10116
21577,22273,22274,0,0,1
21578,22274,22275,0,0,1
21783,21575,22276,0,0,1
22087,21781,22277,0,0,1
22084,22277,22278,0,0,1
22275,22082,22279,0,0,1
22278,22276,22280,0,0,1
22085,22280,22279,0,0,0
22191,21750,22281,0,0,1,1672
22282,22281,22283,1,0,1
22284,22283,22285,1,0,1
2146,22285,22286,0,0,1
22172,22287,22288,0,1,1
22170,22288,22286,0,0,0
21431,21870,22289,0,0,1,9940
22290,22289,22291,1,0,1
22292,22293,22294,1,1,1
22295,22294,22296,1,0,1
22059,22296,22297,0,0,1
22057,22060,22298,0,0,1
22291,22298,22297,0,0,0
21883,21838,22299,0,0,1,10118
22300,22299,22301,1,0,1
22302,22301,22303,1,0,1
22304,22303,22305,1,0,1
22306,22305,21980,1,0,0
22027,22029,22307,0,0,1,18134
22308,22307,22309,1,0,1
22310,22309,22311,1,0,1
22312,22311,22313,1,0,1
22300,22313,22314,0,0,1
21884,22314,21881,0,0,0
21908,21910,22315,0,0,1,2008
21906,22315,22316,0,0,1
22287,22316,22317,0,0,1
2143,22317,21912,0,0,0
21395,20763,22318,0,0,1,647
22112,22318,22319,0,0,1
22320,22319,22321,1,0,1
22322,22321,22323,1,0,1
22178,22323,22039,0,0,0
21996,21985,22324,1,0,1,3000
22325,22324,22326,1,0,1
22327,22326,22328,1,0,1
22329,22328,22330,1,0,1
22331,22330,22332,1,0,1
22333,22334,22335,1,1,1
22336,22337,22338,1,1,1
22095,22338,22339,0,0,1
22050,22093,22340,0,0,1
21987,22340,22341,0,0,1
22332,22341,22342,0,0,1
22335,22342,22339,0,0,0
1872,1875,22343,0,0,1,8664
22344,20865,22345,1,0,1,3025
22346,22345,22347,1,0,1
22200,22347,22198,0,0,0
2135,2133,22348,1,1,1,821
2114,22348,22349,1,0,1
1964,2113,22350,1,1,1
1966,22350,22351,1,0,1
1969,22351,22352,1,0,1
2107,22352,22353,1,0,1
2111,22353,22354,1,0,1
2110,22354,22349,1,0,0
22355,22356,22357,1,1,1,2008
22358,22359,22360,1,1,1
22361,22360,22357,1,0,0
22189,22192,22362,0,0,1,1928
22363,22362,22364,1,0,1
22365,22364,22366,1,0,1
22367,22368,22369,1,1,1
2148,22369,22370,0,0,1
22284,22370,22371,0,0,1
22282,22371,22366,0,0,0
22070,22157,22372,0,0,1,16856
22373,22372,22374,1,0,1
22133,22375,22376,1,1,1
22135,22376,22377,1,0,1
22138,22377,22378,1,0,1
22159,22378,22374,0,0,0
22379,22162,22380,1,0,1,131
22381,22380,22382,1,0,1
22270,22382,22272,1,0,1
22383,22113,22384,1,0,1,9864
22385,22384,22386,1,0,1
22387,22386,22320,1,0,0
22106,22108,22388,0,0,1,16599
21690,22388,22389,0,0,1
22204,22389,22390,0,0,1
22391,22390,22392,1,0,1
22014,22393,22394,0,1,1
22015,22394,22392,0,0,0
21827,3638,22395,1,0,1,53
21829,22395,22396,1,0,1
19928,22396,22397,0,0,1
3630,21820,22398,1,0,1,53
3633,22398,22399,1,0,1
3632,22399,22400,1,0,1
21824,3636,22401,0,1,1
21822,22401,22400,0,0,0
22101,22119,22402,0,0,1,10120
22403,22402,22404,1,0,1
22405,22404,22406,1,0,1
22407,22406,22408,1,0,1
22409,22408,22410,1,0,1
22411,22410,22412,1,0,1
22383,22412,22121,0,0,0
22295,22062,22413,0,0,1,18132
22292,22413,22414,0,0,1
21428,22290,22415,0,0,1
22021,22415,22416,0,0,1
22417,22416,22418,1,0,1
22419,22418,22420,1,0,1
22421,22420,22422,1,0,1
22423,22422,22424,1,0,1
22414,22425,22426,0,1,1
22293,22426,22424,0,0,0
22312,22302,22427,0,0,1,18309
22310,22427,22428,0,0,1
22429,22428,22430,1,0,1
22431,22430,22432,1,0,1
22433,22432,22434,1,0,1
22435,22434,22436,1,0,1
22437,2166,22438,1,0,1,18137
22439,22438,22440,1,0,1
22441,22440,22442,1,0,1
22443,22442,22444,1,0,1
22429,22444,22445,0,0,1
22308,22445,22025,0,0,0
2252,22185,22446,0,0,1,8840
2250,22446,22447,0,0,1
2248,22447,22448,0,0,1
3181,22449,22450,0,1,1,1845
3197,3178,22451,0,0,1
3207,22451,22452,0,0,1
3175,3203,22453,0,0,1
3173,22453,22454,0,0,1
3168,3171,22455,0,0,1
22456,3165,22457,1,0,1
22458,22457,22459,1,0,1
22460,22461,22462,1,1,1
22450,22462,22463,0,0,1
22452,3177,22464,0,0,1
3205,22464,22465,0,0,1
22454,22465,22466,0,0,1
3170,22466,22467,0,0,1
22459,22455,22468,0,0,1
22463,22468,22467,0,0,0
22469,22470,22471,1,1,1,2947
22472,22471,22473,1,0,1
22474,22473,22475,1,0,1
22476,22475,22477,1,0,1
22478,22479,22480,1,1,1
22481,22480,22482,1,0,1
22483,22482,22484,1,0,1
22485,22486,22487,1,1,1
21723,22488,22489,1,1,1
21726,22489,22490,1,0,1
22206,22490,22491,1,0,1
22208,22491,22492,1,0,1
21573,22210,22493,1,1,1
21786,22493,22494,1,0,1
22381,22494,22495,0,0,1
22496,22495,22497,1,0,1
22477,22497,22498,0,0,1
22487,22484,22499,0,0,1
22500,22499,22501,1,0,1
22492,22501,22498,0,0,0
22306,21982,22502,0,0,1,14212
22503,22502,22504,1,0,1
22505,22504,22506,1,0,1
21716,21719,22507,0,0,1
21714,22507,22506,0,0,0
2162,2164,22508,0,0,1,9945
22509,22508,22510,1,0,1
22511,22510,22512,1,0,1
22513,22512,22437,1,0,0
22367,2150,22514,0,0,1,2008
22515,22514,22516,1,0,1
22517,22516,22518,1,0,1
22519,22518,22520,1,0,1
22521,22522,22523,1,1,1
2154,22523,22524,0,0,1
2152,22524,22520,0,0,0
22184,22187,22525,0,0,1,648
22448,22525,22526,0,0,1
2246,22526,22527,0,0,1
2244,22527,22528,0,0,1
22529,22528,22530,1,0,1
22531,22530,22532,1,0,1
22533,22532,22534,1,0,1
22535,22534,22363,1,0,0
22536,22537,22538,1,1,1,903
22539,22540,22541,1,1,1
22542,22543,22544,1,1,1
22545,22544,22546,1,0,1
22547,22546,22548,1,0,1
22549,22548,22550,1,0,1
22551,22550,22552,1,0,1
22553,22552,22554,1,0,1
22538,22554,22541,0,0,0
22387,22322,22555,0,0,1,8839
22556,22555,22557,1,0,1
22558,22557,22559,1,0,1
22560,22559,22561,1,0,1
22562,22561,22177,1,0,0
22563,22068,22564,1,0,1,16855
22565,22564,22566,1,0,1
22567,22566,22568,1,0,1
22569,22568,22570,1,0,1
22571,22570,22572,1,0,1
22573,22572,22373,1,0,0
22436,22304,22574,0,0,1,10117
22575,22574,22576,1,0,1
22577,22578,22579,1,1,1
22580,22579,22581,1,0,1
22582,22581,22583,1,0,1
22486,22583,22584,1,0,1
22485,22584,22585,1,0,1
22586,22585,22587,1,0,1
21718,22587,22588,0,0,1
22505,22588,22589,0,0,1
22503,22589,22576,0,0,0
22535,22365,22590,0,0,1,1672
22591,22590,22592,1,0,1
22593,22592,22594,1,0,1
22515,22594,22368,0,0,0
22595,22409,22596,1,0,1,8328
22597,22596,22598,1,0,1
22599,22598,22600,1,0,1
22601,22600,22602,1,0,1
22556,22602,22603,0,0,1
22385,22603,22411,0,0,0
22604,22605,22606,1,1,1,1923
22607,22606,22608,1,0,1
22609,22608,22610,1,0,1
22611,22610,22612,1,0,1
22613,22612,22614,1,0,1
22562,22180,22615,0,0,1,9863
22616,22615,22617,1,0,1
2235,22617,2233,0,0,0
22125,22618,22619,1,1,1,473
22620,22621,22622,1,1,1
22623,22622,22624,1,0,1
22625,22624,22626,1,0,1
22627,22626,22628,1,0,1
22629,22628,22630,1,0,1
22631,22630,22632,1,0,1
22633,22632,22634,1,0,1
22635,22634,22636,1,0,1
22637,22636,22638,1,0,1
22639,22638,22640,1,0,1
22641,22640,22642,1,0,1
22643,22642,22644,1,0,1
22619,22000,22645,0,1,1
22129,22645,22644,1,0,0
22425,22064,22646,0,0,1,18134
22647,22646,22648,1,0,1
22649,22648,22650,1,0,1
22651,22650,22652,1,0,1
22563,22652,22066,0,0,0
22344,22346,22653,0,0,1,19413
20863,22653,22654,0,0,1
22655,22654,22656,1,0,1
22657,22658,22659,1,1,1
22660,22661,22662,1,1,1
22663,22662,22664,1,0,1
22391,22664,22665,0,0,1
22202,22665,22666,0,0,1
22659,22656,22667,0,0,1
22668,22667,22666,1,0,0
22669,22407,22670,1,0,1,8327
22671,22670,22672,1,0,1
22673,22674,22675,1,1,1
22676,22675,22677,1,0,1
22678,22679,22680,1,1,1
22597,22680,22681,0,0,1
22672,22595,22682,0,0,1
22677,22682,22681,0,0,0
22573,22375,22683,0,0,1,8666
22571,22683,22684,0,0,1
22685,22684,22686,1,0,1
22687,22686,22688,1,0,1
22621,22688,22689,0,0,1
22128,22689,22131,1,0,1
22421,22423,22690,0,0,1,18133
22691,22690,22692,1,0,1
22693,22692,22647,1,0,0
22663,22393,22694,0,0,1,16600
22695,22694,22696,1,0,1
22697,22696,22698,1,0,1
22699,22700,22701,1,1,1
22702,22701,22703,1,0,1
22704,22703,22705,1,0,1
22706,22705,22707,1,0,1
22017,22707,22698,0,0,0
22708,22435,22709,1,0,1,1924
22710,22709,22711,1,0,1
22712,22711,22713,1,0,1
22714,22713,22715,1,0,1
22578,22715,22575,0,0,0
22593,22517,22716,0,0,1,10200
22591,22716,22717,0,0,1
22533,22717,22718,0,0,1
22719,22531,22720,1,0,1
22721,22720,22722,1,0,1
22723,22722,22724,1,0,1
22519,22724,22718,0,0,0
22097,22099,22725,0,0,1,14264
22336,22725,22726,0,0,1
22727,22726,22728,1,0,1
22729,22728,22730,1,0,1
22731,22730,22403,1,0,0
22639,22641,22732,0,0,1,1753
22733,22732,22734,1,0,1
22325,22734,22735,0,0,1
21995,22735,22736,1,0,1
21998,22736,22643,1,0,0
22569,22685,22737,0,0,1,8665
22567,22737,22738,0,0,1
22739,22738,22740,1,0,1
22741,22740,22742,1,0,1
22743,22742,22744,1,0,1
22745,22746,22747,1,1,1
22625,22747,22748,0,0,1
22623,22748,22749,0,0,1
22687,22620,22750,0,0,1
22744,22750,22749,0,0,0
22751,2122,22752,1,1,1,821
1953,22752,22753,1,0,1
1959,1956,22754,1,1,1
2055,1958,22755,1,1,1
2075,22755,22756,1,0,1
1962,22756,22757,1,0,1
2117,22757,22758,1,0,1
2119,22758,22759,1,0,1
22753,22759,22754,0,0,0
22760,22433,22761,1,0,1,3028
22762,22761,22763,1,0,1
22710,22764,22765,0,1,1
22763,22708,22766,0,0,1
22767,22766,22765,1,0,0
22601,22558,22768,0,0,1,1670
22599,22768,22769,0,0,1
22678,22769,22770,0,0,1
22676,22679,22771,0,0,1
22772,22771,22773,1,0,1
22774,22773,22775,1,0,1
22776,22775,22777,1,0,1
22778,22777,22779,1,0,1
22780,22779,22781,1,0,1
22782,22781,22783,1,0,1
2239,22784,22785,0,1,1
22616,2237,22786,0,0,1
22560,22786,22787,0,0,1
22770,22787,22788,0,0,1
22783,22788,22785,0,0,0
22443,22431,22789,0,0,1,10196
22790,22789,22791,1,0,1
22792,22791,22793,1,0,1
22794,22793,22795,1,0,1
22796,22795,22760,1,0,0
22521,2156,22797,0,0,1,9944
22798,22797,22799,1,0,1
22800,22801,22802,1,1,1
2158,22803,22804,0,1,1
22799,22804,22802,0,0,0
22731,22405,22805,0,0,1,16519
22729,22805,22806,0,0,1
22807,22806,22808,1,0,1
22809,22808,22810,1,0,1
22811,22810,22812,1,0,1
22813,22812,22814,1,0,1
22815,22814,22669,1,0,0
22513,22439,22816,0,0,1,18389
22817,22816,22818,1,0,1
22819,22818,22820,1,0,1
22821,22820,22822,1,0,1
22792,22822,22823,0,0,1
22790,22823,22441,0,0,0
22706,22019,22824,0,0,1,18134
22825,22824,22826,1,0,1
22827,22828,22829,1,1,1
22830,22829,22831,1,0,1
22832,22831,22833,1,0,1
22417,22833,22826,0,0,0
22660,22695,22834,0,0,1,19416
22661,22834,22835,0,0,1
22836,22835,22837,1,0,1
22838,22837,22839,1,0,1
22840,22841,22842,1,1,1
22843,22842,22844,1,0,1
22699,22844,22845,0,0,1
22700,22845,22846,0,0,1
22697,22846,22839,0,0,0
22847,22848,22849,1,1,1,821
22850,22851,22852,1,1,1
22853,22852,22854,1,0,1
22855,22854,22856,1,0,1
22857,22856,22858,1,0,1
22859,22860,22861,1,1,1
22862,22861,22863,1,0,1
22858,22849,22864,0,0,1
22865,22864,22863,1,0,0
22234,22237,22866,0,0,1,1956
22232,22866,22867,0,0,1
22229,22867,22868,0,0,1
22869,22868,22870,1,0,1
22871,22872,22873,1,1,1
22874,22875,22876,1,1,1
22227,22877,22878,0,1,1
22223,22878,22879,0,0,1
22256,22224,22880,0,0,1
22221,22880,22881,0,0,1
22218,22881,22882,0,0,1
22883,22882,22884,1,0,1
22885,22886,22887,1,1,1
22888,22887,22889,1,0,1
22890,22889,22891,1,0,1
22892,22891,22893,1,0,1
22243,22893,22894,0,0,1
22239,22894,22895,0,0,1
22264,22240,22896,0,0,1
22236,22896,22897,0,0,1
22870,22897,22898,0,0,1
22873,22898,22899,0,0,1
22879,22876,22900,0,0,1
22884,22900,22901,0,0,1
22895,22901,22899,0,0,0
22586,21721,22902,0,0,1,1923
22500,22902,22488,1,0,1
22903,22651,22904,1,0,1,18136
22905,22904,22906,1,0,1
22739,22906,22565,0,0,0
22657,22668,22907,0,0,1,19414
22908,22658,22909,1,0,1
22910,22909,22911,1,0,1
22840,22911,22912,0,0,1
22841,22912,22913,0,0,1
22838,22913,22914,0,0,1
22836,22914,22907,0,0,0
2160,22509,22915,0,0,1,18136
22803,22915,22916,0,0,1
22800,22916,22917,0,0,1
22918,22917,22919,1,0,1
22817,22919,22511,0,0,0
22920,20861,22921,1,0,1,3025
22922,22921,22923,1,0,1
22924,22923,22925,1,0,1
22908,22925,22655,0,0,0
2241,22529,22926,0,0,1,10120
22927,22926,22928,1,0,1
22929,22928,22930,1,0,1
22931,22932,22933,1,1,1
22719,22934,22935,0,1,1
22930,22935,22933,0,0,0
22832,22419,22936,0,0,1,9943
22937,22936,22938,1,0,1
22939,22938,22940,1,0,1
22941,22940,22691,1,0,0
13367,13370,22942,0,0,1,28816
13364,22942,22943,0,0,1
13362,13365,22944,0,0,1
13360,22944,22945,0,0,1
22946,13357,22947,1,0,1
22948,22947,22949,1,0,1
22950,22949,22951,1,0,1
6649,22951,22952,0,0,1
6891,22952,22953,0,0,1
6642,6646,22954,0,0,1
13369,22954,22955,0,0,1
22945,22943,22956,0,0,1
22953,22956,22957,0,0,1
6645,22957,22955,0,0,0
22796,22762,22958,0,0,1,2004
22821,22794,22959,0,0,1
22960,22959,22961,1,0,1
22962,22961,22963,1,0,1
22964,22963,22965,1,0,1
22966,22965,22967,1,0,1
22968,22967,22958,1,0,0
22337,22727,22969,0,0,1,14263
22333,22969,22970,0,0,1
22971,22970,22972,1,0,1
22973,22972,22974,1,0,1
22975,22974,22807,1,0,0
22941,22693,22976,0,0,1,18135
22977,22976,22978,1,0,1
22979,22980,22981,1,1,1
22903,22981,22982,0,0,1
22649,22982,22978,0,0,0
22637,22733,22983,0,0,1,3033
22635,22983,22984,0,0,1
22985,22984,22986,1,0,1
22329,22987,22988,0,1,1
22327,22988,22986,0,0,0
22767,22764,22989,0,0,1,3027
22968,22989,22990,0,0,1
22991,22990,22992,1,0,1
22993,22994,22995,1,1,1
22996,22995,22997,1,0,1
22998,22997,22999,1,0,1
22481,23000,23001,1,1,1
23002,23001,23003,1,0,1
22577,23004,23005,0,1,1
22714,23005,23006,0,0,1
22712,23006,23007,0,0,1
22992,23007,23008,0,0,1
23009,23008,23010,1,0,1
23003,22999,23011,0,0,1
23012,23011,23010,1,0,0
22723,22522,23013,0,0,1,18137
23014,23013,23015,1,0,1
23016,23015,23017,1,0,1
23018,23017,23019,1,0,1
23020,23019,22798,1,0,0
22979,22905,23021,0,0,1,9944
23022,23021,23023,1,0,1
23024,23023,22741,1,0,0
23025,22469,23026,1,0,1,2946
23027,23026,23028,1,0,1
23029,23028,23030,1,0,1
23031,23030,23032,1,0,1
23033,23032,23034,1,0,1
23035,23036,23037,1,1,1
22479,23037,23038,0,0,1
22476,23038,23039,0,0,1
22474,23039,23040,0,0,1
23034,22472,23041,0,0,1
23042,23041,23040,1,0,0
23004,22580,23043,0,0,1,11220
23012,23043,23044,0,0,1
23002,23044,23045,0,0,1
22483,23045,22582,1,0,0
23046,22966,23047,1,0,1,2003
23048,23047,23049,1,0,1
23050,23049,23051,1,0,1
23052,23051,23053,1,0,1
22994,23053,23054,0,0,1
23009,23054,22991,0,0,0
22931,22934,23055,0,0,1,13272
23056,22932,23057,1,0,1
23058,23057,23059,1,0,1
23060,23059,23061,1,0,1
23062,23061,23063,1,0,1
23014,23063,23064,0,0,1
22721,23064,23055,0,0,0
22673,22772,23065,0,0,1,13958
23066,22674,23067,1,0,1
23068,23067,23069,1,0,1
23070,23069,23071,1,0,1
23072,23071,23073,1,0,1
22774,23073,23065,0,0,0
22815,22671,23074,0,0,1,18055
23075,22813,23076,1,0,1
23077,23076,23078,1,0,1
23079,23078,23080,1,0,1
23066,23080,23074,0,0,0
6738,6735,23081,1,1,1,30672
23082,6737,23083,1,1,1
23084,23083,23085,1,0,1
6744,6740,23086,1,1,1
23087,23086,23088,1,0,1
23089,23088,23090,1,0,1
23091,23090,23092,1,0,1
23093,23092,23094,1,0,1
23095,23093,23096,1,0,1
21331,23096,23097,1,0,1
21333,23097,23098,1,0,1
21337,21335,23099,1,1,1
21341,21339,23100,1,1,1
21345,21343,23101,1,1,1
6730,23101,23102,1,0,1
6733,23102,23103,1,0,1
23081,23103,23104,0,0,1
23085,23104,23105,0,0,1
23094,23105,23106,0,0,1
23098,23106,23107,0,0,1
23099,23107,23100,0,0,0
2242,22927,23108,0,0,1,8407
22784,23108,23109,0,0,1
23110,23109,23111,1,0,1
23112,23111,23113,1,0,1
23114,23113,23115,1,0,1
23056,23115,22929,0,0,0
23075,22811,23116,1,1,1,16567
23117,23116,23118,1,0,1
23119,23120,23121,1,1,1
23122,23121,23123,1,0,1
23124,23123,23125,1,0,1
23126,23125,23127,1,0,1
23128,23127,23129,1,0,1
22975,23129,23130,1,0,1
22809,23130,23118,1,0,0
23131,22260,23132,1,0,1,165
23133,23132,23134,1,0,1
23135,23134,23136,1,0,1
23137,23136,23138,1,0,1
22872,23138,23139,0,0,1
22869,23139,22230,0,0,0
22780,22782,23140,0,0,1,8406
23141,22778,23142,1,0,1
23143,23142,23144,1,0,1
23145,23144,23146,1,0,1
23147,23146,23148,1,0,1
23149,23148,23150,1,0,1
23112,23150,23151,0,0,1
23110,23151,23140,0,0,0
22910,22843,23152,0,0,1,16597
22922,22924,23153,0,0,1
23154,23153,23155,1,0,1
23156,23155,23157,1,0,1
23158,23157,23159,1,0,1
23160,23159,23161,1,0,1
23162,23163,23164,1,1,1
23165,23164,23166,1,0,1
23167,23166,23168,1,0,1
23169,23168,23170,1,0,1
23171,23170,23172,1,0,1
22702,23173,23174,0,1,1
23152,23174,23175,0,0,1
23161,23175,23172,0,0,0
23176,22251,23177,1,0,1,164
2264,23177,23178,1,0,1
23179,23178,23180,1,0,1
23020,22801,23181,0,0,1,11220
23182,23183,23184,1,1,1
23185,23186,23187,1,1,1
23188,23187,23189,1,0,1
22960,23189,23190,0,0,1
22819,23190,23191,0,0,1
22918,23191,23192,0,0,1
23181,23192,23184,0,0,0
23193,23194,23195,1,1,1,8888
22971,22334,23196,1,1,1
22973,23196,23197,1,0,1
23128,23197,23198,0,0,1
23126,23198,23199,0,0,1
23200,23199,23201,1,0,1
23195,23200,23202,0,0,1
23203,23202,23201,1,0,0
23204,22248,23205,1,0,1,165
23206,23205,23207,1,0,1
2262,23207,23176,1,0,0
23072,22776,23208,0,0,1,9863
23209,23208,23210,1,0,1
23211,23210,23212,1,0,1
23213,23212,23214,1,0,1
23215,23214,23216,1,0,1
23217,23218,23219,1,1,1
23141,23219,23216,0,0,0
23220,23221,23222,1,1,1,52
2266,23222,23223,0,0,1
2267,23223,23224,0,0,1
23179,23224,23225,1,0,1
3297,23225,23226,0,0,1
3309,23226,3307,0,0,0
22830,22937,23227,0,0,1,14037
22827,23227,23228,0,0,1
23229,23228,23230,1,0,1
23231,23230,23232,1,0,1
23233,23232,23234,1,0,1
22977,23234,22939,0,0,0
23235,22331,23236,1,0,1,8376
23237,23236,23238,1,0,1
23239,23238,23240,1,0,1
23241,23242,23243,1,1,1
23244,23243,23245,1,0,1
23193,23245,23246,1,0,1
23203,23246,23240,1,0,0
22633,22985,23247,0,0,1,1753
22631,23247,23248,0,0,1
23249,23248,23250,1,0,1
23251,23250,23252,1,0,1
23253,23252,23254,1,0,1
23255,23254,23256,1,0,1
23235,23256,22987,0,0,0
23257,22629,23258,1,0,1,9177
2305,23258,23259,0,0,1
23260,23259,23261,1,0,1
23262,23261,23263,1,0,1
23264,23263,23249,1,0,0
23173,22704,23265,0,0,1,16599
23171,23265,23266,0,0,1
23169,23266,23267,0,0,1
23268,23267,23269,1,0,1
22828,23269,22825,0,0,0
23270,23271,23272,1,1,1,2948
23273,23272,23274,1,0,1
23275,23274,23276,1,0,1
23277,23276,23278,1,0,1
23279,23278,21660,1,0,1
23062,23016,23280,0,0,1,18391
23060,23280,23281,0,0,1
23282,23281,23283,1,0,1
23114,23058,23284,0,0,1,19414
23149,23284,23285,0,0,1
23286,23285,23287,1,0,1
23288,23287,23289,1,0,1
23290,23289,23291,1,0,1
23292,23291,23293,1,0,1
23294,23293,23282,1,0,0
23117,23077,23295,1,0,1,16518
23120,23295,23296,1,0,1
23297,23296,23298,1,0,1
22745,22627,23299,0,0,1,8666
23300,22746,23301,1,0,1
2283,23301,23302,0,0,1
23257,23302,23299,0,0,0
23303,23304,23305,1,1,1,2946
23306,23305,23307,1,0,1
23308,23309,23310,1,1,1
23311,23310,23312,1,0,1
23313,23314,23315,1,1,1
23316,23315,23317,1,0,1
23318,23317,23319,1,0,1
23320,23319,23321,1,0,1
23307,23322,23323,0,1,1
23312,23323,23324,0,0,1
23325,23324,23321,1,0,0
23188,22962,23326,0,0,1,1748
23327,23326,23328,1,0,1
23329,23328,23330,1,0,1
23331,23330,23332,1,0,1
23046,23332,22964,0,0,0
23298,23079,23333,0,0,1,18053
23334,23333,23335,1,0,1
23336,23335,23337,1,0,1
23338,23337,23339,1,0,1
23340,23339,23341,1,0,1
23342,23341,23343,1,0,1
23344,23343,23345,1,0,1
23070,23209,23346,0,0,1
23068,23346,23345,0,0,0
23167,23268,23347,0,0,1,8408
23165,23347,23348,0,0,1
23349,23350,23351,1,1,1
23352,23351,23353,1,0,1
23354,23353,23355,1,0,1
23356,23355,23357,1,0,1
23358,23357,23359,1,0,1
23229,23359,23348,0,0,0
23217,23143,23360,0,0,1,11220
23361,23218,23362,1,0,1
23363,23362,23364,1,0,1
23147,23286,23365,0,0,1
23360,23145,23366,0,0,1
23364,23366,23365,0,0,0
23322,23367,23368,0,1,1,2947
23318,23320,23369,0,0,1
23370,23316,23371,1,0,1
23372,23371,23373,1,0,1
23374,23373,23375,1,0,1
23376,23375,23377,1,0,1
23378,23377,23379,1,0,1
23380,23379,23381,1,0,1
23368,23381,23369,0,0,0
20859,22920,23382,0,0,1,209
6758,23382,23383,0,0,1
23384,23383,23385,1,0,1
23386,23387,23388,1,1,1
23389,23390,23391,1,1,1
23154,23391,23392,0,0,1
23385,23392,23393,0,0,1
23394,23393,23388,1,0,0
22877,22226,23395,0,0,1,164
22874,23395,23396,0,0,1
22875,23396,23397,0,0,1
23137,22871,23398,0,0,1
23135,23398,23399,0,0,1
23133,23399,23400,0,0,1
23131,23400,23397,0,0,0
23264,23251,23401,0,0,1,984
23402,23401,23403,1,0,1
23404,23405,23406,1,1,1
23407,23406,23408,1,0,1
23409,23408,23410,1,0,1
23411,23410,23412,1,0,1
23237,23412,23413,0,0,1
23255,23413,23414,0,0,1
23253,23414,23403,0,0,0
23029,23031,23415,0,0,1,642
23416,23417,23418,1,1,1,1747
23419,23418,23420,1,0,1
23048,23421,23422,0,1,1
23331,23422,23423,0,0,1
23329,23423,23420,0,0,0
23182,23186,23424,0,0,1,3028
23425,23424,23426,1,0,1
23427,23426,23428,1,0,1
23429,23430,23431,1,1,1
23432,23431,23433,1,0,1
23416,23433,23434,0,0,1
23327,23417,23435,0,0,1
23185,23435,23436,0,0,1
23428,23436,23434,0,0,0
23437,23024,23438,1,0,1,8663
23439,23438,23440,1,0,1
23441,23440,23442,1,0,1
23443,23442,23444,1,0,1
2282,23444,23445,0,0,1
23300,23445,22743,0,0,0
22980,23022,23446,0,0,1,12758
23447,23446,23448,1,0,1
23439,23449,23450,0,1,1
23437,23450,23448,0,0,0
23451,23452,23453,1,1,1,131
23454,23453,23455,1,0,1
23456,23457,23458,1,1,1
23459,23460,23461,1,1,1
23462,23463,23464,1,1,1
23465,23464,23466,1,0,1
23467,23466,23468,1,0,1
23469,23470,23471,1,1,1
23455,23471,23472,0,0,1
23458,23472,23473,0,0,1
23461,23473,23474,0,0,1
23475,23474,23468,1,0,0
23476,23215,23477,1,0,1,11219
23478,23477,23479,1,0,1
23480,23479,23361,1,0,0
23481,23233,23482,1,0,1,9942
23483,23482,23447,1,0,0
23389,23156,23484,0,0,1,8403
23386,23390,23485,0,0,1
23486,23485,23487,1,0,1
23163,23487,23488,0,0,1
23160,23488,23489,0,0,1
23158,23489,23484,0,0,0
22246,23204,23490,0,0,1,164
2260,23490,23206,1,0,0
23491,23492,23493,1,1,1,3026
23494,23493,23495,1,0,1
23496,23497,23498,1,1,1
23499,23498,23500,1,0,1
23501,23500,23502,1,0,1
23503,23502,23504,1,0,1
23505,23506,23507,1,1,1
23508,23509,23510,1,1,1
23511,23512,23513,1,1,1
23514,23515,23516,1,1,1
23517,23516,23518,1,0,1
23519,23520,23521,1,1,1
23522,23523,23524,1,1,1
23525,23526,23527,1,1,1
23528,23527,23529,1,0,1
23530,23531,23532,1,1,1
23533,23534,23535,1,1,1
23480,23535,23536,1,0,1
23363,23536,23537,1,0,1
23288,23537,23538,1,0,1
23539,23538,23540,1,0,1
23541,23542,23543,1,1,1
23544,23545,23546,1,1,1
23547,23546,23548,1,0,1
23549,23550,23551,1,1,1
23552,23551,23553,1,0,1
23052,23554,23555,1,1,1
22993,23555,23556,1,0,1
22998,22996,23557,1,1,1
23000,23557,23558,1,0,1
22478,23558,23559,0,0,1
23035,23559,23560,0,0,1
23561,23560,23562,1,0,1
23495,23562,23563,0,0,1
23564,23563,23565,1,0,1
23504,23566,23567,0,1,1
23510,23507,23568,0,0,1
23513,23569,23570,0,1,1
23540,23532,23571,0,0,1
23543,23571,23572,0,0,1
23573,23572,23574,1,0,1
23565,23556,23575,0,0,1
23568,23567,23576,0,0,1
23577,23576,23578,1,0,1
23570,23578,23579,0,0,1
23574,23529,23580,0,0,1
23581,23580,23582,1,0,1
23575,23583,23584,0,1,1
23579,23584,23585,0,0,1
23518,23585,23586,0,0,1
23582,23587,23588,0,1,1
23589,23588,23590,1,0,1
23586,23553,23591,0,0,1
23592,23591,23593,1,0,1
23521,23593,23594,0,0,1
23590,23524,23595,0,0,1
23548,23595,23596,0,0,1
23594,23597,23598,0,1,1
23596,23599,23600,0,1,1
23601,23600,23598,1,0,0
23427,23430,23602,0,0,1,3027
23425,23602,23603,0,0,1
23183,23603,23604,0,0,1
23018,23604,23605,0,0,1
23283,23605,23606,0,0,1
23294,23606,23607,0,0,1
23608,23607,23609,1,0,1
23610,23609,23611,1,0,1
23612,23611,23613,1,0,1
23614,23615,23616,1,1,1
23617,23616,23618,1,0,1
23619,23620,23621,1,1,1
23547,23621,23622,1,0,1
23623,23624,23625,1,1,1
23550,23625,23626,1,0,1
23549,23626,23627,1,0,1
23583,23552,23628,1,1,1
23629,23628,23630,1,0,1
23631,23632,23633,1,1,1
23634,23635,23636,1,1,1
23637,23636,23638,1,0,1
23613,23638,23639,0,0,1
23618,23639,23640,0,0,1
23622,23640,23641,0,0,1
23633,23630,23642,0,0,1
23643,23642,23644,1,0,1
23645,23644,23646,1,0,1
23641,23647,23648,0,1,1
23627,23648,23646,0,0,0
2302,23260,23649,0,0,1,985
23650,23649,23651,1,0,1
23652,23651,23653,1,0,1
23654,23655,23656,1,1,1
23404,23657,23658,0,1,1
23405,23658,23659,0,0,1
23402,23659,23660,0,0,1
23653,23262,23661,0,0,1
23656,23661,23662,0,0,1
23663,23662,23660,1,0,0
23358,23231,23664,0,0,1,18134
23356,23664,23665,0,0,1
23666,23665,23667,1,0,1
23668,23667,23481,1,0,0
23669,23670,23671,1,1,1,130
23672,23671,23673,1,0,1
23674,23673,23675,1,0,1
23344,23211,23676,0,0,1,13955
23342,23676,23677,0,0,1
23340,23677,23678,0,0,1
23679,23678,23680,1,0,1
23680,23213,23681,0,0,1,9858
23682,23338,23683,1,0,1
23684,23683,23685,1,0,1
23686,23685,23687,1,0,1
23681,23476,23688,0,0,1
23679,23688,23687,0,0,0
23279,21657,23689,0,1,1,1956
23690,23689,23691,1,0,1
23692,23693,23694,1,1,1
22216,23694,23695,0,0,1
22214,23695,23691,0,0,0
23470,23696,23697,0,1,1,130
23467,23697,23698,0,0,1
23465,23698,23699,0,0,1
23700,23699,23701,1,0,1
23702,23703,23704,1,1,1
23705,23704,23706,1,0,1
23707,23706,23708,1,0,1
23370,23709,23710,0,1,1
23313,23710,23711,0,0,1
23314,23711,23712,0,0,1
23325,23712,23713,0,0,1
23701,23713,23708,0,0,0
23675,23714,23715,0,1,1,899
23716,23715,23717,1,0,1
23718,23717,23719,1,0,1
23720,23719,23457,1,0,0
23721,23722,23723,1,1,1,1922
23724,23723,23725,1,0,1
23726,23727,23728,1,1,1
23729,23730,23731,1,1,1
23732,23731,23733,1,0,1
23734,23733,23735,1,0,1
23736,23737,23738,1,1,1
23672,23738,23739,0,0,1
23725,23739,23740,0,0,1
23741,23740,23742,1,0,1
23728,23742,23735,0,0,0
23650,23652,23743,0,0,1,473
2300,2303,23744,0,0,1
23745,23744,23746,1,0,1
23747,23746,23748,1,0,1
23749,23748,23750,1,0,1
23751,23750,23752,1,0,1
23655,23752,23743,0,0,0
23753,23754,23755,1,1,1,1828
23756,23757,23758,1,1,1
23759,23758,23755,1,0,0
23432,23419,23760,0,0,1,9940
23761,23760,23762,1,0,1
23763,23762,23764,1,0,1
23629,23764,23765,0,0,1
23554,23765,23766,1,0,1
23050,23766,23421,0,0,0
23411,23239,23767,0,0,1,8632
23768,23767,23769,1,0,1
23770,23769,23771,1,0,1
23772,23771,23773,1,0,1
23774,23773,23775,1,0,1
23776,23775,23242,1,0,0
23483,23449,23777,0,0,1,9943
23668,23777,23778,0,0,1
23779,23778,23780,1,0,1
23781,23780,23782,1,0,1
23783,23784,23785,1,1,1
23786,23787,23788,1,1,1
23789,23788,23790,1,0,1
23791,23792,23793,1,1,1
23794,23793,23795,1,0,1
23796,23795,23797,1,0,1
23798,23799,23800,1,1,1
23801,23800,23802,1,0,1
23803,23802,23804,1,0,1
23805,23804,23806,1,0,1
23807,23806,23808,1,0,1
23809,23810,23811,1,1,1
23812,23811,23813,1,0,1
23814,23813,23815,1,0,1
23816,23817,23818,1,1,1
23819,23818,23820,1,0,1
2286,23820,23821,0,0,1
23443,23821,23822,0,0,1
23441,23822,23823,0,0,1
23785,23782,23824,0,0,1
23790,23825,23826,0,1,1
23827,23826,23828,1,0,1
23797,23828,23829,0,0,1
23830,23829,23831,1,0,1
23808,23831,23832,0,0,1
23833,23832,23834,1,0,1
23823,23815,23835,0,0,1
23834,23824,23836,0,0,1
23837,23836,23835,1,0,0
23539,23290,23838,1,0,1,3027
23542,23838,23839,1,0,1
23840,23839,23841,1,0,1
23842,23841,23843,1,0,1
23407,23409,23844,0,0,1,473
23845,23657,23846,1,0,1
2294,23847,23848,0,1,1
23849,2292,23850,1,0,1
23851,23852,23853,1,1,1
23854,23855,23856,1,1,1
23857,23856,23858,1,0,1
23859,23860,23861,1,1,1
23862,23861,23863,1,0,1
23864,23863,23865,1,0,1
23866,23865,23867,1,0,1
23768,23868,23869,0,1,1
23844,23869,23870,0,0,1
23846,23870,23871,0,0,1
23848,23871,23872,0,0,1
23850,23872,23873,0,0,1
23853,23873,23874,0,0,1
23858,23874,23867,0,0,0
2298,23745,23875,0,0,1,472
2296,23875,23876,0,0,1
23845,23847,23877,0,0,1
23663,23877,23878,0,0,1
23654,23878,23879,0,0,1
23749,23751,23880,0,0,1
23876,23747,23881,0,0,1
23879,23881,23880,0,0,0
23429,23761,23882,0,0,1,11221
23637,23882,23883,0,0,1
23884,23883,23885,1,0,1
23886,23887,23888,1,1,1
23889,23888,23890,1,0,1
23632,23890,23891,0,0,1
23763,23891,23885,0,0,0
23119,23892,23893,0,1,1,22229
23297,23893,23894,1,0,1
23334,23894,23895,1,0,1
23776,23241,23896,0,0,1,16823
23897,23896,23898,1,0,1
23899,23898,23900,1,0,1
23901,23900,23902,1,0,1
23903,23902,23904,1,0,1
23292,23608,23905,0,0,1,1747
23843,23905,23906,0,0,1
23842,23906,23907,0,0,1
23908,23907,23909,1,0,1
23910,23909,23911,1,0,1
23912,23911,23913,1,0,1
23615,23913,23914,0,0,1
23612,23914,23610,0,0,0
23915,23916,23917,1,1,1,1746
23895,23917,23918,0,0,1
23919,23918,23920,1,0,1
23921,23920,23922,1,0,1
23923,23922,23924,1,0,1
23925,23926,23927,1,1,1
23928,23929,23930,1,1,1
23927,23924,23931,0,0,1
23932,23931,23930,1,0,0
23647,23635,23933,0,0,1,11220
23643,23645,23934,0,0,1
23631,23934,23935,0,0,1
23889,23935,23936,0,0,1
23886,23936,23937,0,0,1
23884,23887,23938,0,0,1
23634,23938,23939,0,0,1
23933,23939,23937,0,0,0
23940,23387,23941,1,0,1,16598
23942,23941,23943,1,0,1
23944,23943,23945,1,0,1
23162,23350,23946,0,0,1
23486,23946,23945,0,0,0
22892,22242,23947,0,0,1,1828
22890,23947,23948,0,0,1
23949,23948,23950,1,0,1
23951,23950,23952,1,0,1
23953,23952,23954,1,0,1
23955,23954,23956,1,0,1
23957,23956,23958,1,0,1
23959,23958,23960,1,0,1
23961,23960,23962,1,0,1
23963,23962,23964,1,0,1
23965,23966,23967,1,1,1
23968,23967,23964,1,0,0
23969,23354,23970,1,0,1,9944
23779,23970,23666,0,0,0
23736,23674,23971,0,0,1,1923
23734,23737,23972,0,0,1
23716,23972,23971,0,0,0
23530,23534,23973,0,0,1,3025
23528,23531,23974,0,0,1
23587,23526,23975,0,0,1
23519,23599,23976,0,0,1
23520,23976,23977,0,0,1
23978,23979,23980,1,1,1
23981,23980,23982,1,0,1
23983,23984,23985,1,1,1
23986,23987,23988,1,1,1
23989,23988,23990,1,0,1
23991,23989,23992,1,0,1
23993,23992,23994,1,0,1
23995,23996,23997,1,1,1
23923,23997,23998,0,0,1
23684,23998,23999,1,0,1
23686,23999,24000,1,0,1
23478,24000,24001,1,0,1
23533,24001,24002,0,0,1
23974,23973,24003,0,0,1
23525,24003,24004,0,0,1
23975,24004,24005,0,0,1
23977,23523,24006,0,0,1
23982,23592,24007,0,0,1
23994,23990,24008,0,0,1
24002,24008,24009,0,0,1
24005,24009,24010,0,0,1
24006,23522,24011,0,0,1
24007,24011,24012,0,0,1
23985,24012,24013,0,0,1
24014,24013,24010,1,0,0
23277,23690,24015,0,0,1,2980
24016,23275,24017,1,0,1
24018,24017,24019,1,0,1
24020,24019,24021,1,0,1
24022,24021,24023,1,0,1
24024,24023,24025,1,0,1
24026,24025,24027,1,0,1
24028,24027,24029,1,0,1
22883,24030,24031,0,1,1
22219,24031,24032,0,0,1
23692,24032,24033,0,0,1
24015,23693,24034,0,0,1
24029,24034,24033,0,0,0
23903,24035,24036,0,1,1,16566
24037,24036,24038,1,0,1
24039,24038,24040,1,0,1
24041,24040,24042,1,0,1
23868,23770,24043,0,0,1,8665
23866,24043,24044,0,0,1
23864,24044,24045,0,0,1
24046,24047,24048,1,1,1,2002
24049,24048,24050,1,0,1
24051,24050,24052,1,0,1
23741,24052,23724,0,0,0
24053,24054,24055,1,1,1,2002
23566,23564,24056,1,1,1,3027
23497,24056,24057,1,0,1
23491,24058,24059,1,1,1
23494,24059,24057,1,0,0
24060,23774,24061,1,0,1,16824
24062,24061,24063,1,0,1
24064,24063,23897,1,0,0
24065,23394,24066,1,0,1,2770
6750,24066,24067,0,0,1
24068,24067,24069,1,0,1
24070,24069,24071,1,0,1
24072,24071,23940,1,0,0
6756,6759,24073,0,0,1,31440
6754,24073,24074,0,0,1
6752,24074,24075,0,0,1
24065,24075,23384,0,0,0
24076,23944,24077,1,0,1,16600
24078,24079,24080,1,1,1
24081,24080,24082,1,0,1
24083,24082,24084,1,0,1
23786,24084,24085,0,0,1
23787,24085,24086,0,0,1
24087,24086,24088,1,0,1
24089,24088,24090,1,0,1
23349,24090,24077,0,0,0
24091,23273,24092,1,0,1,164
24093,24092,24094,1,0,1
24095,24096,24097,1,1,1
24018,24097,24098,0,0,1
24094,24016,24099,0,0,1
24100,24099,24098,1,0,0
24101,24055,24102,1,0,1,2001
24049,24102,24103,1,0,1
23727,24051,24104,1,1,1
24105,24104,24106,1,0,1
24107,24106,24108,1,0,1
24109,24108,24110,1,0,1
24111,24110,24103,1,0,0
24045,23772,24112,0,0,1,8664
23862,24112,24113,0,0,1
24114,24113,24115,1,0,1
23899,24116,24117,0,1,1
24064,24117,24118,0,0,1
24062,24118,24119,0,0,1
24060,24119,24115,0,0,0
24072,23942,24120,0,0,1,16599
24121,24120,24122,1,0,1
24123,24122,24124,1,0,1
24125,24124,24126,1,0,1
24127,24126,24128,1,0,1
24078,24128,24129,0,0,1
24079,24129,24076,0,0,0
24130,24131,24132,1,1,1,8666
24133,24132,24134,1,0,1
24135,24134,24136,1,0,1
24137,23840,24138,1,0,1,11221
24139,24138,24140,1,0,1
24141,24140,24142,1,0,1
24143,24142,24144,1,0,1
24145,24144,24146,1,0,1
23910,24146,23908,0,0,0
3279,3291,24147,1,1,1,1588
24148,3278,24149,1,1,1
24150,24149,24151,1,0,1
24152,24151,24153,1,0,1
24154,24153,24155,1,0,1
24156,24155,24157,1,0,1
3276,24157,24147,1,0,0
24158,24159,24160,1,1,1,1828
3283,24160,24161,0,0,1
3293,24161,24162,0,0,1
3281,24162,24163,0,0,1
24164,24148,24165,1,1,1
24166,24167,24168,1,1,1
24169,24168,24170,1,0,1
24171,24170,24172,1,0,1
24173,24172,24174,1,0,1
24163,24174,24165,0,0,0
24145,23912,24175,0,0,1,11220
24176,24143,24177,1,0,1
23544,24177,24178,1,0,1
23619,24178,24179,0,0,1
23620,24179,24180,0,0,1
23617,24180,24181,0,0,1
23614,24181,24175,0,0,0
23573,23541,24182,1,1,1,3027
24183,24182,24137,1,0,0
23995,23926,24184,0,0,1,1745
24185,24184,24186,1,0,1
24187,24186,24188,1,0,1
23929,24188,24189,0,0,1
23932,24189,23925,0,0,0
24039,24041,24190,0,0,1,22228
24191,24190,24192,1,0,1
23732,23718,24193,0,0,1,898
23729,24193,24194,0,0,1
24195,24194,24196,1,0,1
24197,24196,24198,1,0,1
24199,24198,24200,1,0,1
24201,24200,24202,1,0,1
24203,24202,24204,1,0,1
24205,24204,24206,1,0,1
23456,23460,24207,0,0,1
23720,24207,24206,0,0,0
24089,23352,24208,0,0,1,16599
24087,24208,24209,0,0,1
23825,24209,24210,0,0,1
23783,24210,24211,0,0,1
23784,24211,24212,0,0,1
23781,24212,23969,0,0,0
24070,24121,24213,0,0,1,16597
24214,24213,24215,1,0,1
24216,24215,24217,1,0,1
24218,24217,24219,1,0,1
24220,24219,24221,1,0,1
24222,24221,24123,1,0,0
6748,24068,24223,0,0,1,210
6746,24223,24224,0,0,1
24225,24224,24226,1,0,1
24227,24226,24214,1,0,0
24228,24229,24230,1,1,1,1827
3140,24231,24232,0,1,1
3234,24232,24233,0,0,1
3232,24233,24234,0,0,1
24235,24234,24236,1,0,1
24237,24236,24230,1,0,0
24238,24093,24239,1,0,1,2979
23372,24239,24240,0,0,1
24241,24240,24242,1,0,1
24243,24242,24244,1,0,1
24245,24244,24246,1,0,1
24247,24246,24248,1,0,1
24249,24248,24250,1,0,1
24251,24250,24252,1,0,1
24253,24254,24255,1,1,1
24256,24255,24257,1,0,1
24258,24257,24259,1,0,1
24260,24259,24261,1,0,1
24262,24261,24263,1,0,1
24264,24263,24265,1,0,1
24266,24265,24267,1,0,1
24020,24267,24268,0,0,1
24095,24268,24269,0,0,1
24100,24096,24270,0,0,1
24252,24270,24269,0,0,0
24116,23901,24271,0,0,1,16853
24272,24271,24273,1,0,1
24274,24275,24276,1,1,1
24277,24276,24278,1,0,1
24279,24278,24280,1,0,1
24281,24280,24282,1,0,1
24283,24282,24284,1,0,1
24285,24284,24286,1,0,1
24287,24286,24288,1,0,1
24191,24288,24289,0,0,1
24037,24289,24273,0,0,0
23833,23837,24290,0,0,1,14038
23807,24290,24291,0,0,1
24292,24291,23810,1,0,0
23512,23569,24293,1,1,1,3027
24294,24293,24295,1,0,1
24296,24295,24297,1,0,1
23509,23505,24298,1,1,1
23577,23508,24299,1,1,1
24297,24299,24298,0,0,0
23812,23814,24300,0,0,1,1751
23809,24300,24301,0,0,1
24292,24301,24302,0,0,1
23805,24302,24303,0,0,1
24304,24303,24305,1,0,1
24306,24305,23817,1,0,0
24164,24150,24307,1,0,1,1572
24167,24307,24308,1,0,1
24166,24308,24309,1,0,1
24310,24309,24311,1,0,1
3270,24312,24313,1,1,1
24314,24313,24315,1,0,1
24154,24316,24317,0,1,1
24311,24152,24318,0,0,1
24315,24319,24320,0,1,1
24321,24320,24322,1,0,1
24317,24322,24318,0,0,0
24205,23459,24323,0,0,1,130
24324,24323,24325,1,0,1
23463,24325,23475,0,0,0
23819,2285,24326,0,0,1,8664
24306,23816,24327,0,0,1
24328,24327,24329,1,0,1
24330,24331,24332,1,1,1
24333,24332,24334,1,0,1
24335,24336,24337,1,1,1
24338,24339,24340,1,1,1
2288,24340,24341,0,0,1
24329,24326,24342,0,0,1
24337,24334,24343,0,0,1
24344,24343,24345,1,0,1
24342,24341,24346,0,0,1
24347,24346,24345,1,0,0
24338,2290,24348,0,0,1,472
24349,24348,24350,1,0,1
24351,24350,24352,1,0,1
24353,24352,24354,1,0,1
23852,24354,23849,0,0,0
24156,3274,24355,0,1,1,1828
24316,24355,24356,0,0,1
24321,24356,24357,0,0,1
24314,24357,3272,0,0,1
24030,22886,24358,0,0,1,2979
24359,24358,24360,1,0,1
23803,24304,24361,0,0,1,8663
24362,24361,24363,1,0,1
24331,24363,24364,0,0,1
24347,24364,24328,0,0,0
24324,23462,24365,0,0,1,2946
24203,24365,24366,0,0,1
24367,24366,24368,1,0,1
24369,24368,24370,1,0,1
24371,24370,24372,1,0,1
23703,24372,23700,0,0,0
24373,24374,24375,1,1,1,18134
24376,24375,24377,1,0,1
24378,24377,24379,1,0,1
24380,24381,24382,1,1,1
24383,24382,24384,1,0,1
24385,24384,24386,1,0,1
24387,24388,24389,1,1,1
24390,24389,24391,1,0,1
24392,24391,24393,1,0,1
24394,24392,24395,1,0,1
24396,24397,24398,1,1,1
24218,24398,24399,1,0,1
24220,24399,24400,1,0,1
24222,24400,24401,1,0,1
24125,24401,24402,1,0,1
24081,24127,24403,1,1,1
24404,24403,24405,1,0,1
24379,24405,24406,0,0,1
24407,24406,24408,1,0,1
24393,24409,24410,0,1,1
24402,24411,24412,0,1,1
24408,24412,24413,0,0,1
24410,24386,24414,0,0,1
24395,24414,24413,0,0,0
23515,23511,24415,1,1,1,722
23514,24415,24416,1,0,1
23506,24417,24418,1,1,1
24296,24418,24419,0,0,1
24294,24419,24416,0,0,0
24183,24139,24420,0,0,1,11219
23581,24420,24421,1,0,1
23589,24421,24422,1,0,1
24176,23545,24423,0,1,1
24141,24423,24422,0,0,0
24083,23789,24424,0,0,1,9944
24404,24424,24425,1,0,1
24374,24425,24426,1,0,1
24427,24426,23827,1,0,0
24428,24429,24430,1,1,1,35
24431,24430,24432,1,0,1
24433,24432,24434,1,0,1
24231,3143,24435,0,0,1
24228,24435,24436,0,0,1
24229,24436,24434,0,0,0
24437,24438,24439,1,1,1,1828
24440,24441,24442,1,1,1
24443,24442,24444,1,0,1
24445,24444,24446,1,0,1
24447,24446,24448,1,0,1
24449,24448,24450,1,0,1
3149,24450,24439,1,0,0
24451,24452,24453,1,1,1,1827
2278,24453,2275,0,0,0
24360,22885,24454,0,0,1,2980
24455,24454,24456,1,0,1
24457,24456,24458,1,0,1
23951,24459,24460,0,1,1
23949,24460,24461,0,0,1
22888,24461,24458,0,0,0
23726,23730,24462,0,0,1,1921
24105,24462,24463,1,0,1
24464,24463,24465,1,0,1
24466,24465,24467,1,0,1
24468,24467,24469,1,0,1
24470,24469,24471,1,0,1
24472,24471,24473,1,0,1
24474,24475,24476,1,1,1
24477,24476,24478,1,0,1
24195,24478,24473,0,0,0
24225,24227,24479,0,0,1,9939
6743,24479,24480,0,0,1
23087,24480,24481,1,0,1
24482,24481,24483,1,0,1
24484,24483,24485,1,0,1
24396,24485,24216,1,0,0
23857,23860,24486,0,0,1,8665
24487,24486,24488,1,0,1
24489,24488,24490,1,0,1
24491,24492,24493,1,1,1
24494,24493,24495,1,0,1
24496,24495,24497,1,0,1
24498,24497,24499,1,0,1
24500,24499,24501,1,0,1
24272,24275,24502,0,0,1
24114,24502,24503,0,0,1
23859,24503,24504,0,0,1
24501,24490,24505,0,0,1
24506,24505,24504,1,0,0
24507,24508,24509,1,1,1,1745
24510,24511,24512,1,1,1
24513,24512,24514,1,0,1
24515,24514,24516,1,0,1
24517,24518,24519,1,1,1
23499,24519,24520,0,0,1
24521,24520,24522,1,0,1
24523,24522,24524,1,0,1
24509,24524,24516,0,0,0
24525,3145,24526,1,1,1,1828
24527,24526,24528,1,0,1
24529,24530,24531,1,1,1
24532,24531,24533,1,0,1
24534,24533,24535,1,0,1
24536,24537,24538,1,1,1
24528,24538,24535,0,0,0
24477,24197,24539,0,0,1,897
24474,24539,24540,0,0,1
24541,24540,24199,1,0,0
24353,23851,24542,0,0,1,8665
24543,24544,24545,1,1,1
23855,24545,24542,0,0,0
24022,24024,24546,0,0,1,164
24266,24546,24547,0,0,1
24264,24547,24548,0,0,1
24549,24548,24550,1,0,1
24551,24550,24552,1,0,1
24553,24552,24026,1,0,0
23707,23709,24554,0,0,1,210
24555,24554,24556,1,0,1
24557,24556,24558,1,0,1
24559,24558,24560,1,0,1
24561,24560,24241,1,0,0
23979,23517,24562,1,1,1,721
24563,24562,24564,1,0,1
24565,24566,24567,1,1,1
24517,24567,24568,1,0,1
23501,24568,24569,1,0,1
23503,24569,24570,1,0,1
24417,24570,24564,0,0,0
24571,24572,24573,1,1,1,1828
24574,24575,24576,1,1,1
24577,24576,24578,1,0,1
24579,24578,24580,1,0,1
24581,24580,24582,1,0,1
24583,24582,24584,1,0,1
24585,24584,24586,1,0,1
24587,24586,24588,1,0,1
24589,24588,24590,1,0,1
24319,24590,24591,1,0,1
24312,24591,24592,1,0,1
3267,24592,24593,0,0,1
24594,24593,24595,1,0,1
24596,24595,24573,1,0,0
24449,3147,24597,0,1,1,1827
24447,24597,24598,0,0,1
24443,24445,24599,0,0,1
24600,24599,24601,1,0,1
24602,24601,24603,1,0,1
24525,24603,24598,0,0,0
24604,24169,24605,1,1,1,36
24606,24605,24607,1,0,1
24608,24609,24610,1,1,1
24589,24610,24611,1,0,1
24310,24611,24607,0,0,0
24459,23953,24612,0,0,1,2851
24613,24612,24614,1,0,1
24615,24614,24616,1,0,1
24617,24616,24618,1,0,1
24619,24618,24620,1,0,1
24621,24620,24622,1,0,1
24623,24622,23955,1,0,0
24201,24367,24624,0,0,1,2945
24541,24624,24625,0,0,1
24475,24625,24626,0,0,1
24627,24626,24628,1,0,1
24629,24628,24630,1,0,1
24631,24632,24633,1,1,1
24634,24633,24635,1,0,1
24636,24635,24637,1,0,1
24638,24637,24639,1,0,1
24640,24639,24641,1,0,1
23702,24641,24642,0,0,1
24371,24642,24643,0,0,1
24369,24643,24630,0,0,0
24373,24427,24644,1,0,1,14040
24645,24644,24646,1,0,1
24647,24646,24648,1,0,1
24649,24648,24650,1,0,1
24651,24650,23792,1,0,0
24652,24482,24653,1,1,1,30673
24654,24653,24655,1,0,1
23091,24655,23089,0,0,0
24656,24657,24658,1,1,1,1827
24532,24658,24659,1,0,1
24534,24659,24660,1,0,1
24537,24660,24661,1,0,1
24536,24661,24662,1,0,1
24433,24662,24663,0,0,1
24431,24663,24664,0,0,1
24028,24359,24665,0,0,1,163
24553,24665,24666,0,0,1
24549,24551,24667,0,0,1
24262,24667,24668,0,0,1
24669,24668,24670,1,0,1
24671,24672,24673,1,1,1
24674,24673,24675,1,0,1
24676,24675,24677,1,0,1
24678,24677,24679,1,0,1
24680,24679,24681,1,0,1
24613,24681,24682,0,0,1
24457,24682,24683,0,0,1
24455,24683,24684,0,0,1
24666,24684,24670,0,0,0
24685,24351,24686,1,0,1,985
24687,24686,24688,1,0,1
24689,24688,24690,1,0,1
24691,24690,24692,1,0,1
23854,24487,24693,0,0,1
24543,24693,24694,0,0,1
24544,24694,24692,0,0,0
24339,24349,24695,0,0,1,984
24344,24695,24696,0,0,1
24335,24696,24697,0,0,1
24698,24697,24685,1,0,0
23796,23830,24699,0,0,1,9944
24700,23794,24701,1,0,1
24702,24701,24703,1,0,1
24704,24703,24705,1,0,1
24706,24705,24707,1,0,1
24708,24707,24709,1,0,1
24710,24711,24712,1,1,1
24330,24712,24713,0,0,1
24362,24713,24714,0,0,1
23801,24714,24715,0,0,1
23798,24715,24716,0,0,1
23799,24716,24717,0,0,1
24699,24717,24709,0,0,0
3356,3353,24718,1,1,1,1588
24719,24718,24720,1,0,1
24721,24720,24722,1,0,1
3349,24722,3351,1,0,1
24723,24724,24725,1,1,1,35
23961,24725,24726,1,0,1
23963,24726,24727,1,0,1
24728,24727,24729,1,0,1
24730,24729,24731,1,0,1
24561,24243,24732,0,0,1,162
24733,24732,24734,1,0,1
24735,24734,24736,1,0,1
24737,24738,24739,1,1,1
24740,24739,24741,1,0,1
24742,24741,24743,1,0,1
24258,24744,24745,0,1,1
24746,24747,24748,1,1,1
24736,24748,24749,0,0,1
24745,24743,24750,0,0,1
24256,24750,24749,0,0,0
23705,24555,24751,0,0,1,3026
24640,24751,24752,0,0,1
24638,24752,24753,0,0,1
24754,24753,24755,1,0,1
24756,24755,24757,1,0,1
24758,24757,24759,1,0,1
24760,24759,24761,1,0,1
24762,24763,24764,1,1,1
24765,24764,24766,1,0,1
24767,24768,24769,1,1,1
24770,24769,24771,1,0,1
24772,24771,24773,1,0,1
24774,24775,24776,1,1,1
24733,24776,24777,0,0,1
24559,24777,24778,0,0,1
24557,24778,24779,0,0,1
24761,24779,24780,0,0,1
24766,24780,24773,0,0,0
24781,24782,24783,1,1,1,36
24784,24783,24785,1,0,1
24786,24785,24787,1,0,1
24788,24787,24789,1,0,1
24600,24789,24790,0,0,1
24440,24790,24791,0,0,1
3355,24792,24793,0,1,1,1572
24719,24793,24794,1,0,1
24795,24794,24796,1,0,1
24797,24798,24799,1,1,1
24800,24799,24801,1,0,1
24802,24801,24803,1,0,1
24804,24803,24805,1,0,1
24806,24805,24807,1,0,1
24808,24809,24810,1,1,1
24811,24810,24812,1,0,1
24813,24814,24815,1,1,1
24816,24815,24817,1,0,1
24818,24817,24819,1,0,1
24820,24819,24821,1,0,1
24822,24821,24823,1,0,1
24807,24796,24824,0,0,1
24825,24824,24826,1,0,1
24812,24826,24823,0,0,0
24245,24247,24827,0,0,1,2978
24253,24747,24828,0,0,1
24254,24828,24829,0,0,1
24251,24829,24830,0,0,1
24827,24249,24831,0,0,1
24746,24831,24830,0,0,0
24832,24285,24833,1,0,1,1747
24834,24833,24835,1,0,1
24836,24837,24838,1,1,1,2851
24839,24838,24840,1,0,1
24841,24840,24842,1,0,1
24843,24842,24844,1,0,1
23959,24845,24846,1,1,1
24723,24846,24847,0,0,1
24848,24724,24849,1,0,1
24844,24849,24847,0,0,0
24623,23957,24850,0,0,1,2852
24851,24621,24852,1,0,1
24836,24852,24853,1,0,1
24839,24853,24854,1,0,1
24843,24841,24855,1,1,1
24845,24855,24856,1,0,1
24850,24856,24854,0,0,0
24014,23987,24857,0,0,1,39888
23983,24857,24858,0,0,1
23978,23981,24859,0,0,1
24860,24859,24861,1,0,1
24862,24861,24863,1,0,1
24864,24863,24865,1,0,1
24866,24867,24868,1,1,1
24869,24868,24870,1,0,1
24871,24870,24872,1,0,1
24873,24872,24874,1,0,1
24875,24874,24876,1,0,1
24877,24876,24878,1,0,1
24879,24878,24880,1,0,1
24881,24880,24882,1,0,1
24883,24882,24884,1,0,1
24885,24884,24886,1,0,1
24887,24888,24889,1,1,1
24890,24891,24892,1,1,1
24858,24890,24893,0,0,1
24865,23984,24894,0,0,1
24886,24894,24895,0,0,1
24889,24895,24896,0,0,1
24897,24896,24898,1,0,1
24892,24898,24893,0,0,0
24651,23791,24899,0,0,1,9945
24900,24899,24901,1,0,1
24902,24901,24903,1,0,1
24904,24905,24906,1,1,1
24907,24906,24908,1,0,1
24700,24908,24903,0,0,0
3553,3449,24909,1,1,1,1845
3452,24909,24910,1,0,1
3451,24910,24911,1,0,1
3455,24911,24912,1,0,1
3460,3457,24913,1,1,1
24914,24915,24916,1,1,1
3462,24916,24917,1,0,1
3586,24917,24918,1,0,1
3466,24918,24919,1,0,1
3465,24919,24920,1,0,1
24912,3447,24921,0,1,1
3454,24921,24922,1,0,1
24920,24913,24923,0,0,1
24924,24923,24922,1,0,0
24925,24926,24927,1,1,1,1845
24928,24927,24929,1,0,1
24930,24929,24931,1,0,1
24932,24933,24934,1,1,1
24935,24936,24937,1,1,1
24931,24937,24934,0,0,0
24602,24527,24938,0,0,1,35
24788,24938,24939,0,0,1
24786,24939,24940,0,0,1
24941,24940,24942,1,0,1
24943,24944,24945,1,1,1,3281
24946,24945,24947,1,0,1
24948,24947,24949,1,0,1
24950,24949,24951,1,0,1
24952,24951,24953,1,0,1
24500,24506,24954,0,0,1,8664
24498,24954,24955,0,0,1
24496,24955,24956,0,0,1
24957,24494,24958,1,0,1
24959,24958,24960,1,0,1
24277,24960,24961,0,0,1
24274,24961,24956,0,0,0
24378,24376,24962,1,1,1,9945
24963,24962,24964,1,0,1
24965,24964,24966,1,0,1
24647,24967,24968,0,1,1
24645,24968,24966,0,0,0
24411,24397,24969,0,0,1,18132
24970,24394,24971,1,0,1
24652,24972,24973,0,1,1
24484,24973,24974,1,0,1
24969,24974,24971,0,0,0
24636,24754,24975,0,0,1,3025
24976,24975,24977,1,0,1
24978,24977,24979,1,0,1
24980,24979,24981,1,0,1
24982,24981,24983,1,0,1
24984,24983,24985,1,0,1
24986,24985,24987,1,0,1
24988,24989,24990,1,1,1
24765,24990,24991,0,0,1
24762,24991,24992,0,0,1
24763,24992,24993,0,0,1
24760,24993,24994,0,0,1
24758,24994,24995,0,0,1
24756,24995,24987,0,0,0
24996,24997,24998,1,1,1,38608
24999,24998,25000,1,0,1
25001,25000,25002,1,0,1
25003,25002,25004,1,0,1
25005,25006,25007,1,1,1
25008,25009,25010,1,1,1
25011,25010,25012,1,0,1
25013,25012,25014,1,0,1
25015,25014,25016,1,0,1
25017,25016,25018,1,0,1
25019,25020,25021,1,1,1
25022,25021,25023,1,0,1
25024,25023,25025,1,0,1
25026,25025,25027,1,0,1
25028,25027,25029,1,0,1
25030,25029,25031,1,0,1
25032,25033,25034,1,1,1
25035,25036,25037,1,1,1
25038,25037,25039,1,0,1
25040,25041,25042,1,1,1
25043,25042,25044,1,0,1
2474,25045,25046,0,1,1
2471,25046,25047,0,0,1
2468,25047,25048,0,0,1
2466,2469,25049,0,0,1
2464,25049,25050,0,0,1
25051,2462,25052,1,0,1
25053,25052,25054,1,0,1
24877,25054,25055,0,0,1
24873,24875,25056,0,0,1
25057,24869,25058,1,0,1
25059,25060,25061,1,1,1
24565,25061,25062,1,0,1
24518,25062,25063,0,0,1
24515,25063,25064,0,0,1
24513,25064,25065,0,0,1
24510,25065,25066,0,0,1
25067,25066,25068,1,0,1
25069,25067,25070,1,0,1
25004,25070,25071,0,0,1
25007,25071,25072,0,0,1
25018,25072,25073,0,0,1
25031,25073,25074,0,0,1
25034,25074,25075,0,0,1
25044,25039,25076,0,0,1
25048,25077,25078,0,1,1
25050,25078,25079,0,0,1
25055,25079,25080,0,0,1
25058,24871,25081,0,0,1
25068,25081,25082,0,0,1
25075,25082,25083,0,0,1
25080,25076,25084,0,0,1
25056,25084,25083,0,0,0
25085,25086,25087,1,1,1,1745
25088,25087,25089,1,0,1
25090,25089,25091,1,0,1
25092,25093,25094,1,1,1
24943,25094,25095,0,0,1
25096,25095,25097,1,0,1
25091,25098,25099,0,1,1
25100,25099,25097,1,0,0
24472,24627,25101,0,0,1,38784
24468,24470,25102,0,0,1
25103,25102,25104,1,0,1
25105,25104,25106,1,0,1
25107,25106,25108,1,0,1
25109,25108,25110,1,0,1
24629,24632,25111,0,0,1
25101,25111,25110,0,0,0
24860,24563,25112,1,0,1,37584
24862,25112,25113,1,0,1
24864,25113,25114,1,0,1
25115,25116,25117,1,1,1
25060,25117,25118,1,0,1
24566,25059,25119,0,1,1
25114,25119,25120,0,0,1
24867,25120,25118,1,0,0
24950,25121,25122,0,1,1,38608
24948,25122,25123,0,0,1
25124,25123,25125,1,0,1
25126,25127,25128,1,1,1
25129,25128,25130,1,0,1
24897,25130,25125,1,0,0
24942,24530,25131,0,0,1,36
25132,25131,25133,1,0,1
25134,25133,25135,1,0,1
25136,25135,25137,1,0,1
25138,25139,25140,1,1,1,35
25141,25140,25142,1,0,1
25143,25144,25145,1,1,1
25146,25147,25148,1,1,1
25149,25148,25150,1,0,1
25151,25150,25152,1,0,1
24678,25152,25153,1,0,1
24680,25153,25154,1,0,1
24615,25154,25155,1,0,1
24617,25155,25156,1,0,1
24619,25156,25157,1,0,1
24851,25157,25158,1,0,1
24837,25158,25159,0,0,1
25142,25159,25145,0,0,0
25092,24946,25160,0,0,1,40144
25161,25093,25162,1,0,1
25163,25162,25164,1,0,1
25165,25166,25167,1,1,1
25168,25167,25169,1,0,1
25170,25169,25171,1,0,1
25172,25171,25173,1,0,1
25174,25175,25176,1,1,1
2452,25176,25177,1,0,1
25178,25179,25180,1,1,1
25181,25182,25183,1,1,1
2459,25183,25184,1,0,1
25051,25184,25185,1,0,1
25053,25185,25186,1,0,1
24879,25186,25187,1,0,1
24881,25187,25188,1,0,1
24883,25188,25189,1,0,1
24885,25189,25190,1,0,1
24888,25190,25191,1,0,1
24887,25191,25192,1,0,1
25129,25192,25193,0,0,1
25126,25193,25194,0,0,1
25124,25127,25195,0,0,1
25160,25195,25196,0,0,1
25164,25196,25197,0,0,1
25173,25197,25198,0,0,1
25177,25198,25199,0,0,1
25180,25199,25200,0,0,1
25201,25200,25194,1,0,0
25202,25203,25204,1,1,1,36
25205,25204,25206,1,0,1
25207,25206,25208,1,0,1
25209,25208,25210,1,0,1
25211,25210,25212,1,0,1
24581,25212,25213,1,0,1
24283,24832,25214,0,0,1,3026
25215,25214,25216,1,0,1
25217,25216,25218,1,0,1
25219,25218,25220,1,0,1
25221,25220,25222,1,0,1
25223,25222,25224,1,0,1
25225,25224,25226,1,0,1
25088,25226,25227,0,0,1
24336,24698,25228,0,0,1,473
25229,25228,25230,1,0,1
25231,25230,25232,1,0,1
25233,25232,25234,1,0,1
25235,25234,25236,1,0,1
24492,25236,25237,0,0,1
24691,24489,25238,0,0,1
24689,25238,25239,0,0,1
24687,25239,25237,0,0,0
25240,24407,25241,1,1,1,18136
25242,25241,24963,1,0,0
24744,24260,25243,0,0,1,2978
25244,25243,25245,1,0,1
24672,25245,24669,0,0,0
25109,24631,25246,0,0,1,39808
25107,25246,25247,0,0,1
25248,25247,25249,1,0,1
25250,25251,25252,1,1,1
25253,25254,25255,1,1,1
24976,25255,25256,0,0,1
24634,25256,25257,0,0,1
25249,25257,25252,0,0,0
25258,24281,25259,1,0,1,1762
25260,25261,25262,1,1,1
25263,25262,25264,1,0,1
25265,25264,25266,1,0,1
25267,25266,25268,1,0,1
25269,25268,25270,1,0,1
25271,25270,25272,1,0,1
25215,25272,25259,0,0,0
25273,24907,25274,1,0,1,1753
25275,25274,25276,1,0,1
25277,25276,24702,1,0,0
25242,24965,25278,0,0,1,18135
25279,25278,25280,1,0,1
25281,25280,25282,1,0,1
24900,25282,25283,0,0,1
24649,25283,24967,0,0,0
21327,25284,25285,0,1,1,26324
25286,25285,25287,1,0,1
25288,25287,25289,1,0,1
25290,25289,25291,1,0,1
24387,25291,25292,1,0,1
25209,25211,25293,0,0,1,35
25294,25293,25295,1,0,1
25296,25295,25297,1,0,1
25298,25297,25299,1,0,1
25300,25299,25301,1,0,1
24577,25301,24579,1,0,1
24959,24279,25302,0,0,1,16613
25303,25302,25304,1,0,1
25261,25304,25258,0,0,0
24710,24333,25305,0,0,1,9945
25306,25305,25307,1,0,1
25308,25307,25309,1,0,1
25310,25311,25312,1,1,1
25229,25313,25314,0,1,1
25309,25314,25312,0,0,0
24825,24806,25315,1,1,1,1828
24809,25315,25316,1,0,1
25317,25316,24804,1,0,1
25271,25217,25318,0,0,1,3042
25319,25320,25321,1,1,1
25322,25321,25323,1,0,1
25223,25323,25324,0,0,1
25221,25324,25325,0,0,1
25219,25325,25318,0,0,0
25326,3345,25327,1,0,1,1571
25328,25329,25330,1,1,1
25331,25332,25333,1,1,1
25334,25333,25335,1,0,1
25336,25335,25337,1,0,1
24721,24795,25338,1,0,1
3347,25338,25339,0,0,1
25330,25327,25340,0,0,1
25337,25340,25341,0,0,1
24798,25341,25339,0,0,0
25342,25343,25344,1,1,1,1828
25345,25344,25346,1,0,1
25298,25346,25347,1,0,1
25348,25347,25349,1,0,1
25350,25351,25352,1,1,1
25353,25354,25355,1,1,1
25356,25355,25357,1,0,1
25358,25357,25359,1,0,1
25349,25360,25361,0,1,1
25352,25361,25362,0,0,1
25363,25362,25359,1,0,0
24574,25364,25365,1,1,1,1827
25300,25365,25366,0,0,1
25351,25348,25367,1,1,1
25350,25367,25368,1,0,1
25363,25368,25366,1,0,0
25369,25205,25370,1,0,1,1827
25371,25370,25372,1,0,1
25373,25372,25374,1,0,1
2310,25374,25375,1,0,1
2313,25375,25376,1,0,1
25377,25378,25379,1,1,1
25294,25379,25380,0,0,1
25207,25380,25376,0,0,0
25381,25382,25383,1,1,1,34
25384,25385,25386,1,1,1
24767,25387,25388,1,1,1
25389,25388,25390,1,0,1
24740,25390,25391,1,0,1
24742,25391,25392,1,0,1
25244,25392,25393,1,0,1
24671,25393,25394,1,0,1
25395,25396,25397,1,1,1
25398,25399,25400,1,1,1
25401,25402,25403,1,1,1
25404,25405,25406,1,1,1
25407,25408,25409,1,1,1
24676,25410,25411,1,1,1
25151,25411,25412,0,0,1
25146,25149,25413,0,0,1
25143,25147,25414,0,0,1
25141,25144,25415,0,0,1
25138,25415,25416,0,0,1
25417,25416,25418,1,0,1
25419,25420,25421,1,1,1
25383,25421,25422,0,0,1
25386,25422,25423,0,0,1
25397,25394,25424,0,0,1
25400,25424,25425,0,0,1
25403,25425,25426,0,0,1
25412,25409,25427,0,0,1
25413,25427,25428,0,0,1
25414,25428,25429,0,0,1
25418,25429,25430,0,0,1
25426,25423,25431,0,0,1
25406,25431,25430,0,0,0
25163,25432,25433,0,1,1,38608
25161,25433,25100,0,0,0
25281,24902,25434,0,0,1,9944
25435,25434,25436,1,0,1
25437,25438,25439,1,1,1
25440,25439,25441,1,0,1
25442,25441,25443,1,0,1
25444,25443,25445,1,0,1
25446,25445,25447,1,0,1
25448,25447,25449,1,0,1
25450,25449,25451,1,0,1
25452,25451,25436,1,0,0
24466,25103,25453,0,0,1,38528
25454,25453,25455,1,0,1
25456,25455,25457,1,0,1
24996,25457,25458,1,0,1
25459,24999,25460,1,1,1
25006,25461,25462,1,1,1
25463,25464,25465,1,1,1
25466,25465,25467,1,0,1
25468,25469,25470,1,1,1
25471,25470,25472,1,0,1
25473,25474,25475,1,1,1
25248,25475,25476,0,0,1
25105,25476,25477,0,0,1
25458,25477,25478,0,0,1
25460,25478,25479,0,0,1
25467,25462,25480,0,0,1
25472,25480,25479,0,0,0
24706,24708,25481,0,0,1,9942
25482,25481,25483,1,0,1
25484,25483,25485,1,0,1
25306,25485,24711,0,0,0
24904,25273,25486,0,0,1,1752
24905,25486,25487,0,0,1
25452,25487,25275,0,0,0
22950,6648,25488,0,0,1,28896
25489,25488,25490,1,0,1
25491,25490,25492,1,0,1
25493,25492,25494,1,0,1
25495,25494,25496,1,0,1
25497,25496,6651,1,0,0
13358,22946,25498,0,0,1,31632
13355,25498,25499,0,0,1
13352,25499,25500,0,0,1
25501,25502,25503,1,1,1
25504,25505,25506,1,1,1
25500,25506,25503,0,0,0
25507,25313,25508,1,0,1,19159
25509,25508,25510,1,0,1
25511,25510,25512,1,0,1
25513,25512,25231,1,0,0
25501,25505,25514,0,0,1,31712
25515,25514,25516,1,0,1
25517,25516,25518,1,0,1
25519,25518,25520,1,0,1
25521,25522,25523,1,1,1
25524,25523,25525,1,0,1
25526,25525,25527,1,0,1
25528,25529,25530,1,1,1
25531,25532,25533,1,1,1
25534,25535,25536,1,1,1
25537,25536,25538,1,0,1
25539,25538,25540,1,0,1
25541,25542,25543,1,1,1
25544,25543,25545,1,0,1
25546,25545,25547,1,0,1
25548,25547,25549,1,0,1
25550,25549,25551,1,0,1
25552,25551,25553,1,0,1
25554,25555,25556,1,1,1
25557,25558,25559,1,1,1
25560,25561,25562,1,1,1
25563,25564,25565,1,1,1
25566,25567,25568,1,1,1
25569,25570,25571,1,1,1
25572,25573,25574,1,1,1
25575,25574,25576,1,0,1
25577,25578,25579,1,1,1
25580,25579,25581,1,0,1
25582,25583,25584,1,1,1
25585,25584,25586,1,0,1
25587,25586,25588,1,0,1
25589,25588,25590,1,0,1
25591,25590,25592,1,0,1
25593,25592,25594,1,0,1
25595,25594,25596,1,0,1
25597,25596,25598,1,0,1
25599,25598,25600,1,0,1
25601,25602,25603,1,1,1
25604,25603,25605,1,0,1
25606,25607,25608,1,1,1
6653,25609,25610,0,1,1
25497,25610,25611,0,0,1
25493,25495,25612,0,0,1
25491,25612,25613,0,0,1
22948,25489,25614,0,0,1
25504,25614,25615,0,0,1
25520,25615,25616,0,0,1
25530,25617,25618,0,1,1
25533,25618,25619,0,0,1
25540,25619,25620,0,0,1
25553,25620,25621,0,0,1
25556,25622,25623,0,1,1
25562,25559,25624,0,0,1
25568,25625,25626,0,1,1
25627,25626,25628,1,0,1
25571,25628,25629,0,0,1
25576,25629,25630,0,0,1
25581,25631,25632,0,1,1
25600,25632,25633,0,0,1
25605,25633,25634,0,0,1
25635,25634,25636,1,0,1
25608,25636,25637,0,0,1
25611,25637,25638,0,0,1
25613,25638,25639,0,0,1
25623,25621,25640,0,0,1
25624,25640,25641,0,0,1
25565,25641,25642,0,0,1
25630,25643,25644,0,1,1
25639,25644,25645,0,0,1
25642,25527,25646,0,0,1
25647,25646,25648,1,0,1
25645,25649,25650,0,1,1
25648,25616,25651,0,0,1
25652,25651,25650,1,0,0
24774,24735,25653,0,0,1,210
24772,24775,25654,0,0,1
24770,25654,25655,0,0,1
25389,25655,25656,1,0,1
24737,25656,25657,0,0,1
24738,25657,25653,0,0,0
24491,24957,25658,0,0,1,18152
25659,25235,25660,1,0,1
25661,25662,25663,1,1,1
25664,25663,25665,1,0,1
25666,25665,25667,1,0,1
25668,25669,25670,1,1,1
25671,25670,25672,1,0,1
25673,25672,25674,1,0,1
25260,25674,25675,0,0,1
25303,25675,25676,0,0,1
25658,25676,25677,0,0,1
25660,25677,25667,0,0,0
24674,25410,25678,0,1,1,35
25396,25678,25679,1,0,1
25399,25395,25680,1,1,1
25402,25398,25681,1,1,1
25405,25401,25682,1,1,1
25408,25404,25683,1,1,1
25679,25407,25684,0,1,1
25680,25684,25685,0,0,1
25682,25681,25686,0,0,1
25683,25686,25685,0,0,0
25253,24978,25687,0,0,1,39888
25688,25687,25689,1,0,1
25690,25689,25691,1,0,1
25692,25691,25693,1,0,1
24982,24984,25694,0,0,1
24980,25694,25693,0,0,0
25322,25225,25695,0,0,1,39888
25696,25695,25697,1,0,1
25698,25697,25699,1,0,1
25700,25699,25701,1,0,1
25702,25703,25704,1,1,1
25166,25704,25705,0,0,1
25432,25705,25706,0,0,1
25090,25706,25701,0,0,0
25513,25233,25707,0,0,1,8407
25511,25707,25708,0,0,1
25709,25710,25711,1,1,1
25661,25711,25712,0,0,1
25659,25662,25713,0,0,1
25708,25713,25712,0,0,0
25714,25715,25716,1,1,1,18133
25717,25716,25718,1,0,1
25450,25718,25719,1,0,1
25277,25719,25720,1,0,1
25482,24704,25721,1,1,1
25722,25721,25723,1,0,1
25724,25725,25726,1,1,1
25720,25724,25727,0,0,1
25723,25727,25728,0,0,1
25729,25728,25726,1,0,0
25290,24388,25730,0,1,1,16597
25731,25730,25732,1,0,1
25733,25732,25734,1,0,1
25735,25734,24409,1,0,1
24808,25317,25736,1,0,1,1571
25737,25736,25738,1,0,1
24800,25739,25740,1,1,1
24802,25740,25738,1,0,0
25240,25279,25741,0,0,1,9945
24381,25741,25742,1,0,1
25743,25742,25744,1,0,1
25438,25744,25435,0,0,0
25735,24385,25745,0,1,1,19159
25746,25733,25747,1,0,1
25748,25747,25749,1,0,1
25750,25749,25751,1,0,1
25752,25751,25753,1,0,1
25754,25753,25755,1,0,1
24383,25755,25745,1,0,0
21325,25286,25756,0,0,1,20692
6688,25756,25757,0,0,1
25758,25757,25759,1,0,1
25760,25761,25762,1,1,1
25746,25762,25763,0,0,1
25731,25763,25764,0,0,1
25288,25764,25759,0,0,0
25765,25766,25767,1,1,1,1828
25768,25767,25769,1,0,1
25326,25770,25771,0,1,1
3343,25771,25772,0,0,1
3341,25772,25769,0,0,0
25269,25320,25773,0,0,1,1761
25267,25773,25774,0,0,1
25265,25774,25775,0,0,1
25776,25775,25777,1,0,1
25778,25777,25779,1,0,1
25780,25779,25781,1,0,1
25782,25781,25783,1,0,1
25709,25664,25784,0,0,1,9958
25785,25784,25786,1,0,1
25787,25786,25788,1,0,1
25789,25788,25790,1,0,1
25669,25790,25666,0,0,0
25484,25308,25791,0,0,1,18136
25722,25791,25792,1,0,1
25793,25792,25794,1,0,1
25609,6655,25795,0,0,1,31696
25635,25607,25796,0,0,1
25604,25796,25797,0,0,1
25601,25797,25798,0,0,1
25599,25602,25799,0,0,1
25597,25799,25800,0,0,1
6668,25800,25801,0,0,1
6664,25801,25802,0,0,1
6659,6662,25803,0,0,1
6657,25803,25804,0,0,1
25795,25804,25805,0,0,1
25606,25805,25806,0,0,1
25802,25798,25807,0,0,1
6665,25807,25808,0,0,1
6661,25808,25806,0,0,0
25319,25696,25809,0,0,1,38624
25783,25809,25810,0,0,1
25811,25810,25812,1,0,1
25377,25296,25813,0,0,1,2596
25378,25813,25814,0,0,1
25815,2312,25816,1,1,1
25342,25816,25817,1,0,1
25345,25817,25814,1,0,0
25673,25263,25818,0,0,1,14051
25671,25818,25819,0,0,1
25778,25820,25821,0,1,1
25776,25821,25819,0,0,0
24380,25743,25822,1,0,1,9959
25754,25822,25823,0,0,1
25824,25823,25825,1,0,1
25826,25825,25827,1,0,1
25828,25829,25830,1,1,1
25831,25830,25832,1,0,1
25833,25834,25835,1,1,1
25440,25835,25836,0,0,1
25437,25836,25837,0,0,1
25827,25837,25838,0,0,1
25839,25838,25832,1,0,0
3087,25840,25841,0,1,1,1827
3084,25841,25842,0,0,1
25843,25842,25844,1,0,1
25845,25844,25846,1,0,1
25847,25846,25848,1,0,1
24814,25849,25850,0,1,1
24811,25850,25851,0,0,1
25737,25851,25852,1,0,1
25739,25852,25853,1,0,1
24797,25853,25854,0,0,1
25336,25854,25855,0,0,1
25856,25334,25857,1,0,1
25858,25857,25859,1,0,1
25860,25859,25861,1,0,1
3133,25861,25862,0,0,1
25863,3132,25864,1,0,1
3134,25865,25866,0,1,1
25848,25866,25867,0,0,1
25855,25868,25869,0,1,1
25862,25869,25870,0,0,1
25864,25870,25867,0,0,0
25868,25849,25871,0,0,1,1571
25847,25871,25872,0,0,1
25845,25872,25873,0,0,1
3082,25843,25874,0,0,1
25875,25874,25876,1,0,1
25877,25876,25878,1,0,1
25879,25878,25880,1,0,1
25881,25880,25882,1,0,1
25883,25882,25884,1,0,1
24816,25884,25885,0,0,1
24813,25885,25873,0,0,0
25879,25886,25887,0,1,1,1827
25877,25887,25888,0,0,1
25889,25888,25890,1,0,1
25310,25507,25891,0,0,1,10962
25311,25891,25892,0,0,1
25794,25892,25893,0,0,1
25894,25893,25895,1,0,1
25896,25895,25897,1,0,1
25898,25897,25899,1,0,1
25900,25899,25901,1,0,1
25902,25901,25903,1,0,1
3423,25904,25905,0,1,1,1572
25906,25905,25907,1,0,1
25908,25907,25909,1,0,1
25910,25909,25911,1,0,1
25912,25911,25913,1,0,1
25914,25915,25916,1,1,1
25917,25916,25918,1,0,1
25919,25920,25921,1,1,1
25913,25921,25918,0,0,0
25509,25710,25922,0,0,1,8420
25903,25922,25923,0,0,1
25924,25923,25925,1,0,1
25926,25925,25927,1,0,1
25928,25929,25930,1,1,1
25931,25930,25932,1,0,1
25787,25932,25933,0,0,1
25927,25785,25934,0,0,1
25935,25934,25933,1,0,0
25906,3420,25936,1,1,1,1828
25937,25910,25938,1,1,1
25939,25940,25941,1,1,1
25942,25941,25943,1,0,1
25944,25945,25946,1,1,1
25947,25946,25948,1,0,1
2396,25949,25950,1,1,1
25951,25950,25952,1,0,1
25953,25952,25954,1,0,1
25955,2406,25956,1,1,1
25957,25958,25959,1,1,1
2410,25960,25961,1,1,1
25962,25961,25963,1,0,1
2422,2419,25964,1,1,1
25965,25964,25966,1,0,1
25967,25966,25968,1,0,1
25969,25968,25970,1,0,1
25971,25972,25973,1,1,1
3413,25973,25974,1,0,1
3418,3416,25975,1,1,1
25936,3421,25976,0,1,1
25943,25938,25977,0,0,1
25978,25977,25979,1,0,1
25948,25979,25980,0,0,1
25954,25981,25982,0,1,1
25956,25982,25983,0,0,1
25963,25984,25985,0,1,1
25970,25986,25987,0,1,1
25976,25975,25988,0,0,1
25908,25988,25989,1,0,1
25980,25989,25990,0,0,1
25983,25990,25991,0,0,1
25959,25991,25992,0,0,1
25987,25985,25993,0,0,1
25974,25993,25992,0,0,0
25994,25995,25996,1,1,1,35
25997,25996,25998,1,0,1
25999,25998,26000,1,0,1
26001,26002,26003,1,1,1
26004,26005,26006,1,1,1
26007,26006,26008,1,0,1
26009,26008,26010,1,0,1
26011,26010,26012,1,0,1
26013,26012,26014,1,0,1
26015,26014,26016,1,0,1
26000,26016,26003,0,0,0
25812,25698,26017,0,0,1,38608
26018,26019,26020,1,1,1
26021,26022,26023,1,1,1
26024,26023,26025,1,0,1
26026,26027,26028,1,1,1
26029,26030,26031,1,1,1
26032,26031,26033,1,0,1
2537,26033,26034,1,0,1
2540,26034,26035,1,0,1
2542,26035,26036,1,0,1
25174,26036,26037,0,0,1
25172,25175,26038,0,0,1
25170,26038,26039,0,0,1
25168,26039,26040,0,0,1
25702,25165,26041,0,0,1
25700,25703,26042,0,0,1
26017,26042,26043,0,0,1
26020,26043,26044,0,0,1
26025,26044,26045,0,0,1
26028,26045,26046,0,0,1
26037,26046,26047,0,0,1
26040,26047,26041,0,0,0
26048,25752,26049,1,0,1,15079
25829,26050,26051,0,1,1
25839,26051,26052,0,0,1
25826,26052,26053,0,0,1
25824,26053,26049,0,0,0
25760,25748,26054,0,0,1,18152
26055,26054,26056,1,0,1
26057,26056,26058,1,0,1
26059,26058,26060,1,0,1
26061,26060,26062,1,0,1
26063,26064,26065,1,1,1
26066,26065,26067,1,0,1
26068,26067,26062,1,0,0
25789,25668,26069,0,0,1,16613
25931,26069,26070,0,0,1
26071,26070,26072,1,0,1
26073,26072,26074,1,0,1
26075,26074,26076,1,0,1
25780,26076,25820,0,0,0
25894,25793,26077,1,1,1,22231
26078,26077,26079,1,0,1
26080,26079,26081,1,0,1
26082,26081,26083,1,0,1
26084,26083,26085,1,0,1
25725,26085,25729,0,0,0
26086,25448,26087,1,0,1,16600
26088,26087,26089,1,0,1
26090,26091,26092,1,1,1
25714,26092,26093,1,0,1
25717,26093,26089,1,0,0
26068,25750,26094,0,0,1,9960
26066,26094,26095,0,0,1
26063,26095,26096,0,0,1
26097,26096,26098,1,0,1
26099,26098,26100,1,0,1
26101,26102,26103,1,1,1
26104,26103,26105,1,0,1
26050,26105,26106,0,0,1
26048,26106,26100,0,0,0
26107,25384,26108,1,0,1,2850
26109,26108,26110,1,0,1
26111,26110,26112,1,0,1
26113,26112,26114,1,0,1
24988,26115,26116,1,1,1
24768,26116,26117,1,0,1
25387,26117,26114,0,0,0
25444,25446,26118,0,0,1,8409
26119,26118,26120,1,0,1
26121,26120,26122,1,0,1
26123,26122,26124,1,0,1
26125,26124,26126,1,0,1
26088,26126,26086,0,0,0
25833,25442,26127,0,0,1,9960
26128,26127,26129,1,0,1
26130,26129,26131,1,0,1
26132,26131,26133,1,0,1
26134,26133,26119,1,0,0
25902,25924,26135,0,0,1,227
26136,26135,26137,1,0,1
26138,26137,26139,1,0,1
26140,26139,26141,1,0,1
26142,26143,26144,1,1,1
25929,26144,26145,0,0,1
25935,26145,26146,0,0,1
25926,26146,26141,0,0,0
25758,25761,26147,0,0,1,9955
6686,26147,26148,0,0,1
26149,26148,26150,1,0,1
26151,26150,26152,1,0,1
26153,26154,26155,1,1,1
26057,26155,26156,0,0,1
26055,26156,26152,0,0,0
26078,25896,26157,1,0,1,43728
26080,26157,26158,1,0,1
26159,26158,26160,1,0,1
26161,26160,26162,1,0,1
26163,26162,25898,1,0,0
26164,26163,26165,1,0,1,2786
26166,26165,26167,1,0,1
26168,26167,26169,1,0,1
26170,26169,26171,1,0,1
26138,26172,26173,0,1,1
25900,26136,26174,0,0,1
26171,26174,26173,0,0,0
25831,25834,26175,0,0,1,18151
26104,25828,26176,0,0,1
26101,26176,26177,0,0,1
26178,26177,26179,1,0,1
26180,26179,26181,1,0,1
26130,26181,26182,0,0,1
26128,26182,26175,0,0,0
26183,26075,26184,1,0,1,37088
26185,26184,26186,1,0,1
26187,26186,26188,1,0,1
26189,26188,26190,1,0,1
26191,26190,26192,1,0,1
26193,26192,26194,1,0,1
26195,26194,26196,1,0,1
26197,26196,26198,1,0,1
2534,26198,26199,1,0,1
26032,2538,26200,0,1,1
26201,26200,26202,1,0,1
26203,26202,26204,1,0,1
26205,26204,26206,1,0,1
26207,26208,26209,1,1,1
26210,26209,26211,1,0,1
25811,26019,26212,0,0,1
25782,26212,26213,0,0,1
26211,26206,26214,0,0,1
26213,26215,26216,0,1,1
26199,26216,26214,0,0,0
26142,25928,26217,0,0,1,226
26218,26217,26219,1,0,1
26220,26219,26221,1,0,1
26222,26223,26224,1,1,1
26225,26226,26227,1,1,1
26071,26227,26228,0,0,1
26221,26228,26224,0,0,0
26229,26164,26230,1,1,1,2770
26082,26231,26232,0,1,1
26159,26232,26233,1,0,1
26161,26233,26230,1,0,0
26225,26073,26234,0,0,1,225
26222,26226,26235,0,0,1
26223,26235,26236,0,0,1
26237,26236,26238,1,0,1
26239,26238,26240,1,0,1
26183,26240,26234,0,0,0
26172,26140,26241,0,0,1,1762
26170,26241,26242,0,0,1
26243,26242,26244,1,0,1
26245,26244,26246,1,0,1
26247,26248,26249,1,1,1
26218,26249,26250,0,0,1
26143,26250,26246,0,0,0
26251,26002,26252,1,1,1,2595
26253,26252,26254,1,0,1
26255,26256,26257,1,1,1
26258,26259,26260,1,1,1
26261,26262,26263,1,1,1
26264,26265,26266,1,1,1
26267,26266,26268,1,0,1
26269,26270,26271,1,1,1
26272,26271,26273,1,0,1
26274,26273,26275,1,0,1
26276,26275,26277,1,0,1
26278,26277,26279,1,0,1
26280,26281,26282,1,1,1
26283,26284,26285,1,1,1
26286,26285,26287,1,0,1
26288,26287,26289,1,0,1
26290,26291,26292,1,1,1
25999,26292,26293,1,0,1
26263,26260,26294,0,0,1
26268,26294,26295,0,0,1
26279,26295,26296,0,0,1
26297,26296,26298,1,0,1
26289,26282,26299,0,0,1
26293,26299,26300,0,0,1
26298,26257,26301,0,0,1
26300,26302,26303,0,1,1
26254,26303,26301,0,0,0
26304,26305,26306,1,1,1,2594
26307,26308,26309,1,1,1
26310,26311,26312,1,1,1
26313,26314,26315,1,1,1
26316,26315,26317,1,0,1
26318,26317,26319,1,0,1
26320,26319,26321,1,0,1
26322,26321,26323,1,0,1
26324,26325,26326,1,1,1
26327,26328,26329,1,1,1
26330,26331,26332,1,1,1
26333,26334,26335,1,1,1
26336,26335,26337,1,0,1
26338,26337,26339,1,0,1
26340,26339,26341,1,0,1
26342,26343,26344,1,1,1
26345,26344,26346,1,0,1
26347,26346,26348,1,0,1
26349,26348,26350,1,0,1
26351,26350,26352,1,0,1
26353,26352,26354,1,0,1
26355,26356,26357,1,1,1
26358,26357,26359,1,0,1
26360,26359,26361,1,0,1
26362,26361,26363,1,0,1
26364,26363,26365,1,0,1
26366,26365,26367,1,0,1
26368,26367,26369,1,0,1
26370,26369,26371,1,0,1
26372,26371,26373,1,0,1
26374,26373,26375,1,0,1
26376,26375,26377,1,0,1
26256,26253,26378,1,1,1
26259,26255,26379,1,1,1
26265,26261,26380,1,1,1
26267,26264,26381,1,1,1
26270,26381,26382,1,0,1
26269,26382,26383,1,0,1
26297,26278,26384,1,1,1
26281,26302,26385,1,1,1
26284,26280,26386,1,1,1
26286,26283,26387,1,1,1
26291,26288,26388,1,1,1
26290,26388,26389,1,0,1
25997,26389,26390,0,0,1
26391,26390,26392,1,0,1
26393,26392,26394,1,0,1
25995,26395,26396,0,1,1
26397,26396,26398,1,0,1
26312,26309,26399,0,0,1
26326,26323,26400,0,0,1
26329,26400,26401,0,0,1
26402,26401,26403,1,0,1
26332,26403,26404,0,0,1
26405,26404,26406,1,0,1
26341,26407,26408,0,1,1
26354,26408,26409,0,0,1
26378,26377,26410,0,0,1
26379,26410,26411,0,0,1
26258,26411,26412,1,0,1
26262,26412,26413,1,0,1
26383,26380,26414,0,0,1
26385,26384,26415,0,0,1
26386,26415,26416,0,0,1
26394,26387,26417,0,0,1
26398,26418,26419,0,1,1
26306,26419,26420,0,0,1
26406,26399,26421,0,0,1
26409,26421,26422,0,0,1
26414,26413,26423,0,0,1
26272,26423,26424,1,0,1
26416,26276,26425,0,1,1
26420,26417,26426,0,0,1
26427,26426,26428,1,0,1
26424,26422,26429,0,0,1
26274,26429,26430,1,0,1
26425,26430,26428,0,0,0
26431,26432,26433,1,1,1,2785
26229,26433,26434,0,0,1
26435,26166,26436,1,1,1
26437,26436,26438,1,0,1
26439,26438,26434,1,0,0
26440,26441,26442,1,1,1,22230
26443,26442,26444,1,0,1
26445,26444,26446,1,0,1
26447,26446,26448,1,0,1
26449,26448,26450,1,0,1
26125,26091,26451,0,0,1,20696
26452,26451,26453,1,0,1
26454,26453,26455,1,0,1
26456,26457,26458,1,1,1
26443,26458,26459,0,0,1
26440,26459,26460,0,0,1
26461,26460,26455,1,0,0
26462,6683,26463,1,0,1,30432
26464,26465,26466,1,1,1
26467,26466,26468,1,0,1
26469,26470,26471,1,1,1
26472,6674,26473,1,0,1
26474,26475,26476,1,1,1
26477,26476,26478,1,0,1
26479,26478,26480,1,0,1
26481,26480,26482,1,0,1
26483,26482,26484,1,0,1
26485,26484,26486,1,0,1
26487,26486,26488,1,0,1
26489,26488,26490,1,0,1
26491,26492,26493,1,1,1
26494,26495,26496,1,1,1
26497,26496,26498,1,0,1
26149,26498,26499,0,0,1
26463,26499,26500,0,0,1
26468,26500,26501,0,0,1
26471,26501,26502,0,0,1
26503,26502,26504,1,0,1
26473,26504,26505,0,0,1
26506,26505,26507,1,0,1
26490,26507,26493,0,0,0
26508,24986,26509,1,1,1,39712
26510,26511,26512,1,1,1
26513,26514,26515,1,1,1
26516,26515,26517,1,0,1
26518,26516,26519,1,0,1
26520,26519,26521,1,0,1
26522,26521,26523,1,0,1
26524,26523,26525,1,0,1
26526,26525,26527,1,0,1
26528,26527,26529,1,0,1
26530,26529,26531,1,0,1
26532,26533,26534,1,1,1
26535,26534,26536,1,0,1
26537,26536,26538,1,0,1
26539,26538,26540,1,0,1
25463,26540,26541,1,0,1
26542,26541,26543,1,0,1
26544,26543,26545,1,0,1
25473,26545,26546,1,0,1
25251,26546,26547,1,0,1
25250,26547,26548,1,0,1
25254,26548,26549,1,0,1
25688,26549,26550,1,0,1
25690,26550,26551,1,0,1
25692,26551,26552,1,0,1
26509,26552,26553,0,0,1
26512,26553,26554,0,0,1
26517,26554,26531,0,0,0
26247,26220,26555,0,0,1,1761
26245,26248,26556,0,0,1
26168,26243,26557,0,0,1
26435,26557,26558,1,0,1
26559,26558,26560,1,0,1
26561,26560,26562,1,0,1
26563,26562,26564,1,0,1
26565,26564,26566,1,0,1
26185,26566,26567,0,0,1
26239,26567,26568,0,0,1
26555,26237,26569,0,0,1
26556,26569,26568,0,0,0
6681,6684,26570,0,0,1,30416
6678,26570,26571,0,0,1
6676,6679,26572,0,0,1
26469,26503,26573,0,0,1
26470,26573,26574,0,0,1
26467,26574,26575,0,0,1
26464,26575,26576,0,0,1
26465,26576,26577,0,0,1
26462,26577,26578,0,0,1
26571,26578,26572,0,0,0
26510,26514,26579,0,0,1,2849
26508,26511,26580,0,0,1
24989,26580,26581,1,0,1
26115,26581,26582,0,0,1
26111,26113,26583,0,0,1
26109,26583,26584,0,0,1
26585,26584,26586,1,0,1
26587,26588,26589,1,1,1
26513,26590,26591,0,1,1
26579,26591,26592,0,0,1
26586,26582,26593,0,0,1
26589,26593,26592,0,0,0
26123,26452,26594,0,0,1,16600
26595,26594,26596,1,0,1
26597,26596,26598,1,0,1
26599,26598,26600,1,0,1
26601,26600,26454,1,0,0
26134,26121,26602,0,0,1,18152
26603,26602,26595,1,0,0
26099,26102,26604,0,0,1,18152
26605,26606,26607,1,1,1
26608,26607,26609,1,0,1
26610,26609,26611,1,0,1
26178,26611,26604,0,0,0
26153,26059,26612,0,0,1,18150
26613,26612,26614,1,0,1
26615,26614,26616,1,0,1
26605,26617,26618,0,1,1
26097,26606,26619,0,0,1
26064,26619,26620,0,0,1
26616,26061,26621,0,0,1
26618,26621,26620,0,0,0
26180,26132,26622,0,0,1,18150
26610,26622,26623,0,0,1
26624,26623,26625,1,0,1
26626,26625,26627,1,0,1
26628,26627,26629,1,0,1
26630,26629,26631,1,0,1
26632,26631,26633,1,0,1
26599,26634,26635,0,1,1
26597,26635,26636,0,0,1
26603,26636,26633,0,0,0
26565,26187,26637,0,0,1,38624
26638,26563,26639,1,0,1
26640,26639,26641,1,0,1
26642,26641,26643,1,0,1
26644,26645,26646,1,1,1
26195,26646,26647,0,0,1
26193,26647,26648,0,0,1
26191,26648,26649,0,0,1
26637,26189,26650,0,0,1
26643,26650,26649,0,0,0
26651,26652,26653,1,1,1,481
26654,26653,26655,1,0,1
26656,26657,26658,1,1,1
26659,26660,26661,1,1,1
26662,26661,26663,1,0,1
26664,26663,26665,1,0,1
26666,26665,26667,1,0,1
26668,26667,26669,1,0,1
26670,26669,26671,1,0,1
26670,26672,26673,0,1,1
26668,26673,26674,0,0,1
26439,26674,26675,0,0,1
26437,26675,26676,0,0,1
26559,26676,26677,1,0,1
26655,26677,26678,0,0,1
26671,26679,26680,0,1,1
26678,26672,26681,0,0,1
26658,26681,26680,0,0,0
26682,26447,26683,1,0,1,2770
26684,26685,26686,1,1,1
26687,26686,26688,1,0,1
26689,26690,26691,1,1,1
26692,26691,26693,1,0,1
26694,26693,26695,1,0,1
26696,26697,26698,1,1,1
26699,26698,26700,1,0,1
26701,26700,26702,1,0,1
26683,26703,26704,0,1,1
26688,26704,26705,0,0,1
26695,26705,26702,0,0,0
26456,26445,26706,0,0,1,1746
26707,26706,26708,1,0,1
26709,26708,26710,1,0,1
26711,26712,26713,1,1,1
26714,26713,26715,1,0,1
26716,26717,26718,1,1,1
26719,26720,26721,1,1,1
26722,26721,26723,1,0,1
26724,26723,26725,1,0,1
26726,26725,26727,1,0,1
26728,26729,26730,1,1,1
26731,26730,26732,1,0,1
26733,26732,26734,1,0,1
26735,26734,26736,1,0,1
26737,26736,26738,1,0,1
26739,26738,26740,1,0,1
26741,26740,26742,1,0,1
26743,26744,26745,1,1,1
26685,26745,26746,0,0,1
26682,26746,26747,0,0,1
26710,26747,26748,0,0,1
26715,26748,26749,0,0,1
26718,26749,26750,0,0,1
26727,26750,26742,0,0,0
26497,26151,26751,0,0,1,34528
26494,26751,26752,0,0,1
26753,26754,26755,1,1,1
26756,26755,26752,1,0,0
26757,26758,26759,1,1,1,1828
26760,26759,26761,1,0,1
26762,26763,26764,1,1,1
26765,26764,26766,1,0,1
26767,26768,26769,1,1,1
26770,26769,26771,1,0,1
26772,26773,26774,1,1,1
3440,26774,26775,0,0,1
3411,26775,26776,0,0,1
26777,26776,26778,1,0,1
26779,26778,26780,1,0,1
26781,26780,26782,1,0,1
26783,26782,26784,1,0,1
26761,26784,26785,0,0,1
26771,26766,26786,0,0,1
26787,26786,26785,1,0,0
26787,26773,26788,0,0,1,1827
26770,26788,26789,0,0,1
26765,26768,26790,0,0,1
26791,26762,26792,1,0,1
2424,26793,26794,0,1,1
2425,26794,26795,0,0,1
2421,26795,26796,0,0,1
25965,26796,26797,1,0,1
25969,25967,26798,1,1,1
3414,25971,26799,0,1,1
26772,26799,26800,0,0,1
26789,26800,26801,0,0,1
26767,26801,26802,0,0,1
26792,26790,26803,0,0,1
26797,26803,26804,0,0,1
26798,26804,26805,0,0,1
25972,26805,26802,1,0,0
26154,26613,26806,0,0,1,9954
26756,26806,26807,0,0,1
26808,26807,26809,1,0,1
26810,26809,26811,1,0,1
26812,26811,26615,1,0,0
3577,3582,26813,0,0,1,1843
3545,26813,26814,0,0,1
3543,3546,26815,0,0,1
3541,26815,26816,0,0,1
26817,26816,26818,1,0,1
26819,26818,26820,1,0,1
3548,26821,26822,0,1,1
26814,3549,26823,0,0,1
26820,26823,26822,0,0,0
26457,26707,26824,0,0,1,18133
26601,26824,26825,0,0,1
26826,26634,26827,1,0,1
26828,26827,26829,1,0,1
26830,26829,26831,1,0,1
26832,26831,26825,1,0,0
26652,26561,26833,1,0,1,37344
26651,26833,26834,1,0,1
26835,26834,26836,1,0,1
26837,26838,26839,1,1,1
26840,26839,26841,1,0,1
2521,26841,26842,1,0,1
2523,26842,26843,1,0,1
2525,26843,26844,1,0,1
2527,26844,26845,1,0,1
2532,2529,26846,1,1,1
2531,26846,26847,1,0,1
2535,26847,26848,1,0,1
26197,26848,26849,0,0,1
26644,26849,26850,0,0,1
26642,26645,26851,0,0,1
26640,26851,26852,0,0,1
26638,26852,26853,0,0,1
26836,26853,26854,0,0,1
26845,26854,26850,0,0,0
26608,26624,26855,0,0,1,18149
26617,26855,26856,0,0,1
26812,26856,26857,0,0,1
26858,26857,26859,1,0,1
26860,26859,26861,1,0,1
26862,26861,26626,1,0,0
26863,26864,26865,1,1,1,2786
26701,26866,26867,0,1,1
26868,26867,26869,1,0,1
26870,26869,26865,1,0,0
26830,26832,26871,0,0,1,18132
26828,26871,26872,0,0,1
26717,26873,26874,0,1,1
26714,26874,26875,0,0,1
26711,26875,26876,0,0,1
26709,26712,26877,0,0,1
26872,26877,26876,0,0,0
26696,26878,26879,0,1,1,2786
26694,26697,26880,0,0,1
26881,26880,26882,1,0,1
26664,26882,26883,1,0,1
26884,26883,26885,1,0,1
26886,26885,26879,1,0,0
26632,26826,26887,0,0,1,18149
26888,26887,26889,1,0,1
26890,26889,26891,1,0,1
26720,26891,26892,0,0,1
26716,26892,26873,0,0,0
26215,26018,26893,0,0,1,37072
26210,26893,26894,0,0,1
26205,26208,26895,0,0,1
26201,26203,26896,0,0,1
26029,26896,26897,0,0,1
26030,26897,26898,0,0,1
26026,26898,26899,0,0,1
26024,26027,26900,0,0,1
26021,26900,26901,0,0,1
26894,26022,26902,0,0,1
26207,26902,26903,0,0,1
26895,26903,26904,0,0,1
26899,26904,26901,0,0,0
26862,26628,26905,0,0,1,8419
26906,26905,26907,1,0,1
26908,26907,26909,1,0,1
26888,26910,26911,0,1,1
26630,26911,26909,0,0,0
26808,26810,26912,0,0,1,10210
26753,26912,26913,0,0,1
26914,26913,26915,1,0,1
26916,26915,26917,1,0,1
26918,26917,26919,1,0,1
26920,26919,26921,1,0,1
26906,26921,26922,0,0,1
26860,26922,26858,0,0,0
25955,25958,26923,0,0,1,1827
2408,26923,26924,1,0,1
25960,26924,26925,0,0,1
25984,26925,25957,0,0,0
26391,25994,26926,1,1,1,2595
26393,26926,26927,1,0,1
26418,26927,26395,1,0,1
6670,6672,26928,0,0,1,28896
25595,6667,26929,0,0,1
25593,26929,26930,0,0,1
25589,25591,26931,0,0,1
25587,26931,26932,0,0,1
26933,25585,26934,1,0,1
26935,26934,26936,1,0,1
26937,26936,26938,1,0,1
26939,26938,26940,1,0,1
26941,26940,26942,1,0,1
26943,26944,26945,1,1,1
26946,26945,26947,1,0,1
26948,26947,26949,1,0,1
26950,26949,26951,1,0,1
26479,26951,26952,0,0,1
26477,26952,26953,0,0,1
26506,26475,26954,0,0,1
26472,26954,26955,0,0,1
26928,26955,26956,0,0,1
26930,26956,26957,0,0,1
26942,26932,26958,0,0,1
26959,26958,26960,1,0,1
26953,26960,26961,0,0,1
26474,26961,26957,0,0,0
26660,26679,26962,1,1,1,8675
26659,26962,26963,1,0,1
26964,26963,26965,1,0,1
26966,26965,26967,1,0,1
26968,26967,26656,1,0,1
26743,26684,26969,0,0,1,978
26744,26969,26970,0,0,1
26971,26970,26972,1,0,1
26973,26972,26974,1,0,1
26690,26974,26687,0,0,0
25951,25953,26975,0,0,1,36
2401,2398,26976,1,1,1
2404,2400,26977,1,1,1
26975,2403,26978,0,1,1
26976,26978,26977,0,0,0
26979,3539,26980,1,1,1,1828
26981,26982,26983,1,1,1
26984,26983,26985,1,0,1
26986,26987,26988,1,1,1
3536,26988,26989,1,0,1
26980,26989,26985,0,0,0
26657,26654,26990,1,1,1,20964
26968,26990,26991,0,0,1
26992,26991,26993,1,0,1
26994,26995,26996,1,1,1
26997,26996,26998,1,0,1
26999,26998,27000,1,0,1
26838,27000,27001,0,0,1
26835,27001,26993,0,0,0
27002,26754,27003,1,0,1,32992
27004,27003,27005,1,0,1
26485,27005,27006,0,0,1
27007,27006,27008,1,0,1
27009,27008,27010,1,0,1
27011,27010,27012,1,0,1
27013,27014,27015,1,1,1
27016,27015,27017,1,0,1
26914,27017,27012,0,0,0
27018,26918,27019,1,0,1,225
27020,27019,27021,1,0,1
27022,27023,27024,1,1,1
27025,27026,27027,1,1,1
27028,27027,27029,1,0,1
27014,27030,27031,0,1,1
27032,27031,27033,1,0,1
27034,27033,27035,1,0,1
27036,27035,27037,1,0,1
27038,27037,27039,1,0,1
27040,27039,27041,1,0,1
27042,27041,27043,1,0,1
27044,27043,27045,1,0,1
27046,27045,27047,1,0,1
26920,26908,27048,0,0,1
27021,27048,27049,0,0,1
27024,27049,27050,0,0,1
27029,27050,27047,0,0,0
27016,26916,27051,0,0,1,37088
27013,27051,27052,0,0,1
27028,27030,27053,0,0,1
27025,27053,27054,0,0,1
27022,27026,27055,0,0,1
27023,27055,27056,0,0,1
27020,27056,27057,0,0,1
27018,27057,27058,0,0,1
27052,27058,27054,0,0,0
26692,26881,27059,0,0,1,994
27060,27059,27061,1,0,1
27062,27061,27063,1,0,1
26995,27063,27064,0,0,1
26992,27064,27065,0,0,1
26964,26966,27066,0,0,1
26662,27066,27065,1,0,0
26741,26971,27067,0,0,1,210
27068,27067,27069,1,0,1
27070,27069,27071,1,0,1
27072,27071,27073,1,0,1
27074,27073,27075,1,0,1
27060,27075,27076,0,0,1
26689,27076,26973,0,0,0
3480,3476,27077,1,1,1,1843
3479,27077,27078,1,0,1
3483,27078,27079,1,0,1
27080,27079,27081,1,0,1
3474,27082,27083,1,1,1
3560,3473,27084,1,1,1
3477,27084,27085,1,0,1
27081,27085,27083,0,0,0
27086,26356,27087,1,1,1,2593
26347,27088,27089,1,1,1
26349,27089,27090,1,0,1
26351,27090,27091,1,0,1
26353,27091,27087,1,0,0
26910,26890,27092,0,0,1,227
27046,27092,27093,0,0,1
27094,27093,27095,1,0,1
27096,27095,26719,1,0,0
26491,26495,27097,0,0,1,28896
26489,26492,27098,0,0,1
26487,27098,27099,0,0,1
27004,27099,27100,0,0,1
27002,27100,27097,0,0,0
27101,27102,27103,1,1,1,1828
27104,27103,27105,1,0,1
27106,27105,27107,1,0,1
27108,27109,27110,1,1,1
27111,27112,27113,1,1,1
27114,27113,27115,1,0,1
27116,27117,27118,1,1,1
27119,27118,27120,1,0,1
27121,27120,27122,1,0,1
27123,27122,27124,1,0,1
27125,27126,27127,1,1,1
27128,27127,27129,1,0,1
27130,27131,27132,1,1,1
27133,27134,27135,1,1,1
27136,27135,27137,1,0,1
27138,27137,27139,1,0,1
27140,27139,27141,1,0,1
27142,27141,27143,1,0,1
27144,27143,27145,1,0,1
27146,27145,27147,1,0,1
3531,27147,27148,1,0,1
27149,3534,27150,1,1,1
27151,27150,27152,1,0,1
27107,27152,27153,0,0,1
27110,27153,27154,0,0,1
27124,27115,27155,0,0,1
27156,27155,27157,1,0,1
27132,27129,27158,0,0,1
27148,27159,27160,0,1,1
27157,27154,27161,0,0,1
27158,27161,27160,0,0,0
3067,3064,27162,1,1,1,2596
27163,27162,27164,1,0,1
27165,27166,27167,1,1,1
27168,27167,27169,1,0,1
27170,27171,27172,1,1,1
27173,27174,27175,1,1,1
27176,27175,27177,1,0,1
27178,27177,27179,1,0,1
27180,27179,27181,1,0,1
27182,27183,27184,1,1,1
27185,27186,27187,1,1,1
27188,27189,27190,1,1,1
27191,27190,27192,1,0,1
27193,27192,27194,1,0,1
27195,27194,27196,1,0,1
27197,27196,27198,1,0,1
27199,27198,27200,1,0,1
27201,27202,27203,1,1,1
27204,27203,27205,1,0,1
27206,27207,27208,1,1,1
2979,27208,27209,1,0,1
3016,27209,27210,1,0,1
3019,27210,27211,1,0,1
3022,3018,27212,1,1,1
3027,3024,27213,1,1,1
3026,27213,27214,1,0,1
3030,27214,27215,1,0,1
3033,3029,27216,1,1,1
27217,3032,27218,1,1,1
27219,27218,27220,1,0,1
3041,3038,27221,1,1,1
3044,3040,27222,1,1,1
3043,27222,27223,1,0,1
3049,3046,27224,1,1,1
3048,27224,27225,1,0,1
3054,3051,27226,1,1,1
3112,3053,27227,1,1,1
3057,27227,27228,1,0,1
3062,3059,27229,1,1,1
3061,27229,27230,1,0,1
27164,27230,27231,0,0,1
27169,27231,27232,0,0,1
27172,27232,27233,0,0,1
27234,27233,27235,1,0,1
27181,27235,27236,0,0,1
27237,27236,27238,1,0,1
27200,27239,27240,0,1,1
27211,27205,27241,0,0,1
27212,27241,27242,0,0,1
3021,27242,27243,1,0,1
27215,27243,27244,0,0,1
27216,27244,27245,0,0,1
27220,27245,27246,0,0,1
27223,27221,27247,0,0,1
27225,27247,27248,0,0,1
27226,27248,27249,0,0,1
27228,27249,27250,0,0,1
3056,27250,27251,1,0,1
27238,27251,27252,0,0,1
27184,27252,27253,0,0,1
27187,27253,27254,0,0,1
27246,27240,27255,0,0,1
3035,27255,27254,1,0,0
27256,27070,27257,1,0,1,209
27258,27257,27259,1,0,1
27260,27259,27261,1,0,1
27262,27263,27264,1,1,1,1571
27265,27264,27266,1,0,1
27267,27268,27269,1,1,1
27270,27271,27272,1,1,1
27273,27272,27274,1,0,1
27275,27274,27276,1,0,1
2362,27276,27277,1,0,1
2379,27277,27278,1,0,1
2365,27278,27279,1,0,1
27266,27279,27269,0,0,0
27280,27074,27281,1,0,1,226
27282,27281,27283,1,0,1
26994,27283,27062,0,0,0
27284,27265,27285,1,0,1,1570
27286,27287,27288,1,1,1
27273,27288,27289,0,0,1
27270,27289,27290,0,0,1
27267,27271,27291,0,0,1
27268,27291,27292,0,0,1
27285,27292,27290,0,0,0
27072,27280,27293,0,0,1,225
27261,27293,27294,0,0,1
27295,27294,27296,1,0,1
27297,27296,27298,1,0,1
27299,27298,27300,1,0,1
26997,27300,27282,0,0,0
26739,27068,27301,0,0,1,1745
26737,27301,27302,0,0,1
27303,27302,27256,1,0,0
2414,2412,27304,1,1,1,36
2417,27304,27305,1,0,1
2416,27305,27306,1,0,1
25986,27306,25962,0,0,0
27307,27308,27309,1,1,1,10788
27310,27311,27312,1,1,1
27313,27314,27315,1,1,1
27316,27315,27317,1,0,1
27318,27319,27320,1,1,1
27321,27320,27322,1,0,1
27309,27322,27323,0,0,1
27312,27323,27317,0,0,0
25471,25474,27324,0,0,1,39808
25468,27324,27325,0,0,1
25466,25469,27326,0,0,1
26542,27326,27327,1,0,1
26544,27327,27325,1,0,0
27303,27258,27328,0,0,1,2769
26735,27328,27329,0,0,1
27330,27329,27331,1,0,1
27332,27331,27333,1,0,1
27334,27333,27335,1,0,1
27295,27335,27260,0,0,0
2328,27336,2326,0,1,0,2594
26999,26837,27337,0,0,1,37088
27299,27337,27338,0,0,1
27339,27338,27340,1,0,1
2519,27340,26840,1,0,0
27044,27094,27341,0,0,1,8418
27042,27341,27342,0,0,1
27343,27342,27344,1,0,1
27345,27344,27346,1,0,1
27347,27348,27349,1,1,1
27350,27349,27346,1,0,0
27096,26722,27351,0,0,1,18150
27350,27351,27352,0,0,1
27347,27352,27353,0,0,1
27354,27353,27355,1,0,1
27356,27355,26724,1,0,0
27357,27358,27359,1,1,1,2596
27360,27359,27361,1,0,1
27311,27361,27362,0,0,1
27307,27362,27363,0,0,1
27364,26342,27365,1,1,1,2593
27366,27365,27367,1,0,1
27368,27367,27369,1,0,1
27370,27371,27372,1,1,1
26325,27372,27373,1,0,1
26328,26324,27374,1,1,1
27375,27374,27376,1,0,1
27377,27376,27378,1,0,1
27379,27378,27380,1,0,1
26340,26338,27381,1,1,1
26343,27381,27382,1,0,1
27369,27382,27383,0,0,1
27373,27383,27380,0,0,0
25647,25652,27384,0,0,1,29664
25563,27384,27385,0,0,1
25564,27385,27386,0,0,1
25560,27386,27387,0,0,1
25561,27387,27388,0,0,1
25557,27388,27389,0,0,1
25558,27389,27390,0,0,1
25554,27390,27391,0,0,1
25622,25555,27392,0,0,1
25552,27392,27393,0,0,1
25550,27393,27394,0,0,1
27395,25548,27396,1,0,1
27397,27396,27398,1,0,1
27399,27398,27400,1,0,1
27401,27400,27402,1,0,1
27403,27402,27404,1,0,1
27405,27404,27406,1,0,1
27407,27406,27408,1,0,1
27409,27408,27410,1,0,1
27411,27410,27412,1,0,1
27413,27412,27414,1,0,1
27415,27414,27416,1,0,1
27417,27416,27418,1,0,1
25577,27418,27419,0,0,1
25631,25578,27420,0,0,1
25575,27420,27421,0,0,1
25572,27421,27422,0,0,1
25569,25573,27423,0,0,1
25627,25570,27424,0,0,1
25566,27424,27425,0,0,1
25625,25567,27426,0,0,1
25643,27426,27427,0,0,1
25649,27427,27428,0,0,1
27391,27428,27429,0,0,1
27394,27429,27430,0,0,1
27422,27419,27431,0,0,1
27423,27431,27432,0,0,1
27425,27432,27430,0,0,0
27433,27434,27435,1,1,1,2594
27436,27435,27437,1,0,1
27286,27437,27438,1,0,1
27275,27438,27439,1,0,1
2360,27439,27440,0,0,1
2357,27440,27441,0,0,1
2358,27441,27442,0,0,1
2355,27442,27443,0,0,1
2352,27443,27444,0,0,1
2350,2353,27445,0,0,1
27446,2348,27447,1,0,1
27448,27447,27449,1,0,1
27450,27449,27451,1,0,1
27452,27451,27453,1,0,1
27454,27455,27456,1,1,1
27457,27458,27459,1,1,1
27460,27461,27462,1,1,1
27463,27462,27464,1,0,1
27465,27464,27466,1,0,1
27467,27466,27468,1,0,1
27469,27468,27470,1,0,1
27471,27470,27472,1,0,1
27473,27472,27474,1,0,1
27475,27474,27476,1,0,1
27477,27476,27478,1,0,1
27479,27480,27481,1,1,1
27482,27481,27483,1,0,1
27484,27483,27485,1,0,1
27486,27485,27487,1,0,1
27488,27487,27489,1,0,1
27490,27491,27492,1,1,1
27493,27494,27495,1,1,1
27444,27495,27496,0,0,1
27445,27496,27497,0,0,1
27456,27453,27498,0,0,1
27459,27498,27499,0,0,1
27478,27500,27501,0,1,1
27489,27501,27502,0,0,1
27492,27502,27503,0,0,1
27497,27503,27499,0,0,0
27504,27505,27506,1,1,1,1826
27507,27506,27508,1,0,1
27287,27508,27509,1,0,1
27436,27509,27510,0,0,1
27356,26726,27511,0,0,1,14034
27512,27511,27513,1,0,1
27514,27513,27515,1,0,1
27516,27517,27518,1,1,1
26728,27518,27519,0,0,1
26729,27519,27515,0,0,0
26528,26526,27520,1,1,1,38688
26530,27520,27521,1,0,1
26533,27521,27522,1,0,1
26532,27522,27523,1,0,1
27524,26535,27525,1,1,1
27526,27525,27527,1,0,1
27528,27527,27529,1,0,1
27530,27529,27531,1,0,1
27532,27531,27533,1,0,1
27534,27533,27535,1,0,1
27536,27535,27537,1,0,1
27538,27539,27540,1,1,1
27541,27542,27543,1,1,1
27544,27543,27545,1,0,1
27546,27545,27547,1,0,1
27548,27549,27550,1,1,1
27551,27552,27553,1,1,1
27554,27553,27555,1,0,1
27523,27555,27556,0,0,1
27537,27556,27557,0,0,1
27558,27557,27559,1,0,1
27540,27559,27560,0,0,1
27547,27560,27550,0,0,0
13353,25502,27561,0,0,1,31376
13350,27561,27562,0,0,1
13347,27562,27563,0,0,1
27564,27563,27565,1,0,1
27566,27567,27568,1,1,1
27569,27568,27570,1,0,1
25515,27570,27565,0,0,0
27571,25178,27572,1,0,1,40160
2457,27572,27573,1,0,1
2456,27573,27574,1,0,1
25181,2460,27575,0,1,1
25201,25182,27576,0,0,1
27574,27576,27575,0,0,0
27577,27332,27578,1,1,1,209
2573,27578,27579,0,0,1
2571,27579,27580,0,0,1
2568,27580,27581,0,0,1
27582,27583,27584,1,1,1
27585,27586,27587,1,1,1
26733,27588,27589,1,1,1
27330,27589,27590,1,0,1
27581,27590,27591,0,0,1
27584,27591,27587,0,0,0
27551,27592,27593,0,1,1,1825
27552,27593,27594,0,0,1
27548,27594,27595,0,0,1
27546,27549,27596,0,0,1
27544,27596,27597,0,0,1
27598,27597,27599,1,0,1
27600,27599,27601,1,0,1
27602,27603,27604,1,1,1
27366,27605,27606,0,1,1
27595,27606,27607,0,0,1
27601,27607,27604,0,0,0
27334,27297,27608,0,0,1,2785
27577,27608,27609,1,0,1
2576,27609,27610,1,0,1
2575,27610,27611,1,0,1
2560,27611,27612,1,0,1
27613,27612,27614,1,0,1
2516,27614,27339,1,0,0
27615,27616,27617,1,1,1,210
27618,27617,27619,1,0,1
27620,27619,27621,1,0,1
27622,27621,27623,1,0,1
27516,27624,27625,1,1,1
26731,27625,27626,1,0,1
27588,27626,27627,0,0,1
27585,27627,27628,0,0,1
27582,27586,27629,0,0,1
27630,27629,27631,1,0,1
27623,27631,27628,0,0,0
27632,3468,27633,1,1,1,52
27634,27633,27635,1,0,1
27636,27635,27637,1,0,1
27040,27343,27638,0,0,1,9957
27038,27638,27639,0,0,1
27640,27641,27642,1,1,1
27643,27642,27644,1,0,1
27645,27644,27646,1,0,1
27512,27646,27647,0,0,1
27354,27647,27648,0,0,1
27348,27648,27649,0,0,1
27345,27649,27639,0,0,0
3066,27163,27650,1,0,1,10789
27651,27652,27653,1,1,1
27170,27654,27655,0,1,1
27656,27655,27657,1,0,1
27166,27658,27659,0,1,1
27650,27659,27660,0,0,1
27657,27653,27661,0,0,1
27662,27661,27663,1,0,1
27664,27663,27660,1,0,0
3471,27632,27665,1,0,1,51
27082,27665,27666,0,0,1
27667,27666,27668,1,0,1
27669,27668,27670,1,0,1
27671,27670,27672,1,0,1
27673,27674,27675,1,1,1
27636,27675,27676,0,0,1
27672,27634,27677,0,0,1
27678,27677,27676,1,0,0
27679,27680,27681,1,1,1,34
27682,27681,27683,1,0,1
27684,27685,27686,1,1,1
27687,27686,27688,1,0,1
27689,27688,27690,1,0,1
27691,27690,27692,1,0,1
27693,27692,27694,1,0,1
27695,27694,27683,1,0,0
25005,25464,27696,1,0,1,38432
25009,27696,27697,1,0,1
27698,27697,27699,1,0,1
27524,27699,27700,0,0,1
26537,27700,26539,1,0,1
26483,27007,27701,0,0,1,34528
26481,27701,27702,0,0,1
26950,27702,27703,0,0,1
27704,27703,27705,1,0,1
27706,27705,27707,1,0,1
27708,27707,27009,1,0,0
27645,27514,27709,0,0,1,22228
27710,27709,27711,1,0,1
27712,27711,27713,1,0,1
27714,27715,27716,1,1,1
27622,27716,27717,1,0,1
27624,27717,27718,1,0,1
27517,27718,27713,0,0,0
27569,25517,27719,0,0,1,31456
27566,27719,27720,0,0,1
27721,27720,27722,1,0,1
27723,27722,27724,1,0,1
27725,27724,27726,1,0,1
27727,27726,27728,1,0,1
27729,27730,27731,1,1,1
27732,27731,27733,1,0,1
27734,27733,27735,1,0,1
27736,27735,27737,1,0,1
25542,27737,27738,0,0,1
25539,27738,27739,0,0,1
25537,27739,27740,0,0,1
25534,27740,27741,0,0,1
25535,27741,27742,0,0,1
25531,27742,27743,0,0,1
25532,27743,27744,0,0,1
25528,27744,27745,0,0,1
25529,27745,27746,0,0,1
25617,27746,27747,0,0,1
25526,27747,27748,0,0,1
25524,27748,27749,0,0,1
25521,27749,27750,0,0,1
25519,25522,27751,0,0,1
27728,27751,27750,0,0,0
27146,3532,27752,0,1,1,1827
27753,27142,27754,1,0,1
27755,27754,27756,1,0,1
27757,27758,27759,1,1,1
2864,27759,27760,1,0,1
2867,27760,27761,1,0,1
2947,27761,27762,1,0,1
2938,27762,27763,1,0,1
2875,2872,27764,1,1,1
3529,27764,27765,1,0,1
27752,27765,27766,0,0,1
27144,27766,27767,0,0,1
27756,27767,27768,0,0,1
27763,27769,27770,0,1,1
2870,27770,27771,1,0,1
2869,27771,27768,1,0,0
26334,26407,27772,1,1,1,43552
27375,27772,27773,0,0,1
26402,26327,27774,1,1,1
26331,27774,27775,1,0,1
26405,26330,27776,1,1,1
27773,27776,27775,0,0,0
27080,27667,27777,0,0,1,52
27778,27777,27779,1,0,1
27780,27779,27669,1,0,0
2877,3571,27781,1,1,1,1828
27782,27781,27783,1,0,1
27784,27783,3527,1,0,1
27658,27165,27785,0,0,1,2597
27664,27785,27786,0,0,1
27662,27786,27787,0,0,1
27656,27787,27788,0,0,1
27171,27788,27168,0,0,0
27643,27710,27789,0,0,1,18132
27790,27791,27792,1,1,1
27793,27792,27794,1,0,1
27795,27796,27797,1,1,1
27789,27798,27799,0,1,1
27794,27799,27797,0,0,0
27800,27801,27802,1,1,1,42704
27793,27802,27803,1,0,1
27796,27803,27804,1,0,1
27798,27795,27805,1,1,1
27712,27805,27806,1,0,1
27715,27806,27807,1,0,1
27808,27807,27809,1,0,1
27810,27809,27804,1,0,0
27811,27036,27812,1,0,1,18150
27813,27814,27815,1,1,1
27816,27815,27817,1,0,1
27818,27817,27819,1,0,1
27820,27819,27821,1,0,1
27822,27821,27823,1,0,1
27824,27823,27825,1,0,1
27826,27825,27827,1,0,1
27828,27829,27830,1,1,1
27831,27830,27832,1,0,1
27833,27832,27834,1,0,1
27835,27836,27837,1,1,1
27838,27837,27839,1,0,1
27641,27839,27840,0,0,1
27812,27840,27841,0,0,1
27827,27841,27834,0,0,0
27842,3069,27843,1,1,1,10787
27844,27843,27845,1,0,1
27846,27845,27652,1,0,0
27613,2559,27847,1,0,1,1761
2517,27847,27848,0,0,1
2514,27848,27849,0,0,1
27850,2512,27851,1,0,1
27852,27851,27853,1,0,1
2562,27853,27849,0,0,0
27708,27011,27854,0,0,1,1761
27855,27854,27856,1,0,1
27857,27856,27858,1,0,1
27813,27858,27859,0,0,1
27814,27859,27860,0,0,1
27034,27811,27861,0,0,1
27032,27861,27860,0,0,0
26941,26959,27862,0,0,1,31712
27863,27862,26944,1,0,0
27782,27784,27864,0,0,1,1827
2879,27864,27865,1,0,1
2881,27865,27866,1,0,1
27867,27866,27868,1,0,1
27869,27868,3524,1,0,1
27870,27871,27872,1,1,1,2593
27873,27872,27874,1,0,1
27875,27874,27876,1,0,1
27602,27605,27877,0,0,1,33
27878,27603,27879,1,0,1
2652,27879,27880,1,0,1
27881,27880,27882,1,0,1
27883,27884,27885,1,1,1
26320,27886,27887,1,1,1
26322,27887,27888,1,0,1
27370,27888,27889,0,0,1
27368,27371,27890,0,0,1
27877,27890,27891,0,0,1
27885,27882,27892,0,0,1
27889,27892,27891,0,0,0
27869,3525,27893,0,1,1,1828
27867,27893,27894,0,0,1
2883,27894,27895,1,0,1
2886,27895,27896,1,0,1
27897,27896,27898,1,0,1
27899,27898,27900,1,0,1
2891,27900,27901,1,0,1
27902,27901,3521,1,0,1
27903,27136,27904,1,0,1,36
2849,27904,27905,1,0,1
2852,2848,27906,1,1,1
27907,2851,27908,1,1,1
27909,27908,27910,1,0,1
27753,27910,27911,0,0,1
27140,27911,27912,0,0,1
27138,27912,27913,0,0,1
27905,27913,27906,0,0,0
27714,27808,27914,1,0,1,18133
27620,27914,27915,0,0,1
27838,27640,27916,0,0,1,9958
27835,27916,27917,0,0,1
27918,27917,27919,1,0,1
27920,27919,27921,1,0,1
27922,27921,27923,1,0,1
27924,27923,27925,1,0,1
27926,27925,27791,1,0,0
26948,27704,27927,0,0,1,32992
26946,27927,27928,0,0,1
27929,27928,27930,1,0,1
27931,27930,27932,1,0,1
27933,27934,27935,1,1,1
27936,27935,27937,1,0,1
27855,27937,27938,0,0,1
27706,27938,27932,0,0,0
27180,27237,27939,0,0,1,2595
27178,27939,27940,0,0,1
27941,27176,27942,1,0,1
27943,27942,27944,1,0,1
27945,27944,27946,1,0,1
27947,27946,27948,1,0,1
27949,27948,27950,1,0,1
27951,27950,27952,1,0,1
27953,27954,27955,1,1,1
27956,27955,27957,1,0,1
27204,27207,27958,0,0,1
27199,27202,27959,0,0,1
27197,27959,27960,0,0,1
27195,27960,27961,0,0,1
27191,27193,27962,0,0,1
27188,27962,27963,0,0,1
27239,27189,27964,0,0,1
27185,27964,27965,0,0,1
27182,27186,27966,0,0,1
27940,27183,27967,0,0,1
27952,27967,27968,0,0,1
27958,27957,27969,0,0,1
27961,27201,27970,0,0,1
27966,27965,27971,0,0,1
27968,27971,27972,0,0,1
27973,27972,27974,1,0,1
27970,27969,27975,0,0,1
27963,27975,27974,0,0,0
27698,27526,27976,0,0,1,38176
27977,27976,27978,1,0,1
27979,27980,27981,1,1,1
27982,27981,27983,1,0,1
27528,27983,27978,0,0,0
25011,25008,27984,1,1,1,38352
25013,27984,27985,1,0,1
27986,27985,27987,1,0,1
27980,27987,27977,0,0,0
27988,27989,27990,1,1,1,37856
27991,27990,27992,1,0,1
27993,27992,27994,1,0,1
27995,27996,27997,1,1,1,1843
3492,27997,27998,0,0,1
3490,27998,27999,0,0,1
3488,27999,28000,0,0,1
27678,28000,28001,1,0,1
27674,28001,28002,1,0,1
28003,28002,28004,1,0,1
27863,26943,28005,0,0,1,35808
26939,28005,28006,0,0,1
28007,28006,28008,1,0,1
27933,28009,28010,0,1,1
27934,28010,28011,0,0,1
27931,28011,28012,0,0,1
27929,28012,28008,0,0,0
28013,28014,28015,1,1,1,10788
28016,28015,28017,1,0,1
28018,28017,28019,1,0,1
28020,28019,28021,1,0,1
28022,28021,28023,1,0,1
27173,27941,28024,0,0,1
27234,27174,28025,0,0,1
27654,28025,28026,0,0,1
27846,27651,28027,0,0,1
28023,28027,28028,0,0,1
28024,28028,28026,0,0,0
27844,28029,28030,1,1,1,2595
28014,28030,28031,1,0,1
28013,28031,28032,1,0,1
28033,28032,28034,1,0,1
28035,28034,28036,1,0,1
26311,28037,28038,1,1,1,1858
28039,28038,28040,1,0,1
28041,28042,28043,1,1,1
28044,28043,28045,1,0,1
28046,28045,28047,1,0,1
28048,28047,28049,1,0,1
28050,28049,28040,1,0,0
27534,27536,28051,0,0,1,38720
27532,28051,28052,0,0,1
28053,28052,28054,1,0,1
28055,28054,28056,1,0,1
27538,28057,28058,0,1,1
27539,28058,28059,0,0,1
27558,28059,28056,0,0,0
28009,27936,28060,0,0,1,3041
28061,28060,28062,1,0,1
28063,28062,28064,1,0,1
28065,28064,28066,1,0,1
27818,28066,28067,0,0,1
27816,28067,27857,0,0,0
28068,28069,28070,1,1,1,2596
28071,28072,28073,1,1,1
28074,28073,28075,1,0,1
28070,28076,28077,0,1,1
28078,28077,28075,1,0,0
28079,28080,28081,1,1,1,9957
27833,28081,28082,1,0,1
27836,28082,28083,1,0,1
28084,27918,28085,1,1,1
28086,28085,28087,1,0,1
28088,28087,28089,1,0,1
28090,28089,28091,1,0,1
28092,28091,28083,1,0,0
28093,28094,28095,1,1,1,2625
28096,28095,28097,1,0,1
28048,28097,28098,1,0,1
28099,28100,28101,1,1,1,22229
28102,28101,28103,1,0,1
28104,28103,28105,1,0,1
28106,28105,28107,1,0,1
2746,28107,28108,1,0,1
26937,28007,28109,0,0,1,32992
28110,28109,28111,1,0,1
28112,28111,28113,1,0,1
28114,28113,28061,1,0,0
27417,25580,28115,0,0,1,29152
27415,28115,28116,0,0,1
27413,28116,28117,0,0,1
27411,28117,28118,0,0,1
27407,27409,28119,0,0,1
28120,28121,28122,1,1,1
28123,28122,28124,1,0,1
28125,28124,28126,1,0,1
28127,28128,28129,1,1,1
28130,28129,28131,1,0,1
25583,28131,28132,0,0,1
28118,28132,28133,0,0,1
28119,28133,28126,0,0,0
28134,2854,28135,1,1,1,1828
27758,28135,28136,0,0,1
27769,28136,28137,0,0,1
27909,27755,28138,0,0,1
27907,28138,28137,0,0,0
2656,2658,28139,0,0,1,1857
28140,28139,28141,1,0,1
28044,28141,28142,1,0,1
28046,28142,28143,1,0,1
28096,28143,28144,0,0,1
26314,26310,28145,1,1,1,1826
26313,28145,28146,1,0,1
27881,27884,28147,0,0,1
2654,28147,28148,1,0,1
28140,28148,28149,1,0,1
28041,28149,28150,0,0,1
28042,28150,28151,0,0,1
28146,28039,28152,0,0,1
28153,28152,28151,1,0,0
28154,27986,28155,1,0,1,38208
28156,28155,28157,1,0,1
28158,28157,28159,1,0,1
28160,28159,28161,1,0,1
28162,28161,28163,1,0,1
28164,28163,28165,1,0,1
28166,28167,28168,1,1,1
28169,28168,28170,1,0,1
28171,28170,28172,1,0,1
28173,28172,28174,1,0,1
28175,28174,28176,1,0,1
28177,28176,28178,1,0,1
28179,28178,28180,1,0,1
28181,28180,28182,1,0,1
28183,28182,28184,1,0,1
28185,28186,28187,1,1,1
28188,28187,28189,1,0,1
28055,28189,28190,0,0,1
27530,28053,28191,0,0,1
27982,28191,28192,0,0,1
28165,27979,28193,0,0,1
28184,28193,28194,0,0,1
28190,28194,28192,0,0,0
27924,28195,28196,1,1,1,18135
28197,28196,28198,1,0,1
27920,28084,28199,1,0,1,16597
27922,28199,28200,1,0,1
28201,28195,28202,1,0,1
28203,28202,28204,1,0,1
28205,28204,28200,1,0,0
28206,28207,28208,1,1,1,51
28209,28208,28210,1,0,1
28211,28210,28212,1,0,1
28213,28214,28215,1,1,1
28216,28217,28218,1,1,1
28219,28220,28221,1,1,1
28222,28221,28223,1,0,1
28224,28225,28226,1,1,1
28227,28226,28228,1,0,1
28229,28228,28230,1,0,1
28231,28230,28232,1,0,1
28233,28232,28234,1,0,1
28235,28234,28236,1,0,1
28237,28238,28239,1,1,1
28240,28239,28241,1,0,1
28242,28243,28244,1,1,1
28245,28246,28247,1,1,1
28212,28248,28249,0,1,1
28250,28249,28251,1,0,1
28215,28251,28252,0,0,1
28223,28218,28253,0,0,1
28254,28253,28255,1,0,1
28236,28255,28256,0,0,1
28241,28256,28257,0,0,1
28244,28257,28258,0,0,1
28247,28258,28252,0,0,0
28259,27897,28260,1,0,1,1827
28261,28260,28262,1,0,1
2888,28262,27899,1,0,0
2859,2856,28263,1,1,1,36
2858,28263,28264,1,0,1
2862,28264,28265,1,0,1
2861,28265,28266,1,0,1
2865,28266,28267,1,0,1
27757,28267,28134,0,0,0
28268,28269,28270,1,1,1,2626
28271,28270,28272,1,0,1
28273,28272,28274,1,0,1
28275,28274,28276,1,0,1
2597,28276,28277,1,0,1
28278,28277,27463,1,0,1
25020,25017,28279,1,1,1,38464
25022,25019,28280,1,1,1
28166,28281,28282,0,1,1
28167,28282,28283,0,0,1
28164,28283,28284,0,0,1
28156,28158,28285,0,0,1
25015,28154,28286,1,0,1
28279,28286,28287,0,0,1
28280,28287,28288,0,0,1
28284,25024,28289,0,1,1
28162,28289,28290,0,0,1
28160,28290,28291,0,0,1
28285,28291,28288,0,0,0
27886,26318,28292,0,1,1,34
27883,28292,28293,0,0,1
28153,28293,26316,0,0,1
28114,28063,28294,0,0,1,225
28112,28294,28295,0,0,1
28296,28297,28298,1,1,1
28299,28298,28300,1,0,1
28301,28300,28302,1,0,1
28303,28302,28304,1,0,1
28305,28304,28295,1,0,0
28306,28307,28308,1,1,1,42720
28309,28308,28310,1,0,1
28311,28310,28312,1,0,1
28313,28312,28314,1,0,1
28079,28314,28315,0,0,1
28092,28080,28316,0,0,1
28090,28316,28317,0,0,1
28318,28317,28319,1,0,1
28320,28319,28321,1,0,1
28322,28321,28315,1,0,0
28323,28324,28325,1,1,1,1843
28326,28327,28328,1,1,1
28329,28328,28330,1,0,1
28331,28330,28332,1,0,1
28333,28334,28335,1,1,1
28336,28335,28337,1,0,1
2893,28338,28339,0,1,1
27902,28339,28340,1,0,1
3522,28340,28341,0,0,1
3518,28341,28342,0,0,1
3516,3519,28343,0,0,1
3514,28343,28344,0,0,1
3511,28344,28345,0,0,1
28346,28345,28347,1,0,1
28348,28349,28350,1,1,1
28351,28350,28352,1,0,1
28353,28352,28354,1,0,1
28332,28325,28355,0,0,1
28356,28355,28357,1,0,1
28342,28358,28359,0,1,1
28357,28354,28360,0,0,1
28359,28361,28362,0,1,1
28347,28362,28363,0,0,1
28360,28364,28365,0,1,1
28337,28365,28363,0,0,0
27461,27500,28366,1,1,1,1569
28367,28366,28368,1,0,1
28369,28370,28371,1,1,1
2607,28371,28372,1,0,1
2611,28372,28373,1,0,1
28374,28373,28375,1,0,1
28376,28375,28377,1,0,1
28378,28377,28379,1,0,1
27457,28379,28368,1,0,0
28380,28381,28382,1,1,1,2785
28383,28384,28385,1,1,1
28386,28385,28387,1,0,1
28388,28387,28389,1,0,1
28390,28391,28392,1,1,1
28393,28394,28395,1,1,1
28382,28396,28397,0,1,1
28392,28389,28398,0,0,1
28395,28398,28397,0,0,0
28399,28104,28400,1,0,1,19157
28401,28400,28402,1,0,1
28403,28402,28404,1,0,1
28405,28404,28406,1,0,1
28407,28406,28408,1,0,1
28409,28408,28410,1,0,1
28411,28410,28412,1,0,1
2747,28412,28106,1,0,0
28413,28414,28415,1,1,1,2595
28416,28417,28418,1,1,1
28419,28418,28420,1,0,1
28421,28420,28422,1,0,1
28423,28422,28424,1,0,1
28425,28424,28426,1,0,1
28427,28428,28429,1,1,1
28430,28431,28432,1,1,1
28020,28433,28434,0,1,1
28018,28434,28435,0,0,1
28415,28435,28436,0,0,1
28429,28426,28437,0,0,1
28432,28437,28436,0,0,0
28438,28439,28440,1,1,1,10969
28441,28440,28442,1,0,1
28443,28442,28444,1,0,1
28445,28446,28447,1,1,1
28448,28447,28449,1,0,1
28450,28449,28444,1,0,0
28305,28065,28451,0,0,1,24807
28303,28451,28452,0,0,1
28453,28301,28454,1,0,1
28455,28454,28456,1,0,1
27820,28456,28452,0,0,0
28448,28457,28458,0,1,1,19159
28445,28458,28459,0,0,1
28460,28459,28461,1,0,1
28462,28461,28463,1,0,1
28403,28463,28401,0,0,0
28250,28211,28464,1,1,1,52
28214,28464,28465,1,0,1
28213,28465,28466,1,0,1
28217,28466,28467,1,0,1
28468,28467,28469,1,0,1
28470,28469,28471,1,0,1
28472,28471,28209,1,0,1
28278,27460,28473,0,1,1,1570
28474,2599,28475,1,1,1
28476,28475,28477,1,0,1
28478,28479,28480,1,1,1
28370,28480,28481,0,0,1
28367,28481,28482,0,0,1
28473,28482,28477,0,0,0
28483,28484,28485,1,1,1,16615
28486,28485,28487,1,0,1
28443,28487,28488,0,0,1
28489,28490,28491,1,1,1
28492,28493,28494,1,1,1
28488,28494,28491,0,0,0
28376,28378,28495,0,0,1,1570
28496,28495,28497,1,0,1
27455,28498,28499,1,1,1
27458,27454,28500,1,1,1
28497,28500,28499,0,0,0
28501,28273,28502,1,0,1,1602
2592,28502,28503,1,0,1
2595,28503,28504,1,0,1
2594,28504,28275,1,0,0
28057,27542,28505,0,0,1,36928
28188,28505,28506,0,0,1
28507,28506,28508,1,0,1
27598,28508,27541,0,0,0
26935,28110,28509,0,0,1,481
28510,28509,28511,1,0,1
28512,28511,28513,1,0,1
28514,28513,28515,1,0,1
28516,28515,28517,1,0,1
28518,28517,28297,1,0,0
13348,27564,28519,0,0,1,28816
13344,28519,28520,0,0,1
13342,13345,28521,0,0,1
13340,28521,28522,0,0,1
28523,28522,28524,1,0,1
28525,28524,28526,1,0,1
28527,28526,28528,1,0,1
28529,28528,28530,1,0,1
28531,28532,28533,1,1,1
27567,28533,28534,0,0,1
28520,28534,28530,0,0,0
28022,27943,28535,0,0,1,2596
28433,28535,28536,0,0,1
28430,28536,28537,0,0,1
28431,28537,28538,0,0,1
28539,28428,28540,1,0,1
28541,28540,28542,1,0,1
27949,28542,28543,0,0,1
27947,28543,28544,0,0,1
28538,27945,28545,0,0,1
28427,28545,28544,0,0,0
28299,28453,28546,0,0,1,16872
28547,28546,28548,1,0,1
28549,28548,28550,1,0,1
28551,28552,28553,1,1,1
28554,28553,28555,1,0,1
28556,28555,28557,1,0,1
28558,28557,28559,1,0,1
28560,28559,28561,1,0,1
28562,28561,28563,1,0,1
28564,28563,28565,1,0,1
27822,28565,28566,0,0,1
28455,28566,28550,0,0,0
28567,28568,28569,1,1,1,1827
28570,28569,28571,1,0,1
28572,28571,28573,1,0,1
28574,28575,28576,1,1,1
28577,28576,28573,1,0,0
28416,28578,28579,1,1,1,1570
28580,28579,28581,1,0,1
28582,28581,28583,1,0,1
28584,28583,28585,1,0,1
28586,28585,28587,1,0,1
27452,27450,28588,1,1,1,2626
28498,28588,28589,0,0,1
28590,28589,28591,1,0,1
28592,28591,28593,1,0,1
28507,27600,28594,0,0,1,65
28185,28594,28595,0,0,1
28186,28595,28596,0,0,1
28597,28596,28598,1,0,1
2648,28598,28599,1,0,1
2650,28599,27878,1,0,0
28600,28411,28601,1,0,1,1761
28602,28603,28604,1,1,1
2742,28604,28605,1,0,1
2744,28605,28606,1,0,1
2763,28606,28601,1,0,0
28518,28296,28607,0,0,1,16869
28608,28516,28609,1,0,1
28610,28609,28611,1,0,1
28551,28611,28612,0,0,1
28552,28612,28613,0,0,1
28549,28613,28614,0,0,1
28547,28614,28607,0,0,0
25582,26933,28615,0,0,1,3041
28130,28615,28616,0,0,1
28617,28616,28618,1,0,1
28619,28618,28620,1,0,1
28621,28620,28622,1,0,1
28623,28622,28510,1,0,0
28624,28625,28626,1,1,1,52
3504,28626,28627,0,0,1
3502,3505,28628,0,0,1
3500,28628,28629,0,0,1
3498,28629,28630,0,0,1
28631,28630,28632,1,0,1
28633,28632,28634,1,0,1
28635,28634,28636,1,0,1
28637,28636,28638,1,0,1
28639,28638,28627,1,0,0
2760,28640,28641,0,1,1,5089
2758,28641,28642,0,0,1
28486,28446,28643,0,0,1,10968
28644,28643,28645,1,0,1
28646,28645,28647,1,0,1
28648,28647,28649,1,0,1
28650,28651,28652,1,1,1
28653,28652,28654,1,0,1
28655,28654,28656,1,0,1
28460,28657,28658,0,1,1
28649,28658,28656,0,0,0
28306,28309,28659,0,0,1,2021
28660,28659,28661,1,0,1
28662,28660,28663,1,0,1
28664,28663,28665,1,0,1
28666,28667,28668,1,1,1
28669,28668,28670,1,0,1
27826,28670,28671,1,0,1
27829,28671,28672,1,0,1
28661,28672,28665,0,0,0
28474,28476,28673,0,0,1,34
2601,28673,28674,1,0,1
28675,28674,28676,1,0,1
28677,28676,28479,1,0,0
28678,28514,28679,1,0,1,8676
28680,28681,28682,1,1,1
28554,28682,28683,0,0,1
28610,28683,28684,0,0,1
28608,28684,28679,0,0,0
3512,3565,28685,1,1,1,52
28346,28685,28686,1,0,1
28687,28686,28688,1,0,1
28689,28690,28691,1,1,1
28692,28691,28693,1,0,1
28694,28693,28695,1,0,1
28696,28697,28698,1,1,1
28699,28700,28701,1,1,1
28702,28703,28704,1,1,1
28705,28704,28706,1,0,1
28707,28706,28708,1,0,1
28709,28710,28711,1,1,1
28712,28711,28713,1,0,1
28714,28713,28715,1,0,1
28716,28715,28717,1,0,1
3509,28717,28718,1,0,1
28695,28719,28720,0,1,1
28721,28720,28722,1,0,1
28701,28698,28723,0,0,1
28708,28723,28724,0,0,1
28718,28724,28725,0,0,1
28688,28725,28722,0,0,0
28338,28358,28726,1,1,1,51
2895,28726,28727,1,0,1
28728,28727,28729,1,0,1
28356,28730,28731,1,1,1
28334,28731,28732,1,0,1
28333,28732,28733,1,0,1
28336,28733,28734,1,0,1
28361,28734,28729,1,0,0
28735,28483,28736,1,0,1,8421
28667,28664,28737,1,1,1
28738,28737,28739,1,0,1
28740,28739,28741,1,0,1
28644,28741,28736,0,0,0
28125,28128,28742,0,0,1,31712
28123,28742,28743,0,0,1
28120,28743,28744,0,0,1
28462,28405,28745,0,0,1,19158
28657,28745,28746,0,0,1
28655,28746,28747,0,0,1
28653,28747,28748,0,0,1
28749,28748,28750,1,0,1
28751,28750,28407,1,0,0
28623,28512,28752,0,0,1,482
28753,28621,28754,1,0,1
28755,28754,28756,1,0,1
28757,28756,28758,1,0,1
28556,28758,28759,0,0,1
28680,28759,28760,0,0,1
28681,28760,28761,0,0,1
28678,28761,28752,0,0,0
28762,28409,28763,1,0,1,26341
28764,28763,28765,1,0,1
28766,28765,28767,1,0,1
28603,28767,28600,0,0,0
2615,2618,28768,0,0,1,1602
2632,2616,28769,0,0,1
2613,28769,28770,0,0,1
28771,28770,28772,1,0,1
28773,28772,28774,1,0,1
27448,28593,28775,0,1,1
28776,28775,28777,1,0,1
28778,28777,28779,1,0,1
28780,28779,28781,1,0,1
28782,28781,28783,1,0,1
28784,28783,28785,1,0,1
28768,28785,28774,0,0,0
2603,28675,28786,1,0,1,33
28787,28786,28788,1,0,1
28369,28788,28789,0,0,1
28478,28789,28677,0,0,0
28790,28791,28792,1,1,1,1602
28793,28794,28795,1,1,1
28796,28795,28797,1,0,1
28798,28797,28792,1,0,0
2610,28374,28799,1,0,1,66
28771,28799,28800,1,0,1
28592,28773,28801,0,1,1
28590,28801,28802,0,0,1
28496,28802,28800,0,0,0
28564,27824,28803,0,0,1,18151
28804,28803,28805,1,0,1
28806,28805,28807,1,0,1
28808,28807,28809,1,0,1
28810,28809,28669,1,0,1
28744,28127,28811,0,0,1,993
28121,28811,28812,0,0,1
27405,28812,28813,0,0,1
28814,28813,28815,1,0,1
28816,28815,28817,1,0,1
28818,28817,28819,1,0,1
28820,28821,28822,1,1,1
27395,28823,28824,0,1,1
25546,28824,28825,0,0,1
28826,28825,28827,1,0,1
28828,28827,28829,1,0,1
28753,28830,28831,0,1,1
28619,28831,28832,0,0,1
28819,28617,28833,0,0,1
28829,28822,28834,0,0,1
28832,28834,28833,0,0,0
28835,28836,28837,1,1,1,1827
28838,28839,28840,1,1,1
28841,28840,28842,1,0,1
28843,28844,28845,1,1,1
28837,28845,28842,0,0,0
28580,28419,28846,1,0,1,35
28847,28846,28848,1,0,1
28849,28848,28421,1,0,0
28850,2897,28851,1,0,1,1827
28329,28851,28852,0,0,1
28326,28852,28853,0,0,1
28854,28853,28855,1,0,1
28856,28855,28857,1,0,1
28858,28857,28859,1,0,1
28860,28859,28861,1,0,1
28862,28861,28863,1,0,1
28864,28865,28866,1,1,1
28867,28866,28868,1,0,1
28869,28868,28870,1,0,1
28871,28870,28872,1,0,1
28873,28874,28875,1,1,1
28876,28877,28878,1,1,1
28879,28880,28881,1,1,1
28882,28881,28883,1,0,1
28884,28885,28886,1,1,1
28887,28888,28889,1,1,1
28890,28889,28891,1,0,1
28892,28891,28893,1,0,1
2905,28893,28894,0,0,1
2906,28894,28895,0,0,1
2903,2950,28896,0,0,1
28863,2899,28897,0,0,1
28872,28897,28898,0,0,1
28895,28886,28899,0,0,1
28898,2901,28900,0,0,1
28875,28900,28901,0,0,1
28899,28883,28902,0,0,1
28901,28896,28903,0,0,1
28878,28903,28902,0,0,0
28904,28582,28905,1,1,1,66
28906,28907,28908,1,1,1
28909,28908,28910,1,0,1
28911,28910,28912,1,0,1
28913,28912,28914,1,0,1
28847,28914,28905,0,0,0
28531,27721,28915,0,0,1,28896
28529,28532,28916,0,0,1
28527,28916,28917,0,0,1
28525,28917,28918,0,0,1
27729,28919,28920,0,1,1
27730,28920,28921,0,0,1
27727,28921,28922,0,0,1
28915,27723,28923,0,0,1
28922,28918,28924,0,0,1
27725,28924,28923,0,0,0
28602,28766,28925,1,1,1,9940
2740,28925,28926,0,0,1
28927,28926,28928,1,0,1
28929,28930,28931,1,1,1
28932,28931,28933,1,0,1
28934,28933,28935,1,0,1
28936,28935,28937,1,0,1
28938,28937,28939,1,0,1
28940,28939,28941,1,0,1
28942,28941,28943,1,0,1
28944,28943,28945,1,0,1
28751,28945,28946,1,0,1
28762,28946,28947,1,0,1
28764,28947,28928,1,0,0
28468,28470,28948,0,0,1,820
28216,28948,28949,1,0,1
28220,28949,28950,1,0,1
28951,2507,28952,1,1,1,37088
2792,28952,2504,1,0,1
2605,28787,28953,1,0,1,65
2629,28953,2608,1,0,1
28954,28740,28955,1,0,1,10199
28956,28957,28958,1,1,1
28959,28958,28960,1,0,1
28961,28960,28962,1,0,1
28963,28962,28964,1,0,1
28646,28964,28955,0,0,0
28808,28810,28965,0,0,1,16616
28966,28967,28968,1,1,1
28954,28968,28969,0,0,1
28738,28969,28970,0,0,1
28666,28970,28965,1,0,0
28560,28562,28971,0,0,1,8681
28972,28971,28973,1,0,1
28974,28973,28975,1,0,1
28976,28977,28978,1,1,1
28979,28978,28980,1,0,1
28981,28980,28982,1,0,1
28983,28982,28984,1,0,1
28985,28986,28987,1,1,1
28804,28987,28988,0,0,1
28984,28975,28989,0,0,1
28990,28989,28988,1,0,0
28991,27973,28992,1,0,1,1571
28993,28992,28994,1,0,1
28995,28994,28996,1,0,1
28997,28996,28998,1,0,1
28999,28998,29000,1,0,1
29001,29000,29002,1,0,1
29003,29004,29005,1,1,1
29006,29007,29008,1,1,1
29009,29008,29010,1,0,1
29011,29012,29013,1,1,1
29014,29013,29015,1,0,1
2975,29015,29016,1,0,1
2977,29016,29017,1,0,1
27206,29017,29018,0,0,1
27956,29018,29019,0,0,1
27953,29019,29020,0,0,1
29002,27954,29021,0,0,1
29022,29021,29023,1,0,1
29005,29023,29024,0,0,1
29010,29024,29020,0,0,0
2728,2731,29025,0,0,1,1345
29026,2729,29027,1,0,1
29028,29027,29029,1,0,1
28171,29029,29030,1,0,1
28173,29030,29031,1,0,1
28177,28175,29032,1,1,1
28181,28179,29033,1,1,1
28597,28183,29034,1,1,1
2646,29034,29035,0,0,1
2644,29035,29036,0,0,1
29037,2641,29038,1,0,1
29039,29038,29040,1,0,1
29025,29040,29041,0,0,1
29031,29041,29042,0,0,1
29032,29042,29043,0,0,1
29033,29043,29036,0,0,0
29044,29045,29046,1,1,1,65
29047,29046,29048,1,0,1
29049,29047,29050,1,0,1
29051,29050,29052,1,0,1
29053,29054,29055,1,1,1
2666,29055,29056,0,0,1
2667,29056,29057,0,0,1
2663,29057,29058,0,0,1
2661,2664,29059,0,0,1
29048,29059,29060,0,0,1
29052,29060,29058,0,0,0
28963,28648,29061,0,0,1,10967
28961,29061,29062,0,0,1
29063,29062,29064,1,0,1
29065,29064,29066,1,0,1
29067,28425,29068,1,0,1,1571
29069,29070,29071,1,1,1
29072,29071,29073,1,0,1
28539,29073,29068,0,0,0
28849,28423,29074,0,0,1,1570
28913,29074,29075,0,0,1
29076,29075,29077,1,0,1
29078,29079,29080,1,1,1
29081,29080,29082,1,0,1
29083,29084,29085,1,1,1
29086,29085,29087,1,0,1
28991,28993,29088,0,0,1
27951,29088,29089,0,0,1
28541,29089,29090,0,0,1
29072,29090,29091,0,0,1
29067,29070,29092,0,0,1
29077,29092,29093,0,0,1
29082,29093,29094,0,0,1
29091,28995,29095,0,0,1
29094,29069,29096,0,0,1
29087,29096,29095,0,0,0
28650,28749,29097,0,0,1,19157
29098,29097,29099,1,0,1
29100,29099,29101,1,0,1
28942,28940,29102,1,1,1
28944,29102,29101,1,0,0
29103,28828,29104,1,0,1,994
29105,29104,29106,1,0,1
29107,29108,29109,1,1,1
29110,29111,29112,1,1,1
29113,29112,29114,1,0,1
29115,29116,29117,1,1,1
29106,29117,29118,0,0,1
29109,29118,29114,0,0,0
29115,28830,29119,0,0,1,10979
29113,29116,29120,0,0,1
29121,29120,29122,1,0,1
29123,29122,29124,1,0,1
28755,29124,29119,0,0,0
27399,27401,29125,0,0,1,29665
27397,29125,29126,0,0,1
28820,28823,29127,0,0,1
28818,28821,29128,0,0,1
28816,29128,29129,0,0,1
28814,29129,29130,0,0,1
27403,29130,29131,0,0,1
29126,29131,29127,0,0,0
29132,29133,29134,1,1,1,35
28874,29134,29135,0,0,1
28871,29135,29136,0,0,1
28869,29136,29137,0,0,1
28757,28558,29138,0,0,1,16873
29123,29138,29139,0,0,1
29140,29139,29141,1,0,1
29142,29141,29143,1,0,1
28974,28977,29144,0,0,1
28972,29144,29143,0,0,0
28246,29145,29146,0,1,1,52
28242,29146,29147,0,0,1
28240,28243,29148,0,0,1
28237,29148,29149,0,0,1
28235,28238,29150,0,0,1
29151,29150,29152,1,0,1
29153,29152,29154,1,0,1
29155,29154,29156,1,0,1
29147,29156,29149,0,0,0
29157,28697,29158,1,1,1,51
29159,29158,29160,1,0,1
29161,29162,29163,1,1,1
28694,29163,29164,1,0,1
28721,29164,29160,1,0,0
29165,2794,29166,1,1,1,1761
29167,29166,29168,1,0,1
2796,29168,2502,1,0,1
29066,28651,29169,0,0,1,23254
29170,29169,29171,1,0,1
29172,29171,29098,1,0,0
28985,28806,29173,0,0,1,10986
29174,29173,29175,1,0,1
29176,29177,29178,1,1,1
29179,29178,29180,1,0,1
28967,29181,29182,0,1,1
29175,29182,29180,0,0,0
28254,28222,29183,1,1,1,820
28225,29183,29184,1,0,1
28983,28990,29185,0,0,1,8680
28981,29185,29186,0,0,1
29187,29186,29188,1,0,1
29189,29188,29190,1,0,1
29176,29190,29191,0,0,1
29177,29191,29192,0,0,1
29174,29192,28986,0,0,0
28966,28957,29193,0,0,1,16600
29194,29193,29195,1,0,1
29196,29195,29197,1,0,1
29198,29199,29200,1,1,1
29201,29200,29202,1,0,1
29203,29202,29197,1,0,0
29204,29205,29206,1,1,1,66
29207,29206,29208,1,0,1
29209,29208,29210,1,0,1
29211,29212,29213,1,1,1
29214,29215,29216,1,1,1
29217,29216,29218,1,0,1
29219,29218,29220,1,0,1
29221,29222,29223,1,1,1
29210,29223,29224,0,0,1
29225,29224,29226,1,0,1
29213,29226,29220,0,0,0
29227,29065,29228,1,0,1,15059
29229,29228,29230,1,0,1
29231,29230,29232,1,0,1
29233,29232,29170,1,0,0
29234,13323,29235,1,0,1,16788
29236,29235,29237,1,0,1
29238,29237,29239,1,0,1
28364,28687,29240,1,0,1,51
28349,29240,29241,1,0,1
29242,29243,29244,1,1,1
28689,29244,29245,0,0,1
28719,28690,29246,0,0,1
29241,29246,29245,0,0,0
29233,29172,29247,0,0,1,9942
29248,29247,29249,1,0,1
28936,29249,29250,1,0,1
28938,29250,29100,1,0,0
29239,13325,29251,0,0,1,33168
29238,29251,29252,0,0,1
29253,29252,29254,1,0,1
13329,29255,29256,0,1,1
13327,29256,29254,0,0,0
29257,29132,29258,1,0,1,1826
28877,29258,28873,0,0,0
28930,29259,29260,0,1,1,10211
28927,29260,29261,0,0,1
2738,29261,29262,0,0,1
2497,2799,29263,0,0,1,1761
2491,2495,29264,0,0,1
29265,29264,29266,1,0,1
29267,2482,29268,1,0,1
29269,29268,29270,1,0,1
29271,29270,29272,1,0,1
29273,29272,29274,1,0,1
29275,29276,29277,1,1,1
29278,29277,29279,1,0,1
29280,29279,29281,1,0,1
29282,29281,29283,1,0,1
29284,29283,29285,1,0,1
29286,29287,29288,1,1,1
29289,29288,29290,1,0,1
29291,29290,29292,1,0,1
29293,29294,29295,1,1,1
2814,29295,29296,0,0,1
2828,2815,29297,0,0,1
29298,29297,29299,1,0,1
29263,29298,29300,0,0,1
2494,29300,29301,0,0,1
29266,29301,29302,0,0,1
29285,29303,29304,0,1,1
29305,29304,29306,1,0,1
29292,29307,29308,0,1,1
29309,29308,29310,1,0,1
29299,29296,29311,0,0,1
29302,29311,29312,0,0,1
29306,29313,29314,0,1,1
29312,29310,29315,0,0,1
29314,29274,29316,0,0,1
29317,29316,29315,1,0,0
28956,28959,29318,0,0,1,10963
29203,29318,29319,0,0,1
29320,29319,29321,1,0,1
29229,29321,29322,0,0,1
29227,29322,29063,0,0,0
29179,29181,29323,0,0,1,16615
29189,29323,29324,0,0,1
29325,29324,29326,1,0,1
29327,29326,29328,1,0,1
29329,29330,29331,1,1,1
29332,29331,29333,1,0,1
29334,29333,29335,1,0,1
29194,29336,29337,0,1,1
29328,29337,29335,0,0,0
29086,28997,29338,0,0,1,34
29083,29338,29339,0,0,1
29084,29339,29340,0,0,1
29341,29340,29342,1,0,1
29343,29342,29344,1,0,1
29004,29345,29346,0,1,1
29022,29346,29347,0,0,1
29001,29347,29348,0,0,1
28999,29348,29344,0,0,0
29349,29236,29350,1,0,1,37264
29351,29352,29353,1,1,1
13332,29353,29354,0,0,1
29255,29354,29355,0,0,1
29253,29355,29350,0,0,0
2489,2486,29356,1,1,1,39904
2488,29356,29357,1,0,1
2492,29357,29358,1,0,1
29265,29358,2484,1,0,1
28229,28227,29359,1,1,1,36
29360,29361,29362,1,1,1
29363,29362,29364,1,0,1
29365,29364,29366,1,0,1
29367,29366,29359,1,0,0
29368,29151,29369,1,1,1,820
29370,29369,29371,1,0,1
29372,29371,29373,1,0,1
29374,29373,29375,1,0,1
29361,29375,29376,0,0,1
28231,29376,28233,1,0,1
28979,29187,29377,0,0,1,10984
29140,29142,29378,0,0,1
29121,29378,29379,0,0,1
29110,29379,29380,0,0,1
29381,29111,29382,1,0,1
29383,29382,29384,1,0,1
29385,29384,29386,1,0,1
29325,29386,29387,0,0,1
29377,29387,29388,0,0,1
28976,29388,29380,0,0,0
29389,29390,29391,1,1,1,52
29392,29393,29394,1,1,1,1570
29395,29394,29396,1,0,1
29397,29396,29398,1,0,1
29399,29398,29400,1,0,1
29401,29400,29402,1,0,1
29403,29402,29404,1,0,1
29405,29406,29407,1,1,1
29408,29407,29409,1,0,1
29410,29409,29411,1,0,1
29412,29411,29413,1,0,1
29414,29413,29415,1,0,1
29416,29417,29418,1,1,1
29419,29418,29420,1,0,1
29421,29420,29422,1,0,1
29423,29422,29424,1,0,1
29007,29424,29425,0,0,1
29003,29425,29426,0,0,1
29345,29426,29427,0,0,1
29343,29427,29428,0,0,1
29404,29428,29415,0,0,0
29429,2764,29430,1,0,1,226
2773,29430,29431,0,0,1
2769,2805,29432,0,0,1
2770,29432,29433,0,0,1
2767,29433,29431,0,0,0
25544,28826,29434,0,0,1,3041
25541,29434,29435,0,0,1
27736,29435,29436,0,0,1
29437,29436,29438,1,0,1
29439,29440,29441,1,1,1
29442,29441,29443,1,0,1
29444,29443,29445,1,0,1
29446,29445,29447,1,0,1
29103,29447,29438,0,0,0
29448,29449,29450,1,1,1,1843
29451,29450,28702,1,0,1
29157,29452,29453,0,1,1,36
28696,29453,29454,1,0,1
28700,29454,29455,1,0,1
29456,29457,29458,1,1,1,1827
29459,29458,29460,1,0,1
29461,29460,29462,1,0,1
29463,29464,29465,1,1,1
29466,29467,29468,1,1,1
29469,29468,29470,1,0,1
29471,29470,29472,1,0,1
29473,29472,29474,1,0,1
29475,29474,29476,1,0,1
29477,29476,29478,1,0,1
29462,29479,29480,0,1,1
29465,29480,29478,0,0,0
29455,29481,29482,0,1,1,1828
28699,29482,29483,1,0,1
28703,29483,29451,1,0,0
29484,28934,29485,1,0,1,2771
29486,29485,29487,1,0,1
29488,29487,29489,1,0,1
29490,29489,29491,1,0,1
29492,29491,29493,1,0,1
29494,29493,29495,1,0,1
29496,29495,29497,1,0,1
29198,29497,29498,1,0,1
29201,29498,29499,1,0,1
29320,29499,29500,1,0,1
29231,29500,29248,1,0,1
29334,29336,29501,0,0,1,20696
29502,29501,29503,1,0,1
29504,29503,29196,1,0,0
29505,2817,29506,1,1,1,226
29507,29506,29508,1,0,1
2777,29508,29509,1,0,1
2779,29509,29510,1,0,1
2784,2781,29511,1,1,1
29512,29511,29513,1,0,1
29514,29515,29516,1,1,1
29517,29518,29519,1,1,1
29520,29519,29521,1,0,1
29522,29521,29523,1,0,1
29524,29523,29525,1,0,1
29526,29525,29527,1,0,1
29528,29527,29529,1,0,1
29530,29529,29531,1,0,1
29532,29533,29534,1,1,1
29535,29534,29536,1,0,1
29537,29536,29538,1,0,1
29293,29538,29539,1,0,1
29510,29539,29540,0,0,1
29513,29540,29541,0,0,1
29516,29541,29531,0,0,0
29542,29107,29543,1,0,1,19175
29444,29543,29544,0,0,1
29439,29442,29545,0,0,1
29546,29545,29547,1,0,1
29548,29547,29549,1,0,1
29550,29549,29551,1,0,1
29552,29551,29553,1,0,1
29381,29553,29544,0,0,0
29554,29555,29556,1,1,1,1763
29557,29558,29559,1,1,1
29560,29559,29561,1,0,1
29562,29563,29564,1,1,1
29565,29564,29566,1,0,1
29567,29568,29569,1,1,1
29570,29569,29571,1,0,1
29572,29571,29573,1,0,1
29574,29575,29576,1,1,1
29577,29578,29579,1,1,1
29580,29579,29581,1,0,1
29582,29581,29583,1,0,1
29584,29583,29585,1,0,1
29586,29585,29587,1,0,1
29588,29587,29589,1,0,1
29590,29589,29591,1,0,1
29556,29591,29592,0,0,1
29561,29592,29593,0,0,1
29573,29566,29594,0,0,1
29576,29594,29593,0,0,0
29446,29105,29595,0,0,1,3042
29542,29595,29108,0,0,0
29596,29370,29597,1,0,1,819
29598,29597,29599,1,0,1
29600,29599,29372,1,0,0
29494,29496,29601,0,0,1,8403
29602,29601,29603,1,0,1
29604,29603,29605,1,0,1
29606,29604,29607,1,0,1
29608,29607,29609,1,0,1
29610,29609,29611,1,0,1
29612,29611,29613,1,0,1
29504,29613,29614,1,0,1
29199,29614,29605,1,0,0
29615,29616,29617,1,1,1,35
29618,29617,29619,1,0,1
29620,29619,29621,1,0,1
29622,29621,29623,1,0,1
29624,29623,29625,1,0,1
29626,29625,29627,1,0,1
29628,29627,29629,1,0,1
29630,29397,29631,1,1,1,33
29632,29631,29633,1,0,1
29634,29633,29635,1,0,1
29392,29635,29395,1,0,1
29636,29204,29637,1,0,1,2626
29638,29637,29639,1,0,1
29640,29639,29641,1,0,1
29642,29641,29643,1,0,1
29644,29643,29645,1,0,1
29646,29645,29647,1,0,1
29648,29649,29650,1,1,1
29212,29650,29651,0,0,1
29225,29651,29652,0,0,1
29647,29207,29653,0,0,1
29652,29654,29655,0,1,1
29209,29655,29653,0,0,0
29656,29657,29658,1,1,1,211
29602,29659,29660,0,1,1
29492,29660,29661,0,0,1
29490,29661,29662,0,0,1
29663,29662,29664,1,0,1
29665,29664,29666,1,0,1
29667,29666,29668,1,0,1
29669,29668,29658,1,0,0
29670,29459,29671,1,0,1,35
29672,29671,29673,1,0,1
29674,29673,29675,1,0,1
29676,29675,29677,1,0,1
29678,29677,29679,1,0,1
29680,29679,29681,1,0,1
29682,29683,29684,1,1,1
29463,29684,29685,0,0,1
29464,29685,29686,0,0,1
29461,29686,29681,0,0,0
29687,2988,29688,1,0,1,1827
29689,29688,2990,1,0,0
29690,2712,29691,1,1,1,1569
29692,29691,29693,1,0,1
29694,29695,29696,1,1,1
29697,29696,29698,1,0,1
29699,29698,29700,1,0,1
2708,29700,29701,1,0,1
2710,29701,29693,1,0,0
29702,29703,29704,1,1,1,51
29705,29704,29706,1,0,1
29707,29706,29708,1,0,1
29709,29708,29710,1,0,1
29475,29711,29712,0,1,1
29713,29712,29714,1,0,1
29715,29714,29716,1,0,1
29717,29716,29718,1,0,1
29719,29718,29720,1,0,1
29721,29720,29710,1,0,0
29557,29722,29723,1,1,1,1762
29563,29560,29724,1,1,1
29725,29562,29726,1,1,1
29515,29727,29728,0,1,1
29723,29728,29729,0,0,1
29724,29729,29726,0,0,0
29730,29731,29732,1,1,1,804
29733,29732,29734,1,0,1
29735,29736,29737,1,1,1
29738,29739,29740,1,1,1
29363,29740,29741,0,0,1
29360,29741,29742,0,0,1
29374,29742,29743,0,0,1
29600,29743,29744,0,0,1
29734,29744,29737,0,0,0
29745,29746,29747,1,1,1,1826
29748,29749,29750,1,1,1
29751,29750,29752,1,0,1
29753,29752,29754,1,0,1
29755,29756,29757,1,1,1
29758,29757,29759,1,0,1
29760,29759,29761,1,0,1
29747,29761,29754,0,0,0
29762,29763,29764,1,1,1,2625
2677,29765,29766,1,1,1
29767,29766,29768,1,0,1
29646,29769,29770,0,1,1
29644,29770,29771,0,0,1
29642,29771,29772,0,0,1
29638,29640,29773,0,0,1
29764,29773,29774,0,0,1
29768,29774,29772,0,0,0
29537,29294,29775,0,1,1,1762
29535,29775,29776,0,0,1
29532,29776,29777,0,0,1
29289,29778,29779,1,1,1
29291,29779,29780,1,0,1
29309,29780,29777,1,0,0
29332,29502,29781,0,0,1,16596
29782,29781,29783,1,0,1
29784,29783,29785,1,0,1
29786,29785,29787,1,0,1
29788,29787,29612,1,0,1
29789,29385,29790,1,0,1,18150
29791,29792,29793,1,1,1
29794,29793,29795,1,0,1
29796,29795,29797,1,0,1
29798,29797,29799,1,0,1
29800,29799,29801,1,0,1
29327,29802,29803,0,1,1
29790,29803,29801,0,0,0
29804,29805,29806,1,1,1,1827
28348,28351,29807,0,0,1
29243,29807,29808,1,0,1
29809,29808,29810,1,0,1
29806,29811,29812,0,1,1
28353,29812,29810,0,0,0
29813,29584,29814,1,0,1,3026
29815,29816,29817,1,1,1
29818,29817,29819,1,0,1
29820,29821,29822,1,1,1
29814,29822,29823,0,0,1
29824,29823,29819,1,0,0
29825,29826,29827,1,1,1,34
29828,29829,29830,1,1,1
29630,29830,29831,0,0,1
29399,29831,29832,1,0,1
29401,29832,29833,1,0,1
29406,29403,29834,1,1,1
29835,29405,29836,1,1,1
29837,29836,29838,1,0,1
29839,29838,29840,1,0,1
29827,29840,29841,0,0,1
29833,29841,29834,0,0,0
29211,29215,29842,0,0,1,1602
29648,29842,29843,0,0,1
29654,29649,29844,0,0,1
29767,29769,29845,0,0,1
2679,29845,29846,1,0,1
2681,29846,29847,1,0,1
29848,29849,29850,1,1,1
29851,29852,29853,1,1,1
29854,29855,29856,1,1,1
29857,29858,29859,1,1,1
29860,29861,29862,1,1,1
29863,29864,29865,1,1,1
29866,29865,29867,1,0,1
29868,29867,29869,1,0,1
29870,29871,29872,1,1,1
29873,29872,29874,1,0,1
29875,29874,29876,1,0,1
29877,29876,29878,1,0,1
29843,29878,29879,0,0,1
29844,29879,29880,0,0,1
29850,29847,29881,0,0,1
29853,29881,29882,0,0,1
29856,29882,29883,0,0,1
29884,29883,29885,1,0,1
29886,29885,29887,1,0,1
29869,29862,29888,0,0,1
29887,29880,29889,0,0,1
29859,29889,29888,0,0,0
29725,29727,29890,0,0,1,2018
29891,29890,29892,1,0,1
29893,29892,29894,1,0,1
29895,29894,29896,1,0,1
29897,29896,29898,1,0,1
29899,29898,29900,1,0,1
29901,29900,29902,1,0,1
29517,29902,29903,0,0,1
29518,29903,29514,0,0,0
29667,29665,29904,1,1,1,3027
29905,29906,29907,1,1,1
29908,29909,29910,1,1,1
29911,29910,29912,1,0,1
29913,29912,29914,1,0,1
29915,29914,29916,1,0,1
29904,29916,29907,0,0,0
29552,29383,29917,0,0,1,10983
29918,29917,29919,1,0,1
29791,29919,29920,0,0,1
29792,29920,29789,0,0,0
29756,29921,29922,1,1,1,34
29923,29922,29924,1,0,1
29925,29924,29926,1,0,1
29927,29928,29929,1,1,1
29930,29931,29932,1,1,1
29933,29932,29934,1,0,1
29678,29934,29935,0,0,1
29676,29935,29936,0,0,1
29926,29936,29929,0,0,0
29287,29307,29937,1,1,1,1762
29938,29286,29939,1,1,1
29282,29280,29940,1,1,1
29305,29284,29941,1,1,1
29937,29317,29942,0,1,1
29940,29939,29943,0,0,1
29941,29943,29942,0,0,0
29868,29871,29944,0,0,1,2626
29945,29944,29946,1,0,1
29947,29946,29948,1,0,1
29949,29948,29950,1,0,1
29951,29950,29952,1,0,1
29953,29952,29870,1,0,0
25045,29954,29955,1,1,1,37072
2477,2473,29956,1,1,1
29957,29956,29958,1,0,1
29959,29958,29960,1,0,1
29961,29960,29962,1,0,1
29963,29962,29955,1,0,0
29873,29964,29965,0,1,1,1570
29953,29965,29966,0,0,1
29967,29966,29968,1,0,1
29969,29968,29970,1,0,1
29971,29970,29972,1,0,1
2704,2702,29973,1,1,1,38464
2697,29973,29974,1,0,1
29975,29976,29977,1,1,1
2686,29978,29979,1,1,1
29974,29979,29977,0,0,0
29800,29802,29980,0,0,1,18151
29798,29980,29981,0,0,1
29982,29983,29984,1,1,1
29985,29986,29987,1,1,1
29988,29989,29990,1,1,1
29991,29990,29992,1,0,1
29330,29992,29993,0,0,1
29981,29993,29994,0,0,1
29984,29994,29987,0,0,0
29925,29928,29995,0,0,1,35
29755,29923,29996,1,0,1
29997,29996,29998,1,0,1
29999,29998,30000,1,0,1
30001,30000,30002,1,0,1
30003,30002,30004,1,0,1
30005,30004,30006,1,0,1
30007,30006,30008,1,0,1
29927,29931,30009,0,0,1
29995,30009,30008,0,0,0
29329,29782,30010,0,0,1,8407
29991,30010,30011,0,0,1
30012,30011,30013,1,0,1
30014,30013,29784,1,0,0
29711,29477,30015,0,0,1,1843
29707,29709,30016,0,0,1
29702,29705,30017,0,0,1
30015,30017,30016,0,0,0
29933,29680,30018,0,0,1,1826
30019,30018,30020,1,0,1
30021,30020,30022,1,0,1
30023,30024,30025,1,1,1
29683,30026,30027,0,1,1
30022,30027,30025,0,0,0
30028,30029,30030,1,1,1,34
2996,30030,30031,0,0,1
27734,29437,30032,0,0,1,2785
30033,30032,30034,1,0,1
29546,30035,30036,0,1,1
29440,30036,30034,0,0,0
30037,29351,30038,1,0,1,33424
30039,30040,30041,1,1,1
30042,30043,30044,1,1,1
30045,30046,30047,1,1,1
13331,30048,30049,0,1,1
30038,30049,30050,0,0,1
30044,30041,30051,0,0,1
30047,30051,30050,0,0,0
30052,29352,30053,1,0,1,37520
30040,30053,30037,0,0,0
30054,30055,30056,1,1,1,2593
30057,30056,30058,1,0,1
30059,30058,30060,1,0,1
30061,30060,30062,1,0,1
30063,30062,30064,1,0,1
2480,2476,30065,1,1,1,225
30066,29267,30067,1,1,1
30068,30067,30069,1,0,1
30070,30069,30071,1,0,1
30072,30073,30074,1,1,1
30075,30074,30076,1,0,1
30077,30076,30078,1,0,1
29959,30078,30079,0,0,1
29957,30079,30080,0,0,1
30065,30080,30081,0,0,1
2479,30081,30071,1,0,0
29533,29778,30082,0,0,1,2018
30083,30082,30084,1,0,1
30085,30084,30086,1,0,1
30087,30086,30088,1,0,1
30089,30090,30091,1,1,1
30092,30091,30093,1,0,1
29275,30093,30094,1,0,1
29938,29278,30095,0,1,1
30088,30095,30094,0,0,0
30096,29733,30097,1,0,1,803
30098,30097,30099,1,0,1
30100,30099,30101,1,0,1
29739,30102,30103,0,1,1
29735,30103,30104,0,0,1
29736,30104,30101,0,0,0
30105,30106,30107,1,1,1,1826
30108,30109,30110,1,1,1
2968,30111,30112,0,1,1
30107,2965,30113,0,0,1
30114,30113,30115,1,0,1
30110,30115,30112,0,0,0
29951,29967,30116,0,0,1,2594
29949,30116,30117,0,0,1
29947,30117,30118,0,0,1
30119,30120,30121,1,1,1
30122,30121,30123,1,0,1
30124,30125,30126,1,1,1
30127,30126,30128,1,0,1
30129,30128,30130,1,0,1
29971,30130,30131,0,0,1
29969,30131,30132,0,0,1
30123,30118,30133,0,0,1
30134,30133,30132,1,0,0
29961,25040,30135,0,1,1,209
30077,30135,30136,0,0,1
30137,30136,30138,1,0,1
30139,30138,30140,1,0,1
30141,30140,30142,1,0,1
30143,30142,30144,1,0,1
30145,30144,30146,1,0,1
29526,29528,30147,0,0,1,3042
30148,30147,30149,1,0,1
30150,30149,30151,1,0,1
30152,30151,30153,1,0,1
30083,30153,29530,0,0,0
29568,29565,30154,1,1,1,1762
30155,30154,30156,1,0,1
29893,30156,29891,0,0,0
30157,29813,30158,1,1,1,1762
30159,30158,30160,1,0,1
30161,30162,30163,1,1,1
30164,30165,30166,1,1,1
30167,30166,30168,1,0,1
29580,30168,30169,1,0,1
29582,30169,30170,1,0,1
30163,30160,30171,0,0,1
30172,30171,30173,1,0,1
30174,30173,30170,1,0,0
30007,29930,30175,0,0,1,1827
30003,30005,30176,0,0,1
30177,30176,30178,1,0,1
30179,30178,30180,1,0,1
30181,30180,30182,1,0,1
30021,30182,30183,0,0,1
30019,30183,30175,0,0,0
30184,30185,30186,1,1,1,2594
30187,30061,30188,1,1,1
30189,30188,30190,1,0,1
30191,30192,30193,1,1,1
30194,30193,30195,1,0,1
30186,30196,30197,0,1,1
30190,30197,30195,0,0,0
30146,25041,30198,0,1,1,1745
30199,30198,25038,1,0,1
30045,30048,30200,0,0,1,29328
30042,30046,30201,0,0,1
30202,30043,30203,1,0,1
30204,30203,30205,1,0,1
13336,30205,30206,0,0,1
30200,13334,30207,0,0,1
30201,30207,30206,0,0,0
29972,30208,30209,0,1,1,34
30129,30209,30210,0,0,1
30211,30210,30212,1,0,1
30213,30212,30214,1,0,1
29901,29520,30215,0,0,1,2019
29899,30215,30216,0,0,1
29897,30216,30217,0,0,1
30218,30219,30220,1,1,1
30221,30222,30223,1,1,1
30087,30223,30224,0,0,1
30225,30224,30226,1,0,1
30227,30226,30228,1,0,1
30229,30228,30230,1,0,1
30217,30231,30232,0,1,1
30220,30232,30233,0,0,1
30234,30233,30230,1,0,0
29788,29610,30235,0,1,1,22229
30236,30235,30237,1,0,1
30238,30239,30240,1,1,1
30241,30242,30243,1,1,1
30244,30245,30246,1,1,1
30247,30246,30248,1,0,1
30237,30248,30249,0,0,1
30240,30249,30243,0,0,0
30035,29548,30250,0,0,1,16869
30251,30252,30253,1,1,1
30254,30255,30256,1,1,1
30257,30258,30259,1,1,1
30260,30259,30261,1,0,1
30250,30261,30262,0,0,1
30253,30262,30256,0,0,0
29524,30148,30263,0,0,1,3043
29522,30263,30264,0,0,1
30231,30264,30265,0,0,1
30229,30265,30266,0,0,1
30225,30227,30267,0,0,1
30085,30267,30268,0,0,1
30152,30268,30269,0,0,1
30150,30269,30266,0,0,0
30270,30271,30272,1,1,1,35
30273,30274,30275,1,1,1
30276,30277,30278,1,1,1
30279,30280,30281,1,1,1
30100,30281,30282,0,0,1
30272,30098,30283,0,0,1
30275,30283,30284,0,0,1
30278,30284,30282,0,0,0
30285,30286,30287,1,1,1,35
30288,30287,30289,1,0,1
30290,30289,30291,1,0,1
30292,30293,30294,1,1,1
30295,30296,30297,1,1,1
30298,30297,30299,1,0,1
30291,30300,30301,0,1,1
30294,30301,30302,0,0,1
30303,30302,30299,1,0,0
30014,29786,30304,0,0,1,16597
30305,30304,30306,1,0,1
30307,30306,30236,1,0,0
29550,29918,30308,0,0,1,10984
30260,30308,30309,0,0,1
30310,30309,30311,1,0,1
30312,30311,30313,1,0,1
30314,30313,29794,1,0,0
30068,30070,30315,0,0,1,226
29269,30066,30316,1,0,1
30317,30316,30318,1,0,1
30319,30318,30320,1,0,1
30321,30320,30322,1,0,1
30072,30322,30323,0,0,1
30073,30323,30315,0,0,0
29303,29313,30324,1,1,1,1762
30092,29276,30325,0,1,1
30326,30325,30327,1,0,1
30328,30327,30329,1,0,1
30330,30331,30332,1,1,1
30333,30332,30334,1,0,1
30335,30336,30337,1,1,1
30338,30339,30340,1,1,1
29271,30317,30341,1,0,1
29273,30341,30342,1,0,1
30329,30324,30343,0,0,1
30334,30343,30344,0,0,1
30345,30344,30346,1,0,1
30337,30346,30347,0,0,1
30340,30347,30342,0,0,0
29412,29414,30348,0,0,1,1826
29410,30348,30349,0,0,1
30350,30349,29417,1,0,0
30244,30351,30352,0,1,1,210
30353,30352,30354,1,0,1
30355,30354,30356,1,0,1
30357,30356,30358,1,0,1
30359,30358,30360,1,0,1
30361,30360,30362,1,0,1
30363,30362,30364,1,0,1
30365,30366,30367,1,1,1,1844
30368,30369,30370,1,1,1
30371,30370,30372,1,0,1
30373,30372,30374,1,0,1
30375,30376,30377,1,1,1
30378,30377,30379,1,0,1
30367,30379,30380,0,0,1
30381,30380,30374,1,0,0
2971,2967,30382,1,1,1,1827
2970,30382,30383,1,0,1
29014,2973,30384,0,1,1
30385,30384,30386,1,0,1
30387,30386,30388,1,0,1
30389,30388,30390,1,0,1
30391,30392,30393,1,1,1
30108,30393,30394,1,0,1
30111,30394,30395,1,0,1
30383,30395,30390,0,0,0
30241,30245,30396,0,0,1,1747
30238,30242,30397,0,0,1
30398,30397,30399,1,0,1
30357,30399,30400,0,0,1
30355,30400,30401,0,0,1
30353,30401,30396,0,0,0
29988,30012,30402,0,0,1,22229
29985,29989,30403,0,0,1
29982,29986,30404,0,0,1
30405,30404,30406,1,0,1
30305,30406,30407,0,0,1
30402,30407,30403,0,0,0
30408,29682,30409,1,0,1,1826
29466,30410,30411,0,1,1
29467,30411,30409,0,0,0
30213,30412,30413,0,1,1,2594
30414,30413,30057,1,0,0
30122,30134,30415,0,0,1,2850
30119,30415,30416,0,0,1
30124,30417,30418,0,1,1
30125,30418,30416,0,0,0
30257,30310,30419,0,0,1,19174
30254,30258,30420,0,0,1
30251,30255,30421,0,0,1
30422,30421,30423,1,0,1
30419,30312,30424,0,0,1
30420,30424,30423,0,0,0
30023,30026,30425,0,0,1,35
30181,30024,30426,0,0,1
30179,30426,30427,0,0,1
30428,30427,30429,1,0,1
30408,30429,30425,0,0,0
29854,29884,30430,0,0,1,1601
29851,29855,30431,0,0,1
29848,29852,30432,0,0,1
30433,30432,30434,1,0,1
29863,30434,30435,0,0,1
29864,30435,30436,0,0,1
29860,30436,30437,0,0,1
29861,30437,30438,0,0,1
29857,30438,30439,0,0,1
29886,29858,30440,0,0,1
30430,30440,30441,0,0,1
30431,30441,30439,0,0,0
29975,29978,30442,0,0,1,38208
29976,30442,30443,0,0,1
2690,30443,30444,1,0,1
30445,30446,30447,1,1,1
30448,30449,30450,1,1,1
30444,30450,30447,0,0,0
30321,30075,30451,0,0,1,210
30143,30452,30453,0,1,1
30141,30453,30454,0,0,1
30139,30454,30455,0,0,1
30137,30455,30451,0,0,0
29575,29572,30456,1,1,1,2019
29578,29574,30457,1,1,1
30458,30457,30459,1,0,1
29570,30459,30456,1,0,0
30363,30460,30461,0,1,1,227
30361,30461,30462,0,0,1
30463,30464,30465,1,1,1
30162,30465,30466,0,0,1
30159,30466,30462,0,0,0
30467,30468,30469,1,1,1,51
30470,30471,30472,1,1,1
30473,30474,30475,1,1,1
30476,30477,30478,1,1,1
30479,30480,30481,1,1,1
30469,30481,30482,0,0,1
30472,30482,30483,0,0,1
30475,30483,30478,0,0,0
29473,29713,30484,0,0,1,35
29471,30484,30485,0,0,1
30486,30485,29715,1,0,0
30487,30288,30488,1,0,1,34
30489,30488,30490,1,0,1
30303,30296,30491,0,0,1
30292,30491,30492,0,0,1
30293,30492,30493,0,0,1
30490,30290,30494,0,0,1
30495,30494,30493,1,0,0
29423,29006,30496,0,0,1,34
29421,30496,30497,0,0,1
29419,30497,30498,0,0,1
30499,30498,30500,1,0,1
29012,30500,29009,0,0,0
30333,30345,30501,0,0,1,1763
30339,30502,30503,0,1,1
30335,30503,30504,0,0,1
30336,30504,30501,0,0,0
30448,2687,30505,0,1,1,1345
30445,30449,30506,0,0,1
30507,30506,30508,1,0,1
2683,30508,30505,1,0,0
25033,25030,30509,1,1,1,37840
25036,25032,30510,1,1,1
30511,30510,30512,1,0,1
25028,30512,30509,1,0,0
30513,30328,30514,1,0,1,2018
30515,30514,30331,1,0,0
30089,30326,30516,0,0,1,3042
30517,30516,30513,1,0,0
30161,30172,30518,0,0,1,2019
30519,30463,30520,1,0,1
30164,30520,30521,0,0,1
30174,30165,30522,0,0,1
30518,30522,30521,0,0,0
30387,30389,30523,0,0,1,1826
30524,30523,30392,1,0,0
30218,30234,30525,0,0,1,1763
30526,30525,30222,1,0,0
29839,29826,30527,0,0,1,2594
30196,30527,30194,0,0,0
30528,30105,30529,1,0,1,1826
30285,30529,30530,1,0,1
30487,30530,30531,1,0,1
30532,30489,30533,1,1,1
30114,30533,30531,0,0,0
30534,30535,30536,1,1,1,34
30537,30536,30538,1,0,1
30106,30539,30540,0,1,1
2961,2963,30541,0,0,1
30028,2958,30542,0,0,1
30543,30542,30544,1,0,1
30538,30544,30545,0,0,1
30540,30545,30541,0,0,0
30546,30534,30547,1,0,1,34
30548,30547,30537,1,0,0
29997,29758,30549,1,0,1,34
29999,30549,30550,1,0,1
30298,30551,30552,1,1,1
30300,30552,30553,1,0,1
30528,30286,30554,0,1,1
30539,30554,30555,0,0,1
30550,30548,30556,0,0,1
30553,30556,30555,0,0,0
29825,29829,30557,0,0,1,34
30191,30557,30558,0,0,1
30192,30558,30559,0,0,1
30189,30559,30560,0,0,1
30561,30560,30562,1,0,1
30563,30562,29828,1,0,0
30185,30564,29837,0,1,0,34
29906,29669,30565,1,0,1,3026
29909,29905,30566,1,1,1
29908,30566,30567,1,0,1
29915,30568,30569,1,1,1
29663,30569,30570,0,0,1
29488,30570,30571,0,0,1
30565,29818,30572,0,0,1
30567,30572,30573,0,0,1
30571,30574,30575,0,1,1
29821,30575,30573,0,0,0
30576,29628,30577,1,0,1,1827
30578,30579,30580,1,1,1
30581,30580,30582,1,0,1
29804,30583,30584,0,1,1
30577,29805,30585,0,0,1
30582,30585,30584,0,0,0
29745,29749,30586,0,0,1,1826
29760,29746,30587,0,0,1
30546,30587,30588,0,0,1
30589,30588,30590,1,0,1
30029,30590,30591,0,0,1
30031,30591,30592,0,0,1
2993,30592,30593,0,0,1
30594,30593,30595,1,0,1
2908,30595,30596,0,0,1
28892,30596,30597,0,0,1
28890,30597,30586,0,0,0
30543,30535,30589,0,0,0,1826
29687,29689,30598,0,0,1,1827
2912,30598,30599,0,0,1
2910,30599,30600,0,0,1
30594,30600,2994,0,0,0
29656,29659,30601,0,0,1,211
29815,29657,30602,0,0,1
29824,29816,30603,0,0,1
30157,30603,30604,1,0,1
30460,30604,30605,1,0,1
30364,30605,30606,1,0,1
30351,30606,30607,1,0,1
30247,30607,30608,1,0,1
29606,29608,30609,0,0,1
30601,30609,30610,0,0,1
30602,30610,30608,0,0,0
30187,30561,30611,0,0,1,33
30063,30611,30612,1,0,1
30064,30612,30613,1,0,1
30055,30613,30614,1,0,1
30412,30054,30615,1,1,1
30214,30615,30616,1,0,1
30208,30616,30617,1,0,1
29964,30617,30618,1,0,1
29875,30618,30619,1,0,1
30620,30619,30621,1,0,1
30622,30621,30623,1,0,1
29692,30623,30624,1,0,1
29695,30624,30625,1,0,1
29694,30625,30626,1,0,1
2705,29699,30627,0,1,1
30628,30627,30629,1,0,1
29632,30629,30630,0,0,1
30563,30630,30631,0,0,1
30626,30614,30632,0,0,1
29697,30632,30631,1,0,0
29809,29811,30633,0,0,1,35
29242,30633,30634,1,0,1
28692,30634,30635,1,0,1
29161,30635,30636,0,0,1
29616,30636,29629,0,0,0
28932,29484,29590,0,0,0,1763
29588,29486,30637,0,0,1,2771
29586,30637,29820,0,0,0
30638,29481,30639,1,0,1,1828
30640,30641,30642,1,1,1
30366,30642,30643,1,0,1
30381,30365,30644,1,1,1
30369,30644,30645,1,0,1
30646,30368,30647,1,1,1
30578,30647,30648,0,0,1
30576,30579,30649,0,0,1
29626,30649,30650,0,0,1
30651,30650,30652,1,0,1
30639,30652,30653,0,0,1
30643,30653,30654,0,0,1
30645,30654,30648,0,0,0
29622,29624,30655,0,0,1,36
29620,30655,30656,0,0,1
30657,29618,30658,1,0,1
29452,30658,30659,0,0,1
30651,30659,30656,0,0,0
30660,29448,30661,1,0,1,1843
30662,30663,30664,1,1,1
30665,30664,30666,1,0,1
30376,30373,30667,1,1,1
30640,30378,30668,0,1,1
30638,30641,30669,0,0,1
30661,30669,30670,0,0,1
30666,30670,30671,0,0,1
30667,30672,30673,0,1,1
30375,30673,30674,1,0,1
30668,30674,30671,0,0,0
2824,29429,30675,0,0,1,226
2822,30675,2775,0,0,0
30676,30677,30678,1,1,1,52
30679,30678,30680,1,0,1
30681,30680,30682,1,0,1
29598,30683,30684,1,1,1
29731,30684,30685,1,0,1
29730,30685,30686,1,0,1
30096,30686,30687,1,0,1
30271,30687,30688,1,0,1
30274,30270,30689,1,1,1
30277,30273,30690,1,1,1
30280,30276,30691,1,1,1
30692,30691,30693,1,0,1
30477,30473,30694,1,1,1
30480,30476,30695,1,1,1
30471,30467,30696,1,1,1
30697,30470,30698,1,1,1
30665,30698,30699,0,0,1
30662,30699,30700,0,0,1
30701,30700,30702,1,0,1
30703,29391,30704,1,0,1
30688,30682,30705,0,0,1
30689,30705,30706,0,0,1
30690,30706,30707,0,0,1
30694,30693,30708,0,0,1
30695,30708,30709,0,0,1
30479,30709,30710,1,0,1
30468,30710,30711,1,0,1
30702,30696,30712,0,0,1
30704,30712,30713,0,0,1
30707,30713,30711,0,0,0
29512,2783,30714,1,0,1,10211
29722,30714,30715,1,0,1
29558,30715,30716,0,0,1
29554,30716,30717,0,0,1
30718,30717,30719,1,0,1
29259,30719,29262,0,0,0
30720,29257,30721,1,0,1,1826
29456,30721,30722,1,0,1
29670,30722,30723,1,0,1
30724,30723,30725,1,0,1
30726,30725,30727,1,0,1
28884,28888,30728,0,0,1,1826
28882,28885,30729,0,0,1
28879,30729,30730,0,0,1
30726,30730,30728,0,0,0
29159,29162,30731,0,0,1,51
30657,30731,29615,0,0,0
30732,30733,29145,1,1,0,52
30734,30735,30736,1,1,1,35
29703,30736,30737,1,0,1
30720,29457,30738,0,1,1
29133,30738,30739,0,0,1
29137,30739,30740,0,0,1
30741,30740,30742,1,0,1
30743,30744,30745,1,1,1
30746,30745,30747,1,0,1
30737,30748,30749,0,1,1
29479,30749,30750,1,0,1
30742,30750,30747,0,0,0
28865,30743,28862,0,0,0,35
30751,2581,30752,1,0,1,65
30753,30752,30754,1,0,1
30755,30754,30756,1,0,1
29044,30756,30757,0,0,1
30758,30757,30759,1,0,1
29045,30758,30760,0,0,1
2587,30760,30761,0,0,1
2584,30761,30759,0,0,0
29051,29054,30762,0,0,1,65
29049,30762,30763,0,0,1
2720,30751,30764,0,0,1
2718,30764,30765,0,0,1
2716,30765,30766,0,0,1
2714,30766,30767,0,0,1
29690,30767,30768,1,0,1
30622,30768,30769,0,0,1
30620,30769,30770,0,0,1
29877,30770,30771,1,0,1
29214,30771,30772,1,0,1
29217,30772,30773,1,0,1
29222,29219,30774,1,1,1
29221,30774,30775,1,0,1
29763,29636,30776,1,1,1
29765,29762,30777,1,1,1
2675,30777,30778,0,0,1
29053,30778,30779,0,0,1
30763,30779,30780,0,0,1
30773,30753,30781,0,0,1
30775,30781,30782,0,0,1
30776,29205,30783,0,1,1
30780,30783,30784,0,0,1
30755,30784,30782,0,0,0
2636,2639,30785,0,0,1,1345
30785,2726,30786,0,0,1,1345
2672,30786,30787,0,0,1
2699,30787,30788,0,0,1
29039,30788,29037,0,0,0
2692,29026,30789,0,0,1,1345
29555,30718,28929,0,0,0,9940
30741,30744,30790,0,0,1,1827
28867,30790,28864,0,0,0
28876,28880,30727,0,0,0,1827
28854,28856,30791,0,0,1,1827
30792,30791,30793,1,0,1
30735,30793,30794,0,0,1
30748,30794,30795,0,0,1
28860,30746,30796,0,0,1
28858,30796,30795,0,0,0
29672,30724,30797,1,0,1,1827
29748,30797,28887,0,0,0
28907,28904,30798,1,1,1,1602
28911,28909,30799,1,1,1
29079,29076,30800,1,1,1
29078,30800,30801,1,0,1
29341,29081,30802,1,1,1
29393,30802,30803,1,0,1
29634,30803,30804,0,0,1
30805,30804,30806,1,0,1
30807,30806,30808,1,0,1
2727,30808,30809,0,0,1
28784,30809,30810,0,0,1
28780,28782,30811,0,0,1
28584,28778,30812,0,0,1
30798,30812,30813,0,0,1
30801,30799,30814,0,0,1
30810,30814,30815,0,0,1
30813,30811,30816,0,0,1
28906,30816,30815,1,0,0
30805,30807,30817,0,0,1,1602
30628,30817,2706,0,0,0
30818,30819,30820,1,1,1,5089
30821,30820,30822,1,0,1
30823,30822,30824,1,0,1
30825,30824,30826,1,0,1
2788,30826,28640,0,0,0
30827,28639,30828,1,0,1,52
28776,28586,30829,0,0,1,1570
2346,27446,30830,0,0,1
30831,30830,30829,1,0,0
30832,30583,30833,1,0,1,1843
29719,30833,30834,1,0,1
30734,29721,30835,0,1,1
30792,30835,30836,0,0,1
28327,30836,30837,0,0,1
28323,30837,30838,0,0,1
28324,30838,30834,0,0,0
30839,28318,30840,1,0,1,42720
28484,28492,30841,1,1,1,42720
28735,30841,30842,1,0,1
28662,30842,30843,0,0,1
28307,30843,30844,0,0,1
28635,28637,30845,0,0,1,51
28633,30845,30846,0,0,1
3496,28631,30847,0,0,1
27995,3494,30848,0,0,1
28248,30848,30849,0,0,1
30732,28245,30850,0,0,1
30851,30733,30852,1,0,1
30853,30852,30854,1,0,1
30846,30854,30855,0,0,1
30849,30847,30856,0,0,1
30850,30856,30855,0,0,0
30857,29390,30858,1,0,1,51
30859,30858,30860,1,0,1
29449,30860,30861,0,0,1
28705,30861,30862,1,0,1
28707,30862,30863,1,0,1
28710,30863,30864,1,0,1
28709,30864,30865,1,0,1
28716,28714,30866,1,1,1
3507,30866,30867,0,0,1
28624,30867,30868,0,0,1
28625,30868,30869,0,0,1
30865,29389,30870,0,0,1
30869,28712,30871,0,1,1
30872,30871,30870,1,0,0
30828,30872,30873,0,0,1,51
30853,30827,30874,0,0,1
29155,30851,30875,0,0,1
29153,30875,30876,0,0,1
29368,30876,30877,1,0,1
29596,30877,30878,1,0,1
30683,30878,30879,0,0,1
30681,30879,30880,0,0,1
30679,30880,30881,0,0,1
30703,30677,30882,0,0,1
30873,30882,30883,0,0,1
30881,30874,30884,0,0,1
30676,30884,30883,0,0,0
30701,30857,30885,0,0,1,51
30663,30885,30886,0,0,1
30660,30886,30859,0,0,0
28201,28203,30887,0,0,1,16597
30888,30887,30889,1,0,1
28438,30889,30890,1,0,1
28441,30890,30891,1,0,1
28490,30891,30892,1,0,1
30893,30892,28205,1,0,0
28457,28399,30894,1,1,1,18135
28450,30894,30895,1,0,1
28439,30895,30896,1,0,1
30888,30896,30897,0,0,1
28198,30897,30898,0,0,1
30899,30898,28102,1,0,1
30900,28144,30901,1,0,1,1857
28271,30901,30902,1,0,1
28501,30902,2589,1,0,0
27469,28093,30903,0,0,1,2625
27467,30903,30904,0,0,1
30905,30904,30900,1,0,0
30840,30906,30907,0,1,1,9957
28088,30839,30908,0,0,1
28086,30908,30909,0,0,1
30893,30909,30910,0,0,1
28489,30910,30911,1,0,1
28493,30911,30912,1,0,1
30844,30912,30907,0,0,0
28322,30906,28320,0,0,0,9957
30913,28036,30914,1,0,1,2595
28207,30915,30916,0,1,1,1843
27996,30916,28004,0,0,0
30917,30918,30919,1,1,1,18133
30920,30919,30921,1,0,1
27915,30922,30923,0,1,1
30924,30923,30925,1,0,1
28100,30926,30927,1,1,1
28099,30927,30928,1,0,1
30929,30899,30930,1,0,1
30921,30930,30931,0,0,1
30925,30931,30928,0,0,0
30929,30918,30932,0,0,1,18133
28197,30932,30933,0,0,1
27790,27926,30934,1,1,1
27800,30934,30933,0,0,0
27480,27876,30935,0,0,1,2593
27477,30935,27475,0,0,0
30936,27852,30937,1,0,1,1761
28642,30937,2756,0,0,0
2506,2510,30938,0,0,1,1761
28951,30938,30939,1,0,1
30825,2790,30940,0,0,1
30823,30940,30941,0,0,1
30821,30941,30942,0,0,1
30818,30942,30943,0,0,1
30936,30819,30944,0,0,1
27850,30944,30945,0,0,1
30939,30945,30943,0,0,0
27810,27801,30946,0,0,1,42704
30920,30922,30947,0,0,1
30917,30947,30946,0,0,0
27510,27693,27433,0,0,0,34
27484,27486,30948,0,0,1,34
27685,30948,27682,0,0,0
27490,27494,27680,0,0,0,34
27615,27618,30949,0,0,1,210
27630,27616,30950,0,0,1
30951,30950,30952,1,0,1
2749,30952,30953,0,0,1
28108,30953,30954,1,0,1
30926,30954,30955,0,0,1
30924,30955,30949,0,0,0
2751,27583,30951,0,0,0,209
27687,27689,30956,0,0,1,1826
28098,30957,30958,0,1,1
28050,30958,30959,1,0,1
26307,28037,30960,0,1,1
26427,26308,30961,0,0,1
26304,30961,30962,0,0,1
27504,30962,30963,0,0,1
27691,27505,30964,0,0,1
30956,30964,30965,0,0,1
30959,27870,30966,0,0,1
30960,30966,30967,0,0,1
30965,30963,30968,0,0,1
30969,30968,30967,1,0,0
27493,27434,27695,0,0,0,2594
27875,27479,30970,0,0,1,2594
30969,27873,30971,0,0,1
27482,27684,30972,0,0,1
30970,30972,30971,0,0,0
27491,27679,27488,0,0,0,2594
28094,27471,30973,0,0,1,2594
30957,30973,30974,0,0,1
27871,30974,27473,0,0,0
3116,27336,30975,0,0,1,2594
3076,3079,30976,0,0,1
3074,30976,30977,0,0,1
30978,30977,30979,1,0,1
30980,30979,30981,1,0,1
3135,30982,30983,0,1,1
30975,30983,30984,0,0,1
3078,30984,30981,0,0,0
30985,3136,30986,1,0,1,2594
30987,30986,30988,1,0,1
30914,30988,30989,0,0,1
30990,30913,30991,1,0,1
30992,30993,30994,1,1,1
30995,30994,30996,1,0,1
30831,30996,30997,0,0,1
2344,30997,30998,0,0,1
2342,30998,30999,0,0,1
2339,30999,31000,0,0,1
2340,31000,31001,0,0,1
2337,31001,31002,0,0,1
2335,31002,31003,0,0,1
30980,30982,31004,0,0,1
30978,31004,31005,0,0,1
3137,31005,31006,0,0,1
30991,30989,31007,0,0,1
31003,31007,31008,0,0,1
2332,31008,31006,0,0,0
3072,30985,31009,0,0,1,2594
27842,31009,31010,1,0,1
28029,31010,30987,0,0,0
28016,28033,31011,1,0,1,2594
28414,31011,31012,1,0,1
28413,31012,31013,1,0,1
28417,31013,31014,1,0,1
28578,31014,31015,0,0,1
30995,28587,31016,0,0,1
30992,31016,31017,0,0,1
30993,31017,31018,0,0,1
30990,31018,31019,0,0,1
28035,31019,31015,0,0,0
31020,26819,31021,1,0,1,1843
3409,31021,31022,0,0,1
3406,31022,26821,0,0,0
3408,26777,31023,0,0,1,1827
31020,31023,31024,0,0,1
31025,31024,26779,1,0,0
26793,2954,31026,0,0,1,1827
31027,26791,31028,1,0,1
31029,31028,31030,1,0,1
31031,31032,31033,1,1,1
26817,31025,31034,0,0,1
26979,3538,31035,1,0,1
26984,26981,31036,1,1,1
27149,26986,31037,1,1,1
27151,31037,31038,1,0,1
27106,27104,31039,1,1,1
27109,31039,31040,1,0,1
31041,31042,31043,1,1,1
27111,31043,31044,1,0,1
27117,27114,31045,1,1,1
27116,31045,31046,1,0,1
27121,27119,31047,1,1,1
27126,27156,31048,1,1,1
27125,31048,31049,1,0,1
27131,27128,31050,1,1,1
27159,27130,31051,1,1,1
2843,27134,31052,0,1,1
2841,31052,31053,0,0,1
2835,2839,31054,0,0,1
31055,31054,31056,1,0,1
31057,31056,31058,1,0,1
2955,31058,31059,0,0,1
31026,31059,31060,0,0,1
31035,31034,31061,0,0,1
26982,31061,31062,1,0,1
31038,26987,31063,0,1,1
27102,31063,31064,1,0,1
31044,31040,31065,0,0,1
31046,31065,31066,0,0,1
31049,27123,31067,0,1,1
31050,31067,31068,0,0,1
31053,31051,31069,0,0,1
2838,31069,31070,0,0,1
31062,31033,31071,0,0,1
31036,31071,31072,0,0,1
31064,31072,31073,0,0,1
27101,31073,31074,1,0,1
31066,31074,31075,0,0,1
31070,31068,31076,0,0,1
31060,31076,31077,0,0,1
31075,31078,31079,0,1,1
31077,31047,31080,0,0,1
31030,31080,31079,0,0,0
31032,26758,31081,0,0,1,1827
31078,31081,31082,0,0,1
31029,31082,26757,0,0,0
31083,2956,31084,1,0,1,1827
2432,31084,31085,0,0,1
2429,31085,31086,0,0,1
31057,31086,31055,0,0,0
2957,31087,31088,0,1,1,1827
2927,31083,31089,0,0,1
2943,2928,31090,0,0,1
31091,2923,31092,1,0,1
31089,31088,31093,0,0,1
31090,31093,31094,0,0,1
2925,31094,31092,0,0,0
31091,31087,31095,0,0,1,1827
2440,31095,2436,0,0,0
26783,31031,26781,0,0,0,1828
26760,26763,31027,0,0,0,1828
26587,26590,31096,0,0,1,2849
26585,26588,31097,0,0,1
31098,31099,31100,1,1,1
31101,31102,31103,1,1,1
27088,31103,31104,1,0,1
26345,31104,31105,0,0,1
27364,31105,31106,1,0,1
27592,31106,31107,1,0,1
27554,31107,31108,1,0,1
26522,26524,31109,0,0,1
31096,26518,31110,0,0,1
31100,31097,31111,0,0,1
31112,31111,31113,1,0,1
31109,31108,31114,0,0,1
26520,31114,31115,0,0,1
31110,31115,31113,0,0,0
26884,26666,31116,1,0,1,2785
26886,31116,31117,1,0,1
26699,26878,31118,1,1,1
26868,31118,31119,1,0,1
26870,31119,31120,1,0,1
26866,26863,31121,1,1,1
26703,31121,31122,1,0,1
26449,31122,31123,1,0,1
31124,31123,31125,1,0,1
26431,31125,31126,0,0,1
31120,31117,31127,0,0,1
31126,26864,31128,0,1,1
26432,31128,31127,0,0,0
25419,25382,31129,0,0,1,2594
26366,31129,26364,0,0,0
2368,31130,31131,0,1,1,2594
2364,31131,31132,0,0,1
27263,31132,31133,1,0,1
27262,31133,31134,1,0,1
27507,27284,31135,0,1,1
26305,31135,31136,0,0,1
26397,31136,31134,0,0,0
31124,26231,31137,0,0,1,2770
26450,31137,31138,1,0,1
31139,31138,31140,1,0,1
26355,26358,31141,0,0,1,2850
27086,31141,31142,1,0,1
31101,31142,31143,0,0,1
31102,31143,31144,0,0,1
31112,31144,31145,0,0,1
31098,31145,31146,0,0,1
26107,31099,31147,0,0,1
31148,31147,31146,1,0,0
31140,26084,31149,0,0,1,22231
31139,31149,31150,0,0,1
26441,31150,31151,1,0,1
31152,31151,31153,1,0,1
31154,31153,25715,1,0,0
2371,31155,31156,0,1,1,35
31130,2367,31157,0,0,1
26015,31157,31158,0,0,1
26013,31158,31159,0,0,1
26011,31159,31160,0,0,1
31161,31160,31156,1,0,0
25920,25765,25917,0,0,0,1572
2315,31162,31163,0,1,1,1827
25815,31163,31164,1,0,1
25343,31164,31165,0,0,1
25890,25360,31166,0,0,1
25889,31166,31165,0,0,0
31162,2317,25875,0,0,0,1571
25856,25858,31167,0,0,1,1827
31168,31167,31169,1,0,1
25940,31169,31170,1,0,1
25939,31170,31171,1,0,1
25978,25942,31172,1,1,1
25945,31172,31173,1,0,1
31174,31175,31176,1,1,1
25949,31176,31177,1,0,1
2394,31177,31178,0,0,1
3004,31178,31179,0,0,1
3002,31179,31180,0,0,1
2999,31180,31181,0,0,1
25860,3000,31182,0,0,1
31171,31182,31183,0,0,1
31173,31183,31184,0,0,1
25944,31184,31181,1,0,0
25863,25865,31185,0,0,1,1827
3098,31185,3094,0,0,0
3092,25840,3089,0,0,0,1827
25768,25770,31186,0,0,1,1828
25914,31186,31187,0,0,1
3425,25766,31188,0,0,1,1828
25904,31188,25919,0,0,0
25417,25420,31189,0,0,1,34
31190,31191,31192,1,1,1
31193,31194,31195,1,1,1
31196,31197,31198,1,1,1
31199,31200,31201,1,1,1
26007,31201,31202,0,0,1
26004,31202,31203,0,0,1
26005,31203,31204,0,0,1
26001,31204,31205,0,0,1
26251,31205,31206,1,0,1
26376,31206,31207,0,0,1
26374,31207,31208,0,0,1
26372,31208,31209,0,0,1
26368,26370,31210,0,0,1
31192,31189,31211,0,0,1
31212,31211,31213,1,0,1
31214,31213,31215,1,0,1
31195,31215,31216,0,0,1
31198,31217,31218,0,1,1
31209,31218,31219,0,0,1
31210,31219,31216,0,0,0
25381,25385,31220,0,0,1,34
26362,31220,31221,0,0,1
26360,31221,31148,0,0,0
25883,24818,31222,0,0,1,1828
25881,31222,31223,0,0,1
25886,31223,31224,0,0,1
25358,31224,25356,0,0,0
25328,25332,31225,0,0,1,1571
25329,31225,31226,0,0,1
31187,31226,31227,0,0,1
25915,31227,31228,0,0,1
25912,31228,31229,0,0,1
25937,31229,31230,1,0,1
31168,31230,25331,0,0,0
31200,31231,31232,0,1,1,35
31196,31232,31233,0,0,1
31197,31233,31234,0,0,1
31217,31234,31235,0,0,1
31214,31194,31236,0,0,1
31212,31236,31237,0,0,1
31190,31237,31238,0,0,1
25139,31191,31239,0,0,1
31235,31239,31240,0,0,1
31193,31240,31238,0,0,0
25292,24390,31241,1,0,1,18132
31242,31241,31243,1,0,1
24972,31243,24970,0,0,0
2997,31244,31245,0,1,1,2851
31246,31245,31247,1,0,1
26009,31247,31248,0,0,1
31199,31248,31249,0,0,1
31231,31249,31250,0,0,1
24848,31250,31251,0,0,1
24781,31252,31253,1,1,1
24941,24784,31254,1,1,1
25132,31254,31255,1,0,1
31256,25134,31257,1,1,1
31258,31257,31259,1,0,1
31251,31260,31261,0,1,1
31253,31261,31262,0,0,1
31255,31262,31259,0,0,0
31258,31260,31263,0,0,1,2851
2370,31246,31264,0,0,1,2851
31155,31264,31161,0,0,0
24575,25364,31265,0,1,1,1572
24571,31265,31266,0,0,1
24596,24572,31267,0,0,1
24822,31267,31268,0,0,1
24820,31268,31269,0,0,1
25353,31269,31270,0,0,1
25354,31270,31266,0,0,0
31271,24730,31272,1,0,1,35
31273,31272,31274,1,0,1
24782,31274,31275,1,0,1
31252,31275,24731,0,0,0
24664,24657,31276,0,0,1,1827
31277,31276,31278,1,0,1
25284,31242,31279,1,0,1,30673
21329,31279,31280,1,0,1
23095,31280,24654,0,0,0
24792,3358,24594,0,0,0,1828
24464,24107,31281,1,0,1,1745
25454,31281,31282,1,0,1
25456,31282,31283,1,0,1
24997,31283,31284,0,0,1
24511,25069,31285,0,0,1
24507,31285,31286,0,0,1
24508,31286,31284,0,0,0
3159,31287,31288,0,1,1,1827
24451,31288,31289,0,0,1
3153,24452,31290,0,0,1
31291,31290,31292,1,0,1
31293,31292,31294,1,0,1
31271,31294,31289,0,0,0
23966,24728,31295,1,0,1,1827
2253,31296,31297,0,1,1
31287,31297,31295,0,0,0
31298,31263,31299,1,0,1,35
31278,31300,31301,0,1,1
24428,31277,31302,0,0,1
31303,24429,31304,1,0,1
24171,31304,31305,0,0,1
24604,31305,31306,1,0,1
24609,24606,31307,1,1,1
24587,24608,31308,0,1,1
25202,31308,31309,1,0,1
25369,31309,31310,1,0,1
25371,31310,31311,1,0,1
2307,25373,31312,0,1,1
31313,31312,31314,1,0,1
31315,31314,31316,1,0,1
31299,31316,31317,0,0,1
31301,31317,31318,0,0,1
31302,31318,31319,0,0,1
31306,31319,31320,0,0,1
31307,31320,31311,0,0,0
31298,31300,31321,0,0,1,35
25136,31256,31322,1,0,1
24529,25137,31323,1,1,1
24656,31323,31324,0,0,1
31321,31324,31322,0,0,0
31244,2998,31325,0,0,1,35
31315,31325,31313,0,0,0
31303,24173,24237,0,0,0,1827
31326,24185,31327,1,0,1,1745
31328,31327,31329,1,0,1
31330,31329,24187,1,0,0
24158,3229,31331,0,0,1,1828
24159,31331,24235,0,0,0
24111,31332,31333,0,1,1,2001
24523,24109,31334,0,0,1
31335,31334,31333,1,0,0
31332,24054,31336,0,0,1,2002
31335,31336,31337,0,0,1
24521,31337,31338,0,0,1
23496,31338,31339,0,0,1
24058,31339,23492,1,0,0
23993,23996,31340,0,0,1,3025
23986,23991,31341,0,0,1
24891,31341,31342,0,0,1
31343,31342,31344,1,0,1
31345,31344,31346,1,0,1
24953,31346,31347,1,0,1
31348,31347,31349,1,0,1
31350,31349,31351,1,0,1
31326,31351,31340,0,0,0
31350,31328,31352,0,0,1,1746
31348,31352,31353,0,0,1
24944,31353,31354,1,0,1
25096,31354,31355,1,0,1
25098,31355,31356,1,0,1
25086,31356,31357,1,0,1
24834,25227,31358,1,1,1
24287,24835,31359,1,1,1
24192,31359,31360,1,0,1
31361,31360,31362,1,0,1
23915,31362,31363,0,0,1
23916,31363,31364,0,0,1
31330,23928,31365,0,0,1
31357,31365,31366,0,0,1
31358,25085,31367,0,1,1
31364,31367,31366,0,0,0
31361,23892,31368,0,0,1,22229
24042,31368,31369,1,0,1
31370,31371,23754,1,1,0,1828
23721,31372,31373,1,1,1,3026
24047,31373,31374,1,0,1
24101,24046,31375,0,1,1
24053,31375,31376,0,0,1
23561,31376,31374,0,0,0
31377,23415,31378,1,0,1,642
23454,31378,31379,1,0,1
23714,31379,31380,1,0,1
23670,31380,31381,1,0,1
3157,3237,31382,0,0,1,52
23220,31382,31383,0,0,1
23221,31383,3239,0,0,0
24035,31369,31384,1,0,1,16567
23904,31384,31385,1,0,1
23244,31385,31386,1,0,1
23194,31386,31387,0,0,1
23124,31387,23122,0,0,0
31388,23025,31389,1,0,1,2946
31390,31389,31391,1,0,1
23451,31391,31392,1,0,1
31377,31392,23027,0,0,0
23042,23036,31393,0,0,1,2946
31381,23033,31394,0,0,1
23669,31394,31395,1,0,1
23722,31395,31396,1,0,1
31372,31396,31393,0,0,0
22848,31397,22862,0,1,0,821
31398,31399,22850,1,1,0,821
31400,31401,31402,1,1,1,2947
31403,31402,31404,1,0,1
23303,31405,31406,1,1,1
23306,31406,31407,1,0,1
23309,31407,31408,1,0,1
23311,23308,31409,1,1,1
23696,31409,31410,1,0,1
23469,31410,31411,1,0,1
23452,31411,31412,1,0,1
31390,31412,31413,0,0,1
22470,31388,31414,0,0,1
22496,31414,31415,0,0,1
31404,31415,31416,0,0,1
31417,31416,31418,1,0,1
31408,31418,31413,0,0,0
21932,22460,31419,0,0,1,1845
21930,31419,31420,0,0,1
31421,22397,31422,1,0,1,53
31423,31424,31425,1,1,1
3750,31425,31422,0,0,0
31426,31427,31428,1,1,1,131
22611,22609,31429,1,1,1
31430,22613,31431,1,1,1
23270,31431,31432,1,0,1
24091,31432,31433,1,0,1
24238,31433,31434,1,0,1
23374,31434,31435,1,0,1
31436,31435,31437,1,0,1
31438,31437,31439,1,0,1
23380,31439,31440,1,0,1
23367,31440,31441,1,0,1
23304,31441,31442,1,0,1
31405,31442,31443,0,0,1
31417,31443,31444,0,0,1
31403,31444,31445,0,0,1
31400,31445,31446,0,0,1
22379,31401,31447,0,0,1
31428,31447,31448,0,0,1
31449,31448,31450,1,0,1
31429,31450,31446,0,0,0
3785,22343,31451,0,0,1,8664
31452,31451,31453,1,0,1
22003,31453,31454,0,0,1
22618,31454,31455,1,0,1
31456,22126,31457,1,0,1
3791,31457,31458,0,0,1
3790,31458,31459,0,0,1
3788,31459,31455,0,0,0
22146,22149,31460,0,0,1,8664
1816,22144,31461,0,0,1
31456,31461,31460,0,0,0
31462,31463,31464,1,1,1,2947
22605,31464,31465,1,0,1
22168,31427,31466,0,0,1
22167,31466,31465,0,0,0
22002,22006,31467,0,0,1,9944
31452,31467,31468,0,0,1
3786,31468,31469,0,0,1
22124,31469,31470,0,0,1
31471,31470,31472,1,0,1
22008,21991,31472,0,0,0,9944
31473,31471,31474,1,0,1,1752
3784,31474,21990,0,0,0
1866,22123,31473,0,0,0,1752
3166,22456,31475,0,0,1,42800
3781,31475,31476,0,0,1
21938,31476,31477,0,0,1
21945,31477,31478,0,0,1
21936,31478,31479,0,0,1
22461,21934,31480,0,0,1
22458,31480,31479,0,0,0
21542,21815,31481,0,0,1,1845
21539,31481,31482,0,0,1
21272,31482,21817,0,0,0
21672,21674,31483,0,0,1,1925
21174,31483,20401,0,0,0
3209,21813,31484,0,0,1,53
21544,31484,21541,0,0,0
21807,20256,31485,0,0,1,1846
21818,31485,21276,0,0,0
31486,21170,31487,1,0,1,1924
22165,31487,31488,0,0,1
21799,31488,31489,1,0,1
21202,21802,31490,1,1,1
21010,21203,31491,0,1,1
31489,31491,31490,0,0,0
21175,31486,31492,0,0,1,1924
21669,31492,31493,0,0,1
21670,31493,31494,0,0,1
21667,31494,31495,0,0,1
21665,31495,31496,0,0,1
21662,31496,31497,0,0,1
21659,21663,31498,0,0,1
23271,31498,31499,1,0,1
31430,31499,31500,0,0,1
22614,31500,31501,1,0,1
31462,31501,31502,0,0,1
31463,31502,31497,0,0,0
20657,21011,21169,0,0,0,10117
20574,20677,20524,0,0,0,10118
20661,20646,31503,0,0,1,1925
21021,20659,31504,0,0,1
31505,31504,31506,1,0,1
20665,20877,31507,0,1,1
31508,31507,31509,1,0,1
31503,31509,31506,0,0,0
20675,20576,31510,0,0,1,18311
20673,31510,31511,0,0,1
20881,31511,31512,1,0,1
20721,31512,31513,1,0,1
20547,31513,31514,1,0,1
20042,31514,20578,0,0,0
21106,31515,31516,1,1,1,822
31517,31516,31518,1,0,1
31519,31518,31520,1,0,1
20548,31521,31522,0,1,1
20571,31522,31520,0,0,0
20565,31523,20563,0,1,0,822
1783,20534,31524,0,0,1,1752
1780,31524,31525,0,0,1
1853,31525,31526,0,0,1
20686,31526,31527,1,0,1
20688,31527,31528,1,0,1
20662,31508,31529,0,0,1,14213
20678,20663,31530,0,0,1
20522,31530,31529,0,0,0
20979,31531,31532,1,1,1,901
31533,31532,31534,1,0,1
21138,31534,31535,1,0,1
21141,21137,31536,1,1,1
21635,31536,31537,1,0,1
21651,31537,31538,0,0,1
21678,21680,31539,0,0,1
20402,21676,31540,0,0,1
20398,31540,31541,0,0,1
31535,20394,31542,0,0,1
31538,31542,31543,0,0,1
31541,31539,31544,0,0,1
20399,31544,31545,0,0,1
20396,31545,31543,0,0,0
31521,20345,31546,0,0,1,566
31519,31546,31547,0,0,1
19519,31548,31549,0,1,1
19517,31549,31547,0,0,0
31528,20164,31550,0,0,1,10968
20689,31550,31551,1,0,1
20682,31551,31552,1,0,1
1849,31552,20163,0,0,0
20040,20043,31553,0,0,1,10117
20572,20529,31554,0,0,1
31553,20580,31555,0,0,1
31556,31555,31554,1,0,0
31557,19972,31558,1,0,1,471
20167,31558,31559,0,0,1
3783,31559,31560,0,0,1
19978,19981,31561,0,0,1,471
19979,31561,31562,0,0,1
1844,31560,31563,0,0,1
1845,31563,31564,0,0,1
1883,1842,31565,0,0,1
1839,31565,31566,0,0,1
31562,31566,31567,0,0,1
19975,31567,31568,0,0,1
31564,19976,31569,0,0,1
1841,31569,31568,0,0,0
31523,31570,31571,0,1,1,1846
31572,31571,31573,1,0,1
3762,31573,31574,0,0,1
3763,31574,31575,0,0,1
3759,31575,31576,0,0,1
3756,3760,31577,0,0,1
3777,3757,31578,0,0,1
3754,31578,31579,0,0,1
31423,3752,31580,0,0,1
31424,31580,31581,0,0,1
19926,31421,31582,0,0,1
19920,19924,31583,0,0,1
31584,31585,31586,1,1,1
19530,31587,31588,0,1,1
21102,31588,31589,1,0,1
21104,31589,31590,1,0,1
31515,21107,31591,0,1,1
31592,31591,31593,1,0,1
31576,31593,31594,0,0,1
31577,31594,31595,0,0,1
31581,31579,31596,0,0,1
31582,31596,31597,0,0,1
19923,31597,31598,0,0,1
31583,31598,31599,0,0,1
31586,19921,31600,0,0,1
31601,31600,31602,1,0,1
31603,31602,31604,1,0,1
31590,31604,31605,0,0,1
31595,31605,31599,0,0,0
20567,20569,31606,0,0,1,1846
31570,31606,31592,0,0,0
20561,31572,31607,0,0,1,1846
3667,31607,3714,0,0,0
20980,31608,31609,1,1,1,645
31531,31609,31610,0,0,1
19899,31610,31611,0,0,1
19912,31611,31612,0,0,1
31613,31612,20352,1,0,1
3593,19795,31614,0,0,1,1846
3591,31614,31615,0,0,1
3595,3589,31616,0,0,1
31617,31616,31618,1,0,1
31619,31618,31620,1,0,1
3693,31620,31621,0,0,1
3724,31621,31622,0,0,1
3689,3691,31623,0,0,1
3683,3687,31624,0,0,1
3680,3684,31625,0,0,1
3677,3681,31626,0,0,1
3678,31626,31627,0,0,1
3720,31627,31628,0,0,1
3671,3675,31629,0,0,1
3669,3672,31630,0,0,1
20557,31630,31631,0,0,1
20555,20558,31632,0,0,1
31633,31632,31634,1,0,1
31635,31634,31636,1,0,1
31637,31636,31638,1,0,1
21235,21231,31639,1,1,1
21234,31639,31640,1,0,1
21241,21239,31641,1,1,1
31642,31641,31643,1,0,1
31644,31645,31646,1,1,1
31647,31648,31649,1,1,1
20974,31649,31650,1,0,1
31651,31652,31653,1,1,1
31654,31655,31656,1,1,1
31657,31656,31658,1,0,1
18569,31659,31660,1,1,1
31661,31662,31663,1,1,1
31664,31665,31666,1,1,1
19797,31666,31667,0,0,1
31623,31622,31668,0,0,1
3686,31668,31669,0,0,1
31624,31669,31670,0,0,1
31625,31670,31671,0,0,1
31631,31629,31672,0,0,1
31638,31672,31673,0,0,1
31640,31673,31674,0,0,1
21237,31674,31675,1,0,1
31646,31643,31676,0,0,1
31650,31676,31677,0,0,1
31658,31653,31678,0,0,1
31667,31663,31679,0,0,1
31615,31679,31680,0,0,1
31671,3588,31681,0,0,1
31628,31681,31682,0,0,1
31675,3674,31683,0,0,1
31677,31683,31684,0,0,1
31678,31684,31685,0,0,1
31660,31685,31686,0,0,1
31687,31686,31688,1,0,1
31680,31688,31682,0,0,0
2139,2125,31689,0,0,1,1846
2121,31689,31690,0,0,1
22751,31690,31691,1,0,1
1950,1954,31692,0,0,1
1947,1951,31693,0,0,1
1945,1948,31694,0,0,1
1943,31694,31695,0,0,1
31619,1940,31696,0,0,1
2124,31617,31697,0,0,1
31691,31697,31698,0,0,1
31692,31698,31699,0,0,1
31693,31699,31700,0,0,1
31695,31700,31696,0,0,0
31701,19705,31702,1,0,1,10200
19973,31702,19369,0,0,0
20207,19703,31703,0,0,1,10200
20169,31703,31704,0,0,1
31557,31704,31701,0,0,0
31705,19590,31706,1,0,1,9094
19030,31706,31707,1,0,1
19650,31707,31708,1,0,1
19652,31708,31709,1,0,1
19036,31709,31710,1,0,1
19750,31710,31711,1,0,1
20195,31711,31712,1,0,1
20531,31712,31556,0,0,0
19800,31713,31714,0,1,1,18134
19829,31714,31715,0,0,1
19694,31715,31716,0,0,1
31717,31716,19547,1,0,0
19512,19515,31718,0,0,1,567
18518,18512,31719,0,0,1
20340,18509,31720,0,0,1
31718,20338,31721,0,0,1
31720,31719,31722,0,0,1
20337,31722,31721,0,0,0
19688,31723,31724,0,1,1,16854
31725,31724,19489,1,0,0
31713,19799,31726,0,0,1,8664
19465,31726,19463,0,0,0
19490,31727,31728,0,1,1,19158
19179,31728,19441,0,0,0
19442,31727,31729,0,0,1,19158
31717,31729,31730,0,0,1
19691,31730,31723,0,0,0
19707,19689,31731,0,0,1,8663
19370,31731,31732,0,0,1
19395,31732,31725,0,0,0
19253,31733,19251,0,1,0,16855
19171,31734,31735,1,1,1,16855
19310,31735,31736,1,0,1
19472,31736,19244,0,0,0
31737,19216,31738,1,0,1,9095
31739,31740,31741,1,1,1
31742,31741,31743,1,0,1
31744,31743,31745,1,0,1
31705,31746,31747,0,1,1
31738,31747,31745,0,0,0
19190,19180,31748,0,0,1,19157
31749,31748,31750,1,0,1
31751,31750,31752,1,0,1
31753,31752,31754,1,0,1
31755,31754,19444,1,0,0
19718,19123,31756,1,0,1,19413
19213,31756,19176,0,0,0
31757,19173,31758,1,0,1,8664
19249,31758,31759,0,0,1
19550,31759,31760,0,0,1
19437,31760,31761,1,0,1
19440,31761,31762,1,0,1
19435,31762,31763,1,0,1
31755,31763,31764,0,0,1
31765,31766,31767,1,1,1,901
31768,31767,31769,1,0,1
31770,31769,31771,1,0,1
19014,31771,31772,0,0,1
31773,31774,19009,1,1,0,901
31772,31775,19011,0,1,0,901
31770,18976,31776,0,0,1,902
31765,31768,31777,0,0,1
31778,31766,31779,1,0,1
19217,31779,31780,0,0,1
19226,31780,31781,0,0,1
18753,19227,31782,1,0,1
31783,31782,31784,1,0,1
31776,31784,31785,0,0,1
31777,31785,31781,0,0,0
19008,19012,31786,0,0,1,902
31775,31778,31787,0,0,1,902
31786,31787,31788,0,0,1
31773,31788,31789,0,0,1
19023,31790,31791,1,1,1
19044,31791,31792,1,0,1
19026,31792,31793,1,0,1
31742,31793,31794,0,0,1
31737,31740,31795,0,0,1
31789,31795,31796,0,0,1
31794,31797,31798,0,1,1
31739,31798,31796,0,0,0
31799,18948,31800,1,0,1,1847
31801,31800,31802,1,0,1
31803,31802,31804,1,0,1
20068,31805,31806,1,1,1
19532,31806,31807,0,0,1
31587,31807,31808,0,0,1
31603,31808,31809,0,0,1
31584,31601,31810,0,0,1
31804,31585,31811,0,0,1
31809,31812,31813,0,1,1
31810,31813,31811,0,0,0
31814,31815,31816,1,1,1,8664
18945,31816,31817,0,0,1
18943,31817,19156,0,0,0
31818,31819,31820,1,1,1,550
18907,31820,31821,0,0,1
18902,18904,31822,0,0,1,566
18898,18900,31823,0,0,1
31824,18665,31825,1,0,1
19416,31826,31827,1,1,1
19621,31827,31828,1,0,1
20236,19620,31829,0,1,1
20234,31829,31830,0,0,1
20232,31830,31831,0,0,1
21250,31831,31832,1,0,1
21246,31832,31833,1,0,1
21245,31833,31834,1,0,1
21156,31834,31835,1,0,1
21369,31835,31836,1,0,1
21363,31836,31837,1,0,1
21365,21362,31838,1,1,1
21160,31838,31839,1,0,1
21163,31839,31840,1,0,1
31533,31840,31841,0,0,1
20983,31841,31842,1,0,1
20982,31842,31843,1,0,1
20985,31843,31844,1,0,1
31608,20987,31845,0,1,1
20356,31845,31846,1,0,1
20358,20355,31847,1,1,1
31613,20353,31848,0,1,1
31849,31848,31850,1,0,1
31818,31850,31851,0,0,1
31821,31819,31852,0,0,1
31822,31852,31853,0,0,1
31825,31823,31854,0,0,1
31828,31854,31855,0,0,1
31837,31855,31856,0,0,1
31844,31856,31857,0,0,1
31846,31857,31858,0,0,1
31847,31858,31859,0,0,1
20360,31859,31860,1,0,1
31851,31860,31853,0,0,0
19910,31849,31861,0,0,1,566
19848,31861,18906,1,0,0
31814,18842,31862,0,0,1,8665
31815,31862,31863,0,0,1
19154,31863,31864,0,0,1
31865,31864,31866,1,0,1
31867,31866,31868,1,0,1
19479,31868,31869,1,0,1
19451,31869,31870,0,0,1
19317,31870,31871,1,0,1
31872,31871,18845,1,0,0
31753,31764,31873,0,0,1,16852
31751,31873,31874,0,0,1
31749,31874,31875,0,0,1
31876,31875,31877,1,0,1
19189,31876,31878,0,0,1
18344,31878,31879,1,0,1
18255,31879,31880,0,0,1
18717,31880,31877,0,0,0
18627,18629,31881,0,0,1,567
18623,18625,31882,0,0,1
18617,18619,31883,0,0,1
18854,31883,31884,1,0,1
20066,31884,31885,1,0,1
31805,31885,31886,0,0,1
31812,31886,31887,0,0,1
31803,31887,31888,0,0,1
31799,31801,31889,0,0,1
18650,31889,31890,0,0,1
18684,31890,31891,0,0,1
18634,18647,31892,0,0,1
18631,31892,31893,0,0,1
31888,18621,31894,0,0,1
31893,18646,31895,0,0,1
31894,31882,31896,0,0,1
31891,31896,31897,0,0,1
31895,18682,31898,0,0,1
31881,31898,31897,0,0,0
31899,18578,31900,1,1,1,13190
18591,31900,31901,0,0,1
18590,31901,31902,0,0,1
19308,31872,31903,1,0,1,8664
19169,31903,31904,1,0,1
31905,31904,31906,1,0,1
31907,31908,31909,1,1,1
31910,31909,31911,1,0,1
18559,31911,31912,0,0,1
31913,31912,31914,1,0,1
31915,31914,31916,1,0,1
31917,31916,31918,1,0,1
31919,31920,31921,1,1,1
31906,31921,31918,0,0,0
18182,31919,31922,0,0,1,8664
18249,31922,18832,1,0,0
18869,19513,31923,1,0,1,823
31924,18871,31925,1,1,1
31926,31925,31927,1,0,1
18077,31927,31928,0,0,1
18511,31928,31923,0,0,0
31905,31908,31929,0,0,1,16854
19168,31929,31930,1,0,1
31734,31930,31931,0,0,1
31932,31931,31933,1,0,1
31733,31933,31934,0,0,1
31935,31934,31936,1,0,1
19174,31936,31937,0,0,1
18724,31937,31938,0,0,1
18722,31938,31939,0,0,1
31940,31939,31941,1,0,1
31910,18470,31942,0,0,1
31907,31942,31941,0,0,0
19248,31935,31757,0,0,0,16854
19257,31932,19255,0,0,0,16854
18410,18393,31943,0,0,1,9094
18755,31783,31944,1,0,1
31945,31944,31946,1,0,1
31947,31946,31948,1,0,1
31949,31948,31943,1,0,0
31899,18404,31950,0,0,1,9094
18577,31950,31951,1,0,1
19019,31951,31952,1,0,1
19021,31952,31953,1,0,1
31790,31953,31954,0,0,1
31797,31954,31774,0,0,0
18002,18256,31955,0,0,1,16854
31956,31955,18716,1,0,0
31915,31957,31958,0,1,1,16853
31913,31958,18231,0,0,0
31949,18211,31959,0,0,1,902
31947,31959,31960,0,0,1
31961,31960,31962,1,0,1
31963,31962,31964,1,0,1
18183,18173,31965,0,0,1,16598
31920,31965,31966,0,0,1
31917,31966,31957,0,0,0
31967,18141,31968,1,0,1,903
18745,31963,31969,1,0,1,646
3802,31969,31970,0,0,1
3800,31970,31971,0,0,1
31972,31971,31973,1,0,1
18133,31973,31974,0,0,1
18134,31974,31964,0,0,0
3796,31975,31976,0,1,1,903
3793,31976,18115,0,0,0
17477,31977,31978,1,1,1,902
17155,31978,31979,1,0,1
18448,31979,31980,1,0,1
18586,31980,31981,1,0,1
18587,31981,31982,1,0,1
31902,31982,18110,0,0,0
18280,18005,31983,0,0,1,5073
18285,31983,31984,0,0,1
18278,31984,31985,0,0,1
17991,31985,16755,1,0,0
31986,31987,31988,1,1,1,8839
31972,31988,31989,0,0,1
3798,31989,31990,0,0,1
31991,31990,18001,1,0,0
31986,18136,17583,0,0,0,8839
18719,31940,31992,0,0,1,2769
18720,31992,31993,0,0,1
31956,31993,31994,0,0,1
17946,18003,31995,0,0,1
17942,31995,31996,0,0,1
17943,31996,31994,0,0,0
31991,17847,31997,0,0,1,646
3795,31997,31975,0,0,0
17585,17571,31987,0,0,0,647
17474,31998,31999,1,1,1,9095
31977,31999,17295,0,0,0
3881,17286,32000,0,0,1,727
3879,32000,32001,0,0,1
17716,32001,32002,1,0,1
17280,17282,32003,0,0,1,902
32004,32003,32005,1,0,1
16725,16721,32006,1,1,1
17475,32006,32007,1,0,1
31998,32007,32005,0,0,0
17235,17240,32008,0,0,1,40
17374,17236,32009,0,0,1
17749,32009,32010,1,0,1
17651,32010,32011,1,0,1
17526,17522,32012,1,1,1
17528,17525,32013,1,1,1
17530,32013,32014,1,0,1
17047,17515,32015,0,1,1
32012,32011,32016,0,0,1
32015,32014,32017,0,0,1
32008,32017,32016,0,0,0
17042,16871,32018,1,0,1,808
17242,32018,17060,0,0,0
32002,16978,32019,0,0,1,2007
17719,32019,32020,1,0,1
17316,32020,32021,1,0,1
17101,17318,32022,1,1,1
17103,32022,32023,1,0,1
16557,17105,32024,0,1,1
16979,32024,32025,0,0,1
32021,32025,32023,0,0,0
16858,16969,32026,0,0,1,646
16722,32026,32004,1,0,0
32027,32028,32029,1,1,1,10040
32030,32029,32031,1,0,1
32032,32033,32034,1,1,1
17426,32034,32035,1,0,1
17428,32035,32036,1,0,1
17335,32036,32037,1,0,1
17337,32037,32038,1,0,1
3919,17338,32039,0,1,1
16940,32039,32040,0,0,1
32041,32040,32042,1,0,1
32031,32042,32038,0,0,0
17058,16873,32043,0,0,1,9000
17056,32043,32044,0,0,1
1601,16972,16855,0,0,0,8839
16832,16798,32045,0,0,1,1847
16792,16795,32046,0,0,1
31664,16790,32047,0,0,1
31661,31665,32048,0,0,1
31687,31662,32049,0,0,1
18572,32049,32050,1,0,1
18571,32050,32051,1,0,1
18567,32052,32053,1,1,1
31659,32053,32054,0,0,1
31657,32054,32055,0,0,1
31654,32055,32056,0,0,1
31655,32056,32057,0,0,1
32058,31651,32059,1,0,1
20111,32059,32060,1,0,1
20097,32060,32061,1,0,1
20099,20096,32062,1,1,1
31648,32063,32064,0,1,1
31644,32064,32065,0,0,1
21058,32065,32066,1,0,1
21053,32066,32067,1,0,1
21232,21052,32068,1,1,1
31637,32068,32069,0,0,1
31635,32069,32070,0,0,1
31633,32070,32071,0,0,1
20553,32071,32072,0,0,1
18821,32072,32073,1,0,1
19745,32073,32074,1,0,1
19563,19747,32075,1,1,1
19569,19566,32076,1,1,1
18744,19559,32077,1,1,1
18443,32077,32078,1,0,1
18067,18447,32079,1,1,1
18069,32079,32080,1,0,1
17410,32080,32081,1,0,1
17414,17412,32082,1,1,1
19163,17416,32083,1,1,1
19165,32083,32084,1,0,1
17422,19167,32085,1,1,1
17424,32085,32086,1,0,1
32032,32086,32087,0,0,1
32030,32033,32088,0,0,1
32041,32028,32089,0,0,1
32045,32089,32090,0,0,1
32048,32047,32091,0,0,1
32051,32091,32092,0,0,1
32061,32057,32093,0,0,1
32062,32093,32094,0,0,1
20101,32094,32095,1,0,1
32067,32095,32096,0,0,1
32074,32096,32097,0,0,1
32075,32097,32098,0,0,1
32076,32098,32099,0,0,1
19568,32099,32100,1,0,1
32078,32100,32101,0,0,1
18445,32101,32102,1,0,1
32090,32027,32103,0,0,1
16794,32103,32104,0,0,1
32046,32104,32105,0,0,1
32092,16789,32106,0,0,1
32102,32107,32108,0,1,1
32105,32088,32109,0,0,1
32106,32109,32110,0,0,1
32108,18560,32111,0,1,1
32081,32111,32112,0,0,1
32110,32087,32113,0,0,1
18574,32113,32114,1,0,1
32112,18561,32115,0,1,1
32082,32115,32116,0,0,1
32114,32084,32117,0,0,1
18576,32117,32116,1,0,0
15556,16560,16973,0,0,0,9944
1634,16498,32118,0,0,1,646
1631,32118,16500,0,0,0
1627,16342,1625,0,0,0,903
3917,16291,32119,0,0,1,56
32120,32119,32121,1,0,1
32122,32121,32123,1,0,1
16157,32123,32124,1,0,1
16159,32124,1397,1,0,0
16651,32125,32126,1,1,1,807
32127,32126,32128,1,0,1
16283,32128,16281,0,0,0
32044,16230,32129,0,0,1,551
17085,17054,32130,1,0,1
16854,32130,32131,1,0,1
16664,16847,32132,1,1,1
32125,32132,32133,0,0,1
16233,32133,32134,0,0,1
32129,32134,32131,0,0,0
3934,16112,32135,0,0,1,1848
3932,3935,32136,0,0,1
16155,32136,32137,1,0,1
32122,32137,32138,0,0,1
32120,32138,32139,0,0,1
16113,3914,32140,0,0,1
32139,32135,32141,0,0,1
3916,32141,32140,0,0,0
32142,16028,32143,1,0,1,8839
32144,32143,32145,1,0,1
32146,32145,32147,1,0,1
32148,32147,32149,1,0,1
15886,15889,32150,0,0,1,551
32127,15887,32151,0,0,1
16653,16650,32152,1,1,1
17004,32152,32153,1,0,1
16935,32153,32154,1,0,1
16938,32154,32155,1,0,1
16681,16930,32156,1,1,1
16490,16684,32157,1,1,1
16665,16485,32158,1,1,1
3903,32158,32159,0,0,1
3900,32159,32160,0,0,1
32150,32160,32161,0,0,1
32151,32161,32162,0,0,1
32155,32162,32163,0,0,1
32156,32163,32157,0,0,0
15279,15247,32164,1,0,1,16597
15494,32164,32165,1,0,1
15496,32165,32166,1,0,1
15498,32166,32167,1,0,1
15896,32167,32168,1,0,1
15961,32168,32169,1,0,1
32170,32169,32171,1,0,1
15598,32171,15579,0,0,0
32172,15252,32173,1,0,1,8247
15412,15410,32174,1,1,1
32175,15393,32176,1,1,1
32173,32176,32174,0,0,0
15248,15242,32177,0,0,1,16598
15582,32177,32178,0,0,1
32179,32178,32180,1,0,1
15206,32180,32181,1,0,1
15395,32182,32183,1,1,1,1847
15398,32183,32184,1,0,1
15796,32184,32185,1,0,1
15830,32185,32186,1,0,1
32187,32186,32188,1,0,1
32189,32188,32190,1,0,1
15218,32191,32192,0,1,1
15215,32192,32193,0,0,1
15216,32193,32194,0,0,1
32195,32194,32190,1,0,0
32191,15130,32196,0,0,1,8760
15832,32187,32197,1,0,1
15970,15836,32198,1,1,1
15972,32198,32199,1,0,1
15974,32199,32200,1,0,1
16536,32200,32201,1,0,1
16398,32201,32202,1,0,1
1440,16405,32203,0,1,1
1437,32203,32204,0,0,1
15060,1434,32205,0,0,1
32196,32205,32206,0,0,1
32189,32206,32207,0,0,1
32197,32207,32208,0,0,1
32202,15837,32209,0,1,1
16401,32209,32210,1,0,1
32204,16403,32211,0,1,1
32208,32211,32212,0,0,1
15834,32212,32210,1,0,0
32181,32213,32214,0,1,1,12499
15209,32214,32215,1,0,1
15211,32215,32216,1,0,1
15213,32216,32217,1,0,1
32218,32217,32219,1,0,1
32220,32219,32221,1,0,1
15044,32221,15041,0,0,0
14906,15042,32222,0,0,1,12499
15241,32222,32213,0,0,0
32223,14951,14801,1,0,0,10200
14799,14935,32224,0,0,1,10200
15231,32224,32225,1,0,1
15413,32225,32226,1,0,1
15543,32226,14939,0,0,0
32227,14351,14844,1,0,0,2001
14802,14936,14798,0,0,0,10120
32220,14685,32228,0,0,1,2003
32229,32228,32230,1,0,1
14644,14646,12482,0,0,0,551
32175,14563,32231,0,0,1,823
15392,32231,32232,1,0,1
32182,32232,32195,0,0,0
32233,14163,32234,1,0,1,14293
14555,32234,14552,0,0,0
14367,14369,13644,0,0,0,8841
14842,14344,32235,0,0,1,721
12860,32235,32236,0,0,1
12858,32236,12856,0,0,0
14285,14287,32237,0,0,1,10150
32238,32237,32239,1,0,1
32240,32239,32241,1,0,1
32242,32241,32243,1,0,1
14106,14153,32244,0,0,1,18390
13568,32244,14055,1,0,0
14553,14165,32245,0,0,1,18390
14804,14550,32246,0,0,1
14137,32223,32247,0,0,1
32245,14138,32248,0,0,1
32246,32248,32247,0,0,0
32249,14120,32250,1,0,1,18389
32233,32250,32251,0,0,1
14161,32251,32252,0,0,1
14159,32252,32253,0,0,1
32254,32253,14119,1,0,0
32255,14126,32256,1,0,1,18389
14557,32256,32249,0,0,0
32243,14115,32257,0,0,1,18342
32258,32257,32259,1,0,1
14546,32259,32255,0,0,0
14151,14108,32260,0,0,1,14291
14309,32260,32261,1,0,1
14300,32261,32262,1,0,1
14041,32262,32263,1,0,1
32264,32263,14110,1,0,0
14157,32254,32265,0,0,1,42960
14067,14155,32266,0,0,1
14063,32266,32265,0,0,0
14885,14697,32267,1,1,1,10151
14785,32267,32268,0,0,1
14545,14807,32269,0,0,1
32258,32269,32270,0,0,1
32242,32270,32271,0,0,1
32238,32240,32272,0,0,1
13920,32272,32273,0,0,1
14275,32273,32274,0,0,1
32268,32274,32271,0,0,0
13214,13872,13546,0,0,0,9097
13958,32275,32276,1,1,1,1927
13874,32276,32277,0,0,1
32278,32277,32279,1,0,1
13870,32279,13868,0,0,0
13864,13846,32280,0,0,1,550
32281,32280,32282,1,0,1
13835,32283,32284,1,1,1,903
13834,32284,32285,1,0,1
13948,32285,32286,1,0,1
32287,32286,13726,1,0,0
32288,13688,32289,1,0,1,2002
32290,32289,32291,1,0,1
14672,14288,32292,1,1,1
14740,32292,32293,1,0,1
14678,32293,32294,0,0,1
14686,14679,32295,0,0,1
32296,32297,32298,1,1,1
32227,32298,32299,0,0,1
14350,32299,32300,0,0,1
14475,32300,32301,1,0,1
14474,32301,32302,1,0,1
14477,32302,32303,1,0,1
14330,32303,32304,1,0,1
14336,14334,32305,1,1,1
14339,32305,32306,1,0,1
32307,14338,32308,1,1,1
32309,32310,32311,1,1,1
13690,32311,32312,0,0,1
32291,32312,32313,0,0,1
32314,32313,32315,1,0,1
14289,32315,32316,1,0,1
32304,32295,32317,0,0,1
14332,32317,32318,1,0,1
32306,32318,32319,0,0,1
32316,32308,32320,0,0,1
32294,32320,32319,0,0,0
32230,32297,32321,0,0,1,2002
32229,32321,32322,0,0,1
32218,32322,32323,0,0,1
15102,15184,32324,1,1,1
15095,15104,32325,1,1,1
14828,15105,32326,0,1,1
14846,32326,32327,0,0,1
32296,32327,32328,0,0,1
32324,32323,32329,0,0,1
32325,32329,32328,0,0,0
14364,13647,32330,0,0,1,9096
32331,32330,32332,1,0,1
32333,32332,32334,1,0,1
14520,32334,32335,1,0,1
14419,32335,32336,1,0,1
14421,32336,32337,1,0,1
32338,32337,13649,1,0,0
32339,13645,14371,1,0,0,9096
32309,13620,32340,0,0,1,2001
32341,32340,32342,1,0,1
32343,32342,13622,1,0,0
14413,14422,32344,1,1,1,903
14524,32344,32345,1,0,1
13971,14494,32346,1,1,1
32275,32346,32347,0,0,1
13598,32347,32348,0,0,1
13596,32348,32349,0,0,1
32338,32349,32345,0,0,0
12650,11860,32350,0,0,1,551
12707,32350,32351,0,0,1
12647,32351,32352,0,0,1
12648,32352,13555,0,0,0
13871,32278,13543,0,0,0,1928
32353,32354,32355,1,1,1,10121
13535,32355,13542,0,0,0
32356,32264,32357,1,0,1,2003
32290,32357,32358,0,0,1
32288,32358,32359,0,0,1
13517,32359,13515,0,0,0
14094,32360,32361,1,1,1,10120
14196,32361,32362,1,0,1
13917,32362,32363,1,0,1
13484,32364,32365,0,1,1
13485,32365,32363,0,0,0
13918,32364,32366,1,0,1,8744
13675,32366,32367,1,0,1
32368,32367,13417,1,0,0
13844,32369,32370,1,1,1,647
32283,32370,32371,0,0,1
13409,32371,13407,0,0,0
13942,32287,32372,1,0,1,647
14128,32372,32373,1,0,1
14095,32373,32374,1,0,1
32360,32374,13397,0,0,0
32375,13306,32376,1,0,1,1928
13469,13290,32377,0,0,1,648
13470,32377,32378,0,0,1
13467,32378,32379,0,0,1
13463,13465,32380,0,0,1
1409,32380,32381,0,0,1
14516,32381,32382,1,0,1
32331,32333,32383,0,0,1
14365,32383,32384,0,0,1
32385,14362,32386,1,0,1
14493,32386,32387,1,0,1
14487,32387,32388,1,0,1
14491,14489,32389,1,1,1
14360,14482,32390,0,1,1
32375,32391,32392,0,1,1
13293,32392,32393,0,0,1
32384,14518,32394,0,1,1
32388,32394,32395,0,0,1
32390,32389,32396,0,0,1
32393,32396,32397,0,0,1
32395,32382,32398,0,0,1
32397,14486,32399,0,1,1
32379,32399,32398,0,0,0
32400,13885,13216,1,0,0,10121
13886,32400,32401,0,0,1,9096
13968,13999,32402,1,1,1
14496,32402,32403,1,0,1
14977,32403,32404,1,0,1
14996,32404,32405,1,0,1
15332,14995,32406,1,1,1
15284,32406,32407,1,0,1
14925,32407,32408,1,0,1
14458,32408,32409,1,0,1
14460,32409,32410,1,0,1
14462,32410,32411,1,0,1
14464,32411,32412,1,0,1
14466,32412,32413,1,0,1
14270,14453,32414,1,1,1
13843,32414,32415,1,0,1
32369,32415,32416,0,0,1
32401,13161,32417,0,0,1
13882,32417,32418,0,0,1
32413,32405,32419,0,0,1
32416,32419,32418,0,0,0
13419,13674,32420,1,1,1,8743
12785,32420,32421,0,0,1
12927,32421,32422,0,0,1
12935,32422,32368,0,0,0
12926,12281,32423,0,1,1,8744
12786,32423,32424,0,0,1
12794,32424,11693,0,0,0
32391,32376,32425,0,0,1,9097
14373,32425,32426,0,0,1
32339,32426,32427,0,0,1
32353,12756,32428,0,0,1
32354,32428,32429,0,0,1
32430,32429,32427,1,0,0
13300,13541,32430,0,0,0,9097
12049,12887,12637,0,0,0,8233
32343,12584,32431,0,0,1,721
32310,32341,32432,0,0,1
32307,32432,32433,0,0,1
14322,32433,32434,1,0,1
14325,14321,32435,1,1,1
14343,14324,32436,1,1,1
14328,32436,32437,1,0,1
14480,32437,32438,1,0,1
14471,32438,32439,1,0,1
12847,32439,32440,0,0,1
12843,32440,32441,0,0,1
12844,32441,32442,0,0,1
12841,32442,32443,0,0,1
12587,32443,32444,0,0,1
32431,32444,32445,0,0,1
32434,32445,32435,0,0,0
12548,12552,32446,0,0,1,8742
12294,12549,32447,0,0,1
12489,32447,32448,0,0,1
32449,12484,32450,1,0,1
32282,32450,32451,0,0,1
12555,32281,32452,0,0,1
32448,32446,32453,0,0,1
32451,12487,32454,0,0,1
32452,32454,32455,0,0,1
12551,32455,32453,0,0,0
32456,32457,32458,1,1,1,8742
13848,13852,32459,0,0,1
13845,13849,32460,0,0,1
32449,32460,32461,0,0,1
32458,32461,32459,0,0,0
12481,12485,32462,0,0,1,8743
13851,14642,32463,0,0,1
32456,32463,32464,0,0,1
32462,32457,32465,0,0,1
14641,32465,32464,0,0,0
14648,15019,12509,0,0,0,8743
12572,12295,32466,0,0,1,8741
32467,32466,32468,1,0,1
12112,32469,32470,1,1,1,8232
12357,32470,32471,1,0,1
12050,12636,32472,0,0,1
12046,32472,32473,0,0,1
12047,32473,32471,0,0,0
11869,11871,32474,0,0,1,647
11865,11867,32475,0,0,1
13554,11863,32476,0,0,1
13175,32476,32477,1,0,1
32478,32477,32479,1,0,1
10412,32479,32480,0,0,1
12213,32480,32481,1,0,1
11764,32481,32482,1,0,1
32483,11507,32484,1,0,1
32474,32484,32485,0,0,1
32475,32485,32482,0,0,0
11680,11683,32486,0,0,1,676
12091,32486,11741,0,0,0
11695,11697,32487,0,0,1,8743
12083,12792,32488,1,0,1
11755,12060,32489,1,1,1
32490,32489,32491,1,0,1
32492,32491,32493,1,0,1
32487,32493,32488,0,0,0
32494,11740,11685,1,0,0,8868
32495,32496,32497,1,1,1,39
12113,32497,32498,1,0,1
32469,32498,32499,0,0,1
11642,32499,32500,0,0,1
32492,11575,32501,0,0,1,8839
32490,32501,32502,0,0,1
11758,32502,32503,1,0,1
11300,11502,11474,0,0,0,648
32504,11470,32505,1,0,1,8840
32506,32505,32507,1,0,1
32483,32507,32508,0,0,1
11505,32508,11472,0,0,0
11750,32503,32509,1,0,1,8840
32506,11873,32510,0,0,1
32504,32510,32511,0,0,1
11468,32511,32512,0,0,1
11465,32512,32509,0,0,0
10406,11503,11287,0,0,0,8841
10967,10969,32513,0,0,1,8836
32514,32513,32515,1,0,1
11174,32515,9506,0,0,0
32514,11013,10965,0,0,0,644
32468,10963,32516,0,0,1,548
11935,32516,32517,1,0,1
12045,32517,32518,1,0,1
11942,32518,32519,1,0,1
10995,32519,10962,0,0,0
32520,32521,32522,1,1,1,17287
10826,32522,32523,0,0,1
10823,32523,32524,0,0,1
10824,32524,10402,0,0,0
32525,10398,32521,1,0,0,17287
10637,10639,32526,0,0,1,642
32527,32526,32528,1,0,1
32529,32528,32530,1,0,1
32531,32530,32532,1,0,1
32533,32532,32534,1,0,1
1041,32534,32535,0,0,1
32535,10623,1042,0,0,0,641
11738,32494,32536,0,0,1,8836
11406,32536,32537,1,0,1
11592,11397,32538,1,1,1
11594,11591,32539,1,1,1
12723,12721,32540,1,1,1
12608,32540,32541,1,0,1
12540,32541,32542,1,0,1
10906,12542,32543,1,1,1
10908,32543,32544,1,0,1
10911,32544,32545,1,0,1
10913,10910,32546,1,1,1
1044,32546,32547,0,0,1
32533,32547,32548,0,0,1
32549,32548,32550,1,0,1
32551,32550,32552,1,0,1
32553,32552,32554,1,0,1
10525,32555,32556,0,1,1
10558,32556,32557,0,0,1
32537,32557,32558,0,0,1
32542,32539,32559,0,0,1
32545,32559,32560,0,0,1
32558,32554,32561,0,0,1
32538,32561,32560,0,0,0
32525,32562,32563,0,1,1,18311
10396,32563,32564,0,0,1
32565,10393,32566,1,0,1
10481,32566,32564,0,0,0
32520,10479,32562,0,0,0,18311
11286,10835,10404,0,0,0,1928
10313,10306,32567,0,0,1,1831
10303,32567,32568,0,0,1
9074,32568,32569,0,0,1
9070,9090,32570,0,0,1
9068,9071,32571,0,0,1
11098,10878,32572,1,1,1
11699,32572,32573,1,0,1
12126,32573,32574,1,0,1
32495,32574,32575,0,0,1
32496,32575,32576,0,0,1
32500,32576,32577,0,0,1
10305,32577,32578,0,0,1
32570,32569,32579,0,0,1
32571,32579,32580,0,0,1
9066,32580,32578,0,0,0
10141,10144,32581,0,0,1,18311
10265,32581,10261,0,0,0
10262,10146,32582,0,0,1,10120
9973,32582,32583,1,0,1
10394,32565,32584,0,0,1,10120
10264,32584,32585,0,0,1
10142,32585,10155,0,0,0
32586,32587,32588,1,1,1,8836
9769,32588,9792,0,0,0
8961,9421,32589,1,0,1,643
32590,32589,32591,1,0,1
32587,32591,9731,0,0,0
32592,9675,32593,1,0,1,8729
10229,32593,32594,1,0,1
10228,32594,32595,1,0,1
9888,10231,32596,0,1,1
9917,32596,32597,0,0,1
9884,32597,32598,0,0,1
9885,32598,32595,0,0,0
32586,9539,32599,0,0,1,8835
32590,32599,32600,0,0,1
8963,32600,9219,1,0,0
10644,10635,32601,0,0,1,643
9821,32601,32602,1,0,1
32603,32602,32604,1,0,1
32605,32604,32606,1,0,1
9982,32607,32608,1,1,1
9984,9981,32609,1,1,1
9744,32609,32610,1,0,1
32611,9746,32612,1,1,1
9471,32612,32613,0,0,1
9467,32613,32614,0,0,1
9505,9514,32615,0,0,1
11172,32615,32616,0,0,1
11005,32616,32617,0,0,1
11003,32617,32618,0,0,1
10537,32618,32619,0,0,1
10527,10530,32620,0,0,1
10524,32620,32621,0,0,1
32622,32621,32623,1,0,1
32624,32623,32625,1,0,1
10634,32625,32626,0,0,1
32606,32626,32627,0,0,1
32608,32627,32628,0,0,1
32614,32610,32629,0,0,1
32619,9468,32630,0,0,1
10561,32630,32631,0,0,1
32628,10529,32632,0,0,1
32631,32629,32633,0,0,1
10534,32633,32634,0,0,1
10532,32634,32632,0,0,0
32553,32555,32635,0,0,1,643
32551,32635,32636,0,0,1
32549,32636,32637,0,0,1
32529,32531,32638,0,0,1
32624,32527,32639,0,0,1
32637,32622,32640,0,0,1
32638,32640,32639,0,0,0
32641,32642,32643,1,1,1,642
9415,9418,32644,0,0,1
9423,9416,32645,0,0,1
9729,32645,32646,0,0,1
9727,32646,32647,0,0,1
9725,32647,32648,0,0,1
9559,32648,32649,1,0,1
9542,32649,32650,1,0,1
9470,9474,32651,0,0,1
32652,32651,32653,1,0,1
32654,32655,32656,1,1,1
32657,32658,32659,1,1,1
32650,32644,32660,0,0,1
9476,32660,32661,0,0,1
32653,9473,32662,0,0,1
32656,32662,32663,0,0,1
32659,32663,32664,0,0,1
32661,32643,32665,0,0,1
9477,32665,32666,0,0,1
9509,32666,32664,0,0,0
9801,9733,32667,1,1,1,642
9804,9800,32668,1,1,1
32607,9806,32669,0,1,1
32605,32669,32670,0,0,1
32603,32670,32671,0,0,1
9824,9820,32672,1,1,1
9823,32672,32673,1,0,1
9829,9826,32674,1,1,1
1093,9828,32675,0,1,1
8458,32675,32676,0,0,1
8455,32676,32677,0,0,1
32611,32652,32678,0,0,1
9748,32678,32679,1,0,1
9750,32679,32680,1,0,1
32673,32671,32681,0,0,1
32674,32681,32682,0,0,1
32680,32655,32683,0,0,1
32667,32683,32684,0,0,1
32668,32684,32685,0,0,1
32682,9803,32686,0,1,1
32677,32686,32685,0,0,0
32657,32642,32687,0,0,1,642
8487,32687,9205,0,0,0
9954,32583,32688,1,0,1,41856
9841,32688,32689,1,0,1
9413,32690,32691,0,1,1
9411,32691,32692,0,0,1
9409,32692,32693,0,0,1
9404,9407,32694,0,0,1
32689,32694,32695,0,0,1
3937,32695,32693,0,0,0
32696,32697,32698,1,1,1,1831
9078,32698,32699,0,0,1
9076,32699,32700,0,0,1
9284,32700,9281,0,0,0
9279,9268,32701,0,0,1,1830
32702,32701,32703,1,0,1
32704,32703,32697,1,0,0
9225,9220,32705,0,0,1,8837
3967,32705,32706,0,0,1
3964,32706,32707,0,0,1
9456,9454,32708,1,1,1
9541,32708,32707,0,0,0
9214,9216,32641,0,0,0,643
32690,9202,3938,0,0,0,8837
10301,9073,32709,0,0,1,551
10299,32709,32710,0,0,1
9697,32710,32711,1,0,1
9682,32711,9283,1,0,0
8953,8942,32712,0,0,1,8742
32713,32712,32714,1,0,1
32715,8546,32716,1,0,1,549
32717,32716,32718,1,0,1
32719,32718,32720,1,0,1
32721,32720,32722,1,0,1
8231,32722,32723,0,0,1
8245,32723,32724,0,0,1
32725,32724,8548,1,0,0
32658,8450,32726,0,0,1,641
32654,32726,8456,0,0,0
32725,8410,8227,0,0,0,550
8643,9276,32727,1,0,1,550
8646,32727,32728,1,0,1
8391,32728,32729,1,0,1
8230,32729,32730,0,0,1
32721,32730,32731,0,0,1
32719,32731,32732,0,0,1
32715,32717,32733,0,0,1
8422,32733,32734,0,0,1
32714,32734,32735,0,0,1
32736,32713,32737,1,0,1
9278,32737,32738,0,0,1
32732,32738,32735,0,0,0
9026,8952,32739,1,0,1,550
9080,32739,32740,0,0,1
32704,32696,32741,0,0,1
32736,32702,32742,0,0,1
32740,32742,32741,0,0,0
32743,8228,8413,1,0,0,8742
32744,8157,32745,1,0,1,1925
8652,8649,32746,1,1,1,645
32747,32746,32748,1,0,1
32749,32748,32750,1,0,1
8415,32750,32751,0,0,1
32743,32751,32752,0,0,1
8041,32752,32753,0,0,1
32745,8050,32754,0,0,1
32755,32754,32753,1,0,0
32756,8020,32757,1,0,1,10119
8568,32757,32758,1,0,1
8544,32758,32759,1,0,1
8375,32759,32760,1,0,1
7768,7756,32761,0,0,1,10118
8376,32760,32762,1,0,1
8371,32762,32763,1,0,1
8539,8370,32764,1,1,1
8650,32764,32765,1,0,1
32755,32765,32766,0,0,1
32744,32766,32767,0,0,1
7755,32767,32768,0,0,1
32761,32768,32763,0,0,0
5671,5986,32769,0,0,1,8246
5981,32769,32770,1,0,1
5983,32770,5933,1,0,0
5736,32771,32772,0,1,1,16468
372,32772,5970,0,0,0
5738,5901,32771,0,0,0,36944
5898,32773,32774,0,1,1,49
32775,32774,32776,1,0,1
32777,32776,32778,1,0,1
32779,32778,32780,1,0,1
32781,32780,32782,1,0,1
5798,5886,32781,0,0,0,49
32783,32777,32784,1,0,1,81
32785,32784,32786,1,0,1
463,32786,32787,0,0,1
461,464,32788,0,0,1
459,32788,32789,0,0,1
32790,32789,32791,1,0,1
32792,32791,32793,1,0,1
5827,32794,32795,0,1,1
5890,32795,32796,0,0,1
5888,32796,32797,0,0,1
32779,5885,32798,0,0,1
32787,32798,32799,0,0,1
32793,32799,32797,0,0,0
32792,32794,32800,0,0,1,81
455,32790,32801,0,0,1
452,32801,32802,0,0,1
6221,32802,32803,1,0,1
6215,32803,32804,1,0,1
5730,32804,32805,0,0,1
5727,32805,32806,0,0,1
6018,32806,32807,1,0,1
6020,32807,32808,1,0,1
5813,32808,32800,0,0,0
5794,5796,32809,0,0,1,4913
32773,32809,32782,0,0,0
5779,5782,32810,0,0,1,50
32811,32810,32812,1,0,1
5878,32812,32813,1,0,1
32814,32813,32815,1,0,1
32816,32815,32817,1,0,1
6033,32817,32818,1,0,1
6078,32818,32819,1,0,1
6126,32819,32820,1,0,1
6121,32820,32821,1,0,1
6120,32821,32822,1,0,1
405,32822,32823,0,0,1
32783,32785,32824,0,0,1
32775,32824,32825,0,0,1
5781,32825,32823,0,0,0
5998,6000,32826,0,0,1,16438
5962,32826,32827,1,0,1
5676,32828,32829,0,1,1
5674,5677,32830,0,0,1
32827,32830,32829,0,0,0
5593,5596,32831,0,0,1,8230
5393,32831,5570,0,0,0
5941,319,32832,0,0,1,10023
5864,32832,32833,1,0,1
5580,32833,5571,0,0,0
5529,5514,32834,0,0,1,51
32828,32834,32835,0,0,1
5961,32835,32836,1,0,1
5884,32836,32837,1,0,1
5879,32837,32838,1,0,1
32811,32838,5513,0,0,0
5591,32839,32840,0,1,1,16424
5183,32840,32841,0,0,1
5180,32841,32842,0,0,1
5178,32842,5403,0,0,0
5395,5398,32843,0,0,1,18214
5594,32843,32839,0,0,0