0,1,0,1258
1,2,0,-1
2,0,0,1
3,0,1,1257
2,3,1,2
4,3,2,1256
2,4,2,3
5,4,3,1593
2,5,3,4
6,5,4,1608
2,6,4,5
7,6,5,1650
2,7,5,13
8,9,6,-646
9,10,6,1728
10,8,6,7
11,8,7,1517
10,11,7,8
12,11,8,1516
10,12,8,15
13,14,9,1515
14,12,9,1516
12,13,9,10
15,13,10,1248
12,15,10,11
16,15,11,1248
12,16,11,16
17,18,12,1246
18,16,12,1247
16,17,12,16
2,19,13,1245
19,7,13,14
10,7,14,1728
19,10,14,15
19,12,15,17
12,17,16,17
19,17,17,1245
20,21,18,2463
21,22,18,2654
22,20,18,19
23,20,19,3018
22,23,19,34
24,25,20,3248
25,23,20,3017
23,24,20,35
26,27,21,3293
27,28,21,3247
28,26,21,22
29,26,22,3294
28,29,22,23
30,29,23,3563
28,30,23,24
31,30,24,3564
28,31,24,25
32,31,25,3564
28,32,25,36
33,34,26,3741
34,35,26,3692
35,33,26,27
36,33,27,3740
35,36,27,37
37,38,28,3553
38,36,28,3740
36,37,28,29
39,37,29,3553
36,39,29,38
40,41,30,3156
41,39,30,3157
39,40,30,31
42,40,31,2784
39,42,31,32
43,42,32,2637
39,43,32,39
44,45,33,2837
45,43,33,2636
43,44,33,40
22,46,34,2835
46,23,34,35
46,24,35,42
28,24,36,3248
24,32,36,42
35,32,37,3565
32,36,37,38
32,39,38,39
32,43,39,40
32,44,40,41
46,44,41,2836
32,46,41,42
47,48,43,3784
48,49,43,3777
49,47,43,44
50,47,44,4091
49,50,44,45
51,50,45,4090
49,51,45,85
52,53,46,4088
53,51,46,4089
51,52,46,86
54,55,47,4087
55,56,47,4104
56,54,47,48
57,54,48,4086
56,57,48,87
58,59,49,4084
59,60,49,4085
60,58,49,101
61,62,50,4082
62,63,50,4083
63,61,50,51
64,61,51,4081
63,64,51,89
65,66,52,4101
66,64,52,4081
64,65,52,53
67,65,53,4003
64,67,53,89
68,69,54,4530
69,67,54,4282
67,68,54,55
70,68,55,4536
67,70,55,90
71,72,56,4533
72,73,56,4534
73,71,56,57
74,71,57,4703
73,74,57,91
75,76,58,4790
76,74,58,4702
74,75,58,59
77,75,59,4805
74,77,59,60
78,77,60,4806
74,78,60,61
79,78,61,5047
74,79,61,62
80,79,62,4985
74,80,62,63
81,80,63,5010
74,81,63,64
82,81,64,5010
74,82,64,91
83,84,65,4990
84,85,65,4991
85,83,65,66
86,83,66,4989
85,86,66,92
87,88,67,5321
88,86,67,5344
86,87,67,92
89,90,68,5324
90,91,68,5323
91,89,68,69
92,89,69,5325
91,92,69,70
93,92,70,5325
91,93,70,94
94,95,71,5327
95,96,71,5315
96,94,71,72
97,94,72,5316
96,97,72,73
98,97,73,5424
96,98,73,74
99,98,74,4884
96,99,74,95
100,101,75,4882
101,102,75,4883
102,100,75,96
103,104,76,4880
104,100,76,4881
100,103,76,77
105,103,77,3498
100,105,77,78
106,105,78,3497
100,106,78,97
107,108,79,3495
108,106,79,3496
106,107,79,98
109,110,80,3493
110,107,80,3494
107,109,80,81
111,109,81,3182
107,111,81,82
112,111,82,3181
107,112,82,83
113,112,83,3538
107,113,83,84
49,113,84,3537
107,49,84,85
107,51,85,86
107,52,86,99
56,52,87,4088
52,57,87,88
60,57,88,4085
52,60,88,100
63,67,89,90
63,70,90,106
73,82,91,103
85,87,92,93
91,87,93,5322
85,91,93,94
85,93,94,104
96,93,95,5315
93,99,95,104
102,99,96,4883
99,100,96,97
99,106,97,98
99,107,98,99
99,52,99,100
99,60,100,101
99,58,101,102
63,58,102,4083
99,63,102,105
73,70,103,4535
70,82,103,106
85,99,104,105
85,63,105,109
63,82,106,107
114,82,107,5014
63,114,107,108
115,114,108,4992
63,115,108,109
85,115,109,4991
116,117,110,4303
117,118,110,4304
118,116,110,111
119,116,111,5076
118,119,111,112
120,119,112,5076
118,120,112,165
121,122,113,5087
122,120,113,5088
120,121,113,166
123,124,114,5085
124,125,114,5086
125,123,114,168
126,127,115,5084
127,123,115,5085
123,126,115,116
128,126,116,5666
123,128,116,117
129,128,117,5665
123,129,117,118
130,129,118,5665
123,130,118,168
131,126,119,5084
126,132,119,5666
132,131,119,120
133,131,120,5083
132,133,120,121
134,133,121,5083
132,134,121,170
135,136,122,5081
136,137,122,5082
137,135,122,171
138,139,123,4928
139,140,123,5079
140,138,123,124
141,138,124,5096
140,141,124,125
142,141,125,5128
140,142,125,173
143,144,126,5296
144,142,126,5297
142,143,126,127
145,143,127,5584
142,145,127,128
146,145,128,5583
142,146,128,129
147,146,129,5583
142,147,129,174
148,149,130,5587
149,150,130,5588
150,148,130,176
151,152,131,5586
152,148,131,5587
148,151,131,132
153,151,132,5585
148,153,132,177
154,155,133,5295
155,153,133,5585
153,154,133,134
156,154,134,5672
153,156,134,178
157,158,135,5818
158,156,135,5671
156,157,135,136
159,157,136,5829
156,159,136,137
160,159,137,5828
156,160,137,138
161,160,138,6236
156,161,138,139
162,161,139,6416
156,162,139,140
163,162,140,6475
156,163,140,178
164,165,141,6499
165,166,141,6478
166,164,141,180
167,168,142,6974
168,164,142,6498
164,167,142,143
169,167,143,7040
164,169,143,144
170,169,144,6811
164,170,144,181
171,172,145,6813
172,173,145,6814
173,171,145,146
174,171,146,7031
173,174,146,147
175,174,147,7030
173,175,147,148
176,175,148,7030
173,176,148,183
177,178,149,7263
178,179,149,7035
179,177,149,150
180,177,150,7045
179,180,150,151
181,180,151,7044
179,181,151,184
182,183,152,7270
183,184,152,7048
184,182,152,153
185,182,153,7282
184,185,153,154
186,185,154,15699
184,186,154,155
187,186,155,15700
184,187,155,156
188,187,156,6203
184,188,156,157
189,188,157,6204
184,189,157,186
190,191,158,6177
191,192,158,6176
192,190,158,159
193,190,159,5935
192,193,159,160
194,193,160,4796
192,194,160,187
195,196,161,4800
196,197,161,4799
197,195,161,189
198,199,162,3793
199,195,162,4800
195,198,162,163
200,198,163,3794
195,200,163,164
118,200,164,4304
195,118,164,165
195,120,165,166
195,121,166,167
125,121,167,5086
195,125,167,190
125,130,168,169
201,130,169,5669
125,201,169,191
132,202,170,5667
202,134,170,193
137,134,171,5082
134,135,171,172
140,135,172,5080
134,140,172,173
134,142,173,174
134,147,174,175
150,147,175,5588
134,150,175,176
134,148,176,177
134,153,177,193
153,163,178,179
203,163,179,6479
153,203,179,194
166,203,180,6479
203,164,180,181
203,170,181,182
173,170,182,6814
203,173,182,183
203,176,183,195
179,176,184,7035
176,181,184,185
204,181,185,7044
176,204,185,196
184,204,186,7048
204,189,186,197
192,205,187,6206
205,194,187,188
206,194,188,4797
205,206,188,199
197,206,189,4798
206,195,189,190
206,125,190,191
206,201,191,192
202,201,192,5668
206,202,192,199
202,153,193,194
202,203,194,195
202,176,195,196
202,204,196,197
202,189,197,198
205,189,198,6205
202,205,198,199
207,208,200,6185
208,209,200,6186
209,207,200,218
210,211,201,5973
211,207,201,6184
207,210,201,219
212,213,202,5229
213,210,202,5974
210,212,202,203
214,212,203,5243
210,214,203,204
215,214,204,5820
210,215,204,220
216,217,205,5822
217,215,205,5821
215,216,205,221
218,219,206,6482
219,216,206,6481
216,218,206,222
220,221,207,6483
221,218,207,6482
218,220,207,208
222,220,208,6807
218,222,208,209
223,222,209,15696
218,223,209,210
224,223,210,1044,269
218,224,210,211
225,224,211,1044,269
218,225,211,212
226,225,212,15697
218,226,212,223
227,228,213,1006,269
228,226,213,15697
226,227,213,214
229,227,214,1005,269
226,229,214,215
230,229,215,1004,269
226,230,215,216
231,230,216,1003,269
226,231,216,223
209,232,217,6187
232,231,217,1002,269
231,209,217,218
231,207,218,219
231,210,219,220
231,215,220,221
231,216,221,222
231,218,222,223
233,234,224,8067
234,235,224,7744
235,233,224,225
236,233,225,8170
235,236,225,226
237,236,226,8169
235,237,226,227
238,237,227,8168
235,238,227,259
239,240,228,8167
240,238,228,8168
238,239,228,229
241,239,229,8166
238,241,229,260
242,243,230,8678
243,241,230,8679
241,242,230,261
244,245,231,8164
245,246,231,8681
246,244,231,262
247,248,232,8502
248,244,232,8163
244,247,232,262
249,250,233,8501
250,247,233,8502
247,249,233,234
251,249,234,8704
247,251,234,235
252,251,235,8704
247,252,235,263
253,254,236,8701
254,255,236,8702
255,253,236,237
256,253,237,8110
255,256,237,238
257,256,238,8422
255,257,238,239
258,257,239,8421
255,258,239,265
259,260,240,8968
260,258,240,-1
258,259,240,265
261,262,241,8972
262,259,241,8973
259,261,241,266
263,264,242,8970
264,265,242,8971
265,263,242,268
266,267,243,-1
267,263,243,8969
263,266,243,244
268,266,244,9358
263,268,244,245
269,268,245,9361
263,269,245,246
270,269,246,8919
263,270,246,247
271,270,247,8918
263,271,247,268
272,273,248,8902
273,274,248,8903
274,272,248,249
275,272,249,8086
274,275,249,250
276,275,250,8085
274,276,250,275
277,278,251,8084
278,276,251,8085
276,277,251,252
279,277,252,8083
276,279,252,276
280,281,253,8081
281,279,253,8082
279,280,253,277
282,283,254,8039
283,280,254,8081
280,282,254,270
284,285,255,7943
285,282,255,8038
282,284,255,256
286,284,256,7129
282,286,256,257
287,286,257,7777
282,287,257,258
235,287,258,7776
282,235,258,259
282,238,259,260
282,241,260,261
282,242,261,270
246,247,262,263
246,252,263,264
255,252,264,8703
246,255,264,272
255,259,265,266
255,261,266,267
265,261,267,8971
255,265,267,273
265,271,268,269
274,271,269,8918
265,274,269,274
280,242,270,271
288,242,271,8678
280,288,271,277
246,288,272,8681
288,255,272,273
288,265,273,274
288,274,274,275
288,276,275,276
288,279,276,277
289,290,278,15023
290,291,278,15021
291,289,278,279
292,289,279,980,193
291,292,279,340
293,294,280,15116
294,292,280,980,193
292,293,280,341
295,296,281,15115
296,293,281,15124
293,295,281,341
297,298,282,15123
298,295,282,15115
295,297,282,283
299,297,283,15114
295,299,283,284
300,299,284,15113
295,300,284,285
301,300,285,15113
295,301,285,286
302,301,286,15112
295,302,286,368
303,304,287,15110
304,305,287,15111
305,303,287,288
306,303,288,15109
305,306,288,289
307,306,289,15108
305,307,289,342
308,309,290,15106
309,307,290,15107
307,308,290,291
310,308,291,15105
307,310,291,343
311,312,292,890,193
312,313,292,15103
313,311,292,293
314,311,293,908,193
313,314,293,294
315,314,294,907,193
313,315,294,344
316,317,295,15471
317,315,295,889,193
315,316,295,296
318,316,296,15470
315,318,296,297
319,318,297,15469
315,319,297,298
320,319,298,15468
315,320,298,345
321,322,299,15466
322,320,299,15467
320,321,299,346
323,324,300,15464
324,321,300,15465
321,323,300,347
325,326,301,15462
326,323,301,15463
323,325,301,302
327,325,302,10274
323,327,302,303
328,327,303,10275
323,328,303,348
329,330,304,10276
330,328,304,10275
328,329,304,349
331,332,305,10277
332,329,305,10276
329,331,305,350
333,334,306,10278
334,331,306,10277
331,333,306,307
335,333,307,10279
331,335,307,370
336,337,308,10280
337,335,308,10279
335,336,308,371
338,339,309,10282
339,336,309,10281
336,338,309,310
340,338,310,-823
336,340,310,311
341,340,311,8770
336,341,311,312
342,341,312,8769
336,342,312,313
343,342,313,8768
336,343,313,351
344,345,314,8767
345,343,314,8768
343,344,314,351
346,347,315,7678
347,344,315,8766
344,346,315,352
348,349,316,7679
349,346,316,7678
346,348,316,353
350,351,317,7680
351,348,317,7679
348,350,317,318
352,350,318,7701
348,352,318,319
353,352,319,7702
348,353,319,354
354,355,320,7681
355,353,320,7703
353,354,320,354
356,357,321,-1848
357,354,321,-1848
354,356,321,322
358,356,322,7682
354,358,322,355
359,360,323,7685
360,361,323,7684
361,359,323,357
362,363,324,7687
363,359,324,7686
359,362,324,357
364,365,325,-1
365,362,325,7687
362,364,325,358
366,367,326,976,193
367,364,326,14899
364,366,326,359
368,369,327,974,193
369,370,327,975,193
370,368,327,361
371,372,328,10033
372,368,328,974,193
368,371,328,329
373,371,329,10032
368,373,329,362
374,375,330,10030
375,376,330,10031
376,374,330,331
377,374,331,10030
376,377,331,332
378,377,332,10040
376,378,332,333
379,378,333,10029
376,379,333,334
380,379,334,10028
376,380,334,335
381,380,335,10027
376,381,335,364
382,383,336,10035
383,381,336,10027
381,382,336,337
384,382,337,10026
381,384,337,338
385,384,338,979,193
381,385,338,365
291,386,339,15021
386,385,339,979,193
385,291,339,340
385,292,340,366
292,295,341,367
305,302,342,15111
302,307,342,343
302,310,343,368
313,310,344,15104
310,315,344,345
310,320,345,346
310,321,346,347
310,323,347,348
310,328,348,349
310,329,349,350
310,331,350,369
336,344,351,352
336,346,352,353
336,348,353,372
348,354,354,355
348,358,355,356
361,358,356,7683
348,361,356,373
361,362,357,358
361,364,358,359
361,366,359,360
370,366,360,975,193
361,370,360,361
361,368,361,362
361,373,362,363
376,373,363,10031
361,376,363,364
361,381,364,365
361,385,365,366
361,292,366,367
361,295,367,373
295,310,368,369
295,331,369,370
295,335,370,371
295,336,371,372
295,348,372,373
387,388,374,10003
388,389,374,9802
389,387,374,380
390,391,375,10002
391,387,375,10003
387,390,375,376
392,390,376,10197
387,392,376,377
393,392,377,10196
387,393,377,378
394,393,378,10249
387,394,378,379
395,394,379,10094
387,395,379,380
389,395,380,9803
396,397,381,14734
397,398,381,773,29
398,396,381,382
399,396,382,11057
398,399,382,383
400,399,383,11058
398,400,383,384
401,400,384,11058
398,401,384,385
402,401,385,10376
398,402,385,386
403,402,386,10376
398,403,386,387
404,403,387,9863
398,404,387,388
405,404,388,9864
398,405,388,389
406,405,389,10762
398,406,389,390
407,406,390,10763
398,407,390,391
408,407,391,10764
398,408,391,392
409,408,392,10537
398,409,392,393
410,409,393,10528
398,410,393,394
411,410,394,10573
398,411,394,403
412,413,395,10572
413,411,395,10576
411,412,395,396
414,412,396,760,29
411,414,396,397
415,414,397,759,29
411,415,397,404
416,417,398,771,29
417,415,398,759,29
415,416,398,399
418,416,399,758,29
415,418,399,404
419,420,400,757,29
420,418,400,758,29
418,419,400,405
421,422,401,14729
422,419,401,757,29
419,421,401,402
398,421,402,773,29
419,398,402,403
419,411,403,405
411,418,404,405
423,424,406,753,193
424,425,406,754,193
425,423,406,416
426,427,407,14727
427,423,407,752,193
423,426,407,408
428,426,408,14981
423,428,408,409
429,428,409,11503
423,429,409,410
430,429,410,11823
423,430,410,411
431,430,411,11822
423,431,411,412
432,431,412,12013
423,432,412,413
433,432,413,12012
423,433,413,414
434,433,414,12038
423,434,414,415
435,434,415,12050
423,435,415,416
425,435,416,14676
436,437,417,14248
437,438,417,741,193
438,436,417,418
439,436,418,14247
438,439,418,462
440,441,419,13322
441,439,419,14247
439,440,419,420
442,440,420,12798
439,442,420,421
443,442,421,12797
439,443,421,422
444,443,422,12797
439,444,422,423
445,444,423,12796
439,445,423,424
446,445,424,12795
439,446,424,463
447,448,425,12794
448,446,425,12795
446,447,425,464
449,450,426,12832
450,447,426,12794
447,449,426,427
451,449,427,12824
447,451,427,428
452,451,428,12793
447,452,428,465
453,454,429,12792
454,452,429,12793
452,453,429,430
455,453,430,12791
452,455,430,431
456,455,431,12790
452,456,431,432
457,456,432,-1573
452,457,432,466
458,459,433,14556
459,460,433,12703
460,458,433,434
461,458,434,14565
460,461,434,435
462,461,435,14555
460,462,435,467
463,464,436,14564
464,465,436,14554
465,463,436,437
466,463,437,14576
465,466,437,468
467,468,438,14711
468,469,438,14574
469,467,438,439
470,467,439,14752
469,470,439,440
471,470,440,11815
469,471,440,441
472,471,441,11816
469,472,441,442
473,472,442,12003
469,473,442,443
474,473,443,12058
469,474,443,444
475,474,444,12057
469,475,444,445
476,475,445,12057
469,476,445,446
477,476,446,14583
469,477,446,447
478,477,447,675,193
469,478,447,448
479,478,448,675,193
469,479,448,449
480,479,449,674,193
469,480,449,450
481,480,450,674,193
469,481,450,451
482,481,451,673,193
469,482,451,452
483,482,452,672,193
469,483,452,453
484,483,453,672,193
469,484,453,470
485,486,454,12736
486,484,454,720,193
484,485,454,471
487,488,455,12734
488,489,455,12735
489,487,455,473
490,491,456,12733
491,487,456,12734
487,490,456,457
492,490,457,12732
487,492,457,458
493,492,458,12966
487,493,458,459
494,493,459,12965
487,494,459,474
495,496,460,12963
496,494,460,12964
494,495,460,475
438,497,461,12962
497,495,461,12963
495,438,461,462
495,439,462,463
495,446,463,464
495,447,464,465
495,452,465,466
495,457,466,476
460,457,467,-1573
457,462,467,476
465,462,468,14554
462,466,468,469
469,466,469,14575
462,469,469,470
462,484,470,471
462,485,471,472
489,485,472,12736
462,489,472,473
462,487,473,474
462,494,474,475
462,495,475,476
498,499,477,547,193
499,500,477,548,193
500,498,477,478
501,498,478,546,193
500,501,478,479
502,501,479,14180
500,502,479,480
503,502,480,13290
500,503,480,481
504,503,481,13291
500,504,481,482
505,504,482,13292
500,505,482,483
506,505,483,13293
500,506,483,515
507,508,484,14184
508,506,484,13294
506,507,484,485
509,507,485,13273
506,509,485,486
510,509,486,-36
506,510,486,516
511,512,487,13413
512,510,487,-36
510,511,487,517
513,514,488,13486
514,511,488,13414
511,513,488,518
515,516,489,13282
516,517,489,13487
517,515,489,490
518,515,490,13283
517,518,490,491
519,518,491,13325
517,519,491,492
520,519,492,13396
517,520,492,493
521,520,493,13395
517,521,493,494
522,521,494,13394
517,522,494,520
523,524,495,13392
524,525,495,13393
525,523,495,496
526,523,496,13391
525,526,496,497
527,526,497,561,193
525,527,497,498
528,527,498,561,193
525,528,498,499
529,528,499,14156
525,529,499,500
530,529,500,14155
525,530,500,521
531,532,501,605,193
532,530,501,14155
530,531,501,502
533,531,502,594,193
530,533,502,522
534,535,503,593,193
535,533,503,594,193
533,534,503,523
536,537,504,592,193
537,534,504,593,193
534,536,504,524
538,539,505,591,193
539,536,505,592,193
536,538,505,506
540,538,506,590,193
536,540,506,525
541,542,507,589,193
542,540,507,590,193
540,541,507,526
543,544,508,14043
544,541,508,589,193
541,543,508,509
545,543,509,14042
541,545,509,510
546,545,510,14042
541,546,510,527
547,548,511,14040
548,549,511,14041
549,547,511,512
550,547,512,14040
549,550,512,513
551,550,513,14039
549,551,513,529
552,553,514,14038
553,551,514,14039
551,552,514,530
500,552,515,14037
552,506,515,516
552,510,516,517
552,511,517,518
552,513,518,519
517,513,519,13487
552,517,519,520
552,522,520,530
525,522,521,13393
522,530,521,522
522,533,522,523
522,534,523,524
522,536,524,525
522,540,525,526
522,541,526,527
522,546,527,528
549,546,528,14041
522,549,528,529
522,551,529,530
554,555,531,574,193
555,556,531,575,193
556,554,531,555
557,558,532,572,193
558,554,532,573,193
554,557,532,533
559,557,533,13524
554,559,533,534
560,559,534,13532
554,560,534,556
561,562,535,13539
562,560,535,13536
560,561,535,536
563,561,536,13531
560,563,536,537
564,563,537,13523
560,564,537,538
565,564,538,13522
560,565,538,539
566,565,539,13336
560,566,539,540
567,566,540,13337
560,567,540,541
568,567,541,12983
560,568,541,542
569,568,542,12984
560,569,542,543
570,569,543,13132
560,570,543,544
571,570,544,13143
560,571,544,545
501,571,545,13150
560,501,545,546
560,498,546,547
560,499,547,556
572,500,548,13540
499,572,548,549
573,572,549,13552
499,573,549,557
574,575,550,13551
575,573,550,13552
573,574,550,557
576,577,551,13557
577,574,551,13551
574,576,551,552
578,576,552,13550
574,578,552,558
579,580,553,13549
580,578,553,13550
578,579,553,559
556,581,554,576,193
581,579,554,13548
579,556,554,555
579,554,555,560
554,499,556,560
499,574,557,558
499,578,558,559
499,579,559,560
528,526,561,14148
582,583,562,14027
583,581,562,14028
581,582,562,577
584,585,563,13813
585,582,563,13776
582,584,563,578
586,587,564,13907
587,584,564,-1
584,586,564,565
588,586,565,13858
584,588,565,566
589,588,566,13859
584,589,566,579
590,591,567,13906
591,592,567,13856
592,590,567,568
593,590,568,-1
592,593,568,569
594,593,569,14107
592,594,569,570
595,594,570,610,193
592,595,570,582
596,597,571,14101
597,598,571,609,193
598,596,571,584
557,596,572,14106
596,558,572,573
596,554,573,574
596,555,574,575
596,556,575,576
596,581,576,577
596,582,577,578
596,584,578,579
596,589,579,580
599,589,580,13854
596,599,580,581
600,599,581,13854
596,600,581,584
592,600,582,13855
600,595,582,583
598,595,583,609,193
600,598,583,584
601,602,585,13756
602,603,585,13757
603,601,585,586
604,601,586,14073
603,604,586,587
605,604,587,14073
603,605,587,588
544,605,588,14091
603,544,588,599
544,542,589,599
542,538,590,591
542,539,591,600
539,537,592,601
537,535,593,602
535,531,594,595
606,531,595,605,193
535,606,595,603
607,608,596,14158
608,606,596,604,193
606,607,596,597
609,607,597,606,193
606,609,597,598
603,609,598,13758
606,603,598,603
603,542,599,600
603,539,600,601
603,537,601,602
603,535,602,603
608,532,604,14145
532,606,604,605
610,607,606,14143
609,610,606,607
611,610,607,13717
609,611,607,13965
612,613,608,13534
613,594,608,13528
594,612,608,610
597,595,609,611
595,612,610,611
597,612,611,13527
614,615,612,728,193
615,616,612,729,193
616,614,612,683
617,618,613,14606
618,614,613,728,193
614,617,613,683
619,620,614,14618
620,617,614,14606
617,619,614,615
621,619,615,14605
617,621,615,616
622,621,616,14604
617,622,616,617
623,622,617,14603
617,623,617,684
624,625,618,12511
625,623,618,14602
623,624,618,685
626,627,619,12510
627,624,619,12511
624,626,619,686
628,629,620,12531
629,630,620,12509
630,628,620,621
631,628,621,12539
630,631,621,622
632,631,622,12508
630,632,622,623
633,632,623,12507
630,633,623,624
634,633,624,12507
630,634,624,625
635,634,625,12506
630,635,625,626
636,635,626,12505
630,636,626,687
637,638,627,12504
638,636,627,12505
636,637,627,628
639,637,628,12503
636,639,628,688
640,641,629,742,193
641,639,629,12502
639,640,629,630
642,640,630,742,193
639,642,630,711
643,644,631,14388
644,642,631,747,193
642,643,631,632
645,643,632,14387
642,645,632,633
646,645,633,14386
642,646,633,634
647,646,634,12628
642,647,634,635
648,647,635,12628
642,648,635,636
649,648,636,12629
642,649,636,689
650,651,637,12630
651,649,637,12629
649,650,637,689
652,653,638,12671
653,650,638,12630
650,652,638,639
654,652,639,12672
650,654,639,640
655,654,640,12631
650,655,640,690
656,657,641,12632
657,655,641,12631
655,656,641,691
658,659,642,12691
659,656,642,12632
656,658,642,643
660,658,643,12674
656,660,643,644
661,660,644,12633
656,661,644,692
662,663,645,12634
663,661,645,12633
661,662,645,693
664,665,646,12675
665,662,646,12635
662,664,646,647
666,664,647,-2598
662,666,647,694
667,668,648,12637
668,666,648,-2598
666,667,648,695
669,670,649,12638
670,667,649,12637
667,669,649,696
671,672,650,12678
672,669,650,12638
669,671,650,651
673,671,651,12639
669,673,651,696
674,675,652,12640
675,673,652,12639
673,674,652,697
676,677,653,-2598
677,678,653,-2598
678,676,653,698
679,680,654,12644
680,676,654,12643
676,679,654,699
681,682,655,12647
682,683,655,12646
683,681,655,701
684,685,656,12681
685,681,656,12647
681,684,656,657
686,684,657,12648
681,686,657,702
687,688,658,12650
688,689,658,12649
689,687,658,659
690,687,659,12651
689,690,659,703
691,692,660,12652
692,690,660,12651
690,691,660,661
693,691,661,12653
690,693,661,723
694,695,662,12596
695,696,662,12595
696,694,662,704
697,698,663,12597
698,694,663,12596
694,697,663,664
699,697,664,12597
694,699,664,704
700,701,665,12902
701,699,665,12598
699,700,665,666
702,700,666,12903
699,702,666,705
703,704,667,739,193
704,702,667,14294
702,703,667,668
705,703,668,738,193
702,705,668,705
706,707,669,14293
707,705,669,738,193
705,706,669,670
708,706,670,737,193
705,708,670,706
709,710,671,14291
710,708,671,737,193
708,709,671,707
484,482,672,673
484,481,673,715
481,479,674,709
479,477,675,676
711,477,676,12045
479,711,676,709
712,713,677,12044
713,711,677,12045
711,712,677,678
714,712,678,12007
711,714,678,679
715,714,679,12006
711,715,679,710
716,717,680,681,193
717,715,680,12006
715,716,680,716
718,717,681,14623
716,718,681,721
719,720,682,730,193
720,718,682,14623
718,719,682,726
616,617,683,684
616,623,684,685
616,624,685,686
616,626,686,722
630,626,687,12509
626,636,687,688
626,639,688,717
642,650,689,690
642,655,690,691
642,656,691,692
642,661,692,693
642,662,693,694
642,666,694,695
642,667,695,711
667,673,696,697
667,674,697,712
678,674,698,12641
674,676,698,699
674,679,699,700
721,679,700,12644
674,721,700,713
683,721,701,12645
721,681,701,702
721,686,702,718
689,686,703,12648
686,690,703,719
696,699,704,714
699,705,705,706
699,708,706,707
699,709,707,708
486,709,708,14291
699,486,708,714
481,711,709,710
481,715,710,715
639,667,711,712
639,674,712,713
639,721,713,717
696,486,714,725
484,715,715,716
484,716,716,720
626,721,717,718
626,686,718,719
626,690,719,722
486,716,720,721
486,718,721,725
616,690,722,723
616,693,723,724
696,693,724,12595
616,696,724,727
696,718,725,726
696,719,726,727
616,719,727,729,193
618,615,728,735
615,719,729,730
615,720,730,731
722,720,731,12027
615,722,731,736
723,724,732,12026
724,722,732,12027
722,723,732,733
725,723,733,12025
722,725,733,736
618,726,734,12024
726,725,734,12025
725,618,734,735
725,615,735,736
710,706,737,12725
707,703,738,739
707,704,739,740
727,704,740,12727
707,727,740,12726
728,438,741,14235
437,728,741,14234
642,641,742,743
729,641,743,14356
642,729,743,744
730,729,744,14355
642,730,744,745
731,730,745,14354
642,731,745,746
732,731,746,14353
642,732,746,747
644,732,747,14352
733,734,748,11436
734,735,748,11807
735,733,748,755
736,737,749,11435
737,733,749,11447
733,736,749,750
738,736,750,11434
733,738,750,755
427,739,751,11433
739,738,751,11434
738,427,751,752
738,423,752,753
738,424,753,756
735,425,754,11808
424,735,754,756
735,738,755,756
422,420,757,769
420,416,758,770
417,414,759,760
417,412,760,761
740,412,761,14820
417,740,761,762
741,740,762,14921
417,741,762,763
742,741,763,11256
417,742,763,764
743,742,764,11329
417,743,764,765
744,743,765,11414
417,744,765,766
745,744,766,11406
417,745,766,767
746,745,767,11343
417,746,767,768
747,746,768,11337
417,747,768,771
422,748,769,11344
748,420,769,770
748,416,770,772
416,747,771,772
748,747,772,11344
397,421,773,11350
749,750,774,14913
750,751,774,14914
751,749,774,775
752,749,775,14912
751,752,775,776
753,752,776,14911
751,753,776,793
754,755,777,14909
755,756,777,14910
756,754,777,778
757,754,778,14908
756,757,778,794
758,759,779,14907
759,757,779,14908
757,758,779,780
760,758,780,9751
757,760,780,795
761,762,781,-55
762,760,781,9751
760,761,781,782
763,761,782,8529
760,763,782,783
764,763,783,9731
760,764,783,784
765,764,784,9732
760,765,784,785
766,765,785,9733
760,766,785,786
767,766,786,8526
760,767,786,796
768,769,787,8384
769,767,787,8525
767,768,787,788
770,768,788,8383
767,770,788,789
771,770,789,8382
767,771,789,790
772,771,790,824,193
767,772,790,791
773,772,791,833,193
767,773,791,797
774,775,792,823,193
775,773,792,838,193
773,774,792,798
751,774,793,822,193
774,753,793,798
756,753,794,14910
753,757,794,795
753,760,795,796
753,767,796,797
753,773,797,798
776,777,799,8374
777,778,799,8375
778,776,799,834
779,780,800,8372
780,776,800,8373
776,779,800,801
781,779,801,9654
776,781,801,802
782,781,802,10061
776,782,802,835
783,784,803,10071
784,785,803,10063
785,783,803,804
786,783,804,10064
785,786,804,826
787,788,805,-56
788,786,805,-55
786,787,805,806
789,787,806,10043
786,789,806,807
790,789,807,932,193
786,790,807,808
791,790,808,932,193
786,791,808,809
792,791,809,931,193
786,792,809,810
793,792,810,930,193
786,793,810,811
794,793,811,930,193
786,794,811,812
795,794,812,929,193
786,795,812,836
796,797,813,928,193
797,795,813,929,193
795,796,813,814
798,796,814,14943
795,798,814,815
799,798,815,14942
795,799,815,816
800,799,816,14942
795,800,816,827
801,802,817,14941
802,800,817,14963
800,801,817,818
803,801,818,14940
800,803,818,827
804,805,819,14937
805,806,819,14938
806,804,819,829
807,808,820,14936
808,804,820,14937
804,807,820,830
809,810,821,14934
810,807,821,14935
807,809,821,831
751,809,822,14934
809,774,822,823
809,775,823,832
811,771,824,8377
772,811,824,825
778,811,825,8376
772,778,825,833
785,782,826,10062
782,786,826,839
795,803,827,828
812,803,828,14939
795,812,828,836
806,812,829,14938
812,804,829,830
812,807,830,831
812,809,831,832
812,775,832,837
773,778,833,834
773,776,834,835
773,782,835,838
786,812,836,837
786,775,837,839
775,782,838,839
813,814,840,15060
814,312,840,15061
312,813,840,890
815,816,841,15059
816,813,841,15060
813,815,841,842
817,815,842,15058
813,817,842,891
818,819,843,15057
819,817,843,15058
817,818,843,892
820,821,844,15055
821,822,844,15056
822,820,844,893
823,824,845,15082
824,820,845,15055
820,823,845,846
825,823,846,15054
820,825,846,847
826,825,847,15054
820,826,847,848
827,826,848,15053
820,827,848,893
828,829,849,15052
829,827,849,15053
827,828,849,894
830,831,850,15051
831,828,850,15052
828,830,850,895
832,833,851,15050
833,830,851,15051
830,832,851,852
834,832,852,15049
830,834,852,912
835,836,853,15047
836,837,853,15048
837,835,853,854
838,835,854,15046
837,838,854,855
839,838,855,15045
837,839,855,896
840,841,856,15044
841,839,856,15045
839,840,856,857
842,840,857,15044
839,842,857,858
843,842,858,15043
839,843,858,859
844,843,859,15042
839,844,859,860
845,844,860,15041
839,845,860,861
846,845,861,946,193
839,846,861,862
847,846,862,945,193
839,847,862,863
848,847,863,945,193
839,848,863,897
849,850,864,15436
850,848,864,944,193
848,849,864,865
851,849,865,15435
848,851,865,898
852,853,866,15314
853,851,866,15434
851,852,866,867
854,852,867,8199
851,854,867,868
855,854,868,8198
851,855,868,898
856,857,869,8197
857,855,869,8198
855,856,869,870
858,856,870,8196
855,858,870,871
859,858,871,8195
855,859,871,872
860,859,872,8194
855,860,872,899
861,862,873,8256
862,860,873,8194
860,861,873,874
863,861,874,8193
860,863,874,875
864,863,875,8192
860,864,875,900
865,866,876,8191
866,864,876,8192
864,865,876,901
867,868,877,8190
868,865,877,8191
865,867,877,878
869,867,878,8189
865,869,878,902
870,871,879,8188
871,869,879,8189
869,870,879,880
872,870,880,8187
869,872,880,903
873,874,881,8186
874,872,881,8187
872,873,881,903
875,876,882,8234
876,873,882,8186
873,875,882,883
877,875,883,8185
873,877,883,884
878,877,884,8184
873,878,884,904
879,880,885,8232
880,878,885,8184
878,879,885,886
881,879,886,8231
878,881,886,887
882,881,887,8183
878,882,887,888
883,882,888,8183
878,883,888,905
317,883,889,8182
883,315,889,906
311,813,890,891
311,817,891,892
311,818,892,909
822,827,893,894
822,828,894,895
822,830,895,911
837,834,896,15048
834,839,896,897
834,848,897,913
848,855,898,899
848,860,899,900
848,864,900,901
848,865,901,902
848,869,902,913
869,873,903,904
869,878,904,905
869,883,905,906
869,315,906,907
869,314,907,908
869,311,908,909
869,818,909,910
822,818,910,15056
869,822,910,911
869,830,911,912
869,834,912,913
884,885,914,15003
885,886,914,15004
886,884,914,948
887,888,915,15001
888,889,915,15002
889,887,915,950
890,891,916,15016
891,887,916,15001
887,890,916,917
892,890,917,15000
887,892,917,951
893,894,918,14998
894,895,918,14999
895,893,918,919
896,893,919,14997
895,896,919,953
897,898,920,14995
898,896,920,14996
896,897,920,954
899,900,921,14992
900,901,921,14993
901,899,921,955
902,903,922,15013
903,899,922,14992
899,902,922,923
904,902,923,14991
899,904,923,924
905,904,924,14990
899,905,924,956
906,907,925,14989
907,905,925,14990
905,906,925,926
908,906,926,14989
905,908,926,957
909,910,927,14988
910,908,927,15011
908,909,927,957
796,911,928,14986
911,797,928,960
797,794,929,961
794,792,930,931
794,791,931,962
791,789,932,933
912,789,933,14856
791,912,933,934
913,912,934,15393
791,913,934,935
914,913,935,15392
791,914,935,936
915,914,936,15392
791,915,936,937
916,915,937,15391
791,916,937,963
917,918,938,15390
918,916,938,15391
916,917,938,964
919,920,939,15388
920,921,939,15389
921,919,939,965
922,923,940,15386
923,924,940,15387
924,922,940,967
925,926,941,15384
926,922,941,15385
922,925,941,968
927,928,942,15382
928,925,942,15383
925,927,942,969
850,929,943,15380
929,927,943,15381
927,850,943,944
927,848,944,970
848,846,945,946
848,845,946,947
886,845,947,15004
848,886,947,948
848,884,948,949
889,884,949,15002
848,889,949,950
848,887,950,951
848,892,951,952
895,892,952,14999
848,895,952,953
848,896,953,954
848,897,954,971
901,930,955,14993
930,899,955,956
930,905,956,973
905,909,957,958
931,909,958,14988
905,931,958,959
911,931,959,14987
905,911,959,960
905,797,960,961
905,794,961,962
905,791,962,963
905,916,963,964
905,917,964,973
921,917,965,15389
917,919,965,966
924,919,966,15387
917,924,966,967
917,922,967,968
917,925,968,969
917,927,969,970
917,848,970,971
917,897,971,972
930,897,972,14994
917,930,972,973
372,369,974,977
369,366,975,978
932,367,976,14870
366,932,976,978
372,932,977,14869
932,369,977,978
386,384,979,14863
294,289,980,14861
933,934,981,7920
934,935,981,7919
935,933,981,1027
936,937,982,7923
937,938,982,7922
938,936,982,1040
939,940,983,7918
940,941,983,7917
941,939,983,984
942,939,984,7829
941,942,984,985
943,942,985,7733
941,943,985,1028
944,945,986,7825
945,946,986,7732
946,944,986,987
947,944,987,7826
946,947,987,988
948,947,988,7796
946,948,988,989
949,948,989,7884
946,949,989,990
950,949,990,7885
946,950,990,991
951,950,991,7789
946,951,991,1029
952,953,992,7853
953,954,992,7790
954,952,992,993
955,952,993,7854
954,955,993,994
956,955,994,7855
954,956,994,995
957,956,995,7830
954,957,995,1030
958,959,996,7910
959,957,996,7830
957,958,996,997
960,958,997,7911
957,960,997,998
961,960,998,7666
957,961,998,1031
962,963,999,7289
963,961,999,7667
961,962,999,1032
964,965,1000,6759
965,966,1000,6967
966,964,1000,1001
232,964,1001,15721
966,232,1001,1002
966,231,1002,1003
966,230,1003,1004
966,229,1004,1005
966,227,1005,1034
967,228,1006,6963
227,967,1006,1035
968,969,1007,15715
969,967,1007,6962
967,968,1007,1008
970,968,1008,15704
967,970,1008,1009
971,970,1009,15677
967,971,1009,1010
972,971,1010,15692
967,972,1010,1011
973,972,1011,15691
967,973,1011,1012
974,973,1012,7461
967,974,1012,1013
975,974,1013,7461
967,975,1013,1014
976,975,1014,7766
967,976,1014,1015
977,976,1015,7765
967,977,1015,1016
978,977,1016,8143
967,978,1016,1017
979,978,1017,8143
967,979,1017,1018
980,979,1018,8275
967,980,1018,1019
981,980,1019,8130
967,981,1019,1043
982,983,1020,8132
983,984,1020,8125
984,982,1020,1021
985,982,1021,8131
984,985,1021,1022
986,985,1022,8172
984,986,1022,1023
987,986,1023,7793
984,987,1023,1024
988,987,1024,7977
984,988,1024,1036
989,990,1025,7975
990,988,1025,7977
988,989,1025,1037
935,939,1026,7918
939,989,1026,7828
989,935,1026,1027
989,933,1027,1038
941,936,1028,7917
936,943,1028,1041
946,943,1029,7732
943,951,1029,1042
954,951,1030,7789
951,957,1030,1031
951,961,1031,1032
951,962,1032,1033
966,962,1033,6967
951,966,1033,1034
951,227,1034,1035
951,967,1035,1042
984,981,1036,8125
981,988,1036,1037
981,989,1037,1038
981,933,1038,1039
938,933,1039,7921
981,938,1039,1040
981,936,1040,1041
981,943,1041,1043
943,967,1042,1043
225,223,1044,6965
991,992,1045,2210
992,993,1045,-1
993,991,1045,1057
994,995,1046,2211
995,991,1046,2210
991,994,1046,1058
996,997,1047,2212
997,994,1047,2211
994,996,1047,1048
998,996,1048,2213
994,998,1048,1049
999,998,1049,2070
994,999,1049,1050
1000,999,1050,2069
994,1000,1050,1059
1001,1002,1051,16326
1002,1000,1051,2068
1000,1001,1051,1052
1003,1001,1052,16331
1000,1003,1052,1053
1004,1003,1053,16391,47
1000,1004,1053,1059
1005,1006,1054,16397,47
1006,1007,1054,16390,47
1007,1005,1054,1055
1008,1005,1055,16396,47
1007,1008,1055,1056
993,1008,1056,-1
1007,993,1056,1057
1007,991,1057,1058
1007,994,1058,1060
994,1004,1059,1060
1007,1004,1060,16390,47
1009,1010,1061,1080
1010,1011,1061,-1
1011,1009,1061,1072
1012,1013,1062,1477
1013,1009,1062,1080
1009,1012,1062,1063
1014,1012,1063,1940
1009,1014,1063,1064
1015,1014,1064,1764
1009,1015,1064,1065
1016,1015,1065,1763
1009,1016,1065,1066
1017,1016,1066,1763
1009,1017,1066,1067
1018,1017,1067,1770
1009,1018,1067,1068
1019,1018,1068,1638
1009,1019,1068,1069
1020,1019,1069,16392
1009,1020,1069,1073
1021,1022,1070,16401
1022,1020,1070,16393
1020,1021,1070,1071
1023,1021,1071,16394
1020,1023,1071,1073
1011,1023,1072,16394
1023,1009,1072,1073
1024,1025,1074,1083
1025,1010,1074,-1
1010,1024,1074,1075
1026,1024,1075,1082
1010,1026,1075,1076
1027,1026,1076,1468
1010,1027,1076,1077
1028,1027,1077,1467
1010,1028,1077,1078
1029,1028,1078,1467
1010,1029,1078,1079
1013,1029,1079,1478
1010,1013,1079,1080
1026,1030,1081,1468
1030,1031,1081,1091
1031,1026,1081,1082
1031,1024,1082,1083
1031,1025,1083,-1
1032,1033,1084,1099
1033,1031,1084,-1
1031,1032,1084,1091
1034,1035,1085,1098
1035,1032,1085,1099
1032,1034,1085,1086
1036,1034,1086,1097
1032,1036,1086,1087
1037,1036,1087,1096
1032,1037,1087,1088
1038,1037,1088,2028
1032,1038,1088,1089
1039,1038,1089,1470
1032,1039,1089,1090
1030,1039,1090,1469
1032,1030,1090,1091
1040,1041,1092,1107
1041,1033,1092,-1
1033,1040,1092,1093
1042,1040,1093,1649
1033,1042,1093,1094
1043,1042,1094,1648
1033,1043,1094,1095
1044,1043,1095,1889
1033,1044,1095,1100
1037,1045,1096,2029
1045,1036,1096,1097
1045,1034,1097,1098
1045,1035,1098,1101
1035,1033,1099,1100
1035,1044,1100,1101
1045,1044,1101,2029
1046,1047,1102,1113
1047,1041,1102,-1
1041,1046,1102,1103
1048,1046,1103,1112
1041,1048,1103,1107
1049,1050,1104,1111
1050,1048,1104,1112
1048,1049,1104,1105
1051,1049,1105,1740
1048,1051,1105,1106
1040,1051,1106,1645
1048,1040,1106,1107
1052,1053,1108,1513
1053,1054,1108,1121
1054,1052,1108,1109
1055,1052,1109,1512
1054,1055,1109,1115
1049,1056,1110,1735
1056,1055,1110,1511
1055,1049,1110,1111
1055,1050,1111,1116
1050,1046,1112,1116
1057,1047,1113,-1
1046,1057,1113,1114
1054,1057,1114,1121
1046,1054,1114,1115
1046,1055,1115,1116
1058,1059,1117,1124
1059,1057,1117,-1
1057,1058,1117,1118
1060,1058,1118,1484
1057,1060,1118,1119
1061,1060,1119,1506
1057,1061,1119,1120
1053,1061,1120,1513
1057,1053,1120,1121
1062,1063,1122,1139
1063,1059,1122,-1
1059,1062,1122,1123
1064,1062,1123,1138
1059,1064,1123,1124
1058,1064,1124,1479
1065,1066,1125,1147
1066,1063,1125,-1
1063,1065,1125,1126
1067,1065,1126,1666
1063,1067,1126,1140
1068,1069,1127,1837
1069,1067,1127,1673
1067,1068,1127,1128
1070,1068,1128,2060
1067,1070,1128,1129
1071,1070,1129,2060
1067,1071,1129,1141
1072,1073,1130,2065
1073,1071,1130,2066
1071,1072,1130,1131
1074,1072,1131,2064
1071,1074,1131,1132
1075,1074,1132,2298
1071,1075,1132,1133
1076,1075,1133,2297
1071,1076,1133,1134
1077,1076,1134,2042
1071,1077,1134,1135
1078,1077,1135,1742
1071,1078,1135,1136
1079,1078,1136,1482
1071,1079,1136,1141
1064,1080,1137,1479
1080,1081,1137,1480
1081,1064,1137,1138
1081,1062,1138,1139
1081,1063,1139,1140
1081,1067,1140,1142
1067,1079,1141,1142
1081,1079,1142,1481
1082,1083,1143,1150
1083,1066,1143,-1
1066,1082,1143,1147
1084,1085,1144,1152
1085,1082,1144,1151
1082,1084,1144,1145
1086,1084,1145,1552
1082,1086,1145,1146
1065,1086,1146,1666
1082,1065,1146,1147
1087,1088,1148,16386,46
1088,1089,1148,-1
1089,1087,1148,1158
1083,1090,1149,-1
1090,1091,1149,16385,46
1091,1083,1149,1150
1091,1082,1150,1151
1091,1085,1151,1152
1091,1084,1152,1159
1092,1093,1153,1423
1093,1084,1153,1551
1084,1092,1153,1159
1094,1095,1154,16342
1095,1092,1154,1420
1092,1094,1154,1155
1096,1094,1155,16388,46
1092,1096,1155,1156
1097,1096,1156,16388,46
1092,1097,1156,1160
1089,1098,1157,16387,46
1098,1097,1157,16384
1097,1089,1157,1158
1097,1087,1158,1160
1091,1092,1159,1161
1092,1087,1160,1161
1091,1087,1161,16386,46
1099,1098,1162,16384,46
1098,1100,1162,16387
1100,1099,1162,1186
1101,1097,1163,16389
1097,1099,1163,16384,46
1099,1101,1163,1164
1102,1101,1164,1425
1099,1102,1164,1165
1103,1102,1165,1424
1099,1103,1165,1187
1104,1105,1166,1707
1105,1103,1166,1424
1103,1104,1166,1167
1106,1104,1167,1781
1103,1106,1167,1188
1107,1108,1168,2048
1108,1106,1168,1781
1106,1107,1168,1188
1109,1110,1169,16296
1110,1111,1169,-650
1111,1109,1169,1170
1112,1109,1170,16295
1111,1112,1170,1171
1113,1112,1171,2965
1111,1113,1171,1189
1114,1115,1172,2518
1115,1113,1172,2965
1113,1114,1172,1173
1116,1114,1173,2519
1113,1116,1173,1174
1117,1116,1174,2520
1113,1117,1174,1190
1118,1119,1175,2267
1119,1117,1175,2507
1117,1118,1175,1176
1120,1118,1176,1906
1117,1120,1176,1177
1121,1120,1177,1907
1117,1121,1177,1178
1122,1121,1178,1907
1117,1122,1178,1179
1123,1122,1179,1678
1117,1123,1179,1191
1124,1125,1180,1679
1125,1123,1180,1678
1123,1124,1180,1181
1126,1124,1181,1680
1123,1126,1181,1192
1127,1128,1182,1682
1128,1126,1182,1681
1126,1127,1182,1193
1129,1130,1183,1203
1130,1127,1183,1675
1127,1129,1183,1184
1131,1129,1184,1197
1127,1131,1184,1185
1100,1131,1185,-1
1127,1100,1185,1186
1127,1099,1186,1187
1127,1103,1187,1193
1103,1107,1188,1194
1111,1107,1189,2048
1107,1113,1189,1190
1107,1117,1190,1191
1107,1123,1191,1192
1107,1126,1192,1194
1126,1103,1193,1194
1132,1133,1195,1204
1133,1134,1195,1205
1134,1132,1195,1196
1129,1132,1196,1203
1134,1129,1196,1197
1134,1131,1197,-1
1135,1136,1198,1211
1136,1134,1198,-1
1134,1135,1198,1199
1137,1135,1199,1210
1134,1137,1199,1205
1138,1139,1200,1949
1139,1137,1200,1591
1137,1138,1200,1201
1140,1138,1201,1903
1137,1140,1201,1202
1130,1140,1202,1675
1137,1130,1202,1206
1130,1132,1203,1204
1130,1133,1204,1206
1133,1137,1205,1206
1141,1142,1207,1220
1142,1136,1207,-1
1136,1141,1207,1208
1143,1141,1208,1219
1136,1143,1208,1209
1144,1143,1209,1584
1136,1144,1209,1211
1137,1144,1210,1592
1144,1135,1210,1211
1145,1146,1212,-550
1146,1142,1212,-1
1142,1145,1212,1213
1147,1145,1213,-550
1142,1147,1213,1214
1148,1147,1214,1958
1142,1148,1214,1221
1149,1150,1215,1798
1150,1148,1215,1958
1148,1149,1215,1216
1151,1149,1216,1586
1148,1151,1216,1217
1152,1151,1217,1586
1148,1152,1217,1218
1153,1152,1218,1585
1148,1153,1218,1221
1143,1153,1219,1584
1153,1141,1219,1220
1153,1142,1220,1221
1154,1155,1222,1417
1155,1156,1222,16376
1156,1154,1222,1223
1157,1154,1223,1238
1156,1157,1223,1234
1158,1159,1224,1240
1159,1157,1224,1239
1157,1158,1224,1225
1146,1158,1225,-1
1157,1146,1225,1226
1160,1146,1226,-8743
1157,1160,1226,1227
1147,1160,1227,-8743
1157,1147,1227,1228
1161,1147,1228,2002
1157,1161,1228,1235
1162,1163,1229,2001
1163,1161,1229,2002
1161,1162,1229,1235
1164,1165,1230,1999
1165,1162,1230,2000
1162,1164,1230,1231
1166,1164,1231,16379,46
1162,1166,1231,1232
1167,1166,1232,16383,46
1162,1167,1232,1233
1156,1167,1233,16377
1162,1156,1233,1234
1162,1157,1234,1235
1168,1169,1236,1243
1169,1158,1236,-1
1158,1168,1236,1241
1170,1171,1237,1415
1171,1168,1237,1243
1168,1170,1237,1241
1154,1170,1238,1416
1170,1157,1238,1239
1170,1159,1239,1240
1170,1158,1240,1241
1169,1172,1242,-1
1172,1173,1242,16369,46
1173,1169,1242,1244
1169,1171,1243,1244
1173,1171,1244,1414
2,17,1245,1246
2,18,1246,1247
2,16,1247,1252
16,13,1248,1249
1174,13,1249,1515
16,1174,1249,1250
1175,1174,1250,16367
16,1175,1250,1251
1176,1175,1251,16368
16,1176,1251,1252
2,1176,1252,-1
1177,1178,1253,1262
1178,1,1253,-1
1,1177,1253,1254
1179,1177,1254,1263
1,1179,1254,1255
1180,1179,1255,1565
1,1180,1255,1258
4,1181,1256,1593
1181,3,1256,1257
1181,0,1257,1259
0,1180,1258,1259
1181,1180,1259,1594
1182,1183,1260,1271
1183,1184,1260,16358,50
1184,1182,1260,1267
1178,1185,1261,-1
1185,1186,1261,1269
1186,1178,1261,1262
1186,1177,1262,1263
1186,1179,1263,1264
1187,1179,1264,1563
1186,1187,1264,1265
1188,1187,1265,1711
1186,1188,1265,1266
1189,1188,1266,1762
1186,1189,1266,1268
1184,1189,1267,16351
1189,1182,1267,1268
1186,1182,1268,1270
1185,1190,1269,-1
1190,1186,1269,1270
1190,1182,1270,1273
1191,1183,1271,16352,50
1182,1191,1271,1272
1192,1191,1272,16352,50
1182,1192,1272,1273
1190,1192,1273,16357,50
1193,1194,1274,16325
1194,1184,1274,16351,50
1184,1193,1274,1275
1195,1193,1275,1788
1184,1195,1275,1276
1196,1195,1276,1846
1184,1196,1276,1277
1197,1196,1277,1809
1184,1197,1277,1278
1198,1197,1278,-8840
1184,1198,1278,1279
1199,1198,1279,-647
1184,1199,1279,1280
1200,1199,1280,1529
1184,1200,1280,1286
1201,1202,1281,1298
1202,1200,1281,1297
1200,1201,1281,1282
1203,1201,1282,-1
1200,1203,1282,1283
1204,1203,1283,16356
1200,1204,1283,1284
1205,1204,1284,16355
1200,1205,1284,1285
1206,1205,1285,16354
1200,1206,1285,1286
1184,1206,1286,16358
1207,1208,1287,1311
1208,1209,1287,1312
1209,1207,1287,1299
1210,1211,1288,2252
1211,1207,1288,1310
1207,1210,1288,1289
1212,1210,1289,2251
1207,1212,1289,1290
1213,1212,1290,2294
1207,1213,1290,1291
1214,1213,1291,2296
1207,1214,1291,1292
1215,1214,1292,2375
1207,1215,1292,1293
1216,1215,1293,2374
1207,1216,1293,1294
1217,1216,1294,1719
1207,1217,1294,1295
1218,1217,1295,1718
1207,1218,1295,1300
1200,1219,1296,1522
1219,1218,1296,1718
1218,1200,1296,1297
1218,1202,1297,1300
1209,1201,1298,-1
1202,1209,1298,1299
1202,1207,1299,1300
1220,1221,1301,1338
1221,1209,1301,-1
1209,1220,1301,1302
1222,1220,1302,1313
1209,1222,1302,1303
1223,1222,1303,1313
1209,1223,1303,1304
1224,1223,1304,1619
1209,1224,1304,1305
1225,1224,1305,1683
1209,1225,1305,1306
1226,1225,1306,1694
1209,1226,1306,1307
1227,1226,1307,1693
1209,1227,1307,1312
1228,1229,1308,1692
1229,1227,1308,1693
1227,1228,1308,1309
1211,1228,1309,2242
1227,1211,1309,1310
1227,1207,1310,1311
1227,1208,1311,1312
1220,1223,1313,1314
1230,1223,1314,1609
1220,1230,1314,1339
1231,1232,1315,1610
1232,1230,1315,1609
1230,1231,1315,1316
1233,1231,1316,1611
1230,1233,1316,1340
1234,1235,1317,1612
1235,1233,1317,1611
1233,1234,1317,1318
1236,1234,1318,1613
1233,1236,1318,1319
1237,1236,1319,1613
1233,1237,1319,1320
1238,1237,1320,2282
1233,1238,1320,1341
1239,1240,1321,2800
1240,1238,1321,2282
1238,1239,1321,1322
1241,1239,1322,1323,344
1238,1241,1322,1342
1242,1239,1323,16226
1241,1242,1323,1342
1243,1244,1324,2708
1244,1242,1324,2683
1242,1243,1324,1325
1245,1243,1325,2707
1242,1245,1325,1326
1246,1245,1326,1359
1242,1246,1326,1327
1247,1246,1327,1359
1242,1247,1327,1328
1248,1247,1328,1360
1242,1248,1328,1329
1249,1248,1329,1360
1242,1249,1329,1330
1250,1249,1330,1361
1242,1250,1330,1331
1251,1250,1331,1362
1242,1251,1331,1332
1252,1251,1332,1363
1242,1252,1332,1333
1253,1252,1333,1363
1242,1253,1333,1334
1254,1253,1334,-1
1242,1254,1334,1335
1255,1254,1335,1344
1242,1255,1335,1336
1256,1255,1336,1345
1242,1256,1336,1337
1257,1256,1337,1345
1242,1257,1337,1343
1221,1257,1338,-1
1257,1220,1338,1339
1257,1230,1339,1340
1257,1233,1340,1341
1257,1238,1341,1343
1238,1242,1342,1343
1254,1257,1344,-1
1257,1255,1344,1345
1258,1259,1346,1375
1259,1253,1346,-1
1253,1258,1346,1347
1260,1258,1347,1374
1253,1260,1347,1348
1261,1260,1348,1374
1253,1261,1348,1349
1262,1261,1349,1441
1253,1262,1349,1364
1263,1264,1350,1544
1264,1262,1350,1440
1262,1263,1350,1351
1265,1263,1351,1434
1262,1265,1351,1352
1266,1265,1352,1490
1262,1266,1352,1365
1267,1268,1353,1790
1268,1266,1353,1490
1266,1267,1353,1354
1269,1267,1354,1789
1266,1269,1354,1366
1270,1271,1355,1794
1271,1272,1355,1795
1272,1270,1355,1368
1273,1274,1356,1792
1274,1270,1356,1793
1270,1273,1356,1357
1275,1273,1357,1704
1270,1275,1357,1369
1245,1276,1358,2141
1276,1275,1358,1994
1275,1245,1358,1369
1245,1247,1359,1370
1247,1249,1360,1361
1247,1250,1361,1362
1247,1251,1362,1371
1251,1253,1363,1364
1251,1262,1364,1365
1251,1266,1365,1366
1251,1269,1366,1367
1272,1269,1367,1789
1251,1272,1367,1368
1251,1270,1368,1371
1270,1245,1369,1370
1270,1247,1370,1371
1277,1278,1372,1378
1278,1259,1372,-1
1259,1277,1372,1373
1261,1277,1373,1441
1259,1261,1373,1375
1261,1258,1374,1375
1279,1280,1376,1381
1280,1278,1376,-1
1278,1279,1376,1377
1281,1279,1377,1542
1278,1281,1377,1378
1277,1281,1378,1438
1282,1283,1379,1386
1283,1280,1379,-1
1280,1282,1379,1380
1284,1282,1380,1435
1280,1284,1380,1381
1279,1284,1381,1542
1285,1286,1382,1398
1286,1283,1382,-1
1283,1285,1382,1383
1287,1285,1383,1397
1283,1287,1383,1384
1288,1287,1384,1442
1283,1288,1384,1385
1289,1288,1385,1485
1283,1289,1385,1386
1282,1289,1386,1431
1290,1291,1387,1402
1291,1286,1387,-1
1286,1290,1387,1388
1292,1290,1388,1401
1286,1292,1388,1389
1293,1292,1389,1400
1286,1293,1389,1390
1294,1293,1390,1409
1286,1294,1390,1391
1295,1294,1391,1458
1286,1295,1391,1392
1296,1295,1392,1463
1286,1296,1392,1393
1297,1296,1393,1466
1286,1297,1393,1394
1298,1297,1394,1497
1286,1298,1394,1399
1299,1300,1395,1495
1300,1298,1395,1496
1298,1299,1395,1399
1287,1301,1396,1442
1301,1299,1396,1495
1299,1287,1396,1397
1299,1285,1397,1398
1299,1286,1398,1399
1293,1302,1400,1410
1302,1292,1400,1401
1302,1290,1401,1402
1302,1291,1402,-1
1303,1304,1403,-1
1304,1302,1403,-1
1302,1303,1403,1404
1305,1303,1404,1567
1302,1305,1404,1411
1306,1307,1405,1566
1307,1305,1405,1583
1305,1306,1405,1412
1308,1309,1406,1581
1309,1306,1406,1566
1306,1308,1406,1413
1310,1311,1407,1530
1311,1308,1407,1531
1308,1310,1407,1413
1294,1312,1408,1458
1312,1310,1408,1530
1310,1294,1408,1409
1310,1293,1409,1410
1310,1302,1410,1411
1310,1305,1411,1412
1310,1306,1412,1413
1173,1313,1414,16349,46
1313,1171,1414,1415
1313,1170,1415,1416
1313,1154,1416,1417
1313,1155,1417,1418
1314,1155,1418,16376
1313,1314,1418,1419
1315,1314,1419,16378
1313,1315,1419,16350,46
1316,1095,1420,16342
1092,1316,1420,1423
1317,1318,1421,1549
1318,1316,1421,16343
1316,1317,1421,1422
1093,1317,1422,1550
1316,1093,1422,1423
1105,1102,1424,1430
1094,1101,1425,16389
1102,1094,1425,1426
1319,1094,1426,16341,46
1102,1319,1426,1427
1320,1319,1427,16340,46
1102,1320,1427,1430
1321,1322,1428,16338
1322,1320,1428,16340,46
1320,1321,1428,1429
1105,1321,1429,1710
1320,1105,1429,1430
1323,1289,1431,1493
1282,1323,1431,1432
1324,1323,1432,1492
1282,1324,1432,1433
1265,1324,1433,1491
1282,1265,1433,1434
1282,1263,1434,1435
1284,1263,1435,1543
1325,1326,1436,-647
1326,1327,1436,-647
1327,1325,1436,1437
1328,1325,1437,-647
1327,1328,1437,-647
1329,1281,1438,1545
1277,1329,1438,1439
1264,1329,1439,1545
1277,1264,1439,1440
1277,1262,1440,1441
1288,1301,1442,1443
1330,1301,1443,1505
1288,1330,1443,1444
1331,1330,1444,1504
1288,1331,1444,1445
1332,1331,1445,1503
1288,1332,1445,1446
1333,1332,1446,1625
1288,1333,1446,1456
1334,1335,1447,1624
1335,1333,1447,1625
1333,1334,1447,1457
1336,1337,1448,1657
1337,1334,1448,1623
1334,1336,1448,1449
1338,1336,1449,1812
1334,1338,1449,1450
1339,1338,1450,1827
1334,1339,1450,1451
1340,1339,1451,1852
1334,1340,1451,1452
1341,1340,1452,1700
1334,1341,1452,1453
1342,1341,1453,1699
1334,1342,1453,1457
1343,1344,1454,1486
1344,1342,1454,1698
1342,1343,1454,1455
1288,1343,1455,1485
1342,1288,1455,1456
1342,1333,1456,1457
1295,1312,1458,1459
1345,1312,1459,1539
1295,1345,1459,1460
1346,1345,1460,1538
1295,1346,1460,1463
1347,1348,1461,1660
1348,1349,1461,1661
1349,1347,1461,1462
1297,1347,1462,1497
1349,1297,1462,1465
1296,1346,1463,1464
1350,1346,1464,1537
1296,1350,1464,1466
1349,1350,1465,1536
1350,1297,1465,1466
1029,1027,1467,1478
1027,1030,1468,1469
1027,1039,1469,1470
1027,1038,1470,1471
1351,1038,1471,2028
1027,1351,1471,1472
1352,1351,1472,2040
1027,1352,1472,1473
1353,1352,1473,1922
1027,1353,1473,1474
1354,1353,1474,1921
1027,1354,1474,1475
1355,1354,1475,1921
1027,1355,1475,1476
1012,1355,1476,1941
1027,1012,1476,1477
1027,1013,1477,1478
1058,1080,1479,1480
1058,1081,1480,1481
1058,1079,1481,1482
1058,1078,1482,1483
1356,1078,1483,1741
1058,1356,1483,1484
1060,1356,1484,1506
1289,1343,1485,1486
1289,1344,1486,1487
1357,1344,1487,1698
1289,1357,1487,1488
1358,1357,1488,1706
1289,1358,1488,1493
1268,1359,1489,1790
1359,1358,1489,1791
1358,1268,1489,1494
1268,1265,1490,1491
1268,1324,1491,1492
1268,1323,1492,1494
1323,1358,1493,1494
1301,1300,1495,1496
1301,1298,1496,1505
1298,1347,1497,1498
1360,1347,1498,1660
1298,1360,1498,1499
1361,1360,1499,1659
1298,1361,1499,1500
1362,1361,1500,1622
1298,1362,1500,1501
1363,1362,1501,1621
1298,1363,1501,1502
1332,1363,1502,1621
1298,1332,1502,1503
1298,1331,1503,1504
1298,1330,1504,1505
1061,1356,1506,1507
1364,1356,1507,1741
1061,1364,1507,1508
1365,1364,1508,1747
1061,1365,1508,1514
1366,1367,1509,1746
1367,1365,1509,1747
1365,1366,1509,1510
1056,1366,1510,1735
1365,1056,1510,1511
1365,1055,1511,1512
1365,1052,1512,1514
1052,1061,1513,1514
1174,14,1515,1521
14,11,1516,1517
14,8,1517,1518
1368,8,1518,16364
14,1368,1518,1519
1369,1368,1519,16365
14,1369,1519,1520
1370,1369,1520,16366
14,1370,1520,1521
1174,1370,1521,16366
1371,1219,1522,1726
1200,1371,1522,1529
1372,1373,1523,1725
1373,1371,1523,1726
1371,1372,1523,1524
1374,1372,1524,1806
1371,1374,1524,1525
1375,1374,1525,1805
1371,1375,1525,1526
1376,1375,1526,1804
1371,1376,1526,1527
1377,1376,1527,1803
1371,1377,1527,1528
1199,1377,1528,-8838
1371,1199,1528,1529
1312,1311,1530,1540
1378,1308,1531,1580
1311,1378,1531,1540
1379,1380,1532,1578
1380,1381,1532,1579
1381,1379,1532,1533
1382,1379,1533,1653
1381,1382,1533,1534
1383,1382,1534,1652
1381,1383,1534,1535
1349,1383,1535,1652
1381,1349,1535,1536
1381,1350,1536,1537
1381,1346,1537,1538
1381,1345,1538,1539
1381,1312,1539,1541
1312,1378,1540,1541
1381,1378,1541,1579
1281,1284,1542,1543
1281,1263,1543,1544
1281,1264,1544,1545
1322,1384,1546,16337,46
1384,1385,1546,1780
1385,1322,1546,1547
1386,1322,1547,16345
1385,1386,1547,1559
1318,1387,1548,16344
1387,1386,1548,16345
1386,1318,1548,1549
1386,1317,1549,1550
1386,1093,1550,1551
1386,1084,1551,1552
1386,1086,1552,1553
1388,1086,1553,1667
1386,1388,1553,1554
1389,1388,1554,1668
1386,1389,1554,1562
1390,1391,1555,16339,46
1391,1389,1555,1771
1389,1390,1555,1556
1392,1390,1556,16316
1389,1392,1556,1560
1393,1394,1557,16336,46
1394,1392,1557,16316
1392,1393,1557,1560
1385,1395,1558,1778
1395,1396,1558,16335,46
1396,1385,1558,1559
1396,1386,1559,1561
1389,1393,1560,1562
1396,1393,1561,16335,46
1393,1386,1561,1562
1397,1187,1563,1711
1179,1397,1563,1564
1398,1397,1564,1717
1179,1398,1564,1565
1180,1398,1565,1595
1309,1307,1566,1582
1399,1303,1567,-1
1305,1399,1567,1568
1400,1399,1568,3120
1305,1400,1568,1569
1401,1400,1569,3147
1305,1401,1569,1570
1402,1401,1570,3119
1305,1402,1570,1571
1403,1402,1571,3119
1305,1403,1571,1572
1404,1403,1572,3108
1305,1404,1572,1573
1405,1404,1573,3000
1305,1405,1573,1574
1406,1405,1574,1817
1305,1406,1574,1575
1407,1406,1575,1817
1305,1407,1575,1576
1408,1407,1576,1816
1305,1408,1576,1577
1379,1408,1577,1654
1305,1379,1577,1578
1305,1380,1578,1583
1380,1378,1579,1580
1380,1308,1580,1581
1380,1309,1581,1582
1380,1307,1582,1583
1144,1153,1584,1585
1144,1152,1585,1592
1152,1149,1586,1587
1409,1149,1587,1797
1152,1409,1587,1588
1410,1409,1588,1797
1152,1410,1588,1589
1411,1410,1589,1802
1152,1411,1589,1590
1139,1411,1590,1949
1152,1139,1590,1591
1152,1137,1591,1592
5,1181,1593,1594
5,1180,1594,1595
5,1398,1595,1596
1412,1398,1596,1717
5,1412,1596,1597
1413,1412,1597,1844
5,1413,1597,1598
1414,1413,1598,1844
5,1414,1598,1599
1415,1414,1599,1843
5,1415,1599,1600
1416,1415,1600,1842
5,1416,1600,1608
1417,1418,1601,2100
1418,1416,1601,1842
1416,1417,1601,1602
1419,1417,1602,2091
1416,1419,1602,1603
1420,1419,1603,2090
1416,1420,1603,1604
1421,1420,1604,2004
1416,1421,1604,1605
1422,1421,1605,1751
1416,1422,1605,1606
1423,1422,1606,1750
1416,1423,1606,1607
6,1423,1607,1650
1416,6,1607,1608
1223,1232,1609,1610
1223,1231,1610,1620
1231,1235,1611,1612
1231,1234,1612,1620
1234,1237,1613,1614
1424,1237,1614,2285
1234,1424,1614,1615
1425,1424,1615,1685
1234,1425,1615,1616
1426,1425,1616,1684
1234,1426,1616,1617
1427,1426,1617,1684
1234,1427,1617,1618
1224,1427,1618,1683
1234,1224,1618,1619
1234,1223,1619,1620
1332,1362,1621,1626
1337,1361,1622,1658
1362,1337,1622,1623
1362,1334,1623,1624
1362,1335,1624,1626
1335,1332,1625,1626
1428,1429,1627,16329,47
1429,1430,1627,16330,47
1430,1428,1627,1642
1431,1432,1628,16327,47
1432,1428,1628,16328,47
1428,1431,1628,1629
1433,1431,1629,16264
1428,1433,1629,1643
1434,1435,1630,16333,47
1435,1433,1630,16264
1433,1434,1630,1644
1436,1437,1631,2081
1437,1434,1631,16333,47
1434,1436,1631,1632
1438,1436,1632,2080
1434,1438,1632,1633
1439,1438,1633,2406
1434,1439,1633,1634
1440,1439,1634,1934
1434,1440,1634,1635
1441,1440,1635,1935
1434,1441,1635,1636
1442,1441,1636,1769
1434,1442,1636,1637
1018,1442,1637,1770
1434,1018,1637,1638
1434,1019,1638,1639
1443,1019,1639,16392
1434,1443,1639,1644
1003,1444,1640,16391
1444,1443,1640,16399
1443,1003,1640,1641
1430,1003,1641,16330,47
1443,1430,1641,1642
1443,1428,1642,1643
1443,1433,1643,1644
1445,1051,1645,1740
1040,1445,1645,1649
1446,1447,1646,1890
1447,1445,1646,1902
1445,1446,1646,1647
1043,1446,1647,1889
1445,1043,1647,1648
1445,1042,1648,1649
7,1423,1650,1651
1448,1423,1651,1750
7,1448,1651,1749
1349,1382,1652,1653
1349,1379,1653,1654
1349,1408,1654,1661
1449,1450,1655,1815
1450,1408,1655,1816
1408,1449,1655,1662
1451,1452,1656,1813
1452,1453,1656,1814
1453,1451,1656,1664
1336,1451,1657,1812
1451,1337,1657,1658
1451,1361,1658,1659
1451,1360,1659,1665
1360,1348,1660,1665
1348,1408,1661,1662
1348,1449,1662,1663
1453,1449,1663,1814
1348,1453,1663,1664
1348,1451,1664,1665
1067,1086,1666,1667
1067,1388,1667,1674
1454,1389,1668,1772
1388,1454,1668,1674
1455,1456,1669,1832
1456,1454,1669,1772
1454,1455,1669,1670
1457,1455,1670,1831
1454,1457,1670,1671
1458,1457,1671,1831
1454,1458,1671,1672
1069,1458,1672,1837
1454,1069,1672,1673
1454,1067,1673,1674
1127,1140,1675,1676
1459,1140,1676,1909
1127,1459,1676,1677
1122,1459,1677,1908
1127,1122,1677,1682
1122,1125,1678,1679
1122,1124,1679,1680
1122,1126,1680,1681
1122,1128,1681,1682
1225,1427,1683,1695
1427,1425,1684,1696
1460,1424,1685,2284
1425,1460,1685,1686
1461,1460,1686,2629
1425,1461,1686,1687
1462,1461,1687,2526
1425,1462,1687,1688
1463,1462,1688,2385
1425,1463,1688,1689
1464,1463,1689,2385
1425,1464,1689,1690
1465,1464,1690,2389
1425,1465,1690,1691
1466,1465,1691,2243
1425,1466,1691,1697
1228,1466,1692,2242
1466,1229,1692,1697
1229,1226,1693,1694
1229,1225,1694,1695
1229,1427,1695,1696
1229,1425,1696,1697
1357,1342,1698,1699
1357,1341,1699,1700
1357,1340,1700,1701
1467,1340,1701,1868
1357,1467,1701,1702
1468,1467,1702,2027
1357,1468,1702,1703
1469,1468,1703,1991
1357,1469,1703,1706
1275,1469,1704,1994
1469,1273,1704,1705
1358,1273,1705,1791
1469,1358,1705,1706
1470,1104,1707,1785
1105,1470,1707,1708
1471,1470,1708,1784
1105,1471,1708,1709
1472,1471,1709,16300
1105,1472,1709,1710
1321,1472,1710,16338
1397,1188,1711,1712
1473,1188,1712,1758
1397,1473,1712,1713
1474,1473,1713,1758
1397,1474,1713,1714
1475,1474,1714,1966
1397,1475,1714,1715
1476,1475,1715,2018
1397,1476,1715,1716
1412,1476,1716,1839
1397,1412,1716,1717
1219,1217,1718,1719
1219,1216,1719,1727
1477,1478,1720,2102
1478,1216,1720,2374
1216,1477,1720,1721
1479,1477,1721,2101
1216,1479,1721,1722
1480,1479,1722,1917
1216,1480,1722,1723
1481,1480,1723,1807
1216,1481,1723,1724
1372,1481,1724,1811
1216,1372,1724,1725
1216,1373,1725,1727
1373,1219,1726,1727
9,7,1728,1729
1482,7,1729,1749
9,1482,1729,1730
1483,1482,1730,1757
9,1483,1730,1731
1484,1483,1731,1880
9,1484,1731,1732
1485,1484,1732,1888
9,1485,1732,1733
1486,1485,1733,1911
9,1486,1733,1734
1487,1486,1734,16362
9,1487,1734,-646
1049,1366,1735,1736
1488,1366,1736,1746
1049,1488,1736,1737
1489,1488,1737,1943
1049,1489,1737,1738
1490,1489,1738,1897
1049,1490,1738,1739
1445,1490,1739,1902
1049,1445,1739,1740
1364,1078,1741,1742
1364,1077,1742,1743
1491,1077,1743,2042
1364,1491,1743,1744
1492,1491,1744,2047
1364,1492,1744,1745
1488,1492,1745,1943
1364,1488,1745,1748
1488,1367,1746,1748
1367,1364,1747,1748
1482,1448,1749,1757
1448,1422,1750,1751
1448,1421,1751,1752
1493,1421,1752,2004
1448,1493,1752,1753
1494,1493,1753,2014
1448,1494,1753,1754
1495,1494,1754,2013
1448,1495,1754,1755
1496,1495,1755,1881
1448,1496,1755,1756
1483,1496,1756,1880
1448,1483,1756,1757
1188,1474,1758,1759
1497,1474,1759,1977
1188,1497,1759,1760
1498,1497,1760,16267
1188,1498,1760,1761
1194,1498,1761,16325,50
1188,1194,1761,1762
1189,1194,1762,16351
1017,1015,1763,1764
1017,1014,1764,1765
1499,1014,1765,1939
1017,1499,1765,1766
1500,1499,1766,1938
1017,1500,1766,1767
1501,1500,1767,1937
1017,1501,1767,1768
1441,1501,1768,1936
1017,1441,1768,1769
1017,1442,1769,1770
1391,1502,1771,16317,46
1502,1389,1771,1777
1389,1456,1772,1773
1503,1456,1773,1832
1389,1503,1773,1774
1504,1503,1774,1833
1389,1504,1774,1775
1505,1504,1775,2183
1389,1505,1775,1776
1506,1505,1776,16318,46
1389,1506,1776,1777
1502,1506,1777,16317,46
1385,1507,1778,1779
1507,1395,1778,16314,46
1508,1507,1779,16284,46
1385,1508,1779,1780
1384,1508,1780,16301,46
1104,1108,1781,1782
1509,1108,1782,2052
1104,1509,1782,1783
1510,1509,1783,2052
1104,1510,1783,1785
1471,1510,1784,16299
1510,1470,1784,1785
1511,1498,1786,16268,50
1498,1193,1786,16325
1193,1511,1786,1787
1512,1511,1787,1973
1193,1512,1787,1788
1195,1512,1788,1851
1272,1267,1789,1796
1267,1359,1790,1796
1359,1273,1791,1792
1359,1274,1792,1793
1359,1270,1793,1794
1359,1271,1794,1795
1359,1272,1795,1796
1410,1149,1797,1802
1513,1150,1798,1965
1149,1513,1798,1799
1514,1513,1799,1964
1149,1514,1799,1800
1515,1514,1800,1951
1149,1515,1800,1801
1411,1515,1801,1950
1149,1411,1801,1802
1377,1197,1803,-8838
1197,1376,1803,1804
1197,1375,1804,1805
1197,1374,1805,1806
1197,1372,1806,1810
1516,1480,1807,1916
1481,1516,1807,1811
1196,1517,1808,1846
1517,1516,1808,1916
1516,1196,1808,1809
1516,1197,1809,1810
1516,1372,1810,1811
1338,1451,1812,1813
1338,1452,1813,1827
1452,1449,1814,1815
1452,1450,1815,1828
1450,1407,1816,1829
1407,1405,1817,1818
1518,1405,1818,3000
1407,1518,1818,1819
1519,1518,1819,1856
1407,1519,1819,1820
1520,1519,1820,1879
1407,1520,1820,1821
1521,1520,1821,1855
1407,1521,1821,1822
1522,1521,1822,1855
1407,1522,1822,1823
1523,1522,1823,1854
1407,1523,1823,1830
1524,1525,1824,1870
1525,1523,1824,1854
1523,1524,1824,1825
1526,1524,1825,1853
1523,1526,1825,1826
1339,1526,1826,1852
1523,1339,1826,1830
1339,1452,1827,1828
1339,1450,1828,1829
1339,1407,1829,1830
1458,1455,1831,1838
1455,1503,1832,1833
1455,1504,1833,1834
1527,1504,1834,2184
1455,1527,1834,1835
1528,1527,1835,2185
1455,1528,1835,1836
1068,1528,1836,2186
1455,1068,1836,1838
1068,1458,1837,1838
1529,1476,1839,2022
1412,1529,1839,1840
1530,1529,1840,2092
1412,1530,1840,1841
1418,1530,1841,2092
1412,1418,1841,1845
1418,1415,1842,1843
1418,1414,1843,1845
1414,1412,1844,1845
1195,1517,1846,1847
1531,1517,1847,1920
1195,1531,1847,1851
1532,1533,1848,1971
1533,1531,1848,1920
1531,1532,1848,1849
1534,1532,1849,1972
1531,1534,1849,1850
1512,1534,1850,1973
1531,1512,1850,1851
1340,1526,1852,1853
1340,1524,1853,1869
1525,1522,1854,1871
1522,1520,1855,1878
1535,1518,1856,3008
1519,1535,1856,1857
1536,1535,1857,3007
1519,1536,1857,1858
1537,1536,1858,2820
1519,1537,1858,1872
1538,1539,1859,2754
1539,1537,1859,2755
1537,1538,1859,1860
1540,1538,1860,2593
1537,1540,1860,1872
1541,1542,1861,2752
1542,1543,1861,2594
1543,1541,1861,1862
1544,1541,1862,2532
1543,1544,1862,1873
1545,1546,1863,2530
1546,1544,1863,2531
1544,1545,1863,1864
1547,1545,1864,2288
1544,1547,1864,1874
1548,1549,1865,2146
1549,1547,1865,2287
1547,1548,1865,1875
1550,1551,1866,2144
1551,1548,1866,2145
1548,1550,1866,1876
1467,1552,1867,2023
1552,1550,1867,2144
1550,1467,1867,1868
1550,1340,1868,1869
1550,1524,1869,1870
1550,1525,1870,1871
1550,1522,1871,1877
1519,1540,1872,1879
1543,1540,1873,2593
1540,1544,1873,1874
1540,1547,1874,1875
1540,1548,1875,1876
1540,1550,1876,1877
1540,1522,1877,1878
1540,1520,1878,1879
1484,1496,1880,1888
1553,1495,1881,2012
1496,1553,1881,1882
1554,1553,1882,2131
1496,1554,1882,1883
1555,1554,1883,2399
1496,1555,1883,1884
1556,1555,1884,2279
1496,1556,1884,1885
1557,1556,1885,2280
1496,1557,1885,1886
1558,1557,1886,2055
1496,1558,1886,1887
1485,1558,1887,1911
1496,1485,1887,1888
1044,1446,1889,1890
1044,1447,1890,1891
1559,1447,1891,1901
1044,1559,1891,1896
1560,1561,1892,1899
1561,1559,1892,1900
1559,1560,1892,1893
1562,1560,1893,2396
1559,1562,1893,1894
1563,1562,1894,2031
1559,1563,1894,1896
1044,1564,1895,2030
1564,1563,1895,2031
1563,1044,1895,1896
1565,1489,1897,1948
1490,1565,1897,1898
1560,1565,1898,2397
1490,1560,1898,1899
1490,1561,1899,1900
1490,1559,1900,1901
1490,1447,1901,1902
1566,1138,1903,1957
1140,1566,1903,1904
1567,1566,1904,2264
1140,1567,1904,1905
1568,1567,1905,2269
1140,1568,1905,1910
1118,1568,1906,2268
1568,1120,1906,1910
1120,1122,1907,1908
1120,1459,1908,1909
1120,1140,1909,1910
1486,1558,1911,1912
1569,1558,1912,2054
1486,1569,1912,1913
1570,1569,1913,2053
1486,1570,1913,1914
1571,1570,1914,16382
1486,1571,1914,1915
1572,1571,1915,16360
1486,1572,1915,16361
1517,1480,1916,1917
1517,1479,1917,1918
1573,1479,1918,2101
1517,1573,1918,1919
1533,1573,1919,1970
1517,1533,1919,1920
1355,1353,1921,1922
1355,1352,1922,1923
1574,1352,1923,2039
1355,1574,1923,1924
1575,1574,1924,2488
1355,1575,1924,1925
1576,1575,1925,2487
1355,1576,1925,1926
1577,1576,1926,2772
1355,1577,1926,1927
1578,1577,1927,2472
1355,1578,1927,1928
1579,1578,1928,2471
1355,1579,1928,1929
1580,1579,1929,2471
1355,1580,1929,1930
1581,1580,1930,2470
1355,1581,1930,1942
1582,1583,1931,2479
1583,1581,1931,2470
1581,1582,1931,1942
1584,1585,1932,2407
1585,1582,1932,2478
1582,1584,1932,1933
1439,1584,1933,2406
1582,1439,1933,1934
1582,1440,1934,1935
1582,1441,1935,1936
1582,1501,1936,1937
1582,1500,1937,1938
1582,1499,1938,1939
1582,1014,1939,1940
1582,1012,1940,1941
1582,1355,1941,1942
1489,1492,1943,1944
1586,1492,1944,2047
1489,1586,1944,1945
1587,1586,1945,2148
1489,1587,1945,1946
1588,1587,1946,2154
1489,1588,1946,1947
1589,1588,1947,2390
1489,1589,1947,1948
1565,1589,1948,2398
1138,1411,1949,1950
1138,1515,1950,1951
1138,1514,1951,1952
1590,1514,1952,1963
1138,1590,1952,1957
1591,1592,1953,2125
1592,1590,1953,1963
1590,1591,1953,1954
1593,1591,1954,2237
1590,1593,1954,1955
1594,1593,1955,2241
1590,1594,1955,1956
1566,1594,1956,2264
1590,1566,1956,1957
1150,1147,1958,1959
1595,1147,1959,1995
1150,1595,1959,1960
1596,1595,1960,2201
1150,1596,1960,1961
1597,1596,1961,2201
1150,1597,1961,1962
1592,1597,1962,2121
1150,1592,1962,1965
1592,1514,1963,1964
1592,1513,1964,1965
1598,1475,1966,-1959
1474,1598,1966,1967
1599,1598,1967,-9127
1474,1599,1967,1968
1600,1599,1968,2108
1474,1600,1968,1978
1601,1602,1969,2110
1602,1600,1969,2109
1600,1601,1969,1979
1573,1601,1970,2111
1601,1533,1970,1971
1601,1532,1971,1972
1601,1534,1972,1979
1534,1511,1973,1974
1603,1511,1974,1975,50
1534,1603,1974,1980
1604,1511,1975,16268
1603,1604,1975,1976
1497,1604,1976,16267
1603,1497,1976,1977
1603,1474,1977,1978
1603,1600,1978,1980
1600,1534,1979,1980
1605,1606,1981,16310
1606,1607,1981,16309
1607,1605,1981,1988
1608,1609,1982,16312
1609,1605,1982,16311
1605,1608,1982,1989
1610,1611,1983,16271
1611,1608,1983,16270
1608,1610,1983,1984
1612,1610,1984,2177
1608,1612,1984,1989
1613,1614,1985,2309
1614,1615,1985,2175
1615,1613,1985,1986
1616,1613,1986,16322
1615,1616,1986,1987
1607,1616,1987,16323
1615,1607,1987,1988
1615,1605,1988,1990
1605,1612,1989,1990
1615,1612,1990,2176
1617,1468,1991,2027
1469,1617,1991,1992
1618,1617,1992,2132
1469,1618,1992,1993
1276,1618,1993,2142
1469,1276,1993,1994
1619,1595,1995,2195
1147,1619,1995,1996
1620,1619,1996,2195
1147,1620,1996,1997
1621,1620,1997,2416
1147,1621,1997,1998
1622,1621,1998,16257
1147,1622,1998,2003
1164,1622,1999,16266,46
1622,1165,1999,2000
1622,1162,2000,2001
1622,1163,2001,2003
1163,1147,2002,2003
1493,1420,2004,2005
1623,1420,2005,2090
1493,1623,2005,2006
1624,1623,2006,2098
1493,1624,2006,2007
1625,1624,2007,2119
1493,1625,2007,2008
1626,1625,2008,2118
1493,1626,2008,2015
1627,1628,2009,2402
1628,1626,2009,2452
1626,1627,2009,2016
1629,1630,2010,2129
1630,1627,2010,2401
1627,1629,2010,2016
1631,1632,2011,2127
1632,1629,2011,2128
1629,1631,2011,2017
1553,1631,2012,2127
1631,1495,2012,2013
1631,1494,2013,2014
1631,1493,2014,2015
1631,1626,2015,2017
1626,1629,2016,2017
1633,1475,2018,-679
1476,1633,2018,2019
1634,1633,2019,2202
1476,1634,2019,2020
1635,1634,2020,2209
1476,1635,2020,2021
1636,1635,2021,2094
1476,1636,2021,2022
1529,1636,2022,2093
1637,1552,2023,2147
1467,1637,2023,2024
1638,1637,2024,2292
1467,1638,2024,2025
1639,1638,2025,2133
1467,1639,2025,2026
1617,1639,2026,2132
1467,1617,2026,2027
1351,1037,2028,2041
1037,1044,2029,2030
1037,1564,2030,2041
1564,1562,2031,2032
1640,1562,2032,2395
1564,1640,2032,2033
1641,1640,2033,2760
1564,1641,2033,2034
1642,1641,2034,2761
1564,1642,2034,2035
1643,1642,2035,2548
1564,1643,2035,2036
1644,1643,2036,2548
1564,1644,2036,2037
1645,1644,2037,2502
1564,1645,2037,2038
1574,1645,2038,2481
1564,1574,2038,2039
1564,1352,2039,2040
1564,1351,2040,2041
1491,1076,2042,2043
1646,1076,2043,2297
1491,1646,2043,2044
1647,1646,2044,2306
1491,1647,2044,2045
1648,1647,2045,2254
1491,1648,2045,2046
1586,1648,2046,2148
1491,1586,2046,2047
1108,1111,2048,2049
1649,1111,2049,-1930
1108,1649,2049,2050
1650,1649,2050,-649
1108,1650,2050,2051
1510,1650,2051,16298
1108,1510,2051,2052
1570,1651,2053,16381
1651,1569,2053,2054
1651,1558,2054,2055
1651,1557,2055,2056
1652,1557,2056,2281
1651,1652,2056,2057
1653,1652,2057,2281
1651,1653,2057,2058
1654,1653,2058,2270
1651,1654,2058,2059
1655,1654,2059,16265
1651,1655,2059,16380
1071,1068,2060,2061
1656,1068,2061,2187
1071,1656,2061,2066
1657,1658,2062,2300
1658,1656,2062,2540
1656,1657,2062,2063
1074,1657,2063,2299
1656,1074,2063,2064
1656,1072,2064,2065
1656,1073,2065,2066
1659,1431,2067,16327
1431,1435,2067,16264,47
1435,1659,2067,2087
1002,1659,2068,16326
1659,1000,2068,2069
1659,999,2069,2070
1659,998,2070,2071
1660,998,2071,2213
1659,1660,2071,2072
1661,1660,2072,2214
1659,1661,2072,2073
1662,1661,2073,2215
1659,1662,2073,2074
1663,1662,2074,2215
1659,1663,2074,2075
1664,1663,2075,2216
1659,1664,2075,2076
1665,1664,2076,2216
1659,1665,2076,2077
1666,1665,2077,2875
1659,1666,2077,2088
1667,1668,2078,-555
1668,1669,2078,2873
1669,1667,2078,2079
1438,1667,2079,2414
1669,1438,2079,2080
1669,1436,2080,2081
1669,1437,2081,2082
1670,1437,2082,2084,47
1669,1670,2082,2083
1671,1670,2083,2084,47
1669,1671,2083,2089
1671,1437,2084,2085
1672,1437,2085,16334
1671,1672,2085,2086
1435,1672,2086,16334
1671,1435,2086,2087
1671,1659,2087,2088
1671,1666,2088,2089
1669,1666,2089,2874
1623,1419,2090,2091
1623,1417,2091,2099
1418,1529,2092,2093
1418,1636,2093,2094
1418,1635,2094,2095
1673,1635,2095,2208
1418,1673,2095,2096
1674,1673,2096,2369
1418,1674,2096,2097
1675,1674,2097,2369
1418,1675,2097,2100
1624,1675,2098,2116
1675,1623,2098,2099
1675,1417,2099,2100
1573,1477,2101,2102
1573,1478,2102,2103
1676,1478,2103,2382
1573,1676,2103,2111
1677,1678,2104,2578
1678,1679,2104,2579
1679,1677,2104,2112
1680,1681,2105,2425
1681,1677,2105,2578
1677,1680,2105,2113
1682,1683,2106,2204
1683,1680,2106,2425
1680,1682,2106,2114
1599,1684,2107,2203
1684,1682,2107,2204
1682,1599,2107,2108
1682,1600,2108,2109
1682,1602,2109,2110
1682,1601,2110,2115
1601,1676,2111,2115
1679,1676,2112,2382
1676,1677,2112,2113
1676,1680,2113,2114
1676,1682,2114,2115
1685,1675,2116,2373
1624,1685,2116,2117
1686,1685,2117,2373
1624,1686,2117,2119
1626,1687,2118,2453
1687,1625,2118,2120
1625,1686,2119,2120
1687,1686,2120,2460
1688,1597,2121,2200
1592,1688,2121,2122
1689,1688,2122,2603
1592,1689,2122,2126
1690,1691,2123,2546
1691,1689,2123,2611
1689,1690,2123,2124
1692,1690,2124,2238
1689,1692,2124,2126
1591,1692,2125,2237
1692,1592,2125,2126
1553,1632,2127,2128
1553,1629,2128,2129
1553,1630,2129,2130
1693,1630,2130,2400
1553,1693,2130,2131
1554,1693,2131,2399
1618,1639,2132,2133
1618,1638,2133,2143
1694,1695,2134,2291
1695,1638,2134,2292
1638,1694,2134,2143
1696,1697,2135,2536
1697,1694,2135,2291
1694,1696,2135,2136
1698,1696,2136,2737
1694,1698,2136,2137
1699,1698,2137,2736
1694,1699,2137,2138
1700,1699,2138,2704
1694,1700,2138,2139
1701,1700,2139,2705
1694,1701,2139,2140
1245,1701,2140,2706
1694,1245,2140,2141
1694,1276,2141,2142
1694,1618,2142,2143
1552,1551,2144,2145
1552,1548,2145,2146
1552,1549,2146,2147
1637,1549,2147,2287
1587,1648,2148,2149
1702,1648,2149,2260
1587,1702,2149,2150
1703,1702,2150,2259
1587,1703,2150,2151
1704,1703,2151,2440
1587,1704,2151,2152
1705,1704,2152,2863
1587,1705,2152,2153
1706,1705,2153,2391
1587,1706,2153,2154
1588,1706,2154,2390
1707,1708,2155,16273
1708,1610,2155,16272
1610,1707,2155,2156
1709,1707,2156,2194
1610,1709,2156,2157
1710,1709,2157,2193
1610,1710,2157,2177
1711,1712,2158,2325
1712,1710,2158,2193
1710,1711,2158,2178
1713,1714,2159,-554
1714,1711,2159,2326
1711,1713,2159,2160
1715,1713,2160,-554
1711,1715,2160,2161
1716,1715,2161,3646
1711,1716,2161,2162
1717,1716,2162,3650
1711,1717,2162,2163
1718,1717,2163,3779
1711,1718,2163,2164
1719,1718,2164,3536
1711,1719,2164,2165
1720,1719,2165,3535
1711,1720,2165,2166
1721,1720,2166,3535
1711,1721,2166,2167
1722,1721,2167,3534
1711,1722,2167,2168
1723,1722,2168,3534
1711,1723,2168,2169
1724,1723,2169,3178
1711,1724,2169,2170
1725,1724,2170,3177
1711,1725,2170,2171
1726,1725,2171,2940
1711,1726,2171,2179
1727,1728,2172,2312
1728,1726,2172,2313
1726,1727,2172,2179
1729,1730,2173,2310
1730,1727,2173,2311
1727,1729,2173,2180
1614,1731,2174,2309
1731,1729,2174,2310
1729,1614,2174,2175
1729,1615,2175,2176
1729,1612,2176,2181
1612,1710,2177,2178
1612,1711,2178,2181
1711,1727,2179,2180
1711,1729,2180,2181
1505,1732,2182,16263,46
1732,1733,2182,16258,46
1733,1505,2182,2183
1733,1504,2183,2184
1733,1527,2184,2185
1733,1528,2185,2186
1733,1068,2186,2187
1733,1656,2187,2188
1734,1656,2188,2540
1733,1734,2188,2189
1735,1734,2189,2539
1733,1735,2189,2190
1736,1735,2190,16241
1733,1736,2190,16258,46
1737,1738,2191,2324
1738,1707,2191,16273
1707,1737,2191,2192
1712,1737,2192,2324
1707,1712,2192,2194
1712,1709,2193,2194
1595,1620,2195,2196
1739,1620,2196,2417
1595,1739,2196,2197
1740,1739,2197,2418
1595,1740,2197,2198
1741,1740,2198,2619
1595,1741,2198,2199
1688,1741,2199,2603
1595,1688,2199,2200
1595,1597,2200,2201
1599,1633,2202,-679
1634,1599,2202,2203
1634,1684,2203,2209
1684,1683,2204,2205
1742,1683,2205,2424
1684,1742,2205,2206
1743,1742,2206,2424
1684,1743,2206,2207
1673,1743,2207,2370
1684,1673,2207,2208
1684,1635,2208,2209
992,995,2210,2230
995,997,2211,2212
995,996,2212,2231
996,1660,2213,2214
996,1661,2214,2232
1661,1663,2215,2233
1663,1665,2216,2217
1744,1665,2217,2876
1663,1744,2217,2234
1745,1746,2218,3459
1746,1744,2218,2877
1744,1745,2218,2235
1747,1748,2219,3458
1748,1745,2219,3459
1745,1747,2219,2220
1749,1747,2220,3944
1745,1749,2220,2221
1750,1749,2221,3934
1745,1750,2221,2222
1751,1750,2222,4343
1745,1751,2222,2223
1752,1751,2223,3314
1745,1752,2223,2224
1753,1752,2224,3315
1745,1753,2224,2225
1754,1753,2225,3316
1745,1754,2225,2226
1755,1754,2226,3316
1745,1755,2226,2227
1756,1755,2227,3317
1745,1756,2227,2236
1757,1758,2228,3318
1758,1756,2228,3317
1756,1757,2228,2236
992,1759,2229,-1
1759,1757,2229,3318
1757,992,2229,2230
1757,995,2230,2231
1757,996,2231,2232
1757,1661,2232,2233
1757,1663,2233,2234
1757,1744,2234,2235
1757,1745,2235,2236
1593,1692,2237,2238
1593,1690,2238,2239
1760,1690,2239,2547
1593,1760,2239,2240
1761,1760,2240,2508
1593,1761,2240,2241
1594,1761,2241,2265
1211,1466,2242,2243
1211,1465,2243,2244
1762,1465,2244,2389
1211,1762,2244,2245
1763,1762,2245,2388
1211,1763,2245,2253
1764,1765,2246,2588
1765,1763,2246,2589
1763,1764,2246,2253
1766,1767,2247,2666
1767,1764,2247,2588
1764,1766,2247,2248
1768,1766,2248,2377
1764,1768,2248,2249
1769,1768,2249,2295
1764,1769,2249,2250
1212,1769,2250,2294
1764,1212,2250,2251
1764,1210,2251,2252
1764,1211,2252,2253
1770,1647,2254,2305
1648,1770,2254,2261
1771,1772,2255,2304
1772,1770,2255,2305
1770,1771,2255,2262
1773,1774,2256,2432
1774,1771,2256,2303
1771,1773,2256,2262
1775,1776,2257,2442
1776,1777,2257,2443
1777,1775,2257,2258
1703,1775,2258,2441
1777,1703,2258,2259
1777,1702,2259,2260
1777,1648,2260,2261
1777,1770,2261,2263
1770,1773,2262,2263
1777,1773,2263,2432
1567,1594,2264,2265
1567,1761,2265,2269
1119,1778,2266,2507
1778,1761,2266,2522
1761,1119,2266,2267
1761,1118,2267,2268
1761,1568,2268,2269
1622,1654,2270,16265
1653,1622,2270,2271
1779,1622,2271,16257,46
1653,1779,2271,2272
1780,1779,2272,16256,46
1653,1780,2272,2273
1781,1780,2273,16253
1653,1781,2273,2274
1782,1781,2274,2567
1653,1782,2274,2275
1783,1782,2275,2566
1653,1783,2275,2276
1784,1783,2276,2565
1653,1784,2276,2277
1785,1784,2277,2571
1653,1785,2277,2278
1555,1785,2278,2405
1653,1555,2278,2279
1653,1556,2279,2280
1653,1557,2280,2281
1237,1240,2282,2285
1460,1786,2283,2629
1786,1787,2283,2675
1787,1460,2283,2284
1787,1424,2284,2286
1424,1240,2285,2286
1787,1240,2286,2791
1637,1547,2287,2288
1637,1545,2288,2289
1788,1545,2289,2530
1637,1788,2289,2290
1697,1788,2290,2536
1637,1697,2290,2293
1697,1695,2291,2293
1695,1637,2292,2293
1213,1769,2294,2295
1213,1768,2295,2296
1214,1768,2296,2376
1646,1075,2297,2298
1646,1074,2298,2299
1646,1657,2299,2300
1646,1658,2300,2301
1789,1658,2301,2541
1646,1789,2301,2302
1790,1789,2302,2802
1646,1790,2302,2307
1774,1790,2303,2433
1790,1771,2303,2304
1790,1772,2304,2307
1772,1647,2305,2306
1772,1646,2306,2307
1613,1791,2308,16321
1791,1792,2308,-8745
1792,1613,2308,2322
1613,1731,2309,2323
1731,1730,2310,2311
1731,1727,2311,2312
1731,1728,2312,2323
1793,1726,2313,2939
1728,1793,2313,2314
1794,1793,2314,2939
1728,1794,2314,2315
1795,1794,2315,2944
1728,1795,2315,2316
1796,1795,2316,2446
1728,1796,2316,2317
1797,1796,2317,2445
1728,1797,2317,2318
1798,1797,2318,2444
1728,1798,2318,2319
1799,1798,2319,2444
1728,1799,2319,2320
1800,1799,2320,2451
1728,1800,2320,2321
1792,1800,2321,-16938
1728,1792,2321,2322
1728,1613,2322,2323
1738,1712,2324,2325
1738,1711,2325,2326
1738,1714,2326,2327
1801,1714,2327,-810
1738,1801,2327,2352
1802,1715,2328,3646
1715,1801,2328,-810
1801,1802,2328,2329
1803,1802,2329,3466
1801,1803,2329,2330
1804,1803,2330,3460
1801,1804,2330,2353
1805,1806,2331,3461
1806,1804,2331,3460
1804,1805,2331,2354
1807,1808,2332,3781
1808,1809,2332,3463
1809,1807,2332,2333
1810,1807,2333,3782
1809,1810,2333,2355
1811,1812,2334,4092
1812,1810,2334,3782
1810,1811,2334,2335
1813,1811,2335,4093
1810,1813,2335,2356
1814,1815,2336,4109
1815,1813,2336,4094
1813,1814,2336,2357
1816,1817,2337,4095
1817,1814,2337,4106
1814,1816,2337,2357
1818,1819,2338,3524
1819,1820,2338,3523
1820,1818,2338,2360
1821,1822,2339,3338
1822,1818,2339,3517
1818,1821,2339,2340
1823,1821,2340,2515
1818,1823,2340,2341
1824,1823,2341,2516
1818,1824,2341,2342
1825,1824,2342,2964
1818,1825,2342,2343
1826,1825,2343,2963
1818,1826,2343,2360
1827,1828,2344,2345,46
1828,1826,2344,2962
1826,1827,2344,2361
1829,1828,2345,16160
1827,1829,2345,2346
1830,1829,2346,16159
1827,1830,2346,2362
1831,1832,2347,16158
1832,1830,2347,16159
1830,1831,2347,2362
1833,1834,2348,16156
1834,1831,2348,16157
1831,1833,2348,2368
1835,1836,2349,16277
1836,1833,2349,16155
1833,1835,2349,2363
1837,1838,2350,16276
1838,1835,2350,16277
1835,1837,2350,2351
1839,1837,2351,16275
1835,1839,2351,2363
1738,1839,2352,16274
1839,1801,2352,2353
1839,1804,2353,2354
1839,1805,2354,2364
1809,1805,2355,3462
1805,1810,2355,2356
1805,1813,2356,2365
1813,1816,2357,2358
1840,1816,2358,4095
1813,1840,2358,2359
1820,1840,2359,3522
1813,1820,2359,2366
1820,1826,2360,2361
1820,1827,2361,2366
1827,1831,2362,2367
1833,1839,2363,2364
1833,1805,2364,2365
1833,1813,2365,2368
1813,1827,2366,2367
1813,1831,2367,2368
1675,1673,2369,2370
1675,1743,2370,2371
1841,1743,2371,2431
1675,1841,2371,2372
1686,1841,2372,2460
1675,1686,2372,2373
1478,1215,2374,2375
1478,1214,2375,2376
1478,1768,2376,2377
1478,1766,2377,2378
1842,1766,2378,2666
1478,1842,2378,2379
1843,1842,2379,2817
1478,1843,2379,2380
1844,1843,2380,2816
1478,1844,2380,2383
1845,1846,2381,2580
1846,1844,2381,2581
1844,1845,2381,2383
1679,1478,2382,2384
1478,1845,2383,2384
1679,1845,2384,2579
1464,1462,2385,2386
1847,1462,2386,2529
1464,1847,2386,2387
1763,1847,2387,2590
1464,1763,2387,2388
1464,1762,2388,2389
1589,1706,2390,2391
1589,1705,2391,2392
1848,1705,2392,2864
1589,1848,2392,2393
1849,1848,2393,2971
1589,1849,2393,2398
1640,1850,2394,2759
1850,1849,2394,2972
1849,1640,2394,2395
1849,1562,2395,2396
1849,1560,2396,2397
1849,1565,2397,2398
1555,1693,2399,2400
1555,1630,2400,2401
1555,1627,2401,2402
1555,1628,2402,2403
1851,1628,2403,2452
1555,1851,2403,2404
1852,1851,2404,2459
1555,1852,2404,2405
1785,1852,2405,2571
1438,1584,2406,2415
1853,1585,2407,2477
1584,1853,2407,2408
1854,1853,2408,2476
1584,1854,2408,2409
1855,1854,2409,2853
1584,1855,2409,2410
1856,1855,2410,2887
1584,1856,2410,2411
1857,1856,2411,2872
1584,1857,2411,2415
1858,1859,2412,-554
1859,1857,2412,2872
1857,1858,2412,2413
1667,1858,2413,-10027
1857,1667,2413,2414
1857,1438,2414,2415
1621,1860,2416,16255
1860,1620,2416,2417
1860,1739,2417,2418
1860,1740,2418,2419
1861,1740,2419,2618
1860,1861,2419,2420
1862,1861,2420,16234
1860,1862,2420,2421
1863,1862,2421,16254,46
1860,1863,2421,2422
1864,1863,2422,16245
1860,1864,2422,2423
1780,1864,2423,16253,46
1860,1780,2423,16255
1743,1683,2424,2431
1683,1681,2425,2426
1865,1681,2426,2586
1683,1865,2426,2427
1866,1865,2427,2766
1683,1866,2427,2428
1867,1866,2428,2771
1683,1867,2428,2429
1868,1867,2429,2657
1683,1868,2429,2430
1841,1868,2430,2461
1683,1841,2430,2431
1777,1774,2432,2433
1777,1790,2433,2434
1869,1790,2434,2803
1777,1869,2434,2435
1870,1869,2435,2896
1777,1870,2435,2436
1871,1870,2436,2896
1777,1871,2436,2437
1872,1871,2437,2897
1777,1872,2437,2438
1873,1872,2438,2898
1777,1873,2438,2439
1874,1873,2439,2862
1777,1874,2439,2443
1704,1874,2440,2863
1874,1703,2440,2441
1874,1775,2441,2442
1874,1776,2442,2443
1799,1797,2444,2445
1799,1796,2445,2446
1799,1795,2446,2447
1875,1795,2447,2944
1799,1875,2447,2448
1876,1875,2448,2904
1799,1876,2448,2449
1877,1876,2449,2601
1799,1877,2449,2450
1878,1877,2450,16260
1799,1878,2450,2451
1800,1878,2451,16261
1851,1626,2452,2453
1851,1687,2453,2454
1879,1687,2454,2467
1851,1879,2454,2455
1880,1879,2455,2633
1851,1880,2455,2456
1881,1880,2456,2640
1851,1881,2456,2457
1882,1881,2457,2826
1851,1882,2457,2458
1883,1882,2458,2573
1851,1883,2458,2459
1852,1883,2459,2572
1687,1841,2460,2468
1884,1868,2461,2662
1841,1884,2461,2469
20,1885,2462,3012
1885,1884,2462,2661
1884,20,2462,2463
1884,21,2463,2464
1886,21,2464,2653
1884,1886,2464,2465
1887,1886,2465,2652
1884,1887,2465,2469
1879,1888,2466,2633
1888,1887,2466,2652
1887,1879,2466,2467
1887,1687,2467,2468
1887,1841,2468,2469
1583,1580,2470,2480
1580,1578,2471,2472
1580,1577,2472,2473
1889,1577,2473,2778
1580,1889,2473,2474
1890,1889,2474,2850
1580,1890,2474,2480
1854,1891,2475,2852
1891,1890,2475,2851
1890,1854,2475,2476
1890,1853,2476,2477
1890,1585,2477,2478
1890,1582,2478,2479
1890,1583,2479,2480
1892,1645,2481,2503
1574,1892,2481,2482
1893,1892,2482,2490
1574,1893,2482,2489
1894,1895,2483,2505
1895,1893,2483,2490
1893,1894,2483,2484
1896,1894,2484,2491
1893,1896,2484,2489
1897,1898,2485,2773
1898,1896,2485,2774
1896,1897,2485,2486
1576,1897,2486,2772
1896,1576,2486,2487
1896,1575,2487,2488
1896,1574,2488,2489
1892,1895,2490,2504
1899,1896,2491,-1930
1894,1899,2491,2492
1900,1899,2492,2847
1894,1900,2492,2493
1901,1900,2493,16251,46
1894,1901,2493,2494
1902,1901,2494,16250,46
1894,1902,2494,2495
1903,1902,2495,16249,46
1894,1903,2495,2496
1904,1903,2496,16201
1894,1904,2496,2497
1905,1904,2497,3091
1894,1905,2497,2498
1906,1905,2498,3090
1894,1906,2498,2499
1907,1906,2499,3090
1894,1907,2499,2500
1908,1907,2500,3100
1894,1908,2500,2506
1909,1910,2501,2557
1910,1908,2501,-906
1908,1909,2501,2506
1644,1909,2502,2558
1909,1645,2502,2503
1909,1892,2503,2504
1909,1895,2504,2505
1909,1894,2505,2506
1117,1778,2507,2521
1911,1760,2508,2547
1761,1911,2508,2509
1912,1911,2509,2609
1761,1912,2509,2523
1913,1914,2510,2871
1914,1912,2510,2609
1912,1913,2510,2523
1915,1916,2511,2916
1916,1917,2511,2870
1917,1915,2511,2512
1918,1915,2512,3282
1917,1918,2512,2513
1919,1918,2513,3284
1917,1919,2513,2514
1920,1919,2514,3326
1917,1920,2514,2524
1821,1920,2515,3339
1920,1823,2515,2516
1920,1824,2516,2517
1115,1824,2517,2964
1920,1115,2517,2518
1920,1114,2518,2519
1920,1116,2519,2520
1920,1117,2520,2521
1920,1778,2521,2522
1920,1761,2522,2525
1761,1913,2523,2525
1917,1913,2524,2871
1913,1920,2524,2525
1921,1461,2526,2632
1462,1921,2526,2527
1922,1921,2527,2680
1462,1922,2527,2528
1923,1922,2528,2670
1462,1923,2528,2529
1847,1923,2529,2673
1788,1546,2530,2531
1788,1544,2531,2532
1788,1541,2532,2533
1924,1541,2533,2752
1788,1924,2533,2534
1925,1924,2534,2714
1788,1925,2534,2535
1696,1925,2535,2738
1788,1696,2535,2536
1926,1927,2537,16243
1927,1928,2537,16246,46
1928,1926,2537,2538
1735,1926,2538,16242
1928,1735,2538,2539
1928,1734,2539,2545
1734,1658,2540,2541
1734,1789,2541,2542
1929,1789,2542,2802
1734,1929,2542,2543
1930,1929,2543,2801
1734,1930,2543,2544
1931,1930,2544,16244
1734,1931,2544,2545
1928,1931,2545,16246,46
1911,1691,2546,2610
1690,1911,2546,2547
1644,1642,2548,2549
1932,1642,2549,2762
1644,1932,2549,2550
1933,1932,2550,16098
1644,1933,2550,2551
1934,1933,2551,3056
1644,1934,2551,2552
1935,1934,2552,3056
1644,1935,2552,2553
1936,1935,2553,3057
1644,1936,2553,2554
1937,1936,2554,3058
1644,1937,2554,2558
1938,1939,2555,-9098
1939,1937,2555,3098
1937,1938,2555,2556
1910,1938,2556,-9099
1937,1910,2556,2557
1937,1909,2557,2558
1940,1941,2559,2650
1941,1863,2559,16254
1863,1940,2559,2570
1942,1943,2560,-8745
1943,1940,2560,2649
1940,1942,2560,2561
1944,1942,2561,2779
1940,1944,2561,2562
1945,1944,2562,2779
1940,1945,2562,2563
1946,1945,2563,2831
1940,1946,2563,2564
1784,1946,2564,2576
1940,1784,2564,2565
1940,1783,2565,2566
1940,1782,2566,2567
1940,1781,2567,2568
1864,1781,2568,16253
1940,1864,2568,2569
1947,1864,2569,16245,46
1940,1947,2569,2570
1863,1947,2570,16245,46
1784,1852,2571,2572
1784,1883,2572,2577
1948,1882,2573,2826
1883,1948,2573,2574
1949,1948,2574,2825
1883,1949,2574,2575
1950,1949,2575,2825
1883,1950,2575,2577
1946,1950,2576,2832
1950,1784,2576,2577
1681,1678,2578,2586
1678,1845,2579,2580
1678,1846,2580,2581
1678,1844,2581,2582
1951,1844,2582,2815
1678,1951,2582,2587
1952,1953,2583,2954
1953,1951,2583,2814
1951,1952,2583,2584
1954,1952,2584,2918
1951,1954,2584,2585
1865,1954,2585,2766
1951,1865,2585,2587
1865,1678,2586,2587
1767,1765,2588,2589
1767,1763,2589,2590
1767,1847,2590,2591
1955,1847,2591,2673
1767,1955,2591,2592
1956,1955,2592,2838
1767,1956,2592,2667
1543,1538,2593,2594
1542,1538,2594,2753
1931,1927,2595,16246
1927,1957,2595,16243,46
1957,1931,2595,2596
1958,1931,2596,16244,46
1957,1958,2596,2597
1959,1958,2597,16210
1957,1959,2597,2598
1960,1959,2598,16209
1957,1960,2598,2599
1961,1960,2599,2908
1957,1961,2599,2600
1876,1961,2600,2904
1957,1876,2600,2601
1957,1877,2601,2602
1736,1877,2602,16259
1957,1736,2602,16241,46
1689,1741,2603,2604
1962,1741,2604,2620
1689,1962,2604,2605
1963,1962,2605,2621
1689,1963,2605,2611
1964,1965,2606,3292
1965,1963,2606,2622
1963,1964,2606,2612
1966,1967,2607,3197
1967,1964,2607,3198
1964,1966,2607,2612
1968,1969,2608,2909
1969,1966,2608,3197
1966,1968,2608,2613
1914,1911,2609,2610
1914,1691,2610,2616
1691,1963,2611,2616
1963,1966,2612,2613
1963,1968,2613,2614
1970,1968,2614,2909
1963,1970,2614,2615
1914,1970,2615,2869
1963,1914,2615,2616
1861,1971,2617,16234
1971,1972,2617,16236,46
1972,1861,2617,2618
1972,1740,2618,2619
1972,1741,2619,2620
1972,1962,2620,2621
1972,1963,2621,2628
1973,1965,2622,3285
1963,1973,2622,2623
1974,1973,2623,16073
1963,1974,2623,2624
1975,1974,2624,16237,46
1963,1975,2624,2625
1976,1975,2625,16237,46
1963,1976,2625,2626
1977,1976,2626,16235
1963,1977,2626,2627
1978,1977,2627,16235
1963,1978,2627,2628
1972,1978,2628,16236,46
1461,1786,2629,2632
1979,1980,2630,2674
1980,1786,2630,2681
1786,1979,2630,2631
1921,1979,2631,2674
1786,1921,2631,2632
1880,1888,2633,2634
1981,1888,2634,2656
1880,1981,2634,2635
1982,1981,2635,2833
1880,1982,2635,2641
45,1982,2636,2837
1982,43,2636,2637
1982,42,2637,2642
1983,1984,2638,2782
1984,42,2638,2783
42,1983,2638,2639
1985,1983,2639,2828
42,1985,2639,2642
1881,1985,2640,2827
1985,1880,2640,2641
1985,1982,2641,2642
1978,1971,2643,16236
1971,1862,2643,16234,46
1862,1978,2643,2644
1976,1978,2644,16235,46
1862,1976,2644,2645
1986,1976,2645,16240
1862,1986,2645,2651
1987,1988,2646,2953
1988,1986,2646,2978
1986,1987,2646,2647
1989,1987,2647,2789
1986,1989,2647,2648
1943,1989,2648,-8745
1986,1943,2648,2649
1986,1940,2649,2650
1986,1941,2650,2651
1862,1941,2651,16254
1888,1886,2652,2653
1888,21,2653,2654
1888,22,2654,2655
1990,22,2655,2834
1888,1990,2655,2656
1981,1990,2656,2833
1991,1867,2657,2771
1868,1991,2657,2663
1992,1993,2658,2929
1993,1991,2658,2770
1991,1992,2658,2664
1994,1995,2659,3169
1995,1992,2659,3170
1992,1994,2659,2664
1885,1996,2660,3012
1996,1997,2660,3013
1997,1885,2660,2661
1997,1884,2661,2662
1997,1868,2662,2663
1997,1991,2663,2665
1991,1994,2664,2665
1997,1994,2665,3064
1842,1767,2666,2667
1842,1956,2667,2668
1998,1956,2668,2843
1842,1998,2668,2669
1999,1998,2669,2983
1842,1999,2669,2810
2000,1922,2670,2679
1923,2000,2670,2671
2001,2000,2671,2903
1923,2001,2671,2672
1955,2001,2672,2838
1923,1955,2672,2673
1921,1980,2674,2680
2002,1787,2675,2791
1786,2002,2675,2681
2003,2004,2676,2793
2004,2002,2676,2792
2002,2003,2676,2677
2005,2003,2677,2938
2002,2005,2677,2678
2000,2005,2678,2901
2002,2000,2678,2679
2002,1922,2679,2682
1922,1980,2680,2682
1980,2002,2681,2682
2006,1242,2683,16226
1244,2006,2683,2684
2007,2006,2684,16225
1244,2007,2684,2685
2008,2007,2685,16224
1244,2008,2685,2709
2009,2010,2686,16222
2010,2008,2686,16223
2008,2009,2686,2687
2011,2009,2687,3701
2008,2011,2687,2688
2012,2011,2688,3627
2008,2012,2688,2689
2013,2012,2689,3627
2008,2013,2689,2690
2014,2013,2690,3633
2008,2014,2690,2691
2015,2014,2691,2692,93
2008,2015,2691,2710
2016,2014,2692,16012
2015,2016,2692,2693
2017,2016,2693,16012
2015,2017,2693,2711
2018,2019,2694,3953
2019,2017,2694,16011
2017,2018,2694,2695
2020,2018,2695,3970
2017,2020,2695,2696
2021,2020,2696,2730
2017,2021,2696,2697
2022,2021,2697,2731
2017,2022,2697,2698
2023,2022,2698,2732
2017,2023,2698,2712
2024,2025,2699,2749
2025,2023,2699,2732
2023,2024,2699,2700
2026,2024,2700,2745
2023,2026,2700,2701
2027,2026,2701,2733
2023,2027,2701,2702
2028,2027,2702,2733
2023,2028,2702,2712
2029,2030,2703,2735
2030,2028,2703,2734
2028,2029,2703,2713
1699,2029,2704,2735
2029,1700,2704,2705
2029,1701,2705,2706
2029,1245,2706,2707
2029,1243,2707,2708
2029,1244,2708,2709
2029,2008,2709,2710
2029,2015,2710,2711
2029,2017,2711,2713
2017,2028,2712,2713
2031,1924,2714,2756
1925,2031,2714,2715
2032,2031,2715,2824
1925,2032,2715,2739
2033,2034,2716,3278
2034,2035,2716,3086
2035,2033,2716,2741
2036,2037,2717,3260
2037,2033,2717,3278
2033,2036,2717,2718
2038,2036,2718,3141
2033,2038,2718,2719
2039,2038,2719,3140
2033,2039,2719,2720
2040,2039,2720,3664
2033,2040,2720,2721
2041,2040,2721,3636
2033,2041,2721,2722
2042,2041,2722,3636
2033,2042,2722,2742
2043,2044,2723,3670
2044,2045,2723,3640
2045,2043,2723,2724
2046,2043,2724,3134
2045,2046,2724,2725
2047,2046,2725,3133
2045,2047,2725,2726
2048,2047,2726,3967
2045,2048,2726,2727
2049,2048,2727,3968
2045,2049,2727,2728
2050,2049,2728,3969
2045,2050,2728,2743
2020,2051,2729,3970
2051,2050,2729,3969
2050,2020,2729,2730
2050,2021,2730,2731
2050,2022,2731,2744
2022,2025,2732,2748
2026,2028,2733,2734
2026,2030,2734,2745
2030,1699,2735,2736
2030,1698,2736,2737
2030,1696,2737,2738
2030,1925,2738,2739
2030,2032,2739,2740
2035,2032,2740,3087
2030,2035,2740,2741
2030,2033,2741,2742
2030,2042,2742,2746
2045,2052,2743,3641
2052,2050,2743,2744
2052,2022,2744,2747
2024,2030,2745,2746
2024,2042,2746,2749
2052,2053,2747,3642
2053,2022,2747,2748
2053,2025,2748,2751
2025,2042,2749,2750
2054,2042,2750,3644
2025,2054,2750,2751
2053,2054,2751,3643
1924,1542,2752,2753
1924,1538,2753,2754
1924,1539,2754,2756
2031,1537,2755,2824
1539,2031,2755,2756
2055,2056,2757,2974
2056,2057,2757,2975
2057,2055,2757,2758
1850,2055,2758,2973
2057,1850,2758,2759
2057,1640,2759,2760
2057,1641,2760,2761
2057,1642,2761,2762
2057,1932,2762,2765
2058,2059,2763,16232,46
2059,1932,2763,16098
1932,2058,2763,2765
2057,2060,2764,3241
2060,2058,2764,16232,46
2058,2057,2764,2765
1866,1954,2766,2767
2061,1954,2767,2918
1866,2061,2767,2768
2062,2061,2768,2931
1866,2062,2768,2769
1993,2062,2769,2930
1866,1993,2769,2770
1866,1991,2770,2771
1577,1897,2772,2773
1577,1898,2773,2778
2063,1896,2774,-9099
1898,2063,2774,2775
2064,2063,2775,-650
1898,2064,2775,2776
2065,2064,2776,2849
1898,2065,2776,2777
1889,2065,2777,2849
1898,1889,2777,2778
1942,1945,2779,2780
2066,1945,2780,2830
1942,2066,2780,2781
1983,2066,2781,2829
1942,1983,2781,2782
1942,1984,2782,2783
1942,42,2783,2784
1942,40,2784,2785
2067,40,2785,3156
1942,2067,2785,2786
2068,2067,2786,3155
1942,2068,2786,2787
2069,2068,2787,3155
1942,2069,2787,2788
1987,2069,2788,2945
1942,1987,2788,2789
1942,1989,2789,2790
2070,1989,2790,-8744
1942,2070,2790,-8744
1240,2002,2791,2792
1240,2004,2792,2793
1240,2003,2793,2794
2071,2003,2794,2933
1240,2071,2794,2795
2072,2071,2795,2933
1240,2072,2795,2800
2073,2074,2796,3072
2074,2072,2796,2934
2072,2073,2796,2797
2075,2073,2797,3077
2072,2075,2797,2798
2076,2075,2798,3076
2072,2076,2798,2799
1239,2076,2799,16212,344
2072,1239,2799,2800
1930,1958,2801,16244
1958,1929,2801,2807
1929,1790,2802,2803
1929,1869,2803,2808
2077,2078,2804,16204,46
2078,2079,2804,2894
2079,2077,2804,2805
2080,2077,2805,16203,46
2079,2080,2805,2809
1958,2081,2806,16211,46
2081,2080,2806,16203,46
2080,1958,2806,2807
2080,1929,2807,2808
2080,1869,2808,2809
2079,1869,2809,2895
2082,1999,2810,2983
1842,2082,2810,2811
2083,2082,2811,2987
1842,2083,2811,2817
2084,2085,2812,2956
2085,2086,2812,3019
2086,2084,2812,2813
2087,2084,2813,2955
2086,2087,2813,2819
1953,2087,2814,2954
2087,1951,2814,2815
2087,1844,2815,2816
2087,1843,2816,2819
1843,2083,2817,2818
2086,2083,2818,3019
1843,2086,2818,2819
2088,1536,2820,3006
1537,2088,2820,2821
2089,2088,2821,3005
1537,2089,2821,2822
2090,2089,2822,3083
1537,2090,2822,2823
2032,2090,2823,3088
1537,2032,2823,2824
1950,1948,2825,2832
1948,1881,2826,2827
1948,1985,2827,2828
1948,1983,2828,2829
1948,2066,2829,2830
1948,1945,2830,2831
1948,1946,2831,2832
1982,1990,2833,2834
1982,22,2834,2835
1982,46,2835,2836
1982,44,2836,2837
1956,2001,2838,2839
2091,2001,2839,2903
1956,2091,2839,2840
2092,2091,2840,2994
1956,2092,2840,2841
2093,2092,2841,3039
1956,2093,2841,2842
2094,2093,2842,3039
1956,2094,2842,2843
1998,2094,2843,3052
2095,2096,2844,16176,46
2096,2097,2844,16177,46
2097,2095,2844,2855
2098,2099,2845,16175,46
2099,2095,2845,16176,46
2095,2098,2845,2856
1900,2100,2846,16196,46
2100,2098,2846,16175,46
2098,1900,2846,2847
2098,1899,2847,2848
2064,1899,2848,-1930
2098,2064,2848,2856
2064,1889,2849,2850
2064,1890,2850,2851
2064,1891,2851,2852
2064,1854,2852,2853
2064,1855,2853,2854
2097,1855,2854,2886
2064,2097,2854,2855
2064,2095,2855,2856
2101,2102,2857,16166,46
2102,2103,2857,16167,46
2103,2101,2857,2867
2104,2105,2858,16173,46
2105,2101,2858,16166,46
2101,2104,2858,2859
2106,2104,2859,3242
2101,2106,2859,2860
2107,2106,2860,3245
2101,2107,2860,2861
1873,2107,2861,2899
2101,1873,2861,2862
2101,1874,2862,2868
1874,1705,2863,2864
1874,1848,2864,2868
2108,2109,2865,16168,46
2109,1848,2865,2971
1848,2108,2865,2866
2103,2108,2866,16167,46
1848,2103,2866,2867
1848,2101,2867,2868
1916,1970,2869,2917
1914,1916,2869,2870
1914,1917,2870,2871
1856,1859,2872,2888
1668,1859,2873,-555
1859,1669,2873,2874
1859,1666,2874,2875
1859,1665,2875,2876
1859,1744,2876,2877
1859,1746,2877,2878
2110,1746,2878,3456
1859,2110,2878,2879
2111,2110,2879,3456
1859,2111,2879,2880
2112,2111,2880,3943
1859,2112,2880,2892
2113,2114,2881,16178
2114,2115,2881,4163
2115,2113,2881,2889
2097,2116,2882,16177
2116,2113,2882,16178
2113,2097,2882,2883
2117,2097,2883,2886,46
2113,2117,2883,2884
2118,2117,2884,2891,46
2113,2118,2884,2885
2119,2118,2885,2893,46
2113,2119,2885,2890
2117,1855,2886,2887
2117,1856,2887,2888
2117,1859,2888,2891
2115,2112,2889,4134
2112,2113,2889,2890
2112,2119,2890,2892
2118,1859,2891,2893
1859,2119,2892,2893
2078,2120,2894,16165,46
2120,2079,2894,2895
2120,1869,2895,2900
1869,1871,2896,2897
1869,1872,2897,2898
1869,1873,2898,2899
1869,2107,2899,2900
2120,2107,2900,3244
2121,2005,2901,2938
2000,2121,2901,2902
2091,2121,2902,2994
2000,2091,2902,2903
1961,1875,2904,2905
2122,1875,2905,2943
1961,2122,2905,2906
2123,2122,2906,3175
1961,2123,2906,2907
2124,2123,2907,3195
1961,2124,2907,2908
1960,2124,2908,16208
1970,1969,2909,2910
2125,1969,2910,3206
1970,2125,2910,2911
2126,2125,2911,3205
1970,2126,2911,2917
2127,2128,2912,3204
2128,2126,2912,3205
2126,2127,2912,2913
2129,2127,2913,3544
2126,2129,2913,2914
2130,2129,2914,3327
2126,2130,2914,2915
1915,2130,2915,3282
2126,1915,2915,2916
2126,1916,2916,2917
2061,1952,2918,2919
2131,1952,2919,2960
2061,2131,2919,2920
2132,2131,2920,2959
2061,2132,2920,2931
2133,2134,2921,2958
2134,2132,2921,2959
2132,2133,2921,2922
2135,2133,2922,3032
2132,2135,2922,2923
2136,2135,2923,3031
2132,2136,2923,2924
2137,2136,2924,3212
2132,2137,2924,2925
2138,2137,2925,3115
2132,2138,2925,2926
2139,2138,2926,3114
2132,2139,2926,2932
2140,2141,2927,3172
2141,2139,2927,3114
2139,2140,2927,2928
1992,2140,2928,3171
2139,1992,2928,2929
2139,1993,2929,2930
2139,2062,2930,2932
2062,2132,2931,2932
2003,2072,2933,2934
2003,2074,2934,2935
2142,2074,2935,3073
2003,2142,2935,2936
2143,2142,2936,3074
2003,2143,2936,2937
2121,2143,2937,2993
2003,2121,2937,2938
1794,1726,2939,2940
1794,1725,2940,2941
2144,1725,2941,3176
1794,2144,2941,2942
2122,2144,2942,3175
1794,2122,2942,2943
1794,1875,2943,2944
2145,2069,2945,3163
1987,2145,2945,2946
2146,2145,2946,3162
1987,2146,2946,2953
2147,2148,2947,3161
2148,2146,2947,3162
2146,2147,2947,2948
2149,2147,2948,3238
2146,2149,2948,2949
2150,2149,2949,2981
2146,2150,2949,2950
2151,2150,2950,2980
2146,2151,2950,2951
2152,2151,2951,2979
2146,2152,2951,2952
1988,2152,2952,2978
2146,1988,2952,2953
1952,2087,2954,2955
1952,2084,2955,2956
1952,2085,2956,2957
2133,2085,2957,3033
1952,2133,2957,2958
1952,2134,2958,2960
2134,2131,2959,2960
2153,2154,2961,16162,46
2154,2155,2961,16163,46
2155,2153,2961,2967
1828,2156,2962,16160,46
2156,1826,2962,2963
2156,1825,2963,2969
1825,1115,2964,2970
1115,1112,2965,2966
2157,1112,2966,16294
1115,2157,2966,2970
2155,2157,2967,16293
2157,2153,2967,2968
2156,2153,2968,16161,46
2157,2156,2968,2969
2157,1825,2969,2970
2109,1849,2971,2972
2109,1850,2972,2973
2109,2055,2973,2974
2109,2056,2974,2977
2158,2057,2975,3241
2056,2158,2975,2976
2159,2158,2976,16136,46
2056,2159,2976,2977
2109,2159,2977,16149,46
1986,2152,2978,2979
1986,2151,2979,2980
1986,2150,2980,2981
1986,2149,2981,2982
2160,2149,2982,3239
1986,2160,2982,16240
2082,1998,2983,2984
2161,1998,2984,3051
2082,2161,2984,2987
2162,2163,2985,3105
2163,2161,2985,3050
2161,2162,2985,2988
2164,2165,2986,3021
2165,2166,2986,3022
2166,2164,2986,2989
2083,2161,2987,2988
2083,2162,2988,2990
2166,2162,2989,3105
2162,2164,2989,2990
2083,2164,2990,3020
2167,2168,2991,16130,344
2168,2169,2991,16131,344
2169,2167,2991,2998
2143,2170,2992,3075
2170,2167,2992,16130,344
2167,2143,2992,2993
2167,2121,2993,2999
2121,2092,2994,2995
2171,2092,2995,3040
2121,2171,2995,2999
2172,2173,2996,3309
2173,2171,2996,3041
2171,2172,2996,2997
2169,2172,2997,3435
2171,2169,2997,2998
2171,2167,2998,2999
1518,1404,3000,3001
2174,1404,3001,3113
1518,2174,3001,3008
2175,2176,3002,3220
2176,2174,3002,3221
2174,2175,3002,3009
2177,2178,3003,3276
2178,2179,3003,3262
2179,2177,3003,3004
2180,2177,3004,3084
2179,2180,3004,3011
2089,2180,3005,3083
2180,2088,3005,3006
2180,1536,3006,3007
2180,1535,3007,3011
1535,2174,3008,3009
1535,2175,3009,3010
2179,2175,3010,3220
1535,2179,3010,3011
20,1996,3012,3018
2181,1997,3013,3066
1996,2181,3013,3014
2182,2181,3014,3065
1996,2182,3014,3015
2183,2182,3015,3307
1996,2183,3015,3016
25,2183,3016,3246
1996,25,3016,3017
1996,23,3017,3018
2085,2083,3019,3020
2085,2164,3020,3021
2085,2165,3021,3034
2184,2166,3022,3104
2165,2184,3022,3023
2185,2184,3023,3045
2165,2185,3023,3024
2186,2185,3024,3253
2165,2186,3024,3025
2187,2186,3025,3253
2165,2187,3025,3035
2188,2189,3026,3453
2189,2187,3026,3439
2187,2188,3026,3036
2190,2191,3027,3393
2191,2188,3027,3453
2188,2190,3027,3028
2192,2190,3028,3381
2188,2192,3028,3037
2193,2194,3029,3342
2194,2192,3029,3381
2192,2193,3029,3038
2195,2196,3030,3213
2196,2193,3030,3342
2193,2195,3030,3038
2136,2195,3031,3212
2195,2135,3031,3032
2195,2133,3032,3033
2195,2085,3033,3034
2195,2165,3034,3035
2195,2187,3035,3036
2195,2188,3036,3037
2195,2192,3037,3038
2094,2092,3039,3040
2094,2171,3040,3041
2094,2173,3041,3042
2197,2173,3042,3309
2094,2197,3042,3043
2198,2197,3043,3249
2094,2198,3043,3044
2185,2198,3044,3249
2094,2185,3044,3045
2094,2184,3045,3046
2199,2184,3046,3103
2094,2199,3046,3047
2200,2199,3047,3102
2094,2200,3047,3048
2201,2200,3048,3102
2094,2201,3048,3052
2163,2202,3049,3106
2202,2201,3049,3107
2201,2163,3049,3050
2201,2161,3050,3051
2201,1998,3051,3052
2203,2204,3053,16126,46
2204,2205,3053,16127,46
2205,2203,3053,3062
2206,2207,3054,16124,46
2207,2203,3054,16125,46
2203,2206,3054,3055
1933,2206,3055,16099
2203,1933,3055,3063
1933,1935,3056,3057
1933,1936,3057,3058
1933,1937,3058,3059
2208,1937,3059,3097
1933,2208,3059,3060
2209,2208,3060,3097
1933,2209,3060,3061
2210,2209,3061,3096
1933,2210,3061,3063
2205,2210,3062,3095
2210,2203,3062,3063
2211,1994,3064,3169
1997,2211,3064,3066
2182,2212,3065,3307
2212,2181,3065,3067
2181,2211,3066,3067
2212,2211,3067,-10153
2213,2214,3068,16119,344
2214,2170,3068,16120,344
2170,2213,3068,3069
2215,2213,3069,3080
2170,2215,3069,3070
2216,2215,3070,3080
2170,2216,3070,3071
2217,2216,3071,3079
2170,2217,3071,3075
2073,2217,3072,3078
2217,2074,3072,3073
2217,2142,3073,3074
2217,2143,3074,3075
2076,2218,3076,16111,344
2218,2075,3076,3077
2218,2073,3077,3078
2218,2217,3078,3079
2218,2216,3079,3082
2216,2213,3080,3081
2219,2213,3081,16109,344
2216,2219,3081,3082
2218,2219,3082,16112,344
2090,2180,3083,3084
2090,2177,3084,3089
2220,2221,3085,3274
2221,2177,3085,3275
2177,2220,3085,3089
2034,2220,3086,3274
2220,2035,3086,3087
2220,2032,3087,3088
2220,2090,3088,3089
1907,1905,3090,3091
1907,1904,3091,3092
2222,1904,3092,16201
1907,2222,3092,3093
2223,2222,3093,16107,46
1907,2223,3093,3094
2224,2223,3094,16106,46
1907,2224,3094,3101
2205,2224,3095,16105,46
2224,2210,3095,3096
2224,2209,3096,3101
2209,1937,3097,3098
2209,1939,3098,3099
1908,1939,3099,-906
2209,1908,3099,3100
2209,1907,3100,3101
2201,2199,3102,3103
2201,2184,3103,3104
2201,2166,3104,3107
2166,2163,3105,3106
2166,2202,3106,3107
2225,1403,3108,3146
1404,2225,3108,3109
2226,2225,3109,3145
1404,2226,3109,3110
2227,2226,3110,3227
1404,2227,3110,3111
2228,2227,3111,3266
1404,2228,3111,3112
2229,2228,3112,3272
1404,2229,3112,3113
2174,2229,3113,3222
2141,2138,3114,3115
2141,2137,3115,3116
2230,2137,3116,3219
2141,2230,3116,3117
2231,2230,3117,3218
2141,2231,3117,3118
2232,2231,3118,3429
2141,2232,3118,3173
1403,1401,3119,3146
2233,1399,3120,-1
1400,2233,3120,3121
2234,2233,3121,4341
1400,2234,3121,3148
2235,2236,3122,4339
2236,2234,3122,4340
2234,2235,3122,3123
2237,2235,3123,4366
2234,2237,3123,3148
2238,2239,3124,4386
2239,2237,3124,4387
2237,2238,3124,3125
2240,2238,3125,4385
2237,2240,3125,3149
2241,2242,3126,4383
2242,2240,3126,4384
2240,2241,3126,3150
2243,2244,3127,4381
2244,2241,3127,4382
2241,2243,3127,3128
2245,2243,3128,4380
2241,2245,3128,3129
2246,2245,3129,5138
2241,2246,3129,3130
2247,2246,3130,5138
2241,2247,3130,3131
2248,2247,3131,3965
2241,2248,3131,3132
2047,2248,3132,3966
2241,2047,3132,3133
2241,2046,3133,3134
2241,2043,3134,3135
2249,2043,3135,3674
2241,2249,3135,3136
2250,2249,3136,3669
2241,2250,3136,3137
2251,2250,3137,3668
2241,2251,3137,3138
2252,2251,3138,3667
2241,2252,3138,3151
2039,2253,3139,3665
2253,2252,3139,3666
2252,2039,3139,3140
2252,2038,3140,3141
2252,2036,3141,3142
2254,2036,3142,3259
2252,2254,3142,3143
2255,2254,3143,3454
2252,2255,3143,3152
2256,2257,3144,3225
2257,2255,3144,3257
2255,2256,3144,3153
2226,2256,3145,3225
2256,2225,3145,3154
2225,1401,3146,3147
2225,1400,3147,3154
1400,2237,3148,3149
1400,2240,3149,3150
1400,2241,3150,3151
1400,2252,3151,3152
1400,2255,3152,3153
1400,2256,3153,3154
2069,2067,3155,3164
2067,41,3156,3165
2258,39,3157,3556
41,2258,3157,3158
2259,2258,3158,3370
41,2259,3158,3165
2260,2261,3159,3369
2261,2259,3159,3370
2259,2260,3159,3166
2147,2262,3160,3237
2262,2263,3160,3379
2263,2147,3160,3161
2263,2148,3161,3167
2148,2145,3162,3163
2148,2069,3163,3164
2148,2067,3164,3168
2067,2259,3165,3166
2067,2260,3166,3168
2263,2260,3167,3369
2260,2148,3167,3168
2211,1995,3169,3170
2211,1992,3170,3171
2211,2140,3171,3172
2211,2141,3172,3173
2211,2232,3173,3174
2264,2232,3174,3421
2211,2264,3174,-10153
2123,2144,3175,3176
2123,1725,3176,3177
2123,1724,3177,3178
2123,1723,3178,3179
2265,1723,3179,3541
2123,2265,3179,3180
2266,2265,3180,3540
2123,2266,3180,3195
112,2267,3181,3538
2267,111,3181,3182
2267,109,3182,3183
2268,109,3183,3493
2267,2268,3183,3184
2269,2268,3184,3513
2267,2269,3184,3185
2270,2269,3185,3492
2267,2270,3185,3186
2271,2270,3186,3491
2267,2271,3186,3187
2272,2271,3187,3491
2267,2272,3187,3188
2273,2272,3188,3490
2267,2273,3188,3189
2274,2273,3189,3490
2267,2274,3189,3190
2275,2274,3190,3489
2267,2275,3190,3191
2276,2275,3191,3488
2267,2276,3191,3192
2277,2276,3192,3488
2267,2277,3192,3193
2278,2277,3193,3311
2267,2278,3193,3194
2124,2278,3194,16207
2267,2124,3194,3196
2124,2266,3195,3196
2267,2266,3196,3539
1969,1967,3197,3198
1969,1964,3198,3199
2279,1964,3199,3292
1969,2279,3199,3207
2280,2281,3200,3290
2281,2279,3200,3291
2279,2280,3200,3208
2282,2283,3201,3288
2283,2280,3201,3289
2280,2282,3201,3202
2284,2282,3202,3469
2280,2284,3202,3203
2285,2284,3203,3545
2280,2285,3203,3209
2127,2285,3204,3544
2285,2128,3204,3209
2128,2125,3205,3206
2128,1969,3206,3207
2128,2279,3207,3208
2128,2280,3208,3209
2286,2287,3210,-681
2287,2288,3210,-681
2288,2286,3210,3211
2289,2286,3211,-681
2288,2289,3211,-681
2137,2195,3212,3213
2137,2196,3213,3214
2290,2196,3214,3350
2137,2290,3214,3215
2291,2290,3215,3431
2137,2291,3215,3216
2292,2291,3216,3434
2137,2292,3216,3217
2293,2292,3217,3427
2137,2293,3217,3219
2231,2293,3218,3428
2293,2230,3218,3219
2179,2176,3220,3221
2179,2174,3221,3222
2179,2229,3222,3223
2294,2229,3223,3271
2179,2294,3223,3224
2295,2294,3224,3270
2179,2295,3224,3254
2226,2257,3225,3226
2296,2257,3226,3256
2226,2296,3226,3227
2227,2296,3227,3266
2297,2298,3228,3273
2298,2160,3228,16239
2160,2297,3228,3229
2299,2297,3229,16100,46
2160,2299,3229,3240
2300,2301,3230,16080
2301,2299,3230,16100,46
2299,2300,3230,3231
2302,2300,3231,16079
2299,2302,3231,3232
2303,2302,3232,3660
2299,2303,3232,3240
2304,2305,3233,3800
2305,2303,3233,3659
2303,2304,3233,3234
2306,2304,3234,3799
2303,2306,3234,3235
2307,2306,3235,3377
2303,2307,3235,3236
2262,2307,3236,3378
2303,2262,3236,3237
2303,2147,3237,3238
2303,2149,3238,3239
2303,2160,3239,3240
2158,2060,3241,16096,46
2308,2104,3242,16081,46
2106,2308,3242,3245
2120,2309,3243,16089,46
2309,2308,3243,16081,46
2308,2120,3243,3244
2308,2107,3244,3245
27,2183,3246,3293
25,27,3246,3247
25,28,3247,3248
2185,2197,3249,3250
2310,2197,3250,3310
2185,2310,3250,3251
2311,2310,3251,3437
2185,2311,3251,3252
2187,2311,3252,3438
2185,2187,3252,3253
2312,2295,3254,3269
2179,2312,3254,3263
2313,2314,3255,3268
2314,2312,3255,3269
2312,2313,3255,3264
2296,2313,3256,3267
2313,2257,3256,3257
2313,2255,3257,3258
2315,2255,3258,3454
2313,2315,3258,3264
2254,2316,3259,3455
2316,2036,3259,3260
2316,2037,3260,3261
2178,2037,3261,3277
2316,2178,3261,3262
2316,2179,3262,3263
2316,2312,3263,3265
2312,2315,3264,3265
2316,2315,3265,3455
2228,2296,3266,3267
2228,2313,3267,3268
2228,2314,3268,3272
2314,2295,3269,3270
2314,2294,3270,3271
2314,2229,3271,3272
2297,1974,3273,16073,46
1974,2298,3273,16238
2034,2221,3274,3275
2034,2177,3275,3276
2034,2178,3276,3277
2034,2037,3277,3278
2317,2318,3279,3419
2318,2319,3279,16170
2319,2317,3279,3280
2320,2317,3280,3474
2319,2320,3280,3281
2321,2320,3281,3473
2319,2321,3281,16147
1918,2130,3282,3283
2322,2130,3283,3327
1918,2322,3283,3284
1919,2322,3284,3326
2323,1973,3285,16074
1965,2323,3285,3286
2324,2323,3286,16075
1965,2324,3286,3287
2282,2324,3287,3468
1965,2282,3287,3288
1965,2283,3288,3289
1965,2280,3289,3290
1965,2281,3290,3291
1965,2279,3291,3292
2183,26,3293,3308
2325,29,3294,3563
26,2325,3294,3295
2326,2325,3295,3562
26,2326,3295,3296
2327,2326,3296,16070,344
26,2327,3296,3297
2328,2327,3297,16070,344
26,2328,3297,3298
2329,2328,3298,3634
26,2329,3298,3299
2330,2329,3299,3635
26,2330,3299,3300
2331,2330,3300,3525
26,2331,3300,3301
2332,2331,3301,3525
26,2332,3301,3302
2333,2332,3302,3533
26,2333,3302,3303
2334,2333,3303,3422
26,2334,3303,3304
2264,2334,3304,3421
26,2264,3304,3305
2335,2264,3305,-9128
26,2335,3305,3306
2212,2335,3306,-9128
26,2212,3306,3308
2212,2183,3307,3308
2197,2172,3309,3310
2310,2172,3310,3436
2278,2336,3311,16206
2336,2277,3311,3312
2337,2277,3312,3487
2336,2337,3312,3313
2338,2337,3313,3487
2336,2338,3313,16087
1751,2339,3314,4344
2339,1752,3314,3315
2339,1753,3315,3322
1753,1755,3316,3323
1755,1758,3317,3323
1758,1759,3318,3319
2340,1759,3319,-1
1758,2340,3319,3320
2341,2340,3320,16068,193
1758,2341,3320,3324
2342,2343,3321,16066,193
2343,2341,3321,16067,193
2341,2342,3321,3325
2339,2342,3322,16065,193
2342,1753,3322,3325
1753,1758,3323,3324
1753,2341,3324,3325
1920,2322,3326,3340
2322,2129,3327,3328
2344,2129,3328,3552
2322,2344,3328,3329
2345,2344,3329,3651
2322,2345,3329,3330
2346,2345,3330,3655
2322,2346,3330,3341
2347,2348,3331,3654
2348,2346,3331,3655
2346,2347,3331,3332
2349,2347,3332,3999
2346,2349,3332,3333
2350,2349,3333,4080
2346,2350,3333,3334
2351,2350,3334,4100
2346,2351,3334,3335
2352,2351,3335,4099
2346,2352,3335,3336
2353,2352,3336,3519
2346,2353,3336,3337
2354,2353,3337,3518
2346,2354,3337,3341
1822,2354,3338,3517
2354,1821,3338,3339
2354,1920,3339,3340
2354,2322,3340,3341
2196,2194,3342,3343
2355,2194,3343,3382
2196,2355,3343,3350
2356,2357,3344,3384
2357,2355,3344,3383
2355,2356,3344,3345
2358,2356,3345,3384
2355,2358,3345,3346
2359,2358,3346,3385
2355,2359,3346,3347
2360,2359,3347,16043
2355,2360,3347,3348
2361,2360,3348,3603
2355,2361,3348,3349
2290,2361,3349,3431
2355,2290,3349,3350
2362,2363,3351,3364
2363,2364,3351,16115
2364,2362,3351,3360
2365,2366,3352,3368
2366,2362,3352,3364
2362,2365,3352,3353
2367,2365,3353,3363
2362,2367,3353,3360
2368,2369,3354,3582
2369,2367,3354,3362
2367,2368,3354,3355
2370,2368,3355,3770
2367,2370,3355,3356
2371,2370,3356,3615
2367,2371,3356,3357
2372,2371,3357,3615
2367,2372,3357,3358
2373,2372,3358,16047
2367,2373,3358,3359
2364,2373,3359,16132
2367,2364,3359,3360
2374,2375,3361,3408
2375,2376,3361,16214
2376,2374,3361,3366
2369,2377,3362,3583
2377,2367,3362,3363
2377,2365,3363,3367
2366,2363,3364,3365
2376,2363,3365,16116
2366,2376,3365,3366
2366,2374,3366,3368
2377,2374,3367,3583
2374,2365,3367,3368
2263,2261,3369,3379
2261,2258,3370,3371
2378,2258,3371,3555
2261,2378,3371,3372
2379,2378,3372,3554
2261,2379,3372,3373
2380,2379,3373,3745
2261,2380,3373,3374
2381,2380,3374,3901
2261,2381,3374,3375
2382,2381,3375,3798
2261,2382,3375,3376
2306,2382,3376,3798
2261,2306,3376,3377
2261,2307,3377,3378
2261,2262,3378,3379
2191,2383,3380,3451
2383,2384,3380,16057,344
2384,2191,3380,3392
2190,2194,3381,3382
2190,2355,3382,3383
2190,2357,3383,3394
2357,2358,3384,3395
2385,2359,3385,16042
2358,2385,3385,3386
2386,2385,3386,16059,344
2358,2386,3386,3387
2387,2386,3387,16041
2358,2387,3387,3388
2388,2387,3388,16041
2358,2388,3388,3389
2384,2388,3389,16058,344
2358,2384,3389,3390
2389,2384,3390,3391,344
2358,2389,3390,3395
2390,2384,3391,3392,344
2389,2390,3391,3396
2390,2191,3392,3393
2390,2190,3393,3394
2390,2357,3394,3396
2357,2389,3395,3396
2391,2392,3397,16216
2392,2375,3397,16215
2375,2391,3397,3398
2393,2391,3398,3624
2375,2393,3398,3409
2394,2395,3399,3726
2395,2393,3399,3623
2393,2394,3399,3400
2396,2394,3400,3725
2393,2396,3400,3401
2397,2396,3401,3829
2393,2397,3401,3402
2398,2397,3402,3834
2393,2398,3402,3403
2399,2398,3403,3833
2393,2399,3403,3404
2400,2399,3404,3884
2393,2400,3404,3405
2401,2400,3405,3850
2393,2401,3405,3406
2402,2401,3406,3577
2393,2402,3406,3407
2403,2402,3407,3576
2393,2403,3407,3409
2374,2403,3408,3576
2403,2375,3408,3409
2404,2405,3410,16083
2405,2406,3410,16172
2406,2404,3410,3411
2407,2404,3411,3506
2406,2407,3411,3412
2408,2407,3412,3505
2406,2408,3412,3413
2409,2408,3413,3918
2406,2409,3413,3414
2410,2409,3414,3930
2406,2410,3414,3415
2411,2410,3415,3910
2406,2411,3415,3416
2412,2411,3416,3909
2406,2412,3416,3417
2413,2412,3417,3731
2406,2413,3417,3418
2414,2413,3418,3730
2406,2414,3418,3420
2317,2414,3419,3474
2414,2318,3419,3420
2406,2318,3420,16171
2232,2334,3421,3429
2415,2333,3422,3533
2334,2415,3422,3430
2416,2417,3423,16051,344
2417,2415,3423,3532
2415,2416,3423,3424
2418,2416,3424,16051,344
2415,2418,3424,3425
2419,2418,3425,3606
2415,2419,3425,3426
2292,2419,3426,3434
2415,2292,3426,3427
2415,2293,3427,3428
2415,2231,3428,3430
2231,2334,3429,3430
2291,2361,3431,3432
2420,2361,3432,3604
2291,2420,3432,3433
2419,2420,3433,3605
2291,2419,3433,3434
2169,2421,3435,16048,344
2421,2172,3435,3436
2421,2310,3436,3437
2421,2311,3437,3438
2421,2187,3438,3439
2421,2189,3439,3440
2422,2189,3440,3452
2421,2422,3440,16049,344
2423,2385,3441,16042,344
2385,2424,3441,16059
2424,2423,3441,3442
2425,2423,3442,16020
2424,2425,3442,3443
2426,2425,3443,3699
2424,2426,3443,3444
2427,2426,3444,3700
2424,2427,3444,3445
2428,2427,3445,3693
2424,2428,3445,3446
2429,2428,3446,16036
2424,2429,3446,3450
2388,2430,3447,16058
2430,2429,3447,16056
2429,2388,3447,3448
2431,2388,3448,16040,344
2429,2431,3448,3449
2386,2431,3449,16040,344
2429,2386,3449,3450
2424,2386,3450,16059
2422,2383,3451,16035,344
2191,2422,3451,3452
2191,2189,3452,3453
2315,2254,3454,3455
1746,2111,3456,3457
1747,2111,3457,3944
1746,1747,3457,3458
1746,1748,3458,3459
1803,1806,3460,3461
1803,1805,3461,3462
1803,1809,3462,3463
1803,1808,3463,3464
2432,1808,3464,3781
1803,2432,3464,3465
2433,2432,3465,3780
1803,2433,3465,3466
1802,2433,3466,3647
2324,2434,3467,16076
2434,2435,3467,16030,46
2435,2324,3467,3468
2435,2282,3468,3472
2436,2284,3469,3546
2282,2436,3469,3472
2437,2438,3470,3588
2438,2436,3470,3547
2436,2437,3470,3471
2435,2437,3471,16030,46
2436,2435,3471,3472
2321,2439,3473,16147
2439,2320,3473,3486
2320,2414,3474,3475
2440,2414,3475,3729
2320,2440,3475,3476
2441,2440,3476,3729
2320,2441,3476,3477
2442,2441,3477,3739
2320,2442,3477,3478
2443,2442,3478,3739
2320,2443,3478,3486
2444,2445,3479,4184
2445,2443,3479,3738
2443,2444,3479,3480
2446,2444,3480,16143
2443,2446,3480,3481
2447,2446,3481,16144
2443,2447,3481,3482
2448,2447,3482,16145
2443,2448,3482,3483
2449,2448,3483,16145
2443,2449,3483,3484
2450,2449,3484,16146
2443,2450,3484,3485
2439,2450,3485,16146
2443,2439,3485,3486
2338,2277,3487,3509
2277,2275,3488,3489
2277,2274,3489,3510
2274,2272,3490,3511
2272,2270,3491,3492
2272,2269,3492,3512
2268,110,3493,3494
2268,107,3494,3495
2268,108,3495,3496
2268,106,3496,3497
2268,105,3497,3513
2451,103,3498,4880
105,2451,3498,3499
2452,2451,3499,4892
105,2452,3499,3500
2453,2452,3500,4826
105,2453,3500,3501
2454,2453,3501,4480
105,2454,3501,3502
2455,2454,3502,4479
105,2455,3502,3503
2456,2455,3503,4076
105,2456,3503,3514
2457,2458,3504,3919
2458,2456,3504,3920
2456,2457,3504,3515
2408,2457,3505,3918
2457,2407,3505,3506
2457,2404,3506,3507
2459,2404,3507,16084
2457,2459,3507,3516
2338,2460,3508,16086
2460,2459,3508,16085
2459,2338,3508,3509
2459,2277,3509,3510
2459,2274,3510,3511
2459,2272,3511,3512
2459,2269,3512,3516
2269,105,3513,3514
2269,2456,3514,3515
2269,2457,3515,3516
1818,2354,3517,3518
1818,2353,3518,3524
2461,2352,3519,4098
2353,2461,3519,3520
2462,2461,3520,4097
2353,2462,3520,3521
1840,2462,3521,4096
2353,1840,3521,3522
2353,1820,3522,3523
2353,1819,3523,3524
2332,2330,3525,3526
2463,2330,3526,3635
2332,2463,3526,3527
2464,2463,3527,16026,344
2332,2464,3527,3528
2465,2464,3528,16026,344
2332,2465,3528,3529
2466,2465,3529,3675
2332,2466,3529,3530
2467,2466,3530,3675
2332,2467,3530,3531
2417,2467,3531,16029,344
2332,2417,3531,3532
2332,2415,3532,3533
1723,1721,3534,3542
1721,1719,3535,3543
49,1718,3536,3778
1719,49,3536,3537
1719,113,3537,3543
113,2267,3538,3539
113,2266,3539,3540
113,2265,3540,3541
113,1723,3541,3542
113,1721,3542,3543
2129,2285,3544,3545
2129,2284,3545,3546
2129,2436,3546,3547
2129,2438,3547,3548
2468,2438,3548,3589
2129,2468,3548,3549
2469,2468,3549,3677
2129,2469,3549,3550
2470,2469,3550,3684
2129,2470,3550,3552
2344,2471,3551,3651
2471,2470,3551,3716
2470,2344,3551,3552
39,38,3553,3556
2379,38,3554,3745
38,2378,3554,3555
38,2258,3555,3556
2472,2473,3557,3685
2473,35,3557,3692
35,2472,3557,3566
2326,2474,3558,16071
2474,2472,3558,16004
2472,2326,3558,3559
2475,2326,3559,3561,344
2472,2475,3559,3560
2476,2475,3560,3561,344
2472,2476,3560,3566
2476,2326,3561,3562
2476,2325,3562,3567
2325,30,3563,3567
30,32,3564,3565
30,35,3565,3568
35,2476,3566,3568
2476,30,3567,3568
2477,2478,3569,3614
2478,2479,3569,16046
2479,2477,3569,3570
2480,2477,3570,3819
2479,2480,3570,3571
2481,2480,3571,3758
2479,2481,3571,3572
2482,2481,3572,3763
2479,2482,3572,3573
2483,2482,3573,3695
2479,2483,3573,3574
2484,2483,3574,3694
2479,2484,3574,3575
2485,2484,3575,16037
2479,2485,3575,16045
2374,2402,3576,3577
2374,2401,3577,3578
2486,2401,3578,3849
2374,2486,3578,3579
2487,2486,3579,3849
2374,2487,3579,3580
2488,2487,3580,3878
2374,2488,3580,3581
2368,2488,3581,3770
2374,2368,3581,3582
2374,2369,3582,3583
2489,2490,3584,15987
2490,2491,3584,15988
2491,2489,3584,3585
2492,2489,3585,16025,46
2491,2492,3585,3586
2493,2492,3586,16003
2491,2493,3586,3587
2494,2493,3587,16034
2491,2494,3587,3599
2437,2495,3588,16024,46
2495,2438,3588,3589
2495,2468,3589,3590
2496,2468,3590,3677
2495,2496,3590,3596
2497,2498,3591,4227
2498,2496,3591,3678
2496,2497,3591,3600
2499,2500,3592,-8746
2500,2497,3592,4251
2497,2499,3592,3601
2501,2502,3593,3594,46
2502,2503,3593,3788
2503,2501,3593,3597
2501,2504,3594,3598,46
2504,2502,3594,3595
2491,2502,3595,15989
2504,2491,3595,3602
2495,2494,3596,16024,46
2494,2496,3596,3599
2503,2499,3597,-8746
2499,2501,3597,3598
2499,2504,3598,3601
2491,2496,3599,3600
2491,2497,3600,3602
2497,2504,3601,3602
2360,2423,3603,16043
2423,2361,3603,3604
2423,2420,3604,3605
2423,2419,3605,3606
2423,2418,3606,3607
2505,2418,3607,16021,344
2423,2505,3607,3608
2506,2505,3608,16016,344
2423,2506,3608,16020,344
2507,2372,3609,3617
2372,2478,3609,16046
2478,2507,3609,3610
2508,2507,3610,3764
2478,2508,3610,3611
2509,2508,3611,3769
2478,2509,3611,3612
2510,2509,3612,3820
2478,2510,3612,3613
2511,2510,3613,3828
2478,2511,3613,3614
2477,2511,3614,3813
2372,2370,3615,3616
2512,2370,3616,3774
2372,2512,3616,3617
2507,2512,3617,3764
2513,2514,3618,-723
2514,2391,3618,-723
2391,2513,3618,3624
2515,2516,3619,16218
2516,2513,3619,16217
2513,2515,3619,3625
2517,2518,3620,3705
2518,2519,3620,16219
2519,2517,3620,3621
2520,2517,3621,3720
2519,2520,3621,3622
2395,2520,3622,3727
2519,2395,3622,3623
2519,2393,3623,3626
2393,2513,3624,3625
2393,2515,3625,3626
2519,2515,3626,16218
2013,2011,3627,3628
2521,2011,3628,3702
2013,2521,3628,3629
2522,2521,3629,4069
2013,2522,3629,3630
2523,2522,3630,15978
2013,2523,3630,3631
2524,2523,3631,16015,93
2013,2524,3631,3632
2525,2524,3632,16014,93
2013,2525,3632,3633
2014,2525,3633,16013,93
2463,2328,3634,16010,344
2329,2463,3634,3635
2042,2040,3636,3637
2526,2040,3637,3664
2042,2526,3637,3645
2527,2528,3638,3672
2528,2526,3638,3673
2526,2527,3638,3639
2529,2527,3639,3671
2526,2529,3639,3645
2044,2529,3640,3670
2529,2045,3640,3641
2529,2052,3641,3642
2529,2053,3642,3643
2529,2054,3643,3644
2529,2042,3644,3645
1716,1802,3646,3647
1716,2433,3647,3648
2530,2433,3648,3780
1716,2530,3648,3649
2531,2530,3649,3775
1716,2531,3649,3650
1717,2531,3650,3779
2345,2471,3651,3652
2532,2471,3652,3719
2345,2532,3652,3653
2347,2532,3653,3999
2345,2347,3653,3654
2345,2348,3654,3655
2533,2492,3656,16025
2492,2534,3656,16002,46
2534,2533,3656,3657
2535,2533,3657,3801
2534,2535,3657,3663
2305,2536,3658,3800
2536,2535,3658,3801
2535,2305,3658,3659
2535,2303,3659,3660
2535,2302,3660,3661
2537,2302,3661,16078
2535,2537,3661,3662
2538,2537,3662,16033
2535,2538,3662,3663
2534,2538,3663,16002,46
2526,2039,3664,3665
2526,2253,3665,3666
2526,2252,3666,3667
2526,2251,3667,3668
2526,2250,3668,3669
2526,2249,3669,3673
2043,2529,3670,3671
2043,2527,3671,3672
2043,2528,3672,3674
2528,2249,3673,3674
2467,2465,3675,3676
2539,2465,3676,16001,344
2467,2539,3676,16000,344
2469,2496,3677,3678
2469,2498,3678,3679
2540,2498,3679,4227
2469,2540,3679,3680
2541,2540,3680,4014
2469,2541,3680,3681
2542,2541,3681,4014
2469,2542,3681,3682
2543,2542,3682,4004
2469,2543,3682,3683
2544,2543,3683,3717
2469,2544,3683,3684
2470,2544,3684,3716
2545,2472,3685,16005
2473,2545,3685,3686
2546,2545,3686,3836
2473,2546,3686,3687
2547,2546,3687,3868
2473,2547,3687,3688
2548,2547,3688,3867
2473,2548,3688,3689
2549,2548,3689,3867
2473,2549,3689,3690
2550,2549,3690,3742
2473,2550,3690,3691
34,2550,3691,3741
2473,34,3691,3692
2484,2428,3693,16037
2427,2484,3693,3694
2427,2483,3694,3700
2551,2482,3695,3763
2483,2551,3695,3696
2552,2551,3696,3904
2483,2552,3696,3697
2553,2552,3697,3847
2483,2553,3697,3698
2425,2553,3698,16019
2483,2425,3698,3699
2483,2426,3699,3700
2009,2554,3701,16221
2554,2011,3701,3702
2554,2521,3702,3707
2555,2556,3703,3721
2556,2521,3703,4070
2521,2555,3703,3707
2517,2557,3704,3720
2557,2555,3704,3721
2555,2517,3704,3705
2555,2518,3705,3706
2554,2518,3706,16220
2555,2554,3706,3707
2558,2559,3708,16092
2559,2560,3708,16129
2560,2558,3708,3714
2561,2562,3709,16137
2562,2558,3709,16093
2558,2561,3709,3715
2563,2564,3710,4268
2564,2561,3710,4269
2561,2563,3710,3715
2565,2566,3711,3978
2566,2563,3711,4267
2563,2565,3711,3712
2567,2565,3712,3977
2563,2567,3712,3713
2560,2567,3713,16122
2563,2560,3713,3714
2563,2558,3714,3715
2471,2544,3716,3719
2568,2543,3717,4010
2544,2568,3717,3718
2532,2568,3718,4000
2544,2532,3718,3719
2520,2557,3720,3728
2557,2556,3721,3722
2569,2556,3722,3931
2557,2569,3722,3723
2570,2569,3723,3866
2557,2570,3723,3728
2396,2571,3724,3829
2571,2570,3724,3830
2570,2396,3724,3725
2570,2394,3725,3726
2570,2395,3726,3727
2570,2520,3727,3728
2441,2414,3729,3730
2441,2413,3730,3731
2441,2412,3731,3732
2572,2412,3732,3909
2441,2572,3732,3733
2573,2572,3733,3916
2441,2573,3733,3734
2574,2573,3734,4177
2441,2574,3734,3735
2575,2574,3735,4187
2441,2575,3735,3736
2576,2575,3736,4186
2441,2576,3736,3737
2445,2576,3737,4185
2441,2445,3737,3738
2441,2443,3738,3739
38,33,3740,3746
33,2550,3741,3742
33,2549,3742,3743
2577,2549,3743,3876
33,2577,3743,3744
2380,2577,3744,3891
33,2380,3744,3746
2380,38,3745,3746
2578,2579,3747,16022
2579,2580,3747,16023
2580,2578,3747,3748
2581,2578,3748,16055
2580,2581,3748,3749
2582,2581,3749,3809
2580,2582,3749,3750
2583,2582,3750,4054
2580,2583,3750,3751
2584,2583,3751,4053
2580,2584,3751,3752
2585,2584,3752,4195
2580,2585,3752,3755
2586,2587,3753,15984
2587,2588,3753,15960
2588,2586,3753,3757
2580,2589,3754,15991,344
2589,2586,3754,15983
2586,2580,3754,3755
2586,2585,3755,3756
2590,2585,3756,4194
2586,2590,3756,3757
2588,2590,3757,15960
2591,2480,3758,3818
2481,2591,3758,3759
2592,2591,3759,4038
2481,2592,3759,3760
2593,2592,3760,4037
2481,2593,3760,3761
2594,2593,3761,4037
2481,2594,3761,3762
2551,2594,3762,3904
2481,2551,3762,3763
2508,2512,3764,3765
2595,2512,3765,3773
2508,2595,3765,3769
2596,2597,3766,3947
2597,2595,3766,3772
2595,2596,3766,3767
2598,2596,3767,3821
2595,2598,3767,3768
2509,2598,3768,3820
2595,2509,3768,3769
2370,2488,3770,3771
2599,2488,3771,3883
2370,2599,3771,3774
2597,2599,3772,3947
2599,2595,3772,3773
2599,2512,3773,3774
2600,2530,3775,3786
2531,2600,3775,3776
48,2600,3776,3785
2531,48,3776,3777
2531,49,3777,3778
2531,1718,3778,3779
2530,2432,3780,3787
2432,1807,3781,3787
1807,1812,3782,3783
47,1812,3783,4091
1807,47,3783,3784
1807,48,3784,3785
1807,2600,3785,3786
1807,2530,3786,3787
2502,2601,3788,15989,46
2601,2503,3788,3789
2602,2503,3789,4248
2601,2602,3789,3804
2603,2604,3790,4408
2604,2605,3790,4407
2605,2603,3790,3791
2606,2603,3791,4397
2605,2606,3791,3792
199,2606,3792,4801
2605,199,3792,3793
2605,198,3793,3794
2605,200,3794,3795
2607,200,3795,-649
2605,2607,3795,3796
2608,2607,3796,-681
2605,2608,3796,3797
2381,2608,3797,3901
2605,2381,3797,3805
2381,2306,3798,3799
2381,2304,3799,3806
2304,2536,3800,3807
2536,2533,3801,3802
2489,2533,3802,16025
2536,2489,3802,3803
2601,2489,3803,15987,46
2536,2601,3803,3804
2536,2602,3804,3807
2605,2602,3805,4396
2602,2381,3805,3806
2602,2304,3806,3807
2581,2609,3808,16054
2609,2610,3808,15998
2610,2581,3808,3809
2610,2582,3809,3810
2611,2582,3810,4055
2610,2611,3810,3811
2612,2611,3811,4056
2610,2612,3811,3812
2613,2612,3812,4057
2610,2613,3812,15997
2614,2511,3813,3828
2477,2614,3813,3819
2615,2616,3814,3826
2616,2614,3814,3827
2614,2615,3814,3815
2617,2615,3815,4212
2614,2617,3815,3816
2618,2617,3816,4039
2614,2618,3816,3817
2591,2618,3817,4039
2614,2591,3817,3818
2614,2480,3818,3819
2510,2598,3820,3821
2510,2596,3821,3822
2619,2596,3822,3952
2510,2619,3822,3823
2620,2619,3823,3951
2510,2620,3823,3824
2621,2620,3824,4234
2510,2621,3824,3825
2615,2621,3825,4212
2510,2615,3825,3826
2510,2616,3826,3827
2510,2614,3827,3828
2397,2571,3829,3835
2622,2570,3830,3856
2571,2622,3830,3835
2623,2624,3831,3857
2624,2622,3831,3856
2622,2623,3831,3832
2399,2623,3832,3884
2622,2399,3832,3833
2622,2398,3833,3834
2622,2397,3834,3835
2625,2545,3836,16006
2546,2625,3836,3837
2626,2625,3837,15993
2546,2626,3837,3842
2627,2628,3838,4046
2628,2626,3838,15994
2626,2627,3838,3839
2629,2627,3839,4046
2626,2629,3839,3840
2630,2629,3840,4035
2626,2630,3840,3842
2546,2631,3841,3868
2631,2630,3841,4026
2630,2546,3841,3842
2589,2632,3843,15991
2632,2633,3843,15990
2633,2589,3843,3844
2634,2589,3844,15983,344
2633,2634,3844,3845
2635,2634,3845,15986,344
2633,2635,3845,3848
2552,2636,3846,3908
2636,2635,3846,4122
2635,2552,3846,3848
2633,2553,3847,16018
2552,2633,3847,3848
2487,2401,3849,3850
2487,2400,3850,3855
2637,2638,3851,3889
2638,2400,3851,3890
2400,2637,3851,3852
2639,2637,3852,4129
2400,2639,3852,3853
2640,2639,3853,3880
2400,2640,3853,3854
2641,2640,3854,3879
2400,2641,3854,3855
2487,2641,3855,3878
2570,2624,3856,3866
2642,2623,3857,3885
2624,2642,3857,3858
2643,2642,3858,4317
2624,2643,3858,3859
2644,2643,3859,15982,93
2624,2644,3859,3860
2645,2644,3860,15981,93
2624,2645,3860,3861
2646,2645,3861,4074
2624,2646,3861,3862
2647,2646,3862,4073
2624,2647,3862,3863
2648,2647,3863,4072
2624,2648,3863,3864
2649,2648,3864,3932
2624,2649,3864,3865
2569,2649,3865,3933
2624,2569,3865,3866
2549,2547,3867,3877
2547,2631,3868,3869
2650,2631,3869,4034
2547,2650,3869,3870
2651,2650,3870,4188
2547,2651,3870,3877
2652,2653,3871,4286
2653,2651,3871,4192
2651,2652,3871,3872
2654,2652,3872,3896
2651,2654,3872,3873
2655,2654,3873,3895
2651,2655,3873,3874
2656,2655,3874,4110
2651,2656,3874,3875
2577,2656,3875,3891
2651,2577,3875,3876
2651,2549,3876,3877
2488,2641,3878,3879
2488,2640,3879,3880
2488,2639,3880,3881
2657,2639,3881,4129
2488,2657,3881,3882
2658,2657,3882,4123
2488,2658,3882,3883
2599,2658,3883,3948
2400,2623,3884,3885
2400,2642,3885,3886
2659,2642,3886,4318
2400,2659,3886,3887
2660,2659,3887,4259
2400,2660,3887,3890
2637,2661,3888,4130
2661,2660,3888,4131
2660,2637,3888,3889
2660,2638,3889,3890
2380,2656,3891,3892
2662,2656,3892,4110
2380,2662,3892,3893
2663,2662,3893,4113
2380,2663,3893,3902
2664,2665,3894,4112
2665,2663,3894,4113
2663,2664,3894,3903
2655,2664,3895,4111
2664,2654,3895,3896
2664,2652,3896,3897
2666,2652,3897,4307
2664,2666,3897,3898
2667,2666,3898,4307
2664,2667,3898,3899
2668,2667,3899,4306
2664,2668,3899,3900
2608,2668,3900,-553
2664,2608,3900,3903
2608,2380,3901,3902
2608,2663,3902,3903
2552,2594,3904,3905
2669,2594,3905,4044
2552,2669,3905,3906
2670,2669,3906,4043
2552,2670,3906,3907
2671,2670,3907,4120
2552,2671,3907,3908
2636,2671,3908,4121
2572,2411,3909,3917
2672,2410,3910,3929
2411,2672,3910,3917
2673,2674,3911,3927
2674,2672,3911,3928
2672,2673,3911,3912
2675,2673,3912,3926
2672,2675,3912,3913
2676,2675,3913,4178
2672,2676,3913,3914
2677,2676,3914,4178
2672,2677,3914,3915
2573,2677,3915,4177
2672,2573,3915,3916
2672,2572,3916,3917
2409,2457,3918,3919
2409,2458,3919,3920
2409,2456,3920,3921
2678,2456,3921,4079
2409,2678,3921,3922
2679,2678,3922,4220
2409,2679,3922,3923
2680,2679,3923,4225
2409,2680,3923,3930
2681,2682,3924,4693
2682,2680,3924,4224
2680,2681,3924,3925
2675,2681,3925,4179
2680,2675,3925,3926
2680,2673,3926,3927
2680,2674,3927,3928
2680,2672,3928,3929
2680,2410,3929,3930
2683,2556,3931,4071
2569,2683,3931,3933
2648,2683,3932,4072
2683,2649,3932,3933
2684,1750,3934,4343
1749,2684,3934,3935
2685,2684,3935,3937,193
1749,2685,3935,3936
2686,2685,3936,3946,193
1749,2686,3936,3945
2687,2684,3937,15938
2685,2687,3937,3938
2688,2687,3938,4136
2685,2688,3938,3939
2689,2688,3939,4135
2685,2689,3939,3940
2690,2689,3940,4135
2685,2690,3940,3941
2691,2690,3941,4165
2685,2691,3941,3942
2112,2691,3942,4134
2685,2112,3942,3943
2685,2111,3943,3946
2111,1749,3944,3945
2111,2686,3945,3946
2596,2599,3947,3948
2596,2658,3948,3949
2692,2658,3949,4128
2596,2692,3949,3952
2620,2693,3950,4234
2693,2692,3950,4241
2692,2620,3950,3951
2692,2619,3951,3952
2523,2019,3953,16011
2018,2523,3953,3954
2694,2523,3954,15979,93
2018,2694,3954,3971
2695,2696,3955,15973
2696,2694,3955,15979,93
2694,2695,3955,3956
2697,2695,3956,4217
2694,2697,3956,3972
2698,2699,3957,4352
2699,2697,3957,4217
2697,2698,3957,3958
2700,2698,3958,4353
2697,2700,3958,3959
2701,2700,3959,4353
2697,2701,3959,3973
2702,2703,3960,4782
2703,2701,3960,4354
2701,2702,3960,3974
2704,2705,3961,5001
2705,2702,3961,4783
2702,2704,3961,3962
2706,2704,3962,5033
2702,2706,3962,3963
2707,2706,3963,5137
2702,2707,3963,3964
2247,2707,3964,5137
2702,2247,3964,3965
2702,2248,3965,3966
2702,2047,3966,3967
2702,2048,3967,3968
2702,2049,3968,3975
2049,2051,3969,3975
2051,2018,3970,3971
2051,2694,3971,3972
2051,2697,3972,3973
2051,2701,3973,3974
2051,2702,3974,3975
2567,2708,3976,16121
2708,2709,3976,16103
2709,2567,3976,3977
2709,2565,3977,3978
2709,2566,3978,3979
2710,2566,3979,4267
2709,2710,3979,3980
2711,2710,3980,4429
2709,2711,3980,3981
2712,2711,3981,4440
2709,2712,3981,3982
2713,2712,3982,4439
2709,2713,3982,3994
2714,2715,3983,4437
2715,2713,3983,4438
2713,2714,3983,3984
2716,2714,3984,5017
2713,2716,3984,3995
2717,2718,3985,5016
2718,2716,3985,5017
2716,2717,3985,3986
2719,2717,3986,5016
2716,2719,3986,3996
2720,2721,3987,4159
2721,2719,3987,5024
2719,2720,3987,3997
2722,2723,3988,4161
2723,2720,3988,4160
2720,2722,3988,3989
2724,2722,3989,16182
2720,2724,3989,3990
2725,2724,3990,-650
2720,2725,3990,3997
2726,2727,3991,16185
2727,2725,3991,-650
2725,2726,3991,3998
2728,2729,3992,16187
2729,2726,3992,16186
2726,2728,3992,3993
2709,2728,3993,16102
2726,2709,3993,3994
2726,2713,3994,3995
2726,2716,3995,3996
2726,2719,3996,3998
2719,2725,3997,3998
2349,2532,3999,4000
2349,2568,4000,4001
2730,2568,4001,4009
2349,2730,4001,4002
67,2730,4002,4283
2349,67,4002,4003
2349,65,4003,4080
2731,2542,4004,4022
2543,2731,4004,4011
2732,2733,4005,4025
2733,2734,4005,4021
2734,2732,4005,4006
2735,2732,4006,4020
2734,2735,4006,4007
2736,2735,4007,4279
2734,2736,4007,4012
2730,2737,4008,4284
2737,2738,4008,4285
2738,2730,4008,4009
2738,2568,4009,4010
2738,2543,4010,4011
2738,2731,4011,4013
2734,2731,4012,4021
2731,2736,4012,4013
2738,2736,4013,4279
2542,2540,4014,4015
2739,2540,4015,4233
2542,2739,4015,4023
2740,2741,4016,4232
2741,2739,4016,4233
2739,2740,4016,4017
2742,2740,4017,4404
2739,2742,4017,4018
2743,2742,4018,4403
2739,2743,4018,4024
2735,2744,4019,4280
2744,2743,4019,4403
2743,2735,4019,4020
2743,2732,4020,4024
2733,2731,4021,4022
2733,2542,4022,4023
2733,2739,4023,4025
2739,2732,4024,4025
2745,2630,4026,4036
2631,2745,4026,4034
2746,2747,4027,4051
2747,2745,4027,4036
2745,2746,4027,4028
2748,2746,4028,4419
2745,2748,4028,4029
2749,2748,4029,4525
2745,2749,4029,4030
2750,2749,4030,4290
2745,2750,4030,4031
2751,2750,4031,4445
2745,2751,4031,4032
2752,2751,4032,4189
2745,2752,4032,4033
2650,2752,4033,4188
2745,2650,4033,4034
2747,2629,4035,4051
2630,2747,4035,4036
2594,2592,4037,4038
2594,2591,4038,4045
2591,2617,4039,4040
2753,2617,4040,4202
2591,2753,4040,4045
2754,2755,4041,4207
2755,2753,4041,4208
2753,2754,4041,4042
2670,2754,4042,4119
2753,2670,4042,4043
2753,2669,4043,4044
2753,2594,4044,4045
2629,2628,4046,4047
2756,2628,4047,15995
2629,2756,4047,4048
2757,2756,4048,4059
2629,2757,4048,4049
2758,2757,4049,4257
2629,2758,4049,4050
2746,2758,4050,4415
2629,2746,4050,4051
2584,2759,4052,4196
2759,2760,4052,4197
2760,2584,4052,4053
2760,2583,4053,4054
2760,2582,4054,4055
2760,2611,4055,4056
2760,2612,4056,4057
2760,2613,4057,4058
2756,2613,4058,15996
2760,2756,4058,4059
2760,2757,4059,4060
2761,2757,4060,4254
2760,2761,4060,4061
2762,2761,4061,4420
2760,2762,4061,4062
2763,2762,4062,4420
2760,2763,4062,4066
2764,2765,4063,15905
2765,2763,4063,4470
2763,2764,4063,4064
2766,2764,4064,15977,344
2763,2766,4064,4065
2767,2766,4065,15977,344
2763,2767,4065,4066
2760,2767,4066,4388
2768,2769,4067,15975,93
2769,2645,4067,15976,93
2645,2768,4067,4075
2522,2696,4068,15978
2696,2768,4068,15974,93
2768,2522,4068,4069
2768,2521,4069,4070
2768,2556,4070,4071
2768,2683,4071,4075
2683,2647,4072,4073
2683,2646,4073,4074
2683,2645,4074,4075
2770,2455,4076,4479
2456,2770,4076,4077
2771,2770,4077,4483
2456,2771,4077,4078
2772,2771,4078,4221
2456,2772,4078,4079
2678,2772,4079,4220
2350,65,4080,4100
66,61,4081,4082
66,62,4082,4102
62,58,4083,4084
62,59,4084,4103
59,57,4085,4086
59,54,4086,4087
59,55,4087,4103
56,53,4088,4089
56,51,4089,4090
56,50,4090,4105
50,1812,4091,4092
50,1811,4092,4093
50,1813,4093,4094
50,1815,4094,4105
1817,1840,4095,4096
1817,2462,4096,4097
1817,2461,4097,4098
1817,2352,4098,4099
1817,2351,4099,4106
2351,65,4100,4101
2351,66,4101,4102
2351,62,4102,4107
62,55,4103,4104
62,56,4104,4108
56,1815,4105,4108
1814,2351,4106,4107
1814,62,4107,4109
62,1815,4108,4109
2662,2655,4110,4111
2662,2664,4111,4112
2662,2665,4112,4113
2773,2774,4114,15963,344
2774,2775,4114,15964,344
2775,2773,4114,4115
2776,2773,4115,15958
2775,2776,4115,4116
2777,2776,4116,15911
2775,2777,4116,4117
2778,2777,4117,4206
2775,2778,4117,4118
2754,2778,4118,4207
2775,2754,4118,4119
2775,2670,4119,4120
2775,2671,4120,4121
2775,2636,4121,4122
2775,2635,4122,15965,344
2779,2657,4123,4133
2658,2779,4123,4124
2780,2779,4124,4260
2658,2780,4124,4125
2781,2780,4125,4389
2658,2781,4125,4126
2782,2781,4126,4395
2658,2782,4126,4127
2783,2782,4127,4394
2658,2783,4127,4128
2692,2783,4128,4241
2657,2637,4129,4130
2657,2661,4130,4131
2657,2660,4131,4132
2784,2660,4132,4266
2657,2784,4132,4133
2779,2784,4133,4260
2115,2691,4134,4164
2690,2688,4135,4166
2785,2687,4136,15938
2688,2785,4136,4167
2786,2787,4137,15937
2787,2785,4137,15944
2785,2786,4137,4138
2788,2786,4138,15937
2785,2788,4138,4167
2789,2790,4139,5390
2790,2788,4139,15936
2788,2789,4139,4140
2791,2789,4140,5391
2788,2791,4140,4168
2792,2793,4141,5392
2793,2791,4141,5391
2791,2792,4141,4169
2794,2795,4142,5393
2795,2792,4142,5392
2792,2794,4142,4143
2796,2794,4143,5393
2792,2796,4143,4144
2797,2796,4144,5394
2792,2797,4144,4145
2798,2797,4145,5394
2792,2798,4145,4146
2799,2798,4146,5395
2792,2799,4146,4147
2800,2799,4147,5769
2792,2800,4147,4148
2801,2800,4148,5751
2792,2801,4148,4169
2802,2803,4149,4150,193
2803,2804,4149,5915
2804,2802,4149,4171
2805,2803,4150,15759
2802,2805,4150,4151
2806,2805,4151,6335
2802,2806,4151,4152
2807,2806,4152,6335
2802,2807,4152,4172
2808,2809,4153,6358
2809,2807,4153,6336
2807,2808,4153,4154
2810,2808,4154,6337
2807,2810,4154,4155
2811,2810,4155,5923
2807,2811,4155,4156
2812,2811,4156,5923
2807,2812,4156,4172
2813,2814,4157,5552
2814,2812,4157,5916
2812,2813,4157,4158
2721,2813,4158,5023
2812,2721,4158,4159
2812,2720,4159,4160
2812,2723,4160,4173
2815,2722,4161,16181
2723,2815,4161,4174
2114,2816,4162,16179
2816,2815,4162,16180
2815,2114,4162,4163
2815,2115,4163,4164
2815,2691,4164,4165
2815,2690,4165,4166
2815,2688,4166,4175
2688,2788,4167,4168
2688,2791,4168,4176
2791,2801,4169,4170
2804,2801,4170,5750
2791,2804,4170,4171
2791,2802,4171,4176
2802,2812,4172,4173
2802,2723,4173,4174
2802,2815,4174,4175
2802,2688,4175,4176
2574,2677,4177,4187
2677,2675,4178,4179
2677,2681,4179,4180
2817,2681,4180,4693
2677,2817,4180,4181
2818,2817,4181,4672
2677,2818,4181,4182
2819,2818,4182,4561
2677,2819,4182,4183
2444,2819,4183,16142
2677,2444,4183,4184
2677,2445,4184,4185
2677,2576,4185,4186
2677,2575,4186,4187
2651,2752,4188,4189
2651,2751,4189,4190
2820,2751,4190,4444
2651,2820,4190,4191
2821,2820,4191,4443
2651,2821,4191,4192
2653,2821,4192,4286
2590,2822,4193,15961
2822,2823,4193,15962
2823,2590,4193,4194
2823,2585,4194,4195
2823,2584,4195,4196
2823,2759,4196,4197
2823,2760,4197,4201
2824,2825,4198,15955,344
2825,2760,4198,4388
2760,2824,4198,4201
2773,2826,4199,15958,344
2826,2824,4199,15955,344
2824,2773,4199,4200
2823,2773,4200,15962
2824,2823,4200,4201
2827,2617,4202,4216
2753,2827,4202,4203
2828,2827,4203,4216
2753,2828,4203,4208
2829,2830,4204,4449
2830,2828,4204,4450
2828,2829,4204,4209
2777,2831,4205,15911
2831,2832,4205,15910
2832,2777,4205,4206
2832,2778,4206,4211
2778,2755,4207,4211
2755,2828,4208,4209
2755,2829,4209,4210
2832,2829,4210,4449
2755,2832,4210,4211
2617,2621,4212,4213
2833,2621,4213,4240
2617,2833,4213,4214
2834,2833,4214,4468
2617,2834,4214,4215
2828,2834,4215,4450
2617,2828,4215,4216
2695,2699,4217,4218
2835,2699,4218,4352
2695,2835,4218,4219
2836,2835,4219,4326
2695,2836,4219,15972
2679,2772,4220,4225
2837,2771,4221,4483
2772,2837,4221,4222
2838,2837,4222,4568
2772,2838,4222,4223
2839,2838,4223,4758
2772,2839,4223,4226
2682,2839,4224,4694
2839,2680,4224,4226
2680,2772,4225,4226
2540,2497,4227,4228
2840,2497,4228,4251
2540,2840,4228,4229
2841,2840,4229,4405
2540,2841,4229,4230
2842,2841,4230,4412
2540,2842,4230,4231
2740,2842,4231,4404
2540,2740,4231,4232
2540,2741,4232,4233
2621,2693,4234,4235
2843,2693,4235,4246
2621,2843,4235,4236
2844,2843,4236,4325
2621,2844,4236,4237
2845,2844,4237,4324
2621,2845,4237,4238
2846,2845,4238,4498
2621,2846,4238,4239
2847,2846,4239,4497
2621,2847,4239,4240
2833,2847,4240,4465
2693,2783,4241,4247
2848,2849,4242,4503
2849,2783,4242,4393
2783,2848,4242,4243
2850,2848,4243,4499
2783,2850,4243,4244
2851,2850,4244,4322
2783,2851,4244,4245
2852,2851,4245,4321
2783,2852,4245,4247
2843,2852,4246,4321
2852,2693,4246,4247
2853,2602,4248,4396
2503,2853,4248,4249
2854,2853,4249,4406
2503,2854,4249,4250
2840,2854,4250,4405
2503,2840,4250,4253
2840,2500,4251,4253
2503,2855,4252,-8745
2855,2500,4252,-8745
2500,2503,4252,4253
2856,2761,4254,4425
2757,2856,4254,4255
2857,2856,4255,4458
2757,2857,4255,4256
2858,2857,4256,4464
2757,2858,4256,4257
2758,2858,4257,4415
2659,2859,4258,4319
2859,2860,4258,4457
2860,2659,4258,4259
2860,2660,4259,4265
2784,2780,4260,4261
2861,2780,4261,4389
2784,2861,4261,4262
2862,2861,4262,4475
2784,2862,4262,4263
2860,2862,4263,15900
2784,2860,4263,4264
2863,2860,4264,4265,93
2784,2863,4264,4266
2863,2660,4265,4266
2710,2563,4267,4268
2710,2564,4268,4269
2710,2561,4269,4270
2864,2561,4270,16138
2710,2864,4270,4271
2865,2864,4271,16139
2710,2865,4271,4272
2866,2865,4272,4508
2710,2866,4272,4273
2867,2866,4273,4515
2710,2867,4273,4274
2868,2867,4274,4514
2710,2868,4274,4275
2869,2868,4275,4513
2710,2869,4275,4277
2870,2871,4276,4648
2871,2872,4276,4649
2872,2870,4276,4278
2710,2870,4277,4429
2870,2869,4277,4278
2872,2869,4278,4649
2738,2735,4279,4280
2738,2744,4280,4285
69,2873,4281,4530
2873,2744,4281,4402
2744,69,4281,4282
2744,67,4282,4283
2744,2730,4283,4284
2744,2737,4284,4285
2652,2821,4286,4287
2874,2821,4287,4443
2652,2874,4287,4288
2875,2874,4288,4448
2652,2875,4288,4308
2876,2877,4289,4446
2877,2875,4289,4447
2875,2876,4289,4309
2878,2749,4290,4524
2750,2878,4290,4291
2879,2878,4291,4524
2750,2879,4291,4292
2880,2879,4292,4527
2750,2880,4292,4293
2881,2880,4293,4523
2750,2881,4293,4294
2882,2881,4294,4522
2750,2882,4294,4310
2883,2884,4295,4681
2884,2882,4295,4521
2882,2883,4295,4296
2885,2883,4296,4765
2882,2885,4296,4297
2886,2885,4297,4765
2882,2886,4297,4298
2887,2886,4298,4764
2882,2887,4298,4299
2888,2887,4299,4764
2882,2888,4299,4311
2889,2890,4300,4770
2890,2888,4300,4771
2888,2889,4300,4312
2891,2892,4301,4931
2892,2889,4301,4769
2889,2891,4301,4302
116,2891,4302,5077
2889,116,4302,4303
2889,117,4303,4312
117,200,4304,4305
2668,200,4305,-553
117,2668,4305,4306
117,2667,4306,4313
2667,2652,4307,4308
2667,2875,4308,4309
2667,2876,4309,4314
2750,2876,4310,4446
2876,2882,4310,4311
2876,2888,4311,4314
2888,117,4312,4313
2888,2667,4313,4314
2893,2894,4315,15947,93
2894,2895,4315,15953,93
2895,2893,4315,4316
2896,2893,4316,15946,93
2895,2896,4316,4320
2643,2896,4317,15946,93
2896,2642,4317,4318
2896,2659,4318,4319
2896,2859,4319,4320
2895,2859,4320,4457
2843,2851,4321,4322
2843,2850,4322,4323
2897,2850,4323,4499
2843,2897,4323,4325
2845,2897,4324,4492
2897,2844,4324,4325
2898,2835,4326,4365
2836,2898,4326,4327
2899,2898,4327,4364
2836,2899,4327,4328
2900,2899,4328,4671
2836,2900,4328,4329
2901,2900,4329,4670
2836,2901,4329,4335
2902,2903,4330,4484
2903,2901,4330,4688
2901,2902,4330,4331
2904,2902,4331,4347
2901,2904,4331,4332
2905,2904,4332,4346
2901,2905,4332,4335
2906,2907,4333,15970
2907,2905,4333,4345
2905,2906,4333,4334
2836,2906,4334,15971
2905,2836,4334,4335
2908,2909,4336,5445
2909,2233,4336,-1
2233,2908,4336,4342
2910,2911,4337,4368
2911,2908,4337,4369
2908,2910,4337,4338
2912,2910,4338,4367
2908,2912,4338,4342
2235,2912,4339,4366
2912,2236,4339,4340
2912,2234,4340,4341
2912,2233,4341,4342
2684,1751,4343,4344
2684,2339,4344,15927,193
2907,2913,4345,15970
2913,2905,4345,4346
2913,2904,4346,4351
2914,2902,4347,4484
2904,2914,4347,4348
2915,2914,4348,4491
2904,2915,4348,4349
2916,2915,4349,4427
2904,2916,4349,4350
2917,2916,4350,15968
2904,2917,4350,4351
2913,2917,4351,15969
2835,2698,4352,4365
2698,2701,4353,4354
2698,2703,4354,4355
2918,2703,4355,4782
2698,2918,4355,4356
2919,2918,4356,4785
2698,2919,4356,4357
2920,2919,4357,4916
2698,2920,4357,4358
2921,2920,4358,4874
2698,2921,4358,4359
2922,2921,4359,4641
2698,2922,4359,4360
2923,2922,4360,4640
2698,2923,4360,4361
2924,2923,4361,4640
2698,2924,4361,4362
2925,2924,4362,4647
2698,2925,4362,4363
2899,2925,4363,4665
2698,2899,4363,4364
2698,2898,4364,4365
2237,2912,4366,4367
2237,2910,4367,4368
2237,2911,4368,4387
2926,2908,4369,5445
2911,2926,4369,4370
2927,2926,4370,5450
2911,2927,4370,4371
2928,2927,4371,5449
2911,2928,4371,4372
2929,2928,4372,5448
2911,2929,4372,4373
2930,2929,4373,6136
2911,2930,4373,4374
2931,2930,4374,5610
2911,2931,4374,4375
2932,2931,4375,5575
2911,2932,4375,4376
2933,2932,4376,5575
2911,2933,4376,4377
2934,2933,4377,5533
2911,2934,4377,4378
2935,2934,4378,5140
2911,2935,4378,4379
2245,2935,4379,5139
2911,2245,4379,4380
2911,2243,4380,4381
2911,2244,4381,4382
2911,2241,4382,4383
2911,2242,4383,4384
2911,2240,4384,4385
2911,2238,4385,4386
2911,2239,4386,4387
2825,2767,4388,15914,344
2781,2861,4389,4390
2936,2861,4390,4478
2781,2936,4390,4391
2937,2936,4391,4537
2781,2937,4391,4395
2849,2938,4392,4503
2938,2937,4392,4545
2937,2849,4392,4393
2937,2783,4393,4394
2937,2782,4394,4395
2853,2605,4396,4406
2939,2606,4397,4802
2603,2939,4397,4398
2940,2939,4398,4787
2603,2940,4398,4399
2941,2940,4399,4786
2603,2941,4399,4400
2942,2941,4400,4786
2603,2942,4400,4408
2873,2943,4401,4531
2943,2944,4401,4532
2944,2873,4401,4402
2944,2744,4402,4409
2744,2742,4403,4410
2742,2842,4404,4411
2841,2854,4405,4413
2854,2605,4406,4407
2854,2604,4407,4413
2604,2942,4408,4414
2944,2942,4409,4701
2942,2744,4409,4410
2942,2742,4410,4411
2942,2842,4411,4412
2942,2841,4412,4414
2841,2604,4413,4414
2746,2858,4415,4416
2945,2858,4416,4463
2746,2945,4416,4417
2946,2945,4417,4518
2746,2946,4417,4418
2947,2946,4418,4529
2746,2947,4418,4419
2748,2947,4419,4525
2761,2763,4420,4421
2948,2763,4421,4474
2761,2948,4421,4422
2949,2948,4422,4474
2761,2949,4422,4425
2950,2951,4423,4459
2951,2949,4423,4631
2949,2950,4423,4424
2856,2950,4424,4458
2949,2856,4424,4425
2916,2952,4426,15967
2952,2953,4426,15980
2953,2916,4426,4427
2953,2915,4427,4428
2954,2915,4428,4490
2953,2954,4428,15951
2711,2870,4429,4430
2955,2870,4430,4648
2711,2955,4430,4431
2956,2955,4431,4657
2711,2956,4431,4441
2957,2958,4432,4656
2958,2956,4432,4657
2956,2957,4432,4433
2959,2957,4433,4655
2956,2959,4433,4434
2960,2959,4434,4654
2956,2960,4434,4441
2961,2962,4435,5175
2962,2963,4435,5176
2963,2961,4435,4436
2714,2961,4436,5018
2963,2714,4436,4437
2963,2715,4437,4438
2963,2713,4438,4439
2963,2712,4439,4440
2963,2711,4440,4442
2711,2960,4441,4442
2963,2960,4442,5176
2874,2820,4443,4444
2874,2751,4444,4445
2874,2750,4445,4448
2750,2877,4446,4447
2750,2875,4447,4448
2832,2830,4449,4456
2830,2834,4450,4451
2964,2834,4451,4467
2830,2964,4451,4452
2965,2964,4452,4590
2830,2965,4452,4453
2966,2965,4453,4589
2830,2966,4453,4454
2967,2966,4454,15909
2830,2967,4454,4455
2968,2967,4455,15920
2830,2968,4455,4456
2832,2968,4456,15910
2895,2860,4457,15900,93
2857,2950,4458,4459
2857,2951,4459,4464
2969,2970,4460,4623
2970,2951,4460,4631
2951,2969,4460,4461
2971,2969,4461,4622
2951,2971,4461,4462
2945,2971,4462,4518
2951,2945,4462,4463
2951,2858,4463,4464
2972,2847,4465,4496
2833,2972,4465,4469
2973,2974,4466,4569
2974,2972,4466,4570
2972,2973,4466,4469
2964,2973,4467,4569
2973,2834,4467,4468
2973,2833,4468,4469
2975,2765,4470,15905
2763,2975,4470,4471
2976,2975,4471,15906
2763,2976,4471,4472
2977,2976,4472,4601
2763,2977,4472,4473
2949,2977,4473,4632
2763,2949,4473,4474
2978,2862,4475,15894
2861,2978,4475,4476
2979,2978,4476,4634
2861,2979,4476,4477
2980,2979,4477,4538
2861,2980,4477,4478
2936,2980,4478,4537
2770,2454,4479,4480
2770,2453,4480,4481
2981,2453,4481,4825
2770,2981,4481,4482
2837,2981,4482,4566
2770,2837,4482,4483
2914,2903,4484,4485
2982,2903,4485,4692
2914,2982,4485,4486
2983,2982,4486,4691
2914,2983,4486,4487
2984,2983,4487,4550
2914,2984,4487,4488
2985,2984,4488,4550
2914,2985,4488,4489
2986,2985,4489,4559
2914,2986,4489,4491
2954,2986,4490,15950
2986,2915,4490,4491
2987,2897,4492,4502
2845,2987,4492,4493
2988,2987,4493,4664
2845,2988,4493,4494
2989,2988,4494,4571
2845,2989,4494,4498
2972,2990,4495,4570
2990,2989,4495,4571
2989,2972,4495,4496
2989,2847,4496,4497
2989,2846,4497,4498
2897,2848,4499,4500
2991,2848,4500,4507
2897,2991,4500,4501
2992,2991,4501,4660
2897,2992,4501,4502
2987,2992,4502,4660
2848,2938,4503,4504
2993,2938,4504,4544
2848,2993,4504,4505
2994,2993,4505,4543
2848,2994,4505,4506
2995,2994,4506,4682
2848,2995,4506,4507
2991,2995,4507,4661
2996,2865,4508,16140
2866,2996,4508,4516
2997,2998,4509,16141
2998,2996,4509,16140
2996,2997,4509,4510
2999,2997,4510,4565
2996,2999,4510,4517
3000,3001,4511,4975
3001,2999,4511,4976
2999,3000,4511,4517
2869,3002,4512,4650
3002,3000,4512,4975
3000,2869,4512,4513
3000,2868,4513,4514
3000,2867,4514,4515
3000,2866,4515,4516
3000,2996,4516,4517
2946,2971,4518,4519
3003,2971,4519,4621
2946,3003,4519,4520
3004,3003,4520,4676
2946,3004,4520,4526
2884,3004,4521,4676
3004,2882,4521,4522
3004,2881,4522,4523
3004,2880,4523,4526
2879,2749,4524,4528
2749,2947,4525,4528
2946,2880,4526,4527
2946,2879,4527,4529
2879,2947,4528,4529
68,2873,4530,4531
68,2943,4531,4536
71,2944,4532,4703
2943,71,4532,4533
2943,72,4533,4534
2943,73,4534,4535
2943,70,4535,4536
2937,2980,4537,4538
2937,2979,4538,4539
3005,2979,4539,4639
2937,3005,4539,4540
3006,3005,4540,4638
2937,3006,4540,4541
3007,3006,4541,4772
2937,3007,4541,4545
2994,3008,4542,4682
3008,3007,4542,4683
3007,2994,4542,4543
3007,2993,4543,4544
3007,2938,4544,4545
3009,2986,4546,4558
2986,3010,4546,15949
3010,3009,4546,4547
3011,3009,4547,4557
3010,3011,4547,4549
3012,3013,4548,15902
3013,3011,4548,15889
3011,3012,4548,4549
3010,3012,4549,15903
2985,2983,4550,4551
3014,2983,4551,4690
2985,3014,4551,4552
3015,3014,4552,4869
2985,3015,4552,4553
3016,3015,4553,4868
2985,3016,4553,4554
3017,3016,4554,4914
2985,3017,4554,4560
3018,3019,4555,4816
3019,3017,4555,4913
3017,3018,4555,4556
3020,3018,4556,15887
3017,3020,4556,4560
3011,3020,4557,15888
3020,3009,4557,4558
3020,2986,4558,4559
3020,2985,4559,4560
2819,2997,4561,16141
2997,2818,4561,4562
3021,2818,4562,4675
2997,3021,4562,4563
3022,3021,4563,5046
2997,3022,4563,4565
2999,3023,4564,4977
3023,3022,4564,4978
3022,2999,4564,4565
3024,2981,4566,4825
2837,3024,4566,4567
3025,3024,4567,4838
2837,3025,4567,4568
2838,3025,4568,4758
2964,2974,4569,4591
2974,2990,4570,4592
2990,2988,4571,4572
3026,2988,4572,4664
2990,3026,4572,4593
3027,3028,4573,4687
3028,3026,4573,4663
3026,3027,4573,4574
3029,3027,4574,4848
3026,3029,4574,4575
3030,3029,4575,4847
3026,3030,4575,4576
3031,3030,4576,5105
3026,3031,4576,4577
3032,3031,4577,5104
3026,3032,4577,4594
3033,3034,4578,4738
3034,3032,4578,5246
3032,3033,4578,4579
3035,3033,4579,4721
3032,3035,4579,4594
3036,3037,4580,4723
3037,3038,4580,4722
3038,3036,4580,4581
3039,3036,4581,4724
3038,3039,4581,4582
3040,3039,4582,4724
3038,3040,4582,4596
3041,3042,4583,4739
3042,3040,4583,4725
3040,3041,4583,4584
3043,3041,4584,4726
3040,3043,4584,4596
3044,3045,4585,4748
3045,3046,4585,4727
3046,3044,4585,4586
3047,3044,4586,4747
3046,3047,4586,4598
3048,3049,4587,4746
3049,3047,4587,4747
3047,3048,4587,4599
2966,3050,4588,-10202
3050,3048,4588,4746
3048,2966,4588,4589
3048,2965,4589,4590
3048,2964,4590,4591
3048,2974,4591,4592
3048,2990,4592,4593
3048,3026,4593,4600
3026,3035,4594,4595
3038,3035,4595,4721
3026,3038,4595,4600
3038,3043,4596,4597
3046,3043,4597,4726
3038,3046,4597,4598
3038,3047,4598,4599
3038,3048,4599,4600
3051,2976,4601,15906
2977,3051,4601,4602
3052,3051,4602,4730
2977,3052,4602,4603
3053,3052,4603,4704
2977,3053,4603,4625
3054,3055,4604,5097
3055,3053,4604,4704
3053,3054,4604,4605
3056,3054,4605,5148
3053,3056,4605,4606
3057,3056,4606,5153
3053,3057,4606,4607
3058,3057,4607,5189
3053,3058,4607,4608
3059,3058,4608,5188
3053,3059,4608,4630
3060,3061,4609,5222
3061,3062,4609,5192
3062,3060,4609,4610
3063,3060,4610,5126
3062,3063,4610,4611
3064,3063,4611,5125
3062,3064,4611,4612
3065,3064,4612,4963
3062,3065,4612,4613
3066,3065,4613,5028
3062,3066,4613,4614
3067,3066,4614,5028
3062,3067,4614,4615
3068,3067,4615,5027
3062,3068,4615,4616
3069,3068,4616,4906
3062,3069,4616,4626
3070,3071,4617,4969
3071,3072,4617,4905
3072,3070,4617,4618
3073,3070,4618,4960
3072,3073,4618,4619
3074,3073,4619,4959
3072,3074,4619,4620
3075,3074,4620,4677
3072,3075,4620,4627
3003,3075,4621,4677
3075,2971,4621,4622
3075,2969,4622,4623
3075,2970,4623,4624
3076,2970,4624,4633
3075,3076,4624,4628
2977,3076,4625,4633
3076,3053,4625,4629
3062,3059,4626,5188
3059,3069,4626,4630
3072,3069,4627,4905
3069,3075,4627,4628
3069,3076,4628,4629
3069,3053,4629,4630
2970,2949,4631,4632
2970,2977,4632,4633
3077,2978,4634,15894
2979,3077,4634,4635
3078,3077,4635,4753
2979,3078,4635,4636
3079,3078,4636,4754
2979,3079,4636,4637
3080,3079,4637,4754
2979,3080,4637,4639
3006,3080,4638,4772
3080,3005,4638,4639
2924,2922,4640,4647
3081,2921,4641,4879
2922,3081,4641,4642
3082,3081,4642,4878
2922,3082,4642,4643
3083,3082,4643,4932
2922,3083,4643,4644
3084,3083,4644,4932
2922,3084,4644,4645
3085,3084,4645,4666
2922,3085,4645,4646
2925,3085,4646,4665
2922,2925,4646,4647
2955,2871,4648,4658
2871,2869,4649,4650
2871,3002,4650,4651
3086,3002,4651,4983
2871,3086,4651,4652
3087,3086,4652,5358
2871,3087,4652,4659
2960,3088,4653,5177
3088,3087,4653,5168
3087,2960,4653,4654
3087,2959,4654,4655
3087,2957,4655,4656
3087,2958,4656,4659
2958,2955,4657,4658
2958,2871,4658,4659
2987,2991,4660,4661
2987,2995,4661,4662
3028,2995,4662,4687
2987,3028,4662,4663
2987,3026,4663,4664
2899,3085,4665,4666
2899,3084,4666,4667
3089,3084,4667,4945
2899,3089,4667,4668
3090,3089,4668,4944
2899,3090,4668,4671
2901,3091,4669,4688
3091,3090,4669,4870
3090,2901,4669,4670
3090,2900,4670,4671
3092,2817,4672,4699
2818,3092,4672,4673
3093,3092,4673,4698
2818,3093,4673,4674
3094,3093,4674,5041
2818,3094,4674,4675
3021,3094,4675,5041
2884,3003,4676,4681
3003,3074,4677,4678
3095,3074,4678,4959
3003,3095,4678,4679
3096,3095,4679,4924
3003,3096,4679,4680
2883,3096,4680,4766
3003,2883,4680,4681
2995,3008,4682,4683
2995,3007,4683,4684
3097,3007,4684,4781
2995,3097,4684,4685
3098,3097,4685,4839
2995,3098,4685,4686
3027,3098,4686,4849
2995,3027,4686,4687
2903,3091,4688,4689
3099,3091,4689,4873
2903,3099,4689,4692
3014,3099,4690,4864
3099,2983,4690,4691
3099,2982,4691,4692
2817,2682,4693,4694
2817,2839,4694,4699
3100,3101,4695,5179
3101,3102,4695,4763
3102,3100,4695,4696
3103,3100,4696,5043
3102,3103,4696,4697
3093,3103,4697,5042
3102,3093,4697,4698
3102,3092,4698,4700
3092,2839,4699,4700
3102,2839,4700,4763
76,2942,4701,4791
2944,76,4701,4702
2944,74,4702,4703
3052,3055,4704,4731
3104,3105,4705,5224
3105,3106,4705,5265
3106,3104,4705,4733
3107,3108,4706,5225
3108,3104,4706,5224
3104,3107,4706,4707
3109,3107,4707,5226
3104,3109,4707,4733
3110,3111,4708,5972
3111,3109,4708,5226
3109,3110,4708,4734
3112,211,4709,6183
211,3110,4709,5972
3110,3112,4709,4710
3113,3112,4710,15749
3110,3113,4710,4711
3114,3113,4711,15748
3110,3114,4711,4712
3115,3114,4712,4713,269
3110,3115,4712,4734
3116,3114,4713,5944
3115,3116,4713,4714
3117,3116,4714,5599
3115,3117,4714,4715
3118,3117,4715,5353
3115,3118,4715,4716
3119,3118,4716,5382
3115,3119,4716,4717
3120,3119,4717,5383
3115,3120,4717,4735
3121,3122,4718,5385
3122,3120,4718,5384
3120,3121,4718,4736
3123,3124,4719,5354
3124,3125,4719,5379
3125,3123,4719,4720
3034,3123,4720,5248
3125,3034,4720,4737
3033,3038,4721,4722
3033,3037,4722,4723
3033,3036,4723,4738
3036,3040,4724,4725
3036,3042,4725,4745
3041,3046,4726,4727
3041,3045,4727,4728
3126,3045,4728,4749
3041,3126,4728,4729
3127,3126,4729,15907
3041,3127,4729,4739
3051,3127,4730,15907
3127,3052,4730,4731
3127,3055,4731,4732
3106,3055,4732,5097
3127,3106,4732,4740
3106,3109,4733,4741
3109,3115,4734,4735
3109,3120,4735,4736
3109,3121,4736,4742
3125,3128,4737,5379
3128,3034,4737,4744
3034,3036,4738,4744
3042,3127,4739,4740
3042,3106,4740,4741
3042,3109,4741,4742
3042,3121,4742,4743
3128,3121,4743,5385
3042,3128,4743,4745
3128,3036,4744,4745
3050,3049,4746,4750
3049,3044,4747,4748
3049,3045,4748,4749
3049,3126,4749,4750
3050,3126,4750,-10202
3129,3130,4751,15892,93
3130,3131,4751,15893,93
3131,3129,4751,4757
3077,3132,4752,15895
3132,3129,4752,15891,93
3129,3077,4752,4753
3129,3078,4753,4757
3078,3080,4754,4755
3133,3080,4755,4773
3078,3133,4755,4756
3131,3133,4756,4859
3078,3131,4756,4757
2839,3025,4758,4759
3134,3025,4759,4838
2839,3134,4759,4760
3135,3134,4760,4837
2839,3135,4760,4761
3136,3135,4761,5221
2839,3136,4761,4762
3101,3136,4762,5179
2839,3101,4762,4763
2888,2886,4764,4771
2886,2883,4765,4766
2886,3096,4766,4767
3137,3096,4767,4924
2886,3137,4767,4768
2892,3137,4768,4931
2886,2892,4768,4769
2886,2889,4769,4770
2886,2890,4770,4771
3007,3080,4772,4773
3007,3133,4773,4774
3138,3133,4774,4860
3007,3138,4774,4775
3139,3138,4775,4851
3007,3139,4775,4776
3140,3139,4776,4842
3007,3140,4776,4777
3141,3140,4777,4842
3007,3141,4777,4778
3142,3141,4778,4841
3007,3142,4778,4779
3143,3142,4779,4841
3007,3143,4779,4780
3144,3143,4780,4840
3007,3144,4780,4781
3097,3144,4781,4839
2918,2702,4782,4783
2918,2705,4783,4784
3145,2705,4784,5001
2918,3145,4784,4785
2919,3145,4785,4916
2942,2940,4786,4791
3146,2939,4787,4803
2940,3146,4787,4788
3147,3146,4788,4804
2940,3147,4788,4789
75,3147,4789,4804
2940,75,4789,4790
2940,76,4790,4791
3148,3149,4792,15844
3149,3150,4792,15881,269
3150,3148,4792,4811
3151,3152,4793,15885,269
3152,3148,4793,15845
3148,3151,4793,4794
3153,3151,4794,15764
3148,3153,4794,4795
193,3153,4795,5936
3148,193,4795,4796
3148,194,4796,4797
3148,206,4797,4798
3148,197,4798,4799
3148,196,4799,4812
196,199,4800,4801
196,2606,4801,4802
196,2939,4802,4803
196,3146,4803,4813
3146,75,4804,4805
3146,77,4805,4806
3146,78,4806,4814
3154,3155,4807,15880,269
3155,78,4807,5047
78,3154,4807,4808
3156,3154,4808,15880,269
78,3156,4808,4814
3157,3158,4809,15878,269
3158,3156,4809,15879,269
3156,3157,4809,4810
3159,3157,4810,15846
3156,3159,4810,4815
3150,3159,4811,15846
3159,3148,4811,4812
3159,196,4812,4813
3159,3146,4813,4815
3146,3156,4814,4815
3018,3160,4816,15887
3160,3019,4816,4817
3161,3019,4817,4912
3160,3161,4817,4818
3162,3161,4818,5075
3160,3162,4818,4819
3163,3162,4819,5074
3160,3163,4819,4820
3164,3163,4820,5131
3160,3164,4820,4821
3165,3164,4821,5136
3160,3165,4821,4822
3166,3165,4822,4856
3160,3166,4822,4823
3167,3166,4823,4856
3160,3167,4823,4824
3168,3167,4824,4857
3160,3168,4824,15886
3024,2453,4825,4826
3024,2452,4826,4827
3169,2452,4827,4891
3024,3169,4827,4828
3170,3169,4828,5114
3024,3170,4828,4829
3171,3170,4829,5124
3024,3171,4829,4830
3172,3171,4830,5123
3024,3172,4830,4831
3173,3172,4831,5509
3024,3173,4831,4832
3174,3173,4832,5367
3024,3174,4832,4833
3175,3174,4833,5367
3024,3175,4833,4834
3176,3175,4834,5214
3024,3176,4834,4835
3177,3176,4835,5213
3024,3177,4835,4836
3135,3177,4836,5213
3024,3135,4836,4837
3024,3134,4837,4838
3098,3144,4839,4840
3098,3143,4840,4850
3143,3141,4841,4850
3141,3139,4842,4843
3178,3139,4843,4851
3141,3178,4843,4844
3179,3178,4844,5059
3141,3179,4844,4845
3180,3179,4845,5068
3141,3180,4845,4846
3030,3180,4846,5100
3141,3030,4846,4847
3141,3029,4847,4848
3141,3027,4848,4849
3141,3098,4849,4850
3138,3178,4851,4852
3181,3178,4852,5059
3138,3181,4852,4853
3182,3181,4853,5154
3138,3182,4853,4861
3183,3184,4854,5160
3184,3182,4854,5154
3182,3183,4854,4855
3165,3183,4855,5136
3182,3165,4855,4862
3165,3167,4856,4863
3131,3168,4857,15886
3167,3131,4857,4858
3185,3131,4858,4859,93
3167,3185,4858,4863
3185,3133,4859,4860
3185,3138,4860,4861
3185,3182,4861,4862
3185,3165,4862,4863
3186,3099,4864,4873
3014,3186,4864,4869
3187,3188,4865,4941
3188,3186,4865,4872
3186,3187,4865,4866
3189,3187,4866,5193
3186,3189,4866,4867
3016,3189,4867,4910
3186,3016,4867,4868
3186,3015,4868,4869
3190,3090,4870,4943
3091,3190,4870,4871
3188,3190,4871,4942
3091,3188,4871,4872
3091,3186,4872,4873
3191,2920,4874,4920
2921,3191,4874,4879
3192,3193,4875,4919
3193,3191,4875,4920
3191,3192,4875,4876
3194,3192,4876,4933
3191,3194,4876,4877
3082,3194,4877,4933
3191,3082,4877,4878
3191,3081,4878,4879
2451,104,4880,4881
2451,100,4881,4882
2451,101,4882,4893
101,99,4883,4884
101,98,4884,4894
3195,3196,4885,5418
3196,98,4885,5424
98,3195,4885,4895
3197,3198,4886,5336
3198,3195,4886,5418
3195,3197,4886,4896
3199,3200,4887,5285
3200,3197,4887,5336
3197,3199,4887,4897
3201,3202,4888,5290
3202,3203,4888,5284
3203,3201,4888,4889
3204,3201,4889,5116
3203,3204,4889,4899
3205,3206,4890,5115
3206,3204,4890,5116
3204,3205,4890,4899
3169,3205,4891,5114
3205,2452,4891,4892
3205,2451,4892,4893
3205,101,4893,4894
3205,98,4894,4895
3205,3195,4895,4896
3205,3197,4896,4897
3205,3199,4897,4898
3203,3199,4898,5284
3205,3203,4898,4899
3207,3208,4900,4947
3208,3209,4900,-554
3209,3207,4900,4901
3210,3207,4901,4955
3209,3210,4901,4902
3211,3210,4902,4955
3209,3211,4902,4903
3212,3211,4903,4958
3209,3212,4903,4904
3213,3212,4904,4954
3209,3213,4904,-554
3071,3069,4905,4909
3214,3068,4906,5026
3069,3214,4906,4907
3215,3214,4907,5025
3069,3215,4907,4908
3216,3215,4908,4970
3069,3216,4908,4909
3071,3216,4909,4969
3217,3189,4910,5193
3016,3217,4910,4915
3218,3219,4911,5071
3219,3217,4911,5072
3217,3218,4911,4915
3161,3218,4912,5071
3218,3019,4912,4913
3218,3017,4913,4914
3218,3016,4914,4915
2920,3145,4916,4917
3220,3145,4917,5009
2920,3220,4917,4921
3192,3221,4918,4934
3221,3220,4918,5106
3220,3192,4918,4919
3220,3193,4919,4921
3193,2920,4920,4921
3222,3223,4922,-905
3223,3224,4922,-905
3224,3222,4922,4923
3225,3222,4923,-905
3224,3225,4923,-905
3137,3095,4924,4925
3226,3095,4925,4967
3137,3226,4925,4926
3227,3226,4926,4967
3137,3227,4926,4927
138,3227,4927,5094
3137,138,4927,4928
3137,139,4928,4929
3228,139,4929,5079
3137,3228,4929,4930
2891,3228,4930,5078
3137,2891,4930,4931
3084,3082,4932,4946
3082,3192,4933,4934
3082,3221,4934,4935
3229,3221,4935,5106
3082,3229,4935,4936
3230,3229,4936,5112
3082,3230,4936,4946
3231,3232,4937,5111
3232,3230,4937,5112
3230,3231,4937,4938
3233,3231,4938,5314
3230,3233,4938,4939
3234,3233,4939,5195
3230,3234,4939,4940
3187,3234,4940,5194
3230,3187,4940,4941
3230,3188,4941,4942
3230,3190,4942,4943
3230,3090,4943,4944
3230,3089,4944,4945
3230,3084,4945,4946
3235,3208,4947,-554
3207,3235,4947,4948
3236,3235,4948,-554
3207,3236,4948,4949
3237,3236,4949,-554
3207,3237,4949,4950
3238,3237,4950,-554
3207,3238,4950,4951
3239,3238,4951,-554
3207,3239,4951,4952
3240,3239,4952,-554
3207,3240,4952,4956
3241,3242,4953,-554
3242,3240,4953,-554
3240,3241,4953,4957
3213,3241,4954,-554
3241,3212,4954,4957
3211,3207,4955,4956
3211,3240,4956,4958
3240,3212,4957,4958
3095,3073,4959,4960
3095,3070,4960,4961
3243,3070,4961,4973
3095,3243,4961,4962
3065,3243,4962,5029
3095,3065,4962,4963
3095,3064,4963,4964
3244,3064,4964,5125
3095,3244,4964,4965
3245,3244,4965,5130
3095,3245,4965,4968
3227,3246,4966,5094
3246,3245,4966,5095
3245,3227,4966,4968
3227,3095,4967,4968
3070,3216,4969,4970
3070,3215,4970,4974
3247,3248,4971,5032
3248,3215,4971,5025
3215,3247,4971,4974
3243,3249,4972,5030
3249,3247,4972,5031
3247,3243,4972,4973
3247,3070,4973,4974
3002,3001,4975,4976
3002,2999,4976,4977
3002,3023,4977,4984
3250,3022,4978,5045
3023,3250,4978,4979
3251,3250,4979,5268
3023,3251,4979,4984
3252,3253,4980,5281
3253,3251,4980,5282
3251,3252,4980,4981
3254,3252,4981,5360
3251,3254,4981,4982
3086,3254,4982,5359
3251,3086,4982,4983
3251,3002,4983,4984
3255,79,4985,5048
80,3255,4985,4986
3256,3255,4986,5049
80,3256,4986,4995
3257,3258,4987,5051
3258,3256,4987,5050
3256,3257,4987,5000
86,3259,4988,5343
3259,3260,4988,5052
3260,86,4988,4989
3260,83,4989,4990
3260,84,4990,4996
84,115,4991,4997
3261,114,4992,5013
115,3261,4992,4993
3262,3261,4993,5013
115,3262,4993,4994
3263,3262,4994,5012
115,3263,4994,4998
80,3264,4995,5011
3264,3256,4995,4999
3260,3257,4996,5051
3257,84,4996,4997
3257,115,4997,4998
3257,3263,4998,5000
3264,3263,4999,5012
3263,3256,4999,5000
3145,2704,5001,5002
3265,2704,5002,5040
3145,3265,5002,5003
3266,3265,5003,5039
3145,3266,5003,5004
3267,3266,5004,5038
3145,3267,5004,5005
3268,3267,5005,5212
3145,3268,5005,5006
3269,3268,5006,5211
3145,3269,5006,5007
3270,3269,5007,5201
3145,3270,5007,5008
3271,3270,5008,5204
3145,3271,5008,5009
3220,3271,5009,5107
82,80,5010,5011
82,3264,5011,5015
3264,3262,5012,5015
3262,114,5013,5014
3262,82,5014,5015
2719,2718,5016,5024
2718,2714,5017,5018
2718,2961,5018,5019
3272,2961,5019,5174
2718,3272,5019,5020
3273,3272,5020,5173
2718,3273,5020,5021
3274,3273,5021,5540
2718,3274,5021,5022
2813,3274,5022,5553
2718,2813,5022,5023
2718,2721,5023,5024
3248,3214,5025,5026
3248,3068,5026,5027
3248,3067,5027,5032
3067,3065,5028,5029
3067,3243,5029,5030
3067,3249,5030,5031
3067,3247,5031,5032
3275,2706,5033,5145
2704,3275,5033,5034
3276,3275,5034,5331
2704,3276,5034,5035
3277,3276,5035,5334
2704,3277,5035,5036
3278,3277,5036,5386
2704,3278,5036,5040
3267,3279,5037,5212
3279,3278,5037,5205
3278,3267,5037,5038
3278,3266,5038,5039
3278,3265,5039,5040
3021,3093,5041,5042
3021,3103,5042,5046
3280,3100,5043,5187
3103,3280,5043,5044
3250,3280,5044,5268
3103,3250,5044,5045
3103,3022,5045,5046
3155,79,5047,5048
3155,3255,5048,5049
3155,3256,5049,5050
3155,3258,5050,5058
3258,3260,5051,5052
3258,3259,5052,5053
3281,3259,5053,5342
3258,3281,5053,5054
3282,3281,5054,5342
3258,3282,5054,5055
3283,3282,5055,15860,269
3258,3283,5055,5056
3284,3283,5056,15859,269
3258,3284,5056,5057
3285,3284,5057,15859,269
3258,3285,5057,5058
3155,3285,5058,15869,269
3179,3181,5059,5060
3286,3181,5060,5159
3179,3286,5060,5069
3287,3288,5061,5158
3288,3286,5061,5162
3286,3287,5061,5070
3289,3290,5062,5560
3290,3287,5062,5157
3287,3289,5062,5063
3291,3289,5063,5559
3287,3291,5063,5064
3292,3291,5064,5559
3287,3292,5064,5065
3293,3292,5065,5346
3287,3293,5065,5066
3294,3293,5066,5102
3287,3294,5066,5067
3295,3294,5067,5101
3287,3295,5067,5070
3180,3295,5068,5100
3295,3179,5068,5069
3295,3286,5069,5070
3161,3219,5071,5072
3161,3217,5072,5073
3296,3217,5073,5200
3161,3296,5073,5075
3163,3296,5074,5164
3296,3162,5074,5075
120,116,5076,5077
120,2891,5077,5078
120,3228,5078,5089
3228,140,5079,5080
3228,135,5080,5081
3228,136,5081,5090
136,134,5082,5091
134,131,5083,5092
131,127,5084,5092
127,124,5085,5093
124,121,5086,5087
124,122,5087,5088
124,120,5088,5089
124,3228,5089,5090
124,136,5090,5091
124,134,5091,5093
134,127,5092,5093
138,3246,5094,5096
141,3245,5095,5129
3246,141,5095,5096
3054,3106,5097,5098
3297,3106,5098,5264
3054,3297,5098,5099
3298,3297,5099,5264
3054,3298,5099,5148
3030,3295,5100,5101
3030,3294,5101,5102
3030,3293,5102,5103
3299,3293,5103,5346
3030,3299,5103,5105
3032,3299,5104,5246
3299,3031,5104,5105
3229,3220,5106,5107
3229,3271,5107,5108
3300,3271,5108,5204
3229,3300,5108,5109
3301,3300,5109,5256
3229,3301,5109,5110
3302,3301,5110,5263
3229,3302,5110,5113
3231,3302,5111,5305
3302,3232,5111,5113
3232,3229,5112,5113
3170,3205,5114,5115
3170,3206,5115,5124
3206,3201,5116,5117
3303,3201,5117,5290
3206,3303,5117,5118
3304,3303,5118,5682
3206,3304,5118,5119
3305,3304,5119,5675
3206,3305,5119,5120
3306,3305,5120,5504
3206,3306,5120,5121
3307,3306,5121,5503
3206,3307,5121,5122
3172,3307,5122,5503
3206,3172,5122,5123
3206,3171,5123,5124
3244,3063,5125,5126
3244,3060,5126,5127
3308,3060,5127,5238
3244,3308,5127,5130
142,3308,5128,5291
3308,141,5128,5129
3308,3245,5129,5130
3309,3163,5131,5167
3164,3309,5131,5132
3310,3309,5132,5167
3164,3310,5132,5133
3311,3310,5133,5249
3164,3311,5133,5134
3312,3311,5134,5249
3164,3312,5134,5135
3183,3312,5135,5163
3164,3183,5135,5136
2706,2247,5137,5146
2247,2245,5138,5139
2247,2935,5139,5140
2247,2934,5140,5147
3313,3314,5141,5532
3314,2934,5141,5533
2934,3313,5141,5147
3315,3316,5142,5495
3316,3313,5142,5532
3313,3315,5142,5143
3317,3315,5143,5332
3313,3317,5143,5144
3275,3317,5144,5331
3313,3275,5144,5145
3313,2706,5145,5146
3313,2247,5146,5147
3056,3298,5148,5149
3318,3298,5149,5267
3056,3318,5149,5150
3319,3318,5150,5266
3056,3319,5150,5153
3320,3321,5151,5190
3321,3319,5151,5223
3319,3320,5151,5152
3057,3320,5152,5189
3319,3057,5152,5153
3181,3184,5154,5159
3322,3323,5155,5474
3323,3324,5155,5254
3324,3322,5155,5156
3290,3322,5156,5560
3324,3290,5156,5157
3324,3287,5157,5158
3324,3288,5158,5161
3286,3184,5159,5160
3286,3183,5160,5162
3324,3312,5161,5255
3312,3288,5161,5163
3288,3183,5162,5163
3325,3296,5164,5200
3163,3325,5164,5165
3326,3325,5165,5304
3163,3326,5165,5166
3310,3326,5166,5250
3163,3310,5166,5167
3327,3087,5168,5358
3088,3327,5168,5169
3328,3327,5169,5452
3088,3328,5169,5170
3329,3328,5170,5457
3088,3329,5170,5171
3330,3329,5171,5799
3088,3330,5171,5178
3273,3331,5172,5540
3331,3330,5172,5541
3330,3273,5172,5173
3330,3272,5173,5174
3330,2961,5174,5175
3330,2962,5175,5178
2962,2960,5176,5177
2962,3088,5177,5178
3100,3136,5179,5180
3332,3136,5180,5220
3100,3332,5180,5181
3333,3332,5181,5219
3100,3333,5181,5182
3334,3333,5182,5458
3100,3334,5182,5183
3335,3334,5183,5460
3100,3335,5183,5184
3336,3335,5184,5272
3100,3336,5184,5185
3337,3336,5185,5271
3100,3337,5185,5187
3280,3338,5186,5269
3338,3337,5186,5270
3337,3280,5186,5187
3062,3058,5188,5192
3058,3320,5189,5190
3058,3321,5190,5191
3061,3321,5191,5222
3058,3061,5191,5192
3217,3187,5193,5194
3217,3234,5194,5195
3217,3233,5195,5196
3339,3233,5196,5314
3217,3339,5196,5197
3340,3339,5197,5298
3217,3340,5197,5198
3341,3340,5198,5298
3217,3341,5198,5199
3325,3341,5199,5304
3217,3325,5199,5200
3342,3269,5201,5210
3270,3342,5201,5202
3343,3342,5202,5257
3270,3343,5202,5203
3300,3343,5203,5256
3270,3300,5203,5204
3344,3278,5205,5389
3279,3344,5205,5206
3345,3344,5206,5470
3279,3345,5206,5207
3346,3345,5207,5429
3279,3346,5207,5208
3347,3346,5208,5429
3279,3347,5208,5209
3342,3347,5209,5257
3279,3342,5209,5210
3279,3269,5210,5211
3279,3268,5211,5212
3135,3176,5213,5214
3135,3175,5214,5215
3348,3175,5215,5376
3135,3348,5215,5221
3349,3350,5216,5375
3350,3348,5216,5376
3348,3349,5216,5217
3351,3349,5217,5374
3348,3351,5217,5218
3333,3351,5218,5458
3348,3333,5218,5219
3348,3332,5219,5220
3348,3136,5220,5221
3060,3321,5222,5223
3060,3319,5223,5239
3105,3108,5224,5225
3105,3107,5225,5241
3107,3111,5226,5227
3352,3111,5227,5971
3107,3352,5227,5228
3353,3352,5228,5971
3107,3353,5228,5242
213,3353,5229,5975
3353,212,5229,5245
3354,3355,5230,5834
3355,214,5230,5820
214,3354,5230,5231
3356,3354,5231,5833
214,3356,5231,5232
3357,3356,5232,5819
214,3357,5232,5243
3358,3359,5233,5831
3359,3357,5233,5819
3357,3358,5233,5244
3360,3361,5234,5670
3361,3358,5234,5817
3358,3360,5234,5235
3362,3360,5235,5674
3358,3362,5235,5236
3363,3362,5236,5292
3358,3363,5236,5237
3308,3363,5237,5291
3358,3308,5237,5238
3358,3060,5238,5239
3358,3319,5239,5240
3105,3319,5240,5266
3358,3105,5240,5241
3358,3107,5241,5242
3358,3353,5242,5244
212,3357,5243,5245
3357,3353,5244,5245
3034,3299,5246,5247
3364,3299,5247,5355
3034,3364,5247,5248
3123,3364,5248,5354
3312,3310,5249,5255
3365,3326,5250,5303
3310,3365,5250,5251
3366,3365,5251,5468
3310,3366,5251,5252
3367,3366,5252,5475
3310,3367,5252,5253
3323,3367,5253,5474
3310,3323,5253,5254
3310,3324,5254,5255
3301,3343,5256,5263
3343,3347,5257,5258
3368,3347,5258,5433
3343,3368,5258,5259
3369,3368,5259,5487
3343,3369,5259,5260
3370,3369,5260,5493
3343,3370,5260,5261
3371,3370,5261,5479
3343,3371,5261,5262
3302,3371,5262,5305
3343,3302,5262,5263
3298,3106,5264,5265
3298,3105,5265,5267
3105,3318,5266,5267
3251,3280,5268,5269
3251,3338,5269,5270
3251,3337,5270,5271
3251,3336,5271,5283
3372,3335,5272,5460
3336,3372,5272,5273
3373,3372,5273,5372
3336,3373,5273,5274
3374,3373,5274,5900
3336,3374,5274,5275
3375,3374,5275,6424
3336,3375,5275,5276
3376,3375,5276,5985
3336,3376,5276,5277
3377,3376,5277,5984
3336,3377,5277,5278
3378,3377,5278,5984
3336,3378,5278,5279
3379,3378,5279,5569
3336,3379,5279,5283
3252,3380,5280,5361
3380,3379,5280,5569
3379,3252,5280,5281
3379,3253,5281,5282
3379,3251,5282,5283
3202,3199,5284,5285
3202,3200,5285,5286
3381,3200,5286,5339
3202,3381,5286,5287
3382,3381,5287,5339
3202,3382,5287,5288
3383,3382,5288,5683
3202,3383,5288,5289
3303,3383,5289,5682
3202,3303,5289,5290
142,3363,5291,5292
142,3362,5292,5293
3384,3362,5293,5674
142,3384,5293,5294
154,3384,5294,5673
142,154,5294,5297
143,155,5295,5584
154,143,5295,5296
154,144,5296,5297
3341,3339,5298,5299
3385,3339,5299,5313
3341,3385,5299,5300
3386,3385,5300,5312
3341,3386,5300,5301
3387,3386,5301,5461
3341,3387,5301,5302
3365,3387,5302,5461
3341,3365,5302,5303
3341,3326,5303,5304
3231,3371,5305,5306
3388,3371,5306,5479
3231,3388,5306,5307
3389,3388,5307,5486
3231,3389,5307,5308
3390,3389,5308,5485
3231,3390,5308,5309
3391,3390,5309,5870
3231,3391,5309,5310
3392,3391,5310,5730
3231,3392,5310,5311
3386,3392,5311,5462
3231,3386,5311,5312
3231,3385,5312,5313
3231,3339,5313,5314
93,95,5315,5326
3393,97,5316,5425
94,3393,5316,5317
3394,3393,5317,5426
94,3394,5317,5318
3395,3394,5318,5949
94,3395,5318,5319
3396,3395,5319,15857,269
94,3396,5319,5327
3397,3398,5320,15855,269
3398,3396,5320,15856,269
3396,3397,5320,5328
88,3399,5321,5344
3399,87,5321,5322
3399,91,5322,5323
3399,90,5323,5324
3399,89,5324,5330
89,93,5325,5326
89,95,5326,5330
95,3396,5327,5328
95,3397,5328,5329
3399,3397,5329,5340
95,3399,5329,5330
3276,3317,5331,5332
3276,3315,5332,5334
3277,3400,5333,5386
3400,3401,5333,5494
3401,3277,5333,5335
3277,3315,5334,5335
3401,3315,5335,5494
3200,3198,5336,5337
3402,3198,5337,5423
3200,3402,5337,5338
3382,3402,5338,5684
3200,3382,5338,5339
3403,3397,5340,15847,269
3399,3403,5340,5341
3282,3403,5341,15847,269
3399,3282,5341,5345
3282,3259,5342,5343
3282,86,5343,5345
86,3399,5344,5345
3299,3292,5346,5347
3404,3292,5347,5566
3299,3404,5347,5348
3405,3404,5348,5606
3299,3405,5348,5349
3406,3405,5349,5594
3299,3406,5349,5350
3407,3406,5350,5593
3299,3407,5350,5351
3408,3407,5351,5592
3299,3408,5351,5352
3117,3408,5352,5592
3299,3117,5352,5353
3299,3118,5353,5355
3124,3364,5354,5357
3364,3118,5355,5356
3409,3118,5356,5381
3364,3409,5356,5357
3124,3409,5357,5380
3327,3086,5358,5359
3327,3254,5359,5360
3327,3252,5360,5361
3327,3380,5361,5362
3410,3380,5362,5574
3327,3410,5362,5363
3411,3410,5363,5574
3327,3411,5363,5366
3412,3413,5364,5453
3413,3411,5364,6146
3411,3412,5364,5366
3327,3414,5365,5452
3414,3412,5365,5453
3412,3327,5365,5366
3175,3173,5367,5377
3415,3416,5368,5678
3416,3417,5368,5507
3417,3415,5368,5369
3418,3415,5369,5677
3417,3418,5369,5370
3419,3418,5370,5892
3417,3419,5370,5371
3373,3419,5371,5901
3417,3373,5371,5372
3417,3372,5372,5373
3351,3372,5373,5459
3417,3351,5373,5374
3417,3349,5374,5375
3417,3350,5375,5378
3350,3175,5376,5377
3350,3173,5377,5378
3417,3173,5378,5508
3128,3124,5379,5380
3128,3409,5380,5381
3128,3118,5381,5382
3128,3119,5382,5383
3128,3120,5383,5384
3128,3122,5384,5385
3278,3400,5386,5387
3420,3400,5387,5502
3278,3420,5387,5388
3421,3420,5388,5526
3278,3421,5388,5389
3344,3421,5389,5470
2790,3422,5390,15936
3422,2789,5390,5410
2789,2793,5391,5411
2793,2795,5392,5412
2795,2796,5393,5413
2796,2798,5394,5414
3423,2799,5395,5752
2798,3423,5395,5396
3424,3423,5396,5752
2798,3424,5396,5397
3425,3424,5397,5753
2798,3425,5397,5415
3426,3427,5398,7696
3427,3425,5398,7668
3425,3426,5398,5399
3428,3426,5399,7695
3425,3428,5399,5400
3429,3428,5400,7694
3425,3429,5400,5416
3430,3431,5401,7693
3431,3429,5401,7694
3429,3430,5401,5402
3432,3430,5402,7692
3429,3432,5402,5403
3433,3432,5403,7691
3429,3433,5403,5404
3434,3433,5404,7690
3429,3434,5404,5417
3435,3436,5405,-1
3436,3434,5405,7689
3434,3435,5405,5406
3437,3435,5406,15933
3434,3437,5406,5407
3438,3437,5407,15934
3434,3438,5407,5417
3439,3440,5408,15935
3440,3438,5408,15934
3438,3439,5408,5409
3422,3439,5409,15941
3438,3422,5409,5410
3438,2789,5410,5411
3438,2793,5411,5412
3438,2795,5412,5413
3438,2796,5413,5414
3438,2798,5414,5415
3438,3425,5415,5416
3438,3429,5416,5417
3198,3196,5418,5419
3441,3196,5419,5428
3198,3441,5419,5420
3442,3441,5420,5511
3198,3442,5420,5421
3443,3442,5421,5998
3198,3443,5421,5422
3444,3443,5422,5997
3198,3444,5422,5423
3402,3444,5423,5685
3196,97,5424,5425
3196,3393,5425,5428
3445,3394,5426,5950
3393,3445,5426,5427
3441,3445,5427,5510
3393,3441,5427,5428
3347,3345,5429,5434
3446,3447,5430,5844
3447,3345,5430,5473
3345,3446,5430,5431
3448,3446,5431,5736
3345,3448,5431,5432
3449,3448,5432,5488
3345,3449,5432,5434
3368,3449,5433,5487
3449,3347,5433,5434
3450,3451,5435,15876
3451,3157,5435,15877
3157,3450,5435,5436
3452,3450,5436,5620
3157,3452,5436,5443
3453,3454,5437,5641
3454,3452,5437,5640
3452,3453,5437,5438
3455,3453,5438,5641
3452,3455,5438,5444
3456,3457,5439,5643
3457,3455,5439,5642
3455,3456,5439,5440
3458,3456,5440,5516
3455,3458,5440,5441
3459,3458,5441,15882
3455,3459,5441,5444
3157,3150,5442,15846,269
3150,3459,5442,15881
3459,3157,5442,5443
3459,3452,5443,5444
2926,2909,5445,5446
3460,2909,5446,-1
2926,3460,5446,5450
2929,3461,5447,6136
3461,3462,5447,6197
3462,2929,5447,5448
3462,2928,5448,5449
3462,2927,5449,5451
2927,3460,5450,5451
3462,3460,5451,6197
3328,3414,5452,5457
3414,3413,5453,5454
3463,3413,5454,6145
3414,3463,5454,5455
3464,3463,5455,6145
3414,3464,5455,5456
3329,3464,5456,5800
3414,3329,5456,5457
3334,3351,5458,5459
3334,3372,5459,5460
3365,3386,5461,5462
3365,3392,5462,5463
3465,3392,5463,5735
3365,3465,5463,5464
3466,3465,5464,5734
3365,3466,5464,5469
3467,3468,5465,5648
3468,3466,5465,5649
3466,3467,5465,5469
3469,3470,5466,5646
3470,3467,5466,5647
3467,3469,5466,5467
3366,3469,5467,5476
3467,3366,5467,5468
3467,3365,5468,5469
3345,3421,5470,5471
3471,3421,5471,5531
3345,3471,5471,5472
3472,3471,5472,5749
3345,3472,5472,5473
3447,3472,5473,5844
3322,3367,5474,5475
3322,3366,5475,5476
3322,3469,5476,5477
3473,3469,5477,5646
3322,3473,5477,5478
3474,3473,5478,5711
3322,3474,5478,5561
3388,3370,5479,5480
3475,3370,5480,5493
3388,3475,5480,5481
3476,3475,5481,5652
3388,3476,5481,5486
3477,3478,5482,5910
3478,3476,5482,5656
3476,3477,5482,5483
3479,3477,5483,5910
3476,3479,5483,5484
3390,3479,5484,5870
3476,3390,5484,5485
3476,3389,5485,5486
3369,3449,5487,5488
3369,3448,5488,5489
3480,3448,5489,5742
3369,3480,5489,5490
3481,3480,5490,5741
3369,3481,5490,5491
3482,3481,5491,5837
3369,3482,5491,5492
3475,3482,5492,5652
3369,3475,5492,5493
3400,3315,5494,5502
3483,3316,5495,5539
3315,3483,5495,5496
3484,3483,5496,5538
3315,3484,5496,5497
3485,3484,5497,5858
3315,3485,5497,5498
3486,3485,5498,5857
3315,3486,5498,5499
3487,3486,5499,5888
3315,3487,5499,5500
3488,3487,5500,5527
3315,3488,5500,5501
3420,3488,5501,5526
3315,3420,5501,5502
3172,3306,5503,5504
3172,3305,5504,5509
3489,3490,5505,5679
3490,3305,5505,5680
3305,3489,5505,5506
3416,3489,5506,5679
3305,3416,5506,5507
3305,3417,5507,5508
3305,3173,5508,5509
3491,3445,5510,5951
3441,3491,5510,5511
3442,3491,5511,5999
3492,3493,5512,15866
3493,3494,5512,15873
3494,3492,5512,5513
3495,3492,5513,5631
3494,3495,5513,5514
3496,3495,5514,5631
3494,3496,5514,5515
3497,3496,5515,5630
3494,3497,5515,15865
3498,3456,5516,5643
3458,3498,5516,5517
3499,3498,5517,5635
3458,3499,5517,5524
3500,3501,5518,5692
3501,3499,5518,5635
3499,3500,5518,5519
3502,3500,5519,5814
3499,3502,5519,5520
3152,3502,5520,15885
3499,3152,5520,5521
3503,3152,5521,15845,269
3499,3503,5521,5525
3504,3149,5522,15884
3149,3503,5522,15844,269
3503,3504,5522,5525
3458,3505,5523,15883
3505,3504,5523,15884
3504,3458,5523,5524
3504,3499,5524,5525
3421,3488,5526,5527
3421,3487,5527,5528
3506,3487,5528,5888
3421,3506,5528,5529
3507,3506,5529,5743
3421,3507,5529,5530
3508,3507,5530,5743
3421,3508,5530,5531
3471,3508,5531,5749
3316,3314,5532,5539
3314,2933,5533,5534
3509,2933,5534,5582
3314,3509,5534,5535
3510,3509,5535,5581
3314,3510,5535,5536
3511,3510,5536,5849
3314,3511,5536,5537
3484,3511,5537,5849
3314,3484,5537,5538
3314,3483,5538,5539
3274,3331,5540,5541
3274,3330,5541,5542
3512,3330,5542,5799
3274,3512,5542,5543
3513,3512,5543,5784
3274,3513,5543,5544
3514,3513,5544,5794
3274,3514,5544,5545
3515,3514,5545,5793
3274,3515,5545,5554
3516,3517,5546,5797
3517,3515,5546,5793
3515,3516,5546,5547
3518,3516,5547,5792
3515,3518,5547,5554
3519,3520,5548,5790
3520,3518,5548,5791
3518,3519,5548,5555
3521,3522,5549,5789
3522,3519,5549,5790
3519,3521,5549,5550
3523,3521,5550,5788
3519,3523,5550,5556
3524,3525,5551,5918
3525,3523,5551,6713
3523,3524,5551,5556
2814,3526,5552,5916
3526,2813,5552,5553
3526,3274,5553,5558
3274,3518,5554,5555
3274,3519,5555,5558
3519,3524,5556,5557
3526,3524,5557,5917
3519,3526,5557,5558
3292,3289,5559,5567
3289,3322,5560,5561
3289,3474,5561,5562
3527,3474,5562,5711
3289,3527,5562,5563
3528,3527,5563,5726
3289,3528,5563,5568
3529,3530,5564,5600
3530,3528,5564,5866
3528,3529,5564,5568
3404,3531,5565,5607
3531,3529,5565,5600
3529,3404,5565,5566
3529,3292,5566,5567
3529,3289,5567,5568
3380,3378,5569,5570
3532,3378,5570,5996
3380,3532,5570,5571
3533,3532,5571,5996
3380,3533,5571,5572
3534,3533,5572,6264
3380,3534,5572,5573
3411,3534,5573,6146
3380,3411,5573,5574
2933,2931,5575,5576
3535,2931,5576,5610
2933,3535,5576,5577
3536,3535,5577,5617
2933,3536,5577,5578
3537,3536,5578,5616
2933,3537,5578,5582
3538,3539,5579,5851
3539,3537,5579,6017
3537,3538,5579,5580
3510,3538,5580,5850
3537,3510,5580,5581
3537,3509,5581,5582
147,145,5583,5589
145,155,5584,5590
155,151,5585,5586
155,152,5586,5590
152,149,5587,5591
149,147,5588,5589
149,145,5589,5591
145,152,5590,5591
3117,3407,5592,5593
3117,3406,5593,5599
3540,3405,5594,5605
3406,3540,5594,5595
3541,3540,5595,5605
3406,3541,5595,5596
3542,3541,5596,5604
3406,3542,5596,5597
3543,3542,5597,6012
3406,3543,5597,5598
3116,3543,5598,5943
3406,3116,5598,5599
3531,3530,5600,5601
3544,3530,5601,5866
3531,3544,5601,5608
3545,3546,5602,6241
3546,3547,5602,6114
3547,3545,5602,5603
3542,3545,5603,6007
3547,3542,5603,5604
3547,3541,5604,5609
3541,3405,5605,5606
3541,3404,5606,5607
3541,3531,5607,5608
3541,3544,5608,5609
3547,3544,5609,6108
3535,2930,5610,5611
3548,2930,5611,6143
3535,3548,5611,5612
3549,3548,5612,6327
3535,3549,5612,5618
3550,3551,5613,6019
3551,3549,5613,6320
3549,3550,5613,5618
3552,3553,5614,6018
3553,3550,5614,6019
3550,3552,5614,5615
3537,3552,5615,6017
3550,3537,5615,5616
3550,3536,5616,5617
3550,3535,5617,5618
3450,3554,5619,15875
3554,3492,5619,15866
3492,3450,5619,5620
3492,3452,5620,5621
3555,3452,5621,5639
3492,3555,5621,5632
3556,3557,5622,5934
3557,3555,5622,5639
3555,3556,5622,5623
3558,3556,5623,5933
3555,3558,5623,5633
3559,3560,5624,5959
3560,3558,5624,5933
3558,3559,5624,5625
3561,3559,5625,5969
3558,3561,5625,5626
3562,3561,5626,5908
3558,3562,5626,5627
3563,3562,5627,5907
3558,3563,5627,5634
3564,3565,5628,15864
3565,3563,5628,5906
3563,3564,5628,5629
3497,3564,5629,15865
3563,3497,5629,5630
3563,3496,5630,5634
3496,3492,5631,5632
3496,3555,5632,5633
3496,3558,5633,5634
3498,3501,5635,5636
3566,3501,5636,5705
3498,3566,5636,5637
3567,3566,5637,5928
3498,3567,5637,5638
3557,3567,5638,5928
3498,3557,5638,5644
3557,3452,5639,5640
3557,3454,5640,5644
3454,3455,5641,5642
3454,3457,5642,5645
3457,3498,5643,5645
3498,3454,5644,5645
3473,3470,5646,5647
3473,3467,5647,5648
3473,3468,5648,5651
3568,3466,5649,5733
3468,3568,5649,5650
3569,3568,5650,5713
3468,3569,5650,5651
3473,3569,5651,5712
3476,3482,5652,5653
3570,3482,5653,5842
3476,3570,5653,5654
3571,3570,5654,5841
3476,3571,5654,5655
3572,3571,5655,6115
3476,3572,5655,5656
3478,3572,5656,5911
3573,3574,5657,15850
3574,3575,5657,15849
3575,3573,5657,5658
3576,3573,5658,15861
3575,3576,5658,5659
3577,3576,5659,15861
3575,3577,5659,5660
3578,3577,5660,6055
3575,3578,5660,5661
3579,3578,5661,6055
3575,3579,5661,5662
3580,3579,5662,5924
3575,3580,5662,5664
3581,3582,5663,5809
3582,3580,5663,5924
3580,3581,5663,5664
3575,3581,5664,15854
130,128,5665,5669
128,132,5666,5667
128,202,5667,5668
128,201,5668,5669
158,3361,5670,5818
3360,158,5670,5671
3360,156,5671,5672
3360,154,5672,5673
3360,3384,5673,5674
3583,3304,5675,5690
3305,3583,5675,5676
3584,3583,5676,5957
3305,3584,5676,5680
3418,3584,5677,5892
3584,3415,5677,5678
3584,3416,5678,5681
3416,3490,5679,5681
3490,3584,5680,5681
3304,3383,5682,5683
3304,3382,5683,5684
3304,3402,5684,5685
3304,3444,5685,5686
3585,3444,5686,5997
3304,3585,5686,5687
3586,3585,5687,6005
3304,3586,5687,5691
3587,3588,5688,6289
3588,3586,5688,6161
3586,3587,5688,5689
3589,3587,5689,5953
3586,3589,5689,5691
3583,3589,5690,5953
3589,3304,5690,5691
3590,3500,5692,5815
3501,3590,5692,5706
3591,3592,5693,15725
3592,3590,5693,15750
3590,3591,5693,5707
3593,3594,5694,6412
3594,3591,5694,15725
3591,3593,5694,5708
3595,3596,5695,6415
3596,3593,5695,6412
3593,3595,5695,5709
3597,3598,5696,6409
3598,3599,5696,6410
3599,3597,5696,5697
3600,3597,5697,6843
3599,3600,5697,5698
3601,3600,5698,6835
3599,3601,5698,5699
3602,3601,5699,6835
3599,3602,5699,5700
3603,3602,5700,6796
3599,3603,5700,5701
3604,3603,5701,6076
3599,3604,5701,5702
3605,3604,5702,6075
3599,3605,5702,5710
3606,3607,5703,6074
3607,3605,5703,6075
3605,3606,5703,5704
3566,3606,5704,5929
3605,3566,5704,5705
3605,3501,5705,5706
3605,3590,5706,5707
3605,3591,5707,5708
3605,3593,5708,5709
3605,3595,5709,5710
3599,3595,5710,6411
3527,3473,5711,5712
3527,3569,5712,5713
3527,3568,5713,5714
3608,3568,5714,5732
3527,3608,5714,5727
3609,3610,5715,5881
3610,3608,5715,5732
3608,3609,5715,5716
3611,3609,5716,6423
3608,3611,5716,5717
3612,3611,5717,6571
3608,3612,5717,5718
3613,3612,5718,6391
3608,3613,5718,5719
3614,3613,5719,6391
3608,3614,5719,5728
3615,3616,5720,6387
3616,3614,5720,6396
3614,3615,5720,5721
3617,3615,5721,6386
3614,3617,5721,5722
3618,3617,5722,5862
3614,3618,5722,5723
3619,3618,5723,5861
3614,3619,5723,5728
3620,3621,5724,5860
3621,3619,5724,5861
3619,3620,5724,5725
3622,3620,5725,5859
3619,3622,5725,5729
3528,3622,5726,5859
3622,3527,5726,5727
3622,3608,5727,5729
3608,3619,5728,5729
3623,3391,5730,5883
3392,3623,5730,5731
3610,3623,5731,5882
3392,3610,5731,5735
3610,3568,5732,5733
3610,3466,5733,5734
3610,3465,5734,5735
3624,3446,5736,5848
3448,3624,5736,5737
3625,3624,5737,6125
3448,3625,5737,5738
3626,3625,5738,6133
3448,3626,5738,5742
3627,3628,5739,5838
3628,3626,5739,6132
3626,3627,5739,5740
3481,3627,5740,5837
3626,3481,5740,5741
3626,3480,5741,5742
3508,3506,5743,5744
3629,3506,5744,5891
3508,3629,5744,5745
3630,3629,5745,5976
3508,3630,5745,5746
3631,3630,5746,5981
3508,3631,5746,5747
3632,3631,5747,6013
3508,3632,5747,5748
3472,3632,5748,5845
3508,3472,5748,5749
2804,3633,5750,5915
3633,2801,5750,5751
3633,2800,5751,5768
2799,3424,5752,5770
3634,3425,5753,7668
3424,3634,5753,5770
3635,3636,5754,7671
3636,3637,5754,7670
3637,3635,5754,5771
3638,3639,5755,7672
3639,3635,5755,7671
3635,3638,5755,5772
3640,3641,5756,7673
3641,3638,5756,7672
3638,3640,5756,5773
3642,3643,5757,8763
3643,3640,5757,7674
3640,3642,5757,5758
3644,3642,5758,8476
3640,3644,5758,5759
3645,3644,5759,8469
3640,3645,5759,5774
3646,3647,5760,8470
3647,3645,5760,8469
3645,3646,5760,5775
3648,3649,5761,15449
3649,3646,5761,8470
3646,3648,5761,5775
3650,3651,5762,15448
3651,3648,5762,15454
3648,3650,5762,5763
3652,3650,5763,15447
3648,3652,5763,5776
3653,3654,5764,15767,193
3654,3655,5764,15445
3655,3653,5764,5765
3656,3653,5765,15814,193
3655,3656,5765,5766
3657,3656,5766,15766,193
3655,3657,5766,5779
3658,3659,5767,15812,193
3659,3657,5767,15766,193
3657,3658,5767,5780
3633,3660,5768,15765,193
3660,2800,5768,5769
3660,2799,5769,5781
2799,3634,5770,5782
3637,3634,5771,7669
3634,3635,5771,5772
3634,3638,5772,5773
3634,3640,5773,5774
3634,3645,5774,5783
3645,3648,5775,5776
3645,3652,5776,5777
3661,3652,5777,15446
3645,3661,5777,5778
3655,3661,5778,15445
3645,3655,5778,5779
3645,3657,5779,5780
3645,3658,5780,5783
3660,3658,5781,15765,193
3658,2799,5781,5782
3658,3634,5782,5783
3662,3512,5784,5805
3513,3662,5784,5794
3663,3664,5785,5808
3664,3662,5785,5805
3662,3663,5785,5786
3665,3663,5786,5804
3662,3665,5786,5795
3523,3666,5787,6699
3666,3665,5787,6769
3665,3523,5787,5788
3665,3521,5788,5789
3665,3522,5789,5796
3522,3520,5790,5791
3522,3518,5791,5792
3522,3516,5792,5796
3517,3514,5793,5798
3514,3662,5794,5795
3514,3665,5795,5798
3665,3516,5796,5797
3665,3517,5797,5798
3512,3329,5799,5800
3512,3464,5800,5801
3667,3464,5801,6155
3512,3667,5801,5806
3668,3669,5802,6765
3669,3667,5802,6154
3667,3668,5802,5807
3665,3670,5803,6770
3670,3668,5803,6771
3668,3665,5803,5804
3668,3663,5804,5807
3664,3512,5805,5806
3664,3667,5806,5808
3667,3663,5807,5808
3581,3671,5809,15854
3671,3582,5809,5810
3672,3582,5810,5927
3671,3672,5810,5811
3673,3672,5811,5927
3671,3673,5811,5812
3674,3673,5812,6026
3671,3674,5812,5813
3675,3674,5813,6025
3671,3675,5813,15853
3502,3151,5814,15885
3151,3500,5814,5815
3151,3590,5815,5816
3676,3590,5816,15752
3151,3676,5816,15764,269
157,3358,5817,5830
3361,157,5817,5818
3359,3356,5819,5832
3355,215,5820,5821
3355,217,5821,5835
3677,216,5822,6481
217,3677,5822,5823
3678,3677,5823,6480
217,3678,5823,5824
3679,3678,5824,6480
217,3679,5824,5835
3680,3681,5825,6488
3681,3679,5825,6489
3679,3680,5825,5826
3682,3680,5826,6487
3679,3682,5826,5827
3683,3682,5827,6233
3679,3683,5827,5836
160,3683,5828,6236
3683,159,5828,5829
3683,157,5829,5830
3683,3358,5830,5831
3683,3359,5831,5832
3683,3356,5832,5833
3683,3354,5833,5834
3683,3355,5834,5836
3355,3679,5835,5836
3482,3627,5837,5838
3482,3628,5838,5843
3684,3685,5839,6227
3685,3628,5839,6131
3628,3684,5839,5843
3571,3686,5840,6115
3686,3684,5840,6227
3684,3571,5840,5841
3684,3570,5841,5842
3684,3482,5842,5843
3446,3472,5844,5845
3446,3632,5845,5846
3687,3632,5846,6013
3446,3687,5846,5847
3688,3687,5847,6126
3446,3688,5847,5848
3624,3688,5848,6125
3484,3510,5849,5850
3484,3538,5850,5851
3484,3539,5851,5852
3689,3539,5852,6024
3484,3689,5852,5853
3690,3689,5853,6188
3484,3690,5853,5854
3691,3690,5854,6196
3484,3691,5854,5855
3692,3691,5855,6315
3484,3692,5855,5858
3486,3693,5856,5889
3693,3692,5856,6258
3692,3486,5856,5857
3692,3485,5857,5858
3528,3620,5859,5860
3528,3621,5860,5867
3621,3618,5861,5862
3621,3617,5862,5863
3694,3617,5863,6385
3621,3694,5863,5868
3695,3696,5864,6109
3696,3694,5864,6243
3694,3695,5864,5868
3544,3697,5865,6108
3697,3695,5865,6109
3695,3544,5865,5869
3544,3528,5866,5867
3544,3621,5867,5869
3621,3695,5868,5869
3391,3479,5870,5871
3698,3479,5871,5914
3391,3698,5871,5872
3699,3698,5872,5913
3391,3699,5872,5884
3700,3701,5873,6121
3701,3699,5873,5913
3699,3700,5873,5874
3702,3700,5874,6120
3699,3702,5874,5885
3703,3704,5875,6118
3704,3702,5875,6119
3702,3703,5875,5876
3705,3703,5876,6586
3702,3705,5876,5877
3706,3705,5877,6585
3702,3706,5877,5878
3707,3706,5878,7181
3702,3707,5878,5886
3708,3709,5879,6999
3709,3707,5879,7000
3707,3708,5879,5886
3710,3711,5880,6670
3711,3708,5880,6772
3708,3710,5880,5887
3609,3710,5881,6421
3710,3610,5881,5882
3710,3623,5882,5883
3710,3391,5883,5884
3710,3699,5884,5885
3710,3702,5885,5887
3702,3708,5886,5887
3506,3486,5888,5889
3506,3693,5889,5890
3712,3693,5890,6257
3506,3712,5890,5891
3629,3712,5891,5976
3419,3584,5892,5893
3713,3584,5893,5956
3419,3713,5893,5902
3714,3715,5894,5955
3715,3713,5894,5956
3713,3714,5894,5895
3716,3714,5895,6275
3713,3716,5895,5902
3717,3718,5896,6277
3718,3716,5896,6276
3716,3717,5896,5903
3719,3720,5897,6278
3720,3717,5897,6277
3717,3719,5897,5904
3721,3722,5898,6280
3722,3723,5898,6279
3723,3721,5898,5899
3374,3721,5899,6425
3723,3374,5899,5900
3723,3373,5900,5901
3723,3419,5901,5905
3419,3716,5902,5903
3419,3717,5903,5904
3419,3719,5904,5905
3723,3719,5905,6278
3565,3724,5906,15863
3724,3563,5906,5907
3724,3562,5907,5908
3724,3561,5908,5909
3725,3561,5909,5968
3724,3725,5909,6056
3479,3478,5910,5911
3479,3572,5911,5912
3701,3572,5912,6121
3479,3701,5912,5914
3701,3698,5913,5914
2803,3633,5915,15760,193
2812,3526,5916,5917
2812,3524,5917,5918
2812,3525,5918,5919
3726,3525,5919,6713
2812,3726,5919,5920
3727,3726,5920,6712
2812,3727,5920,5921
3728,3727,5921,6338
2812,3728,5921,5922
2810,3728,5922,6337
2812,2810,5922,5923
3582,3579,5924,5925
3729,3579,5925,6070
3582,3729,5925,5926
3673,3729,5926,6026
3582,3673,5926,5927
3557,3566,5928,5929
3557,3606,5929,5930
3730,3606,5930,6074
3557,3730,5930,5931
3731,3730,5931,6096
3557,3731,5931,5932
3560,3731,5932,5959
3557,3560,5932,5934
3560,3556,5933,5934
190,3732,5935,6177
3732,193,5935,5936
3732,3153,5936,5937
3676,3153,5937,15764
3732,3676,5937,5938
3733,3676,5938,15752,269
3732,3733,5938,15751,269
3734,3735,5939,6559
3735,3736,5939,15722
3736,3734,5939,5940
3737,3734,5940,6560
3736,3737,5940,5946
3738,3739,5941,6010
3739,3740,5941,6224
3740,3738,5941,5942
3741,3738,5942,6011
3740,3741,5942,5948
3543,3741,5943,6012
3741,3116,5943,5944
3741,3114,5944,5945
3742,3114,5945,15747,269
3741,3742,5945,5948
3736,3742,5946,15747,269
3742,3737,5946,5947
3740,3737,5947,6223
3742,3740,5947,5948
3395,3743,5949,15746,269
3743,3394,5949,5950
3743,3445,5950,5951
3743,3491,5951,5952
3744,3491,5952,6000
3743,3744,5952,6157
3583,3587,5953,5954
3745,3587,5954,6290
3583,3745,5954,5958
3714,3745,5955,6275
3745,3715,5955,5958
3715,3584,5956,5957
3715,3583,5957,5958
3559,3731,5959,5960
3746,3731,5960,6095
3559,3746,5960,5961
3747,3746,5961,6094
3559,3747,5961,5962
3748,3747,5962,6370
3559,3748,5962,5963
3749,3748,5963,6384
3559,3749,5963,5964
3750,3749,5964,6380
3559,3750,5964,5970
3751,3752,5965,6468
3752,3750,5965,6379
3750,3751,5965,5966
3753,3751,5966,6058
3750,3753,5966,5970
3725,3754,5967,6057
3754,3753,5967,6058
3753,3725,5967,5968
3753,3561,5968,5969
3753,3559,5969,5970
3353,3111,5971,5975
3111,211,5972,5973
3111,210,5973,5974
3111,213,5974,5975
3630,3712,5976,5977
3755,3712,5977,6257
3630,3755,5977,5982
3756,3757,5978,6305
3757,3755,5978,6262
3755,3756,5978,5983
3758,3759,5979,6251
3759,3756,5979,6305
3756,3758,5979,5980
3760,3758,5980,6015
3756,3760,5980,5983
3631,3760,5981,6014
3760,3630,5981,5982
3760,3755,5982,5983
3378,3376,5984,5985
3378,3375,5985,5986
3761,3375,5986,6424
3378,3761,5986,5987
3762,3761,5987,6439
3378,3762,5987,5988
3763,3762,5988,6439
3378,3763,5988,5989
3764,3763,5989,6722
3378,3764,5989,5990
3765,3764,5990,6738
3378,3765,5990,5991
3766,3765,5991,6267
3378,3766,5991,5992
3767,3766,5992,6267
3378,3767,5992,5993
3768,3767,5993,6266
3378,3768,5993,5994
3769,3768,5994,6265
3378,3769,5994,5995
3533,3769,5995,6264
3378,3533,5995,5996
3585,3443,5997,5998
3585,3442,5998,5999
3585,3491,5999,6000
3585,3744,6000,6001
3770,3744,6001,6157
3585,3770,6001,6002
3771,3770,6002,6158
3585,3771,6002,6006
3772,3773,6003,6159
3773,3771,6003,6167
3771,3772,6003,6004
3774,3772,6004,6159
3771,3774,6004,6006
3586,3774,6005,6160
3774,3585,6005,6006
3775,3545,6007,6240
3542,3775,6007,6008
3776,3775,6008,6216
3542,3776,6008,6009
3739,3776,6009,6216
3542,3739,6009,6010
3542,3738,6010,6011
3542,3741,6011,6012
3687,3631,6013,6014
3687,3760,6014,6015
3687,3758,6015,6016
3777,3758,6016,6251
3687,3777,6016,6126
3539,3552,6017,6018
3539,3553,6018,6024
3553,3551,6019,6020
3778,3551,6020,6326
3553,3778,6020,6021
3779,3778,6021,6365
3553,3779,6021,6022
3780,3779,6022,6189
3553,3780,6022,6023
3689,3780,6023,6188
3553,3689,6023,6024
3675,3781,6025,15852
3781,3674,6025,6045
3674,3729,6026,6027
3782,3729,6027,6069
3674,3782,6027,6028
3783,3782,6028,6068
3674,3783,6028,6029
3784,3783,6029,6067
3674,3784,6029,6030
3785,3784,6030,6066
3674,3785,6030,6031
3786,3785,6031,6065
3674,3786,6031,6046
3787,3788,6032,6063
3788,3786,6032,6064
3786,3787,6032,6047
3789,3790,6033,7073
3790,3787,6033,7074
3787,3789,6033,6047
3791,3792,6034,7071
3792,3789,6034,7072
3789,3791,6034,6048
3793,3794,6035,7360
3794,3795,6035,7070
3795,3793,6035,6036
3796,3793,6036,7376
3795,3796,6036,6049
3797,3798,6037,7142
3798,3796,6037,7143
3796,3797,6037,6038
3799,3797,6038,7141
3796,3799,6038,6039
3800,3799,6039,6985
3796,3800,6039,6050
3801,3802,6040,6445
3802,3800,6040,6984
3800,3801,6040,6041
3803,3801,6041,6445
3800,3803,6041,6051
3804,3805,6042,6443
3805,3806,6042,6444
3806,3804,6042,6043
3807,3804,6043,15744
3806,3807,6043,6053
3781,3808,6044,15851
3808,3807,6044,15745
3807,3781,6044,6045
3807,3674,6045,6046
3807,3786,6046,6054
3786,3789,6047,6048
3786,3791,6048,6054
3795,3791,6049,7070
3791,3796,6049,6050
3791,3800,6050,6051
3791,3803,6051,6052
3806,3803,6052,6444
3791,3806,6052,6053
3791,3807,6053,6054
3579,3577,6055,6071
3724,3577,6056,15862
3577,3725,6056,6057
3577,3754,6057,6072
3754,3751,6058,6073
3809,3810,6059,6466
3810,3751,6059,6467
3751,3809,6059,6060
3811,3809,6060,7053
3751,3811,6060,6073
3812,3813,6061,7081
3813,3811,6061,7076
3811,3812,6061,6062
3787,3812,6062,7075
3811,3787,6062,6063
3811,3788,6063,6064
3811,3786,6064,6065
3811,3785,6065,6066
3811,3784,6066,6067
3811,3783,6067,6068
3811,3782,6068,6069
3811,3729,6069,6070
3811,3579,6070,6071
3811,3577,6071,6072
3811,3754,6072,6073
3730,3607,6074,6097
3607,3604,6075,6076
3607,3603,6076,6077
3814,3603,6077,6796
3607,3814,6077,6078
3815,3814,6078,6803
3607,3815,6078,6098
3816,3817,6079,6801
3817,3815,6079,6802
3815,3816,6079,6099
3818,3819,6080,6805
3819,3816,6080,6801
3816,3818,6080,6081
3820,3818,6081,6800
3816,3820,6081,6082
3821,3820,6082,6839
3816,3821,6082,6083
3822,3821,6083,6838
3816,3822,6083,6105
3823,3824,6084,7433
3824,3822,6084,7231
3822,3823,6084,6106
3825,3826,6085,7223
3826,3827,6085,7212
3827,3825,6085,6086
3828,3825,6086,7222
3827,3828,6086,6100
3829,3830,6087,7221
3830,3828,6087,7222
3828,3829,6087,6088
3831,3829,6088,7221
3828,3831,6088,6089
3832,3831,6089,7220
3828,3832,6089,6107
3833,3834,6090,6941
3834,3835,6090,7209
3835,3833,6090,6091
3836,3833,6091,6829
3835,3836,6091,6101
3837,3838,6092,6613
3838,3836,6092,6829
3836,3837,6092,6102
3839,3840,6093,6371
3840,3837,6093,6372
3837,3839,6093,6103
3747,3839,6094,6370
3839,3746,6094,6095
3839,3731,6095,6096
3839,3730,6096,6097
3839,3607,6097,6098
3839,3815,6098,6099
3839,3816,6099,6104
3827,3823,6100,7441
3823,3828,6100,6106
3835,3832,6101,7220
3832,3836,6101,6102
3832,3837,6102,6103
3832,3839,6103,6104
3832,3816,6104,6105
3832,3822,6105,6107
3822,3828,6106,6107
3547,3697,6108,6114
3697,3696,6109,6110
3841,3696,6110,6243
3697,3841,6110,6111
3842,3841,6111,6250
3697,3842,6111,6112
3843,3842,6112,6249
3697,3843,6112,6113
3546,3843,6113,6237
3697,3546,6113,6114
3572,3686,6115,6116
3844,3686,6116,6232
3572,3844,6116,6122
3845,3846,6117,6513
3846,3847,6117,6230
3847,3845,6117,6124
3703,3845,6118,6587
3845,3704,6118,6119
3845,3702,6119,6120
3845,3700,6120,6124
3700,3572,6121,6122
3700,3844,6122,6123
3847,3844,6123,6231
3700,3847,6123,6124
3625,3688,6125,6134
3688,3777,6126,6127
3848,3777,6127,6255
3688,3848,6127,6135
3849,3850,6128,6304
3850,3848,6128,6254
3848,3849,6128,6135
3851,3852,6129,6302
3852,3849,6129,6303
3849,3851,6129,6130
3685,3851,6130,6228
3849,3685,6130,6131
3849,3628,6131,6132
3849,3626,6132,6133
3849,3625,6133,6134
3849,3688,6134,6135
2930,3461,6136,6137
3853,3461,6137,6202
2930,3853,6137,6143
3854,3855,6138,6199
3855,3856,6138,6200
3856,3854,6138,6139
3857,3854,6139,6691
3856,3857,6139,6140
3858,3857,6140,6639
3856,3858,6140,6141
3859,3858,6141,6328
3856,3859,6141,6142
3548,3859,6142,6327
3856,3548,6142,6144
3548,3853,6143,6144
3856,3853,6144,6201
3464,3413,6145,6156
3413,3534,6146,6147
3860,3534,6147,6273
3413,3860,6147,6156
3861,3862,6148,6272
3862,3860,6148,6273
3860,3861,6148,6149
3863,3861,6149,6890
3860,3863,6149,6150
3864,3863,6150,6889
3860,3864,6150,6151
3865,3864,6151,6892
3860,3865,6151,6152
3866,3865,6152,6892
3860,3866,6152,6153
3669,3866,6153,6765
3860,3669,6153,6154
3860,3667,6154,6155
3860,3464,6155,6156
3743,3770,6157,6158
3743,3771,6158,6166
3773,3774,6159,6160
3773,3586,6160,6168
3867,3588,6161,6288
3586,3867,6161,6169
3868,3869,6162,15734,269
3869,3867,6162,6287
3867,3868,6162,6163
3870,3868,6163,15733,269
3867,3870,6163,6164
3871,3870,6164,15733,269
3867,3871,6164,6165
3872,3871,6165,6170,269
3867,3872,6165,6169
3743,3871,6166,15740,269
3871,3771,6166,6167
3871,3773,6167,6168
3871,3586,6168,6170
3586,3872,6169,6170
3873,3874,6171,15711
3874,3875,6171,15730,269
3875,3873,6171,6180
3876,3877,6172,6210
3877,3873,6172,6211
3873,3876,6172,6173
3878,3876,6173,6209
3873,3878,6173,6174
3879,3878,6174,6208
3873,3879,6174,6180
3880,3881,6175,6207
3881,3879,6175,6208
3879,3880,6175,6181
192,3880,6176,6206
3880,191,6176,6182
191,3732,6177,6178
3882,3732,6178,15723,269
191,3882,6178,6179
3875,3882,6179,15723,269
191,3875,6179,6182
3875,3879,6180,6181
3875,3880,6181,6182
3112,3736,6183,15749
3736,211,6183,6184
3736,207,6184,6185
3736,208,6185,6186
3736,209,6186,6187
3736,232,6187,15721,269
3690,3780,6188,6196
3883,3779,6189,6369
3780,3883,6189,6190
3884,3883,6190,6523
3780,3884,6190,6191
3885,3884,6191,6531
3780,3885,6191,6192
3886,3885,6192,6519
3780,3886,6192,6193
3887,3886,6193,6518
3780,3887,6193,6194
3888,3887,6194,6316
3780,3888,6194,6195
3691,3888,6195,6315
3780,3691,6195,6196
3461,3460,6197,6202
3854,3889,6198,6691
3889,3460,6198,-1
3460,3854,6198,6199
3460,3855,6199,6200
3460,3856,6200,6201
3460,3853,6201,6202
187,3890,6203,15700
3890,188,6203,6204
3890,189,6204,6205
3890,205,6205,6214
205,3880,6206,6207
205,3881,6207,6215
3881,3878,6208,6209
3881,3876,6209,6210
3881,3877,6210,6215
3891,3873,6211,15711
3877,3891,6211,6212
3892,3891,6212,15719,269
3877,3892,6212,6213
3890,3892,6213,15719,269
3877,3890,6213,6214
3877,205,6214,6215
3739,3775,6216,6225
3893,3894,6217,6239
3894,3775,6217,6240
3775,3893,6217,6226
3895,3896,6218,6508
3896,3893,6218,6239
3893,3895,6218,6226
3897,3898,6219,6666
3898,3895,6219,6508
3895,3897,6219,6220
3899,3897,6220,6534
3895,3899,6220,6221
3900,3899,6221,6533
3895,3900,6221,6222
3737,3900,6222,6533
3895,3737,6222,6223
3895,3740,6223,6224
3895,3739,6224,6225
3895,3775,6225,6226
3686,3685,6227,6232
3901,3851,6228,6301
3685,3901,6228,6229
3846,3901,6229,6514
3685,3846,6229,6230
3685,3847,6230,6231
3685,3844,6231,6232
3902,3682,6233,6486
3683,3902,6233,6234
3903,3902,6234,6417
3683,3903,6234,6235
161,3903,6235,6416
3683,161,6235,6236
3904,3843,6237,6248
3546,3904,6237,6238
3896,3904,6238,6502
3546,3896,6238,6242
3896,3894,6239,6242
3894,3545,6240,6241
3894,3546,6241,6242
3841,3694,6243,6244
3905,3694,6244,6385
3841,3905,6244,6250
3906,3907,6245,6630
3907,3905,6245,6390
3905,3906,6245,6246
3908,3906,6246,6503
3905,3908,6246,6247
3904,3908,6247,6502
3905,3904,6247,6248
3905,3843,6248,6249
3905,3842,6249,6250
3777,3759,6251,6256
3909,3910,6252,6298
3910,3759,6252,6314
3759,3909,6252,6253
3911,3909,6253,6297
3759,3911,6253,6256
3850,3911,6254,6297
3911,3848,6254,6255
3911,3777,6255,6256
3755,3693,6257,6258
3755,3692,6258,6259
3912,3692,6259,6319
3755,3912,6259,6263
3913,3914,6260,6397
3914,3912,6260,6404
3912,3913,6260,6263
3757,3915,6261,6306
3915,3913,6261,6397
3913,3757,6261,6262
3913,3755,6262,6263
3534,3769,6264,6265
3534,3768,6265,6266
3534,3767,6266,6274
3767,3765,6267,6268
3916,3765,6268,6742
3767,3916,6268,6269
3917,3916,6269,6741
3767,3917,6269,6270
3918,3917,6270,6885
3767,3918,6270,6271
3861,3918,6271,6885
3767,3861,6271,6272
3767,3862,6272,6274
3862,3534,6273,6274
3745,3716,6275,6276
3745,3718,6276,6291
3718,3720,6277,6292
3720,3723,6278,6279
3720,3722,6279,6296
3919,3721,6280,6425
3722,3919,6280,6281
3920,3919,6281,6867
3722,3920,6281,6282
3921,3920,6282,6862
3722,3921,6282,6283
3922,3921,6283,6775
3722,3922,6283,6293
3923,3869,6284,6286,269
3869,3922,6284,15734
3922,3923,6284,6293
3924,3925,6285,6295,269
3925,3923,6285,6286,269
3923,3924,6285,6294
3925,3869,6286,6287
3925,3867,6287,6288
3925,3588,6288,6289
3925,3587,6289,6290
3925,3745,6290,6291
3925,3718,6291,6292
3925,3720,6292,6295
3722,3923,6293,6294
3722,3924,6294,6296
3924,3720,6295,6296
3850,3909,6297,6304
3926,3910,6298,6314
3909,3926,6298,6299
3927,3926,6299,6516
3909,3927,6299,6300
3901,3927,6300,6515
3909,3901,6300,6301
3909,3851,6301,6302
3909,3852,6302,6303
3909,3849,6303,6304
3759,3757,6305,6306
3759,3915,6306,6307
3928,3915,6307,6402
3759,3928,6307,6308
3929,3928,6308,6593
3759,3929,6308,6309
3930,3929,6309,6598
3759,3930,6309,6310
3931,3930,6310,6574
3759,3931,6310,6311
3932,3931,6311,6512
3759,3932,6311,6312
3933,3932,6312,6511
3759,3933,6312,6313
3926,3933,6313,6511
3759,3926,6313,6314
3692,3888,6315,6316
3692,3887,6316,6317
3934,3887,6317,6517
3692,3934,6317,6318
3935,3934,6318,6398
3692,3935,6318,6319
3912,3935,6319,6398
3936,3549,6320,6333
3551,3936,6320,6321
3937,3936,6321,6332
3551,3937,6321,6322
3938,3937,6322,6633
3551,3938,6322,6326
3939,3940,6323,6599
3940,3938,6323,6600
3938,3939,6323,6324
3941,3939,6324,6366
3938,3941,6324,6325
3778,3941,6325,6365
3938,3778,6325,6326
3549,3859,6327,6328
3549,3858,6328,6329
3942,3858,6329,6639
3549,3942,6329,6330
3943,3942,6330,6643
3549,3943,6330,6333
3937,3944,6331,6633
3944,3945,6331,6634
3945,3937,6331,6332
3945,3936,6332,6334
3936,3943,6333,6334
3945,3943,6334,6721
2805,2807,6335,6336
2805,2809,6336,6357
2808,3728,6337,6359
3946,3727,6338,6711
3728,3946,6338,6339
3947,3946,6339,6710
3728,3947,6339,6340
3948,3947,6340,6709
3728,3948,6340,6360
3949,3950,6341,6706
3950,3951,6341,6707
3951,3949,6341,6362
3952,3953,6342,6704
3953,3954,6342,6705
3954,3952,6342,6343
3955,3952,6343,6703
3954,3955,6343,6344
3956,3955,6344,6900
3954,3956,6344,6345
3957,3956,6345,6899
3954,3957,6345,6346
3958,3957,6346,15842
3954,3958,6346,6347
3959,3958,6347,15843
3954,3959,6347,6348
3960,3959,6348,15838
3954,3960,6348,6349
3961,3960,6349,15807
3954,3961,6349,6350
3962,3961,6350,15807
3954,3962,6350,6351
3963,3962,6351,15808
3954,3963,6351,6352
3964,3963,6352,15808
3954,3964,6352,6363
3965,3966,6353,15757
3966,3967,6353,15756
3967,3965,6353,6354
3968,3965,6354,15757
3967,3968,6354,6355
3969,3968,6355,15758
3967,3969,6355,6356
2805,3969,6356,15759
3967,2805,6356,6357
3967,2809,6357,6358
3967,2808,6358,6359
3967,3728,6359,6360
3967,3948,6360,6361
3951,3948,6361,6708
3967,3951,6361,6362
3967,3949,6362,6364
3954,3949,6363,6705
3949,3964,6363,6364
3967,3964,6364,15756
3779,3941,6365,6366
3779,3939,6366,6367
3970,3939,6367,6599
3779,3970,6367,6368
3971,3970,6368,6524
3779,3971,6368,6369
3883,3971,6369,6523
3748,3839,6370,6371
3748,3840,6371,6381
3972,3837,6372,6613
3840,3972,6372,6373
3973,3972,6373,6612
3840,3973,6373,6374
3974,3973,6374,6612
3840,3974,6374,6375
3975,3974,6375,6605
3840,3975,6375,6376
3976,3975,6376,6462
3840,3976,6376,6377
3977,3976,6377,6471
3840,3977,6377,6381
3752,3978,6378,6469
3978,3979,6378,6470
3979,3752,6378,6379
3979,3750,6379,6380
3979,3749,6380,6383
3748,3977,6381,6382
3980,3977,6382,6461
3748,3980,6382,6384
3979,3980,6383,6461
3980,3749,6383,6384
3905,3617,6385,6386
3905,3615,6386,6390
3981,3616,6387,6395
3615,3981,6387,6388
3982,3981,6388,6394
3615,3982,6388,6389
3907,3982,6389,6617
3615,3907,6389,6390
3614,3612,6391,6396
3983,3984,6392,6618
3984,3612,6392,6571
3612,3983,6392,6393
3982,3983,6393,6617
3612,3982,6393,6394
3612,3981,6394,6395
3612,3616,6395,6396
3915,3914,6397,6403
3912,3934,6398,6399
3985,3934,6399,6517
3912,3985,6399,6404
3986,3987,6400,6521
3987,3985,6400,6522
3985,3986,6400,6401
3928,3986,6401,6593
3985,3928,6401,6402
3985,3915,6402,6403
3985,3914,6403,6404
3988,3989,6405,15727
3989,3594,6405,15726
3594,3988,6405,6413
3990,3991,6406,15728
3991,3988,6406,15727
3988,3990,6406,6407
3992,3990,6407,15728
3988,3992,6407,6414
3597,3993,6408,6836
3993,3992,6408,6823
3992,3597,6408,6409
3992,3598,6409,6410
3992,3599,6410,6411
3992,3595,6411,6414
3596,3594,6412,6413
3596,3988,6413,6415
3988,3595,6414,6415
162,3903,6416,6420
3994,3902,6417,6485
3903,3994,6417,6418
3995,3994,6418,6749
3903,3995,6418,6419
3996,3995,6419,6492
3903,3996,6419,6420
162,3996,6420,6475
3997,3710,6421,6670
3609,3997,6421,6422
3998,3997,6422,6760
3609,3998,6422,6423
3611,3998,6423,6572
3761,3374,6424,6440
3374,3919,6425,6426
3999,3919,6426,6866
3374,3999,6426,6441
4000,4001,6427,6865
4001,3999,6427,6866
3999,4000,6427,6428
4002,4000,6428,7147
3999,4002,6428,6429
4003,4002,6429,7252
3999,4003,6429,6430
4004,4003,6430,7252
3999,4004,6430,6431
4005,4004,6431,7260
3999,4005,6431,6432
4006,4005,6432,7251
3999,4006,6432,6433
4007,4006,6433,7251
3999,4007,6433,6434
4008,4007,6434,6908
3999,4008,6434,6435
4009,4008,6435,6909
3999,4009,6435,6436
4010,4009,6436,6724
3999,4010,6436,6437
4011,4010,6437,6723
3999,4011,6437,6442
3763,4012,6438,6722
4012,4011,6438,6723
4011,3763,6438,6442
3763,3761,6439,6440
3763,3374,6440,6441
3763,3999,6441,6442
3804,4013,6443,15743
4013,3805,6443,6460
3805,3803,6444,6458
3803,3802,6445,6446
4014,3802,6446,6983
3803,4014,6446,6447
4015,4014,6447,6778
3803,4015,6447,6448
4016,4015,6448,6648
3803,4016,6448,6449
4017,4016,6449,6648
3803,4017,6449,6450
4018,4017,6450,6647
3803,4018,6450,6451
4019,4018,6451,6647
3803,4019,6451,6452
4020,4019,6452,6646
3803,4020,6452,6453
4021,4020,6453,6645
3803,4021,6453,6458
4022,4023,6454,6652
4023,4024,6454,6653
4024,4022,6454,6455
4025,4022,6455,15738
4024,4025,6455,6456
4026,4025,6456,15742
4024,4026,6456,6457
4013,4026,6457,15739
4024,4013,6457,6459
3805,4021,6458,6460
4024,4021,6459,6645
4021,4013,6459,6460
3979,3977,6461,6470
4027,3975,6462,6609
3976,4027,6462,6463
4028,4027,6463,6733
3976,4028,6463,6471
4029,4030,6464,6782
4030,4028,6464,6732
4028,4029,6464,6472
3809,4031,6465,7053
4031,4032,6465,6792
4032,3809,6465,6466
4032,3810,6466,6467
4032,3751,6467,6468
4032,3752,6468,6469
4032,3978,6469,6473
3978,3977,6470,6474
3977,4028,6471,6472
3977,4029,6472,6474
4032,4029,6473,6793
4029,3978,6473,6474
163,3996,6475,6476
4033,3996,6476,6501
163,4033,6476,6477
165,4033,6477,6500
163,165,6477,6478
163,166,6478,6479
3679,3677,6480,6489
3677,219,6481,6490
219,221,6482,6491
4034,220,6483,6808
221,4034,6483,6484
3994,4034,6484,6748
221,3994,6484,6485
221,3902,6485,6486
221,3682,6486,6487
221,3680,6487,6488
221,3681,6488,6491
3681,3677,6489,6490
3681,219,6490,6491
4035,3995,6492,6750
3996,4035,6492,6493
4036,4035,6493,6751
3996,4036,6493,6494
4037,4036,6494,6752
3996,4037,6494,6495
4038,4037,6495,6743
3996,4038,6495,6496
4039,4038,6496,6871
3996,4039,6496,6501
168,4040,6497,6978
4040,4039,6497,6872
4039,168,6497,6498
4039,164,6498,6499
4039,165,6499,6500
4039,4033,6500,6501
3896,3908,6502,6509
4041,3906,6503,6629
3908,4041,6503,6504
4042,4041,6504,6657
3908,4042,6504,6505
4043,4042,6505,6668
3908,4043,6505,6506
4044,4043,6506,6656
3908,4044,6506,6507
4045,4044,6507,6655
3908,4045,6507,6509
3898,3896,6508,6510
3896,4045,6509,6510
3898,4045,6510,6655
3926,3932,6511,6516
3845,3931,6512,6588
3932,3845,6512,6513
3932,3846,6513,6514
3932,3901,6514,6515
3932,3927,6515,6516
3985,3887,6517,6518
3985,3886,6518,6522
4046,3885,6519,6688
3886,4046,6519,6520
3986,4046,6520,6594
3886,3986,6520,6521
3886,3987,6521,6522
3884,3971,6523,6524
3884,3970,6524,6525
4047,3970,6525,6604
3884,4047,6525,6526
4048,4047,6526,6603
3884,4048,6526,6532
4049,4050,6527,6821
4050,4048,6527,6602
4048,4049,6527,6528
4051,4049,6528,6820
4048,4051,6528,6529
4052,4051,6529,6680
4048,4052,6529,6530
4053,4052,6530,6679
4048,4053,6530,6532
3885,4053,6531,6679
4053,3884,6531,6532
3737,3899,6533,6561
4054,3897,6534,6665
3899,4054,6534,6562
4055,4056,6535,6664
4056,4054,6535,6665
4054,4055,6535,6536
4057,4055,6536,6663
4054,4057,6536,6537
4058,4057,6537,7180
4054,4058,6537,6570
4059,4060,6538,7178
4060,4058,6538,7179
4058,4059,6538,6563
4061,4062,6539,7455
4062,4059,6539,7177
4059,4061,6539,6540
4063,4061,6540,7454
4059,4063,6540,6563
4064,4065,6541,7278
4065,4063,6541,7453
4063,4064,6541,6542
4066,4064,6542,7736
4063,4066,6542,6543
4067,4066,6543,7778
4063,4067,6543,6544
4068,4067,6544,7783
4063,4068,6544,6545
4069,4068,6545,7913
4063,4069,6545,6546
4070,4069,6546,7906
4063,4070,6546,6547
4071,4070,6547,7664
4063,4071,6547,6548
4072,4071,6548,7470
4063,4072,6548,6549
4073,4072,6549,7469
4063,4073,6549,6550
4074,4073,6550,7469
4063,4074,6550,6551
4075,4074,6551,7468
4063,4075,6551,6552
4076,4075,6552,7171
4063,4076,6552,6564
4077,4078,6553,7049
4078,4079,6553,7169
4079,4077,6553,6566
4080,4081,6554,7051
4081,4082,6554,7052
4082,4080,6554,6555
4083,4080,6555,7168
4082,4083,6555,6556
4084,4083,6556,6755
4082,4084,6556,6567
4085,4086,6557,6754
4086,4084,6557,6755
4084,4085,6557,6568
3735,964,6558,15722
964,4085,6558,6754
4085,3735,6558,6559
4085,3734,6559,6560
4085,3737,6560,6561
4085,3899,6561,6562
4085,4054,6562,6569
4058,4063,6563,6564
4058,4076,6564,6565
4079,4076,6565,7170
4058,4079,6565,6566
4058,4077,6566,6570
4082,4077,6567,7049
4077,4084,6567,6568
4077,4085,6568,6569
4077,4054,6569,6570
3984,3611,6571,6572
3984,3998,6572,6573
4087,3998,6573,6764
3984,4087,6573,6618
4088,3930,6574,6598
3931,4088,6574,6589
4089,4090,6575,6685
4090,4088,6575,6597
4088,4089,6575,6590
4091,4092,6576,6690
4092,4089,6576,6685
4089,4091,6576,6577
4093,4091,6577,6684
4089,4093,6577,6591
4094,4095,6578,6973
4095,4093,6578,6684
4093,4094,6578,6592
4096,4097,6579,7108
4097,4094,6579,6972
4094,4096,6579,6580
4098,4096,6580,7249
4094,4098,6580,6592
4099,4100,6581,7247
4100,4098,6581,7248
4098,4099,6581,6582
4101,4099,6582,7322
4098,4101,6582,6583
4102,4101,6583,7322
4098,4102,6583,6584
3706,4102,6584,7181
4098,3706,6584,6585
4098,3705,6585,6586
4098,3703,6586,6587
4098,3845,6587,6588
4098,3931,6588,6589
4098,4088,6589,6590
4098,4089,6590,6591
4098,4093,6591,6592
3929,3986,6593,6594
3929,4046,6594,6595
4103,4046,6595,6687
3929,4103,6595,6596
4090,4103,6596,6686
3929,4090,6596,6597
3929,4088,6597,6598
3970,3940,6599,6604
4104,3938,6600,6638
3940,4104,6600,6601
4050,4104,6601,6816
3940,4050,6601,6602
3940,4048,6602,6603
3940,4047,6603,6604
4105,3974,6605,6616
3975,4105,6605,6606
4106,4105,6606,6786
3975,4106,6606,6610
4107,4108,6607,6728
4108,4106,6607,6729
4106,4107,6607,6610
4027,4109,6608,6734
4109,4110,6608,6735
4110,4027,6608,6609
4110,3975,6609,6611
3975,4107,6610,6611
4110,4107,6611,6728
3974,3972,6612,6616
3972,3838,6613,6614
4111,3838,6614,6834
3972,4111,6614,6615
4105,4111,6615,6787
3972,4105,6615,6616
3907,3983,6617,6631
3983,4087,6618,6619
4112,4087,6619,6764
3983,4112,6619,6632
4113,4114,6620,6852
4114,4112,6620,6763
4112,4113,6620,6621
4115,4113,6621,6921
4112,4115,6621,6622
4116,4115,6622,6920
4112,4116,6622,6623
4117,4116,6623,6920
4112,4117,6623,6624
4118,4117,6624,6927
4112,4118,6624,6632
4119,4120,6625,6925
4120,4118,6625,6926
4118,4119,6625,6626
4121,4119,6626,6918
4118,4121,6626,6627
4122,4121,6627,6658
4118,4122,6627,6628
4041,4122,6628,6657
4118,4041,6628,6629
4118,3906,6629,6630
4118,3907,6630,6631
4118,3983,6631,6632
3938,3944,6633,6638
4123,3945,6634,6721
3944,4123,6634,6635
4124,4123,6635,6861
3944,4124,6635,6636
4125,4124,6636,6860
3944,4125,6636,6637
4104,4125,6637,6816
3944,4104,6637,6638
3942,3857,6639,6640
4126,3857,6640,6697
3942,4126,6640,6641
4127,4126,6641,6696
3942,4127,6641,6644
4128,4129,6642,6715
4129,4127,6642,6716
4127,4128,6642,6644
3943,4128,6643,6715
4128,3942,6643,6644
4024,4020,6645,6646
4024,4019,6646,6654
4019,4017,6647,6654
4017,4015,6648,6649
4130,4015,6649,6778
4017,4130,6649,6650
4131,4130,6650,6777
4017,4131,6650,6651
4022,4131,6651,15737
4017,4022,6651,6652
4017,4023,6652,6653
4017,4024,6653,6654
3898,4044,6655,6656
3898,4043,6656,6667
4042,4122,6657,6658
4042,4121,6658,6659
4132,4121,6659,6918
4042,4132,6659,6669
4133,4134,6660,7104
4134,4132,6660,6917
4132,4133,6660,6661
4135,4133,6661,7175
4132,4135,6661,6662
4057,4135,6662,7180
4132,4057,6662,6663
4132,4055,6663,6664
4132,4056,6664,6669
4056,3897,6665,6666
4056,3898,6666,6667
4056,4043,6667,6668
4056,4042,6668,6669
3997,3711,6670,6671
4136,3711,6671,6774
3997,4136,6671,6672
4137,4136,6672,6774
3997,4137,6672,6673
4138,4137,6673,6944
3997,4138,6673,6674
4139,4138,6674,6950
3997,4139,6674,6678
4140,4141,6675,6846
4141,4139,6675,6949
4139,4140,6675,6678
4142,4143,6676,6854
4143,4140,6676,6846
4140,4142,6676,6677
3997,4142,6677,6760
4140,3997,6677,6678
3885,4052,6679,6680
3885,4051,6680,6681
4144,4051,6681,6819
3885,4144,6681,6682
4145,4144,6682,6968
3885,4145,6682,6683
4095,4145,6683,6973
3885,4095,6683,6689
4095,4091,6684,6689
4092,4090,6685,6686
4092,4103,6686,6687
4092,4046,6687,6688
4092,3885,6688,6690
3885,4091,6689,6690
3857,3889,6691,6692
4146,3889,6692,-1
3857,4146,6692,6693
4147,4146,6693,7012
3857,4147,6693,6697
4148,4149,6694,6876
4149,4150,6694,6877
4150,4148,6694,6695
4127,4148,6695,6717
4150,4127,6695,6696
4150,4126,6696,6698
4126,4147,6697,6698
4150,4147,6698,6884
4151,3666,6699,6768
3523,4151,6699,6700
4152,4151,6700,6767
3523,4152,6700,6701
4153,4152,6701,6902
3523,4153,6701,6702
3955,4153,6702,6901
3523,3955,6702,6703
3523,3952,6703,6704
3523,3953,6704,6714
3953,3949,6705,6706
3953,3950,6706,6707
3953,3951,6707,6708
3953,3948,6708,6709
3953,3947,6709,6710
3953,3946,6710,6711
3953,3727,6711,6712
3953,3726,6712,6714
3726,3523,6713,6714
3943,4129,6715,6716
3943,4127,6716,6717
3943,4148,6717,6718
4154,4148,6718,6876
3943,4154,6718,6719
4155,4154,6719,6936
3943,4155,6719,6720
4123,4155,6720,6855
3943,4123,6720,6721
3764,4012,6722,6727
4012,4010,6723,6724
4012,4009,6724,6725
4156,4009,6725,6910
4012,4156,6725,6726
4157,4156,6726,6911
4012,4157,6726,6727
3764,4157,6727,6738
4110,4108,6728,6729
4110,4106,6729,6735
4158,4159,6730,6784
4159,4160,6730,6785
4160,4158,6730,6731
4161,4158,6731,6783
4160,4161,6731,6737
4030,4161,6732,6782
4161,4028,6732,6733
4161,4027,6733,6734
4161,4109,6734,6737
4109,4106,6735,6736
4160,4106,6736,6785
4109,4160,6736,6737
3765,4157,6738,6739
4162,4157,6739,6903
3765,4162,6739,6740
4163,4162,6740,7018
3765,4163,6740,6742
3917,4163,6741,6886
4163,3916,6741,6742
4164,4038,6743,6870
4037,4164,6743,6744
4165,4164,6744,15714,269
4037,4165,6744,6745
4166,4165,6745,15714,269
4037,4166,6745,6746
4167,4166,6746,15710
4037,4167,6746,6747
4168,4167,6747,15718,269
4037,4168,6747,6752
4034,4169,6748,6809
4169,3994,6748,6749
4169,3995,6749,6750
4169,4035,6750,6751
4169,4036,6751,6753
4036,4168,6752,6753
4169,4168,6753,6810
964,4086,6754,6759
4086,4083,6755,6756
4170,4083,6756,7174
4086,4170,6756,6757
4171,4170,6757,7286
4086,4171,6757,6758
965,4171,6758,6966
4086,965,6758,6759
3998,4142,6760,6761
4172,4142,6761,6854
3998,4172,6761,6762
4114,4172,6762,6853
3998,4114,6762,6763
3998,4112,6763,6764
3668,3866,6765,6766
4173,3866,6766,6891
3668,4173,6766,6771
4152,4173,6767,6891
4173,4151,6767,6768
4173,3666,6768,6769
4173,3665,6769,6770
4173,3670,6770,6771
4174,3708,6772,6999
3711,4174,6772,6773
4137,4174,6773,6944
3711,4137,6773,6774
4175,3922,6775,15735
3921,4175,6775,6776
4131,4175,6776,15736
3921,4131,6776,6777
3921,4130,6777,6781
4130,4014,6778,6779
4176,4014,6779,6982
4130,4176,6779,6780
4177,4176,6780,6981
4130,4177,6780,6781
3921,4177,6781,6862
4029,4161,6782,6783
4029,4158,6783,6784
4029,4159,6784,6794
4159,4106,6785,6786
4159,4105,6786,6787
4159,4111,6787,6788
4178,4111,6788,6834
4159,4178,6788,6789
4179,4178,6789,7096
4159,4179,6789,6790
4180,4179,6790,7057
4159,4180,6790,6795
4181,4182,6791,7054
4182,4180,6791,7082
4180,4181,6791,6795
4031,4181,6792,7054
4181,4032,6792,6793
4181,4029,6793,6794
4181,4159,6794,6795
3814,3602,6796,6797
4183,3602,6797,6841
3814,4183,6797,6798
4184,4183,6798,6840
3814,4184,6798,6804
3820,4185,6799,6839
4185,4184,6799,6840
4184,3820,6799,6800
4184,3818,6800,6804
3819,3817,6801,6802
3819,3815,6802,6803
3819,3814,6803,6805
3814,3818,6804,6805
222,4186,6806,15696
4186,4187,6806,15712,269
4187,222,6806,6807
4187,220,6807,6808
4187,4034,6808,6809
4187,4169,6809,6810
4187,4168,6810,15712,269
4188,169,6811,7041
170,4188,6811,6812
4189,4188,6812,7149
170,4189,6812,6815
171,4189,6813,7031
4189,172,6813,6815
172,170,6814,6815
4050,4125,6816,6817
4190,4125,6817,6859
4050,4190,6817,6818
4191,4190,6818,6929
4050,4191,6818,6821
4144,4191,6819,6968
4191,4051,6819,6820
4191,4049,6820,6821
3992,3874,6822,15729
3874,3891,6822,15711,269
3891,3992,6822,6823
3891,3993,6823,6828
4192,4193,6824,6953
4193,3993,6824,6836
3993,4192,6824,6825
4194,4192,6825,6952
3993,4194,6825,6826
4195,4194,6826,6952
3993,4195,6826,6827
4196,4195,6827,6951
3993,4196,6827,6828
3891,4196,6828,15720
3838,3833,6829,6830
4197,3833,6830,6943
3838,4197,6830,6831
4198,4197,6831,7025
3838,4198,6831,6832
4199,4198,6832,7028
3838,4199,6832,6833
4178,4199,6833,7097
3838,4178,6833,6834
3602,3600,6835,6842
3597,4193,6836,6837
4200,4193,6837,6953
3597,4200,6837,6844
3822,4200,6838,7231
4200,3821,6838,6844
3821,4185,6839,6845
4185,4183,6840,6841
4185,3602,6841,6842
4185,3600,6842,6843
4185,3597,6843,6845
3597,3821,6844,6845
4143,4141,6846,6847
4201,4141,6847,6948
4143,4201,6847,6848
4202,4201,6848,6993
4143,4202,6848,6849
4203,4202,6849,6993
4143,4203,6849,6850
4204,4203,6850,6922
4143,4204,6850,6851
4113,4204,6851,6921
4143,4113,6851,6852
4143,4114,6852,6853
4143,4172,6853,6854
4205,4155,6855,6940
4123,4205,6855,6856
4206,4205,6856,7114
4123,4206,6856,6861
4207,4208,6857,6930
4208,4206,6857,7086
4206,4207,6857,6858
4190,4207,6858,6929
4206,4190,6858,6859
4206,4125,6859,6860
4206,4124,6860,6861
3920,4177,6862,6863
4209,4177,6863,6981
3920,4209,6863,6864
4210,4209,6864,7140
3920,4210,6864,6868
4000,4210,6865,7148
4210,4001,6865,6868
4001,3919,6866,6867
4001,3920,6867,6868
4211,4212,6869,15702,269
4212,4213,6869,15703,269
4213,4211,6869,6875
4164,4211,6870,15701,269
4211,4038,6870,6871
4211,4039,6871,6872
4211,4040,6872,6873
4214,4040,6873,6978
4211,4214,6873,6874
4215,4214,6874,6977
4211,4215,6874,6875
4213,4215,6875,6986
4154,4149,6876,6877
4154,4150,6877,6878
4216,4150,6878,6884
4154,4216,6878,6882
4217,4218,6879,7017
4218,4216,6879,7010
4216,4217,6879,6880
4219,4217,6880,6938
4216,4219,6880,6881
4220,4219,6881,6937
4216,4220,6881,6882
4154,4220,6882,6936
4216,4221,6883,7010
4221,4147,6883,7011
4147,4216,6883,6884
3861,3917,6885,6886
3861,4163,6886,6890
4222,4223,6887,7187
4223,4163,6887,7024
4163,4222,6887,6888
3864,4222,6888,6893
4163,3864,6888,6889
4163,3863,6889,6890
4152,3866,6891,6902
3866,3864,6892,6893
3866,4222,6893,6894
4224,4222,6894,7186
3866,4224,6894,6895
4225,4224,6895,7186
3866,4225,6895,6896
4226,4225,6896,15804
3866,4226,6896,6897
4227,4226,6897,15805
3866,4227,6897,6898
3957,4227,6898,15806
3866,3957,6898,6899
3866,3956,6899,6900
3866,3955,6900,6901
3866,4153,6901,6902
4228,4162,6903,7018
4157,4228,6903,6912
4229,4230,6904,6905,193
4230,4228,6904,7197
4228,4229,6904,6912
4231,4230,6905,15653
4229,4231,6905,6906
4232,4231,6906,7257
4229,4232,6906,6907
4233,4232,6907,7258
4229,4233,6907,6913
4007,4233,6908,7258
4233,4008,6908,6909
4233,4009,6909,6910
4233,4156,6910,6911
4233,4157,6911,6913
4157,4229,6912,6913
4234,4235,6914,6992
4235,4236,6914,6924
4236,4234,6914,6915
4237,4234,6915,7272
4236,4237,6915,6916
4134,4237,6916,7100
4236,4134,6916,6917
4236,4132,6917,6919
4132,4119,6918,6919
4236,4119,6919,6925
4117,4115,6920,6928
4115,4204,6921,6922
4115,4203,6922,6923
4235,4203,6923,6988
4115,4235,6923,6924
4115,4236,6924,6928
4236,4120,6925,6926
4236,4118,6926,6927
4236,4117,6927,6928
4191,4207,6929,6930
4191,4208,6930,6931
4238,4208,6931,7090
4191,4238,6931,6932
4239,4238,6932,7089
4191,4239,6932,6933
4240,4239,6933,7110
4191,4240,6933,6935
4241,4242,6934,7105
4242,4240,6934,7106
4240,4241,6934,6935
4191,4241,6935,6969
4155,4220,6936,6937
4155,4219,6937,6940
4243,4217,6938,7017
4219,4243,6938,6939
4205,4243,6939,7119
4219,4205,6939,6940
4244,3834,6941,7216
3833,4244,6941,6942
4245,4244,6942,7312
3833,4245,6942,6943
4197,4245,6943,7025
4138,4174,6944,6945
4246,4174,6945,7008
4138,4246,6945,6950
4247,4248,6946,7135
4248,4246,6946,7007
4246,4247,6946,6947
4201,4247,6947,6994
4246,4201,6947,6948
4246,4141,6948,6949
4246,4139,6949,6950
4196,3890,6951,15720
3890,4195,6951,6958
4195,4192,6952,6959
4192,4200,6953,6954
4249,4200,6954,7232
4192,4249,6954,6959
4250,4251,6955,7234
4251,4249,6955,7233
4249,4250,6955,6956
4252,4250,6956,15643
4249,4252,6956,6957
3890,4252,6957,15698,269
4249,3890,6957,6958
4249,4195,6958,6959
4253,4186,6960,15713
4186,4254,6960,15695,269
4254,4253,6960,6961
969,4253,6961,15716
4254,969,6961,6962
4254,967,6962,6963
4254,228,6963,6964
225,228,6964,15697,269
4254,225,6964,6965
4254,223,6965,15695,269
962,4171,6966,7289
965,962,6966,6967
4145,4191,6968,6969
4145,4241,6969,6970
4255,4241,6970,7105
4145,4255,6970,6971
4097,4255,6971,7109
4145,4097,6971,6972
4145,4094,6972,6973
4256,167,6974,7039
168,4256,6974,6975
4257,4256,6975,15688,269
168,4257,6975,6976
4258,4257,6976,15694,269
168,4258,6976,6979
4215,4258,6977,6987
4258,4214,6977,6979
4214,168,6978,6979
4259,4260,6980,-649
4260,4261,6980,15681,269
4261,4259,6980,-649
4209,4176,6981,6982
4209,4014,6982,6983
4209,3802,6983,6984
4209,3800,6984,6985
4209,3799,6985,7140
4213,4262,6986,15680,269
4262,4215,6986,6987
4262,4258,6987,15680,269
4263,4203,6988,6997
4235,4263,6988,6992
4264,4265,6989,6996
4265,4263,6989,6997
4263,4264,6989,6990
4266,4264,6990,7273
4263,4266,6990,6991
4234,4266,6991,7272
4263,4234,6991,6992
4203,4201,6993,6994
4203,4247,6994,6998
4264,4267,6995,7274
4267,4247,6995,7134
4247,4264,6995,6996
4247,4265,6996,6998
4265,4203,6997,6998
4174,3709,6999,7000
4174,3707,7000,7001
4268,3707,7001,7185
4174,4268,7001,7002
4269,4268,7002,7184
4174,4269,7002,7003
4270,4269,7003,7183
4174,4270,7003,7009
4271,4272,7004,7328
4272,4270,7004,7182
4270,4271,7004,7005
4273,4271,7005,7327
4270,4273,7005,7006
4274,4273,7006,7120
4270,4274,7006,7009
4248,4274,7007,7120
4274,4246,7007,7008
4274,4174,7008,7009
4218,4221,7010,7011
4218,4147,7011,7012
4218,4146,7012,7013
4275,4146,7013,-1
4218,4275,7013,7014
4276,4275,7014,7136
4218,4276,7014,7015
4277,4276,7015,7137
4218,4277,7015,7016
4243,4277,7016,7119
4218,4243,7016,7017
4163,4228,7018,7019
4278,4228,7019,7198
4163,4278,7019,7020
4279,4278,7020,7345
4163,4279,7020,7021
4280,4279,7021,7345
4163,4280,7021,7022
4281,4280,7022,7188
4163,4281,7022,7023
4282,4281,7023,7188
4163,4282,7023,7024
4223,4282,7024,7187
4198,4245,7025,7029
4283,4284,7026,7093
4284,4245,7026,7312
4245,4283,7026,7027
4285,4283,7027,7092
4245,4285,7027,7029
4199,4285,7028,7092
4285,4198,7028,7029
176,174,7030,7036
174,4189,7031,7032
4286,4189,7032,7150
174,4286,7032,7033
4287,4286,7033,7151
174,4287,7033,7037
178,4288,7034,7264
4288,4287,7034,7265
4287,178,7034,7037
178,176,7035,7036
178,174,7036,7037
4289,4290,7038,15669,269
4290,4291,7038,15670,269
4291,4289,7038,7043
4256,4289,7039,15669,269
4289,167,7039,7040
4289,169,7040,7041
4289,4188,7041,7042
4292,4188,7042,7149
4289,4292,7042,7043
4291,4292,7043,7154
204,180,7044,7045
204,177,7045,7046
4293,177,7046,7262
204,4293,7046,7047
183,4293,7047,7262
204,183,7047,7048
4082,4078,7049,7050
4294,4078,7050,7169
4082,4294,7050,7052
4080,4294,7051,7168
4294,4081,7051,7052
3811,4031,7053,7076
4031,4182,7054,7055
4295,4182,7055,7084
4031,4295,7055,7077
4296,4297,7056,7083
4297,4295,7056,7084
4295,4296,7056,7078
4180,4298,7057,7082
4298,4179,7057,7058
4299,4179,7058,7095
4298,4299,7058,7059
4300,4299,7059,7310
4298,4300,7059,7060
4301,4300,7060,7318
4298,4301,7060,7061
4302,4301,7061,7317
4298,4302,7061,7062
4303,4302,7062,7591
4298,4303,7062,7063
4304,4303,7063,7592
4298,4304,7063,7064
4305,4304,7064,7592
4298,4305,7064,7065
4306,4305,7065,7573
4298,4306,7065,7066
4307,4306,7066,7574
4298,4307,7066,7067
4308,4307,7067,7412
4298,4308,7067,7068
4309,4308,7068,7413
4298,4309,7068,7069
3794,4309,7069,7414
4298,3794,7069,7079
3794,3791,7070,7071
3794,3792,7071,7072
3794,3789,7072,7073
3794,3790,7073,7074
3794,3787,7074,7075
3794,3812,7075,7080
3813,4031,7076,7077
3813,4295,7077,7078
3813,4296,7078,7081
4298,4296,7079,7083
4296,3794,7079,7080
4296,3812,7080,7081
4182,4298,7082,7085
4298,4297,7083,7085
4297,4182,7084,7085
4310,4206,7086,7114
4208,4310,7086,7087
4311,4310,7087,7344
4208,4311,7087,7090
4312,4313,7088,7111
4313,4311,7088,7340
4311,4312,7088,7091
4239,4312,7089,7110
4312,4238,7089,7091
4238,4311,7090,7091
4199,4283,7092,7093
4199,4284,7093,7098
4314,4315,7094,7306
4315,4284,7094,7307
4284,4314,7094,7098
4299,4316,7095,7311
4316,4179,7095,7096
4316,4178,7096,7097
4316,4199,7097,7099
4199,4314,7098,7099
4316,4314,7099,7306
4317,4237,7100,7279
4134,4317,7100,7101
4318,4317,7101,7452
4134,4318,7101,7102
4319,4318,7102,7457
4134,4319,7102,7103
4320,4319,7103,7456
4134,4320,7103,7104
4133,4320,7104,7175
4255,4242,7105,7109
4321,4240,7106,7113
4242,4321,7106,7107
4096,4321,7107,7241
4242,4096,7107,7108
4242,4097,7108,7109
4240,4312,7110,7111
4240,4313,7111,7113
4321,4322,7112,7241
4322,4313,7112,7498
4313,4321,7112,7113
4205,4310,7114,7115
4323,4310,7115,7344
4205,4323,7115,7116
4324,4323,7116,15668,285
4205,4324,7116,7117
4325,4324,7117,15668,285
4205,4325,7117,7118
4277,4325,7118,7138
4205,4277,7118,7119
4248,4273,7120,7121
4326,4273,7121,7326
4248,4326,7121,7122
4327,4326,7122,7458
4248,4327,7122,7135
4328,4329,7123,7336
4329,4327,7123,7459
4327,4328,7123,7124
4330,4328,7124,7335
4327,4330,7124,7125
4331,4330,7125,7755
4327,4331,7125,7126
4332,4331,7126,7743
4327,4332,7126,7127
4333,4332,7127,7775
4327,4333,7127,7128
286,4333,7128,7777
4327,286,7128,7129
4327,284,7129,7130
4334,284,7130,7943
4327,4334,7130,7131
4335,4334,7131,7734
4327,4335,7131,7132
4336,4335,7132,7276
4327,4336,7132,7133
4267,4336,7133,7275
4327,4267,7133,7134
4327,4247,7134,7135
4275,4337,7136,-1
4337,4276,7136,7137
4337,4277,7137,7138
4337,4325,7138,7139
4338,4325,7139,15662,285
4337,4338,7139,15666,285
4210,3799,7140,7141
4210,3797,7141,7142
4210,3798,7142,7143
4210,3796,7143,7144
4339,3796,7144,7361
4210,4339,7144,7145
4340,4339,7145,7545
4210,4340,7145,7146
4341,4340,7146,7553
4210,4341,7146,7148
4002,4341,7147,7253
4341,4000,7147,7148
4292,4189,7149,7150
4292,4286,7150,7151
4292,4287,7151,7155
4342,4343,7152,7448
4343,4287,7152,-9097
4287,4342,7152,7153
4344,4342,7153,15658,269
4287,4344,7153,7155
4291,4344,7154,15658,269
4344,4292,7154,7155
4345,4346,7156,-649
4346,4347,7156,-649
4347,4345,7156,7164
4348,4349,7157,-649
4349,4345,7157,-649
4345,4348,7157,7165
4350,4351,7158,-649
4351,4348,7158,-649
4348,4350,7158,7159
4352,4350,7159,-649
4348,4352,7159,7166
4353,4354,7160,-649
4354,4352,7160,-649
4352,4353,7160,7166
4355,4356,7161,-649
4356,4353,7161,-649
4353,4355,7161,7167
4357,4358,7162,-649
4358,4355,7162,-649
4355,4357,7162,7163
4347,4357,7163,-649
4355,4347,7163,7164
4355,4345,7164,7165
4355,4348,7165,7167
4348,4353,7166,7167
4083,4294,7168,7174
4294,4079,7169,7170
4294,4076,7170,7171
4294,4075,7171,7172
4359,4075,7172,7468
4294,4359,7172,7173
4170,4359,7173,7286
4294,4170,7173,7174
4135,4320,7175,7176
4062,4320,7176,7455
4135,4062,7176,7177
4135,4059,7177,7178
4135,4060,7178,7179
4135,4058,7179,7180
3707,4102,7181,7185
4272,4102,7182,7329
4102,4270,7182,7183
4102,4269,7183,7184
4102,4268,7184,7185
4225,4222,7186,7193
4222,4282,7187,7193
4282,4280,7188,7189
4360,4280,7189,7356
4282,4360,7189,7194
4361,4362,7190,7354
4362,4360,7190,7355
4360,4361,7190,7195
4363,4364,7191,15803
4364,4361,7191,7353
4361,4363,7191,7192
4225,4363,7192,15804
4361,4225,7192,7195
4225,4282,7193,7194
4225,4360,7194,7195
4230,4365,7196,15653,193
4365,4366,7196,15654,193
4366,4230,7196,7197
4366,4228,7197,7198
4366,4278,7198,7199
4367,4278,7199,7346
4366,4367,7199,7200
4368,4367,7200,7506
4366,4368,7200,7201
4369,4368,7201,7506
4366,4369,7201,7206
4370,4371,7202,15308
4371,4369,7202,15309
4369,4370,7202,7207
4372,4373,7203,15656,193
4373,4370,7203,15308
4370,4372,7203,7204
4374,4372,7204,15478
4370,4374,7204,7207
4366,4375,7205,15655,193
4375,4376,7205,15477
4376,4366,7205,7206
4376,4369,7206,7208
4369,4374,7207,7208
4376,4374,7208,15477
4377,3835,7209,7227
3834,4377,7209,7216
4378,4379,7210,7225
4379,4377,7210,7226
4377,4378,7210,7217
4380,4381,7211,7224
4381,4378,7211,7225
4378,4380,7211,7218
4382,3827,7212,7440
3826,4382,7212,7213
4383,4382,7213,7439
3826,4383,7213,7214
4384,4383,7214,7476
3826,4384,7214,7215
4244,4384,7215,7313
3826,4244,7215,7219
4244,4377,7216,7217
4244,4378,7217,7218
4244,4380,7218,7219
3826,4380,7219,7224
3835,3831,7220,7227
3831,3830,7221,7228
3830,3825,7222,7223
3830,3826,7223,7229
3826,4381,7224,7229
4381,4379,7225,7226
4381,4377,7226,7230
4377,3831,7227,7228
4377,3830,7228,7230
3830,4381,7229,7230
3824,4200,7231,7232
3824,4249,7232,7233
3824,4251,7233,7234
3824,4250,7234,7235
4385,4250,7235,15644
3824,4385,7235,7236
4386,4385,7236,7483
3824,4386,7236,7237
4387,4386,7237,7489
3824,4387,7237,7238
4388,4387,7238,7489
3824,4388,7238,7239
4389,4388,7239,7723
3824,4389,7239,7240
4390,4389,7240,7722
3824,4390,7240,7433
4096,4322,7241,7242
4391,4322,7242,7505
4096,4391,7242,7243
4392,4391,7243,7521
4096,4392,7243,7244
4393,4392,7244,7526
4096,4393,7244,7250
4394,4395,7245,7330
4395,4393,7245,7331
4393,4394,7245,7250
4099,4396,7246,7323
4396,4394,7246,7330
4394,4099,7246,7247
4394,4100,7247,7248
4394,4098,7248,7249
4394,4096,7249,7250
4007,4005,7251,7259
4004,4002,7252,7253
4004,4341,7253,7254
4397,4341,7254,7552
4004,4397,7254,7255
4398,4397,7255,7551
4004,4398,7255,7256
4399,4398,7256,7527
4004,4399,7256,7260
4231,4399,7257,15652
4399,4232,7257,7261
4232,4007,7258,7259
4232,4005,7259,7261
4005,4399,7260,7261
183,177,7262,7263
183,178,7263,7264
183,4288,7264,7271
4400,4287,7265,-9096
4288,4400,7265,7266
4401,4400,7266,-9096
4288,4401,7266,7267
4402,4401,7267,7449
4288,4402,7267,7268
4403,4402,7268,7518
4288,4403,7268,7269
4404,4403,7269,7280
4288,4404,7269,7271
182,4404,7270,7281
4404,183,7270,7271
4237,4266,7272,7273
4237,4264,7273,7274
4237,4267,7274,7275
4237,4336,7275,7276
4237,4335,7276,7277
4064,4335,7277,7734
4237,4064,7277,7278
4237,4065,7278,7279
4317,4065,7279,7452
4403,4405,7280,7519
4405,4404,7280,7281
4405,182,7281,7282
4405,185,7282,7285
4406,4252,7283,15643,269
4252,185,7283,15698
185,4406,7283,7284
4407,4406,7284,15642,269
185,4407,7284,7285
4405,4407,7285,15642,269
4171,4359,7286,7287
4408,4359,7287,7475
4171,4408,7287,7288
963,4408,7288,7474
4171,963,7288,7289
4409,4410,7290,15836
4410,4411,7290,15841
4411,4409,7290,7291
4412,4409,7291,15777
4411,4412,7291,7292
4413,4412,7292,15777
4411,4413,7292,7293
4414,4413,7293,15778
4411,4414,7293,7303
4415,4416,7294,15780
4416,4417,7294,15779
4417,4415,7294,7295
4418,4415,7295,8221
4417,4418,7295,7296
4419,4418,7296,15772
4417,4419,7296,7297
4420,4419,7297,15772
4417,4420,7297,7298
4421,4420,7298,15773
4417,4421,7298,7299
4422,4421,7299,15773
4417,4422,7299,7300
4423,4422,7300,15774
4417,4423,7300,7304
4424,4425,7301,15776
4425,4426,7301,-1849
4426,4424,7301,7302
4411,4424,7302,15840
4426,4411,7302,7303
4426,4414,7303,7305
4417,4414,7304,15778
4414,4423,7304,7305
4426,4423,7305,-1849
4316,4315,7306,7311
4427,4284,7307,7321
4315,4427,7307,7308
4428,4427,7308,7320
4315,4428,7308,7309
4300,4428,7309,7319
4315,4300,7309,7310
4315,4299,7310,7311
4284,4244,7312,7313
4284,4384,7313,7314
4429,4384,7314,7476
4284,4429,7314,7315
4430,4429,7315,7481
4284,4430,7315,7316
4431,4430,7316,7590
4284,4431,7316,7321
4302,4431,7317,7591
4431,4301,7317,7318
4431,4300,7318,7319
4431,4428,7319,7320
4431,4427,7320,7321
4102,4099,7322,7323
4102,4396,7323,7324
4432,4396,7324,7339
4102,4432,7324,7329
4326,4433,7325,7458
4433,4432,7325,7338
4432,4326,7325,7326
4432,4273,7326,7327
4432,4271,7327,7328
4432,4272,7328,7329
4396,4395,7330,7331
4396,4393,7331,7332
4434,4393,7332,7525
4396,4434,7332,7333
4435,4434,7333,7610
4396,4435,7333,7339
4330,4436,7334,7754
4436,4435,7334,7611
4435,4330,7334,7335
4435,4328,7335,7336
4435,4329,7336,7337
4433,4329,7337,7459
4435,4433,7337,7338
4435,4432,7338,7339
4437,4313,7340,7498
4311,4437,7340,7341
4438,4437,7341,7499
4311,4438,7341,7342
4439,4438,7342,15533
4311,4439,7342,7343
4323,4439,7343,15641,285
4311,4323,7343,7344
4280,4278,7345,7346
4280,4367,7346,7347
4440,4367,7347,7515
4280,4440,7347,7348
4441,4440,7348,7517
4280,4441,7348,7349
4442,4441,7349,7514
4280,4442,7349,7350
4443,4442,7350,7513
4280,4443,7350,7351
4444,4443,7351,8133
4280,4444,7351,7352
4445,4444,7352,8133
4280,4445,7352,7356
4364,4445,7353,15802
4445,4361,7353,7354
4445,4362,7354,7355
4445,4360,7355,7356
4446,4447,7357,7416
4447,4448,7357,7417
4448,4446,7357,7358
4449,4446,7358,7416
4448,4449,7358,7359
3794,4449,7359,7415
4448,3794,7359,7360
4448,3793,7360,7375
4450,4339,7361,7545
3796,4450,7361,7362
4451,4450,7362,7648
3796,4451,7362,7377
4452,4453,7363,7649
4453,4451,7363,7648
4451,4452,7363,7378
4454,4455,7364,7530
4455,4452,7364,7649
4452,4454,7364,7365
4456,4454,7365,7540
4452,4456,7365,7366
4457,4456,7366,15615
4452,4457,7366,7379
4458,4459,7367,15614
4459,4457,7367,15629
4457,4458,7367,7379
4460,4461,7368,15635
4461,4458,7368,15614
4458,4460,7368,7369
4462,4460,7369,15613
4458,4462,7369,7370
4463,4462,7370,15612
4458,4463,7370,7380
4464,4465,7371,15628
4465,4463,7371,15612
4463,4464,7371,7372
4466,4464,7372,15611
4463,4466,7372,7381
4467,4468,7373,15627
4468,4466,7373,15611
4466,4467,7373,7382
4469,4448,7374,7375,193
4448,4467,7374,15626
4467,4469,7374,7383
4469,3793,7375,7376
4469,3796,7376,7377
4469,4451,7377,7378
4469,4452,7378,7383
4452,4458,7379,7380
4452,4463,7380,7381
4452,4466,7381,7382
4452,4467,7382,7383
4470,4471,7384,15630,193
4471,4448,7384,15626,193
4448,4470,7384,7417
4472,4473,7385,7640
4473,4474,7385,15623,193
4474,4472,7385,7386
4475,4472,7386,7639
4474,4475,7386,7387
4476,4475,7387,7638
4474,4476,7387,7388
4477,4476,7388,7637
4474,4477,7388,7419
4478,4479,7389,7635
4479,4477,7389,7636
4477,4478,7389,7426
4480,4481,7390,7643
4481,4482,7390,7633
4482,4480,7390,7391
4483,4480,7391,7632
4482,4483,7391,7392
4484,4483,7392,7631
4482,4484,7392,7420
4485,4486,7393,7630
4486,4484,7393,7631
4484,4485,7393,7394
4487,4485,7394,8007
4484,4487,7394,7395
4488,4487,7395,-57
4484,4488,7395,7396
4489,4488,7396,-57
4484,4489,7396,7397
4490,4489,7397,8010
4484,4490,7397,7420
4491,4492,7398,8011
4492,4490,7398,8010
4490,4491,7398,7421
4493,4494,7399,7904
4494,4491,7399,7995
4491,4493,7399,7421
4495,4496,7400,7817
4496,4497,7400,-1848
4497,4495,7400,7401
4498,4495,7401,15545
4497,4498,7401,7402
4499,4498,7402,7407,269
4497,4499,7402,7403
4500,4499,7403,7406,269
4497,4500,7403,7404
4501,4500,7404,7405,269
4497,4501,7404,7423
4501,4502,7405,7429,269
4502,4500,7405,7406
4502,4499,7406,7407
4502,4498,7407,7408
4503,4498,7408,7567
4502,4503,7408,7409
4504,4503,7409,7566
4502,4504,7409,7410
4505,4504,7410,7566
4502,4505,7410,7432
4307,4506,7411,7575
4506,4505,7411,7576
4505,4307,7411,7412
4505,4308,7412,7413
4505,4309,7413,7414
4505,3794,7414,7415
4505,4449,7415,7430
4449,4447,7416,7424
4447,4470,7417,7418
4507,4470,7418,15625,193
4447,4507,7418,7424
4474,4507,7419,15624,193
4507,4477,7419,7425
4482,4490,7420,7427
4490,4493,7421,7422
4497,4493,7422,-1849
4490,4497,7422,7423
4490,4501,7423,7428
4449,4507,7424,7425
4449,4477,7425,7426
4449,4478,7426,7430
4482,4508,7427,7633
4508,4490,7427,7428
4508,4501,7428,7429
4508,4502,7429,7431
4505,4478,7430,7432
4508,4478,7431,7634
4478,4502,7431,7432
3823,4390,7433,7434
4509,4390,7434,7721
3823,4509,7434,7435
4510,4509,7435,7762
3823,4510,7435,7436
4511,4510,7436,7942
3823,4511,7436,7437
4512,4511,7437,7941
3823,4512,7437,7441
4383,4513,7438,7477
4513,4512,7438,7586
4512,4383,7438,7439
4512,4382,7439,7440
4512,3827,7440,7441
4514,4515,7442,15604
4515,4516,7442,15609,269
4516,4514,7442,7443
4517,4514,7443,7656
4516,4517,7443,7444
4518,4517,7444,7655
4516,4518,7444,7445
4519,4518,7445,15605
4516,4519,7445,7446
4520,4519,7446,15608,269
4516,4520,7446,7447
4342,4520,7447,15607,269
4516,4342,7447,7451
4401,4343,7448,-9097
4342,4401,7448,7451
4521,4402,7449,7518
4401,4521,7449,7450
4516,4521,7450,15609,269
4401,4516,7450,7451
4318,4065,7452,7453
4318,4063,7453,7454
4318,4061,7454,7457
4061,4320,7455,7456
4061,4319,7456,7457
4327,4433,7458,7459
973,4522,7460,15690
4522,4523,7460,15672
4523,973,7460,7466
973,975,7461,7462
4524,975,7462,7767
973,4524,7462,7463
4525,4524,7463,7768
973,4525,7463,7467
4526,4527,7464,7769
4527,4525,7464,7768
4525,4526,7464,7465
4528,4526,7465,7490
4525,4528,7465,7467
4523,4528,7466,7491
4528,973,7466,7467
4359,4074,7468,7475
4074,4072,7469,7470
4074,4071,7470,7471
4529,4071,7471,7664
4074,4529,7471,7472
4530,4529,7472,7663
4074,4530,7472,7473
963,4530,7473,7663
4074,963,7473,7474
4074,4408,7474,7475
4429,4383,7476,7477
4429,4513,7477,7478
4531,4513,7478,7586
4429,4531,7478,7482
4532,4533,7479,7588
4533,4531,7479,7587
4531,4532,7479,7480
4534,4532,7480,7588
4531,4534,7480,7482
4430,4534,7481,7589
4534,4429,7481,7482
4535,4385,7483,15645
4386,4535,7483,7484
4536,4535,7484,15596
4386,4536,7484,7485
4537,4536,7485,7731
4386,4537,7485,7486
4538,4537,7486,7730
4386,4538,7486,7487
4539,4538,7487,7707
4386,4539,7487,7488
4388,4539,7488,7707
4386,4388,7488,7489
4526,4540,7490,15524
4540,4528,7490,7491
4540,4523,7491,7497
4541,4542,7492,15671
4542,4523,7492,15672
4523,4541,7492,7493
4543,4541,7493,15661
4523,4543,7493,7494
4544,4543,7494,15660
4523,4544,7494,7495
4545,4544,7495,15606
4523,4545,7495,7497
4540,4519,7496,15605,269
4519,4545,7496,15606
4545,4540,7496,7497
4322,4437,7498,7505
4546,4438,7499,15534
4437,4546,7499,7500
4547,4546,7500,7741
4437,4547,7500,7501
4548,4547,7501,7739
4437,4548,7501,7502
4549,4548,7502,7739
4437,4549,7502,7503
4550,4549,7503,7606
4437,4550,7503,7504
4391,4550,7504,7521
4437,4391,7504,7505
4367,4369,7506,7507
4551,4369,7507,15309
4367,4551,7507,7508
4552,4551,7508,15310
4367,4552,7508,7515
4553,4554,7509,8137
4554,4552,7509,15797
4552,4553,7509,7510
4555,4553,7510,8142
4552,4555,7510,7511
4556,4555,7511,8136
4552,4556,7511,7512
4557,4556,7512,8135
4552,4557,7512,7516
4443,4557,7513,8134
4557,4442,7513,7514
4557,4441,7514,7516
4440,4552,7515,7517
4552,4441,7516,7517
4521,4403,7518,7519
4521,4405,7519,7520
4558,4405,7520,15595,269
4521,4558,7520,15594,269
4392,4550,7521,7522
4559,4550,7522,7607
4392,4559,7522,7523
4560,4559,7523,7608
4392,4560,7523,7524
4561,4560,7524,7609
4392,4561,7524,7526
4434,4561,7525,7609
4561,4393,7525,7526
4562,4398,7527,7550
4399,4562,7527,7528
4563,4562,7528,7549
4399,4563,7528,7529
4564,4563,7529,7549
4399,4564,7529,7543
4455,4564,7530,7650
4564,4454,7530,7544
4565,4566,7531,8435
4566,4456,7531,15615
4456,4565,7531,7532
4567,4565,7532,8438
4456,4567,7532,7533
4568,4567,7533,7959
4456,4568,7533,7534
4569,4568,7534,7878
4456,4569,7534,7535
4570,4569,7535,7877
4456,4570,7535,7536
4571,4570,7536,7876
4456,4571,7536,7540
4572,4573,7537,7961
4573,4574,7537,7879
4574,4572,7537,7538
4575,4572,7538,15649
4574,4575,7538,7541
4399,4576,7539,15651
4576,4575,7539,15650
4575,4399,7539,7542
4454,4571,7540,7544
4574,4571,7541,7876
4571,4575,7541,7542
4571,4399,7542,7543
4571,4564,7543,7544
4340,4450,7545,7546
4577,4450,7546,7654
4340,4577,7546,7554
4578,4579,7547,7652
4579,4577,7547,7653
4577,4578,7547,7548
4564,4578,7548,7651
4577,4564,7548,7554
4564,4562,7549,7550
4564,4398,7550,7551
4564,4397,7551,7552
4564,4341,7552,7553
4564,4340,7553,7554
4580,4581,7555,-649
4581,4582,7555,-649
4582,4580,7555,7556
4583,4580,7556,-649
4582,4583,7556,7557
4584,4583,7557,-649
4582,4584,7557,-649
4585,4586,7558,15664
4586,4587,7558,15638
4587,4585,7558,7559
4588,4585,7559,7620
4587,4588,7559,7560
4589,4588,7560,7619
4587,4589,7560,7561
4590,4589,7561,7618
4587,4590,7561,7565
4591,4592,7562,7617
4592,4590,7562,7618
4590,4591,7562,7563
4593,4591,7563,7784
4590,4593,7563,7564
4594,4593,7564,15508
4590,4594,7564,7565
4587,4594,7565,7644
4505,4503,7566,7567
4505,4498,7567,7568
4595,4498,7568,15544,269
4505,4595,7568,7569
4596,4595,7569,15544,269
4505,4596,7569,7570
4597,4596,7570,15543,269
4505,4597,7570,7571
4598,4597,7571,15543,269
4505,4598,7571,7572
4599,4598,7572,15578,269
4505,4599,7572,7576
4305,4599,7573,7593
4599,4306,7573,7574
4599,4307,7574,7575
4599,4506,7575,7576
4600,4601,7577,8266
4601,4602,7577,15590
4602,4600,7577,7598
4603,4604,7578,8274
4604,4600,7578,8266
4600,4603,7578,7579
4605,4603,7579,8267
4600,4605,7579,7599
4606,4607,7580,8360
4607,4608,7580,8269
4608,4606,7580,7581
4609,4606,7581,8359
4608,4609,7581,7582
4610,4609,7582,8564
4608,4610,7582,7583
4611,4610,7583,8285
4608,4611,7583,7584
4612,4611,7584,8286
4608,4612,7584,7585
4512,4612,7585,7940
4608,4512,7585,7600
4512,4531,7586,7587
4512,4533,7587,7601
4533,4534,7588,7589
4533,4430,7589,7590
4533,4431,7590,7602
4431,4303,7591,7603
4303,4305,7592,7593
4303,4599,7593,7594
4613,4599,7594,15540,269
4303,4613,7594,7595
4614,4613,7595,15540,269
4303,4614,7595,7596
4615,4614,7596,15588
4303,4615,7596,7597
4616,4615,7597,15541,269
4303,4616,7597,7604
4602,4616,7598,15541,269
4616,4600,7598,7599
4616,4605,7599,7604
4608,4617,7600,8268
4617,4512,7600,7601
4617,4533,7601,7602
4617,4431,7602,7603
4617,4303,7603,7605
4303,4605,7604,7605
4617,4605,7605,8267
4549,4618,7606,7740
4618,4550,7606,7607
4618,4559,7607,7608
4618,4560,7608,7615
4560,4434,7609,7610
4560,4435,7610,7611
4560,4436,7611,7612
4619,4436,7612,7753
4560,4619,7612,7613
4620,4619,7613,15491
4560,4620,7613,7614
4621,4620,7614,15539,285
4560,4621,7614,7615
4618,4621,7615,15539,285
4622,4623,7616,-1
4623,4585,7616,15665
4585,4622,7616,7620
4591,4622,7617,7784
4622,4592,7617,7621
4592,4589,7618,7619
4592,4588,7619,7621
4588,4622,7620,7621
4624,4625,7622,15443
4625,4473,7622,15535,193
4473,4624,7622,7623
4626,4624,7623,8394
4473,4626,7623,7641
4627,4628,7624,8407
4628,4626,7624,8394
4626,4627,7624,7625
4629,4627,7625,8393
4626,4629,7625,7626
4630,4629,7626,8392
4626,4630,7626,7627
4631,4630,7627,8391
4626,4631,7627,7628
4632,4631,7628,8005
4626,4632,7628,7629
4485,4632,7629,8006
4626,4485,7629,7630
4626,4486,7630,7642
4486,4483,7631,7632
4486,4480,7632,7642
4481,4508,7633,7634
4481,4478,7634,7635
4481,4479,7635,7636
4481,4477,7636,7637
4481,4476,7637,7638
4481,4475,7638,7639
4481,4472,7639,7640
4481,4473,7640,7641
4481,4626,7641,7643
4626,4480,7642,7643
4594,4633,7644,15509
4633,4587,7644,7645
4634,4587,7645,15638
4633,4634,7645,7646
4439,4634,7646,15641
4633,4439,7646,7647
4635,4439,7647,15533,285
4633,4635,7647,15509
4450,4453,7648,7654
4453,4455,7649,7650
4453,4564,7650,7651
4453,4578,7651,7652
4453,4579,7652,7653
4453,4577,7653,7654
4518,4636,7655,7662
4636,4517,7655,7656
4636,4514,7656,7657
4637,4514,7657,15604
4636,4637,7657,7658
4638,4637,7658,15530,269
4636,4638,7658,7659
4639,4638,7659,7760
4636,4639,7659,7660
4640,4639,7660,7760
4636,4640,7660,7661
4641,4640,7661,15532,269
4636,4641,7661,15529,269
4540,4636,7662,15525,269
4518,4540,7662,15605
963,4529,7663,7667
4529,4070,7664,7665
960,4070,7665,7906
4529,960,7665,7666
4529,961,7666,7667
3427,3634,7668,7669
3427,3637,7669,7670
3427,3636,7670,7697
3636,3639,7671,7698
3639,3641,7672,7673
3639,3640,7673,7674
3639,3643,7674,7675
4642,3643,7675,8764
3639,4642,7675,7676
4643,4642,7676,8765
3639,4643,7676,7677
347,4643,7677,8766
3639,347,7677,7699
347,349,7678,7699
349,351,7679,7680
349,350,7680,7700
4644,354,7681,-1847
355,4644,7681,7703
356,4644,7682,-1847
4644,358,7682,7683
4644,361,7683,7684
4644,360,7684,7685
4644,359,7685,7686
4644,363,7686,7704
363,365,7687,7688
3436,365,7688,-1
363,3436,7688,7689
363,3434,7689,7690
363,3433,7690,7691
363,3432,7691,7692
363,3430,7692,7693
363,3431,7693,7705
3431,3428,7694,7695
3431,3426,7695,7696
3431,3427,7696,7697
3431,3636,7697,7698
3431,3639,7698,7706
3639,349,7699,7700
3639,350,7700,7701
3639,352,7701,7702
3639,353,7702,7706
353,4644,7703,7704
353,363,7704,7705
353,3431,7705,7706
4388,4538,7707,7708
4645,4538,7708,7730
4388,4645,7708,7724
4646,4647,7709,15598
4647,4645,7709,7729
4645,4646,7709,7710
4648,4646,7710,15493
4645,4648,7710,7711
4649,4648,7711,15494
4645,4649,7711,7727
4650,4651,7712,15497
4651,4652,7712,15496
4652,4650,7712,7713
4653,4650,7713,15483
4652,4653,7713,7714
4654,4653,7714,15484
4652,4654,7714,7715
4655,4654,7715,8019
4652,4655,7715,7716
4656,4655,7716,8099
4652,4656,7716,7717
4657,4656,7717,8099
4652,4657,7717,7725
4658,4659,7718,8289
4659,4660,7718,8105
4660,4658,7718,7719
4661,4658,7719,7969
4660,4661,7719,7720
4509,4661,7720,7761
4660,4509,7720,7721
4660,4390,7721,7722
4660,4389,7722,7723
4660,4388,7723,7724
4660,4645,7724,7726
4652,4649,7725,15495
4649,4657,7725,7727
4660,4657,7726,8105
4657,4645,7726,7727
4647,4662,7728,15603
4662,4536,7728,15597
4536,4647,7728,7729
4536,4645,7729,7731
4645,4537,7730,7731
943,945,7732,7733
942,945,7733,7825
4064,4334,7734,7735
4663,4334,7735,7948
4064,4663,7735,7736
4066,4663,7736,7778
4664,4665,7737,15518,285
4665,4618,7737,15519,285
4618,4664,7737,7738
4547,4664,7738,7742
4618,4547,7738,7740
4547,4549,7739,7740
4546,4635,7741,15534
4635,4547,7741,7742
4635,4664,7742,15503,285
235,4332,7743,7775
4331,235,7743,7744
4331,234,7744,7745
4666,234,7745,8067
4331,4666,7745,7759
4667,4668,7746,8059
4668,4669,7746,8063
4669,4667,7746,7747
4670,4667,7747,7890
4669,4670,7747,7748
4671,4670,7748,7891
4669,4671,7748,7749
4672,4671,7749,7804
4669,4672,7749,7756
4673,4674,7750,7751,285
4674,4672,7750,7803
4672,4673,7750,7757
4673,4675,7751,7758,285
4675,4674,7751,7752
4619,4674,7752,15491
4675,4619,7752,7753
4675,4436,7753,7754
4675,4330,7754,7755
4675,4331,7755,7758
4669,4666,7756,8063
4666,4672,7756,7757
4666,4673,7757,7759
4673,4331,7758,7759
4640,4638,7760,15501,269
4676,4661,7761,7969
4509,4676,7761,7762
4510,4676,7762,7936
4677,4678,7763,8124
4678,4679,7763,15476
4679,4677,7763,7764
977,4677,7764,8149
4679,977,7764,7765
4679,976,7765,7766
4679,975,7766,7767
4679,4524,7767,7774
4524,4527,7768,7769
4524,4526,7769,7770
4680,4526,7770,15523
4524,4680,7770,7771
4681,4680,7771,15522
4524,4681,7771,7772
4682,4681,7772,7881
4524,4682,7772,7773
4683,4682,7773,15492,269
4524,4683,7773,7774
4679,4683,7774,15476
4333,235,7775,7776
4333,287,7776,7777
4067,4663,7778,7779
4684,4663,7779,7947
4067,4684,7779,7780
4685,4684,7780,7946
4067,4685,7780,7781
4686,4685,7781,7924
4067,4686,7781,7782
4687,4686,7782,7924
4067,4687,7782,7783
4068,4687,7783,7913
4593,4622,7784,7785
4688,4622,7785,-1
4593,4688,7785,7786
4689,4688,7786,7820
4593,4689,7786,7787
4690,4689,7787,7819
4593,4690,7787,7788
4691,4690,7788,7818
4593,4691,7788,15507
950,954,7789,7799
4692,953,7790,7852
954,4692,7790,7791
4693,4692,7791,8150
954,4693,7791,7800
986,4694,7792,8152
4694,4693,7792,8153
4693,986,7792,7793
4693,987,7793,7794
4695,987,7794,7976
4693,4695,7794,7795
947,4695,7795,7826
4693,947,7795,7796
4693,948,7796,7797
4696,948,7797,7884
4693,4696,7797,7798
4697,4696,7798,7883
4693,4697,7798,7800
950,4698,7799,7882
4698,954,7799,7801
954,4697,7800,7801
4698,4697,7801,7882
4699,4620,7802,15490,285
4620,4700,7802,15537
4700,4699,7802,7809
4674,4699,7803,15490,285
4699,4672,7803,7804
4699,4671,7804,7805
4701,4671,7805,7892
4699,4701,7805,7806
4702,4701,7806,7893
4699,4702,7806,7810
4703,4704,7807,15511
4704,4702,7807,15512
4702,4703,7807,7810
4700,4705,7808,15537
4705,4703,7808,15510
4703,4700,7808,7809
4703,4699,7809,7810
4706,4707,7811,15546
4707,4495,7811,15545
4495,4706,7811,7812
4708,4706,7812,15547
4495,4708,7812,7813
4709,4708,7813,7896
4495,4709,7813,7814
4710,4709,7814,7895
4495,4710,7814,7817
4711,4712,7815,7894
4712,4710,7815,7895
4710,4711,7815,7816
4496,4711,7816,-569
4710,4496,7816,7817
4691,4713,7818,15506
4713,4690,7818,7819
4713,4689,7819,7824
4714,4688,7820,-1
4689,4714,7820,7821
4715,4714,7821,7928
4689,4715,7821,7822
4716,4715,7822,7928
4689,4716,7822,7823
4717,4716,7823,7871
4689,4717,7823,7824
4713,4717,7824,15515
942,944,7825,7829
944,4695,7826,7827
989,4695,7827,7975
944,989,7827,7828
944,939,7828,7829
956,959,7830,7855
4718,4719,7831,8079
4719,959,7831,7910
959,4718,7831,7832
4720,4718,7832,8300
959,4720,7832,7856
4721,4722,7833,8310
4722,4720,7833,8311
4720,4721,7833,7870
4723,4724,7834,8308
4724,4721,7834,8309
4721,4723,7834,7868
4725,4726,7835,9196
4726,4727,7835,8306
4727,4725,7835,7836
4728,4725,7836,9265
4727,4728,7836,7857
4729,4730,7837,9406
4730,4731,7837,9274
4731,4729,7837,7838
4732,4729,7838,9259
4731,4732,7838,7839
4733,4732,7839,9025
4731,4733,7839,7840
4734,4733,7840,9024
4731,4734,7840,7859
4735,4736,7841,8732
4736,4734,7841,9023
4734,4735,7841,7860
4737,4738,7842,8731
4738,4735,7842,8732
4735,4737,7842,7843
4739,4737,7843,8730
4735,4739,7843,7861
4740,4741,7844,8583
4741,4739,7844,8730
4739,4740,7844,7845
4742,4740,7845,8582
4739,4742,7845,7846
4743,4742,7846,8497
4739,4743,7846,7862
4744,4745,7847,8417
4745,4743,7847,8498
4743,4744,7847,7869
4746,4747,7848,8580
4747,4748,7848,8419
4748,4746,7848,7849
4749,4746,7849,8507
4748,4749,7849,7863
4750,4751,7850,8258
4751,4749,7850,8507
4749,4750,7850,7864
4692,4752,7851,8150
4752,4753,7851,8257
4753,4692,7851,7852
4753,953,7852,7853
4753,952,7853,7854
4753,955,7854,7866
955,959,7855,7856
955,4720,7856,7867
4727,4723,7857,8307
4723,4728,7857,7858
4731,4728,7858,9275
4723,4731,7858,7859
4723,4734,7859,7860
4723,4735,7860,7861
4723,4739,7861,7862
4723,4743,7862,7868
4748,4744,7863,8419
4744,4749,7863,7864
4744,4750,7864,7865
4753,4750,7865,8257
4744,4753,7865,7866
4744,955,7866,7867
4744,4720,7867,7869
4721,4743,7868,7870
4743,4720,7869,7870
4717,4754,7871,15514
4754,4716,7871,7872
4755,4716,7872,7934
4754,4755,7872,7875
4756,4757,7873,8052
4757,4755,7873,7983
4755,4756,7873,7874
4758,4756,7874,7887
4755,4758,7874,7875
4754,4758,7875,7886
4574,4570,7876,7877
4574,4569,7877,7878
4574,4568,7878,7879
4573,4568,7879,7960
4759,4760,7880,15481,269
4760,4681,7880,15521
4681,4759,7880,7881
4682,4759,7881,15481,269
950,4697,7882,7883
950,4696,7883,7885
4696,949,7884,7885
4754,4702,7886,15513
4702,4758,7886,7887
4702,4756,7887,7888
4761,4756,7888,8052
4702,4761,7888,7889
4762,4761,7889,8061
4702,4762,7889,7893
4667,4762,7890,8060
4762,4670,7890,7891
4762,4671,7891,7892
4762,4701,7892,7893
4711,4493,7894,-569
4493,4712,7894,7905
4712,4709,7895,7905
4763,4708,7896,15547
4709,4763,7896,7897
4764,4763,7897,8073
4709,4764,7897,7898
4765,4764,7898,8072
4709,4765,7898,7899
4766,4765,7899,7997
4709,4766,7899,7900
4767,4766,7900,8014
4709,4767,7900,7901
4768,4767,7901,7996
4709,4768,7901,7902
4769,4768,7902,7996
4709,4769,7902,7903
4494,4769,7903,7995
4709,4494,7903,7904
4709,4493,7904,7905
960,4069,7906,7907
4770,4069,7907,7916
960,4770,7907,7911
4771,4772,7908,7982
4772,4770,7908,7916
4770,4771,7908,7909
4719,4771,7909,8074
4770,4719,7909,7912
4719,958,7910,7912
958,4770,7911,7912
4069,4687,7913,7914
4773,4687,7914,7927
4069,4773,7914,7915
4772,4773,7915,7978
4069,4772,7915,7916
936,940,7917,7923
940,935,7918,7919
940,934,7919,7920
940,933,7920,7921
940,938,7921,7922
940,937,7922,7923
4687,4685,7924,7925
4774,4685,7925,7946
4687,4774,7925,7926
4775,4774,7926,8036
4687,4775,7926,7927
4773,4775,7927,7978
4716,4714,7928,7929
4776,4714,7929,-1
4716,4776,7929,7930
4777,4776,7930,8262
4716,4777,7930,7935
4778,4779,7931,8108
4779,4777,7931,8265
4777,4778,7931,7932
4780,4778,7932,7985
4777,4780,7932,7933
4781,4780,7933,7984
4777,4781,7933,7935
4755,4781,7934,7983
4781,4716,7934,7935
4782,4676,7936,7974
4510,4782,7936,7937
4783,4782,7937,7973
4510,4783,7937,7938
4784,4783,7938,8280
4510,4784,7938,7942
4612,4785,7939,8286
4785,4784,7939,8287
4784,4612,7939,7940
4784,4512,7940,7941
4784,4511,7941,7942
4334,285,7943,7944
4786,285,7944,8037
4334,4786,7944,7945
4774,4786,7945,8036
4334,4774,7945,7948
4774,4684,7946,7947
4774,4663,7947,7948
4787,4788,7949,8796
4788,4789,7949,15657
4789,4787,7949,7950
4790,4787,7950,9035
4789,4790,7950,7951
4791,4790,7951,9043
4789,4791,7951,7952
4792,4791,7952,9038
4789,4792,7952,7953
4793,4792,7953,9038
4789,4793,7953,7968
4794,4795,7954,9157
4795,4793,7954,9039
4793,4794,7954,7955
4796,4794,7955,15409
4793,4796,7955,7956
4797,4796,7956,8322
4793,4797,7956,7957
4798,4797,7957,8437
4793,4798,7957,7958
4567,4798,7958,8438
4793,4567,7958,7959
4793,4568,7959,7960
4793,4573,7960,7961
4793,4572,7961,7962
4799,4572,7962,15648
4793,4799,7962,7963
4800,4799,7963,15647
4793,4800,7963,7964
4375,4800,7964,15647
4793,4375,7964,7965
4801,4375,7965,15479,193
4793,4801,7965,7966
4802,4801,7966,15479,193
4793,4802,7966,7968
4789,4372,7967,15657
4372,4802,7967,15478,193
4802,4789,7967,7968
4676,4658,7969,7970
4803,4658,7970,8289
4676,4803,7970,7971
4804,4803,7971,8296
4676,4804,7971,7974
4783,4805,7972,8280
4805,4804,7972,8281
4804,4783,7972,7973
4804,4782,7973,7974
990,4695,7975,7976
990,987,7976,7977
4772,4775,7978,7979
4806,4775,7979,8049
4772,4806,7979,7980
4807,4806,7980,8048
4772,4807,7980,7981
4808,4807,7981,8154
4772,4808,7981,7982
4771,4808,7982,8074
4757,4781,7983,7984
4757,4780,7984,7991
4809,4778,7985,8107
4780,4809,7985,7986
4810,4809,7986,8106
4780,4810,7986,7987
4811,4810,7987,8106
4780,4811,7987,7991
4812,4813,7988,8054
4813,4811,7988,8115
4811,4812,7988,7989
4814,4812,7989,8062
4811,4814,7989,7990
4757,4814,7990,8053
4811,4757,7990,7991
4815,4816,7992,-2010
4816,4817,7992,-2010
4817,4815,7992,7993
4818,4815,7993,-2010
4817,4818,7993,7994
4819,4818,7994,-2010
4817,4819,7994,-2010
4491,4769,7995,8012
4769,4767,7996,8013
4820,4765,7997,8071
4766,4820,7997,7998
4821,4820,7998,8070
4766,4821,7998,7999
4822,4821,7999,8551
4766,4822,7999,8000
4823,4822,8000,8552
4766,4823,8000,8001
4824,4823,8001,8519
4766,4824,8001,8002
4825,4824,8002,8519
4766,4825,8002,8003
4826,4825,8003,8520
4766,4826,8003,8015
4631,4827,8004,8390
4827,4826,8004,8520
4826,4631,8004,8005
4826,4632,8005,8006
4826,4485,8006,8007
4826,4487,8007,8008
4828,4487,8008,-569
4826,4828,8008,8009
4489,4828,8009,-569
4826,4489,8009,8015
4489,4492,8010,8011
4489,4491,8011,8012
4489,4769,8012,8013
4489,4767,8013,8014
4489,4766,8014,8015
4829,4683,8016,15492
4683,4830,8016,15475,269
4830,4829,8016,8017
4831,4829,8017,15486
4830,4831,8017,8031
4654,4832,8018,15484
4832,4833,8018,15485
4833,4654,8018,8019
4833,4655,8019,8020
4834,4655,8020,8100
4833,4834,8020,8033
4835,4836,8021,-904
4836,4837,8021,8102
4837,4835,8021,8022
4838,4835,8022,-9001
4837,4838,8022,8023
4839,4838,8023,8439
4837,4839,8023,8024
4840,4839,8024,8705
4837,4840,8024,8025
4841,4840,8025,8749
4837,4841,8025,8026
4842,4841,8026,8685
4837,4842,8026,8027
4843,4842,8027,8682
4837,4843,8027,8028
4844,4843,8028,15366
4837,4844,8028,8029
4845,4844,8029,15373
4837,4845,8029,8030
4846,4845,8030,15373
4837,4846,8030,8034
4830,4847,8031,15474
4847,4831,8031,8032
4833,4831,8032,15485
4847,4833,8032,8033
4847,4834,8033,8035
4837,4834,8034,8101
4834,4846,8034,8035
4847,4846,8035,15473
4775,4786,8036,8037
4775,285,8037,8038
4775,282,8038,8039
4775,283,8039,8040
4848,283,8040,8094
4775,4848,8040,8041
4849,4848,8041,8093
4775,4849,8041,8042
4850,4849,8042,8592
4775,4850,8042,8043
4851,4850,8043,8091
4775,4851,8043,8044
4852,4851,8044,8648
4775,4852,8044,8050
4853,4854,8045,8464
4854,4852,8045,8668
4852,4853,8045,8050
4855,4856,8046,8352
4856,4857,8046,8463
4857,4855,8046,8047
4807,4855,8047,8154
4857,4807,8047,8048
4857,4806,8048,8049
4857,4775,8049,8051
4775,4853,8050,8051
4857,4853,8051,8463
4761,4757,8052,8053
4761,4814,8053,8061
4858,4813,8054,8114
4812,4858,8054,8055
4859,4858,8055,8113
4812,4859,8055,8056
4860,4859,8056,8160
4812,4860,8056,8057
4861,4860,8057,8065
4812,4861,8057,8058
4668,4861,8058,8064
4812,4668,8058,8059
4812,4667,8059,8060
4812,4762,8060,8062
4762,4814,8061,8062
4666,4668,8063,8064
4666,4861,8064,8065
4666,4860,8065,8066
233,4860,8066,8160
4666,233,8066,8067
4862,4863,8068,15549
4863,4763,8068,15548
4763,4862,8068,8069
4864,4862,8069,15549
4763,4864,8069,8073
4821,4864,8070,15550
4864,4820,8070,8071
4864,4765,8071,8072
4864,4764,8072,8073
4719,4808,8074,8075
4865,4808,8075,8158
4719,4865,8075,8076
4866,4865,8076,8312
4719,4866,8076,8077
4867,4866,8077,8316
4719,4867,8077,8080
4868,4869,8078,8301
4869,4867,8078,8346
4867,4868,8078,8080
4718,4868,8079,8300
4868,4719,8079,8080
283,281,8081,8082
283,279,8082,8083
283,277,8083,8084
283,278,8084,8095
278,275,8085,8086
278,272,8086,8087
4870,272,8087,8901
278,4870,8087,8088
4871,4870,8088,8901
278,4871,8088,8089
4872,4871,8089,8866
278,4872,8089,8096
4851,4873,8090,8648
4873,4872,8090,8866
4872,4851,8090,8091
4872,4850,8091,8092
4874,4850,8092,8592
4872,4874,8092,8096
4849,4875,8093,8590
4875,4848,8093,8094
4875,283,8094,8095
4875,278,8095,8098
278,4874,8096,8097
4876,4874,8097,8591
278,4876,8097,8098
4875,4876,8098,8590
4657,4655,8099,8100
4657,4834,8100,8101
4657,4837,8101,8102
4657,4836,8102,8103
4877,4836,8103,-9096
4657,4877,8103,8104
4659,4877,8104,8290
4657,4659,8104,8105
4811,4809,8106,8107
4811,4778,8107,8108
4811,4779,8108,8116
256,4878,8109,8423
4878,4779,8109,8265
4779,256,8109,8110
4779,253,8110,8117
4879,4880,8111,8500
4880,253,8111,8700
253,4879,8111,8117
4859,4881,8112,8161
4881,4882,8112,8504
4882,4859,8112,8113
4882,4858,8113,8114
4882,4813,8114,8115
4882,4811,8115,8116
4882,4779,8116,8119
4779,4879,8117,8118
4883,4879,8118,8499
4779,4883,8118,8119
4882,4883,8119,8499
4884,4885,8120,8424
4885,4830,8120,15474,269
4830,4884,8120,8121
4886,4884,8121,8449
4830,4886,8121,8122
4887,4886,8122,8448
4830,4887,8122,8123
4677,4887,8123,8149
4830,4677,8123,8124
4830,4678,8124,15475
981,983,8125,8126
4888,983,8126,8132
981,4888,8126,8127
4889,4888,8127,8176
981,4889,8127,8128
4890,4889,8128,8416
981,4890,8128,8129
4891,4890,8129,8340
981,4891,8129,8130
980,4891,8130,8275
4888,985,8131,8177
982,4888,8131,8132
4445,4443,8133,8134
4445,4557,8134,8135
4445,4556,8135,8136
4445,4555,8136,8141
4892,4554,8137,15798
4553,4892,8137,8138
4893,4892,8138,15799
4553,4893,8138,8139
4894,4893,8139,15799
4553,4894,8139,8142
4445,4895,8140,15801
4895,4894,8140,15800
4894,4445,8140,8141
4894,4555,8141,8142
977,979,8143,8144
4896,979,8144,8279
977,4896,8144,8145
4897,4896,8145,8279
977,4897,8145,8146
4898,4897,8146,8455
977,4898,8146,8147
4899,4898,8147,8641
977,4899,8147,8148
4887,4899,8148,8447
977,4887,8148,8149
4693,4752,8150,8153
986,4900,8151,8172
4900,4752,8151,8261
4752,986,8151,8152
4752,4694,8152,8153
4808,4855,8154,8155
4901,4855,8155,8352
4808,4901,8155,8156
4902,4901,8156,8357
4808,4902,8156,8159
4903,4904,8157,8313
4904,4902,8157,8314
4902,4903,8157,8159
4865,4903,8158,8312
4903,4808,8158,8159
233,4859,8160,8161
233,4881,8161,8171
248,4905,8162,8503
4905,4881,8162,8504
4881,248,8162,8163
4881,244,8163,8164
4881,245,8164,8165
241,245,8165,8680
4881,241,8165,8166
4881,239,8166,8167
4881,240,8167,8171
240,237,8168,8169
240,236,8169,8170
240,233,8170,8171
985,4900,8172,8178
4906,4907,8173,8425
4907,4900,8173,8261
4900,4906,8173,8174
4908,4906,8174,8297
4900,4908,8174,8178
4889,4909,8175,8413
4909,4908,8175,8297
4908,4889,8175,8176
4908,4888,8176,8177
4908,985,8177,8178
4910,4911,8179,15333
4911,4912,8179,15334
4912,4910,8179,8227
4913,4914,8180,15455,193
4914,4915,8180,15332
4915,4913,8180,8181
317,4913,8181,15471,193
4915,317,8181,8182
4915,883,8182,8229
883,881,8183,8230
880,877,8184,8185
880,875,8185,8233
876,874,8186,8234
874,870,8187,8188
874,871,8188,8235
871,867,8189,8190
871,868,8190,8236
868,866,8191,8237
866,863,8192,8193
866,861,8193,8252
862,859,8194,8195
862,858,8195,8196
862,856,8196,8197
862,857,8197,8238
857,854,8198,8238
4916,852,8199,15314
854,4916,8199,8200
4917,4916,8200,15313
854,4917,8200,8201
4918,4917,8201,15312
854,4918,8201,8202
4919,4918,8202,15795
854,4919,8202,8203
4920,4919,8203,15795
854,4920,8203,8204
4921,4920,8204,15794
854,4921,8204,8205
4922,4921,8205,15793
854,4922,8205,8206
4923,4922,8206,15792
854,4923,8206,8239
4924,4925,8207,9285
4925,4923,8207,9284
4923,4924,8207,8239
4926,4927,8208,9286
4927,4924,8208,9285
4924,4926,8208,8240
4928,4929,8209,9289
4929,4930,8209,9288
4930,4928,8209,8255
4931,4932,8210,9291
4932,4928,8210,9290
4928,4931,8210,8242
4933,4934,8211,15791
4934,4931,8211,9283
4931,4933,8211,8212
4935,4933,8212,15790
4931,4935,8212,8242
4936,4937,8213,15789
4937,4935,8213,15790
4935,4936,8213,8214
4938,4936,8214,15788
4935,4938,8214,8215
4939,4938,8215,8482
4935,4939,8215,8243
4940,4941,8216,15820
4941,4942,8216,15784
4942,4940,8216,8217
4943,4940,8217,15819
4942,4943,8217,8218
4944,4943,8218,15783
4942,4944,8218,8219
4945,4944,8219,15782
4942,4945,8219,8220
4946,4945,8220,15782
4942,4946,8220,8245
4415,4946,8221,15781
4946,4418,8221,8246
4947,4948,8222,15770
4948,4418,8222,15771
4418,4947,8222,8247
4949,4950,8223,15769
4950,4947,8223,15770
4947,4949,8223,8224
4951,4949,8224,15768
4947,4951,8224,8225
3654,4951,8225,15767
4947,3654,8225,8226
4952,3654,8226,15444,193
4947,4952,8226,8248
4912,4952,8227,15444,193
4952,4910,8227,8228
4953,4910,8228,15333
4952,4953,8228,8249
4915,4953,8229,15332
4953,883,8229,8230
4953,881,8230,8231
4953,879,8231,8232
4953,880,8232,8233
4953,875,8233,8250
875,874,8234,8235
875,871,8235,8236
875,868,8236,8237
875,866,8237,8251
862,854,8238,8253
854,4924,8239,8240
854,4926,8240,8241
4954,4926,8241,9286
854,4954,8241,8253
4928,4935,8242,8243
4928,4939,8243,8244
4942,4939,8244,15784
4928,4942,8244,8245
4928,4946,8245,8246
4928,4418,8246,8247
4928,4947,8247,8248
4928,4952,8248,8249
4928,4953,8249,8250
4928,875,8250,8251
4928,866,8251,8252
4928,861,8252,8255
862,4954,8253,8254
4930,4954,8254,9287
862,4930,8254,8256
4930,861,8255,8256
4752,4750,8257,8258
4752,4751,8258,8259
4955,4751,8259,8513
4752,4955,8259,8260
4907,4955,8260,8425
4752,4907,8260,8261
4956,4776,8262,-1
4777,4956,8262,8263
4957,4956,8263,8420
4777,4957,8263,8264
4878,4957,8264,8423
4777,4878,8264,8265
4601,4604,8266,8273
4603,4617,8267,8268
4603,4608,8268,8269
4603,4607,8269,8270
4958,4607,8270,8361
4603,4958,8270,8271
4959,4958,8271,8362
4603,4959,8271,8272
4960,4959,8272,8362
4603,4960,8272,8274
4601,4960,8273,15589
4960,4604,8273,8274
979,4891,8275,8276
4961,4891,8276,8345
979,4961,8276,8277
4962,4961,8277,8451
979,4962,8277,8278
4897,4962,8278,8455
979,4897,8278,8279
4784,4805,8280,8287
4963,4804,8281,8296
4805,4963,8281,8282
4964,4963,8282,8489
4805,4964,8282,8283
4965,4964,8283,8565
4805,4965,8283,8284
4610,4965,8284,8564
4805,4610,8284,8285
4805,4611,8285,8288
4611,4785,8286,8288
4785,4805,8287,8288
4803,4659,8289,8290
4803,4877,8290,8291
4838,4877,8291,-9096
4803,4838,8291,8292
4966,4838,8292,8439
4803,4966,8292,8293
4967,4966,8293,8484
4803,4967,8293,8294
4968,4967,8294,8490
4803,4968,8294,8295
4963,4968,8295,8489
4803,4963,8295,8296
4909,4906,8297,8298
4969,4906,8298,8433
4909,4969,8298,8299
4970,4969,8299,8492
4909,4970,8299,8413
4720,4868,8300,8301
4720,4869,8301,8302
4971,4869,8302,8351
4720,4971,8302,8311
4972,4973,8303,8815
4973,4971,8303,8350
4971,4972,8303,8304
4974,4972,8304,8824
4971,4974,8304,8305
4726,4974,8305,9188
4971,4726,8305,8306
4971,4727,8306,8307
4971,4723,8307,8308
4971,4724,8308,8309
4971,4721,8309,8310
4971,4722,8310,8311
4866,4903,8312,8313
4866,4904,8313,8316
4975,4902,8314,8357
4904,4975,8314,8315
4867,4975,8315,8346
4904,4867,8315,8316
4976,4977,8317,15621
4977,4978,8317,15536
4978,4976,8317,8334
4979,4980,8318,15636
4980,4976,8318,15621
4976,4979,8318,8319
4981,4979,8319,15620
4976,4981,8319,8320
4982,4981,8320,15620
4976,4982,8320,8335
4797,4983,8321,8436
4983,4984,8321,15617
4984,4797,8321,8336
4985,4796,8322,15408
4797,4985,8322,8323
4986,4985,8323,15407
4797,4986,8323,8324
4987,4986,8324,15406
4797,4987,8324,8337
4988,4989,8325,15424
4989,4987,8325,15406
4987,4988,8325,8326
4990,4988,8326,15405
4987,4990,8326,8327
4991,4990,8327,15405
4987,4991,8327,8328
4992,4991,8328,15422
4987,4992,8328,8329
4993,4992,8329,15404
4987,4993,8329,8330
4994,4993,8330,15403
4987,4994,8330,8331
4995,4994,8331,15402
4987,4995,8331,8338
4625,4996,8332,15443,193
4996,4995,8332,15401
4995,4625,8332,8333
4978,4625,8333,15536
4995,4978,8333,8334
4995,4976,8334,8335
4995,4982,8335,8338
4984,4997,8336,15618
4997,4797,8336,8337
4997,4987,8337,8339
4987,4982,8338,8339
4997,4982,8339,15619
4998,4890,8340,8416
4891,4998,8340,8341
4999,4998,8341,8456
4891,4999,8341,8342
5000,4999,8342,8461
4891,5000,8342,8343
5001,5000,8343,8597
4891,5001,8343,8345
4961,5002,8344,8451
5002,5001,8344,8452
5001,4961,8344,8345
4869,4975,8346,8351
5003,5004,8347,8616
5004,4975,8347,8356
4975,5003,8347,8348
5005,5003,8348,8816
4975,5005,8348,8349
4973,5005,8349,8815
4975,4973,8349,8350
4975,4971,8350,8351
4901,4856,8352,8353
5006,4856,8353,8467
4901,5006,8353,8354
5007,5006,8354,8514
4901,5007,8354,8355
5004,5007,8355,8609
4901,5004,8355,8356
4901,4975,8356,8357
4609,5008,8358,8575
5008,5009,8358,8632
5009,4609,8358,8359
5009,4606,8359,8360
5009,4607,8360,8361
5009,4958,8361,8368
4958,4960,8362,8363
5010,4960,8363,15589
4958,5010,8363,8364
5011,5010,8364,15592
4958,5011,8364,8365
5012,5011,8365,15441,269
4958,5012,8365,8366
5013,5012,8366,15440,269
4958,5013,8366,8367
5014,5013,8367,15439,269
4958,5014,8367,8368
5009,5014,8368,8633
5015,5016,8369,9665
5016,5017,8369,10045
5017,5015,8369,8401
5018,5019,8370,9666
5019,5015,8370,9665
5015,5018,8370,8402
5020,5021,8371,9668
5021,5018,8371,9667
5018,5020,8371,8411
779,5022,8372,9653
5022,780,8372,8373
5022,776,8373,8374
5022,777,8374,8375
5022,778,8375,8376
5022,811,8376,8377
5022,771,8377,8378
5023,771,8378,8382,193
5022,5023,8378,8379
5024,5023,8379,8381,193
5022,5024,8379,8380
5025,5024,8380,8381,193
5022,5025,8380,8403
5025,5023,8381,8404
5023,770,8382,8383
5023,768,8383,8404
5026,769,8384,8524
768,5026,8384,8405
5027,5028,8385,8555
5028,5026,8385,8524
5026,5027,8385,8386
5029,5027,8386,8523
5026,5029,8386,8387
5030,5029,8387,8523
5026,5030,8387,8388
5031,5030,8388,8522
5026,5031,8388,8389
4827,5031,8389,8521
5026,4827,8389,8390
5026,4631,8390,8391
5026,4630,8391,8392
5026,4629,8392,8393
5026,4627,8393,8406
4628,4624,8394,8395
4996,4624,8395,15443
4628,4996,8395,8396
5032,4996,8396,15400,193
4628,5032,8396,8397
5033,5032,8397,15399,193
4628,5033,8397,8407
5034,5035,8398,15398,193
5035,5033,8398,15399,193
5033,5034,8398,8399
5036,5034,8399,15397,193
5033,5036,8399,8408
5037,5038,8400,15419,193
5038,5036,8400,15397,193
5036,5037,8400,8409
5017,5037,8401,15396,193
5037,5015,8401,8402
5037,5018,8402,8410
5022,5020,8403,9653
5020,5025,8403,8412
5025,768,8404,8405
5025,5026,8405,8406
5025,4627,8406,8412
4627,5033,8407,8408
4627,5036,8408,8409
4627,5037,8409,8410
4627,5018,8410,8411
4627,5020,8411,8412
4889,4970,8413,8414
5039,4970,8414,8496
4889,5039,8414,8415
4998,5039,8415,8456
4889,4998,8415,8416
5040,4745,8417,8498
4744,5040,8417,8418
4747,5040,8418,8580
4744,4747,8418,8419
258,4956,8420,-1
4957,258,8420,8421
4957,257,8421,8422
4957,256,8422,8423
4884,5041,8424,8450
5041,4885,8424,15377,269
4906,4955,8425,8426
5042,4955,8426,8513
4906,5042,8426,8427
5043,5042,8427,8728
4906,5043,8427,8428
5044,5043,8428,8881
4906,5044,8428,8429
5045,5044,8429,8798
4906,5045,8429,8434
5046,5047,8430,8718
5047,5045,8430,8797
5045,5046,8430,8434
5048,5049,8431,8493
5049,5046,8431,8717
5046,5048,8431,8432
4969,5048,8432,8492
5046,4969,8432,8433
5046,4906,8433,8434
4983,4566,8435,15616
4565,4983,8435,8436
4565,4797,8436,8437
4565,4798,8437,8438
4966,4839,8439,8440
5050,4839,8440,8708
4966,5050,8440,8441
5051,5050,8441,8485
4966,5051,8441,8484
5052,5053,8442,15370,269
5053,5054,8442,15371,269
5054,5052,8442,8443
5055,5052,8443,8832
5054,5055,8443,8444
5056,5055,8444,8790
5054,5056,8444,8445
5057,5056,8445,8686
5054,5057,8445,8446
4899,5057,8446,8646
5054,4899,8446,8447
5054,4887,8447,8448
5054,4886,8448,8449
5054,4884,8449,8450
5054,5041,8450,15372,269
4962,5002,8451,8452
4962,5001,8452,8453
5058,5001,8453,8593
4962,5058,8453,8454
4898,5058,8454,8605
4962,4898,8454,8455
4999,5039,8456,8457
5059,5039,8457,8495
4999,5059,8457,8458
5060,5059,8458,8494
4999,5060,8458,8462
5061,5062,8459,8715
5062,5060,8459,8716
5060,5061,8459,8462
5000,5063,8460,8597
5063,5061,8460,8715
5061,5000,8460,8461
5061,4999,8461,8462
4856,4853,8463,8464
4856,4854,8464,8468
5064,5065,8465,8515
5065,4854,8465,8667
4854,5064,8465,8468
5006,5066,8466,8514
5066,5064,8466,8515
5064,5006,8466,8467
5064,4856,8467,8468
3644,3647,8469,8477
3647,3649,8470,8471
5067,3649,8471,8759
3647,5067,8471,8472
5068,5067,8472,8760
3647,5068,8472,8473
5069,5068,8473,8761
3647,5069,8473,8474
5070,5069,8474,8761
3647,5070,8474,8477
3642,5071,8475,8763
5071,5070,8475,8762
5070,3642,8475,8476
5070,3644,8476,8477
5072,5073,8478,15831
5073,5074,8478,15786
5074,5072,8478,8479
5075,5072,8479,15822
5074,5075,8479,8480
5076,5075,8480,15787
5074,5076,8480,8481
4938,5076,8481,15787
5074,4938,8481,8482
5074,4939,8482,8483
5077,4939,8483,15785
5074,5077,8483,15786
4967,5051,8484,8491
5078,5050,8485,8708
5051,5078,8485,8486
5079,5078,8486,8567
5051,5079,8486,8487
5080,5079,8487,8567
5051,5080,8487,8488
4964,5080,8488,8566
5051,4964,8488,8491
4964,4968,8489,8490
4964,4967,8490,8491
4970,5048,8492,8493
4970,5049,8493,8496
5060,5049,8494,8716
5049,5059,8494,8495
5049,5039,8495,8496
5040,4742,8497,8581
4743,5040,8497,8498
4882,4879,8499,8500
4882,4880,8500,8505
249,4880,8501,8700
4880,250,8501,8505
250,248,8502,8503
250,4905,8503,8506
4905,4882,8504,8506
4882,250,8505,8506
4751,4746,8507,8508
5081,4746,8508,8589
4751,5081,8508,8509
5082,5081,8509,8588
4751,5082,8509,8510
5083,5082,8510,8587
4751,5083,8510,8511
5084,5083,8511,8723
4751,5084,8511,8512
5042,5084,8512,8729
4751,5042,8512,8513
5007,5066,8514,8518
5066,5065,8515,8516
5085,5065,8516,8666
5066,5085,8516,8517
5086,5085,8517,8736
5066,5086,8517,8518
5007,5086,8518,8609
4823,4825,8519,8553
4825,4827,8520,8521
4825,5031,8521,8522
4825,5030,8522,8554
5030,5027,8523,8563
5028,769,8524,8525
5028,767,8525,8526
5028,766,8526,8527
5087,766,8527,9733
5028,5087,8527,8528
5088,5087,8528,9734
5028,5088,8528,8555
5089,761,8529,-55
763,5089,8529,8530
5090,5089,8530,9753
763,5090,8530,8531
5091,5090,8531,9753
763,5091,8531,8557
5092,5093,8532,9641
5093,5094,8532,9747
5094,5092,8532,8533
5095,5092,8533,15247
5094,5095,8533,8534
5096,5095,8534,8535,29
5094,5096,8534,8559
5097,5095,8535,9325
5096,5097,8535,8560
5098,5099,8536,9331
5099,5097,8536,9325
5097,5098,8536,8561
5100,5101,8537,9329
5101,5102,8537,9330
5102,5100,8537,8538
5103,5100,8538,9458
5102,5103,8538,8539
5104,5103,8539,9458
5102,5104,8539,8540
5105,5104,8540,9457
5102,5105,8540,8541
5106,5105,8541,9457
5102,5106,8541,8542
5107,5106,8542,9213
5102,5107,8542,8543
5108,5107,8543,9214
5102,5108,8543,8544
5109,5108,8544,9298
5102,5109,8544,8545
5110,5109,8545,15555
5102,5110,8545,8546
5111,5110,8546,15554
5102,5111,8546,8547
5112,5111,8547,15553
5102,5112,8547,8548
5113,5112,8548,15552
5102,5113,8548,8549
5114,5113,8549,15551
5102,5114,8549,8550
4821,5114,8550,15550
5102,4821,8550,8551
5102,4822,8551,8552
5102,4823,8552,8553
5102,4825,8553,8554
5102,5030,8554,8562
5027,5088,8555,8556
763,5088,8556,9731
5027,763,8556,8557
5027,5091,8557,8558
5094,5091,8558,9754
5027,5094,8558,8559
5027,5096,8559,8560
5027,5097,8560,8561
5027,5098,8561,8563
5102,5098,8562,9331
5098,5030,8562,8563
4609,4965,8564,8565
4609,4964,8565,8566
4609,5080,8566,8576
5080,5078,8567,8577
5115,5116,8568,8977
5116,5078,8568,8707
5078,5115,8568,8569
5117,5115,8569,8625
5078,5117,8569,8570
5118,5117,8570,8626
5078,5118,8570,8578
5119,5120,8571,8628
5120,5118,8571,8627
5118,5119,8571,8572
5121,5119,8572,8628
5118,5121,8572,8573
5122,5121,8573,8629
5118,5122,8573,8579
5123,5124,8574,-903
5124,5122,8574,8629
5122,5123,8574,8579
5008,5123,8575,-903
5123,4609,8575,8576
5123,5080,8576,8577
5123,5078,8577,8578
5123,5118,8578,8579
4746,5040,8580,8581
4746,4742,8581,8582
4746,4740,8582,8589
5125,4741,8583,8735
4740,5125,8583,8584
5126,5125,8584,8804
4740,5126,8584,8585
5127,5126,8585,8724
4740,5127,8585,8586
5083,5127,8586,8723
4740,5083,8586,8587
4740,5082,8587,8588
4740,5081,8588,8589
4849,4876,8590,8591
4849,4874,8591,8592
5128,5001,8593,8602
5058,5128,8593,8594
5129,5128,8594,8757
5058,5129,8594,8595
5130,5129,8595,8756
5058,5130,8595,8596
5131,5130,8596,8606
5058,5131,8596,8605
5001,5063,8597,8602
5132,5133,8598,8710
5133,5063,8598,8722
5063,5132,8598,8599
5134,5132,8599,8709
5063,5134,8599,8600
5135,5134,8600,8709
5063,5135,8600,8601
5128,5135,8601,8750
5063,5128,8601,8602
5136,5137,8603,-647
5137,5138,8603,-568
5138,5136,8603,8604
5139,5136,8604,15570
5138,5139,8604,15586
4898,5131,8605,8608
5140,5130,8606,8755
5131,5140,8606,8607
5141,5140,8607,8690
5131,5141,8607,8608
4898,5141,8608,8641
5004,5086,8609,8610
5142,5086,8610,8736
5004,5142,8610,8611
5143,5142,8611,8744
5004,5143,8611,8612
5144,5143,8612,8743
5004,5144,8612,8616
5145,5146,8613,8893
5146,5144,8613,8742
5144,5145,8613,8614
5147,5145,8614,8892
5144,5147,8614,8615
5003,5147,8615,8816
5144,5003,8615,8616
5148,5149,8617,15358,269
5149,5150,8617,15347,269
5150,5148,8617,8618
5151,5148,8618,15346,269
5150,5151,8618,8634
5152,5153,8619,15344,269
5153,5154,8619,15345,269
5154,5152,8619,8635
5155,5156,8620,15357,269
5156,5152,8620,15344,269
5152,5155,8620,8636
5157,5158,8621,15241
5158,5155,8621,15356,269
5155,5157,8621,8622
5159,5157,8622,9227
5155,5159,8622,8623
5160,5159,8623,8979
5155,5160,8623,8624
5115,5160,8624,8978
5155,5115,8624,8625
5155,5117,8625,8626
5155,5118,8626,8627
5155,5120,8627,8637
5120,5121,8628,8638
5121,5124,8629,8630
5161,5124,8630,-904
5121,5161,8630,8631
5008,5161,8631,-904
5121,5008,8631,8632
5121,5009,8632,8639
5150,5014,8633,15347,269
5009,5150,8633,8634
5009,5151,8634,8639
5154,5162,8635,15345,269
5162,5152,8635,8636
5162,5155,8636,8637
5162,5120,8637,8638
5162,5121,8638,8640
5121,5151,8639,8640
5162,5151,8640,15346,269
4899,5141,8641,8647
5163,5164,8642,8699
5164,5141,8642,8690
5141,5163,8642,8643
5165,5163,8643,8689
5141,5165,8643,8644
5166,5165,8644,8688
5141,5166,8644,8647
5057,5167,8645,8686
5167,5166,8645,8687
5166,5057,8645,8646
5166,4899,8646,8647
4852,4873,8648,8649
5168,4873,8649,8873
4852,5168,8649,8650
5169,5168,8650,8872
4852,5169,8650,8651
5170,5169,8651,8871
4852,5170,8651,8674
5171,5172,8652,8942
5172,5170,8652,8870
5170,5171,8652,8669
5173,5174,8653,9143
5174,5171,8653,9144
5171,5173,8653,8669
5175,5176,8654,8911
5176,5173,8654,9143
5173,5175,8654,8655
5177,5175,8655,8910
5173,5177,8655,8670
5178,5179,8656,8909
5179,5177,8656,8910
5177,5178,8656,8671
5180,5181,8657,8908
5181,5178,8657,8909
5178,5180,8657,8672
5182,5183,8658,8914
5183,5184,8658,8915
5184,5182,8658,8673
5185,5186,8659,9142
5186,5182,8659,8913
5182,5185,8659,8660
5187,5185,8660,8958
5182,5187,8660,8661
5188,5187,8661,8967
5182,5188,8661,8662
5189,5188,8662,8957
5182,5189,8662,8663
5190,5189,8663,8739
5182,5190,8663,8673
5191,5192,8664,8738
5192,5190,8664,8739
5190,5191,8664,8665
5085,5191,8665,8737
5190,5085,8665,8666
5190,5065,8666,8667
5190,4854,8667,8668
5190,4852,8668,8677
5170,5173,8669,8670
5170,5177,8670,8671
5170,5178,8671,8672
5170,5180,8672,8674
5184,5190,8673,8676
4852,5180,8674,8675
5193,5180,8675,8908
4852,5193,8675,8677
5184,5193,8676,8915
5193,5190,8676,8677
288,243,8678,8679
288,241,8679,8680
288,245,8680,8681
5194,4843,8682,15367
4842,5194,8682,8683
5195,5194,8683,15368
4842,5195,8683,8684
5196,5195,8684,15307
4842,5196,8684,8685
4841,5196,8685,8749
5056,5167,8686,8687
5056,5166,8687,8688
5056,5165,8688,8689
5056,5163,8689,8698
5164,5140,8690,8691
5197,5140,8691,8754
5164,5197,8691,8692
5198,5197,8692,8754
5164,5198,8692,8693
5199,5198,8693,8993
5164,5199,8693,8694
5200,5199,8694,9000
5164,5200,8694,8695
5201,5200,8695,9044
5164,5201,8695,8696
5202,5201,8696,9049
5164,5202,8696,8697
5203,5202,8697,8838
5164,5203,8697,8699
5056,5203,8698,8790
5203,5163,8698,8699
249,253,8700,8701
249,254,8701,8702
249,255,8702,8703
249,252,8703,8704
5204,4840,8705,8745
4839,5204,8705,8706
5116,5204,8706,8976
4839,5116,8706,8707
4839,5078,8707,8708
5135,5132,8709,8714
5205,5133,8710,8721
5132,5205,8710,8714
5206,5207,8711,8803
5207,5205,8711,8720
5205,5206,8711,8712
5208,5206,8712,8860
5205,5208,8712,8713
5135,5208,8713,8750
5205,5135,8713,8714
5063,5062,8715,8722
5062,5049,8716,8717
5062,5046,8717,8718
5062,5047,8718,8719
5207,5047,8719,8797
5062,5207,8719,8720
5062,5205,8720,8721
5062,5133,8721,8722
5084,5127,8723,8724
5084,5126,8724,8725
5209,5126,8725,8804
5084,5209,8725,8729
5210,5211,8726,8882
5211,5209,8726,8813
5209,5210,8726,8727
5043,5210,8727,8881
5209,5043,8727,8728
5209,5042,8728,8729
4741,4737,8730,8731
4741,4738,8731,8735
4738,4736,8732,8733
5212,4736,8733,9023
4738,5212,8733,8734
5125,5212,8734,8805
4738,5125,8734,8735
5142,5085,8736,8737
5142,5191,8737,8738
5142,5192,8738,8744
5192,5189,8739,8740
5213,5189,8740,8957
5192,5213,8740,8741
5146,5213,8741,8888
5192,5146,8741,8742
5192,5144,8742,8743
5192,5143,8743,8744
5214,5204,8745,8975
4840,5214,8745,8746
5215,5214,8746,15337,269
4840,5215,8746,8747
5216,5215,8747,15337,269
4840,5216,8747,8748
5196,5216,8748,15305
4840,5196,8748,8749
5128,5208,8750,8751
5217,5208,8751,8865
5128,5217,8751,8752
5218,5217,8752,8865
5128,5218,8752,8753
5198,5218,8753,8993
5128,5198,8753,8757
5198,5140,8754,8755
5198,5130,8755,8756
5198,5129,8756,8757
5219,5220,8758,15451
5220,4912,8758,15452
4912,5219,8758,8780
3649,5221,8759,15449
5221,5067,8759,8760
5221,5068,8760,8782
5068,5070,8761,8762
5068,5071,8762,8783
5071,3643,8763,8764
5071,4642,8764,8765
5071,4643,8765,8784
4643,344,8766,8767
4643,345,8767,8785
345,342,8768,8769
345,341,8769,8786
5222,340,8770,-823
341,5222,8770,8787
5223,5224,8771,10290
5224,5222,8771,10284
5222,5223,8771,8772
5225,5223,8772,10285
5222,5225,8772,8787
5226,5227,8773,15460
5227,5225,8773,10273
5225,5226,8773,8774
5228,5226,8774,15459
5225,5228,8774,8788
5229,5230,8775,15458
5230,5228,8775,15459
5228,5229,8775,8776
5231,5229,8776,15457
5228,5231,8776,8789
4914,5232,8777,15455
5232,5231,8777,15456
5231,4914,8777,8778
5233,4914,8778,15336,193
5231,5233,8778,8779
4912,5233,8779,15335,193
5231,4912,8779,8780
5231,5219,8780,8781
5221,5219,8781,15450
5231,5221,8781,8782
5231,5068,8782,8783
5231,5071,8783,8784
5231,4643,8784,8785
5231,345,8785,8786
5231,341,8786,8789
341,5225,8787,8788
341,5228,8788,8789
5055,5203,8790,8791
5234,5203,8791,8838
5055,5234,8791,8792
5235,5234,8792,8831
5055,5235,8792,8832
5236,5237,8793,15323,193
5237,4373,8793,15324,193
4373,5236,8793,8794
5238,5236,8794,9037
4373,5238,8794,8795
4787,5238,8795,9036
4373,4787,8795,8796
4373,4788,8796,15656
5207,5045,8797,8803
5239,5044,8798,8887
5045,5239,8798,8799
5240,5239,8799,9009
5045,5240,8799,8800
5241,5240,8800,8895
5045,5241,8800,8801
5242,5241,8801,8894
5045,5242,8801,8802
5206,5242,8802,8894
5045,5206,8802,8803
5209,5125,8804,8805
5209,5212,8805,8806
5243,5212,8806,9030
5209,5243,8806,8807
5244,5243,8807,9050
5209,5244,8807,8808
5245,5244,8808,9055
5209,5245,8808,8809
5246,5245,8809,9054
5209,5246,8809,8810
5247,5246,8810,9178
5209,5247,8810,8814
5248,5249,8811,9092
5249,5247,8811,9093
5247,5248,8811,8814
5211,5250,8812,8882
5250,5248,8812,9091
5248,5211,8812,8813
5248,5209,8813,8814
4972,5005,8815,8825
5005,5147,8816,8817
5251,5147,8817,8891
5005,5251,8817,8818
5252,5251,8818,9061
5005,5252,8818,8819
5253,5252,8819,9065
5005,5253,8819,8825
5254,5255,8820,9064
5255,5253,8820,9065
5253,5254,8820,8821
5256,5254,8821,9206
5253,5256,8821,8822
5257,5256,8822,9189
5253,5257,8822,8823
4974,5257,8823,9188
5253,4974,8823,8824
5253,4972,8824,8825
5258,5259,8826,8875
5259,5216,8826,15342
5216,5258,8826,8827
5260,5258,8827,8876
5216,5260,8827,8828
5261,5260,8828,-1928
5216,5261,8828,8829
5262,5261,8829,-10121
5216,5262,8829,8834
5263,5264,8830,8852
5264,5262,8830,8859
5262,5263,8830,8835
5234,5265,8831,8853
5265,5235,8831,8837
5235,5052,8832,8833
5266,5052,8833,15306,269
5235,5266,8833,8837
5216,5266,8834,15305,269
5266,5262,8834,8835
5266,5263,8835,8836
5265,5263,8836,8852
5266,5265,8836,8837
5234,5202,8838,8839
5267,5202,8839,9049
5234,5267,8839,8840
5268,5267,8840,9048
5234,5268,8840,8854
5269,5270,8841,9150
5270,5268,8841,9087
5268,5269,8841,8855
5271,5272,8842,9154
5272,5273,8842,9155
5273,5271,8842,8843
5274,5271,8843,9173
5273,5274,8843,8844
5275,5274,8844,9172
5273,5275,8844,8845
5276,5275,8845,9377
5273,5276,8845,8846
5277,5276,8846,9385
5273,5277,8846,8847
5278,5277,8847,9384
5273,5278,8847,8848
5279,5278,8848,9082
5273,5279,8848,8857
5280,5281,8849,9081
5281,5279,8849,9082
5279,5280,8849,8850
5282,5280,8850,8988
5279,5282,8850,8857
5262,5283,8851,-18313
5283,5282,8851,8987
5282,5262,8851,8858
5264,5265,8852,8853
5264,5234,8853,8854
5264,5268,8854,8855
5264,5269,8855,8856
5273,5269,8856,9155
5264,5273,8856,8859
5273,5282,8857,8858
5273,5262,8858,8859
5284,5206,8860,8898
5208,5284,8860,8861
5285,5284,8861,9007
5208,5285,8861,8862
5286,5285,8862,8995
5208,5286,8862,8863
5287,5286,8863,8995
5208,5287,8863,8864
5218,5287,8864,8994
5208,5218,8864,8865
4873,4871,8866,8867
5288,4871,8867,8907
4873,5288,8867,8873
5289,5290,8868,9075
5290,5291,8868,9076
5291,5289,8868,8869
5172,5289,8869,8943
5291,5172,8869,8870
5291,5170,8870,8871
5291,5169,8871,8872
5291,5168,8872,8874
5168,5288,8873,8874
5291,5288,8874,9077
5259,5292,8875,15342
5292,5258,8875,8876
5292,5260,8876,8879
5293,5294,8877,8985
5294,5295,8877,8986
5295,5293,8877,8878
5296,5293,8878,15341
5295,5296,8878,8880
5292,5296,8879,15341
5296,5260,8879,8880
5295,5260,8880,8986
5044,5210,8881,8887
5210,5250,8882,8883
5297,5250,8883,9091
5210,5297,8883,8884
5298,5297,8884,9018
5210,5298,8884,8885
5299,5298,8885,9011
5210,5299,8885,8886
5239,5299,8886,9010
5210,5239,8886,8887
5300,5213,8888,8965
5146,5300,8888,8893
5301,5302,8889,9062
5302,5300,8889,8964
5300,5301,8889,8890
5251,5301,8890,9061
5300,5251,8890,8891
5300,5147,8891,8892
5300,5145,8892,8893
5206,5241,8894,8895
5206,5240,8895,8896
5303,5240,8896,9009
5206,5303,8896,8899
5304,5305,8897,9008
5305,5303,8897,9017
5303,5304,8897,8899
5284,5306,8898,9002
5306,5206,8898,8900
5206,5304,8899,8900
5306,5304,8900,9008
4871,272,8901,8902
4871,273,8902,8903
4871,274,8903,8904
5307,274,8904,8948
4871,5307,8904,8907
5308,5309,8905,9068
5309,5307,8905,8947
5307,5308,8905,8906
5288,5308,8906,9068
5307,5288,8906,8907
5193,5181,8908,8916
5181,5179,8909,8917
5179,5175,8910,8911
5179,5176,8911,8912
5186,5176,8912,9142
5179,5186,8912,8913
5179,5182,8913,8914
5179,5183,8914,8917
5183,5193,8915,8916
5183,5181,8916,8917
274,270,8918,8919
274,269,8919,8920
5310,269,8920,9361
274,5310,8920,8921
5311,5310,8921,9360
274,5311,8921,8949
5312,5313,8922,-1
5313,5311,8922,9359
5311,5312,8922,8923
5314,5312,8923,9833
5311,5314,8923,8924
5315,5314,8924,9836
5311,5315,8924,8925
5316,5315,8925,9816
5311,5316,8925,8926
5317,5316,8926,9816
5311,5317,8926,8927
5318,5317,8927,9768
5311,5318,8927,8928
5319,5318,8928,9768
5311,5319,8928,8929
5320,5319,8929,9765
5311,5320,8929,8930
5321,5320,8930,9703
5311,5321,8930,8931
5322,5321,8931,9686
5311,5322,8931,8932
5323,5322,8932,9686
5311,5323,8932,8950
5324,5325,8933,9687
5325,5323,8933,9688
5323,5324,8933,8934
5326,5324,8934,9702
5323,5326,8934,8935
5327,5326,8935,9706
5323,5327,8935,8936
5328,5327,8936,9602
5323,5328,8936,8937
5329,5328,8937,9614
5323,5329,8937,8938
5330,5329,8938,9595
5323,5330,8938,8950
5331,5332,8939,9438
5332,5330,8939,9594
5330,5331,8939,8940
5333,5331,8940,9353
5330,5333,8940,8951
5171,5334,8941,9321
5334,5333,8941,9352
5333,5171,8941,8942
5333,5172,8942,8943
5333,5289,8943,8944
5335,5289,8944,9074
5333,5335,8944,8951
5336,5337,8945,9072
5337,5335,8945,9073
5335,5336,8945,8952
5309,5338,8946,9069
5338,5339,8946,9078
5339,5309,8946,8947
5339,5307,8947,8948
5339,274,8948,8949
5339,5311,8949,8954
5311,5330,8950,8955
5330,5335,8951,8952
5330,5336,8952,8953
5340,5336,8953,9071
5330,5340,8953,8955
5339,5341,8954,9070
5341,5311,8954,8956
5311,5340,8955,8956
5341,5340,8956,9070
5213,5188,8957,8966
5342,5185,8958,9148
5187,5342,8958,8967
5343,5344,8959,9316
5344,5342,8959,9282
5342,5343,8959,8960
5345,5343,8960,9315
5342,5345,8960,8961
5346,5345,8961,9315
5342,5346,8961,8962
5347,5346,8962,9197
5342,5347,8962,8963
5302,5347,8963,9062
5342,5302,8963,8964
5342,5300,8964,8965
5342,5213,8965,8966
5342,5188,8966,8967
267,260,8968,-1
259,267,8968,8969
259,263,8969,8970
259,264,8970,8973
264,261,8971,8972
264,262,8972,8973
5348,5349,8974,15303,269
5349,5350,8974,15295
5350,5348,8974,8983
5214,5348,8975,15303,269
5348,5204,8975,8976
5348,5116,8976,8977
5348,5115,8977,8978
5348,5160,8978,8984
5351,5159,8979,9240
5160,5351,8979,8980
5352,5351,8980,15296
5160,5352,8980,8981
5353,5352,8981,15304,269
5160,5353,8981,8984
5350,5354,8982,15295
5354,5353,8982,15304,269
5353,5350,8982,8983
5353,5348,8983,8984
5293,5355,8985,15340
5355,5294,8985,8991
5294,5260,8986,8992
5283,5260,8987,-18313
5260,5282,8987,8988
5260,5280,8988,8989
5356,5280,8989,9080
5260,5356,8989,8990
5357,5356,8990,9079
5260,5357,8990,8992
5355,5357,8991,15300
5357,5294,8991,8992
5199,5218,8993,8994
5199,5287,8994,9000
5287,5285,8995,9001
5358,5359,8996,9109
5359,5285,8996,9006
5285,5358,8996,8997
5360,5358,8997,9097
5285,5360,8997,8998
5361,5360,8998,9097
5285,5361,8998,8999
5200,5361,8999,9044
5285,5200,8999,9001
5200,5287,9000,9001
5362,5306,9002,9016
5284,5362,9002,9007
5363,5364,9003,9127
5364,5362,9003,9015
5362,5363,9003,9004
5365,5363,9004,9098
5362,5365,9004,9005
5359,5365,9005,9098
5362,5359,9005,9006
5362,5285,9006,9007
5306,5305,9008,9016
5303,5239,9009,9010
5303,5299,9010,9011
5303,5298,9011,9012
5366,5298,9012,9022
5303,5366,9012,9013
5367,5366,9013,9122
5303,5367,9013,9014
5364,5367,9014,9128
5303,5364,9014,9015
5303,5362,9015,9017
5362,5305,9016,9017
5368,5297,9018,9096
5298,5368,9018,9019
5369,5368,9019,9095
5298,5369,9019,9020
5370,5369,9020,9177
5298,5370,9020,9022
5366,5371,9021,9122
5371,5370,9021,9186
5370,5366,9021,9022
5212,4734,9023,9024
5212,4733,9024,9030
5372,4732,9025,9258
4733,5372,9025,9026
5373,5372,9026,9138
4733,5373,9026,9027
5374,5373,9027,9137
4733,5374,9027,9028
5375,5374,9028,9136
4733,5375,9028,9029
5243,5375,9029,9050
4733,5243,9029,9030
5376,5377,9031,15330
5377,5236,9031,15297,193
5236,5376,9031,9032
5378,5376,9032,9162
5236,5378,9032,9037
5379,5380,9033,9042
5380,5378,9033,9163
5378,5379,9033,9034
4790,5379,9034,9043
5378,4790,9034,9035
5378,4787,9035,9036
5378,5238,9036,9037
4791,4793,9038,9039
4791,4795,9039,9040
5381,4795,9040,9165
4791,5381,9040,9041
5380,5381,9041,9164
4791,5380,9041,9042
4791,5379,9042,9043
5201,5361,9044,9045
5382,5361,9045,9107
5201,5382,9045,9046
5383,5382,9046,9129
5201,5383,9046,9047
5268,5383,9047,9087
5201,5268,9047,9048
5201,5267,9048,9049
5244,5375,9050,9051
5384,5375,9051,9136
5244,5384,9051,9055
5385,5386,9052,9310
5386,5387,9052,9141
5387,5385,9052,9053
5246,5385,9053,9179
5387,5246,9053,9054
5387,5245,9054,9056
5245,5384,9055,9056
5387,5384,9056,9141
5388,5389,9057,15349
5389,5390,9057,15437
5390,5388,9057,9060
5391,5392,9058,15567
5392,5388,9058,15566
5388,5391,9058,9059
5393,5391,9059,15568
5388,5393,9059,9060
5390,5393,9060,15569
5252,5301,9061,9066
5301,5347,9062,9063
5394,5347,9063,9197
5301,5394,9063,9067
5254,5394,9064,9207
5394,5255,9064,9067
5255,5252,9065,9066
5255,5301,9066,9067
5288,5309,9068,9069
5288,5338,9069,9077
5339,5340,9070,9071
5339,5336,9071,9072
5339,5337,9072,9073
5339,5335,9073,9074
5339,5289,9074,9075
5339,5290,9075,9076
5339,5291,9076,9078
5291,5338,9077,9078
5357,5395,9079,15299
5395,5356,9079,9080
5395,5280,9080,9081
5395,5281,9081,9086
5281,5278,9082,9083
5396,5278,9083,9384
5281,5396,9083,9084
5397,5396,9084,9117
5281,5397,9084,9085
5398,5397,9085,9118
5281,5398,9085,9086
5395,5398,9086,9119
5270,5383,9087,9090
5399,5400,9088,9167
5400,5383,9088,9135
5383,5399,9088,9089
5401,5399,9089,9151
5383,5401,9089,9090
5270,5401,9090,9150
5297,5248,9091,9092
5297,5249,9092,9096
5402,5247,9093,9178
5249,5402,9093,9094
5369,5402,9094,9177
5249,5369,9094,9095
5249,5368,9095,9096
5361,5358,9097,9108
5359,5363,9098,9099
5403,5363,9099,9126
5359,5403,9099,9100
5404,5403,9100,9125
5359,5404,9100,9101
5405,5404,9101,9253
5359,5405,9101,9102
5406,5405,9102,9252
5359,5406,9102,9103
5407,5406,9103,9344
5359,5407,9103,9104
5408,5407,9104,9350
5359,5408,9104,9105
5409,5408,9105,9337
5359,5409,9105,9109
5382,5410,9106,9129
5410,5409,9106,9130
5409,5382,9106,9107
5409,5361,9107,9108
5409,5358,9108,9109
5352,5354,9110,15304
5354,5411,9110,15294,269
5411,5352,9110,9111
5412,5352,9111,15296,269
5411,5412,9111,9112
5413,5412,9112,15254
5411,5413,9112,9113
5414,5413,9113,9242
5411,5414,9113,9114
5415,5414,9114,9570
5411,5415,9114,9121
5416,5417,9115,9388
5417,5415,9115,9566
5415,5416,9115,9116
5396,5416,9116,9389
5415,5396,9116,9117
5415,5397,9117,9118
5415,5398,9118,9121
5349,5395,9119,15299
5398,5349,9119,9120
5411,5349,9120,15294,269
5398,5411,9120,9121
5367,5371,9122,9123
5418,5371,9123,9247
5367,5418,9123,9128
5404,5419,9124,9253
5419,5418,9124,9254
5418,5404,9124,9125
5418,5403,9125,9126
5418,5363,9126,9127
5418,5364,9127,9128
5383,5410,9129,9130
5383,5409,9130,9131
5420,5409,9131,9337
5383,5420,9131,9132
5421,5420,9132,9300
5383,5421,9132,9133
5422,5421,9133,9299
5383,5422,9133,9134
5423,5422,9134,9299
5383,5423,9134,9135
5400,5423,9135,9167
5384,5374,9136,9137
5384,5373,9137,9138
5384,5372,9138,9139
5424,5372,9139,9258
5384,5424,9139,9140
5386,5424,9140,9264
5384,5386,9140,9141
5185,5176,9142,9148
5176,5174,9143,9149
5425,5171,9144,9321
5174,5425,9144,9145
5426,5425,9145,9276
5174,5426,9145,9146
5427,5426,9146,9276
5174,5427,9146,9147
5342,5427,9147,9282
5174,5342,9147,9149
5342,5176,9148,9149
5269,5401,9150,9151
5269,5399,9151,9152
5428,5399,9152,9175
5269,5428,9152,9156
5271,5429,9153,9174
5429,5428,9153,9175
5428,5271,9153,9154
5428,5272,9154,9156
5272,5269,9155,9156
5430,4794,9157,15410
4795,5430,9157,9158
5431,5430,9158,-1848
4795,5431,9158,9159
5432,5431,9159,-1848
4795,5432,9159,9165
5433,5434,9160,15412
5434,5432,9160,15425
5432,5433,9160,9166
5376,5435,9161,15329
5435,5433,9161,15412
5433,5376,9161,9162
5433,5378,9162,9163
5433,5380,9163,9164
5433,5381,9164,9166
5381,5432,9165,9166
5399,5423,9167,9168
5436,5423,9168,9303
5399,5436,9168,9169
5437,5436,9169,9303
5399,5437,9169,9170
5438,5437,9170,9342
5399,5438,9170,9171
5439,5438,9171,9472
5399,5439,9171,9176
5275,5439,9172,9377
5439,5274,9172,9173
5439,5271,9173,9174
5439,5429,9174,9176
5429,5399,9175,9176
5370,5402,9177,9187
5402,5246,9178,9179
5402,5385,9179,9180
5440,5385,9180,9314
5402,5440,9180,9181
5441,5440,9181,9405
5402,5441,9181,9182
5442,5441,9182,9390
5402,5442,9182,9183
5443,5442,9183,9304
5402,5443,9183,9184
5444,5443,9184,9304
5402,5444,9184,9187
5371,5445,9185,9247
5445,5444,9185,9248
5444,5371,9185,9186
5444,5370,9186,9187
4726,5257,9188,9189
4726,5256,9189,9190
5446,5256,9190,9205
4726,5446,9190,9191
5447,5446,9191,9421
4726,5447,9191,9192
5448,5447,9192,9368
4726,5448,9192,9196
5449,5450,9193,9374
5450,5448,9193,9375
5448,5449,9193,9194
5451,5449,9194,9367
5448,5451,9194,9195
4725,5451,9195,9265
5448,4725,9195,9196
5394,5346,9197,9198
5452,5346,9198,9320
5394,5452,9198,9199
5453,5452,9199,9319
5394,5453,9199,9207
5454,5455,9200,9357
5455,5453,9200,9318
5453,5454,9200,9201
5456,5454,9201,9442
5453,5456,9201,9202
5457,5456,9202,9587
5453,5457,9202,9203
5458,5457,9203,9592
5453,5458,9203,9204
5446,5458,9204,9413
5453,5446,9204,9205
5453,5256,9205,9206
5453,5254,9206,9207
5459,5460,9208,15352
5460,5461,9208,15351
5461,5459,9208,9221
5462,5463,9209,9512
5463,5459,9209,15352
5459,5462,9209,9222
5464,5465,9210,9511
5465,5462,9210,9512
5462,5464,9210,9211
5466,5464,9211,9511
5462,5466,9211,9212
5467,5466,9212,9524
5462,5467,9212,9223
5106,5467,9213,9456
5467,5107,9213,9214
5467,5108,9214,9215
5468,5108,9215,9297
5467,5468,9215,9216
5469,5468,9216,9296
5467,5469,9216,9223
5470,5471,9217,9294
5471,5469,9217,9295
5469,5470,9217,9218
5472,5470,9218,15559
5469,5472,9218,9219
5473,5472,9219,9335
5469,5473,9219,9224
5474,5475,9220,15563
5475,5476,9220,9333
5476,5474,9220,9226
5461,5474,9221,15564
5474,5459,9221,9222
5474,5462,9222,9226
5462,5469,9223,9224
5462,5473,9224,9225
5476,5473,9225,9334
5462,5476,9225,9226
5477,5157,9227,15241
5159,5477,9227,9228
5478,5477,9228,15293,269
5159,5478,9228,9229
5479,5478,9229,15292,269
5159,5479,9229,9230
5480,5479,9230,15242
5159,5480,9230,9231
5481,5480,9231,15242
5159,5481,9231,9232
5482,5481,9232,15266,269
5159,5482,9232,9233
5483,5482,9233,15265,269
5159,5483,9233,9234
5484,5483,9234,15265,269
5159,5484,9234,9235
5485,5484,9235,15264,269
5159,5485,9235,9241
5486,5487,9236,15285,269
5487,5485,9236,15264,269
5485,5486,9236,9237
5488,5486,9237,15256,269
5485,5488,9237,9241
5412,5489,9238,15254,269
5489,5488,9238,15255,269
5488,5412,9238,9239
5351,5412,9239,15296
5488,5351,9239,9240
5488,5159,9240,9241
5490,5414,9242,9570
5413,5490,9242,9243
5491,5490,9243,9615
5413,5491,9243,9246
5492,5493,9244,15252
5493,5491,9244,15251
5491,5492,9244,9246
5413,5494,9245,15261
5494,5492,9245,15253
5492,5413,9245,9246
5418,5445,9247,9254
5495,5444,9248,9308
5445,5495,9248,9255
5496,5497,9249,9307
5497,5495,9249,9308
5495,5496,9249,9250
5498,5496,9250,9427
5495,5498,9250,9251
5499,5498,9251,9426
5495,5499,9251,9256
5406,5499,9252,9344
5499,5405,9252,9256
5405,5419,9253,9257
5419,5445,9254,9255
5419,5495,9255,9257
5495,5405,9256,9257
5424,4732,9258,9259
5424,4729,9259,9260
5500,4729,9260,9412
5424,5500,9260,9261
5501,5500,9261,9506
5424,5501,9261,9264
5502,5503,9262,9362
5503,5501,9262,9510
5501,5502,9262,9263
5386,5502,9263,9310
5501,5386,9263,9264
4728,5451,9265,9266
5504,5451,9266,9367
4728,5504,9266,9267
5505,5504,9267,9372
4728,5505,9267,9275
5506,5507,9268,9376
5507,5505,9268,9372
5505,5506,9268,9269
5508,5506,9269,9419
5505,5508,9269,9270
5509,5508,9270,9418
5505,5509,9270,9271
5510,5509,9271,9710
5505,5510,9271,9272
5511,5510,9272,9407
5505,5511,9272,9273
4730,5511,9273,9406
5505,4730,9273,9274
5505,4731,9274,9275
5427,5425,9276,9277
5512,5425,9277,9324
5427,5512,9277,9278
5513,5512,9278,9324
5427,5513,9278,9279
5514,5513,9279,9323
5427,5514,9279,9280
5515,5514,9280,9351
5427,5515,9280,9281
5344,5515,9281,9316
5427,5344,9281,9282
4923,4934,9283,15792
4931,4923,9283,9284
4931,4925,9284,9292
4925,4927,9285,9292
4927,4954,9286,9287
4927,4930,9287,9288
4927,4929,9288,9289
4927,4928,9289,9290
4927,4932,9290,9291
4927,4931,9291,9292
5470,5516,9293,15558
5516,5517,9293,15557
5517,5470,9293,9294
5517,5471,9294,9295
5517,5469,9295,9296
5517,5468,9296,9297
5517,5108,9297,9298
5517,5109,9298,15556
5423,5421,9299,9300
5423,5420,9300,9301
5518,5420,9301,9343
5423,5518,9301,9302
5437,5518,9302,9343
5423,5437,9302,9303
5444,5442,9304,9309
5519,5520,9305,9428
5520,5442,9305,9390
5442,5519,9305,9306
5496,5519,9306,9427
5442,5496,9306,9307
5442,5497,9307,9309
5497,5444,9308,9309
5385,5502,9310,9311
5521,5502,9311,9362
5385,5521,9311,9312
5522,5521,9312,9366
5385,5522,9312,9314
5440,5523,9313,9400
5523,5522,9313,9366
5522,5440,9313,9314
5346,5343,9315,9320
5343,5515,9316,9317
5455,5515,9317,9357
5343,5455,9317,9318
5343,5453,9318,9319
5343,5452,9319,9320
5425,5334,9321,9322
5514,5334,9322,9351
5425,5514,9322,9323
5425,5513,9323,9324
5099,5095,9325,9326
5524,5095,9326,15249,29
5099,5524,9326,9327
5525,5524,9327,15248,29
5099,5525,9327,9328
5100,5525,9328,15239
5099,5100,9328,9329
5099,5101,9329,9330
5099,5102,9330,9331
5526,5527,9332,15562
5527,5528,9332,-568
5528,5526,9332,9336
5475,5526,9333,15562
5526,5476,9333,9334
5526,5473,9334,9335
5526,5472,9335,9336
5528,5472,9336,-568
5420,5408,9337,9338
5529,5408,9338,9350
5420,5529,9338,9339
5530,5529,9339,9473
5420,5530,9339,9340
5531,5530,9340,9486
5420,5531,9340,9341
5438,5531,9341,9464
5420,5438,9341,9342
5420,5437,9342,9343
5407,5499,9344,9345
5532,5499,9345,9426
5407,5532,9345,9346
5533,5532,9346,9434
5407,5533,9346,9347
5534,5533,9347,9433
5407,5534,9347,9348
5535,5534,9348,9584
5407,5535,9348,9349
5529,5535,9349,9473
5407,5529,9349,9350
5515,5334,9351,9352
5515,5333,9352,9353
5515,5331,9353,9354
5536,5331,9354,9437
5515,5536,9354,9355
5537,5536,9355,9437
5515,5537,9355,9356
5454,5537,9356,9443
5515,5454,9356,9357
5313,266,9358,-1
268,5313,9358,9359
268,5311,9359,9360
268,5310,9360,9361
5521,5503,9362,9363
5538,5503,9363,9510
5521,5538,9363,9364
5539,5538,9364,9560
5521,5539,9364,9365
5523,5539,9365,9400
5521,5523,9365,9366
5504,5449,9367,9373
5540,5447,9368,9421
5448,5540,9368,9369
5541,5540,9369,9425
5448,5541,9369,9370
5542,5541,9370,9420
5448,5542,9370,9371
5506,5542,9371,9419
5448,5506,9371,9375
5507,5504,9372,9373
5507,5449,9373,9374
5507,5450,9374,9376
5450,5506,9375,9376
5276,5439,9377,9378
5543,5439,9378,9471
5276,5543,9378,9383
5544,5545,9379,9469
5545,5543,9379,9470
5543,5544,9379,9380
5546,5544,9380,9617
5543,5546,9380,9381
5547,5546,9381,9567
5543,5547,9381,9382
5548,5547,9382,9386
5543,5548,9382,9383
5276,5548,9383,9386
5396,5277,9384,9385
5396,5276,9385,9389
5276,5547,9386,9387
5417,5547,9387,9566
5276,5417,9387,9388
5276,5416,9388,9389
5520,5441,9390,9391
5549,5441,9391,9405
5520,5549,9391,9392
5550,5549,9392,9404
5520,5550,9392,9399
5551,5552,9393,9564
5552,5550,9393,9403
5550,5551,9393,9394
5553,5551,9394,9689
5550,5553,9394,9395
5554,5553,9395,9697
5550,5554,9395,9396
5555,5554,9396,9757
5550,5555,9396,9397
5556,5555,9397,9496
5550,5556,9397,9398
5557,5556,9398,9495
5550,5557,9398,9399
5520,5557,9399,9429
5440,5539,9400,9401
5558,5539,9401,9560
5440,5558,9401,9402
5552,5558,9402,9565
5440,5552,9402,9403
5440,5550,9403,9404
5440,5549,9404,9405
4729,5511,9406,9412
5559,5510,9407,9717
5511,5559,9407,9408
5560,5559,9408,9690
5511,5560,9408,9409
5561,5560,9409,9562
5511,5561,9409,9410
5562,5561,9410,9507
5511,5562,9410,9411
5500,5562,9411,9506
5511,5500,9411,9412
5563,5458,9413,9592
5446,5563,9413,9414
5564,5563,9414,9669
5446,5564,9414,9415
5565,5564,9415,9677
5446,5565,9415,9422
5566,5567,9416,9741
5567,5565,9416,9676
5565,5566,9416,9417
5568,5566,9417,9741
5565,5568,9417,9423
5509,5568,9418,9710
5568,5508,9418,9423
5508,5542,9419,9420
5508,5541,9420,9424
5540,5446,9421,9422
5540,5565,9422,9425
5565,5508,9423,9424
5565,5541,9424,9425
5532,5498,9426,9434
5498,5519,9427,9428
5498,5520,9428,9429
5498,5557,9429,9435
5569,5570,9430,9556
5570,5557,9430,9495
5557,5569,9430,9435
5571,5572,9431,9571
5572,5569,9431,9559
5569,5571,9431,9432
5534,5571,9432,9571
5569,5534,9432,9433
5569,5533,9433,9436
5533,5498,9434,9436
5498,5569,9435,9436
5537,5331,9437,9438
5537,5332,9438,9444
5573,5574,9439,9593
5574,5332,9439,9594
5332,5573,9439,9440
5575,5573,9440,9593
5332,5575,9440,9444
5456,5576,9441,9587
5576,5575,9441,9601
5575,5456,9441,9442
5575,5454,9442,9443
5575,5537,9443,9444
5577,5578,9445,14972
5578,5579,9445,15243,29
5579,5577,9445,9446
5580,5577,9446,10143
5579,5580,9446,9447
5581,5580,9447,10143
5579,5581,9447,9448
5582,5581,9448,10144
5579,5582,9448,9449
5583,5582,9449,10145
5579,5583,9449,9450
5584,5583,9450,10140
5579,5584,9450,9451
5585,5584,9451,9519
5579,5585,9451,9452
5586,5585,9452,9520
5579,5586,9452,9453
5587,5586,9453,9521
5579,5587,9453,9454
5588,5587,9454,9522
5579,5588,9454,9455
5467,5588,9455,9523
5579,5467,9455,9456
5579,5106,9456,9462
5106,5104,9457,9463
5104,5100,9458,9459
5589,5100,9459,15239
5104,5589,9459,9460
5590,5589,9460,15238
5104,5590,9460,9463
5579,5591,9461,15243,29
5591,5590,9461,15237
5590,5579,9461,9462
5590,5106,9462,9463
5592,5531,9464,9485
5438,5592,9464,9465
5593,5592,9465,9484
5438,5593,9465,9466
5594,5593,9466,9735
5438,5594,9466,9467
5595,5594,9467,9735
5438,5595,9467,9468
5596,5595,9468,9618
5438,5596,9468,9472
5544,5596,9469,9617
5596,5545,9469,9470
5596,5543,9470,9471
5596,5439,9471,9472
5530,5535,9473,9474
5597,5535,9474,9583
5530,5597,9474,9475
5598,5597,9475,9582
5530,5598,9475,9476
5599,5598,9476,9581
5530,5599,9476,9487
5600,5601,9477,9579
5601,5602,9477,9580
5602,5600,9477,9489
5603,5604,9478,9578
5604,5600,9478,9579
5600,5603,9478,9479
5605,5603,9479,9822
5600,5605,9479,9489
5606,5607,9480,9831
5607,5605,9480,9822
5605,5606,9480,9490
5608,5609,9481,9623
5609,5606,9481,10125
5606,5608,9481,9482
5610,5608,9482,9898
5606,5610,9482,9490
5611,5612,9483,9773
5612,5613,9483,9896
5613,5611,9483,9493
5593,5611,9484,9773
5611,5592,9484,9485
5611,5531,9485,9486
5611,5530,9486,9487
5611,5599,9487,9488
5602,5599,9488,9580
5611,5602,9488,9494
5602,5605,9489,9494
5605,5610,9490,9491
5614,5610,9491,9897
5605,5614,9491,9492
5613,5614,9492,9896
5605,5613,9492,9493
5605,5611,9493,9494
5570,5556,9495,9504
5615,5555,9496,9761
5556,5615,9496,9497
5616,5615,9497,10046
5556,5616,9497,9498
5617,5616,9498,10050
5556,5617,9498,9505
5618,5619,9499,10011
5619,5617,9499,10012
5617,5618,9499,9505
5620,5621,9500,9575
5621,5618,9500,10011
5618,5620,9500,9501
5622,5620,9501,9574
5618,5622,9501,9502
5623,5622,9502,9557
5618,5623,9502,9503
5570,5623,9503,9556
5618,5570,9503,9504
5618,5556,9504,9505
5501,5562,9506,9507
5501,5561,9507,9508
5624,5561,9508,9562
5501,5624,9508,9509
5538,5624,9509,9561
5501,5538,9509,9510
5466,5465,9511,9524
5465,5463,9512,9513
5625,5463,9513,15353
5465,5625,9513,9514
5626,5625,9514,9530
5465,5626,9514,9515
5627,5626,9515,9838
5465,5627,9515,9516
5628,5627,9516,9875
5465,5628,9516,9517
5629,5628,9517,9874
5465,5629,9517,9518
5584,5629,9518,9873
5465,5584,9518,9519
5465,5585,9519,9520
5465,5586,9520,9521
5465,5587,9521,9522
5465,5588,9522,9523
5465,5467,9523,9524
5158,5477,9525,15241,269
5477,5630,9525,15293
5630,5158,9525,9526
5631,5158,9526,15356
5630,5631,9526,9527
5632,5631,9527,15360
5630,5632,9527,9528
5633,5632,9528,15355
5630,5633,9528,9551
5625,5634,9529,15354
5634,5633,9529,15355
5633,5625,9529,9530
5633,5626,9530,9531
5635,5626,9531,9838
5633,5635,9531,9552
5636,5637,9532,-1959
5637,5635,9532,-1959
5635,5636,9532,9533
5638,5636,9533,9840
5635,5638,9533,9553
5639,5640,9534,9842
5640,5638,9534,9841
5638,5639,9534,9535
5641,5639,9535,10914
5638,5641,9535,9536
5642,5641,9536,10588
5638,5642,9536,9537
5643,5642,9537,10588
5638,5643,9537,9538
5644,5643,9538,15276
5638,5644,9538,9539
5645,5644,9539,15276
5638,5645,9539,9540
5646,5645,9540,15275
5638,5646,9540,9541
5647,5646,9541,15275
5638,5647,9541,9542
5648,5647,9542,15274
5638,5648,9542,9543
5649,5648,9543,15273
5638,5649,9543,9544
5650,5649,9544,15272
5638,5650,9544,9545
5651,5650,9545,15271
5638,5651,9545,9554
5652,5653,9546,15288
5653,5654,9546,15270
5654,5652,9546,9547
5655,5652,9547,15269
5654,5655,9547,9548
5656,5655,9548,15268
5654,5656,9548,9555
5479,5481,9549,15242,269
5481,5656,9549,15267
5656,5479,9549,9550
5630,5479,9550,15292
5656,5630,9550,9551
5656,5633,9551,9552
5656,5635,9552,9553
5656,5638,9553,9554
5656,5651,9554,9555
5654,5651,9555,15270
5569,5623,9556,9557
5569,5622,9557,9558
5657,5622,9558,9573
5569,5657,9558,9559
5572,5657,9559,9572
5558,5538,9560,9561
5558,5624,9561,9565
5624,5560,9562,9563
5551,5560,9563,9689
5624,5551,9563,9564
5624,5552,9564,9565
5415,5547,9566,9567
5415,5546,9567,9568
5658,5546,9568,9616
5415,5658,9568,9569
5490,5658,9569,9615
5415,5490,9569,9570
5534,5572,9571,9572
5534,5657,9572,9573
5534,5622,9573,9574
5534,5620,9574,9575
5534,5621,9575,9585
5659,5660,9576,10018
5660,5621,9576,10019
5621,5659,9576,9577
5603,5659,9577,9823
5621,5603,9577,9578
5621,5604,9578,9586
5604,5601,9579,9586
5601,5599,9580,9581
5601,5598,9581,9582
5601,5597,9582,9583
5601,5535,9583,9584
5601,5534,9584,9585
5601,5621,9585,9586
5457,5576,9587,9588
5661,5576,9588,9600
5457,5661,9588,9589
5662,5661,9589,9678
5457,5662,9589,9590
5663,5662,9590,9683
5457,5663,9590,9591
5563,5663,9591,9669
5457,5563,9591,9592
5575,5574,9593,9601
5574,5330,9594,9595
5574,5329,9595,9596
5664,5329,9596,9613
5574,5664,9596,9597
5665,5664,9597,9612
5574,5665,9597,9598
5666,5665,9598,9611
5574,5666,9598,9599
5661,5666,9599,9678
5574,5661,9599,9600
5574,5576,9600,9601
5667,5327,9602,9706
5328,5667,9602,9603
5668,5667,9603,9800
5328,5668,9603,9604
5669,5668,9604,9937
5328,5669,9604,9605
5670,5669,9605,9929
5328,5670,9605,9606
5671,5670,9606,9794
5328,5671,9606,9607
5672,5671,9607,9726
5328,5672,9607,9608
5673,5672,9608,9726
5328,5673,9608,9609
5674,5673,9609,9720
5328,5674,9609,9614
5666,5675,9610,9679
5675,5674,9610,9719
5674,5666,9610,9611
5674,5665,9611,9612
5674,5664,9612,9613
5674,5329,9613,9614
5491,5658,9615,9616
5491,5546,9616,9633
5546,5596,9617,9618
5546,5595,9618,9619
5676,5595,9619,9740
5546,5676,9619,9634
5677,5678,9620,9738
5678,5676,9620,9739
5676,5677,9620,9637
5679,5680,9621,9775
5680,5677,9621,9738
5677,5679,9621,9622
5681,5679,9622,9900
5677,5681,9622,9635
5608,5681,9623,9899
5681,5609,9623,9624
5682,5609,9624,-2949
5681,5682,9624,9625
5683,5682,9625,-2949
5681,5683,9625,9626
5684,5683,9626,9893
5681,5684,9626,9627
5685,5684,9627,9892
5681,5685,9627,9628
5686,5685,9628,9891
5681,5686,9628,9635
5687,5688,9629,9791
5688,5689,9629,9895
5689,5687,9629,9630
5690,5687,9630,9792
5689,5690,9630,9631
5691,5690,9631,15250
5689,5691,9631,9632
5491,5691,9632,15250
5689,5491,9632,9633
5689,5546,9633,9634
5689,5676,9634,9636
5677,5686,9635,9637
5689,5686,9636,9891
5686,5676,9636,9637
5525,5692,9638,15240,29
5692,5693,9638,15236,29
5693,5525,9638,9639
5694,5525,9639,15248
5693,5694,9639,9640
5092,5694,9640,15247
5693,5092,9640,9641
5693,5093,9641,9642
5695,5093,9642,9747
5693,5695,9642,9651
5696,5697,9643,9749
5697,5695,9643,9748
5695,5696,9643,9644
5698,5696,9644,14906
5695,5698,9644,9645
5699,5698,9645,14905
5695,5699,9645,9652
5700,5701,9646,14903
5701,5699,9646,14904
5699,5700,9646,9652
5702,5703,9647,15246
5703,5700,9647,14902
5700,5702,9647,9648
5704,5702,9648,15245
5700,5704,9648,9649
5591,5704,9649,15244
5700,5591,9649,9650
5693,5591,9650,15236,29
5700,5693,9650,9651
5700,5695,9651,9652
5020,779,9653,9654
5020,781,9654,9655
5705,781,9655,10061
5020,5705,9655,9656
5706,5705,9656,10070
5020,5706,9656,9657
5707,5706,9657,10069
5020,5707,9657,9658
5708,5707,9658,10068
5020,5708,9658,9659
5709,5708,9659,10067
5020,5709,9659,9660
5710,5709,9660,10066
5020,5710,9660,9661
5711,5710,9661,10065
5020,5711,9661,9662
787,5711,9662,-1847
5020,787,9662,9663
5712,787,9663,10043
5020,5712,9663,9664
5016,5712,9664,10044
5020,5016,9664,9668
5016,5019,9665,9666
5016,5018,9666,9667
5016,5021,9667,9668
5564,5663,9669,9670
5713,5663,9670,9682
5564,5713,9670,9671
5714,5713,9671,9777
5564,5714,9671,9672
5715,5714,9672,9782
5564,5715,9672,9673
5716,5715,9673,9783
5564,5716,9673,9674
5717,5716,9674,9789
5564,5717,9674,9675
5718,5717,9675,9743
5564,5718,9675,9677
5567,5718,9676,9742
5718,5565,9676,9677
5662,5666,9678,9684
5719,5675,9679,9719
5666,5719,9679,9684
5720,5721,9680,9911
5721,5722,9680,9724
5722,5720,9680,9681
5713,5720,9681,9777
5722,5713,9681,9682
5722,5663,9682,9683
5722,5662,9683,9685
5662,5719,9684,9685
5722,5719,9685,9725
5323,5321,9686,9688
5324,5321,9687,9702
5321,5325,9687,9688
5553,5560,9689,9690
5553,5559,9690,9698
5723,5724,9691,9707
5724,5559,9691,9717
5559,5723,9691,9698
5725,5726,9692,9715
5726,5727,9692,9708
5727,5725,9692,9701
5728,5729,9693,9956
5729,5725,9693,9714
5725,5728,9693,9694
5730,5728,9694,9942
5725,5730,9694,9695
5731,5730,9695,9947
5725,5731,9695,9696
5554,5731,9696,9757
5725,5554,9696,9697
5725,5553,9697,9701
5553,5723,9698,9699
5732,5723,9699,9709
5553,5732,9699,9700
5727,5732,9700,9709
5553,5727,9700,9701
5326,5321,9702,9703
5326,5320,9703,9704
5733,5320,9704,9767
5326,5733,9704,9705
5667,5733,9705,9800
5326,5667,9705,9706
5726,5724,9707,9716
5723,5726,9707,9708
5723,5727,9708,9709
5510,5568,9710,9711
5734,5568,9711,9746
5510,5734,9711,9712
5735,5734,9712,9764
5510,5735,9712,9713
5736,5735,9713,9948
5510,5736,9713,9718
5729,5736,9714,9957
5736,5725,9714,9715
5736,5726,9715,9716
5736,5724,9716,9718
5724,5510,9717,9718
5719,5674,9719,9725
5737,5673,9720,9730
5674,5737,9720,9721
5738,5737,9721,9920
5674,5738,9721,9722
5739,5738,9722,9965
5674,5739,9722,9723
5721,5739,9723,9912
5674,5721,9723,9724
5674,5722,9724,9725
5673,5671,9726,9727
5740,5671,9727,9794
5673,5740,9727,9728
5741,5740,9728,9799
5673,5741,9728,9730
5737,5742,9729,9920
5742,5741,9729,9921
5741,5737,9729,9730
5088,764,9731,9732
5088,765,9732,9734
765,5087,9733,9734
5595,5593,9735,9736
5743,5593,9736,9776
5595,5743,9736,9737
5680,5743,9737,9776
5595,5680,9737,9740
5680,5678,9738,9739
5680,5676,9739,9740
5568,5567,9741,9742
5568,5718,9742,9746
5744,5717,9743,9788
5718,5744,9743,9744
5745,5744,9744,9958
5718,5745,9744,9745
5734,5745,9745,9762
5718,5734,9745,9746
5094,5695,9747,9748
5094,5697,9748,9749
5094,5696,9749,9750
758,5696,9750,14906
5094,758,9750,9755
758,762,9751,9756
5089,5746,9752,-56
5746,762,9752,-1847
762,5089,9752,9756
5089,5091,9753,9754
5089,5094,9754,9755
5089,758,9755,9756
5555,5731,9757,9758
5747,5731,9758,9947
5555,5747,9758,9759
5748,5747,9759,10072
5555,5748,9759,9760
5749,5748,9760,10077
5555,5749,9760,9761
5615,5749,9761,10046
5750,5745,9762,9958
5734,5750,9762,9763
5751,5750,9763,9949
5734,5751,9763,9764
5735,5751,9764,9948
5752,5319,9765,9772
5320,5752,9765,9766
5753,5752,9766,9771
5320,5753,9766,9767
5733,5753,9767,9801
5319,5317,9768,9769
5754,5317,9769,9821
5319,5754,9769,9770
5755,5754,9770,9999
5319,5755,9770,9772
5753,5755,9771,10005
5755,5752,9771,9772
5593,5612,9773,9774
5679,5612,9774,9900
5593,5679,9774,9775
5593,5680,9775,9776
5714,5720,9777,9778
5756,5720,9778,9910
5714,5756,9778,9779
5757,5756,9779,9910
5714,5757,9779,9780
5758,5757,9780,9901
5714,5758,9780,9781
5759,5758,9781,9784
5714,5759,9781,9782
5715,5759,9782,9783
5716,5759,9783,9789
5760,5758,9784,9908
5759,5760,9784,9785
5761,5760,9785,9972
5759,5761,9785,9786
5762,5761,9786,9992
5759,5762,9786,9787
5744,5762,9787,9959
5759,5744,9787,9788
5759,5717,9788,9789
5763,5764,9790,15235,269
5764,5765,9790,15231,269
5765,5763,9790,9793
5688,5763,9791,10010
5763,5687,9791,9792
5763,5690,9792,9793
5765,5690,9793,15259
5740,5670,9794,9795
5766,5670,9795,9935
5740,5766,9795,9796
5767,5766,9796,9934
5740,5767,9796,9797
5768,5767,9797,9933
5740,5768,9797,9799
5741,5769,9798,9922
5769,5768,9798,9923
5768,5741,9798,9799
5668,5733,9800,9811
388,5753,9801,10004
5733,388,9801,9802
5733,389,9802,9803
5733,395,9803,9804
5770,395,9804,10094
5733,5770,9804,9815
5771,5772,9805,10154
5772,5770,9805,10099
5770,5771,9805,9806
5773,5771,9806,10154
5770,5773,9806,9807
5774,5773,9807,10053
5770,5774,9807,9812
5775,5776,9808,9930
5776,5774,9808,10053
5774,5775,9808,9809
5777,5775,9809,9940
5774,5777,9809,9812
5778,5779,9810,9938
5779,5780,9810,9939
5780,5778,9810,9814
5668,5778,9811,9937
5778,5733,9811,9814
5770,5777,9812,9813
5780,5777,9813,9939
5770,5780,9813,9815
5780,5733,9814,9815
5317,5315,9816,9817
5781,5315,9817,9835
5317,5781,9817,9821
5782,5783,9818,9834
5783,5781,9818,9835
5781,5782,9818,9819
5784,5782,9819,10085
5781,5784,9819,9820
5754,5784,9820,9999
5781,5754,9820,9821
5607,5603,9822,9823
5607,5659,9823,9824
5785,5659,9824,10017
5607,5785,9824,9832
5786,5787,9825,10121
5787,5785,9825,10234
5785,5786,9825,9826
5788,5786,9826,10122
5785,5788,9826,9832
5789,5790,9827,10123
5790,5788,9827,10122
5788,5789,9827,9828
5791,5789,9828,10123
5788,5791,9828,9829
5792,5791,9829,10124
5788,5792,9829,9830
5606,5792,9830,10124
5788,5606,9830,9831
5788,5607,9831,9832
5793,5312,9833,-1
5314,5793,9833,9837
5782,5793,9834,10085
5793,5783,9834,9837
5783,5315,9835,9836
5783,5314,9836,9837
5627,5635,9838,9839
5794,5635,9839,-1927
5627,5794,9839,9890
5636,5794,9840,-1927
5794,5638,9840,9841
5794,5640,9841,9842
5794,5639,9842,9843
5795,5639,9843,10924
5794,5795,9843,9844
5796,5795,9844,10923
5794,5796,9844,9845
5797,5796,9845,10922
5794,5797,9845,9846
5798,5797,9846,10921
5794,5798,9846,9847
5799,5798,9847,10920
5794,5799,9847,9876
5800,5801,9848,11061
5801,5799,9848,11145
5799,5800,9848,9849
5802,5800,9849,11060
5799,5802,9849,9876
5803,5804,9850,11065
5804,5805,9850,11066
5805,5803,9850,9851
5806,5803,9851,10370
5805,5806,9851,9879
5807,5808,9852,10666
5808,5806,9852,10369
5806,5807,9852,9880
5809,5810,9853,10495
5810,5807,9853,10496
5807,5809,9853,9881
5811,5812,9854,10505
5812,5813,9854,10506
5813,5811,9854,9855
5814,5811,9855,10362
5813,5814,9855,9856
5815,5814,9856,10361
5813,5815,9856,9857
5816,5815,9857,10360
5813,5816,9857,9883
5817,5818,9858,10358
5818,5819,9858,10359
5819,5817,9858,9859
5820,5817,9859,10358
5819,5820,9859,9885
5821,5822,9860,10379
5822,5820,9860,10380
5820,5821,9860,9886
5823,5824,9861,10389
5824,5821,9861,10379
5821,5823,9861,9862
5825,5823,9862,10378
5821,5825,9862,9886
403,5825,9863,10377
5825,404,9863,9864
5825,405,9864,9865
5826,405,9865,10761
5825,5826,9865,9866
5827,5826,9866,10535
5825,5827,9866,9887
5828,5829,9867,10524
5829,5827,9867,10525
5827,5828,9867,9888
5577,5830,9868,14971
5830,5828,9868,10524
5828,5577,9868,9869
5831,5577,9869,10142
5828,5831,9869,9870
5832,5831,9870,10141
5828,5832,9870,9871
5833,5832,9871,10141
5828,5833,9871,9872
5584,5833,9872,10140
5828,5584,9872,9873
5828,5629,9873,9874
5828,5628,9874,9875
5828,5627,9875,9889
5794,5802,9876,9877
5834,5802,9877,11060
5794,5834,9877,9878
5805,5834,9878,11066
5794,5805,9878,9879
5794,5806,9879,9880
5794,5807,9880,9881
5794,5809,9881,9882
5813,5809,9882,10495
5794,5813,9882,9883
5794,5816,9883,9884
5819,5816,9884,10359
5794,5819,9884,9885
5794,5820,9885,9890
5820,5825,9886,9887
5820,5827,9887,9888
5820,5828,9888,9889
5820,5627,9889,9890
5689,5685,9891,9892
5689,5684,9892,9893
5689,5683,9893,9894
5835,5683,9894,10008
5689,5835,9894,9895
5688,5835,9895,10009
5612,5614,9896,9897
5612,5610,9897,9898
5612,5608,9898,9899
5612,5681,9899,9900
5836,5757,9901,9918
5758,5836,9901,9908
5837,5838,9902,9916
5838,5839,9902,9917
5839,5837,9902,9903
5840,5837,9903,10052
5839,5840,9903,9904
5841,5840,9904,9974
5839,5841,9904,9905
5842,5841,9905,9973
5839,5842,9905,9906
5843,5842,9906,9973
5839,5843,9906,9907
5760,5843,9907,9972
5839,5760,9907,9909
5760,5836,9908,9909
5839,5836,9909,9917
5757,5720,9910,9911
5757,5721,9911,9912
5757,5739,9912,9913
5844,5739,9913,9971
5757,5844,9913,9914
5845,5844,9914,9976
5757,5845,9914,9915
5846,5845,9915,9975
5757,5846,9915,9919
5837,5846,9916,10051
5846,5838,9916,9919
5838,5836,9917,9918
5838,5757,9918,9919
5738,5742,9920,9921
5738,5741,9921,9922
5738,5769,9922,9928
5847,5768,9923,9932
5769,5847,9923,9924
5848,5847,9924,9980
5769,5848,9924,9925
5849,5848,9925,9967
5769,5849,9925,9926
5850,5849,9926,9967
5769,5850,9926,9927
5851,5850,9927,9966
5769,5851,9927,9928
5738,5851,9928,9965
5775,5669,9929,9941
5670,5775,9929,9930
5670,5776,9930,9935
5847,5852,9931,9981
5852,5853,9931,10059
5853,5847,9931,9932
5853,5768,9932,9933
5853,5767,9933,9934
5853,5766,9934,9936
5766,5776,9935,9936
5853,5776,9936,10060
5669,5778,9937,9938
5669,5779,9938,9941
5779,5777,9939,9940
5779,5775,9940,9941
5854,5728,9942,9955
5730,5854,9942,9943
5855,5854,9943,10078
5730,5855,9943,9944
5856,5855,9944,10083
5730,5856,9944,9945
5857,5856,9945,10082
5730,5857,9945,9946
5747,5857,9946,10072
5730,5747,9946,9947
5736,5751,9948,9949
5736,5750,9949,9950
5858,5750,9950,9964
5736,5858,9950,9951
5859,5858,9951,10090
5736,5859,9951,9952
5860,5859,9952,10166
5736,5860,9952,9953
5861,5860,9953,10135
5736,5861,9953,9954
5862,5861,9954,10135
5736,5862,9954,9957
5854,5862,9955,10078
5862,5728,9955,9956
5862,5729,9956,9957
5750,5744,9958,9959
5750,5762,9959,9960
5863,5762,9960,9991
5750,5863,9960,9964
5864,5865,9961,10190
5865,5863,9961,10191
5863,5864,9961,9962
5866,5864,9962,10091
5863,5866,9962,9963
5858,5866,9963,10090
5863,5858,9963,9964
5739,5851,9965,9966
5739,5850,9966,9971
5850,5848,9967,9968
5867,5848,9968,9979
5850,5867,9968,9969
5868,5867,9969,9978
5850,5868,9969,9970
5844,5868,9970,9977
5850,5844,9970,9971
5761,5843,9972,9993
5843,5841,9973,9994
5869,5840,9974,10052
5841,5869,9974,9995
5846,5869,9975,10051
5869,5845,9975,9976
5869,5844,9976,9977
5869,5868,9977,9978
5869,5867,9978,9979
5869,5848,9979,9980
5869,5847,9980,9996
5870,5852,9981,10058
5847,5870,9981,9982
5871,5870,9982,10147
5847,5871,9982,9996
5872,5873,9983,10151
5873,5874,9983,10152
5874,5872,9983,9984
5875,5872,9984,10294
5874,5875,9984,9985
5876,5875,9985,10304
5874,5876,9985,9998
5877,5878,9986,10314
5878,5876,9986,10315
5876,5877,9986,9987
5879,5877,9987,10433
5876,5879,9987,9988
5880,5879,9988,10432
5876,5880,9988,9989
5881,5880,9989,10236
5876,5881,9989,9990
5863,5881,9990,10185
5876,5863,9990,9991
5876,5762,9991,9992
5876,5761,9992,9993
5876,5843,9993,9994
5876,5841,9994,9995
5876,5869,9995,9998
5869,5871,9996,9997
5874,5871,9997,10152
5869,5874,9997,9998
5755,5784,9999,10000
5882,5784,10000,10089
5755,5882,10000,10001
5883,5882,10001,10089
5755,5883,10001,10006
390,5883,10002,10193
5883,391,10002,10006
391,388,10003,10004
391,5753,10004,10005
391,5755,10005,10006
5683,5884,10007,10100
5884,5885,10007,15208,269
5885,5683,10007,10008
5885,5835,10008,10009
5885,5688,10009,10010
5885,5763,10010,15208,269
5621,5619,10011,10020
5886,5617,10012,10050
5619,5886,10012,10020
5887,5888,10013,10184
5888,5886,10013,10049
5886,5887,10013,10014
5889,5887,10014,10183
5886,5889,10014,10015
5890,5889,10015,10228
5886,5890,10015,10016
5785,5890,10016,10235
5886,5785,10016,10017
5886,5659,10017,10018
5886,5660,10018,10019
5886,5621,10019,10020
5891,5892,10021,14868,193
5892,372,10021,14869,193
372,5891,10021,10033
5893,5894,10022,14892,193
5894,5895,10022,14866,193
5895,5893,10022,10023
5896,5893,10023,14865,193
5895,5896,10023,10024
5897,5896,10024,14865,193
5895,5897,10024,10025
5898,5897,10025,14890,193
5895,5898,10025,10034
384,5898,10026,14864,193
5898,382,10026,10034
383,380,10027,10028
383,379,10028,10029
383,378,10029,10039
377,375,10030,10041
375,373,10031,10032
375,371,10032,10036
371,5891,10033,10036
5895,382,10034,10035
5895,383,10035,10038
375,5891,10036,10037
5899,5891,10037,14868,193
375,5899,10037,10041
5895,5900,10038,14866,193
5900,383,10038,10039
5900,378,10039,10040
5900,377,10040,10042
377,5899,10041,10042
5900,5899,10042,14867,193
789,5712,10043,10044
789,5016,10044,10045
789,5017,10045,14853,193
5616,5749,10046,10047
5901,5749,10047,10077
5616,5901,10047,10048
5888,5901,10048,10179
5616,5888,10048,10049
5616,5886,10049,10050
5837,5869,10051,10052
5776,5773,10053,10054
5902,5773,10054,10159
5776,5902,10054,10055
5903,5902,10055,10174
5776,5903,10055,10056
5904,5903,10056,10174
5776,5904,10056,10060
5870,5905,10057,10147
5905,5904,10057,10178
5904,5870,10057,10058
5904,5852,10058,10059
5904,5853,10059,10060
5705,782,10061,10062
5705,785,10062,10063
5705,784,10063,10070
5711,786,10064,-1847
783,5711,10064,10065
783,5710,10065,10066
783,5709,10066,10067
783,5708,10067,10068
783,5707,10068,10069
783,5706,10069,10071
5706,784,10070,10071
5748,5857,10072,10073
5906,5857,10073,10081
5748,5906,10073,10074
5907,5906,10074,10212
5748,5907,10074,10075
5908,5907,10075,10211
5748,5908,10075,10076
5901,5908,10076,10179
5748,5901,10076,10077
5855,5862,10078,10079
5909,5862,10079,10139
5855,5909,10079,10083
5910,5911,10080,10204
5911,5909,10080,10221
5909,5910,10080,10084
5906,5910,10081,10204
5910,5857,10081,10082
5910,5856,10082,10084
5856,5909,10083,10084
5784,5793,10085,10086
5912,5793,10086,-1
5784,5912,10086,10087
5913,5912,10087,10242
5784,5913,10087,10088
5883,5913,10088,10193
5784,5883,10088,10089
5859,5866,10090,10091
5859,5864,10091,10092
5914,5864,10092,10189
5859,5914,10092,10093
5915,5914,10093,10222
5859,5915,10093,10166
5770,394,10094,10099
5916,5917,10095,10324
5917,394,10095,10256
394,5916,10095,10096
5918,5916,10096,10323
394,5918,10096,10097
5919,5918,10097,10156
394,5919,10097,10098
5772,5919,10098,10155
394,5772,10098,10099
5920,5884,10100,14836,269
5683,5920,10100,10101
5921,5920,10101,14835,269
5683,5921,10101,10102
5922,5921,10102,14835,269
5683,5922,10102,10103
5923,5922,10103,14834,269
5683,5923,10103,10128
5924,5925,10104,10475
5925,5923,10104,14834,269
5923,5924,10104,10105
5926,5924,10105,10475
5923,5926,10105,10106
5927,5926,10106,10474
5923,5927,10106,10107
5928,5927,10107,10473
5923,5928,10107,10108
5929,5928,10108,10472
5923,5929,10108,10109
5930,5929,10109,10471
5923,5930,10109,10129
5931,5932,10110,10753
5932,5933,10110,10469
5933,5931,10110,10111
5934,5931,10111,10682
5933,5934,10111,10112
5935,5934,10112,10681
5933,5935,10112,10113
5936,5935,10113,10807
5933,5936,10113,10114
5937,5936,10114,10452
5933,5937,10114,10115
5938,5937,10115,10487
5933,5938,10115,10116
5939,5938,10116,10406
5933,5939,10116,10117
5940,5939,10117,10401
5933,5940,10117,10118
5941,5940,10118,10301
5933,5941,10118,10119
5942,5941,10119,10301
5933,5942,10119,10120
5943,5942,10120,10302
5933,5943,10120,10134
5787,5944,10121,10233
5944,5786,10121,10131
5786,5790,10122,10132
5790,5791,10123,10133
5791,5606,10124,10125
5791,5609,10125,10126
5945,5609,10126,-2950
5791,5945,10126,10127
5683,5945,10127,-2950
5791,5683,10127,10128
5791,5923,10128,10129
5791,5930,10129,10130
5933,5930,10130,10470
5791,5933,10130,10133
5944,5943,10131,10303
5943,5786,10131,10132
5943,5790,10132,10134
5790,5933,10133,10134
5862,5860,10135,10136
5946,5860,10136,10172
5862,5946,10136,10137
5947,5946,10137,10171
5862,5947,10137,10138
5948,5947,10138,10216
5862,5948,10138,10139
5909,5948,10139,10221
5583,5833,10140,10145
5833,5831,10141,10142
5833,5577,10142,10146
5577,5581,10143,10144
5577,5582,10144,10146
5582,5833,10145,10146
5871,5905,10147,10148
5949,5905,10148,10178
5871,5949,10148,10149
5950,5949,10149,10263
5871,5950,10149,10150
5951,5950,10150,10272
5871,5951,10150,10153
5872,5951,10151,10294
5951,5873,10151,10153
5873,5871,10152,10153
5773,5772,10154,10155
5773,5919,10155,10156
5773,5918,10156,10157
5952,5918,10157,10323
5773,5952,10157,10158
5953,5952,10158,10264
5773,5953,10158,10159
5902,5953,10159,10175
5954,5955,10160,-9097
5955,5956,10160,-9097
5956,5954,10160,10161
5957,5954,10161,-9097
5956,5957,10161,10162
5958,5957,10162,-9097
5956,5958,10162,10163
5959,5958,10163,-9097
5956,5959,10163,10165
5960,5961,10164,-9097
5961,5959,10164,-9097
5959,5960,10164,10165
5956,5960,10165,-9097
5860,5915,10166,10167
5962,5915,10167,10227
5860,5962,10167,10168
5963,5962,10168,10226
5860,5963,10168,10172
5964,5965,10169,10317
5965,5963,10169,10333
5963,5964,10169,10173
5947,5966,10170,10216
5966,5964,10170,10316
5964,5947,10170,10171
5964,5946,10171,10173
5946,5963,10172,10173
5904,5902,10174,10175
5904,5953,10175,10176
5967,5953,10176,10264
5904,5967,10176,10177
5949,5967,10177,10263
5904,5949,10177,10178
5888,5908,10179,10180
5968,5908,10180,10262
5888,5968,10180,10181
5969,5968,10181,10229
5888,5969,10181,10182
5970,5969,10182,10229
5888,5970,10182,10184
5889,5970,10183,10228
5970,5887,10183,10184
5971,5881,10185,10241
5863,5971,10185,10186
5972,5971,10186,10240
5863,5972,10186,10187
5973,5972,10187,10239
5863,5973,10187,10188
5974,5973,10188,10390
5863,5974,10188,10191
5914,5975,10189,10222
5975,5864,10189,10190
5975,5865,10190,10192
5865,5974,10191,10192
5975,5974,10192,10223
390,5913,10193,10194
5976,5913,10194,10247
390,5976,10194,10197
393,5977,10195,10245
5977,5976,10195,10246
5976,393,10195,10196
5976,392,10196,10197
5978,5979,10198,15211
5979,5980,10198,15233
5980,5978,10198,10199
5981,5978,10199,15212
5980,5981,10199,10200
5982,5981,10200,15213
5980,5982,10200,10201
5983,5982,10201,15213
5980,5983,10201,10202
5984,5983,10202,15214
5980,5984,10202,10203
5985,5984,10203,15215
5980,5985,10203,15279
5906,5911,10204,10205
5986,5911,10205,10220
5906,5986,10205,10206
5987,5986,10206,10293
5906,5987,10206,10213
5988,5989,10207,10456
5989,5987,10207,10293
5987,5988,10207,10214
5990,5991,10208,10404
5991,5988,10208,10483
5988,5990,10208,10209
5992,5990,10209,10404
5988,5992,10209,10210
5993,5992,10210,10259
5988,5993,10210,10214
5908,5994,10211,10258
5994,5907,10211,10212
5994,5906,10212,10213
5994,5987,10213,10215
5987,5993,10214,10215
5994,5993,10215,10258
5948,5966,10216,10217
5995,5966,10217,10316
5948,5995,10217,10218
5996,5995,10218,10322
5948,5996,10218,10219
5986,5996,10219,10291
5948,5986,10219,10220
5948,5911,10220,10221
5915,5975,10222,10223
5915,5974,10223,10224
5997,5974,10224,10396
5915,5997,10224,10225
5998,5997,10225,10396
5915,5998,10225,10227
5963,5998,10226,10328
5998,5962,10226,10227
5890,5970,10228,10235
5970,5968,10229,10230
5999,5968,10230,10262
5970,5999,10230,10231
6000,5999,10231,10397
5970,6000,10231,10232
5944,6000,10232,10299
5970,5944,10232,10233
5970,5787,10233,10234
5970,5785,10234,10235
6001,5880,10236,10431
5881,6001,10236,10241
6002,6003,10237,10391
6003,6001,10237,10431
6001,6002,10237,10238
5973,6002,10238,10390
6001,5973,10238,10239
6001,5972,10239,10240
6001,5971,10240,10241
6004,5912,10242,-1
5913,6004,10242,10243
6005,6004,10243,10334
5913,6005,10243,10248
6006,6007,10244,10340
6007,6005,10244,10341
6005,6006,10244,10248
393,6006,10245,10249
6006,5977,10245,10246
6006,5976,10246,10247
6006,5913,10247,10248
394,6006,10249,10250
6008,6006,10250,10339
394,6008,10250,10251
6009,6008,10251,10411
394,6009,10251,10252
6010,6009,10252,10414
394,6010,10252,10253
6011,6010,10253,10425
394,6011,10253,10254
6012,6011,10254,10425
394,6012,10254,10257
6013,6014,10255,10326
6014,6012,10255,10327
6012,6013,10255,10257
5917,6013,10256,10325
6013,394,10256,10257
5908,5993,10258,10259
5908,5992,10259,10260
6015,5992,10260,10403
5908,6015,10260,10261
5999,6015,10261,10403
5908,5999,10261,10262
5950,5967,10263,10272
5967,5952,10264,10265
6012,5952,10265,10327
5967,6012,10265,10266
6016,6012,10266,10430
5967,6016,10266,10267
6017,6016,10267,10429
5967,6017,10267,10268
6018,6017,10268,10460
5967,6018,10268,10269
6019,6018,10269,10464
5967,6019,10269,10270
6020,6019,10270,10438
5967,6020,10270,10271
5951,6020,10271,10295
5967,5951,10271,10272
325,5227,10273,15461
5225,325,10273,10274
5225,327,10274,10285
327,330,10275,10286
330,332,10276,10287
332,334,10277,10278
332,333,10278,10288
333,337,10279,10280
333,336,10280,10281
333,339,10281,10282
333,338,10282,10289
5222,6021,10283,-824
6021,338,10283,-1847
338,5222,10283,10284
338,5224,10284,10289
5223,327,10285,10286
5223,330,10286,10287
5223,332,10287,10288
5223,333,10288,10290
333,5224,10289,10290
6022,5996,10291,10322
5986,6022,10291,10292
5989,6022,10292,10445
5986,5989,10292,10293
5875,5951,10294,10295
5875,6020,10295,10296
6023,6020,10296,10438
5875,6023,10296,10297
6024,6023,10297,10444
5875,6024,10297,10298
6025,6024,10298,10305
5875,6025,10298,10304
6026,6000,10299,10397
5944,6026,10299,10300
5940,6026,10300,10402
5944,5940,10300,10303
5940,5942,10301,10302
5940,5943,10302,10303
5876,6025,10304,10305
5876,6024,10305,10306
6027,6024,10306,10443
5876,6027,10306,10307
6028,6027,10307,10507
5876,6028,10307,10308
6029,6028,10308,10514
5876,6029,10308,10309
6030,6029,10309,10513
5876,6030,10309,10310
6031,6030,10310,10555
5876,6031,10310,10311
6032,6031,10311,10559
5876,6032,10311,10312
6033,6032,10312,10539
5876,6033,10312,10315
5877,6034,10313,10434
6034,6033,10313,10539
6033,5877,10313,10314
6033,5878,10314,10315
5995,5964,10316,10317
5995,5965,10317,10318
6035,5965,10318,10333
5995,6035,10318,10319
6036,6035,10319,10415
5995,6036,10319,10320
6037,6036,10320,10446
5995,6037,10320,10321
6022,6037,10321,10445
5995,6022,10321,10322
5952,5916,10323,10324
5952,5917,10324,10325
5952,6013,10325,10326
5952,6014,10326,10327
6038,5998,10328,10395
5963,6038,10328,10329
6039,6038,10329,10394
5963,6039,10329,10330
6040,6039,10330,10417
5963,6040,10330,10331
6041,6040,10331,10416
5963,6041,10331,10332
6035,6041,10332,10415
5963,6035,10332,10333
6042,6004,10334,-1
6005,6042,10334,10342
6043,6044,10335,10577
6044,6042,10335,10578
6042,6043,10335,10342
6045,6046,10336,10561
6046,6043,10336,10577
6043,6045,10336,10337
6047,6045,10337,10560
6043,6047,10337,10338
6008,6047,10338,10411
6043,6008,10338,10339
6043,6006,10339,10340
6043,6007,10340,10341
6043,6005,10341,10342
848,6048,10343,14833,193
6048,6049,10343,-1847
6049,848,10343,10357
6050,6051,10344,-1847
6051,848,10344,14833,193
848,6050,10344,10345
6052,6050,10345,-1847
848,6052,10345,10346
6053,6052,10346,-1847
848,6053,10346,10347
6054,6053,10347,-1847
848,6054,10347,10348
6055,6054,10348,-1847
848,6055,10348,10349
6056,6055,10349,-1847
848,6056,10349,10350
6057,6056,10350,-1847
848,6057,10350,10351
6058,6057,10351,-1847
848,6058,10351,10352
6059,6058,10352,-1847
848,6059,10352,10353
6060,6059,10353,-1847
848,6060,10353,10354
6061,6060,10354,-1847
848,6061,10354,10357
6062,6063,10355,-1847
6063,6061,10355,-1847
6061,6062,10355,10356
6049,6062,10356,-1847
6061,6049,10356,10357
5820,5818,10358,10380
5818,5816,10359,10360
5818,5815,10360,10361
5818,5814,10361,10362
5818,5811,10362,10363
6064,5811,10363,10504
5818,6064,10363,10381
6065,6066,10364,10671
6066,6064,10364,10504
6064,6065,10364,10365
6067,6065,10365,10670
6064,6067,10365,10382
6068,6069,10366,10668
6069,6067,10366,10669
6067,6068,10366,10387
6070,6071,10367,10679
6071,6068,10367,10668
6068,6070,10367,10368
6072,6070,10368,10667
6068,6072,10368,10383
5808,6072,10369,10666
6072,5806,10369,10370
6072,5803,10370,10371
6073,5803,10371,11064
6072,6073,10371,10372
6074,6073,10372,11141
6072,6074,10372,10373
6075,6074,10373,11306
6072,6075,10373,10374
6076,6075,10374,11356
6072,6076,10374,10375
6077,6076,10375,11361
6072,6077,10375,10383
401,403,10376,10377
401,5825,10377,10378
401,5823,10378,10388
5824,5822,10379,10386
5822,5818,10380,10381
5822,6064,10381,10382
5822,6067,10382,10386
6068,6077,10383,10384
6078,6077,10384,11046
6068,6078,10384,10385
401,6078,10385,11046
6068,401,10385,10387
5824,6067,10386,10389
6067,401,10387,10388
6067,5823,10388,10389
5974,6002,10390,10391
5974,6003,10391,10392
6079,6003,10392,10437
5974,6079,10392,10393
6039,6079,10393,10417
5974,6039,10393,10394
5974,6038,10394,10395
5974,5998,10395,10396
6026,5999,10397,10398
6080,5999,10398,10409
6026,6080,10398,10399
6081,6080,10399,10408
6026,6081,10399,10402
5939,6082,10400,10407
6082,6081,10400,10408
6081,5939,10400,10401
6081,5940,10401,10402
5999,5992,10403,10410
5992,5991,10404,10405
5938,5991,10405,10487
5992,5938,10405,10406
5992,5939,10406,10407
5992,6082,10407,10410
6082,6080,10408,10409
6082,5999,10409,10410
6009,6047,10411,10412
6083,6047,10412,10560
6009,6083,10412,10413
6084,6083,10413,10520
6009,6084,10413,10414
6010,6084,10414,10426
6036,6041,10415,10416
6036,6040,10416,10423
6040,6079,10417,10424
6085,6086,10418,10435
6086,6079,10418,10436
6079,6085,10418,10419
6087,6085,10419,10548
6079,6087,10419,10420
6088,6087,10420,10619
6079,6088,10420,10424
6089,6090,10421,10488
6090,6088,10421,10623
6088,6089,10421,10422
6036,6089,10422,10446
6088,6036,10422,10423
6088,6040,10423,10424
6012,6010,10425,10426
6012,6084,10426,10427
6091,6084,10427,10520
6012,6091,10427,10430
6017,6092,10428,10460
6092,6091,10428,10516
6091,6017,10428,10429
6091,6016,10429,10430
6003,5880,10431,10432
6003,5879,10432,10433
6003,5877,10433,10434
6003,6034,10434,10437
6085,6034,10435,10549
6034,6086,10435,10436
6034,6079,10436,10437
6023,6019,10438,10439
6093,6019,10439,10464
6023,6093,10439,10440
6094,6093,10440,10534
6023,6094,10440,10444
6095,6096,10441,10508
6096,6094,10441,10589
6094,6095,10441,10442
6027,6095,10442,10507
6094,6027,10442,10443
6094,6024,10443,10444
5989,6037,10445,10457
6037,6089,10446,10447
6097,6089,10447,10494
6037,6097,10447,10458
6098,6099,10448,10803
6099,6097,10448,10493
6097,6098,10448,10449
6100,6098,10449,10804
6097,6100,10449,10450
6101,6100,10450,10804
6097,6101,10450,10459
5936,6102,10451,10806
6102,6101,10451,10805
6101,5936,10451,10452
6101,5937,10452,10453
6103,5937,10453,10486
6101,6103,10453,10454
6104,6103,10454,10485
6101,6104,10454,10455
6105,6104,10455,10484
6101,6105,10455,10459
5988,6105,10456,10483
6105,5989,10456,10457
6105,6037,10457,10458
6105,6097,10458,10459
6018,6092,10460,10461
6106,6092,10461,10519
6018,6106,10461,10462
6107,6106,10462,10530
6018,6107,10462,10463
6093,6107,10463,10534
6018,6093,10463,10464
6108,6109,10465,14806
6109,6110,10465,14830,269
6110,6108,10465,10466
6111,6108,10466,10887
6110,6111,10466,10467
6112,6111,10467,10886
6110,6112,10467,10468
6113,6112,10468,10759
6110,6113,10468,10480
5932,6113,10469,10753
6113,5933,10469,10470
6113,5930,10470,10471
6113,5929,10471,10472
6113,5928,10472,10473
6113,5927,10473,10474
6113,5926,10474,10481
5926,5925,10475,10476
6114,5925,10476,14829,269
5926,6114,10476,10477
6115,6114,10477,14828,269
5926,6115,10477,10481
6116,6117,10478,10713
6117,6115,10478,14827,269
6115,6116,10478,10482
6110,6118,10479,14830,269
6118,6116,10479,10713
6116,6110,10479,10480
6116,6113,10480,10482
6113,6115,10481,10482
5991,6105,10483,10484
5991,6104,10484,10485
5991,6103,10485,10486
5991,5937,10486,10487
6119,6090,10488,10623
6089,6119,10488,10489
6120,6119,10489,10718
6089,6120,10489,10494
6121,6122,10490,10979
6122,6120,10490,10717
6120,6121,10490,10491
6123,6121,10491,11124
6120,6123,10491,10492
6099,6123,10492,10802
6120,6099,10492,10493
6120,6097,10493,10494
5813,5810,10495,10496
5813,5807,10496,10497
6124,5807,10497,10677
5813,6124,10497,10498
6125,6124,10498,10677
5813,6125,10498,10499
6126,6125,10499,10676
5813,6126,10499,10500
6127,6126,10500,10675
5813,6127,10500,10501
6128,6127,10501,10674
5813,6128,10501,10502
6129,6128,10502,10673
5813,6129,10502,10503
6066,6129,10503,10672
5813,6066,10503,10506
6066,5811,10504,10505
6066,5812,10505,10506
6028,6095,10507,10508
6028,6096,10508,10509
6130,6096,10509,10596
6028,6130,10509,10510
6131,6130,10510,10632
6028,6131,10510,10511
6132,6131,10511,10637
6028,6132,10511,10514
6133,6134,10512,10556
6134,6132,10512,10541
6132,6133,10512,10515
6030,6133,10513,10555
6133,6029,10513,10515
6029,6132,10514,10515
6135,6091,10516,10523
6092,6135,10516,10517
6136,6135,10517,10598
6092,6136,10517,10518
6137,6136,10518,10606
6092,6137,10518,10519
6106,6137,10519,10530
6091,6083,10520,10521
6138,6083,10521,10565
6091,6138,10521,10522
6139,6138,10522,10564
6091,6139,10522,10523
6135,6139,10523,10598
5830,5829,10524,10525
5830,5827,10525,10526
6140,5827,10526,10538
5830,6140,10526,10527
409,6140,10527,10538
5830,409,10527,10528
5830,410,10528,10529
6141,410,10529,10573
5830,6141,10529,14970
6107,6137,10530,10531
6142,6137,10531,10606
6107,6142,10531,10532
6143,6142,10532,10624
6107,6143,10532,10533
6094,6143,10533,10589
6107,6094,10533,10534
6144,5826,10535,10761
5827,6144,10535,10536
408,6144,10536,10764
5827,408,10536,10537
5827,409,10537,10538
6034,6032,10539,10540
6145,6032,10540,10559
6034,6145,10540,10550
6134,6146,10541,10557
6146,6132,10541,10542
6147,6132,10542,10636
6146,6147,10542,10543
6148,6147,10543,10891
6146,6148,10543,10552
6149,6150,10544,10834
6150,6148,10544,10835
6148,6149,10544,10545
6151,6149,10545,10722
6148,6151,10545,10552
6152,6153,10546,10731
6153,6154,10546,10721
6154,6152,10546,10554
6087,6155,10547,10619
6155,6152,10547,10730
6152,6087,10547,10548
6152,6085,10548,10549
6152,6034,10549,10550
6152,6145,10550,10551
6146,6145,10551,10558
6152,6146,10551,10554
6146,6151,10552,10553
6154,6151,10553,10721
6146,6154,10553,10554
6031,6133,10555,10556
6031,6134,10556,10557
6031,6146,10557,10558
6031,6145,10558,10559
6083,6045,10560,10566
6156,6046,10561,10583
6045,6156,10561,10566
6157,6158,10562,10600
6158,6156,10562,10638
6156,6157,10562,10563
6139,6157,10563,10599
6156,6139,10563,10564
6156,6138,10564,10565
6156,6083,10565,10566
6159,6160,10567,14967
6160,6161,10567,14968
6161,6159,10567,10568
6162,6159,10568,14966
6161,6162,10568,10569
6163,6162,10569,14823,29
6161,6163,10569,10570
6164,6163,10570,14822,29
6161,6164,10570,10571
6165,6164,10571,14821,29
6161,6165,10571,10575
412,6165,10572,14820,29
6165,413,10572,10575
411,6141,10573,10574
6161,6141,10574,14969
411,6161,10574,10576
6161,413,10575,10576
6046,6044,10577,10583
6166,6042,10578,-1
6044,6166,10578,10579
6167,6166,10579,10661
6044,6167,10579,10580
6168,6167,10580,10661
6044,6168,10580,10581
6169,6168,10581,10639
6044,6169,10581,10582
6156,6169,10582,10638
6044,6156,10582,10583
6170,6171,10584,15216
6171,5643,10584,15277
5643,6170,10584,10585
6172,6170,10585,11069
5643,6172,10585,10586
6173,6172,10586,11017
5643,6173,10586,10587
5641,6173,10587,10914
5643,5641,10587,10588
6096,6143,10589,10590
6174,6143,10590,10629
6096,6174,10590,10591
6175,6174,10591,10688
6096,6175,10591,10592
6176,6175,10592,10695
6096,6176,10592,10593
6177,6176,10593,10909
6096,6177,10593,10597
6178,6179,10594,10633
6179,6177,10594,10908
6177,6178,10594,10597
6130,6180,10595,10632
6180,6178,10595,10633
6178,6130,10595,10596
6178,6096,10596,10597
6136,6139,10598,10599
6136,6157,10599,10600
6136,6158,10600,10601
6181,6158,10601,10646
6136,6181,10601,10602
6182,6181,10602,10709
6136,6182,10602,10603
6183,6182,10603,10712
6136,6183,10603,10604
6184,6183,10604,10701
6136,6184,10604,10605
6142,6184,10605,10624
6136,6142,10605,10606
6185,6186,10607,14838
6186,6187,10607,15225
6187,6185,10607,10608
6188,6185,10608,14839
6187,6188,10608,10609
6189,6188,10609,14839
6187,6189,10609,10616
6190,6191,10610,14841
6191,6189,10610,14840
6189,6190,10610,10617
6192,6193,10611,10942
6193,6190,10611,14841
6190,6192,10611,10618
6194,6195,10612,10940
6195,6192,10612,10941
6192,6194,10612,10613
6196,6194,10613,10650
6192,6196,10613,10614
6197,6196,10614,10649
6192,6197,10614,10615
6198,6197,10615,10648
6192,6198,10615,10618
6187,6198,10616,10647
6198,6189,10616,10617
6198,6190,10617,10618
6088,6155,10619,10620
6199,6155,10620,10729
6088,6199,10620,10621
6200,6199,10621,10720
6088,6200,10621,10622
6119,6200,10622,10719
6088,6119,10622,10623
6143,6184,10624,10625
6201,6184,10625,10707
6143,6201,10625,10630
6202,6203,10626,10690
6203,6201,10626,10706
6201,6202,10626,10630
6204,6205,10627,10696
6205,6206,10627,10689
6206,6204,10627,10628
6174,6204,10628,10688
6206,6174,10628,10629
6206,6143,10629,10631
6143,6202,10630,10631
6206,6202,10631,10689
6131,6180,10632,10637
6180,6179,10633,10634
6207,6179,10634,10907
6180,6207,10634,10635
6147,6207,10635,10891
6180,6147,10635,10636
6180,6132,10636,10637
6158,6169,10638,10639
6158,6168,10639,10640
6208,6168,10640,10665
6158,6208,10640,10641
6209,6208,10641,10664
6158,6209,10641,10642
6210,6209,10642,10663
6158,6210,10642,10643
6211,6210,10643,10982
6158,6211,10643,10644
6212,6211,10644,10998
6158,6212,10644,10645
6213,6212,10645,10957
6158,6213,10645,10646
6181,6213,10646,10709
6187,6214,10647,15224
6214,6198,10647,10648
6214,6197,10648,10649
6214,6196,10649,10660
6215,6194,10650,10939
6196,6215,10650,10651
6216,6215,10651,10938
6196,6216,10651,10660
6217,6218,10652,11276
6218,6216,10652,10937
6216,6217,10652,10653
6219,6217,10653,11275
6216,6219,10653,10654
6220,6219,10654,11095
6216,6220,10654,10655
6221,6220,10655,15219
6216,6221,10655,10656
6222,6221,10656,15220
6216,6222,10656,10657
6223,6222,10657,15221
6216,6223,10657,10658
6224,6223,10658,15222
6216,6224,10658,10659
6214,6224,10659,15223
6216,6214,10659,10660
6168,6166,10661,10662
6225,6166,10662,-1
6168,6225,10662,10665
6210,6225,10663,10982
6225,6209,10663,10664
6225,6208,10664,10665
5807,6072,10666,10667
5807,6070,10667,10678
6071,6069,10668,10669
6071,6067,10669,10670
6071,6065,10670,10671
6071,6066,10671,10672
6071,6129,10672,10673
6071,6128,10673,10674
6071,6127,10674,10675
6071,6126,10675,10676
6071,6125,10676,10679
6125,5807,10677,10678
6125,6070,10678,10679
5935,6226,10680,10808
6226,6227,10680,14815,269
6227,5935,10680,10681
6227,5934,10681,10682
6227,5931,10682,10687
6228,6229,10683,10755
6229,5931,10683,10754
5931,6228,10683,10687
6230,6231,10684,10884
6231,6228,10684,10755
6228,6230,10684,10685
6232,6230,10685,14793
6228,6232,10685,10686
6227,6232,10686,14815,269
6228,6227,10686,10687
6175,6204,10688,10695
6205,6202,10689,10697
6233,6203,10690,10705
6202,6233,10690,10698
6234,6235,10691,10901
6235,6233,10691,10704
6233,6234,10691,10692
6236,6234,10692,10900
6233,6236,10692,10698
6237,6238,10693,10911
6238,6239,10693,10912
6239,6237,10693,10694
6176,6237,10694,10910
6239,6176,10694,10700
6176,6204,10695,10696
6176,6205,10696,10697
6176,6202,10697,10700
6202,6236,10698,10699
6239,6236,10699,10900
6202,6239,10699,10700
6240,6183,10701,10712
6184,6240,10701,10708
6241,6242,10702,10950
6242,6240,10702,10951
6240,6241,10702,10708
6235,6243,10703,10901
6243,6241,10703,10950
6241,6235,10703,10704
6241,6233,10704,10705
6241,6203,10705,10706
6241,6201,10706,10707
6241,6184,10707,10708
6182,6213,10709,10710
6244,6213,10710,10957
6182,6244,10710,10711
6240,6244,10711,10951
6182,6240,10711,10712
6118,6117,10713,10714
6245,6117,10714,14814,269
6118,6245,10714,14813,269
6246,6247,10715,10728
6247,6199,10715,10729
6199,6246,10715,10716
6248,6246,10716,10971
6199,6248,10716,10720
6122,6248,10717,10980
6248,6120,10717,10718
6248,6119,10718,10719
6248,6200,10719,10720
6153,6151,10721,10732
6249,6149,10722,10834
6151,6249,10722,10732
6250,6251,10723,10857
6251,6249,10723,10858
6249,6250,10723,10724
6252,6250,10724,10856
6249,6252,10724,10733
6253,6254,10725,10986
6254,6252,10725,10855
6252,6253,10725,10726
6255,6253,10726,10972
6252,6255,10726,10727
6246,6255,10727,10971
6252,6246,10727,10728
6252,6247,10728,10734
6247,6155,10729,10730
6247,6152,10730,10731
6247,6153,10731,10734
6153,6249,10732,10733
6153,6252,10733,10734
6256,6257,10735,14825
6257,6258,10735,14844
6258,6256,10735,10736
6259,6256,10736,14810
6258,6259,10736,10737
6260,6259,10737,10949
6258,6260,10737,10738
6261,6260,10738,10948
6258,6261,10738,10739
6262,6261,10739,10947
6258,6262,10739,10740
6263,6262,10740,11241
6258,6263,10740,10741
6264,6263,10741,11241
6258,6264,10741,10742
6265,6264,10742,11301
6258,6265,10742,10752
6266,6267,10743,11310
6267,6268,10743,11305
6268,6266,10743,10744
6269,6266,10744,11317
6268,6269,10744,10745
6270,6269,10745,10929
6268,6270,10745,10749
6271,6272,10746,10927
6272,6270,10746,10928
6270,6271,10746,10750
6273,6274,10747,14843
6274,6275,10747,10925
6275,6273,10747,10748
6258,6273,10748,14844
6275,6258,10748,10751
6268,6265,10749,11305
6265,6270,10749,10750
6265,6271,10750,10752
6275,6271,10751,10926
6271,6258,10751,10752
6113,5931,10753,10754
6113,6229,10754,10760
6229,6231,10755,10756
6276,6231,10756,10884
6229,6276,10756,10757
6277,6276,10757,10885
6229,6277,10757,10758
6278,6277,10758,10885
6229,6278,10758,10760
6112,6278,10759,10886
6278,6113,10759,10760
6144,405,10761,10762
6144,406,10762,10763
6144,407,10763,10764
6279,6280,10765,14790
6280,6226,10765,14807,269
6226,6279,10765,10809
6281,6282,10766,11158
6282,6279,10766,14790
6279,6281,10766,10767
6283,6281,10767,11115
6279,6283,10767,10768
6284,6283,10768,11120
6279,6284,10768,10769
6285,6284,10769,11121
6279,6285,10769,10810
6286,6287,10770,11117
6287,6288,10770,11116
6288,6286,10770,10819
6289,6290,10771,11119
6290,6291,10771,11118
6291,6289,10771,10772
6292,6289,10772,11110
6291,6292,10772,10773
6293,6292,10773,11111
6291,6293,10773,10774
6294,6293,10774,11391
6291,6294,10774,10775
6295,6294,10775,11390
6291,6295,10775,10776
6296,6295,10776,11431
6291,6296,10776,10812
6297,6298,10777,11326
6298,6296,10777,11432
6296,6297,10777,10778
6299,6297,10778,11265
6296,6299,10778,10813
6300,6301,10779,11267
6301,6299,10779,11266
6299,6300,10779,10813
6302,6303,10780,11324
6303,6304,10780,11262
6304,6302,10780,10814
6305,6306,10781,11325
6306,6302,10781,11324
6302,6305,10781,10782
6307,6305,10782,11426
6302,6307,10782,10783
6308,6307,10783,11175
6302,6308,10783,10784
6309,6308,10784,11176
6302,6309,10784,10785
6310,6309,10785,11177
6302,6310,10785,10786
6311,6310,10786,11194
6302,6311,10786,10832
6312,6313,10787,11178
6313,6311,10787,11195
6311,6312,10787,10833
6314,6315,10788,11181
6315,6316,10788,11180
6316,6314,10788,10822
6317,6318,10789,11497
6318,6314,10789,11181
6314,6317,10789,10790
6319,6317,10790,-3027
6314,6319,10790,10791
6320,6319,10791,-3028
6314,6320,10791,10792
6321,6320,10792,11320
6314,6321,10792,10815
6322,6323,10793,11271
6323,6321,10793,11225
6321,6322,10793,10815
6324,6325,10794,11273
6325,6326,10794,11272
6326,6324,10794,10795
6327,6324,10795,10845
6326,6327,10795,10823
6328,6329,10796,10847
6329,6330,10796,-3029
6330,6328,10796,10817
6331,6332,10797,10848
6332,6328,10797,10847
6328,6331,10797,10798
6333,6331,10798,10867
6328,6333,10798,10799
6334,6333,10799,10849
6328,6334,10799,10800
6335,6334,10800,10849
6328,6335,10800,10817
6336,6337,10801,11128
6337,6335,10801,10850
6335,6336,10801,10829
6123,6338,10802,11130
6338,6099,10802,10803
6338,6098,10803,10818
6098,6101,10804,10805
6098,6102,10805,10806
6098,5936,10806,10807
6098,5935,10807,10808
6098,6226,10808,10809
6098,6279,10809,10810
6098,6285,10810,10811
6288,6285,10811,11116
6098,6288,10811,10818
6291,6286,10812,11117
6286,6296,10812,10820
6296,6300,10813,10820
6304,6339,10814,11262
6339,6302,10814,10826
6314,6322,10815,10816
6326,6322,10816,11272
6314,6326,10816,10822
6330,6335,10817,10831
6338,6288,10818,10819
6338,6286,10819,10824
6286,6300,10820,10821
6339,6300,10821,11267
6286,6339,10821,10825
6316,6326,10822,10823
6316,6327,10823,10827
6338,6336,10824,11129
6336,6286,10824,10825
6336,6339,10825,10826
6336,6302,10826,10829
6316,6340,10827,11179
6340,6327,10827,10828
6330,6327,10828,-3029
6340,6330,10828,10830
6335,6302,10829,10831
6340,6312,10830,11178
6312,6330,10830,10833
6330,6302,10831,10832
6330,6311,10832,10833
6249,6150,10834,10859
6341,6148,10835,10898
6150,6341,10835,10860
6342,6343,10836,10897
6343,6341,10836,10898
6341,6342,10836,10861
6344,6345,10837,11044
6345,6342,10837,10897
6342,6344,10837,10838
6346,6344,10838,11043
6342,6346,10838,10862
6347,6348,10839,11167
6348,6349,10839,11041
6349,6347,10839,10840
6350,6347,10840,11166
6349,6350,10840,10864
6351,6352,10841,11164
6352,6353,10841,11165
6353,6351,10841,10872
6354,6355,10842,11037
6355,6356,10842,11162
6356,6354,10842,10843
6357,6354,10843,11036
6356,6357,10843,10844
6358,6357,10844,11228
6356,6358,10844,10865
6324,6358,10845,11268
6358,6327,10845,10873
6329,6359,10846,-3028
6359,6327,10846,-3028
6327,6329,10846,10866
6329,6332,10847,10848
6329,6331,10848,10866
6333,6335,10849,10850
6333,6337,10850,10851
6360,6337,10851,11127
6333,6360,10851,10852
6361,6360,10852,11092
6333,6361,10852,10853
6362,6361,10853,11091
6333,6362,10853,10868
6363,6364,10854,10987
6364,6365,10854,11090
6365,6363,10854,10869
6254,6363,10855,10986
6363,6252,10855,10856
6363,6250,10856,10857
6363,6251,10857,10858
6363,6249,10858,10859
6363,6150,10859,10860
6363,6341,10860,10861
6363,6342,10861,10862
6363,6346,10862,10863
6349,6346,10863,11042
6363,6349,10863,10864
6363,6350,10864,10870
6356,6351,10865,11163
6351,6358,10865,10872
6327,6331,10866,10867
6327,6333,10867,10868
6327,6362,10868,10874
6365,6362,10869,11090
6362,6363,10869,10870
6362,6350,10870,10871
6353,6350,10871,11166
6362,6353,10871,10874
6353,6358,10872,10873
6353,6327,10873,10874
6366,6367,10875,11078
6367,6368,10875,10943
6368,6366,10875,10876
6369,6366,10876,10964
6368,6369,10876,10877
6370,6369,10877,14802
6368,6370,10877,10878
6371,6370,10878,14801
6368,6371,10878,10879
6372,6371,10879,14801
6368,6372,10879,10880
6109,6372,10880,14806,269
6368,6109,10880,10881
6373,6109,10881,14831
6368,6373,10881,14812
6374,6375,10882,14803,269
6375,6372,10882,14804,269
6372,6374,10882,10883
6230,6374,10883,14793
6372,6230,10883,10888
6230,6276,10884,10888
6276,6278,10885,10889
6278,6111,10886,10889
6372,6108,10887,14806
6111,6372,10887,10890
6372,6276,10888,10890
6276,6111,10889,10890
6148,6207,10891,10892
6376,6207,10892,10906
6148,6376,10892,10893
6377,6376,10893,10905
6148,6377,10893,10894
6378,6377,10894,10995
6148,6378,10894,10895
6379,6378,10895,10994
6148,6379,10895,10896
6345,6379,10896,11030
6148,6345,10896,10899
6345,6343,10897,10899
6343,6148,10898,10899
6239,6234,10900,10912
6234,6243,10901,10902
6380,6243,10902,10956
6234,6380,10902,10903
6381,6380,10903,10992
6234,6381,10903,10913
6377,6382,10904,10996
6382,6381,10904,10997
6381,6377,10904,10905
6381,6376,10905,10906
6381,6207,10906,10907
6381,6179,10907,10908
6381,6177,10908,10909
6381,6176,10909,10910
6381,6237,10910,10911
6381,6238,10911,10913
6238,6234,10912,10913
5639,6173,10914,10915
6383,6173,10915,11017
5639,6383,10915,10916
6384,6383,10916,11021
5639,6384,10916,10917
6385,6384,10917,11020
5639,6385,10917,10918
6386,6385,10918,11131
5639,6386,10918,10924
5799,6387,10919,11151
6387,6386,10919,11146
6386,5799,10919,10920
6386,5798,10920,10921
6386,5797,10921,10922
6386,5796,10922,10923
6386,5795,10923,10924
6274,6193,10925,14842
6193,6275,10925,10926
6193,6271,10926,10927
6193,6272,10927,10928
6193,6270,10928,10929
6193,6269,10929,10930
6388,6269,10930,11317
6193,6388,10930,10942
6389,6390,10931,11468
6390,6388,10931,11316
6388,6389,10931,10932
6391,6389,10932,11532
6388,6391,10932,10933
6392,6391,10933,11541
6388,6392,10933,10934
6393,6392,10934,11362
6388,6393,10934,10935
6394,6393,10935,11278
6388,6394,10935,10936
6218,6394,10936,11277
6388,6218,10936,10937
6388,6216,10937,10938
6388,6215,10938,10939
6388,6194,10939,10940
6388,6195,10940,10941
6388,6192,10941,10942
6368,6259,10943,14811
6259,6367,10943,10944
6395,6367,10944,11082
6259,6395,10944,10945
6396,6395,10945,11081
6259,6396,10945,10946
6397,6396,10946,11233
6259,6397,10946,10949
6262,6397,10947,11242
6397,6261,10947,10948
6397,6260,10948,10949
6243,6242,10950,10956
6242,6244,10951,10952
6398,6244,10952,10959
6242,6398,10952,10953
6399,6398,10953,11027
6242,6399,10953,10954
6400,6399,10954,11031
6242,6400,10954,10955
6380,6400,10955,10992
6242,6380,10955,10956
6244,6212,10957,10958
6401,6212,10958,11013
6244,6401,10958,10959
6398,6401,10959,11027
6402,6403,10960,-38
6403,6404,10960,-38
6404,6402,10960,10961
6405,6402,10961,-38
6404,6405,10961,10962
6406,6405,10962,-38
6404,6406,10962,10963
414,6406,10963,14800,29
6404,414,10963,14799,29
6407,6366,10964,11078
6369,6407,10964,10965
6408,6407,10965,11079
6369,6408,10965,10966
6409,6408,10966,11108
6369,6409,10966,10967
6410,6409,10967,14808
6369,6410,10967,10970
6374,6232,10968,14793,269
6232,6410,10968,14816
6410,6374,10968,10969
6411,6374,10969,14803
6410,6411,10969,10970
6369,6411,10970,14802
6248,6255,10971,10981
6412,6253,10972,10991
6255,6412,10972,10973
6413,6412,10973,10990
6255,6413,10973,10974
6414,6413,10974,11022
6255,6414,10974,10981
6415,6416,10975,11025
6416,6414,10975,11026
6414,6415,10975,10976
6417,6415,10976,11086
6414,6417,10976,10977
6418,6417,10977,11085
6414,6418,10977,10978
6121,6418,10978,11124
6414,6121,10978,10979
6414,6122,10979,10980
6414,6248,10980,10981
6211,6225,10982,10983
6419,6225,10983,-1
6211,6419,10983,10984
6420,6419,10984,10999
6211,6420,10984,10985
6421,6420,10985,10999
6211,6421,10985,10998
6253,6363,10986,10987
6253,6364,10987,10988
6422,6364,10988,11094
6253,6422,10988,10991
6413,6423,10989,11022
6423,6422,10989,11083
6422,6413,10989,10990
6422,6412,10990,10991
6381,6400,10992,10997
6379,6424,10993,11030
6424,6400,10993,11031
6400,6379,10993,10994
6400,6378,10994,10995
6400,6377,10995,10996
6400,6382,10996,10997
6212,6421,10998,11014
6421,6419,10999,11000
6425,6419,11000,-1
6421,6425,11000,11001
6426,6425,11001,11171
6421,6426,11001,11002
6427,6426,11002,11170
6421,6427,11002,11003
6428,6427,11003,11170
6421,6428,11003,11004
6429,6428,11004,11188
6421,6429,11004,11014
6430,6431,11005,11197
6431,6429,11005,11188
6429,6430,11005,11006
6432,6430,11006,11187
6429,6432,11006,11007
6433,6432,11007,11187
6429,6433,11007,11008
6434,6433,11008,11203
6429,6434,11008,11015
6320,6435,11009,-3028
6435,6434,11009,11186
6434,6320,11009,11010
6436,6320,11010,11319
6434,6436,11010,11011
6437,6436,11011,11318
6434,6437,11011,11016
6401,6438,11012,11028
6438,6437,11012,11231
6437,6401,11012,11013
6437,6212,11013,11016
6212,6429,11014,11015
6212,6434,11015,11016
6383,6172,11017,11018
6439,6172,11018,11077
6383,6439,11018,11019
6440,6439,11019,11076
6383,6440,11019,11021
6385,6440,11020,11131
6440,6384,11020,11021
6414,6423,11022,11023
6441,6423,11023,11083
6414,6441,11023,11024
6442,6441,11024,11088
6414,6442,11024,11026
6415,6442,11025,11087
6442,6416,11025,11026
6399,6401,11027,11028
6399,6438,11028,11029
6443,6438,11029,11215
6399,6443,11029,11032
6345,6424,11030,11044
6424,6399,11031,11032
6424,6443,11032,11033
6444,6443,11033,11220
6424,6444,11033,11034
6445,6444,11034,11219
6424,6445,11034,11035
6357,6445,11035,11222
6424,6357,11035,11036
6424,6354,11036,11037
6424,6355,11037,11038
6446,6355,11038,11161
6424,6446,11038,11039
6447,6446,11039,11161
6424,6447,11039,11045
6348,6448,11040,11168
6448,6447,11040,11169
6447,6348,11040,11041
6447,6349,11041,11042
6447,6346,11042,11043
6447,6344,11043,11045
6344,6424,11044,11045
401,6077,11046,11047
6449,6077,11047,11360
401,6449,11047,11048
6450,6449,11048,11359
401,6450,11048,11049
6451,6450,11049,11448
401,6451,11049,11050
6452,6451,11050,11452
401,6452,11050,11051
6453,6452,11051,11588
401,6453,11051,11052
6454,6453,11052,11572
401,6454,11052,11053
6455,6454,11053,11573
401,6455,11053,11054
6456,6455,11054,11509
401,6456,11054,11055
6457,6456,11055,11510
401,6457,11055,11059
396,6458,11056,14734
6458,6457,11056,14733
6457,396,11056,11057
6457,399,11057,11059
399,401,11058,11059
5834,5800,11060,11061
5834,5801,11061,11062
6459,5801,11062,11144
5834,6459,11062,11067
6073,6460,11063,11142
6460,6461,11063,11143
6461,6073,11063,11064
6461,5803,11064,11065
6461,5804,11065,11068
5804,5834,11066,11067
5804,6459,11067,11068
6461,6459,11068,11143
6462,6170,11069,15217
6172,6462,11069,11070
6463,6462,11070,11100
6172,6463,11070,11071
6464,6463,11071,11099
6172,6464,11071,11077
6465,6466,11072,11097
6466,6464,11072,11098
6464,6465,11072,11073
6467,6465,11073,11293
6464,6467,11073,11074
6468,6467,11074,11133
6464,6468,11074,11075
6440,6468,11075,11132
6464,6440,11075,11076
6464,6439,11076,11077
6367,6407,11078,11082
6469,6408,11079,11101
6407,6469,11079,11080
6396,6469,11080,11251
6407,6396,11080,11081
6407,6395,11081,11082
6441,6422,11083,11088
6470,6471,11084,11126
6471,6422,11084,11093
6422,6470,11084,11089
6418,6470,11085,11125
6470,6417,11085,11086
6470,6415,11086,11087
6470,6442,11087,11089
6442,6422,11088,11089
6364,6362,11090,11091
6364,6361,11091,11094
6471,6360,11092,11126
6361,6471,11092,11093
6361,6422,11093,11094
6220,6462,11095,15218
6462,6219,11095,11100
6465,6472,11096,11294
6472,6219,11096,11275
6219,6465,11096,11097
6219,6466,11097,11098
6219,6464,11098,11099
6219,6463,11099,11100
6473,6469,11101,11251
6408,6473,11101,11102
6474,6473,11102,14778
6408,6474,11102,11103
6475,6474,11103,14786
6408,6475,11103,11104
6476,6475,11104,14777
6408,6476,11104,11105
6477,6476,11105,14776
6408,6477,11105,11106
6478,6477,11106,14792,269
6408,6478,11106,11107
6280,6478,11107,14791,269
6408,6280,11107,11108
6409,6280,11108,14808
6289,6479,11109,11119
6479,6283,11109,11120
6283,6289,11109,11110
6283,6292,11110,11111
6283,6293,11111,11112
6480,6293,11112,11392
6283,6480,11112,11113
6481,6480,11113,-2003
6283,6481,11113,11114
6482,6481,11114,-2003
6283,6482,11114,11115
6281,6482,11115,11160
6285,6287,11116,11121
6287,6291,11117,11118
6287,6290,11118,11122
6290,6479,11119,11123
6479,6284,11120,11123
6284,6287,11121,11122
6284,6290,11122,11123
6123,6418,11124,11125
6123,6470,11125,11130
6470,6360,11126,11127
6470,6337,11127,11128
6470,6336,11128,11129
6470,6338,11129,11130
6386,6440,11131,11132
6386,6468,11132,11133
6386,6467,11133,11134
6483,6467,11134,11292
6386,6483,11134,11146
6484,6485,11135,11299
6485,6483,11135,11292
6483,6484,11135,11136
6486,6484,11136,11291
6483,6486,11136,11137
6487,6486,11137,11419
6483,6487,11137,11138
6488,6487,11138,11419
6483,6488,11138,11147
6489,6490,11139,11483
6490,6488,11139,11425
6488,6489,11139,11140
6491,6489,11140,11308
6488,6491,11140,11148
6074,6492,11141,11306
6492,6073,11141,11142
6492,6460,11142,11149
6460,6459,11143,11144
6460,5801,11144,11145
6460,5799,11145,11150
6387,6483,11146,11147
6387,6488,11147,11148
6387,6491,11148,11151
6492,6491,11149,11307
6491,6460,11149,11150
6491,5799,11150,11151
6493,6477,11152,14776,269
6477,6282,11152,14792
6282,6493,11152,11158
6494,6495,11153,14775,269
6495,6493,11153,14785,269
6493,6494,11153,11159
6496,6497,11154,11394
6497,6494,11154,14775,269
6494,6496,11154,11155
6480,6496,11155,11393
6494,6480,11155,11156
6498,6480,11156,-2004
6494,6498,11156,11157
6482,6498,11157,-2004
6494,6482,11157,11159
6281,6493,11158,11160
6493,6482,11159,11160
6447,6355,11161,11162
6447,6356,11162,11163
6447,6351,11163,11164
6447,6352,11164,11165
6447,6353,11165,11169
6353,6347,11166,11167
6353,6348,11167,11168
6353,6448,11168,11169
6428,6426,11170,11171
6428,6425,11171,11189
6499,6500,11172,11611
6500,6501,11172,11612
6501,6499,11172,11204
6502,6503,11173,11610
6503,6499,11173,11611
6499,6502,11173,11201
6307,6504,11174,11427
6504,6505,11174,11608
6505,6307,11174,11175
6505,6308,11175,11176
6505,6309,11176,11177
6505,6310,11177,11193
6313,6340,11178,11179
6313,6316,11179,11180
6313,6315,11180,11196
6315,6318,11181,11182
6506,6318,11182,11497
6315,6506,11182,11196
6507,6508,11183,11500
6508,6506,11183,11501
6506,6507,11183,11199
6509,6510,11184,11499
6510,6507,11184,11500
6507,6509,11184,11202
6435,6317,11185,-3028
6317,6509,11185,11498
6509,6435,11185,11186
6509,6434,11186,11205
6433,6430,11187,11200
6431,6428,11188,11189
6431,6425,11189,11190
6511,6425,11190,-1
6431,6511,11190,11191
6512,6511,11191,11589
6431,6512,11191,11192
6501,6512,11192,11612
6431,6501,11192,11197
6505,6502,11193,11609
6502,6310,11193,11194
6502,6311,11194,11195
6502,6313,11195,11198
6313,6506,11196,11198
6430,6501,11197,11200
6502,6506,11198,11199
6502,6507,11199,11201
6433,6501,11200,11203
6499,6507,11201,11202
6499,6509,11202,11204
6434,6501,11203,11205
6501,6509,11204,11205
6513,6514,11206,14960
6514,6515,11206,14948
6515,6513,11206,11207
6516,6513,11207,14947
6515,6516,11207,11208
6517,6516,11208,11245
6515,6517,11208,11209
6518,6517,11209,11246
6515,6518,11209,11214
6519,6520,11210,14745
6520,6518,11210,11246
6518,6519,11210,11211
6521,6519,11211,14744
6518,6521,11211,11212
6522,6521,11212,14772
6518,6522,11212,11213
6523,6522,11213,14771
6518,6523,11213,11214
6515,6523,11214,14774,193
6524,6438,11215,11232
6443,6524,11215,11221
6525,6526,11216,11323
6526,6524,11216,11232
6524,6525,11216,11221
6527,6528,11217,11223
6528,6525,11217,11322
6525,6527,11217,11218
6445,6527,11218,11222
6525,6445,11218,11219
6525,6444,11219,11220
6525,6443,11220,11221
6357,6527,11222,11229
6529,6528,11223,11321
6527,6529,11223,11224
6321,6529,11224,11320
6527,6321,11224,11230
6530,6323,11225,11270
6321,6530,11225,11226
6531,6530,11226,11269
6321,6531,11226,11230
6358,6532,11227,11268
6532,6531,11227,11269
6531,6358,11227,11228
6531,6357,11228,11229
6531,6527,11229,11230
6526,6437,11231,11318
6438,6526,11231,11232
6533,6396,11233,11254
6397,6533,11233,11234
6534,6533,11234,11254
6397,6534,11234,11235
6535,6534,11235,11378
6397,6535,11235,11236
6536,6535,11236,11415
6397,6536,11236,11237
6537,6536,11237,11418
6397,6537,11237,11238
6538,6537,11238,11453
6397,6538,11238,11239
6539,6538,11239,11311
6397,6539,11239,11243
6540,6541,11240,11302
6541,6539,11240,11303
6539,6540,11240,11243
6264,6262,11241,11242
6264,6397,11242,11244
6397,6540,11243,11244
6264,6540,11244,11301
6516,6542,11245,14947
6542,6517,11245,11250
6517,6520,11246,11247
6543,6520,11247,14746
6517,6543,11247,11248
6544,6543,11248,11442
6517,6544,11248,11249
6545,6544,11249,11443
6517,6545,11249,11250
6542,6545,11250,14946
6396,6473,11251,11252
6546,6473,11252,11369
6396,6546,11252,11253
6534,6546,11253,11379
6396,6534,11253,11254
6547,6548,11255,11331
6548,6549,11255,11332
6549,6547,11255,11260
742,6547,11256,11330
6547,741,11256,11257
6550,741,11257,14920
6547,6550,11257,11261
6551,6523,11258,14770,193
6523,6550,11258,14774
6550,6551,11258,11261
6549,6552,11259,14773,193
6552,6551,11259,14770,193
6551,6549,11259,11260
6551,6547,11260,11261
6339,6303,11262,11263
6553,6303,11263,11328
6339,6553,11263,11264
6297,6553,11264,11327
6339,6297,11264,11265
6339,6299,11265,11266
6339,6301,11266,11267
6324,6532,11268,11274
6532,6530,11269,11270
6532,6323,11270,11271
6532,6322,11271,11274
6322,6325,11272,11273
6322,6324,11273,11274
6472,6217,11275,11276
6472,6218,11276,11277
6472,6394,11277,11278
6472,6393,11278,11279
6554,6393,11279,11368
6472,6554,11279,11280
6555,6554,11280,11517
6472,6555,11280,11295
6556,6557,11281,11561
6557,6555,11281,11531
6555,6556,11281,11282
6558,6556,11282,11561
6555,6558,11282,11283
6559,6558,11283,11566
6555,6559,11283,11296
6560,6561,11284,11527
6561,6562,11284,11565
6562,6560,11284,11297
6563,6564,11285,11773
6564,6560,11285,11526
6560,6563,11285,11297
6565,6566,11286,11772
6566,6563,11286,11773
6563,6565,11286,11287
6567,6565,11287,11772
6563,6567,11287,11288
6568,6567,11288,11487
6563,6568,11288,11289
6569,6568,11289,11421
6563,6569,11289,11290
6486,6569,11290,11420
6563,6486,11290,11291
6563,6484,11291,11298
6485,6467,11292,11293
6485,6465,11293,11294
6485,6472,11294,11295
6485,6555,11295,11296
6485,6559,11296,11299
6562,6563,11297,11298
6562,6484,11298,11300
6484,6559,11299,11300
6562,6559,11300,11566
6265,6540,11301,11302
6265,6541,11302,11303
6265,6539,11303,11304
6267,6539,11304,11310
6265,6267,11304,11305
6075,6492,11306,11307
6075,6491,11307,11308
6075,6489,11308,11309
6570,6489,11309,11483
6075,6570,11309,11356
6266,6539,11310,11311
6266,6538,11311,11312
6571,6538,11312,11453
6266,6571,11312,11313
6572,6571,11313,11471
6266,6572,11313,11314
6573,6572,11314,11470
6266,6573,11314,11315
6390,6573,11315,11469
6266,6390,11315,11316
6266,6388,11316,11317
6526,6436,11318,11319
6526,6320,11319,11323
6320,6529,11320,11321
6320,6528,11321,11322
6320,6525,11322,11323
6303,6306,11324,11325
6303,6305,11325,11328
6298,6305,11326,11426
6305,6297,11326,11327
6305,6553,11327,11328
743,6574,11329,11479
6574,742,11329,11330
6574,6547,11330,11331
6574,6548,11331,11336
6575,6549,11332,14743,193
6548,6575,11332,11333
6576,6575,11333,14742,193
6548,6576,11333,11334
6577,6576,11334,14741,193
6548,6577,11334,11336
6574,6578,11335,11480
6578,6577,11335,14740,193
6577,6574,11335,11336
6579,747,11337,11345
746,6579,11337,11343
6580,6581,11338,11346
6581,6579,11338,11353
6579,6580,11338,11339
6582,6580,11339,11540
6579,6582,11339,11340
6583,6582,11340,11623
6579,6583,11340,11341
6584,6583,11341,11407
6579,6584,11341,11342
745,6584,11342,11406
6579,745,11342,11343
422,747,11344,11345
422,6579,11345,11352
6585,6580,11346,14716
6581,6585,11346,11347
6586,6585,11347,14722
6581,6586,11347,11348
6587,6586,11348,14730,29
6581,6587,11348,11349
6588,6587,11349,14730,29
6581,6588,11349,11354
397,6588,11350,14735,29
6588,421,11350,11351
6589,421,11351,14729,29
6588,6589,11351,11354
422,6590,11352,14728,29
6590,6579,11352,11353
6590,6581,11353,11355
6581,6589,11354,11355
6590,6589,11355,14728,29
6076,6570,11356,11357
6591,6570,11357,11495
6076,6591,11357,11358
6592,6591,11358,11494
6076,6592,11358,11361
6450,6592,11359,11448
6592,6449,11359,11360
6592,6077,11360,11361
6593,6392,11362,11541
6393,6593,11362,11363
6594,6593,11363,11557
6393,6594,11363,11364
6595,6594,11364,11560
6393,6595,11364,11365
6596,6595,11365,11556
6393,6596,11365,11366
6597,6596,11366,11555
6393,6597,11366,11367
6598,6597,11367,11518
6393,6598,11367,11368
6554,6598,11368,11517
6599,6473,11369,14778
6546,6599,11369,11379
6600,6601,11370,14780
6601,6599,11370,14779
6599,6600,11370,11371
6602,6600,11371,11685
6599,6602,11371,11372
6603,6602,11372,11684
6599,6603,11372,11373
6604,6603,11373,11684
6599,6604,11373,11374
6605,6604,11374,11683
6599,6605,11374,11375
6606,6605,11375,11455
6599,6606,11375,11376
6607,6606,11376,11416
6599,6607,11376,11377
6535,6607,11377,11415
6599,6535,11377,11378
6599,6534,11378,11379
6608,6609,11380,14783
6609,6497,11380,14784
6497,6608,11380,11398
6610,6611,11381,14782
6611,6608,11381,14783
6608,6610,11381,11382
6612,6610,11382,11874
6608,6612,11382,11383
6613,6612,11383,11651
6608,6613,11383,11399
6614,6615,11384,11652
6615,6616,11384,11669
6616,6614,11384,11385
6617,6614,11385,11652
6616,6617,11385,11386
6618,6617,11386,11653
6616,6618,11386,11405
6619,6620,11387,11654
6620,6618,11387,11653
6618,6619,11387,11403
6621,6622,11388,11655
6622,6619,11388,11654
6619,6621,11388,11400
6295,6623,11389,11431
6623,6621,11389,11655
6621,6295,11389,11390
6621,6294,11390,11391
6621,6293,11391,11392
6621,6480,11392,11393
6621,6496,11393,11394
6621,6497,11394,11395
6624,6497,11395,11398,269
6621,6624,11395,11396
6625,6624,11396,11401,269
6621,6625,11396,11397
6626,6625,11397,11404,269
6621,6626,11397,11400
6624,6608,11398,11399
6624,6613,11399,11401
6619,6626,11400,11403
6625,6613,11401,11402
6616,6613,11402,11651
6625,6616,11402,11404
6618,6626,11403,11405
6626,6616,11404,11405
744,6584,11406,11407
744,6583,11407,11408
6627,6583,11408,11623
744,6627,11408,11409
6628,6627,11409,11627
744,6628,11409,11410
6629,6628,11410,11747
744,6629,11410,11411
6630,6629,11411,14761
744,6630,11411,11412
6631,6630,11412,11477
744,6631,11412,11413
6632,6631,11413,11478
744,6632,11413,11414
743,6632,11414,11479
6536,6607,11415,11416
6536,6606,11416,11417
6633,6606,11417,11455
6536,6633,11417,11418
6537,6633,11418,11454
6488,6486,11419,11420
6488,6569,11420,11421
6488,6568,11421,11422
6634,6568,11422,11486
6488,6634,11422,11425
6635,6636,11423,11485
6636,6634,11423,11486
6634,6635,11423,11424
6490,6635,11424,11484
6634,6490,11424,11425
6298,6307,11426,11427
6298,6504,11427,11428
6637,6504,11428,11734
6298,6637,11428,11429
6638,6637,11429,11745
6298,6638,11429,11430
6623,6638,11430,11628
6298,6623,11430,11432
6623,6296,11431,11432
427,6639,11433,14725,193
6639,739,11433,11446
739,736,11434,11435
739,737,11435,11446
6640,734,11436,11806
733,6640,11436,11437
6641,6640,11437,11793
733,6641,11437,11438
6642,6641,11438,11794
733,6642,11438,11439
6643,6642,11439,11795
733,6643,11439,11440
6644,6643,11440,11767
733,6644,11440,11441
6543,6644,11441,14747
733,6543,11441,11442
733,6544,11442,11443
733,6545,11443,11444
6645,6545,11444,14945
733,6645,11444,11445
6639,6645,11445,14725,193
733,6639,11445,11447
6639,737,11446,11447
6451,6592,11448,11449
6646,6592,11449,11493
6451,6646,11449,11450
6647,6646,11450,11760
6451,6647,11450,11451
6648,6647,11451,11761
6451,6648,11451,11452
6452,6648,11452,11583
6571,6537,11453,11454
6571,6633,11454,11472
6633,6605,11455,11456
6649,6605,11456,11683
6633,6649,11456,11457
6650,6649,11457,11682
6633,6650,11457,11473
6651,6652,11458,11778
6652,6653,11458,11698
6653,6651,11458,11459
6654,6651,11459,11785
6653,6654,11459,11460
6655,6654,11460,11784
6653,6655,11460,11461
6656,6655,11461,11783
6653,6656,11461,11475
6657,6658,11462,11706
6658,6656,11462,11782
6656,6657,11462,11463
6659,6657,11463,11705
6656,6659,11463,11464
6660,6659,11464,11704
6656,6660,11464,11475
6661,6662,11465,11703
6662,6660,11465,11704
6660,6661,11465,11466
6663,6661,11466,11533
6660,6663,11466,11467
6389,6663,11467,11532
6660,6389,11467,11468
6660,6390,11468,11469
6660,6573,11469,11470
6660,6572,11470,11471
6660,6571,11471,11472
6660,6633,11472,11473
6660,6650,11473,11474
6653,6650,11474,11682
6660,6653,11474,11475
6630,6664,11476,14762
6664,6665,11476,14723,193
6665,6630,11476,11477
6665,6631,11477,11478
6665,6632,11478,11482
6632,6574,11479,11480
6632,6578,11480,11481
6666,6578,11481,14724,193
6632,6666,11481,11482
6665,6666,11482,14724,193
6570,6490,11483,11484
6570,6635,11484,11485
6570,6636,11485,11496
6636,6568,11486,11487
6636,6567,11487,11488
6667,6567,11488,11777
6636,6667,11488,11496
6668,6669,11489,11840
6669,6667,11489,11776
6667,6668,11489,11490
6670,6668,11490,11971
6667,6670,11490,11491
6671,6670,11491,-36
6667,6671,11491,11492
6646,6671,11492,-37
6667,6646,11492,11493
6667,6592,11493,11494
6667,6591,11494,11495
6667,6570,11495,11496
6506,6317,11497,11498
6506,6509,11498,11499
6506,6510,11499,11501
6510,6508,11500,11501
428,6672,11502,14981
6672,6673,11502,15008
6673,428,11502,11503
6673,429,11503,11504
6674,429,11504,11824
6673,6674,11504,11505
6675,6674,11505,14978
6673,6675,11505,11507
6676,6677,11506,14980
6677,6675,11506,14979
6675,6676,11506,11507
6673,6676,11507,14980
6455,6678,11508,11574
6678,6679,11508,11575
6679,6455,11508,11509
6679,6456,11509,11510
6679,6457,11510,11514
6680,6586,11511,14721,29
6586,6681,11511,14731
6681,6680,11511,11512
6682,6680,11512,14720,29
6681,6682,11512,11513
6683,6682,11513,14719,29
6681,6683,11513,11516
6679,6683,11514,14718,29
6683,6457,11514,11515
6684,6457,11515,14733
6683,6684,11515,11516
6681,6684,11516,14732
6555,6598,11517,11518
6555,6597,11518,11519
6685,6597,11519,11554
6555,6685,11519,11520
6686,6685,11520,11966
6555,6686,11520,11521
6687,6686,11521,11970
6555,6687,11521,11522
6688,6687,11522,11969
6555,6688,11522,11523
6689,6688,11523,11969
6555,6689,11523,11524
6690,6689,11524,-36
6555,6690,11524,11531
6564,6691,11525,11774
6691,6690,11525,-36
6690,6564,11525,11526
6690,6560,11526,11527
6690,6561,11527,11528
6692,6561,11528,11564
6690,6692,11528,11529
6693,6692,11529,11563
6690,6693,11529,11530
6557,6693,11530,11562
6690,6557,11530,11531
6391,6663,11532,11533
6391,6661,11533,11535
6694,6695,11534,11543
6695,6661,11534,11703
6661,6694,11534,11535
6391,6694,11535,11542
6696,6697,11536,14680
6697,6698,11536,14717
6698,6696,11536,11537
6699,6696,11537,14681
6698,6699,11537,11538
6700,6699,11538,11625
6698,6700,11538,11539
6582,6700,11539,11624
6698,6582,11539,11540
6698,6580,11540,14716
6593,6391,11541,11542
6593,6694,11542,11543
6593,6695,11543,11544
6701,6695,11544,11724
6593,6701,11544,11545
6702,6701,11545,11724
6593,6702,11545,11557
6703,6704,11546,11722
6704,6702,11546,11723
6702,6703,11546,11558
6705,6706,11547,11721
6706,6703,11547,11722
6703,6705,11547,11548
6707,6705,11548,11720
6703,6707,11548,11559
6708,6709,11549,11718
6709,6707,11549,11719
6707,6708,11549,11550
6710,6708,11550,12184
6707,6710,11550,11551
6711,6710,11551,11835
6707,6711,11551,11552
6712,6711,11552,11967
6707,6712,11552,11553
6685,6712,11553,11966
6707,6685,11553,11554
6707,6597,11554,11555
6707,6596,11555,11556
6707,6595,11556,11559
6594,6702,11557,11558
6594,6703,11558,11560
6703,6595,11559,11560
6558,6557,11561,11562
6558,6693,11562,11563
6558,6692,11563,11564
6558,6561,11564,11565
6558,6562,11565,11566
6713,6714,11567,11763
6714,6715,11567,14635
6715,6713,11567,11568
6716,6713,11568,11584
6715,6716,11568,11569
6717,6716,11569,11585
6715,6717,11569,11570
6718,6717,11570,11586
6715,6718,11570,11571
6719,6718,11571,11586
6715,6719,11571,11579
6453,6719,11572,11587
6719,6454,11572,11573
6719,6455,11573,11574
6719,6678,11574,11580
6720,6679,11575,14701,29
6678,6720,11575,11576
6721,6720,11576,14700,29
6678,6721,11576,11577
6722,6721,11577,14699,29
6678,6722,11577,11580
6723,6724,11578,14697,29
6724,6725,11578,14698,29
6725,6723,11578,11582
6715,6723,11579,14696,29
6723,6719,11579,11582
6719,6722,11580,11581
6725,6722,11581,14698,29
6719,6725,11581,11582
6713,6648,11583,11762
6452,6713,11583,11584
6452,6716,11584,11585
6452,6717,11585,11588
6717,6719,11586,11587
6717,6453,11587,11588
6726,6511,11589,-1
6512,6726,11589,11590
6727,6726,11590,11980
6512,6727,11590,11591
6728,6727,11591,11993
6512,6728,11591,11592
6729,6728,11592,11992
6512,6729,11592,11613
6730,6731,11593,11991
6731,6729,11593,11992
6729,6730,11593,11594
6732,6730,11594,11990
6729,6732,11594,11614
6733,6734,11595,11989
6734,6732,11595,11990
6732,6733,11595,11615
6735,6736,11596,11987
6736,6737,11596,11988
6737,6735,11596,11617
6738,6739,11597,11660
6739,6735,11597,11986
6735,6738,11597,11598
6740,6738,11598,11634
6735,6740,11598,11599
6741,6740,11599,11633
6735,6741,11599,11600
6742,6741,11600,11632
6735,6742,11600,11617
6743,6744,11601,11659
6744,6742,11601,11632
6742,6743,11601,11602
6745,6743,11602,11631
6742,6745,11602,11603
6746,6745,11603,11739
6742,6746,11603,11604
6747,6746,11604,11738
6742,6747,11604,11618
6748,6749,11605,11737
6749,6747,11605,11738
6747,6748,11605,11619
6750,6751,11606,11735
6751,6752,11606,11736
6752,6750,11606,11607
6504,6750,11607,11734
6752,6504,11607,11608
6752,6505,11608,11609
6752,6502,11609,11610
6752,6503,11610,11621
6503,6500,11611,11622
6500,6512,11612,11613
6500,6729,11613,11614
6500,6732,11614,11615
6500,6733,11615,11616
6737,6733,11616,11989
6500,6737,11616,11622
6737,6742,11617,11618
6737,6747,11618,11619
6737,6748,11619,11620
6752,6748,11620,11736
6737,6752,11620,11621
6737,6503,11621,11622
6627,6582,11623,11624
6627,6700,11624,11625
6627,6699,11625,11626
6753,6699,11626,14681
6627,6753,11626,11627
6628,6753,11627,11747
6754,6638,11628,11744
6623,6754,11628,11629
6755,6754,11629,11743
6623,6755,11629,11656
6745,6756,11630,11740
6756,6757,11630,11741
6757,6745,11630,11631
6757,6743,11631,11658
6744,6741,11632,11633
6744,6740,11633,11634
6744,6738,11634,11674
6758,6759,11635,12900
6759,6739,11635,11985
6739,6758,11635,11660
6760,6761,11636,-1
6761,6758,11636,12899
6758,6760,11636,11637
6762,6760,11637,-1
6758,6762,11637,11675
6763,6764,11638,13466
6764,6765,11638,13185
6765,6763,11638,11639
6766,6763,11639,13465
6765,6766,11639,11661
6767,6768,11640,13059
6768,6769,11640,13178
6769,6767,11640,11641
6770,6767,11641,12770
6769,6770,11641,11642
6771,6770,11642,12770
6769,6771,11642,11643
6772,6771,11643,11887
6769,6772,11643,11644
6773,6772,11644,11886
6769,6773,11644,11663
6774,6775,11645,11882
6775,6776,11645,11883
6776,6774,11645,11646
6777,6774,11646,11881
6776,6777,11646,11664
6778,6779,11647,11879
6779,6780,11647,11880
6780,6778,11647,11665
6781,6782,11648,11877
6782,6778,11648,11878
6778,6781,11648,11666
6783,6784,11649,11909
6784,6785,11649,11876
6785,6783,11649,11650
6612,6783,11650,11875
6785,6612,11650,11667
6612,6616,11651,11668
6615,6617,11652,11670
6617,6620,11653,11671
6620,6622,11654,11672
6622,6623,11655,11656
6622,6755,11656,11657
6757,6755,11657,11742
6622,6757,11657,11658
6622,6743,11658,11659
6622,6744,11659,11673
6738,6758,11660,11680
6765,6762,11661,13186
6762,6766,11661,11662
6786,6766,11662,13465
6762,6786,11662,11675
6769,6786,11663,13464
6786,6773,11663,11676
6776,6787,11664,11883
6787,6777,11664,11681
6780,6777,11665,11880
6777,6778,11665,11666
6777,6781,11666,11679
6785,6781,11667,11876
6781,6612,11667,11668
6781,6616,11668,11669
6781,6615,11669,11670
6781,6617,11670,11671
6781,6620,11671,11672
6781,6622,11672,11673
6781,6744,11673,11674
6781,6738,11674,11679
6758,6786,11675,11676
6758,6773,11676,11677
6788,6773,11677,11885
6758,6788,11677,11678
6787,6788,11678,11884
6758,6787,11678,11680
6777,6738,11679,11681
6738,6787,11680,11681
6653,6649,11682,11698
6649,6604,11683,11699
6604,6602,11684,11685
6604,6600,11685,11686
6789,6600,11686,14781
6604,6789,11686,11687
6790,6789,11687,11873
6604,6790,11687,11688
6791,6790,11688,11907
6604,6791,11688,11689
6792,6791,11689,11906
6604,6792,11689,11690
6793,6792,11690,11905
6604,6793,11690,11691
6794,6793,11691,11904
6604,6794,11691,11692
6795,6794,11692,11903
6604,6795,11692,11693
6796,6795,11693,11902
6604,6796,11693,11700
6797,6798,11694,11936
6798,6799,11694,12349
6799,6797,11694,11695
6800,6797,11695,11780
6799,6800,11695,11696
6801,6800,11696,11779
6799,6801,11696,11701
6652,6802,11697,11778
6802,6801,11697,11779
6801,6652,11697,11702
6652,6649,11698,11699
6652,6604,11699,11700
6652,6796,11700,11702
6799,6796,11701,12349
6796,6801,11701,11702
6695,6662,11703,11725
6662,6659,11704,11705
6662,6657,11705,11726
6803,6658,11706,11781
6657,6803,11706,11707
6804,6803,11707,11956
6657,6804,11707,11727
6805,6806,11708,11955
6806,6804,11708,11956
6804,6805,11708,11727
6807,6808,11709,11954
6808,6805,11709,11955
6805,6807,11709,11732
6809,6810,11710,11953
6810,6811,11710,11963
6811,6809,11710,11711
6812,6809,11711,11952
6811,6812,11711,11728
6813,6814,11712,11951
6814,6812,11712,11952
6812,6813,11712,11729
6815,6816,11713,11950
6816,6813,11713,11951
6813,6815,11713,11714
6817,6815,11714,11949
6813,6817,11714,11715
6818,6817,11715,11948
6813,6818,11715,11716
6819,6818,11716,12363
6813,6819,11716,11717
6708,6819,11717,12183
6813,6708,11717,11718
6813,6709,11718,11719
6813,6707,11719,11720
6813,6705,11720,11721
6813,6706,11721,11729
6706,6704,11722,11723
6706,6702,11723,11730
6702,6695,11724,11725
6702,6662,11725,11726
6702,6657,11726,11731
6657,6805,11727,11731
6811,6807,11728,11954
6807,6812,11728,11733
6812,6706,11729,11730
6812,6702,11730,11733
6702,6805,11731,11732
6702,6807,11732,11733
6637,6750,11734,11735
6637,6751,11735,11746
6751,6748,11736,11737
6751,6749,11737,11746
6749,6746,11738,11739
6749,6745,11739,11740
6749,6756,11740,11741
6749,6757,11741,11742
6749,6755,11742,11743
6749,6754,11743,11744
6749,6638,11744,11745
6749,6637,11745,11746
6629,6753,11747,11748
6820,6753,11748,14682
6629,6820,11748,11749
6821,6820,11749,14683
6629,6821,11749,11750
6822,6821,11750,14760
6629,6822,11750,11751
6823,6822,11751,14767
6629,6823,11751,14761
6824,6825,11752,11867
6825,6826,11752,14679,29
6826,6824,11752,11753
6827,6824,11753,11852
6826,6827,11753,11766
6828,6829,11754,11865
6829,6827,11754,11852
6827,6828,11754,11755
6830,6828,11755,11851
6827,6830,11755,11756
6831,6830,11756,11851
6827,6831,11756,11766
6832,6833,11757,11850
6833,6831,11757,11863
6831,6832,11757,11758
6834,6832,11758,11849
6831,6834,11758,11759
6646,6834,11759,-165
6831,6646,11759,11760
6831,6647,11760,11761
6831,6648,11761,11762
6831,6713,11762,11763
6831,6714,11763,11764
6835,6714,11764,14638
6831,6835,11764,11765
6826,6835,11765,14637
6831,6826,11765,11766
6836,6644,11767,14748
6643,6836,11767,11770
6837,6838,11768,11812
6838,6836,11768,14749
6836,6837,11768,11771
6839,6840,11769,11788
6840,6837,11769,11819
6837,6839,11769,11771
6643,6839,11770,11788
6839,6836,11770,11771
6567,6566,11772,11777
6566,6564,11773,11774
6566,6691,11774,11775
6669,6691,11775,11839
6566,6669,11775,11776
6566,6667,11776,11777
6651,6802,11778,11785
6802,6800,11779,11780
6802,6797,11780,11786
6803,6841,11781,11935
6841,6658,11781,11782
6841,6656,11782,11783
6841,6655,11783,11784
6841,6654,11784,11787
6654,6802,11785,11786
6654,6797,11786,11787
6841,6797,11787,11935
6643,6840,11788,11789
6842,6840,11789,11818
6643,6842,11789,11790
6843,6842,11790,12001
6643,6843,11790,11791
6844,6843,11791,11804
6643,6844,11791,11795
6640,6845,11792,11806
6845,6844,11792,11805
6844,6640,11792,11793
6844,6641,11793,11794
6844,6642,11794,11795
6846,6847,11796,-1574
6847,6848,11796,-1574
6848,6846,11796,11797
6849,6846,11797,-1574
6848,6849,11797,-1574
6850,6851,11798,12061
6851,6852,11798,14675,193
6852,6850,11798,11799
6853,6850,11799,12061
6852,6853,11799,11810
6854,6855,11800,12065
6855,6856,11800,12060
6856,6854,11800,11801
6857,6854,11801,12059
6856,6857,11801,11802
6858,6857,11802,12004
6856,6858,11802,11803
6843,6858,11803,12005
6856,6843,11803,11804
6856,6844,11804,11805
6856,6845,11805,11811
6845,734,11806,11807
6845,735,11807,11808
6845,425,11808,11809
6852,425,11809,14675,193
6845,6852,11809,11810
6845,6853,11810,11811
6856,6853,11811,12060
6859,6838,11812,14750
6837,6859,11812,11813
6860,6859,11813,14751
6837,6860,11813,11814
470,6860,11814,14752
6837,470,11814,11815
6837,471,11815,11816
6837,472,11816,11819
6842,6861,11817,12001
6861,472,11817,12002
472,6842,11817,11818
472,6840,11818,11819
6862,6863,11820,12015
6863,6864,11820,12016
6864,6862,11820,11821
431,6862,11821,12014
6864,431,11821,11822
6864,430,11822,11823
6864,429,11823,11829
6865,6674,11824,14977
429,6865,11824,11829
6866,6867,11825,14628
6867,6865,11825,14976
6865,6866,11825,11830
6868,6869,11826,14672,193
6869,6866,11826,14673,193
6866,6868,11826,11830
6870,6871,11827,14670,193
6871,6868,11827,14671,193
6868,6870,11827,11828
6864,6870,11828,12016
6868,6864,11828,11831
6864,6865,11829,11831
6865,6868,11830,11831
6872,6873,11832,12188
6873,6874,11832,14666,29
6874,6872,11832,11859
6875,6876,11833,12187
6876,6872,11833,12188
6872,6875,11833,11834
6877,6875,11834,12186
6872,6877,11834,11860
6710,6877,11835,12185
6877,6711,11835,11836
6689,6711,11836,11968
6877,6689,11836,11837
6878,6689,11837,-164
6877,6878,11837,11838
6691,6878,11838,-164
6877,6691,11838,11839
6877,6669,11839,11840
6877,6668,11840,11841
6879,6668,11841,11972
6877,6879,11841,11842
6880,6879,11842,11979
6877,6880,11842,11843
6881,6880,11843,11973
6877,6881,11843,11844
6882,6881,11844,11973
6877,6882,11844,11845
6883,6882,11845,11974
6877,6883,11845,11861
6884,6885,11846,11976
6885,6883,11846,11975
6883,6884,11846,11870
6886,6887,11847,11978
6887,6884,11847,11977
6884,6886,11847,11862
6834,6888,11848,-165
6888,6886,11848,-37
6886,6834,11848,11849
6886,6832,11849,11850
6886,6833,11850,11862
6831,6828,11851,11864
6829,6824,11852,11866
6889,6890,11853,14642,29
6890,6825,11853,14643,29
6825,6889,11853,11867
6891,6892,11854,14640,29
6892,6889,11854,14641,29
6889,6891,11854,11868
6893,6894,11855,14639,29
6894,6891,11855,14640,29
6891,6893,11855,11872
6895,6896,11856,14658,29
6896,6893,11856,14639,29
6893,6895,11856,11857
6897,6895,11857,14553
6893,6897,11857,11869
6874,6898,11858,14667,29
6898,6897,11858,14553
6897,6874,11858,11859
6897,6872,11859,11860
6897,6877,11860,11861
6897,6883,11861,11869
6884,6833,11862,11863
6884,6831,11863,11864
6884,6828,11864,11865
6884,6829,11865,11866
6884,6824,11866,11870
6824,6889,11867,11868
6824,6891,11868,11871
6893,6883,11869,11872
6883,6824,11870,11871
6883,6891,11871,11872
6610,6789,11873,14782
6790,6610,11873,11874
6790,6612,11874,11875
6790,6783,11875,11908
6784,6781,11876,11877
6784,6782,11877,11878
6784,6778,11878,11879
6784,6779,11879,11910
6779,6777,11880,11881
6779,6774,11881,11882
6779,6775,11882,11911
6775,6787,11883,11884
6775,6788,11884,11885
6775,6773,11885,11886
6775,6772,11886,11887
6775,6771,11887,11888
6899,6771,11888,12769
6775,6899,11888,11889
6900,6899,11889,12769
6775,6900,11889,11890
6901,6900,11890,12768
6775,6901,11890,11891
6902,6901,11891,12768
6775,6902,11891,11892
6903,6902,11892,12767
6775,6903,11892,11893
6904,6903,11893,12766
6775,6904,11893,11894
6905,6904,11894,12766
6775,6905,11894,11895
6906,6905,11895,12462
6775,6906,11895,11896
6907,6906,11896,12541
6775,6907,11896,11912
6908,6909,11897,12540
6909,6907,11897,12541
6907,6908,11897,11912
6910,6911,11898,11939
6911,6908,11898,12540
6908,6910,11898,11899
6912,6910,11899,11938
6908,6912,11899,11900
6913,6912,11900,12351
6908,6913,11900,11901
6796,6913,11901,12350
6908,6796,11901,11902
6908,6795,11902,11903
6908,6794,11903,11904
6908,6793,11904,11905
6908,6792,11905,11906
6908,6791,11906,11907
6908,6790,11907,11908
6908,6783,11908,11909
6908,6784,11909,11910
6908,6779,11910,11911
6908,6775,11911,11912
6914,6915,11913,14694
6915,6916,11913,14695
6916,6914,11913,11914
6917,6914,11914,14693
6916,6917,11914,11929
6918,6919,11915,-36
6919,6917,11915,14692
6917,6918,11915,11916
6920,6918,11916,-36
6917,6920,11916,11917
6921,6920,11917,12167
6917,6921,11917,11930
6922,6923,11918,12168
6923,6921,11918,12167
6921,6922,11918,11931
6924,6925,11919,12169
6925,6922,11919,12168
6922,6924,11919,11932
6926,6927,11920,14649
6927,6924,11920,12170
6924,6926,11920,11933
6928,6929,11921,14648
6929,6926,11921,14661
6926,6928,11921,11933
6930,6931,11922,14646
6931,6928,11922,14647
6928,6930,11922,11934
6932,6933,11923,14644
6933,6930,11923,14645
6930,6932,11923,11924
6826,6932,11924,14679
6930,6826,11924,11925
6934,6826,11925,14637,29
6930,6934,11925,11926
6935,6934,11926,14636,29
6930,6935,11926,11927
6715,6935,11927,14635,29
6930,6715,11927,11928
6916,6715,11928,14696
6930,6916,11928,11929
6930,6917,11929,11930
6930,6921,11930,11931
6930,6922,11931,11932
6930,6924,11932,11934
6924,6928,11933,11934
6803,6797,11935,11936
6803,6798,11936,11937
6936,6798,11937,12352
6803,6936,11937,11957
6912,6936,11938,12352
6936,6910,11938,11939
6936,6911,11939,11940
6937,6911,11940,12544
6936,6937,11940,11958
6938,6939,11941,12543
6939,6937,11941,12544
6937,6938,11941,11942
6940,6938,11942,12464
6937,6940,11942,11943
6941,6940,11943,12465
6937,6941,11943,11944
6942,6941,11944,12466
6937,6942,11944,11959
6943,6944,11945,12467
6944,6942,11945,12466
6942,6943,11945,11960
6945,6946,11946,12478
6946,6943,11946,12467
6943,6945,11946,11947
6818,6945,11947,12362
6943,6818,11947,11948
6943,6817,11948,11949
6943,6815,11949,11950
6943,6816,11950,11961
6816,6814,11951,11961
6814,6809,11952,11953
6814,6810,11953,11962
6811,6808,11954,11964
6808,6806,11955,11965
6806,6803,11956,11957
6806,6936,11957,11958
6806,6937,11958,11959
6806,6942,11959,11960
6806,6943,11960,11965
6943,6814,11961,11962
6943,6810,11962,11963
6943,6811,11963,11964
6943,6808,11964,11965
6686,6712,11966,11967
6686,6711,11967,11968
6686,6689,11968,11970
6689,6687,11969,11970
6670,6886,11971,-36
6886,6668,11971,11972
6886,6879,11972,11978
6880,6882,11973,11974
6880,6883,11974,11975
6880,6885,11975,11976
6880,6884,11976,11977
6880,6887,11977,11979
6887,6879,11978,11979
6947,6726,11980,-1
6727,6947,11980,11981
6948,6947,11981,12699
6727,6948,11981,11982
6949,6948,11982,12702
6727,6949,11982,11983
6950,6949,11983,12701
6727,6950,11983,11984
6759,6950,11984,12901
6727,6759,11984,11985
6727,6739,11985,11986
6727,6735,11986,11987
6727,6736,11987,11988
6727,6737,11988,11994
6737,6734,11989,11994
6734,6730,11990,11991
6734,6731,11991,11995
6731,6728,11992,11993
6731,6727,11993,11995
6727,6734,11994,11995
6951,6952,11996,12080
6952,6953,11996,12067
6953,6951,11996,12000
6954,6955,11997,14625,193
6955,6951,11997,14626,193
6951,6954,11997,12000
6956,6957,11998,15039
6957,6954,11998,14625,193
6954,6956,11998,11999
6953,6956,11999,15038
6954,6953,11999,12000
6843,6861,12001,12002
6843,472,12002,12005
6857,473,12003,12059
472,6857,12003,12004
472,6858,12004,12005
717,714,12006,12030
6958,712,12007,12044
714,6958,12007,12008
6959,6958,12008,12043
714,6959,12008,12009
6960,6959,12009,12042
714,6960,12009,12031
6961,6962,12010,12040
6962,6960,12010,12041
6960,6961,12010,12032
433,6963,12011,12038
6963,6964,12011,12039
6964,433,12011,12012
6964,432,12012,12013
6964,431,12013,12014
6964,6862,12014,12015
6964,6863,12015,12033
6863,6870,12016,12017
6965,6870,12017,14588,193
6863,6965,12017,12018
6966,6965,12018,14588,193
6863,6966,12018,12019
6967,6966,12019,14587,193
6863,6967,12019,12020
6968,6967,12020,14587,193
6863,6968,12020,12021
6969,6968,12021,14586,193
6863,6969,12021,12022
6970,6969,12022,14585,193
6863,6970,12022,12034
6971,6972,12023,14608,193
6972,6970,12023,14585,193
6970,6971,12023,12035
618,6971,12024,14607,193
6971,726,12024,12036
726,723,12025,12026
726,724,12026,12037
724,720,12027,12028
6973,720,12028,14624,193
724,6973,12028,12029
717,6973,12029,14624,193
724,717,12029,12030
724,714,12030,12031
724,6960,12031,12032
724,6961,12032,12037
6964,6961,12033,12039
6961,6863,12033,12034
6961,6970,12034,12035
6961,6971,12035,12036
6961,726,12036,12037
434,6963,12038,12051
6963,6961,12039,12040
6963,6962,12040,12041
6963,6960,12041,12042
6963,6959,12042,12043
6963,6958,12043,12052
6958,713,12044,12052
713,477,12045,12046
6974,477,12046,14583,193
713,6974,12046,12047
6975,6974,12047,14579
713,6975,12047,12048
6976,6975,12048,14678
713,6976,12048,12049
435,6976,12049,14677
713,435,12049,12050
713,434,12050,12051
713,6963,12051,12052
6977,6978,12053,14581,193
6978,6851,12053,14582,193
6851,6977,12053,12062
6974,6979,12054,14579,193
6979,6977,12054,14580,193
6977,6974,12054,12055
6980,6974,12055,14584
6977,6980,12055,12056
476,6980,12056,14584
6977,476,12056,12063
476,474,12057,12058
476,473,12058,12064
473,6854,12059,12064
6855,6853,12060,12066
6853,6851,12061,12062
6853,6977,12062,12063
6853,476,12063,12066
476,6854,12064,12065
476,6855,12065,12066
6981,6953,12067,15037
6952,6981,12067,12068
6982,6981,12068,12086
6952,6982,12068,12069
6983,6982,12069,12087
6952,6983,12069,12081
6984,6985,12070,12090
6985,6986,12070,12089
6986,6984,12070,12071
6987,6984,12071,12091
6986,6987,12071,12082
6988,6989,12072,12127
6989,6987,12072,12091
6987,6988,12072,12073
6990,6988,12073,12139
6987,6990,12073,12074
6991,6990,12074,12092
6987,6991,12074,12075
6992,6991,12075,12092
6987,6992,12075,12082
6993,6994,12076,12094
6994,6992,12076,12093
6992,6993,12076,12077
6995,6993,12077,14669
6992,6995,12077,12083
6996,6997,12078,14632
6997,6995,12078,14668
6995,6996,12078,12079
6998,6996,12079,14578,193
6995,6998,12079,12083
6951,6998,12080,14578,193
6998,6952,12080,12081
6998,6983,12081,12084
6986,6992,12082,12085
6992,6998,12083,12084
6992,6983,12084,12085
6986,6983,12085,12088
6981,6999,12086,15037
6999,6982,12086,12087
6999,6983,12087,12088
6999,6986,12088,12089
6999,6985,12089,12090
6999,6984,12090,12126
6984,6989,12091,12126
6990,6992,12092,12093
6990,6994,12093,12128
7000,6993,12094,14669
6994,7000,12094,12095
7001,7000,12095,14590
6994,7001,12095,12096
7002,7001,12096,14611
6994,7002,12096,12097
7003,7002,12097,14591
6994,7003,12097,12098
7004,7003,12098,14591
6994,7004,12098,12099
7005,7004,12099,14592
6994,7005,12099,12128
7006,7007,12100,14612
7007,7005,12100,14593
7005,7006,12100,12101
7008,7006,12101,14613
7005,7008,12101,12102
7009,7008,12102,-1829
7005,7009,12102,12129
7010,7011,12103,14622
7011,7009,12103,-1829
7009,7010,12103,12104
7012,7010,12104,-1829
7009,7012,12104,12105
7013,7012,12105,-1829
7009,7013,12105,12106
7014,7013,12106,14595
7009,7014,12106,12130
7015,7016,12107,14615
7016,7017,12107,14597
7017,7015,12107,12108
7018,7015,12108,14598
7017,7018,12108,12109
7019,7018,12109,14598
7017,7019,12109,12131
7020,7021,12110,14600
7021,7019,12110,14599
7019,7020,12110,12111
7022,7020,12111,14600
7019,7022,12111,12112
7023,7022,12112,12513
7019,7023,12112,12113
7024,7023,12113,12483
7019,7024,12113,12114
7025,7024,12114,12483
7019,7025,12114,12132
7026,7027,12115,12520
7027,7028,12115,12519
7028,7026,12115,12134
7029,7030,12116,12404
7030,7026,12116,12521
7026,7029,12116,12117
7031,7029,12117,12405
7026,7031,12117,12118
7032,7031,12118,12406
7026,7032,12118,12119
7033,7032,12119,12406
7026,7033,12119,12134
7034,7035,12120,12433
7035,7036,12120,12408
7036,7034,12120,12121
7037,7034,12121,12409
7036,7037,12121,12122
7038,7037,12122,15032
7036,7038,12122,12136
7039,7040,12123,15034
7040,7038,12123,15033
7038,7039,12123,12137
7041,7042,12124,15036
7042,7039,12124,15035
7039,7041,12124,12125
6999,7041,12125,15036
7039,6999,12125,12138
6999,6989,12126,12127
6999,6988,12127,12138
6990,7005,12128,12129
6990,7009,12129,12130
6990,7014,12130,12140
7017,7014,12131,14596
7014,7019,12131,12132
7014,7025,12132,12133
7028,7025,12133,12518
7014,7028,12133,12141
7028,7033,12134,12135
7036,7033,12135,12407
7028,7036,12135,12136
7028,7038,12136,12137
7028,7039,12137,12141
7039,6988,12138,12139
7039,6990,12139,12140
7039,7014,12140,12141
7043,7044,12142,14690
7044,7045,12142,14691
7045,7043,12142,12143
7046,7043,12143,14689
7045,7046,12143,12161
7047,7048,12144,14571,193
7048,7046,12144,14688
7046,7047,12144,12145
7049,7047,12145,14571,193
7046,7049,12145,12146
7050,7049,12146,14570,193
7046,7050,12146,12162
7051,7052,12147,12265
7052,7050,12147,14570,193
7050,7051,12147,12148
7053,7051,12148,12265
7050,7053,12148,12149
7054,7053,12149,12264
7050,7054,12149,12150
7055,7054,12150,12481
7050,7055,12150,12151
7056,7055,12151,12261
7050,7056,12151,12152
7057,7056,12152,12214
7050,7057,12152,12163
7058,7059,12153,12216
7059,7057,12153,12215
7057,7058,12153,12164
7060,7061,12154,12218
7061,7058,12154,12217
7058,7060,12154,12165
7062,7063,12155,12191
7063,7060,12155,12219
7060,7062,12155,12156
7064,7062,12156,12175
7060,7064,12156,12165
7065,7066,12157,-36
7066,7064,12157,-36
7064,7065,12157,12158
7067,7065,12158,12176
7064,7067,12158,12159
7068,7067,12159,14707
7064,7068,12159,12160
7045,7068,12160,14691
7064,7045,12160,12161
7064,7046,12161,12162
7064,7050,12162,12163
7064,7057,12163,12164
7064,7058,12164,12165
7069,6919,12166,-37
6919,7067,12166,14692
7067,7069,12166,12177
6920,6923,12167,12179
6923,6925,12168,12169
6923,6924,12169,12170
6923,6927,12170,12171
7070,6927,12171,14649
6923,7070,12171,12172
7071,7070,12172,12312
6923,7071,12172,12173
7072,7071,12173,12313
6923,7072,12173,12174
7062,7072,12174,12191
6923,7062,12174,12175
6923,7064,12175,12179
7065,7073,12176,-37
7073,7067,12176,12177
7073,7069,12177,12178
6920,7069,12178,-37
7073,6920,12178,12180
6920,7064,12179,12180
7073,7064,12180,-37
7074,7075,12181,12366
7075,7076,12181,12353
7076,7074,12181,12190
6819,7077,12182,12364
7077,7074,12182,12365
7074,6819,12182,12183
7074,6708,12183,12184
7074,6710,12184,12185
7074,6877,12185,12186
7074,6875,12186,12187
7074,6876,12187,12190
6876,6873,12188,12189
7076,6873,12189,14569,29
6876,7076,12189,12190
7063,7072,12191,12192
7078,7072,12192,12238
7063,7078,12192,12220
7079,7080,12193,12239
7080,7078,12193,12238
7078,7079,12193,12220
7081,7082,12194,12240
7082,7083,12194,12316
7083,7081,12194,12195
7084,7081,12195,12240
7083,7084,12195,12221
7085,7086,12196,12242
7086,7084,12196,12241
7084,7085,12196,12197
7087,7085,12197,12243
7084,7087,12197,12231
7088,7089,12198,12244
7089,7087,12198,12243
7087,7088,12198,12227
7090,7091,12199,12245
7091,7088,12199,12244
7088,7090,12199,12222
7092,7093,12200,12246
7093,7090,12200,12320
7090,7092,12200,12201
7094,7092,12201,12246
7090,7094,12201,12202
7095,7094,12202,12322
7090,7095,12202,12203
7096,7095,12203,12247
7090,7096,12203,12204
7097,7096,12204,12247
7090,7097,12204,12222
7098,7099,12205,12338
7099,7097,12205,12248
7097,7098,12205,12223
7100,7101,12206,12252
7101,7102,12206,12251
7102,7100,12206,12207
7103,7100,12207,12252
7102,7103,12207,12229
7104,7105,12208,12325
7105,7106,12208,12254
7106,7104,12208,12209
7107,7104,12209,12255
7106,7107,12209,12210
7108,7107,12210,12255
7106,7108,12210,12224
7109,7110,12211,12257
7110,7108,12211,12256
7108,7109,12211,12225
7111,7112,12212,12258
7112,7109,12212,12257
7109,7111,12212,12226
7113,7114,12213,12260
7114,7111,12213,12259
7111,7113,12213,12230
7056,7113,12214,12260
7113,7057,12214,12215
7113,7059,12215,12216
7113,7058,12216,12217
7113,7061,12217,12218
7113,7060,12218,12219
7113,7063,12219,12233
7063,7079,12220,12237
7083,7079,12221,12239
7079,7084,12221,12234
7088,7097,12222,12223
7088,7098,12223,12227
7106,7103,12224,12253
7103,7108,12224,12225
7103,7109,12225,12226
7103,7111,12226,12229
7087,7098,12227,12228
7115,7098,12228,12249
7087,7115,12228,12231
7102,7111,12229,12230
7102,7113,12230,12232
7084,7115,12231,12234
7102,7116,12232,12251
7116,7113,12232,12233
7116,7063,12233,12236
7079,7115,12234,12235
7117,7115,12235,12249
7079,7117,12235,12237
7116,7117,12236,12250
7117,7063,12236,12237
7072,7080,12238,12314
7080,7083,12239,12315
7082,7084,12240,12241
7082,7086,12241,12242
7082,7085,12242,12317
7085,7089,12243,12318
7089,7091,12244,12245
7089,7090,12245,12319
7093,7094,12246,12321
7095,7097,12247,12248
7095,7099,12248,12322
7098,7117,12249,12250
7098,7116,12250,12323
7116,7101,12251,12323
7101,7103,12252,12253
7101,7106,12253,12254
7101,7105,12254,12324
7104,7108,12255,12256
7104,7110,12256,12339
7110,7112,12257,12258
7110,7111,12258,12259
7110,7114,12259,12326
7114,7056,12260,12261
7114,7055,12261,12262
7118,7055,12262,12481
7114,7118,12262,12263
7119,7118,12263,12482
7114,7119,12263,12326
7054,7119,12264,12482
7119,7053,12264,12327
7053,7052,12265,12266
7120,7052,12266,14563,193
7053,7120,12266,12267
7121,7120,12267,14562,193
7053,7121,12267,12327
7122,7123,12268,14561,193
7123,7121,12268,14562,193
7121,7122,12268,12328
7124,7125,12269,14271
7125,7122,12269,14560,193
7122,7124,12269,12329
7126,7127,12270,14270
7127,7124,12270,14271
7124,7126,12270,12330
7128,7129,12271,14269
7129,7126,12271,14270
7126,7128,12271,12272
7130,7128,12272,14268
7126,7130,12272,12330
7131,7132,12273,13126
7132,7130,12273,14267
7130,7131,12273,12342
7133,7134,12274,13128
7134,7131,12274,13127
7131,7133,12274,12275
7135,7133,12275,13173
7131,7135,12275,12276
7136,7135,12276,13169
7131,7136,12276,12277
7137,7136,12277,12989
7131,7137,12277,12278
7138,7137,12278,12990
7131,7138,12278,12331
7139,7140,12279,12753
7140,7138,12279,12752
7138,7139,12279,12331
7141,7142,12280,12957
7142,7143,12280,-2595
7143,7141,12280,12281
7144,7141,12281,12958
7143,7144,12281,12333
7145,7146,12282,-43554
7146,7147,12282,-43554
7147,7145,12282,12283
7148,7145,12283,-43554
7147,7148,12283,12335
7149,7150,12284,12756
7150,7148,12284,12955
7148,7149,12284,12285
7151,7149,12285,12757
7148,7151,12285,12286
7152,7151,12286,12758
7148,7152,12286,12287
7153,7152,12287,12765
7148,7153,12287,12288
7154,7153,12288,12762
7148,7154,12288,12289
7155,7154,12289,12759
7148,7155,12289,12335
7156,7157,12290,12760
7157,7155,12290,12759
7155,7156,12290,12336
7158,7159,12291,12764
7159,7156,12291,12763
7156,7158,12291,12292
7160,7158,12292,12749
7156,7160,12292,12293
7161,7160,12293,14532
7156,7161,12293,12294
7162,7161,12294,-2595
7156,7162,12294,12295
7163,7162,12295,-2595
7156,7163,12295,12296
7164,7163,12296,-2595
7156,7164,12296,12297
7165,7164,12297,-2595
7156,7165,12297,12336
7166,7167,12298,12373
7167,7165,12298,12546
7165,7166,12298,12337
7168,7169,12299,12372
7169,7166,12299,12373
7166,7168,12299,12300
7170,7168,12300,14662
7166,7170,12300,12301
6898,7170,12301,14667
7166,6898,12301,12302
7171,6898,12302,14552,29
7166,7171,12302,12303
6895,7171,12303,14552,29
7166,6895,12303,12304
7172,6895,12304,14657
7166,7172,12304,12305
7173,7172,12305,14656
7166,7173,12305,12306
7174,7173,12306,14655
7166,7174,12306,12307
7175,7174,12307,14654
7166,7175,12307,12308
7176,7175,12308,14653
7166,7176,12308,12309
7177,7176,12309,14652
7166,7177,12309,12310
7178,7177,12310,14651
7166,7178,12310,12311
7070,7178,12311,14650
7166,7070,12311,12312
7166,7071,12312,12313
7166,7072,12313,12314
7166,7080,12314,12315
7166,7083,12315,12316
7166,7082,12316,12317
7166,7085,12317,12318
7166,7089,12318,12319
7166,7090,12319,12320
7166,7093,12320,12321
7166,7094,12321,12337
7094,7099,12322,12347
7098,7101,12323,12324
7098,7105,12324,12325
7098,7104,12325,12338
7110,7119,12326,12339
7119,7121,12327,12328
7119,7122,12328,12329
7119,7124,12329,12340
7124,7130,12330,12341
7131,7139,12331,12332
7143,7139,12332,-2595
7131,7143,12332,12333
7131,7144,12333,12334
7179,7144,12334,-43554
7131,7179,12334,12343
7147,7155,12335,12345
7155,7165,12336,12346
7165,7094,12337,12346
7099,7104,12338,12348
7104,7119,12339,12340
7104,7124,12340,12341
7104,7130,12341,12342
7104,7131,12342,12343
7104,7179,12343,12344
7147,7179,12344,-43554
7104,7147,12344,12345
7104,7155,12345,12348
7155,7094,12346,12347
7155,7099,12347,12348
6798,6796,12349,12350
6798,6913,12350,12351
6798,6912,12351,12352
7180,7076,12353,14551,29
7075,7180,12353,12354
7181,7180,12354,14522
7075,7181,12354,12355
7182,7181,12355,14526,29
7075,7182,12355,12366
7183,7184,12356,14525,29
7184,7182,12356,14526,29
7182,7183,12356,12367
7185,7186,12357,14543,29
7186,7183,12357,14525,29
7183,7185,12357,12358
7187,7185,12358,14524,29
7183,7187,12358,12359
7188,7187,12359,14523,29
7183,7188,12359,12368
7189,7190,12360,14541,29
7190,7188,12360,14523,29
7188,7189,12360,12361
6945,7189,12361,12468
7188,6945,12361,12362
7188,6818,12362,12363
7188,6819,12363,12364
7188,7077,12364,12365
7188,7074,12365,12368
7074,7182,12366,12367
7074,7183,12367,12368
7191,7180,12369,14551
7180,7192,12369,14522,29
7192,7191,12369,12381
7193,7194,12370,14664
7194,7191,12370,14568
7191,7193,12370,12371
7195,7193,12371,14663
7191,7195,12371,12382
7168,7195,12372,14662
7195,7169,12372,12383
7169,7167,12373,12374
7196,7167,12374,12546
7169,7196,12374,12375
7197,7196,12375,14530
7169,7197,12375,12376
7198,7197,12376,14529
7169,7198,12376,12377
7199,7198,12377,14528
7169,7199,12377,12383
7200,7201,12378,14545
7201,7199,12378,14528
7199,7200,12378,12379
7181,7200,12379,14527
7199,7181,12379,12380
7192,7181,12380,14522,29
7199,7192,12380,12381
7199,7191,12381,12382
7199,7195,12382,12383
7202,7203,12384,12410
7203,7204,12384,15070
7204,7202,12384,12385
7205,7202,12385,12410
7204,7205,12385,12386
7206,7205,12386,12427
7204,7206,12386,12387
7207,7206,12387,12411
7204,7207,12387,12388
7208,7207,12388,12411
7204,7208,12388,12397
7209,7210,12389,-1829
7210,7208,12389,-1829
7208,7209,12389,12390
7211,7209,12390,12413
7208,7211,12390,12398
7212,7213,12391,12443
7213,7211,12391,12413
7211,7212,12391,12399
7214,7215,12392,12414
7215,7212,12392,12444
7212,7214,12392,12399
7216,7217,12393,12438
7217,7214,12393,12414
7214,7216,12393,12394
7218,7216,12394,12415
7214,7218,12394,12400
7219,7220,12395,15030
7220,7218,12395,12415
7218,7219,12395,12396
7204,7219,12396,15031
7218,7204,12396,12397
7218,7208,12397,12398
7218,7211,12398,12400
7211,7214,12399,12400
7221,7222,12401,12524
7222,7223,12401,12525
7223,7221,12401,12402
7224,7221,12402,12523
7223,7224,12402,12423
7030,7225,12403,12522
7225,7224,12403,12523
7224,7030,12403,12404
7224,7029,12404,12405
7224,7031,12405,12424
7031,7033,12406,12407
7031,7036,12407,12408
7031,7035,12408,12425
7203,7037,12409,15032
7034,7203,12409,12426
7203,7205,12410,12426
7206,7208,12411,12412
7226,7208,12412,-1830
7206,7226,12412,12428
7209,7213,12413,12437
7215,7217,12414,12440
7216,7220,12415,12416
7227,7220,12416,15029
7216,7227,12416,12434
7228,7229,12417,14445,193
7229,7230,12417,14431
7230,7228,12417,12418
7231,7228,12418,14444,193
7230,7231,12418,12430
7232,7233,12419,14493,193
7233,7234,12419,14486,193
7234,7232,12419,12420
7235,7232,12420,14443,193
7234,7235,12420,12431
7236,7237,12421,14440,193
7237,7238,12421,14441,193
7238,7236,12421,12442
7239,7240,12422,14438,193
7240,7241,12422,14439,193
7241,7239,12422,12432
7223,7239,12423,14437,193
7239,7224,12423,12424
7239,7031,12424,12425
7239,7035,12425,12432
7034,7205,12426,12427
7034,7206,12427,12428
7034,7226,12428,12429
7209,7226,12429,-1830
7034,7209,12429,12433
7230,7227,12430,15028
7227,7231,12430,12434
7234,7231,12431,14444,193
7231,7235,12431,12435
7241,7035,12432,12436
7035,7209,12433,12436
7216,7231,12434,12435
7216,7235,12435,12438
7241,7209,12436,12437
7241,7213,12437,12439
7217,7235,12438,12440
7241,7236,12439,14439,193
7236,7213,12439,12442
7215,7235,12440,12441
7238,7235,12441,14442,193
7215,7238,12441,12444
7238,7213,12442,12443
7238,7212,12443,12444
7242,7243,12445,15174
7243,7244,12445,14408,193
7244,7242,12445,15173
7245,7246,12446,14538
7246,7247,12446,14539
7247,7245,12446,12470
7248,7249,12447,14549
7249,7245,12447,14538
7245,7248,12447,12448
7250,7248,12448,14537
7245,7250,12448,12470
7251,7252,12449,14536
7252,7250,12449,14537
7250,7251,12449,12450
7253,7251,12450,12843
7250,7253,12450,12471
7254,7255,12451,12844
7255,7253,12451,12843
7253,7254,12451,12472
7256,7257,12452,12846
7257,7254,12452,12845
7254,7256,12452,12473
7258,7259,12453,12847
7259,7256,12453,12846
7256,7258,12453,12474
7260,7261,12454,12848
7261,7258,12454,12847
7258,7260,12454,12455
7262,7260,12455,12849
7258,7262,12455,12475
7263,7264,12456,12870
7264,7262,12456,12849
7262,7263,12456,12457
7265,7263,12457,12850
7262,7265,12457,12458
7266,7265,12458,12850
7262,7266,12458,12459
7267,7266,12459,12774
7262,7267,12459,12460
7268,7267,12460,12775
7262,7268,12460,12461
6905,7268,12461,12776
7262,6905,12461,12462
7262,6906,12462,12463
6938,6906,12463,12542
7262,6938,12463,12464
7262,6940,12464,12465
7262,6941,12465,12476
6941,6944,12466,12476
6944,6946,12467,12477
7269,7189,12468,12469,29
6945,7269,12468,12478
7247,7189,12469,14540
7269,7247,12469,12479
7247,7250,12470,12471
7247,7253,12471,12472
7247,7254,12472,12473
7247,7256,12473,12474
7247,7258,12474,12475
7247,7262,12475,12480
7262,6944,12476,12477
7262,6946,12477,12480
6946,7269,12478,12479
6946,7247,12479,12480
7054,7118,12481,12482
7025,7023,12483,12487
7270,7271,12484,12515
7271,7023,12484,12514
7023,7270,12484,12488
7272,7273,12485,12516
7273,7270,12485,12515
7270,7272,12485,12488
7025,7274,12486,12517
7274,7272,12486,12516
7272,7025,12486,12487
7272,7023,12487,12488
7275,7276,12489,14447
7276,7277,12489,15164
7277,7275,12489,12490
7278,7275,12490,14448
7277,7278,12490,12491
7279,7278,12491,14449
7277,7279,12491,12495
7280,7281,12492,14450
7281,7279,12492,14474
7279,7280,12492,12495
7282,7283,12493,14451
7283,7284,12493,14475
7284,7282,12493,12494
7277,7282,12494,15163
7284,7277,12494,12496
7277,7280,12495,12496
7284,7280,12496,14450
7285,7286,12497,14500
7286,7287,12497,14501
7287,7285,12497,12498
7288,7285,12498,14380,193
7287,7288,12498,12527
7289,7290,12499,14519
7290,7288,12499,14380,193
7288,7289,12499,12500
7291,7289,12500,14518
7288,7291,12500,12528
641,7292,12501,14301,193
7292,7291,12501,14518
7291,641,12501,12502
7291,639,12502,12503
7291,637,12503,12504
7291,638,12504,12529
638,635,12505,12506
638,634,12506,12530
634,632,12507,12508
634,631,12508,12538
629,626,12509,12510
629,627,12510,12531
627,625,12511,12512
7022,625,12512,14601
627,7022,12512,12513
627,7023,12513,12514
627,7271,12514,12532
7271,7273,12515,12533
7273,7274,12516,12517
7273,7025,12517,12518
7273,7028,12518,12519
7273,7027,12519,12520
7273,7026,12520,12521
7273,7030,12521,12522
7273,7225,12522,12533
7225,7221,12523,12524
7225,7222,12524,12534
7293,7223,12525,14376,193
7222,7293,12525,12535
7294,7295,12526,14375,193
7295,7293,12526,14376,193
7293,7294,12526,12536
7287,7294,12527,14375,193
7294,7288,12527,12528
7294,7291,12528,12529
7294,638,12529,12530
7294,634,12530,12537
628,627,12531,12532
628,7271,12532,12539
7271,7225,12533,12534
7271,7222,12534,12535
7271,7293,12535,12536
7271,7294,12536,12537
7271,634,12537,12538
7271,631,12538,12539
6911,6909,12540,12545
6909,6906,12541,12542
6909,6938,12542,12543
6909,6939,12543,12545
6939,6911,12544,12545
7165,7196,12546,12550
7296,7161,12547,-2596
7161,7196,12547,14531
7196,7296,12547,12548
7163,7296,12548,-2596
7196,7163,12548,12549
7297,7163,12549,-2596
7196,7297,12549,12550
7165,7297,12550,-2596
7298,7299,12551,14454
7299,7300,12551,14453
7300,7298,12551,12581
7301,7302,12552,14477
7302,7298,12552,14454
7298,7301,12552,12553
7303,7301,12553,14455
7298,7303,12553,12581
7304,7305,12554,14478
7305,7306,12554,14458
7306,7304,12554,12584
7307,7308,12555,14460
7308,7309,12555,14459
7309,7307,12555,12585
7310,7311,12556,14498
7311,7307,12556,14460
7307,7310,12556,12557
7312,7310,12557,14461
7307,7312,12557,12586
7313,7314,12558,14492
7314,7312,12558,14461
7312,7313,12558,12559
7315,7313,12559,14462
7312,7315,12559,12587
7316,7317,12560,14463
7317,7315,12560,14462
7315,7316,12560,12561
7318,7316,12561,14480
7315,7318,12561,12591
7319,7320,12562,14465
7320,7321,12562,14464
7321,7319,12562,12593
7322,7323,12563,14482
7323,7319,12563,14481
7319,7322,12563,12564
7324,7322,12564,14466
7319,7324,12564,12588
7325,7326,12565,14484
7326,7324,12565,14466
7324,7325,12565,12588
7327,7328,12566,14313
7328,7325,12566,14467
7325,7327,12566,12567
7329,7327,12567,12995
7325,7329,12567,12568
7330,7329,12568,13001
7325,7330,12568,12569
7331,7330,12569,13000
7325,7331,12569,12570
7332,7331,12570,12937
7325,7332,12570,12571
7333,7332,12571,12937
7325,7333,12571,12572
7334,7333,12572,12950
7325,7334,12572,12573
7335,7334,12573,12936
7325,7335,12573,12574
7336,7335,12574,12935
7325,7336,12574,12575
7337,7336,12575,12934
7325,7337,12575,12576
7338,7337,12576,15161
7325,7338,12576,12577
7339,7338,12577,15162
7325,7339,12577,12578
7282,7339,12578,15162
7325,7282,12578,12579
7340,7282,12579,14451
7325,7340,12579,12580
7300,7340,12580,14452
7325,7300,12580,12589
7300,7303,12581,12582
7341,7303,12582,14455
7300,7341,12582,12583
7342,7341,12583,14456
7300,7342,12583,12594
7306,7342,12584,14457
7342,7304,12584,12590
7309,7304,12585,14459
7304,7307,12585,12586
7304,7312,12586,12587
7304,7315,12587,12590
7319,7325,12588,12589
7319,7300,12589,12593
7342,7315,12590,12591
7342,7318,12591,12592
7321,7318,12592,14464
7342,7321,12592,12594
7321,7300,12593,12594
693,695,12595,12653
695,698,12596,12654
698,699,12597,12598
698,701,12598,12599
7343,701,12599,12902
698,7343,12599,12600
7344,7343,12600,12913
698,7344,12600,12601
7345,7344,12601,12912
698,7345,12601,12655
7346,7347,12602,12911
7347,7345,12602,12912
7345,7346,12602,12603
7348,7346,12603,13075
7345,7348,12603,12604
7349,7348,12604,13075
7345,7349,12604,12656
7350,7351,12605,13005
7351,7352,12605,13079
7352,7350,12605,12658
7353,7354,12606,13035
7354,7350,12606,13005
7350,7353,12606,12607
7355,7353,12607,13004
7350,7355,12607,12658
7356,7357,12608,13003
7357,7355,12608,13004
7355,7356,12608,12659
7358,7359,12609,13050
7359,7360,12609,13033
7360,7358,12609,12610
7361,7358,12610,13032
7360,7361,12610,12611
7362,7361,12611,13031
7360,7362,12611,12660
7363,7364,12612,13044
7364,7362,12612,13031
7362,7363,12612,12613
7365,7363,12613,13030
7362,7365,12613,12660
7366,7367,12614,13029
7367,7365,12614,13030
7365,7366,12614,12661
7368,7369,12615,13028
7369,7366,12615,13029
7366,7368,12615,12616
7370,7368,12616,13027
7366,7370,12616,12697
7371,7372,12617,13049
7372,7373,12617,13025
7373,7371,12617,12618
7374,7371,12618,13024
7373,7374,12618,12662
7375,7376,12619,13023
7376,7374,12619,13024
7374,7375,12619,12663
7377,7378,12620,13022
7378,7375,12620,13023
7375,7377,12620,12664
7379,7380,12621,13020
7380,7377,12621,13021
7377,7379,12621,12665
7381,7382,12622,13018
7382,7383,12622,13019
7383,7381,12622,12666
7384,7385,12623,13017
7385,7381,12623,13018
7381,7384,12623,12667
7386,7387,12624,13016
7387,7384,12624,13017
7384,7386,12624,12625
7388,7386,12625,13498
7384,7388,12625,12626
7389,7388,12626,14384
7384,7389,12626,12627
646,7389,12627,14385
7384,646,12627,12668
646,648,12628,12668
648,651,12629,12669
651,653,12630,12670
654,657,12631,12672
657,659,12632,12673
660,663,12633,12634
660,662,12634,12635
660,665,12635,12674
668,7390,12636,-2597
7390,664,12636,-2597
664,668,12636,12675
668,670,12637,12676
670,672,12638,12677
671,675,12639,12640
671,674,12640,12641
671,678,12641,12642
7391,678,12642,-2597
671,7391,12642,12678
676,7391,12643,-2597
7391,680,12643,12679
680,721,12644,12645
680,683,12645,12646
680,682,12646,12680
682,685,12647,12680
684,689,12648,12649
684,688,12649,12650
684,687,12650,12682
687,692,12651,12652
687,691,12652,12683
691,695,12653,12654
691,698,12654,12655
691,7345,12655,12656
691,7349,12656,12657
7352,7349,12657,13080
691,7352,12657,12684
7352,7355,12658,12659
7352,7356,12659,12684
7360,7365,12660,12661
7360,7366,12661,12687
7373,7392,12662,13025
7392,7374,12662,12663
7392,7375,12663,12664
7392,7377,12664,12665
7392,7379,12665,12688
7383,7379,12666,13019
7379,7381,12666,12667
7379,7384,12667,12689
7384,648,12668,12669
7384,651,12669,12670
7384,653,12670,12671
7384,652,12671,12689
652,657,12672,12673
652,659,12673,12690
658,665,12674,12692
665,668,12675,12676
665,670,12676,12677
665,672,12677,12693
672,7391,12678,12679
672,680,12679,12694
680,685,12680,12681
680,684,12681,12682
680,687,12682,12683
680,691,12683,12695
691,7356,12684,12685
7393,7356,12685,13003
691,7393,12685,12686
7394,7393,12686,13034
691,7394,12686,12695
7360,7394,12687,13033
7394,7366,12687,12696
7392,7370,12688,13026
7370,7379,12688,12698
7379,652,12689,12690
7379,659,12690,12691
7379,658,12691,12692
7379,665,12692,12693
7379,672,12693,12694
7379,680,12694,12698
680,7394,12695,12696
680,7366,12696,12697
680,7370,12697,12698
7395,6947,12699,-1
6948,7395,12699,12700
7396,7395,12700,12898
6948,7396,12700,12702
6950,7396,12701,12901
7396,6949,12701,12702
7397,459,12703,14556
460,7397,12703,12704
7398,7397,12704,14557
460,7398,12704,12705
7399,7398,12705,12716
460,7399,12705,12710
7400,7401,12706,12715
7401,7399,12706,12716
7399,7400,12706,12707
7402,7400,12707,12714
7399,7402,12707,12708
456,7402,12708,12789
7399,456,12708,12709
7403,456,12709,-2597
7399,7403,12709,12710
460,7403,12710,-2597
7404,7405,12711,12839
7405,7398,12711,14558
7398,7404,12711,12712
7406,7404,12712,12840
7398,7406,12712,12717
7402,7407,12713,-2596
7407,7406,12713,-2596
7406,7402,12713,12714
7406,7400,12714,12715
7406,7401,12715,12717
7401,7398,12716,12717
7408,7409,12718,12748
7409,7410,12718,-2597
7410,7408,12718,12719
7411,7408,12719,12933
7410,7411,12719,12720
7412,7411,12720,-2597
7410,7412,12720,12721
7413,7412,12721,-2597
7410,7413,12721,12724
7414,7415,12722,-2597
7415,7413,12722,-2597
7413,7414,12722,12724
7410,7416,12723,-2597
7416,7414,12723,-2597
7414,7410,12723,12724
7417,706,12725,14293,193
710,7417,12725,12739
707,7418,12726,14292,193
7418,727,12726,12740
7419,704,12727,14300,193
727,7419,12727,12741
7420,7421,12728,14298,193
7421,7419,12728,14299,193
7419,7420,12728,12729
7422,7420,12729,13074
7419,7422,12729,12730
7423,7422,12730,12968
7419,7423,12730,12731
492,7423,12731,12967
7419,492,12731,12732
7419,490,12732,12733
7419,491,12733,12742
491,488,12734,12735
491,489,12735,12743
489,486,12736,12737
7424,486,12737,14290,193
489,7424,12737,12738
7425,7424,12738,14289,193
489,7425,12738,12744
710,7425,12739,14289,193
7425,7417,12739,12744
7418,7417,12740,14292,193
7417,727,12740,12741
7417,7419,12741,12742
7417,491,12742,12743
7417,489,12743,12744
7426,7427,12745,-2597
7427,7428,12745,-2597
7428,7426,12745,12746
7429,7426,12746,-2597
7428,7429,12746,12747
7408,7429,12747,12930
7428,7408,12747,12748
7428,7409,12748,-2597
7430,7160,12749,14533
7158,7430,12749,12750
7431,7430,12750,12894
7158,7431,12750,12751
7138,7431,12751,12991
7158,7138,12751,12752
7158,7140,12752,12761
7432,7139,12753,-2596
7140,7432,12753,12754
7142,7432,12754,-2596
7140,7142,12754,12755
7150,7142,12755,12956
7140,7150,12755,12756
7140,7149,12756,12757
7140,7151,12757,12758
7140,7152,12758,12761
7154,7157,12759,12760
7154,7156,12760,12762
7158,7152,12761,12764
7153,7156,12762,12763
7153,7159,12763,12765
7159,7152,12764,12765
6905,6903,12766,12767
6905,6902,12767,12776
6902,6900,12768,12780
6900,6771,12769,12781
6771,6767,12770,12777
7433,7434,12771,13057
7434,6767,12771,13058
6767,7433,12771,12777
7435,7436,12772,13055
7436,7433,12772,13056
7433,7435,12772,12778
7266,7437,12773,12851
7437,7435,12773,13054
7435,7266,12773,12774
7435,7267,12774,12775
7435,7268,12775,12779
7268,6902,12776,12779
6771,7433,12777,12778
6771,7435,12778,12781
7435,6902,12779,12780
7435,6900,12780,12781
7438,7439,12782,14255
7439,7440,12782,14284,193
7440,7438,12782,12821
7441,7442,12783,14283,193
7442,7438,12783,14255
7438,7441,12783,12822
7443,7444,12784,14250
7444,7441,12784,14283,193
7441,7443,12784,12785
7445,7443,12785,14249
7441,7445,12785,12786
7406,7445,12786,12841
7441,7406,12786,12787
7446,7406,12787,-1572
7441,7446,12787,12788
7402,7446,12788,-1572
7441,7402,12788,12789
7441,456,12789,12790
7441,455,12790,12791
7441,453,12791,12792
7441,454,12792,12822
454,451,12793,12823
450,448,12794,12825
448,445,12795,12796
448,444,12796,12825
444,442,12797,12798
444,440,12798,12799
7447,440,12799,13322
444,7447,12799,12800
7448,7447,12800,13323
444,7448,12800,12801
7449,7448,12801,-1571
444,7449,12801,12826
7450,7451,12802,13255
7451,7449,12802,-1571
7449,7450,12802,12826
7452,7453,12803,13256
7453,7450,12803,13255
7450,7452,12803,12827
7454,7455,12804,13253
7455,7456,12804,13252
7456,7454,12804,12805
7457,7454,12805,13279
7456,7457,12805,12806
7458,7457,12806,13280
7456,7458,12806,12807
7459,7458,12807,13318
7456,7459,12807,12808
7460,7459,12808,13313
7456,7460,12808,12809
7461,7460,12809,13271
7456,7461,12809,12828
7462,7463,12810,14182
7463,7461,12810,13271
7461,7462,12810,12811
7464,7462,12811,14181
7461,7464,12811,12828
7465,7466,12812,14288,193
7466,7464,12812,14181
7464,7465,12812,12813
7467,7465,12813,14287,193
7464,7467,12813,12814
7468,7467,12814,14286,193
7464,7468,12814,12815
7469,7468,12815,14226
7464,7469,12815,12829
7470,7471,12816,14280,193
7471,7472,12816,14225
7472,7470,12816,12817
7473,7470,12817,14279,193
7472,7473,12817,12818
7474,7473,12818,14254
7472,7474,12818,12819
7475,7474,12819,14254
7472,7475,12819,12820
7440,7475,12820,14284,193
7472,7440,12820,12821
7472,7438,12821,12831
7438,454,12822,12823
7438,451,12823,12824
7438,449,12824,12835
450,444,12825,12832
444,7450,12826,12827
444,7452,12827,12833
7456,7464,12828,12829
7456,7469,12829,12830
7472,7469,12830,14225
7456,7472,12830,12831
7456,7438,12831,12834
449,444,12832,12833
449,7452,12833,12835
7456,7452,12834,13252
7452,7438,12834,12835
7476,7477,12836,14256,193
7477,7478,12836,14257,193
7478,7476,12836,12837
7125,7476,12837,14256,193
7478,7125,12837,12838
7405,7125,12838,14559
7478,7405,12838,12839
7478,7404,12839,12840
7478,7406,12840,12841
7478,7445,12841,12842
7479,7445,12842,14249
7478,7479,12842,14257,193
7251,7255,12843,12844
7251,7254,12844,12845
7251,7257,12845,12866
7257,7259,12846,12867
7259,7261,12847,12848
7259,7260,12848,12868
7260,7264,12849,12869
7263,7266,12850,12851
7263,7437,12851,12852
7480,7437,12852,13054
7263,7480,12852,12853
7481,7480,12853,13066
7263,7481,12853,12870
7482,7483,12854,13065
7483,7481,12854,13066
7481,7482,12854,12871
7484,7485,12855,13174
7485,7482,12855,13064
7482,7484,12855,12856
7486,7484,12856,13081
7482,7486,12856,12872
7487,7488,12857,13090
7488,7486,12857,13091
7486,7487,12857,12858
7489,7487,12858,13089
7486,7489,12858,12873
7490,7491,12859,13295
7491,7489,12859,13088
7489,7490,12859,12860
7492,7490,12860,13302
7489,7492,12860,12861
7493,7492,12861,12882
7489,7493,12861,12874
7494,7495,12862,12881
7495,7493,12862,12882
7493,7494,12862,12875
7496,7497,12863,12880
7497,7494,12863,12881
7494,7496,12863,12876
7498,7499,12864,12878
7499,7496,12864,12879
7496,7498,12864,12865
7251,7498,12865,14536
7496,7251,12865,12866
7496,7257,12866,12867
7496,7259,12867,12868
7496,7260,12868,12869
7496,7264,12869,12876
7264,7481,12870,12871
7264,7482,12871,12872
7264,7486,12872,12873
7264,7489,12873,12874
7264,7493,12874,12875
7264,7494,12875,12876
7500,7501,12877,14535
7501,7430,12877,14534
7430,7500,12877,12895
7498,7500,12878,14547
7500,7499,12878,12879
7500,7496,12879,12880
7500,7497,12880,12896
7497,7495,12881,12897
7495,7492,12882,12883
7502,7492,12883,13302
7495,7502,12883,12884
7503,7502,12884,13332
7495,7503,12884,12885
7504,7503,12885,12980
7495,7504,12885,12886
7505,7504,12886,12979
7495,7505,12886,12887
7506,7505,12887,12979
7495,7506,12887,12888
7507,7506,12888,12978
7495,7507,12888,12889
7508,7507,12889,12978
7495,7508,12889,12890
7509,7508,12890,12993
7495,7509,12890,12891
7510,7509,12891,12977
7495,7510,12891,12892
7511,7510,12892,12976
7495,7511,12892,12897
7431,7512,12893,12991
7512,7511,12893,12976
7511,7431,12893,12894
7511,7430,12894,12895
7511,7500,12895,12896
7511,7497,12896,12897
6761,7395,12898,-1
7396,6761,12898,12899
7396,6758,12899,12900
7396,6759,12900,12901
7343,700,12902,12903
7343,702,12903,12904
7513,702,12904,14294
7343,7513,12904,12905
7514,7513,12905,-2596
7343,7514,12905,12906
7515,7514,12906,13068
7343,7515,12906,12907
7516,7515,12907,13073
7343,7516,12907,12913
7517,7518,12908,13155
7518,7516,12908,13072
7516,7517,12908,12909
7519,7517,12909,13077
7516,7519,12909,12910
7346,7519,12910,13076
7516,7346,12910,12911
7516,7347,12911,12914
7347,7344,12912,12914
7344,7516,12913,12914
7475,7439,12915,14284
7439,7442,12915,14255,193
7442,7475,12915,12916
7520,7475,12916,14253,193
7442,7520,12916,12917
7521,7520,12917,14252,193
7442,7521,12917,12929
7522,7473,12918,14279
7473,7521,12918,14252,193
7521,7522,12918,12919
7523,7522,12919,14278
7521,7523,12919,12920
7524,7523,12920,14263
7521,7524,12920,12921
7525,7524,12921,14262
7521,7525,12921,12922
7526,7525,12922,14261
7521,7526,12922,12923
7527,7526,12923,14260
7521,7527,12923,12924
7528,7527,12924,14259
7521,7528,12924,12925
7479,7528,12925,14258
7521,7479,12925,12926
7529,7479,12926,14251,193
7521,7529,12926,12927
7444,7529,12927,14251,193
7521,7444,12927,12928
7530,7444,12928,14282
7521,7530,12928,12929
7442,7530,12929,14282
7531,7429,12930,-2597
7408,7531,12930,12931
7532,7531,12931,-2597
7408,7532,12931,12932
7533,7532,12932,-2597
7408,7533,12932,12933
7411,7533,12933,-2597
7337,7534,12934,15161
7534,7336,12934,12935
7534,7335,12935,12936
7534,7334,12936,12949
7333,7331,12937,12938
7535,7331,12938,12999
7333,7535,12938,12951
7536,7537,12939,14319
7537,7535,12939,14318
7535,7536,12939,12940
7538,7536,12940,14320
7535,7538,12940,12941
7539,7538,12941,14362
7535,7539,12941,12942
7540,7539,12942,14321
7535,7540,12942,12951
7541,7542,12943,14322
7542,7540,12943,14321
7540,7541,12943,12944
7543,7541,12944,14322
7540,7543,12944,12952
7544,7545,12945,14324
7545,7543,12945,14323
7543,7544,12945,12946
7546,7544,12946,14325
7543,7546,12946,12947
7547,7546,12947,14325
7543,7547,12947,12948
7534,7547,12948,15160
7543,7534,12948,12949
7543,7334,12949,12950
7543,7333,12950,12952
7333,7540,12951,12952
7146,7548,12953,-2596
7548,7549,12953,-2596
7549,7146,12953,12959
7148,7550,12954,-2596
7550,7146,12954,-2596
7146,7148,12954,12955
7146,7150,12955,12956
7146,7142,12956,12957
7146,7141,12957,12958
7146,7144,12958,12959
7549,7144,12959,-2596
7551,7552,12960,14239,193
7552,7553,12960,14240,193
7553,7551,12960,12971
7554,7555,12961,14237,193
7555,7551,12961,14238,193
7551,7554,12961,12972
438,7554,12962,14236,193
7554,497,12962,12972
497,496,12963,12964
497,494,12964,12965
497,493,12965,12966
497,492,12966,12967
497,7423,12967,12968
497,7422,12968,12969
7556,7422,12969,13074
497,7556,12969,12970
7553,7556,12970,14240,193
497,7553,12970,12971
497,7551,12971,12972
7557,7558,12973,14275
7558,7468,12973,14286
7468,7557,12973,12974
7559,7557,12974,14277
7468,7559,12974,12975
7471,7559,12975,14280
7468,7471,12975,14226,193
7512,7510,12976,12977
7512,7509,12977,12992
7508,7506,12978,12994
7506,7504,12979,12980
7506,7503,12980,12981
7560,7503,12981,13332
7506,7560,12981,12982
567,7560,12982,13337
7506,567,12982,12983
7506,568,12983,12984
7506,569,12984,12985
7561,569,12985,13131
7506,7561,12985,12986
7562,7561,12986,13130
7506,7562,12986,12987
7563,7562,12987,13170
7506,7563,12987,12988
7136,7563,12988,13169
7506,7136,12988,12989
7506,7137,12989,12990
7506,7138,12990,12994
7138,7512,12991,12992
7138,7509,12992,12993
7138,7508,12993,12994
7564,7327,12995,14314
7329,7564,12995,12996
7565,7564,12996,14315
7329,7565,12996,12997
7566,7565,12997,14316
7329,7566,12997,13002
7567,7568,12998,14317
7568,7566,12998,14316
7566,7567,12998,13002
7535,7567,12999,14317
7567,7331,12999,13000
7567,7330,13000,13001
7567,7329,13001,13002
7393,7357,13003,13034
7357,7353,13004,13047
7354,7351,13005,13006
7569,7351,13006,13078
7354,7569,13006,13007
7570,7569,13007,13163
7354,7570,13007,13008
7571,7570,13008,13303
7354,7571,13008,13009
7572,7571,13009,13311
7354,7572,13009,13010
7573,7572,13010,13310
7354,7573,13010,13011
7574,7573,13011,13309
7354,7574,13011,13012
7575,7574,13012,13575
7354,7575,13012,13013
7576,7575,13013,13504
7354,7576,13013,13014
7577,7576,13014,13503
7354,7577,13014,13035
7578,7579,13015,13500
7579,7580,13015,13501
7580,7578,13015,13036
7386,7578,13016,13499
7578,7387,13016,13037
7387,7385,13017,13037
7385,7382,13018,13038
7382,7379,13019,13020
7382,7380,13020,13021
7382,7377,13021,13022
7382,7378,13022,13039
7378,7376,13023,13040
7376,7371,13024,13041
7372,7392,13025,13026
7372,7370,13026,13027
7372,7368,13027,13028
7372,7369,13028,13042
7369,7367,13029,13042
7367,7363,13030,13043
7364,7361,13031,13032
7364,7358,13032,13045
7359,7394,13033,13046
7394,7357,13034,13046
7353,7577,13035,13053
7580,7581,13036,13501
7581,7578,13036,13048
7578,7385,13037,13038
7578,7382,13038,13039
7578,7378,13039,13040
7578,7376,13040,13041
7578,7371,13041,13048
7372,7367,13042,13043
7372,7363,13043,13044
7372,7364,13044,13045
7372,7358,13045,13049
7359,7357,13046,13047
7359,7353,13047,13050
7581,7371,13048,13051
7371,7358,13049,13052
7358,7353,13050,13052
7581,7577,13051,13502
7577,7371,13051,13053
7371,7353,13052,13053
7480,7435,13054,13055
7480,7436,13055,13056
7480,7433,13056,13057
7480,7434,13057,13058
7480,6767,13058,13059
7480,6768,13059,13060
7582,6768,13060,13178
7480,7582,13060,13061
7583,7582,13061,13203
7480,7583,13061,13062
7584,7583,13062,13177
7480,7584,13062,13063
7585,7584,13063,13176
7480,7585,13063,13067
7485,7585,13064,13175
7585,7482,13064,13065
7585,7483,13065,13067
7483,7480,13066,13067
7586,7514,13068,-2596
7515,7586,13068,13069
7587,7586,13069,14297
7515,7587,13069,13070
7588,7587,13070,14221
7515,7588,13070,13071
7589,7588,13071,14222
7515,7589,13071,13073
7518,7589,13072,13156
7589,7516,13072,13073
7556,7420,13074,14220,193
7349,7346,13075,13076
7349,7519,13076,13080
7569,7517,13077,13155
7519,7569,13077,13078
7519,7351,13078,13079
7519,7352,13079,13080
7590,7484,13081,13174
7486,7590,13081,13082
7591,7590,13082,13201
7486,7591,13082,13083
7592,7591,13083,13200
7486,7592,13083,13092
7593,7594,13084,13212
7594,7592,13084,13200
7592,7593,13084,13085
7595,7593,13085,13199
7592,7595,13085,13092
7596,7597,13086,13198
7597,7595,13086,13199
7595,7596,13086,13087
7491,7596,13087,13295
7595,7491,13087,13088
7595,7489,13088,13089
7595,7487,13089,13090
7595,7488,13090,13091
7595,7486,13091,13092
7598,7599,13093,13632
7599,7600,13093,-1
7600,7598,13093,13110
7601,7602,13094,13631
7602,7598,13094,13632
7598,7601,13094,13095
7603,7601,13095,13630
7598,7603,13095,13111
7604,7605,13096,13651
7605,7606,13096,13629
7606,7604,13096,13097
7607,7604,13097,13628
7606,7607,13097,13098
7608,7607,13098,13627
7606,7608,13098,13121
7609,7610,13099,13650
7610,7608,13099,13627
7608,7609,13099,13124
7611,7612,13100,13647
7612,7613,13100,13655
7613,7611,13100,13101
7614,7611,13101,13646
7613,7614,13101,13113
7615,7616,13102,13645
7616,7614,13102,13646
7614,7615,13102,13114
7617,7618,13103,14194,193
7618,7619,13103,13644
7619,7617,13103,13104
7620,7617,13104,14209,193
7619,7620,13104,13115
7621,7622,13105,14192,193
7622,7623,13105,14193,193
7623,7621,13105,13123
7624,7625,13106,14190,193
7625,7626,13106,14191,193
7626,7624,13106,13116
7627,7628,13107,14189,193
7628,7624,13107,14190,193
7624,7627,13107,13116
7629,7630,13108,15206
7630,7627,13108,14189,193
7627,7629,13108,13109
7600,7629,13109,-1
7627,7600,13109,13110
7627,7598,13110,13111
7627,7603,13111,13112
7606,7603,13112,13629
7627,7606,13112,13117
7613,7631,13113,13648
7631,7614,13113,13114
7631,7615,13114,13118
7619,7615,13115,13644
7615,7620,13115,13119
7626,7627,13116,13117
7626,7606,13117,13120
7631,7632,13118,13648
7632,7615,13118,13119
7632,7620,13119,13122
7626,7621,13120,14191,193
7621,7606,13120,13121
7621,7608,13121,13123
7632,7609,13122,13649
7609,7620,13122,13124
7623,7608,13123,13125
7608,7620,13124,13125
7623,7620,13125,14193,193
7132,7633,13126,14266
7633,7131,13126,13127
7633,7134,13127,13138
7634,7133,13128,13173
7134,7634,13128,13129
7635,7634,13129,13172
7134,7635,13129,13139
7562,7635,13130,13171
7635,7561,13130,13131
7635,569,13131,13132
7635,570,13132,13133
7636,570,13133,13143
7635,7636,13133,13134
7637,7636,13134,13144
7635,7637,13134,13135
7638,7637,13135,13165
7635,7638,13135,13136
7639,7638,13136,13164
7635,7639,13136,13139
7633,7640,13137,13148
7640,7641,13137,13147
7641,7633,13137,13138
7641,7134,13138,13140
7134,7639,13139,13140
7641,7639,13140,13164
7642,7466,13141,14187,193
7466,7643,13141,14285
7643,7642,13141,13142
7644,7642,13142,13149
7643,7644,13142,14264
571,7636,13143,13144
571,7637,13144,13145
7645,7637,13145,13165
571,7645,13145,13146
7646,7645,13146,13166
571,7646,13146,13151
7641,7647,13147,-1860
7647,7640,13147,13152
7644,7633,13148,14265
7640,7644,13148,13149
7640,7642,13149,13153
501,7648,13150,14177,193
7648,571,13150,13151
7648,7646,13151,13154
7647,7646,13152,-1860
7646,7640,13152,13153
7646,7642,13153,13154
7648,7642,13154,14177,193
7569,7518,13155,13156
7569,7589,13156,13157
7649,7589,13157,14223
7569,7649,13157,13158
7650,7649,13158,14227
7569,7650,13158,13159
7651,7650,13159,13266
7569,7651,13159,13160
7652,7651,13160,13265
7569,7652,13160,13161
7653,7652,13161,13264
7569,7653,13161,13162
7654,7653,13162,13263
7569,7654,13162,13163
7570,7654,13163,13303
7641,7638,13164,13168
7638,7645,13165,13166
7638,7646,13166,13167
7655,7646,13167,-1859
7638,7655,13167,13168
7641,7655,13168,-1859
7135,7563,13169,13170
7135,7562,13170,13171
7135,7635,13171,13172
7135,7634,13172,13173
7590,7485,13174,13175
7590,7585,13175,13176
7590,7584,13176,13177
7590,7583,13177,13202
7582,6769,13178,13179
7656,6769,13179,13464
7582,7656,13179,13180
7657,7656,13180,13469
7582,7657,13180,13181
7658,7657,13181,13471
7582,7658,13181,13182
7659,7658,13182,13468
7582,7659,13182,13183
7660,7659,13183,13467
7582,7660,13183,13184
6764,7660,13184,13467
7582,6764,13184,13185
7582,6765,13185,13186
7582,6762,13186,13203
7661,7662,13187,13513
7662,6762,13187,-1
6762,7661,13187,13188
7663,7661,13188,13514
6762,7663,13188,13204
7664,7665,13189,13516
7665,7663,13189,13515
7663,7664,13189,13190
7666,7664,13190,13517
7663,7666,13190,13205
7667,7668,13191,13520
7668,7669,13191,13519
7669,7667,13191,13208
7670,7671,13192,13334
7671,7667,13192,13520
7667,7670,13192,13193
7672,7670,13193,13333
7667,7672,13193,13194
7673,7672,13194,13300
7667,7673,13194,13195
7674,7673,13195,13299
7667,7674,13195,13196
7675,7674,13196,13298
7667,7675,13196,13209
7596,7676,13197,13296
7676,7675,13197,13297
7675,7596,13197,13198
7675,7597,13198,13210
7597,7593,13199,13211
7594,7591,13200,13201
7594,7590,13201,13202
7594,7583,13202,13212
7583,6762,13203,13204
7583,7663,13204,13205
7583,7666,13205,13206
7677,7666,13206,13517
7583,7677,13206,13207
7669,7677,13207,13518
7583,7669,13207,13208
7583,7667,13208,13209
7583,7675,13209,13210
7583,7597,13210,13211
7583,7593,13211,13212
7678,7679,13213,14173,193
7679,7680,13213,14174,193
7680,7678,13213,13237
7681,7682,13214,14172,193
7682,7678,13214,14173,193
7678,7681,13214,13237
7683,7684,13215,13453
7684,7681,13215,14171,193
7681,7683,13215,13238
7685,7686,13216,13451
7686,7683,13216,13452
7683,7685,13216,13217
7687,7685,13217,13376
7683,7687,13217,13218
7688,7687,13218,13377
7683,7688,13218,13219
7689,7688,13219,13377
7683,7689,13219,13239
7690,7691,13220,13385
7691,7692,13220,13379
7692,7690,13220,13221
7693,7690,13221,13380
7692,7693,13221,13241
7694,7695,13222,13381
7695,7693,13222,13380
7693,7694,13222,13242
7696,7697,13223,14333
7697,7698,13223,13372
7698,7696,13223,13224
7699,7696,13224,14332
7698,7699,13224,13225
7700,7699,13225,15154
7698,7700,13225,13226
7701,7700,13226,15154
7698,7701,13226,13227
7702,7701,13227,15153
7698,7702,13227,13244
7703,7704,13228,15190
7704,7702,13228,15153
7702,7703,13228,13229
7705,7703,13229,15152
7702,7705,13229,13245
7706,7707,13230,15150
7707,7708,13230,15151
7708,7706,13230,13231
7709,7706,13231,15149
7708,7709,13231,13232
7710,7709,13232,15148
7708,7710,13232,13233
7711,7710,13233,15147
7708,7711,13233,13247
7712,7713,13234,13347
7713,7711,13234,15146
7711,7712,13234,13247
7714,7715,13235,13702
7715,7712,13235,13346
7712,7714,13235,13236
7680,7714,13236,13824
7712,7680,13236,13248
7680,7681,13237,13238
7680,7683,13238,13239
7680,7689,13239,13240
7716,7689,13240,13378
7680,7716,13240,13248
7692,7716,13241,13379
7716,7693,13241,13242
7716,7694,13242,13243
7717,7694,13243,13381
7716,7717,13243,13249
7698,7718,13244,13372
7718,7702,13244,13245
7718,7705,13245,13246
7708,7705,13246,15151
7718,7708,13246,13250
7708,7712,13247,13251
7712,7716,13248,13249
7712,7717,13249,13251
7718,7717,13250,13382
7717,7708,13250,13251
7452,7455,13252,13253
7452,7454,13253,13254
7451,7454,13254,13279
7452,7451,13254,13256
7451,7453,13255,13256
7719,7720,13257,14230
7720,7721,13257,14229
7721,7719,13257,13267
7722,7723,13258,13412
7723,7719,13258,14230
7719,7722,13258,13259
7724,7722,13259,13567
7719,7724,13259,13260
7725,7724,13260,13559
7719,7725,13260,13268
7726,7727,13261,13312
7727,7725,13261,13307
7725,7726,13261,13269
7728,7729,13262,13305
7729,7726,13262,13306
7726,7728,13262,13270
7654,7728,13263,13304
7728,7653,13263,13264
7728,7652,13264,13265
7728,7651,13265,13270
7721,7650,13266,14228
7651,7721,13266,13267
7651,7719,13267,13268
7651,7725,13268,13269
7651,7726,13269,13270
7460,7463,13271,13272
507,7463,13272,14183
7460,507,13272,13278
7730,509,13273,13339
507,7730,13273,13274
7731,7730,13274,13339
507,7731,13274,13278
7732,7733,13275,13417
7733,7731,13275,13344
7731,7732,13275,13276
7734,7732,13276,13314
7731,7734,13276,13277
7460,7734,13277,13313
7731,7460,13277,13278
7451,7457,13279,13287
7735,7458,13280,13318
7457,7735,13280,13287
516,7736,13281,13416
7736,7737,13281,13316
7737,516,13281,13282
7737,515,13282,13283
7737,518,13283,13284
7448,518,13284,13324
7737,7448,13284,13285
7738,7448,13285,-2596
7737,7738,13285,13286
7451,7738,13286,-2596
7737,7451,13286,13288
7451,7735,13287,13288
7737,7735,13288,13317
502,7739,13289,14180
7739,7740,13289,14186
7740,502,13289,13290
7740,503,13290,13291
7740,504,13291,13292
7740,505,13292,13293
7740,506,13293,13294
7740,508,13294,14185
7490,7596,13295,13296
7490,7676,13296,13297
7490,7675,13297,13298
7490,7674,13298,13299
7490,7673,13299,13300
7490,7672,13300,13301
7502,7672,13301,13333
7490,7502,13301,13302
7571,7654,13303,13304
7571,7728,13304,13305
7571,7729,13305,13306
7571,7726,13306,13311
7741,7725,13307,13565
7727,7741,13307,13308
7574,7741,13308,13576
7727,7574,13308,13309
7727,7573,13309,13310
7727,7572,13310,13312
7572,7726,13311,13312
7459,7734,13313,13314
7459,7732,13314,13315
7736,7732,13315,13417
7459,7736,13315,13316
7459,7737,13316,13317
7459,7735,13317,13318
7742,7743,13319,14233
7743,7744,13319,14162,193
7744,7742,13319,13320
7745,7742,13320,14232
7744,7745,13320,13321
7746,7745,13321,13407
7744,7746,13321,14129
441,7447,13322,13323
441,7448,13323,13324
441,518,13324,13331
7747,519,13325,13397
518,7747,13325,13326
7748,7747,13326,13481
518,7748,13326,13327
7749,7748,13327,13481
518,7749,13327,13331
7750,7751,13328,13484
7751,7749,13328,13485
7749,7750,13328,13329
7752,7750,13329,13400
7749,7752,13329,13330
441,7752,13330,14246
7749,441,13330,13331
7560,7502,13332,13338
7502,7670,13333,13334
7502,7671,13334,13335
565,7671,13335,13521
7502,565,13335,13336
7502,566,13336,13338
566,7560,13337,13338
7731,509,13339,13340
7753,509,13340,-1603
7731,7753,13340,13341
512,7753,13341,-1603
7731,512,13341,13342
7754,512,13342,13413
7731,7754,13342,13343
7755,7754,13343,13419
7731,7755,13343,13344
7733,7755,13344,13418
7715,7756,13345,13703
7756,7757,13345,13704
7757,7715,13345,13346
7757,7712,13346,13347
7757,7713,13347,13348
7758,7713,13348,15145
7757,7758,13348,13349
7759,7758,13349,15145
7757,7759,13349,13350
7760,7759,13350,15187
7757,7760,13350,13351
7761,7760,13351,15144
7757,7761,13351,13371
7762,7763,13352,15141
7763,7764,13352,15142
7764,7762,13352,13353
7765,7762,13353,14203
7764,7765,13353,13354
7766,7765,13354,14202
7764,7766,13354,13366
7767,7768,13355,14216
7768,7766,13355,14202
7766,7767,13355,13356
7769,7767,13356,14201
7766,7769,13356,13357
7770,7769,13357,14201
7766,7770,13357,13358
7771,7770,13358,14200
7766,7771,13358,13359
7772,7771,13359,14199
7766,7772,13359,13367
7773,7774,13360,14210
7774,7775,13360,14198
7775,7773,13360,13361
7776,7773,13361,14214
7775,7776,13361,13362
7777,7776,13362,14197
7775,7777,13362,13369
7778,7779,13363,14161,193
7779,7777,13363,14196
7777,7778,13363,13369
7780,7781,13364,13706
7781,7778,13364,14161,193
7778,7780,13364,13365
7757,7780,13365,13705
7778,7757,13365,13370
7764,7761,13366,15143
7761,7766,13366,13367
7761,7772,13367,13368
7775,7772,13368,14198
7761,7775,13368,13371
7775,7778,13369,13370
7775,7757,13370,13371
7718,7697,13372,13373
7782,7697,13373,14334
7718,7782,13373,13383
7783,7784,13374,14336
7784,7782,13374,14335
7782,7783,13374,13375
7685,7783,13375,13450
7782,7685,13375,13376
7782,7687,13376,13387
7687,7689,13377,13378
7687,7716,13378,13384
7716,7691,13379,13384
7690,7695,13380,13386
7695,7717,13381,13382
7695,7718,13382,13383
7695,7782,13383,13386
7687,7691,13384,13385
7687,7690,13385,13387
7690,7782,13386,13387
7785,7786,13388,14128,193
7786,7744,13388,14129,193
7744,7785,13388,13389
7787,7785,13389,14127,193
7744,7787,13389,13404
526,7788,13390,14149,193
7788,7789,13390,14126,193
7789,526,13390,13391
7789,523,13391,13392
7789,524,13392,13406
524,522,13393,13394
524,521,13394,13395
524,520,13395,13396
524,519,13396,13397
524,7747,13397,13398
7790,7747,13398,13482
524,7790,13398,13406
7750,7791,13399,13483
7791,7790,13399,13482
7790,7750,13399,13400
7790,7752,13400,13401
7792,7752,13401,14245
7790,7792,13401,13402
7793,7792,13402,14163
7790,7793,13402,13403
7744,7793,13403,14162
7790,7744,13403,13404
7790,7787,13404,13405
7789,7787,13405,14126,193
7790,7789,13405,13406
7745,7723,13407,14231
7723,7746,13407,13408
7794,7746,13408,14130
7723,7794,13408,13409
7795,7794,13409,13472
7723,7795,13409,13410
7796,7795,13410,13479
7723,7796,13410,13411
7797,7796,13411,13478
7723,7797,13411,13412
7722,7797,13412,13567
7754,511,13413,13414
7754,514,13414,13415
516,514,13415,13486
7754,516,13415,13416
7754,7736,13416,13419
7736,7733,13417,13418
7736,7755,13418,13419
7798,7799,13420,-1603
7799,7800,13420,-1603
7800,7798,13420,13421
7801,7798,13421,-1603
7800,7801,13421,13427
7802,7803,13422,-1603
7803,7801,13422,-1603
7801,7802,13422,13423
7804,7802,13423,-1603
7801,7804,13423,13424
7805,7804,13424,-1603
7801,7805,13424,13428
7806,7807,13425,-1603
7807,7805,13425,-1603
7805,7806,13425,13428
7800,7808,13426,-1603
7808,7806,13426,-1603
7806,7800,13426,13427
7806,7801,13427,13428
7809,7810,13429,14120,193
7810,7811,13429,14121,193
7811,7809,13429,13430
7812,7809,13430,14119,193
7811,7812,13430,13431
7813,7812,13431,14023
7811,7813,13431,13432
7814,7813,13432,14023
7811,7814,13432,13433
7815,7814,13433,14112,193
7811,7815,13433,13455
7816,7817,13434,14110,193
7817,7815,13434,14111,193
7815,7816,13434,13456
7818,7819,13435,13589
7819,7816,13435,14109,193
7816,7818,13435,13457
7820,7821,13436,14116,193
7821,7822,13436,13591
7822,7820,13436,13461
7823,7824,13437,13967
7824,7820,13437,14115,193
7820,7823,13437,13458
7825,7826,13438,14125,193
7826,7823,13438,13967
7823,7825,13438,13439
7827,7825,13439,13772
7823,7827,13439,13440
7828,7827,13440,13771
7823,7828,13440,13441
7829,7828,13441,14346
7823,7829,13441,13442
7830,7829,13442,14367
7823,7830,13442,13443
7831,7830,13443,14345
7823,7831,13443,13444
7832,7831,13444,14344
7823,7832,13444,13445
7833,7832,13445,14344
7823,7833,13445,13458
7834,7835,13446,14343
7835,7833,13446,14366
7833,7834,13446,13447
7836,7834,13447,14342
7833,7836,13447,13459
7837,7838,13448,14340
7838,7836,13448,14341
7836,7837,13448,13459
7783,7839,13449,14337
7839,7840,13449,14338
7840,7783,13449,13450
7840,7685,13450,13451
7840,7686,13451,13452
7840,7683,13452,13453
7840,7684,13453,13454
7811,7684,13454,14121,193
7840,7811,13454,13455
7840,7815,13455,13456
7840,7816,13456,13457
7840,7818,13457,13460
7820,7833,13458,13461
7833,7837,13459,13462
7840,7837,13460,14339
7837,7818,13460,13462
7822,7833,13461,13463
7833,7818,13462,13463
7822,7818,13463,13591
7656,6786,13464,13469
6786,6763,13465,13466
6786,6764,13466,13470
6764,7659,13467,13468
6764,7658,13468,13470
7657,6786,13469,13471
6786,7658,13470,13471
7841,7794,13472,14131
7795,7841,13472,13479
7842,7843,13473,14133
7843,7841,13473,14132
7841,7842,13473,13480
7844,7845,13474,14151
7845,7842,13474,14134
7842,7844,13474,13475
7846,7844,13475,14152
7842,7846,13475,13476
7847,7846,13476,14135
7842,7847,13476,13477
7797,7847,13477,13568
7842,7797,13477,13478
7842,7796,13478,13480
7796,7841,13479,13480
7749,7747,13481,13485
7747,7791,13482,13483
7747,7750,13483,13484
7747,7751,13484,13485
516,513,13486,13487
7848,7849,13488,13574
7849,7575,13488,13575
7575,7848,13488,13505
7850,7851,13489,13573
7851,7848,13489,13574
7848,7850,13489,13490
7852,7850,13490,13572
7848,7852,13490,13491
7853,7852,13491,13613
7848,7853,13491,13492
7854,7853,13492,13626
7848,7854,13492,13506
7855,7856,13493,13623
7856,7857,13493,13624
7857,7855,13493,13508
7858,7859,13494,13689
7859,7860,13494,13690
7860,7858,13494,13495
7861,7858,13495,-1
7860,7861,13495,13496
7862,7861,13496,14382
7860,7862,13496,13497
7388,7862,13497,14383
7860,7388,13497,13498
7860,7386,13498,13499
7860,7578,13499,13500
7860,7579,13500,13509
7579,7581,13501,13502
7579,7577,13502,13503
7579,7576,13503,13504
7579,7575,13504,13505
7579,7848,13505,13506
7579,7854,13506,13507
7857,7854,13507,13625
7579,7857,13507,13508
7579,7855,13508,13509
7860,7855,13509,13622
7863,7864,13510,-1
7864,594,13510,14107,193
594,7863,13510,13511
7865,7863,13511,14108,193
594,7865,13511,13528
7662,7866,13512,-1
7866,7865,13512,14108,193
7865,7662,13512,13513
7865,7661,13513,13514
7865,7663,13514,13515
7865,7665,13515,13516
7865,7664,13516,13529
7664,7677,13517,13518
7664,7669,13518,13519
7664,7668,13519,13530
7668,7671,13520,13521
7668,565,13521,13522
7668,564,13522,13523
7668,563,13523,13530
7867,557,13524,14105,193
559,7867,13524,13532
7868,7869,13525,14104,193
7869,7867,13525,14105,193
7867,7868,13525,13533
7870,7871,13526,14102,193
7871,7868,13526,14103,193
7868,7870,13526,13537
597,7870,13527,14101,193
7870,612,13527,13538
613,7865,13528,13529
613,7664,13529,13534
7664,563,13530,13531
7664,561,13531,13535
560,7867,13532,13533
560,7868,13533,13536
612,7664,13534,13535
612,561,13535,13538
562,7868,13536,13537
562,7870,13537,13539
7870,561,13538,13539
7872,500,13540,14036,193
572,7872,13540,13541
7873,7872,13541,14035,193
572,7873,13541,13542
7874,7873,13542,14034,193
572,7874,13542,13543
7875,7874,13543,14069,193
572,7875,13543,13553
7876,7877,13544,14033,193
7877,7875,13544,14064,193
7875,7876,13544,13554
7878,7879,13545,14032,193
7879,7876,13545,14033,193
7876,7878,13545,13546
7880,7878,13546,14031,193
7876,7880,13546,13555
581,7881,13547,14029,193
7881,7880,13547,14030,193
7880,581,13547,13548
7880,579,13548,13549
7880,580,13549,13555
580,576,13550,13556
577,575,13551,13558
575,572,13552,13553
575,7875,13553,13554
575,7876,13554,13558
7876,580,13555,13556
7876,576,13556,13557
7876,577,13557,13558
7882,7724,13559,13580
7725,7882,13559,13566
7883,7884,13560,13586
7884,7882,13560,13580
7882,7883,13560,13561
7885,7883,13561,13579
7882,7885,13561,13566
7886,7887,13562,13585
7887,7885,13562,13579
7885,7886,13562,13563
7888,7886,13563,13578
7885,7888,13563,13564
7741,7888,13564,13577
7885,7741,13564,13565
7885,7725,13565,13566
7724,7797,13567,13568
7724,7847,13568,13569
7889,7847,13569,14135
7724,7889,13569,13581
7890,7891,13570,14137
7891,7889,13570,14136
7889,7890,13570,13582
7892,7893,13571,13614
7893,7890,13571,13615
7890,7892,13571,13587
7852,7892,13572,13613
7892,7850,13572,13573
7892,7851,13573,13583
7851,7849,13574,13583
7849,7574,13575,13576
7849,7741,13576,13577
7849,7888,13577,13578
7849,7886,13578,13584
7887,7883,13579,13588
7884,7724,13580,13581
7884,7889,13581,13582
7884,7890,13582,13586
7892,7849,13583,13584
7892,7886,13584,13585
7892,7887,13585,13587
7883,7890,13586,13588
7890,7887,13587,13588
7894,7819,13589,14013,193
7818,7894,13589,13590
7821,7894,13590,14012,193
7818,7821,13590,13591
7895,7896,13592,14082
7896,7897,13592,14083
7897,7895,13592,13609
7898,7899,13593,14080
7899,7895,13593,14081
7895,7898,13593,13610
7900,7901,13594,14097
7901,7898,13594,14080
7898,7900,13594,13595
7902,7900,13595,14100
7898,7902,13595,13596
7903,7902,13596,14079
7898,7903,13596,13597
7904,7903,13597,13800
7898,7904,13597,13611
7905,7906,13598,13725
7906,7904,13598,13807
7904,7905,13598,13599
7907,7905,13599,13726
7904,7907,13599,13612
7908,7909,13600,13728
7909,7907,13600,13727
7907,7908,13600,13601
7910,7908,13601,13732
7907,7910,13601,13602
7911,7910,13602,13729
7907,7911,13602,13612
7912,7913,13603,14054
7913,7911,13603,13719
7911,7912,13603,13604
7914,7912,13604,14024
7911,7914,13604,13605
7915,7914,13605,14024
7911,7915,13605,13606
7916,7915,13606,14053
7911,7916,13606,13607
7917,7916,13607,14006,193
7911,7917,13607,13608
7897,7917,13608,14006,193
7911,7897,13608,13609
7911,7895,13609,13610
7911,7898,13610,13611
7911,7904,13611,13612
7853,7892,13613,13614
7853,7893,13614,13615
7853,7890,13615,13616
7918,7890,13616,14138
7853,7918,13616,13617
7919,7918,13617,13693
7853,7919,13617,13618
7920,7919,13618,13693
7853,7920,13618,13619
7921,7920,13619,13698
7853,7921,13619,13620
7922,7921,13620,13692
7853,7922,13620,13626
7860,7923,13621,13690
7923,7922,13621,13691
7922,7860,13621,13622
7922,7855,13622,13623
7922,7856,13623,13624
7922,7857,13624,13625
7922,7854,13625,13626
7610,7607,13627,13628
7610,7604,13628,13656
7605,7603,13629,13630
7605,7601,13630,13631
7605,7602,13631,13651
7602,7599,13632,13633
7924,7599,13633,-1
7602,7924,13633,13634
7925,7924,13634,13941
7602,7925,13634,13635
7926,7925,13635,13940
7602,7926,13635,13636
7927,7926,13636,13996
7602,7927,13636,13637
7928,7927,13637,13996
7602,7928,13637,13638
7929,7928,13638,13995
7602,7929,13638,13639
7930,7929,13639,13994
7602,7930,13639,13640
7931,7930,13640,14159
7602,7931,13640,13641
7932,7931,13641,14219
7602,7932,13641,13642
7933,7932,13642,14005,193
7602,7933,13642,13643
7618,7933,13643,14005,193
7602,7618,13643,13652
7618,7615,13644,13645
7618,7616,13645,13653
7616,7611,13646,13647
7616,7612,13647,13654
7613,7632,13648,13649
7613,7609,13649,13650
7613,7610,13650,13655
7604,7602,13651,13652
7604,7618,13652,13653
7604,7616,13653,13654
7604,7612,13654,13656
7612,7610,13655,13656
7934,7935,13657,-37
7935,7936,13657,-1829
7936,7934,13657,13658
7937,7934,13658,13751
7936,7937,13658,13659
7938,7937,13659,13734
7936,7938,13659,13660
7939,7938,13660,13734
7936,7939,13660,13669
7940,7941,13661,13737
7941,7942,13661,13736
7942,7940,13661,13662
7943,7940,13662,13738
7942,7943,13662,13671
7944,7945,13663,13740
7945,7946,13663,13739
7946,7944,13663,13664
7947,7944,13664,13881
7946,7947,13664,13665
7948,7947,13665,-1
7946,7948,13665,13666
7949,7948,13666,13762
7946,7949,13666,13667
7950,7949,13667,-37
7946,7950,13667,13668
7951,7950,13668,14009
7946,7951,13668,13672
7936,7951,13669,14009
7951,7939,13669,13670
7942,7939,13670,13735
7951,7942,13670,13671
7951,7943,13671,13672
7946,7943,13672,13738
7952,7953,13673,14140
7953,7918,13673,14139
7918,7952,13673,13674
7954,7952,13674,14140
7918,7954,13674,13675
7955,7954,13675,13708
7918,7955,13675,13676
7956,7955,13676,13709
7918,7956,13676,13677
7957,7956,13677,13710
7918,7957,13677,13678
7958,7957,13678,13711
7918,7958,13678,13694
7959,7960,13679,13787
7960,7958,13679,13712
7958,7959,13679,13680
7961,7959,13680,13788
7958,7961,13680,13681
7962,7961,13681,13788
7958,7962,13681,13682
7963,7962,13682,13789
7958,7963,13682,13695
7964,7965,13683,13790
7965,7963,13683,13789
7963,7964,13683,13684
7966,7964,13684,-1
7963,7966,13684,13685
7967,7966,13685,13897
7963,7967,13685,13686
7968,7967,13686,13897
7963,7968,13686,13696
7969,7970,13687,13898
7970,7968,13687,13899
7968,7969,13687,13688
7858,7969,13688,-1
7968,7858,13688,13689
7968,7859,13689,13697
7859,7923,13690,13691
7859,7922,13691,13692
7859,7921,13692,13697
7920,7918,13693,13694
7920,7958,13694,13695
7920,7963,13695,13696
7920,7968,13696,13698
7968,7921,13697,13698
7971,7972,13699,14002,193
7972,7973,13699,14003,193
7973,7971,13699,13700
7974,7971,13700,14001,193
7973,7974,13700,13701
7714,7974,13701,13824
7973,7714,13701,13702
7973,7715,13702,13703
7973,7756,13703,13704
7973,7757,13704,13705
7973,7780,13705,13706
7973,7781,13706,14004,193
7954,7975,13707,14141
7975,7976,13707,13715
7976,7954,13707,13708
7976,7955,13708,13709
7976,7956,13709,13710
7976,7957,13710,13711
7976,7958,13711,13712
7976,7960,13712,13714
7977,7978,13713,13991,193
7978,7960,13713,13786
7960,7977,13713,13714
7976,7977,13714,13991,193
7979,7976,13715,13982,193
7975,7979,13715,13718
611,7980,13716,13966
7980,7979,13716,13981,193
7979,611,13716,13717
7979,610,13717,13718
7975,610,13718,14142
7981,7913,13719,14025
7911,7981,13719,13720
7982,7981,13720,13773
7911,7982,13720,13721
7983,7982,13721,13779
7911,7983,13721,13722
7984,7983,13722,13778
7911,7984,13722,13729
7985,7986,13723,13809
7986,7987,13723,13810
7987,7985,13723,13724
7988,7985,13724,13809
7987,7988,13724,13733
7906,7989,13725,13808
7989,7905,13725,13726
7989,7907,13726,13727
7989,7909,13727,13728
7989,7908,13728,13731
7910,7984,13729,13730
7987,7984,13730,13810
7910,7987,13730,13732
7989,7988,13731,13808
7988,7908,13731,13733
7908,7987,13732,13733
7937,7939,13734,13735
7937,7942,13735,13736
7937,7941,13736,13737
7937,7940,13737,13752
7940,7946,13738,13739
7940,7945,13739,13740
7940,7944,13740,13741
7990,7944,13741,13882
7940,7990,13741,13742
7991,7990,13742,13883
7940,7991,13742,13743
7992,7991,13743,13878
7940,7992,13743,13744
7993,7992,13744,13845
7940,7993,13744,13752
7994,7995,13745,13847
7995,7993,13745,13846
7993,7994,13745,13746
7996,7994,13746,13960
7993,7996,13746,13747
7826,7996,13747,14125
7993,7826,13747,13748
7824,7826,13748,13967,193
7993,7824,13748,13749
7997,7824,13749,14114
7993,7997,13749,13750
7934,7997,13750,-1829
7993,7934,13750,13751
7993,7937,13751,13752
7998,7999,13753,13989
7999,7980,13753,13981,193
7980,7998,13753,13754
8000,7998,13754,13980
7980,8000,13754,13760
601,8001,13755,14074
8001,8000,13755,13979
8000,601,13755,13756
8000,602,13756,13757
8000,603,13757,13758
8000,609,13758,13759
8002,609,13759,13965,193
8000,8002,13759,13760
7980,8002,13760,13966,193
7949,8003,13761,-37
8003,8004,13761,14008
8004,7949,13761,13762
8004,7948,13762,13763
8005,7948,13763,-1
8004,8005,13763,13764
8006,8005,13764,14165
8004,8006,13764,13765
8007,8006,13765,14166
8004,8007,13765,14167
8008,8009,13766,13958,193
8009,7825,13766,13959,193
7825,8008,13766,13772
8010,8011,13767,13862
8011,8008,13767,13958,193
8008,8010,13767,13768
8012,8010,13768,13861
8008,8012,13768,13769
8013,8012,13769,14347
8008,8013,13769,13770
7828,8013,13770,14346
8008,7828,13770,13771
8008,7827,13771,13772
8014,7981,13773,14025
7982,8014,13773,13774
8015,8014,13774,14026
7982,8015,13774,13775
582,8015,13775,14026
7982,582,13775,13779
8016,585,13776,13812
582,8016,13776,13777
7984,8016,13777,13811
582,7984,13777,13778
582,7983,13778,13779
8017,8018,13780,13888
8018,8019,13780,13957,193
8019,8017,13780,13792
8020,8021,13781,13887
8021,8017,13781,13888
8017,8020,13781,13793
8022,8023,13782,13953,193
8023,8020,13782,13886
8020,8022,13782,13794
8024,8025,13783,13952,193
8025,8022,13783,13953,193
8022,8024,13783,13794
8026,8027,13784,13990
8027,8028,13784,13950,193
8028,8026,13784,13795
7978,8029,13785,13946,193
8029,8026,13785,13990
8026,7978,13785,13786
8026,7960,13786,13787
8026,7959,13787,13795
7959,7962,13788,13799
7962,7965,13789,13796
8030,7964,13790,-1
7965,8030,13790,13791
8019,8030,13791,13957,193
7965,8019,13791,13792
7965,8017,13792,13793
7965,8020,13793,13796
8020,8024,13794,13797
8028,7959,13795,13798
7962,8020,13796,13797
7962,8024,13797,13799
8028,8024,13798,13951,193
8024,7959,13798,13799
7903,8031,13800,14078
8031,7904,13800,13801
8032,7904,13801,13807
8031,8032,13801,13802
8033,8032,13802,13838
8031,8033,13802,13803
8034,8033,13803,13837
8031,8034,13803,13804
8035,8034,13804,13836
8031,8035,13804,13805
8036,8035,13805,13848
8031,8036,13805,13806
8037,8036,13806,13976
8031,8037,13806,14077
8032,7906,13807,13819
7906,7988,13808,13820
7988,7986,13809,13821
7986,7984,13810,13811
7986,8016,13811,13812
7986,585,13812,13813
7986,584,13813,13822
8038,8039,13814,13830
8039,584,13814,-1
584,8038,13814,13815
8040,8038,13815,13829
584,8040,13815,13823
8041,8042,13816,13828
8042,8040,13816,13829
8040,8041,13816,13817
8043,8041,13817,13827
8040,8043,13817,13818
8044,8043,13818,13826
8040,8044,13818,13823
8032,8044,13819,13826
8044,7906,13819,13820
8044,7988,13820,13821
8044,7986,13821,13822
8044,584,13822,13823
7680,7974,13824,13825
8045,7974,13825,13937,193
7680,8045,13825,13944,193
8032,8043,13826,13827
8032,8041,13827,13828
8032,8042,13828,13838
8042,8038,13829,13830
8042,8039,13830,13831
8046,8039,13831,-1
8042,8046,13831,13832
8047,8046,13832,13874
8042,8047,13832,13833
8048,8047,13833,13873
8042,8048,13833,13834
8049,8048,13834,13872
8042,8049,13834,13835
8035,8049,13835,13849
8042,8035,13835,13836
8042,8034,13836,13837
8042,8033,13837,13838
8050,8051,13839,13962
8051,7994,13839,13961
7994,8050,13839,13847
8052,8053,13840,13928
8053,8050,13840,13962
8050,8052,13840,13841
8054,8052,13841,-1
8050,8054,13841,13842
8055,8054,13842,13880
8050,8055,13842,13843
8056,8055,13843,13879
8050,8056,13843,13844
7992,8056,13844,13878
8050,7992,13844,13845
8050,7993,13845,13846
8050,7995,13846,13847
8036,8057,13848,13975
8057,8035,13848,13849
8057,8049,13849,13853
8058,8059,13850,13877
8059,8049,13850,13872
8049,8058,13850,13853
8060,8061,13851,13892
8061,8058,13851,13877
8058,8060,13851,13852
8057,8060,13852,13891
8058,8057,13852,13853
589,600,13854,13855
589,592,13855,13856
589,591,13856,13860
8062,8063,13857,13904
8063,591,13857,13905
591,8062,13857,13860
586,8062,13858,13904
8062,588,13858,13859
8062,589,13859,13860
8012,8064,13861,14347
8064,8010,13861,13862
8064,8011,13862,13863
8065,8011,13863,13927,193
8064,8065,13863,13865
8066,8067,13864,13919,193
8067,8065,13864,13936,193
8065,8066,13864,13865
8064,8066,13865,13919,193
8068,8069,13866,13973
8069,8070,13866,-35
8070,8068,13866,13867
8071,8068,13867,13903
8070,8071,13867,13868
8072,8071,13868,-1
8070,8072,13868,13871
8073,8074,13869,13969
8074,8072,13869,13912
8072,8073,13869,13870
8075,8073,13870,13970
8072,8075,13870,13871
8070,8075,13871,-35
8059,8048,13872,13873
8059,8047,13873,13874
8059,8046,13874,13875
8076,8046,13875,-1
8059,8076,13875,13876
8061,8076,13876,13893
8059,8061,13876,13877
7991,8056,13878,13879
7991,8055,13879,13880
7991,8054,13880,13883
7947,8054,13881,-1
8054,7944,13881,13882
8054,7990,13882,13883
8077,8078,13884,13908,193
8078,8079,13884,13909,193
8079,8077,13884,13890
8023,8080,13885,13916,193
8080,8077,13885,13908,193
8077,8023,13885,13886
8077,8020,13886,13887
8077,8021,13887,13890
8021,8018,13888,13889
8079,8018,13889,13909,193
8021,8079,13889,13890
8057,8081,13891,13974
8081,8060,13891,13892
8081,8061,13892,13896
8082,8076,13893,-1
8061,8082,13893,13894
8083,8082,13894,13901
8061,8083,13894,13896
8081,8084,13895,13900
8084,8083,13895,13901
8083,8081,13895,13896
7968,7966,13897,13899
7969,7966,13898,-1
7966,7970,13898,13899
8081,8068,13900,13973
8068,8084,13900,13903
8084,8082,13901,13902
8071,8082,13902,-1
8084,8071,13902,13903
586,8063,13904,13905
586,591,13905,13906
586,590,13906,13907
587,590,13907,-1
8080,8078,13908,13917
8078,8018,13909,13910
8085,8018,13910,13956
8078,8085,13910,13911
8072,8085,13911,-1
8078,8072,13911,13912
8078,8074,13912,13913
8086,8074,13913,13968
8078,8086,13913,13918
8087,8088,13914,13947
8088,8086,13914,13948
8086,8087,13914,13918
8023,8089,13915,13954
8089,8087,13915,13947
8087,8023,13915,13916
8087,8080,13916,13917
8087,8078,13917,13918
8064,8067,13919,13921
8090,8091,13920,14395
8091,8067,13920,13935,193
8067,8090,13920,13921
8064,8090,13921,14394
8092,8093,13922,14400
8093,8094,13922,14401
8094,8092,13922,13925
8095,8096,13923,13933,193
8096,8097,13923,14398
8097,8095,13923,13924
8098,8095,13924,13932,193
8097,8098,13924,13926
8094,8098,13925,13931,193
8098,8092,13925,13926
8097,8092,13926,14399
8053,8011,13927,13963
8065,8053,13927,13928
8065,8052,13928,13936
8099,8100,13929,14405
8100,8052,13929,-1
8052,8099,13929,13930
8094,8099,13930,14404
8052,8094,13930,13931
8052,8098,13931,13932
8052,8095,13932,13933
8052,8096,13933,13934
8091,8096,13934,14406
8052,8091,13934,13935
8052,8067,13935,13936
8101,7974,13937,14000
8045,8101,13937,13938
8102,8101,13938,13999
8045,8102,13938,13939
8103,8102,13939,13998
8045,8103,13939,13945
7926,8103,13940,13997
8103,7925,13940,13945
8104,7924,13941,-1
7925,8104,13941,13942
8105,8104,13942,14164
7925,8105,13942,13943
7680,8105,13943,14174
7925,7680,13943,13944
7925,8045,13944,13945
7978,8106,13946,13992
8106,8029,13946,13984
8089,8088,13947,13948
8089,8086,13948,13949
8107,8086,13949,13968
8089,8107,13949,13955
8027,8107,13950,13986
8107,8028,13950,13951
8107,8024,13951,13952
8107,8025,13952,13955
8025,8023,13953,13954
8025,8089,13954,13955
8085,8030,13956,-1
8030,8018,13956,13957
8011,8009,13958,13964
7996,7825,13959,14125
8009,7996,13959,13960
8009,7994,13960,13961
8009,8051,13961,13964
8051,8053,13962,13963
8051,8011,13963,13964
8002,611,13965,13966
8107,8074,13968,13969
8107,8073,13969,13970
8107,8075,13970,13971
8108,8075,13971,-2595
8107,8108,13971,13972
8069,8108,13972,-2595
8107,8069,13972,13987
8069,8081,13973,13974
8069,8057,13974,13975
8069,8036,13975,13976
8069,8037,13976,13977
8109,8037,13977,14076
8069,8109,13977,13978
8001,8109,13978,14075
8069,8001,13978,13979
8069,8000,13979,13980
8069,7998,13980,13988
7999,7979,13981,13982
7999,7976,13982,13983
8110,7976,13983,13993
7999,8110,13983,13989
8106,8110,13984,13993
8110,8029,13984,13985
8027,8029,13985,13990,193
8110,8027,13985,13986
8110,8107,13986,13987
8110,8069,13987,13988
8110,7998,13988,13989
7976,7978,13991,13992
7976,8106,13992,13993
7930,7781,13994,14160
7781,7929,13994,13995
7781,7928,13995,14004
7928,7926,13996,13997
7928,8103,13997,13998
7928,8102,13998,13999
7928,8101,13999,14000
7928,7974,14000,14001
7928,7971,14001,14002
7928,7972,14002,14003
7928,7973,14003,14004
7618,7932,14005,14194
7897,7916,14006,14051
8111,7812,14007,14119
7812,8112,14007,14022,193
8112,8111,14007,14015
8004,8113,14008,14168
8113,8003,14008,14016
7950,7936,14009,14010
8114,7936,14010,14113
7950,8114,14010,14011
7821,8114,14011,14113
7950,7821,14011,14012
7950,7894,14012,14019
8115,7819,14013,14109
7894,8115,14013,14019
8112,7814,14014,14022,193
7814,8115,14014,14112
8115,8112,14014,14015
8115,8111,14015,14020
8113,8116,14016,14118
8116,8003,14016,14017
8117,8003,14017,-53
8116,8117,14017,14018
7950,8117,14018,-1829
8116,7950,14018,14021
7950,8115,14019,14020
7950,8111,14020,14021
8116,8111,14021,14118
7812,7814,14022,14023
7915,7912,14024,14063
7913,8014,14025,14054
8014,582,14026,14027
8014,583,14027,14028
8014,581,14028,14029
8014,7881,14029,14030
8014,7880,14030,14031
8014,7878,14031,14032
8014,7879,14032,14055
7879,7877,14033,14056
8118,7873,14034,14035,193
7874,8118,14034,14057
8118,7872,14035,14036
8118,500,14036,14037
8118,552,14037,14038
8118,553,14038,14057
553,550,14039,14058
550,548,14040,14070
548,546,14041,14065
546,543,14042,14059
8119,544,14043,14091,193
543,8119,14043,14044
8120,8119,14044,14090,193
543,8120,14044,14059
8121,8122,14045,14088,193
8122,8123,14045,14089,193
8123,8121,14045,14046
8124,8121,14046,14087,193
8123,8124,14046,14061
8125,8126,14047,14098,193
8126,8124,14047,14087,193
8124,8125,14047,14066
8127,8128,14048,14086,193
8128,8125,14048,14094,193
8125,8127,14048,14062
8129,8130,14049,14085,193
8130,8127,14049,14086,193
8127,8129,14049,14050
8131,8129,14050,14084,193
8127,8131,14050,14062
7897,8131,14051,14083,193
8131,7916,14051,14052
8132,7916,14052,14053,193
8131,8132,14052,14071
8132,7915,14053,14068
7912,8014,14054,14055
7912,7879,14055,14056
7912,7877,14056,14063
7874,553,14057,14058
7874,550,14058,14072
546,8120,14059,14060
8123,8120,14060,14089,193
546,8123,14060,14061
546,8124,14061,14065
8125,8131,14062,14067
7915,7877,14063,14064
7915,7875,14064,14068
548,8124,14065,14066
548,8125,14066,14067
548,8131,14067,14070
8132,7875,14068,14069
8132,7874,14069,14071
550,8131,14070,14072
8131,7874,14071,14072
605,601,14073,14074
605,8001,14074,14075
605,8109,14075,14076
605,8037,14076,14077
605,8031,14077,14078
605,7903,14078,14079
605,7902,14079,14096
7901,7899,14080,14081
7901,7895,14081,14082
7901,7896,14082,14092
7896,8131,14083,14084
7896,8129,14084,14085
7896,8130,14085,14092
8130,8128,14086,14093
8126,8121,14087,14088
8126,8122,14088,14099
8122,8120,14089,14090
8122,8119,14090,14095
8119,605,14091,14095
7901,8130,14092,14093
7901,8128,14093,14094
7901,8125,14094,14097
8122,605,14095,14096
8122,7902,14096,14099
7900,8125,14097,14098
7900,8126,14098,14100
8126,7902,14099,14100
596,7870,14101,14102
596,7871,14102,14103
596,7868,14103,14104
596,7869,14104,14106
7869,557,14105,14106
7864,593,14107,-1
7866,7863,14108,-1
8115,7816,14109,14110
8115,7817,14110,14111
8115,7815,14111,14112
7821,7936,14113,14116
7997,7936,14114,-1829
7936,7824,14114,14115
7936,7820,14115,14116
8113,8133,14117,14169
8133,8134,14117,14170
8134,8113,14117,14123
8113,8111,14118,14124
8111,7809,14119,14120
8111,7810,14120,14124
7810,7684,14121,14122
8134,7684,14122,14170
7810,8134,14122,14123
7810,8113,14123,14124
7788,7787,14126,14127
7788,7785,14127,14128
7788,7786,14128,14150
7786,7746,14129,14130
7786,7794,14130,14131
7786,7841,14131,14132
7786,7843,14132,14133
7786,7842,14133,14134
7786,7845,14134,14150
7846,7889,14135,14136
7846,7891,14136,14137
7846,7890,14137,14138
7846,7918,14138,14139
7846,7953,14139,14152
7953,7954,14140,14141
7953,7975,14141,14142
7953,610,14142,14143
7953,607,14143,14144
8135,607,14144,14158,193
7953,8135,14144,14153
608,8135,14145,14158,193
8135,532,14145,14146
8136,532,14146,14157,193
8135,8136,14146,14147
528,8136,14147,14156,193
8135,528,14147,14148
8135,526,14148,14149
8135,7788,14149,14154
7788,7845,14150,14151
7788,7844,14151,14154
7844,7953,14152,14153
7844,8135,14153,14154
532,529,14155,14157
529,8136,14156,14157
7931,7779,14159,14219
7779,7930,14159,14160
7779,7781,14160,14161
7743,7793,14162,14163
7743,7792,14163,14244
8005,8104,14164,-1
8105,8005,14164,14165
8105,8006,14165,14166
8105,8007,14166,14167
8105,8004,14167,14168
8105,8113,14168,14169
8105,8133,14169,14175
8133,7684,14170,14171
8133,7681,14171,14172
8133,7682,14172,14175
7682,7679,14173,14176
7679,8105,14174,14176
8105,7682,14175,14176
501,7642,14177,14178
8137,7642,14178,14187
501,8137,14178,14179
7739,8137,14179,14186
501,7739,14179,14180
7466,7462,14181,14182
7466,7463,14182,14183
7466,507,14183,14184
7466,508,14184,14185
7466,7740,14185,14188
7740,8137,14186,14188
8137,7466,14187,14188
7630,7628,14189,14206
7628,7625,14190,14207
7625,7621,14191,14192
7625,7622,14192,14208
7622,7620,14193,14208
7617,7932,14194,14195
7779,7932,14195,14219,193
7617,7779,14195,14196
7617,7777,14196,14197
7617,7776,14197,14209
7774,7772,14198,14199
7774,7771,14199,14200
7774,7770,14200,14210
7770,7767,14201,14215
7768,7765,14202,14211
8138,7762,14203,15140
7765,8138,14203,14204
8139,8138,14204,15139
7765,8139,14204,14205
8140,8139,14205,15138
7765,8140,14205,14211
7630,8141,14206,15137
8141,7628,14206,14207
8141,7625,14207,14212
7625,7620,14208,14213
7620,7776,14209,14218
7773,7770,14210,14214
7768,8140,14211,14216
8141,8140,14212,15138
8140,7625,14212,14213
8140,7620,14213,14217
7776,7770,14214,14215
7776,7767,14215,14218
7767,8140,14216,14217
7767,7620,14217,14218
7587,7420,14220,14298
7556,7587,14220,14221
7556,7588,14221,14222
7556,7589,14222,14223
7556,7649,14223,14224
8142,7649,14224,14227
7556,8142,14224,14241
7471,7469,14225,14226
8142,7650,14227,14228
8142,7721,14228,14229
8142,7720,14229,14242
7720,7723,14230,14231
7720,7745,14231,14232
7720,7742,14232,14243
437,7743,14233,14244,193
7742,437,14233,14234
7742,728,14234,14235
7742,438,14235,14236
7742,7554,14236,14237
7742,7555,14237,14238
7742,7551,14238,14239
7742,7552,14239,14243
7552,7556,14240,14241
7552,8142,14241,14242
7552,7720,14242,14243
437,7792,14244,14245
437,7752,14245,14246
437,441,14246,14248
441,436,14247,14248
7479,7443,14249,14250
7479,7444,14250,14251
7473,7520,14252,14253
7473,7475,14253,14254
7125,7477,14256,14272
7477,7479,14257,14258
7477,7528,14258,14259
7477,7527,14259,14260
7477,7526,14260,14261
7477,7525,14261,14262
7477,7524,14262,14263
7477,7523,14263,14273
7643,7558,14264,14285
7558,7644,14264,14265
7558,7633,14265,14266
7558,7132,14266,14267
7558,7130,14267,14268
7558,7128,14268,14269
7558,7129,14269,14276
7129,7127,14270,14276
7127,7125,14271,14272
7127,7477,14272,14273
7127,7523,14273,14274
7557,7523,14274,14277
7127,7557,14274,14275
7127,7558,14275,14276
7559,7523,14277,14278
7559,7522,14278,14281
7522,7470,14279,14281
7470,7559,14280,14281
7442,7444,14282,14283
7466,7558,14285,14288
7558,7467,14286,14287
7558,7465,14287,14288
710,7424,14289,14290
710,486,14290,14291
707,7417,14292,14293
704,7513,14294,14295
8143,7513,14295,-10791
704,8143,14295,14296
7586,8143,14296,-10790
704,7586,14296,14297
704,7587,14297,14300
7587,7421,14298,14299
7587,7419,14299,14300
8144,7292,14301,14512
641,8144,14301,14302
8145,8144,14302,14512
641,8145,14302,14303
8146,8145,14303,14511
641,8146,14303,14304
8147,8146,14304,14511
641,8147,14304,14356
8148,8149,14305,14509
8149,8147,14305,14510
8147,8148,14305,14306
8150,8148,14306,14508
8147,8150,14306,14372
8151,8152,14307,14506
8152,8153,14307,14507
8153,8151,14307,14308
8154,8151,14308,14379,193
8153,8154,14308,14309
8155,8154,14309,14379,193
8153,8155,14309,14310
8156,8155,14310,14469
8153,8156,14310,14357
8157,8158,14311,14468
8158,8156,14311,14469
8156,8157,14311,14358
7328,8159,14312,14467
8159,8157,14312,14468
8157,7328,14312,14313
8157,7327,14313,14314
8157,7564,14314,14315
8157,7565,14315,14359
7565,7568,14316,14360
7568,7535,14317,14318
7568,7537,14318,14319
7568,7536,14319,14320
7568,7538,14320,14361
7539,7542,14321,14363
7542,7543,14322,14323
7542,7545,14323,14324
7542,7544,14324,14363
7544,7547,14325,14326
8160,7547,14326,15159
7544,8160,14326,14327
8161,8160,14327,15159
7544,8161,14327,14328
8162,8161,14328,15158
7544,8162,14328,14329
8163,8162,14329,15158
7544,8163,14329,14330
8164,8163,14330,15157
7544,8164,14330,14364
7699,8165,14331,15155
8165,8164,14331,15156
8164,7699,14331,14332
8164,7696,14332,14333
8164,7697,14333,14334
8164,7782,14334,14335
8164,7784,14335,14336
8164,7783,14336,14337
8164,7839,14337,14338
8164,7840,14338,14339
8164,7837,14339,14340
8164,7838,14340,14341
8164,7836,14341,14342
8164,7834,14342,14343
8164,7835,14343,14365
7833,7831,14344,14345
7833,7830,14345,14374
7829,8013,14346,14367
8013,8064,14347,14348
8166,8064,14348,14394,193
8013,8166,14348,14349
8167,8166,14349,14393,193
8013,8167,14349,14350
8168,8167,14350,14392,193
8013,8168,14350,14351
8169,8168,14351,14391,193
8013,8169,14351,14368
644,8170,14352,14389,193
8170,732,14352,14353
8170,731,14353,14354
8170,730,14354,14355
8170,729,14355,14370
729,8147,14356,14371
8153,8150,14357,14507
8150,8156,14357,14358
8150,8157,14358,14359
8150,7565,14359,14360
8150,7568,14360,14361
8150,7538,14361,14362
8150,7539,14362,14373
7539,7544,14363,14364
7539,8164,14364,14365
7539,7835,14365,14366
7539,7833,14366,14373
7830,8013,14367,14368
7830,8169,14368,14369
8170,8169,14369,14390,193
7830,8170,14369,14370
7830,729,14370,14371
7830,8147,14371,14372
7830,8150,14372,14374
8150,7833,14373,14374
7287,7295,14375,14378
7295,7223,14376,14377
8171,7223,14377,14437
7295,8171,14377,14378
7287,8171,14378,14436
8155,8151,14379,14499
7290,7285,14380,14504
7861,8172,14381,-1
8172,8173,14381,14403,193
8173,7861,14381,14382
8173,7862,14382,14383
8173,7388,14383,14384
8173,7389,14384,14385
8173,646,14385,14386
8173,645,14386,14387
8173,643,14387,14388
8173,644,14388,14389
8173,8170,14389,14390
8173,8169,14390,14391
8173,8168,14391,14392
8173,8167,14392,14393
8173,8166,14393,14402
8166,8090,14394,14395
8166,8091,14395,14396
8174,8091,14396,14406,193
8166,8174,14396,14397
8096,8174,14397,14406,193
8166,8096,14397,14398
8166,8097,14398,14399
8166,8092,14399,14400
8166,8093,14400,14402
8173,8094,14401,14403,193
8093,8173,14401,14402
8172,8094,14403,14404
8172,8099,14404,14405
8172,8100,14405,-1
7243,8175,14407,15098
8175,8176,14407,14411,193
8176,7243,14407,14408
8176,7244,14408,14409
8177,7244,14409,15202
8176,8177,14409,14416,193
8175,8178,14410,15066
8178,8179,14410,15067
8179,8175,14410,14411
8179,8176,14411,14412
8180,8176,14412,14416,193
8179,8180,14412,14415,193
8181,8182,14413,14435,193
8182,8183,14413,15205
8183,8181,14413,14430
8184,8185,14414,15204
8185,8181,14414,14435,193
8181,8184,14414,14426
8179,8184,14415,15204
8184,8180,14415,14426
8180,8177,14416,14417
8186,8177,14417,15171
8180,8186,14417,14418
8187,8186,14418,15170
8180,8187,14418,14419
8188,8187,14419,15169
8180,8188,14419,14427
8189,8190,14420,15168
8190,8188,14420,15169
8188,8189,14420,14421
8191,8189,14421,15167
8188,8191,14421,14422
8192,8191,14422,15166
8188,8192,14422,14428
7229,8193,14423,14445
8193,8192,14423,15165
8192,7229,14423,14424
8194,7229,14424,14434,193
8192,8194,14424,14429
8183,8195,14425,15205
8195,8194,14425,14433,193
8194,8183,14425,14429
8181,8180,14426,14427
8181,8188,14427,14428
8181,8192,14428,14430
8192,8183,14429,14430
8196,7230,14431,15027
7229,8196,14431,14434
8195,8197,14432,15026
8197,8196,14432,15027
8196,8195,14432,14433
8196,8194,14433,14434
8185,8182,14435,15024
7287,8198,14436,14501,193
8198,8171,14436,14471
8171,7239,14437,14438
8171,7240,14438,14472
7240,7236,14439,14440
7240,7237,14440,14441
7240,7238,14441,14442
7240,7235,14442,14443
7240,7232,14443,14496
7234,7228,14444,14473
7228,8193,14445,14446
7276,8193,14446,15164
7228,7276,14446,14447
7228,7275,14447,14448
7228,7278,14448,14449
7228,7279,14449,14473
7281,7284,14450,14487
7283,7340,14451,14452
7283,7300,14452,14453
7283,7299,14453,14475
7299,7302,14454,14476
7301,7341,14455,14456
7301,7342,14456,14457
7301,7306,14457,14458
7301,7305,14458,14477
7304,7308,14459,14478
7308,7311,14460,14479
7310,7314,14461,14494
7313,7317,14462,14463
7313,7316,14463,14488
7318,7320,14464,14465
7318,7319,14465,14480
7322,7326,14466,14483
7325,8159,14467,14484
8159,8158,14468,14485
8158,8155,14469,14470
8198,8155,14470,14502,193
8158,8198,14470,14471
8158,8171,14471,14472
8158,7240,14472,14495
7234,7279,14473,14474
7234,7281,14474,14486
7284,7299,14475,14476
7284,7302,14476,14487
7302,7305,14477,14491
7305,7308,14478,14479
7305,7311,14479,14497
7316,7319,14480,14481
7316,7323,14481,14482
7316,7322,14482,14483
7316,7326,14483,14488
7326,8159,14484,14485
7326,8158,14485,14489
7233,7281,14486,14490
7281,7302,14487,14490
7313,7326,14488,14489
7313,8158,14489,14492
7233,7302,14490,14491
7233,7305,14491,14493
7314,8158,14492,14494
7232,7305,14493,14496
7310,8158,14494,14495
7310,7240,14495,14498
7240,7305,14496,14497
7240,7311,14497,14498
8199,8151,14499,14505,193
8155,8199,14499,14503
7285,8199,14500,14504,193
8199,7286,14500,14503
7286,8198,14501,14502
7286,8155,14502,14503
7290,8199,14504,14505
7290,8151,14505,14506
7290,8152,14506,14515
8152,8150,14507,14508
8152,8148,14508,14509
8152,8149,14509,14510
8152,8147,14510,14516
8147,8145,14511,14517
8145,7292,14512,14513
8200,7292,14513,14521,193
8145,8200,14513,14514
8201,8200,14514,14521,193
8145,8201,14514,14517
7290,8201,14515,14520,193
8201,8152,14515,14516
8201,8147,14516,14517
7292,7289,14518,14519
7292,7290,14519,14520
7292,8201,14520,14521
7190,7187,14523,14524
7190,7185,14524,14542
7186,7184,14525,14544
7184,7181,14526,14527
7184,7200,14527,14544
7201,7198,14528,14529
7201,7197,14529,14530
7201,7196,14530,14531
7201,7161,14531,14532
7201,7160,14532,14533
7201,7430,14533,14534
7201,7501,14534,14535
7201,7500,14535,14546
7498,7252,14536,14547
7252,7248,14537,14548
7249,7246,14538,14539
7249,7247,14539,14540
7249,7189,14540,14541
7249,7190,14541,14542
7249,7185,14542,14543
7249,7186,14543,14549
7186,7200,14544,14545
7186,7201,14545,14546
7186,7500,14546,14550
7500,7252,14547,14548
7500,7248,14548,14550
7248,7186,14549,14550
7191,7076,14551,14569
6895,6898,14552,14553
464,462,14554,14555
464,461,14555,14567
458,7397,14556,14557
458,7398,14557,14558
458,7405,14558,14559
458,7125,14559,14560
458,7122,14560,14561
458,7123,14561,14565
7123,7120,14562,14566
463,7052,14563,14577
7120,463,14563,14564
7120,464,14564,14566
461,7123,14565,14567
7123,464,14566,14567
7194,6873,14568,14665
6873,7191,14568,14569
7052,7049,14570,14577
7049,7048,14571,14572
8202,7048,14572,14712
7049,8202,14572,14573
468,8202,14573,14712
7049,468,14573,14574
7049,469,14574,14575
7049,466,14575,14576
7049,463,14576,14577
6951,6996,14578,14626
6975,6979,14579,14580
6975,6977,14580,14581
6975,6978,14581,14582
6975,6851,14582,14678
6974,476,14583,14584
6972,6969,14585,14586
6972,6968,14586,14609
6968,6966,14587,14609
6966,6870,14588,14589
7000,6870,14589,14670
6966,7000,14589,14590
6966,7001,14590,14610
7002,7004,14591,14592
7002,7005,14592,14593
7002,7007,14593,14611
7011,8203,14594,-1830
8203,7008,14594,-1830
7008,7011,14594,14613
7013,8204,14595,-1830
8204,7014,14595,14596
8204,7017,14596,14597
8204,7016,14597,14614
7015,7019,14598,14599
7015,7021,14599,14616
7021,7022,14600,14601
7021,625,14601,14602
7021,623,14602,14603
7021,622,14603,14604
7021,621,14604,14605
7021,619,14605,14617
620,618,14606,14607
620,6971,14607,14608
620,6972,14608,14618
6972,6966,14609,14610
6972,7001,14610,14619
7001,7007,14611,14612
7001,7006,14612,14620
7006,7011,14613,14621
8204,7010,14614,-1830
7010,7016,14614,14615
7010,7015,14615,14616
7010,7021,14616,14617
7010,619,14617,14622
619,6972,14618,14619
619,7001,14619,14620
619,7006,14620,14621
619,7011,14621,14622
720,717,14623,14624
6957,6955,14625,14629
6955,6996,14626,14627
8205,6996,14627,14634,193
6955,8205,14627,14629
6866,8206,14628,14633,193
8206,6867,14628,14630
6957,8205,14629,14631
8206,8205,14630,14634,193
8205,6867,14630,14631
6957,6867,14631,14975
6866,6997,14632,14668
6996,6866,14632,14633
6996,8206,14633,14634
6714,6935,14635,14636
6714,6934,14636,14638
6934,6835,14637,14638
6896,6894,14639,14659
6894,6892,14640,14641
6894,6889,14641,14642
6894,6890,14642,14660
6932,6825,14643,14679
6890,6932,14643,14644
6890,6933,14644,14645
6890,6930,14645,14646
6890,6931,14646,14647
6890,6928,14647,14648
6890,6929,14648,14660
6926,7070,14649,14650
6926,7178,14650,14651
6926,7177,14651,14652
6926,7176,14652,14653
6926,7175,14653,14654
6926,7174,14654,14655
6926,7173,14655,14656
6926,7172,14656,14657
6926,6895,14657,14658
6926,6896,14658,14659
6926,6894,14659,14661
6894,6929,14660,14661
7170,7195,14662,14663
7170,7193,14663,14664
7170,7194,14664,14665
7170,6873,14665,14666
7170,6874,14666,14667
6866,6995,14668,14674
6995,7000,14669,14674
7000,6871,14670,14671
7000,6868,14671,14672
7000,6869,14672,14673
7000,6866,14673,14674
6851,425,14675,14676
6851,435,14676,14677
6851,6976,14677,14678
6697,6679,14680,14718
6679,6696,14680,14701
6696,6753,14681,14682
6696,6820,14682,14702
8207,6821,14683,14760
6820,8207,14683,14684
8208,8207,14684,14710,193
6820,8208,14684,14703
8209,8210,14685,14768
8210,8208,14685,14710,193
8208,8209,14685,14686
8211,8209,14686,14714,193
8208,8211,14686,14704
7048,8212,14687,14713,193
8212,8211,14687,14714,193
8211,7048,14687,14688
8211,7046,14688,14689
8211,7043,14689,14690
8211,7044,14690,14705
7044,7068,14691,14706
7067,6917,14692,14693
7067,6914,14693,14694
7067,6915,14694,14695
7067,6916,14695,14708
6916,6723,14696,14697
6916,6724,14697,14708
6724,6722,14698,14699
6724,6721,14699,14700
6724,6720,14700,14709
6720,6696,14701,14702
6720,6820,14702,14703
6720,8208,14703,14704
6720,8211,14704,14705
6720,7044,14705,14706
6720,7068,14706,14707
6720,7067,14707,14709
7067,6724,14708,14709
8210,8207,14710,14737
467,8209,14711,14753
8209,468,14711,14715
468,7048,14712,14713
468,8212,14713,14715
8212,8209,14714,14715
6585,6698,14716,14717
6585,6697,14717,14722
6697,6683,14718,14719
6697,6682,14719,14720
6697,6680,14720,14721
6697,6586,14721,14722
6664,6578,14723,14739
6578,6665,14723,14724
427,6645,14725,14726
8213,6645,14726,14983
427,8213,14726,14727
426,8213,14727,14982
422,6589,14728,14729
6588,6586,14730,14731
6588,6681,14731,14732
6588,6684,14732,14736
6684,6458,14733,14736
6458,397,14734,14735
6458,6588,14735,14736
8214,8207,14737,14765,193
8210,8214,14737,14754
8215,8216,14738,14764,193
8216,8214,14738,14765,193
8214,8215,14738,14755
6664,8215,14739,14763,193
8215,6578,14739,14740
8215,6577,14740,14741
8215,6576,14741,14742
8215,6575,14742,14755
6521,6549,14743,14773
6575,6521,14743,14744
6575,6519,14744,14745
6575,6520,14745,14746
6575,6543,14746,14747
6575,6644,14747,14748
6575,6836,14748,14749
6575,6838,14749,14750
6575,6859,14750,14751
6575,6860,14751,14756
6860,467,14752,14757
8217,8209,14753,14769,193
467,8217,14753,14757
8210,8218,14754,14768,193
8218,8214,14754,14759
8214,6575,14755,14756
8214,6860,14756,14759
6860,8217,14757,14758
8218,8217,14758,14769,193
6860,8218,14758,14759
8207,6822,14760,14766
6823,6630,14761,14762
6823,6664,14762,14763
6823,8215,14763,14764
6823,8216,14764,14767
8216,8207,14765,14766
8216,6822,14766,14767
8209,8218,14768,14769
6552,6523,14770,14771
6552,6522,14771,14772
6552,6521,14772,14773
6515,6550,14774,14919
6497,6495,14775,14784
6493,6476,14776,14777
6493,6475,14777,14785
6474,6599,14778,14779
6474,6601,14779,14780
6474,6600,14780,14781
6474,6789,14781,14787
6789,6611,14782,14787
6611,6609,14783,14788
6609,6495,14784,14789
6495,6475,14785,14786
6495,6474,14786,14789
6474,6611,14787,14788
6474,6609,14788,14789
6282,6280,14790,14791
6282,6478,14791,14792
8219,8220,14794,-38
8220,8221,14794,-38
8221,8219,14794,14795
8222,8219,14795,-38
8221,8222,14795,14796
8223,8222,14796,-38
8221,8223,14796,14797
8224,8223,14797,-38
8221,8224,14797,14798
6404,8224,14798,-38
8221,6404,14798,14799
8221,414,14799,14800
8221,6406,14800,-38
6372,6370,14801,14804
6370,6411,14802,14805
6411,6375,14803,14805
6375,6370,14804,14805
6410,6226,14807,14816
6280,6410,14807,14808
6256,8225,14809,14825
8225,6117,14809,14826
6117,6256,14809,14810
6117,6259,14810,14811
6117,6368,14811,14814
6118,6373,14812,14831
6368,6118,14812,14813
6368,6245,14813,14814
6226,6232,14815,14816
8226,8227,14817,14924
8227,6162,14817,14925
6162,8226,14817,14818
8228,8226,14818,14923
6162,8228,14818,14819
740,8228,14819,14922
6162,740,14819,14823
740,6165,14820,14821
740,6164,14821,14822
740,6163,14822,14823
6257,8229,14824,14845
8229,5925,14824,14846
5925,6257,14824,14829
6257,8225,14825,14826
6257,6117,14826,14827
6257,6115,14827,14828
6257,6114,14828,14829
6109,6118,14830,14831
6051,8230,14832,-1847
8230,6048,14832,-1847
6048,6051,14832,14833
5925,5922,14834,14847
5922,5920,14835,14848
8231,5884,14836,15228
5920,8231,14836,14837
8232,8231,14837,15230
5920,8232,14837,14848
6186,8233,14838,15226
8233,6185,14838,14850
6185,6189,14839,14840
6185,6191,14840,14851
6191,6193,14841,14842
6191,6274,14842,14843
6191,6273,14843,14852
6273,6257,14844,14845
6273,8229,14845,14846
6273,5925,14846,14847
6273,5922,14847,14852
5922,8232,14848,14849
8233,8232,14849,15227
5922,8233,14849,14850
5922,6185,14850,14851
5922,6191,14851,14852
8234,5017,14853,15396
789,8234,14853,14854
8235,8234,14854,15395
789,8235,14854,14856
912,8236,14855,15393
8236,8235,14855,15394
8235,912,14855,14856
8237,8238,14857,15127,193
8238,8239,14857,15092,193
8239,8237,14857,14858
8240,8237,14858,15091,193
8239,8240,14858,14887
8241,8242,14859,15090,193
8242,8240,14859,15091,193
8240,8241,14859,14860
294,8241,14860,15090,193
8240,294,14860,14861
8240,289,14861,14862
8243,289,14862,15023,193
8240,8243,14862,14888
386,8243,14863,15022,193
8243,384,14863,14864
8243,5898,14864,14889
5897,5893,14865,14891
5894,5900,14866,14867
5894,5899,14867,14892
5899,5892,14868,14893
5892,932,14869,14870
5892,367,14870,14871
8244,367,14871,14898,193
5892,8244,14871,14872
8245,8244,14872,14897,193
5892,8245,14872,14894
8246,8247,14873,-1
8247,8245,14873,14897,193
8245,8246,14873,14874
8248,8246,14874,15134,193
8245,8248,14874,14875
8249,8248,14875,15134,193
8245,8249,14875,14876
8250,8249,14876,15133,193
8245,8250,14876,14877
8251,8250,14877,15133,193
8245,8251,14877,14878
8252,8251,14878,15132,193
8245,8252,14878,14879
8253,8252,14879,15131,193
8245,8253,14879,14880
8254,8253,14880,15131,193
8245,8254,14880,14881
8255,8254,14881,15130,193
8245,8255,14881,14882
8256,8255,14882,15130,193
8245,8256,14882,14883
8257,8256,14883,15129,193
8245,8257,14883,14895
8258,8259,14884,15128,193
8259,8257,14884,15129,193
8257,8258,14884,14896
8260,8261,14885,15178,193
8261,8258,14885,15128,193
8258,8260,14885,14886
8239,8260,14886,15092,193
8258,8239,14886,14887
8258,8240,14887,14888
8258,8243,14888,14889
8258,5898,14889,14890
8258,5897,14890,14891
8258,5893,14891,14896
5893,5899,14892,14893
5893,5892,14893,14894
5893,8245,14894,14895
5893,8257,14895,14896
8247,8244,14897,14898
8247,367,14898,14899
8247,364,14899,-1
5578,8262,14900,14972,29
8262,8263,14900,14964,29
8263,5578,14900,14901
5703,5578,14901,15246
8263,5703,14901,14902
8263,5700,14902,14903
8263,5701,14903,14904
8263,5699,14904,14905
8263,5698,14905,14928
5698,758,14906,14907
5698,759,14907,14929
759,754,14908,14909
759,755,14909,14930
755,753,14910,14911
755,752,14911,14912
755,749,14912,14913
755,750,14913,14931
8264,751,14914,14954,193
750,8264,14914,14915
8265,8264,14915,14953,193
750,8265,14915,14931
8266,8267,14916,14951,193
8267,8268,14916,14952,193
8268,8266,14916,14917
8269,8266,14917,14950,193
8268,8269,14917,14933
6515,8270,14918,14948,193
8270,8269,14918,14949,193
8269,6515,14918,14919
8269,6550,14919,14920
8269,741,14920,14921
8269,740,14921,14922
8269,8228,14922,14923
8269,8226,14923,14924
8269,8227,14924,14925
8269,6162,14925,14926
8271,6162,14926,14965,29
8269,8271,14926,14927
8263,8271,14927,14964,29
8269,8263,14927,14928
8269,5698,14928,14929
8269,759,14929,14930
8269,755,14930,14933
755,8265,14931,14932
8268,8265,14932,14952,193
755,8268,14932,14933
751,810,14934,14935
751,807,14935,14936
751,808,14936,14954
808,805,14937,14955
805,812,14938,14939
805,803,14939,14940
805,801,14940,14941
805,802,14941,14956
800,798,14942,14957
8272,796,14943,14986,193
798,8272,14943,14957
6645,8273,14944,14984,193
8273,8272,14944,14985,193
8272,6645,14944,14945
8272,6545,14945,14946
8272,6542,14946,14958
6542,6513,14947,14959
6514,8270,14948,14949
6514,8269,14949,14950
6514,8266,14950,14951
6514,8267,14951,14960
8267,8265,14952,14953
8267,8264,14953,14961
8264,808,14954,14955
8264,805,14955,14956
8264,802,14956,14962
800,8272,14957,14958
800,6542,14958,14959
800,6513,14959,14963
6513,8267,14960,14961
6513,8264,14961,14962
6513,802,14962,14963
8262,8271,14964,14965
8262,6162,14965,14966
8262,6159,14966,14967
8262,6160,14967,14968
8262,6161,14968,14969
8262,6141,14969,14970
8262,5830,14970,14971
8262,5577,14971,14972
8274,8275,14973,15073,193
8275,845,14973,15041,193
845,8274,14973,14974
8276,8274,14974,15040,193
845,8276,14974,15005
6957,8276,14975,15039,193
8276,6867,14975,14976
8276,6865,14976,14977
8276,6674,14977,14978
8276,6675,14978,14979
8276,6677,14979,15006
6677,6673,14980,15007
6672,426,14981,14982
6672,8213,14982,14983
6672,6645,14983,14984
6672,8273,14984,14985
6672,8272,14985,15009
8272,911,14986,14987
8272,931,14987,15010
931,910,14988,15010
908,907,14989,15012
907,904,14990,14991
907,902,14991,15012
903,900,14992,15013
900,930,14993,14994
900,897,14994,14995
900,898,14995,14996
900,896,14996,14997
900,893,14997,14998
900,894,14998,15014
894,892,14999,15000
894,890,15000,15015
891,888,15001,15016
888,884,15002,15003
888,885,15003,15017
885,845,15004,15005
885,8276,15005,15006
885,6677,15006,15007
885,6673,15007,15008
885,6672,15008,15009
885,8272,15009,15017
8272,910,15010,15011
8272,908,15011,15018
908,902,15012,15019
902,900,15013,15014
902,894,15014,15015
902,890,15015,15020
890,888,15016,15020
888,8272,15017,15018
888,908,15018,15019
888,902,15019,15020
290,386,15021,15022
290,8243,15022,15023
8185,8277,15024,15203,193
8277,8182,15024,15025
8195,8182,15025,15205,193
8277,8195,15025,15026
8277,8197,15026,15068
8197,7230,15027,15028
8197,7227,15028,15029
8197,7220,15029,15030
8197,7219,15030,15031
8197,7204,15031,15069
7203,7038,15032,15033
7203,7040,15033,15034
7203,7039,15034,15035
7203,7042,15035,15070
7042,6999,15036,15071
6999,6953,15037,15038
6999,6956,15038,15071
6956,8276,15039,15040
6956,8274,15040,15072
8275,844,15041,15042
8275,843,15042,15043
8275,842,15043,15074
842,841,15044,15075
841,838,15045,15046
841,835,15046,15047
841,836,15047,15076
836,834,15048,15049
836,832,15049,15050
836,833,15050,15077
833,831,15051,15078
831,829,15052,15079
829,826,15053,15080
826,823,15054,15081
824,821,15055,15083
821,818,15056,15057
821,819,15057,15083
819,815,15058,15059
819,816,15059,15089
816,814,15060,15084
8278,312,15061,15103,193
814,8278,15061,15062
8279,8278,15062,15120,193
814,8279,15062,15063
8280,8279,15063,15102,193
814,8280,15063,15064
8281,8280,15064,15101,193
814,8281,15064,15065
8282,8281,15065,15100,193
814,8282,15065,15084
8175,8282,15066,15099,193
8282,8178,15066,15085
8277,8179,15067,15203,193
8178,8277,15067,15068
8178,8197,15068,15069
8178,7204,15069,15086
7204,7042,15070,15087
7042,6956,15071,15072
7042,8274,15072,15073
7042,8275,15073,15074
7042,842,15074,15075
7042,841,15075,15076
7042,836,15076,15077
7042,833,15077,15078
7042,831,15078,15079
7042,829,15079,15080
7042,826,15080,15081
7042,823,15081,15082
7042,824,15082,15088
824,819,15083,15088
816,8282,15084,15085
816,8178,15085,15086
816,7204,15086,15087
816,7042,15087,15089
7042,819,15088,15089
294,8242,15090,15116
8242,8237,15091,15117
8238,8260,15092,15093
8283,8260,15093,15178,193
8238,8283,15093,15094
8284,8283,15094,15177,193
8238,8284,15094,15118
8285,8286,15095,15176,193
8286,8284,15095,15177,193
8284,8285,15095,15096
8287,8285,15096,15176,193
8284,8287,15096,15097
8288,8287,15097,15175,193
8284,8288,15097,15118
7243,8288,15098,15174,193
8288,8175,15098,15099
8288,8282,15099,15100
8288,8281,15100,15101
8288,8280,15101,15102
8288,8279,15102,15119
8278,313,15103,15104
8278,310,15104,15105
8278,308,15105,15106
8278,309,15106,15107
8278,307,15107,15108
8278,306,15108,15109
8278,303,15109,15110
8278,304,15110,15120
304,302,15111,15112
304,301,15112,15121
301,299,15113,15114
301,297,15114,15122
298,296,15115,15123
293,8242,15116,15117
293,8237,15117,15124
8238,8288,15118,15119
8238,8279,15119,15125
8279,304,15120,15121
8279,301,15121,15122
8279,297,15122,15125
297,296,15123,15126
296,8237,15124,15126
8238,297,15125,15127
297,8237,15126,15127
8261,8259,15128,15179
8259,8256,15129,15180
8256,8254,15130,15181
8254,8252,15131,15132
8254,8251,15132,15182
8251,8249,15133,15183
8249,8246,15134,15135
8289,8246,15135,-1
8249,8289,15135,15136
8290,8289,15136,15207,193
8249,8290,15136,15184
7630,8290,15137,15207,193
8290,8141,15137,15185
8141,8139,15138,15139
8141,8138,15139,15140
8141,7762,15140,15141
8141,7763,15141,15142
8141,7764,15142,15143
8141,7761,15143,15144
8141,7760,15144,15186
7759,7713,15145,15146
7759,7711,15146,15147
7759,7710,15147,15148
7759,7709,15148,15149
7759,7706,15149,15150
7759,7707,15150,15188
7707,7705,15151,15152
7707,7703,15152,15189
7704,7701,15153,15191
7701,7699,15154,15155
7701,8165,15155,15156
7701,8164,15156,15157
7701,8163,15157,15192
8163,8161,15158,15193
8161,7547,15159,15160
8161,7534,15160,15194
7534,7338,15161,15201
7338,7282,15162,15163
7338,7277,15163,15195
7277,8193,15164,15165
7277,8192,15165,15166
7277,8191,15166,15167
7277,8189,15167,15168
7277,8190,15168,15195
8190,8187,15169,15170
8190,8186,15170,15171
8190,8177,15171,15172
8291,8177,15172,15202,193
8190,8291,15172,15196
7244,8291,15173,15202,193
8291,7242,15173,15197
7242,8288,15174,15175
7242,8287,15175,15198
8287,8286,15176,15199
8286,8283,15177,15200
8283,8261,15178,15179
8283,8259,15179,15180
8283,8256,15180,15181
8283,8254,15181,15182
8283,8251,15182,15183
8283,8249,15183,15184
8283,8290,15184,15185
8283,8141,15185,15186
8283,7760,15186,15187
8283,7759,15187,15188
8283,7707,15188,15189
8283,7703,15189,15190
8283,7704,15190,15191
8283,7701,15191,15192
8283,8163,15192,15193
8283,8161,15193,15194
8283,7534,15194,15200
7338,8190,15195,15196
7338,8291,15196,15197
7338,7242,15197,15198
7338,8287,15198,15199
7338,8286,15199,15201
8286,7534,15200,15201
8185,8179,15203,15204
7629,8289,15206,-1
8289,7630,15206,15207
5884,5763,15208,15209
8292,5763,15209,15235
5884,8292,15209,15210
5979,8292,15210,15234
5884,5979,15210,15211
5884,5978,15211,15212
5884,5981,15212,15228
5981,5983,15213,15214
5981,5984,15214,15229
6171,5985,15215,15278
5984,6171,15215,15216
5984,6170,15216,15217
5984,6462,15217,15218
5984,6220,15218,15219
5984,6221,15219,15220
5984,6222,15220,15221
5984,6223,15221,15222
5984,6224,15222,15223
5984,6214,15223,15224
5984,6187,15224,15225
5984,6186,15225,15226
5984,8233,15226,15227
5984,8232,15227,15229
8231,5981,15228,15230
5981,8232,15229,15230
8293,5765,15231,15281
5764,8293,15231,15232
5980,8293,15232,15280
5764,5980,15232,15233
5764,5979,15233,15234
5764,8292,15234,15235
5692,5591,15236,15237
5692,5590,15237,15238
5692,5589,15238,15240
5589,5525,15239,15240
5578,5591,15243,15244
5578,5704,15244,15245
5578,5702,15245,15246
5095,5694,15247,15249
5694,5524,15248,15249
5690,5491,15250,15251
5690,5493,15251,15252
5690,5492,15252,15253
5690,5494,15253,15260
5413,5489,15254,15255
5413,5488,15255,15261
8294,5486,15256,15284,269
5488,8294,15256,15262
8295,8296,15257,15291,269
8296,8294,15257,15284,269
8294,8295,15257,15263
5765,8297,15258,15282,269
8297,8295,15258,15283,269
8295,5765,15258,15259
8295,5690,15259,15260
8295,5494,15260,15263
5494,5488,15261,15262
5494,8294,15262,15263
5487,5484,15264,15286
5484,5482,15265,15266
5484,5481,15266,15267
5484,5656,15267,15268
5484,5655,15268,15269
5484,5652,15269,15287
5653,5651,15270,15271
5653,5650,15271,15272
5653,5649,15272,15273
5653,5648,15273,15274
5653,5647,15274,15289
5647,5645,15275,15290
5645,5643,15276,15277
5645,6171,15277,15278
5645,5985,15278,15279
5645,5980,15279,15280
5645,8293,15280,15281
5645,5765,15281,15282
5645,8297,15282,15283
5645,8295,15283,15290
8296,5486,15284,15285
8296,5487,15285,15286
8296,5484,15286,15287
8296,5652,15287,15288
8296,5653,15288,15289
8296,5647,15289,15291
5647,8295,15290,15291
5630,5478,15292,15293
5354,5349,15294,15295
8298,5236,15297,15323
5377,8298,15297,15298
8299,8298,15298,15327
5377,8299,15298,15322
5349,5357,15299,15300
5349,5355,15300,15301
8300,5355,15301,15339
5349,8300,15301,15302
5214,8300,15302,15338
5349,5214,15302,15303
5196,5266,15305,15307
5195,5052,15306,15369
5266,5195,15306,15307
4373,4371,15308,15324
4371,4551,15309,15310
4371,4552,15310,15311
4918,4552,15311,15796
4371,4918,15311,15312
4371,4917,15312,15313
4371,4916,15313,15325
4916,853,15314,15315
8301,853,15315,15434
4916,8301,15315,15316
8302,8301,15316,15433
4916,8302,15316,15317
8303,8302,15317,15432
4916,8303,15317,15318
8304,8303,15318,15331,193
4916,8304,15318,15319
8305,8304,15319,15331,193
4916,8305,15319,15320
8306,8305,15320,15431
4916,8306,15320,15326
5377,8307,15321,15330,193
8307,8306,15321,15431
8306,5377,15321,15322
8306,8299,15322,15326
8298,5237,15323,15328
5237,4371,15324,15325
5237,4916,15325,15328
4916,8299,15326,15327
4916,8298,15327,15328
5435,8307,15329,15413
8307,5376,15329,15330
8305,8303,15331,15378
4914,4953,15332,15336
4953,4911,15333,15334
4953,4912,15334,15335
4953,5233,15335,15336
5216,5214,15337,15338
5216,8300,15338,15339
5216,5355,15339,15340
5216,5293,15340,15343
5293,5292,15341,15343
5292,5216,15342,15343
5156,5153,15344,15361
5153,5162,15345,15364
5162,5148,15346,15362
5149,5014,15347,15348
5389,5014,15348,15438
5149,5389,15348,15349
5149,5388,15349,15350
5461,5388,15350,15565
5149,5461,15350,15351
5149,5460,15351,15358
5460,5463,15352,15353
5460,5625,15353,15354
5460,5634,15354,15359
5634,5632,15355,15363
5631,5155,15356,15357
5631,5156,15357,15360
5148,5460,15358,15359
5148,5634,15359,15362
5632,5156,15360,15361
5632,5153,15361,15363
5162,5634,15362,15364
5634,5153,15363,15364
4844,8308,15365,15374
8308,8309,15365,15375
8309,4844,15365,15366
8309,4843,15366,15367
8309,5194,15367,15368
8309,5195,15368,15369
8309,5052,15369,15370
8309,5053,15370,15371
8309,5054,15371,15372
8309,5041,15372,15376
4846,4844,15373,15374
4846,8308,15374,15375
4846,8309,15375,15376
4846,5041,15376,15377
4846,4885,15377,15473
8305,8310,15378,15430,193
8310,8303,15378,15379
850,8303,15379,15432,193
8310,850,15379,15380
8310,929,15380,15381
8310,927,15381,15382
8310,928,15382,15383
8310,925,15383,15384
8310,926,15384,15385
8310,922,15385,15386
8310,923,15386,15415
923,919,15387,15388
923,920,15388,15426
920,917,15389,15390
920,918,15390,15416
918,915,15391,15416
915,913,15392,15417
913,8236,15393,15394
913,8235,15394,15395
913,8234,15395,15417
8234,5037,15396,15418
5038,5034,15397,15398
5038,5035,15398,15420
5035,5032,15399,15400
5035,4996,15400,15401
5035,4995,15401,15402
5035,4994,15402,15403
5035,4993,15403,15404
5035,4992,15404,15421
4991,4988,15405,15423
4989,4986,15406,15407
4989,4985,15407,15408
4989,4796,15408,15409
4989,4794,15409,15410
4989,5430,15410,15411
8311,5430,15411,-568
4989,8311,15411,15428
5434,5435,15412,15413
5434,8307,15413,15414
8310,8307,15414,15430,193
5434,8310,15414,15415
5434,923,15415,15425
920,915,15416,15427
915,8234,15417,15418
915,5037,15418,15419
915,5038,15419,15420
915,5035,15420,15421
915,4992,15421,15422
915,4991,15422,15423
915,4988,15423,15424
915,4989,15424,15427
5432,923,15425,15426
5432,920,15426,15429
920,4989,15427,15428
920,8311,15428,15429
5432,8311,15429,-568
8305,8307,15430,15431
850,8302,15432,15433
850,8301,15433,15436
8301,851,15434,15435
8301,849,15435,15436
5390,5136,15437,15569
5136,5389,15437,15438
5136,5014,15438,15439
5136,5013,15439,15440
5136,5012,15440,15442
8312,5011,15441,15571
5012,8312,15441,15442
5136,8312,15442,-567
4912,3654,15444,15453
3654,3661,15445,15446
3654,3652,15446,15447
3654,3650,15447,15448
3654,3651,15448,15453
3648,5221,15449,15450
3648,5219,15450,15451
3648,5220,15451,15452
3648,4912,15452,15454
4912,3651,15453,15454
4913,5232,15455,15456
4913,5231,15456,15457
4913,5229,15457,15458
4913,5230,15458,15472
5230,5226,15459,15460
5230,5227,15460,15461
5230,325,15461,15462
5230,326,15462,15463
5230,323,15463,15464
5230,324,15464,15465
5230,321,15465,15466
5230,322,15466,15467
5230,320,15467,15468
5230,319,15468,15469
5230,318,15469,15470
5230,316,15470,15472
316,4913,15471,15472
4847,4885,15473,15474
4683,4678,15475,15476
4375,4374,15477,15480
4374,4802,15478,15480
4802,4375,15479,15480
4682,4760,15481,15482
8313,4760,15482,15527
4682,8313,15482,15487
4650,8313,15483,15498
8313,4653,15483,15488
4653,4832,15484,15489
4832,4831,15485,15489
4682,4829,15486,15492
4831,4682,15486,15487
4831,8313,15487,15488
4831,4653,15488,15489
4674,4620,15490,15491
4646,8314,15493,15598
8314,4648,15493,15494
8314,4649,15494,15495
8314,4652,15495,15496
8314,4651,15496,15497
8314,4650,15497,15498
8314,8313,15498,15499
8315,8313,15499,15527
8314,8315,15499,15500
4640,8315,15500,15531
8314,4640,15500,15501
8314,4638,15501,15502
8316,4638,15502,15530
8314,8316,15502,15599
8317,4664,15503,15518
4635,8317,15503,15504
8318,8317,15504,15517
4635,8318,15504,15505
4713,8318,15505,15516
4635,4713,15505,15506
4635,4691,15506,15507
4635,4593,15507,15508
4635,4594,15508,15509
4705,4618,15510,15538
4618,4703,15510,15511
4618,4704,15511,15512
4618,4702,15512,15513
4618,4754,15513,15514
4618,4717,15514,15515
4618,4713,15515,15516
4618,8318,15516,15517
4618,8317,15517,15519
8317,4665,15518,15519
4760,8319,15520,15526,269
8319,8320,15520,15528
8320,4760,15520,15521
8320,4681,15521,15522
8320,4680,15522,15523
8320,4526,15523,15524
8320,4540,15524,15525
8320,4636,15525,15528
8315,8319,15526,15531
4760,8315,15526,15527
8319,4636,15528,15529
8319,4641,15529,15532,269
8316,4637,15530,15600
4640,8319,15531,15532
4635,4438,15533,15534
4977,4473,15535,15622
4625,4977,15535,15536
4620,4705,15537,15538
4620,4618,15538,15539
4614,4599,15540,15577
4602,4615,15541,15542
8321,4615,15542,15575
4602,8321,15542,15574
4598,4596,15543,15579
4596,4498,15544,15580
4498,4707,15545,15546
4498,4706,15546,15580
4706,4763,15547,15548
4706,4863,15548,15581
4863,4864,15549,15582
4864,5114,15550,15551
4864,5113,15551,15552
4864,5112,15552,15553
4864,5111,15553,15554
4864,5110,15554,15555
4864,5109,15555,15556
4864,5517,15556,15557
4864,5516,15557,15558
4864,5470,15558,15559
4864,5472,15559,15560
8322,5472,15560,-824
4864,8322,15560,15561
5527,8322,15561,-824
4864,5527,15561,15583
5527,5475,15562,15563
5527,5474,15563,15564
5527,5461,15564,15565
5527,5388,15565,15566
5527,5392,15566,15567
5527,5391,15567,15568
5527,5393,15568,15584
5393,5136,15569,15570
5393,5139,15570,15585
8312,5138,15571,-567
5138,5011,15571,15572
8323,5011,15572,15592,269
5138,8323,15572,15573
4602,8323,15573,15591,269
5138,4602,15573,15574
5138,8321,15574,15575
5138,4615,15575,15576
8324,4615,15576,15588,269
5138,8324,15576,15587
4614,8324,15577,15588,269
8324,4599,15577,15578
8324,4598,15578,15579
8324,4596,15579,15587
4596,4706,15580,15581
4596,4863,15581,15582
4596,4864,15582,15583
4596,5527,15583,15584
4596,5393,15584,15585
4596,5139,15585,15586
4596,5138,15586,15587
5010,4601,15589,15590
5010,4602,15590,15591
5010,8323,15591,15592
8325,4515,15593,15610
4515,4637,15593,15604,269
4637,8325,15593,15601
4521,8325,15594,15610
8325,4558,15594,15602
4535,4405,15595,15646
4558,4535,15595,15596
4558,4536,15596,15597
4558,4662,15597,15602
4647,8314,15598,15599
4647,8316,15599,15600
4647,4637,15600,15601
4647,8325,15601,15603
8325,4662,15602,15603
4519,4544,15606,15608
4342,4544,15607,15659
4544,4520,15607,15608
4515,4521,15609,15610
4468,4464,15611,15634
4465,4462,15612,15613
4465,4460,15613,15628
4461,4459,15614,15631
4457,4566,15615,15616
4457,4983,15616,15617
4457,4984,15617,15618
4457,4997,15618,15619
4457,4982,15619,15629
4982,4979,15620,15632
4980,4977,15621,15622
4980,4473,15622,15623
4980,4474,15623,15624
4980,4507,15624,15625
4980,4470,15625,15633
4471,4467,15626,15627
4471,4468,15627,15630
4464,4460,15628,15637
4459,4982,15629,15631
4470,4468,15630,15633
4461,4982,15631,15632
4461,4979,15632,15635
4980,4468,15633,15634
4980,4464,15634,15636
4460,4979,15635,15637
4979,4464,15636,15637
4634,4586,15638,15639
8326,4586,15639,15663
4634,8326,15639,15640
4323,8326,15640,15667
4634,4323,15640,15641
4405,4406,15642,15646
4406,4250,15643,15644
4406,4385,15644,15645
4406,4535,15645,15646
4375,4799,15647,15648
4375,4572,15648,15649
4375,4575,15649,15650
4375,4576,15650,15651
4375,4399,15651,15652
4375,4231,15652,15655
4231,4365,15653,15654
4231,4366,15654,15655
4372,4788,15656,15657
4291,4342,15658,15659
4291,4544,15659,15660
4291,4543,15660,15661
4291,4541,15661,15670
8326,4325,15662,15667
4338,8326,15662,15663
4338,4586,15663,15664
4338,4585,15664,15665
4338,4623,15665,15666
4337,4623,15666,-1
4323,4325,15667,15668
4256,4290,15669,15675
4290,4541,15670,15671
4290,4542,15671,15675
4542,4522,15672,15673
8327,4522,15673,15689
4542,8327,15673,15674
4256,8327,15674,15688
4542,4256,15674,15675
971,8328,15676,15693
8328,4258,15676,15694
4258,971,15676,15677
4258,970,15677,15678
8329,970,15678,15704
4258,8329,15678,15679
4213,8329,15679,15703
4258,4213,15679,15680
8330,4261,15681,-649
4260,8330,15681,15685
8331,8332,15682,-649
8332,8330,15682,-649
8330,8331,15682,15686
8333,8334,15683,-649
8334,8331,15683,-649
8331,8333,15683,15686
4260,8335,15684,-649
8335,8336,15684,-649
8336,4260,15684,15685
8336,8330,15685,15687
8330,8333,15686,15687
8336,8333,15687,-649
4257,8327,15688,15689
4257,4522,15689,15690
4257,973,15690,15691
4257,972,15691,15692
4257,971,15692,15693
4257,8328,15693,15694
4186,223,15695,15696
3890,185,15698,15699
3890,186,15699,15700
4164,4166,15701,15714
4166,4211,15701,15702
4166,4212,15702,15709
4212,8329,15703,15709
8329,968,15704,15705
8337,968,15705,15715
8329,8337,15705,15706
4167,8337,15706,15718
8329,4167,15706,15707
8338,4167,15707,15710,269
8329,8338,15707,15708
4166,8338,15708,15710,269
8329,4166,15708,15709
4186,4168,15712,15713
4253,4168,15713,15717
8337,969,15715,15716
8337,4253,15716,15717
8337,4168,15717,15718
3890,3891,15719,15720
3736,964,15721,15722
3875,3732,15723,15724
3592,3732,15724,15750
3875,3592,15724,15731
3592,3594,15725,15726
3592,3989,15726,15732
3989,3991,15727,15732
3991,3992,15728,15729
3991,3874,15729,15730
3991,3875,15730,15731
3991,3592,15731,15732
3871,3868,15733,15741
3868,3922,15734,15735
3868,4175,15735,15736
3868,4131,15736,15737
3868,4022,15737,15738
3868,4025,15738,15741
3743,4013,15739,15743
4026,3743,15739,15740
4026,3871,15740,15742
3871,4025,15741,15742
3743,3804,15743,15744
3743,3807,15744,15745
3743,3808,15745,15746
3395,3808,15746,15851
3736,3114,15747,15748
3736,3113,15748,15749
3590,3732,15750,15751
3590,3733,15751,15752
8339,8340,15753,15810
8340,3633,15753,15811
3633,8339,15753,15761
8341,8342,15754,15833
8342,8339,15754,15810
8339,8341,15754,15755
3964,8341,15755,15809
8339,3964,15755,15762
3964,3966,15756,15762
3966,3968,15757,15758
3966,3969,15758,15763
3969,2803,15759,15760
3969,3633,15760,15761
3969,8339,15761,15763
8339,3966,15762,15763
3633,3658,15765,15811
3659,3656,15766,15813
3653,4951,15767,15768
3653,4949,15768,15769
3653,4950,15769,15814
4950,4948,15770,15771
4950,4418,15771,15815
4418,4420,15772,15816
4420,4422,15773,15817
8343,4423,15774,-825
4422,8343,15774,15775
4425,8343,15775,-825
4422,4425,15775,15776
4422,4424,15776,15839
4409,4413,15777,15834
4413,4417,15778,15779
4413,4416,15779,15780
4413,4415,15780,15781
4413,4946,15781,15818
4946,4944,15782,15783
4946,4943,15783,15818
4941,4939,15784,15785
4941,5077,15785,15820
5077,5073,15786,15821
5075,4938,15787,15788
5075,4936,15788,15789
5075,4937,15789,15822
4937,4933,15790,15791
4937,4934,15791,15823
4934,4922,15792,15793
4934,4921,15793,15794
4934,4920,15794,15824
4920,4918,15795,15796
4920,4552,15796,15797
4920,4554,15797,15798
4920,4892,15798,15825
4892,4894,15799,15800
4892,4895,15800,15801
4892,4445,15801,15802
4892,4364,15802,15803
4892,4363,15803,15826
4363,4226,15804,15805
4363,4227,15805,15806
4363,3957,15806,15837
3960,3962,15807,15827
3962,3964,15808,15809
3962,8341,15809,15827
8342,8340,15810,15828
8340,3658,15811,15812
8340,3659,15812,15813
8340,3656,15813,15828
3656,4950,15814,15815
3656,4418,15815,15816
3656,4420,15816,15817
3656,4422,15817,15829
4413,4943,15818,15819
4413,4940,15819,15830
4940,5077,15820,15821
4940,5073,15821,15830
5072,4937,15822,15823
5072,4934,15823,15824
5072,4920,15824,15825
5072,4892,15825,15826
5072,4363,15826,15832
3960,8341,15827,15835
8342,3656,15828,15829
8342,4422,15829,15833
4413,5073,15830,15831
4413,5072,15831,15832
4413,4363,15832,15834
8341,4422,15833,15835
4409,4363,15834,15836
3960,4422,15835,15838
4410,4363,15836,15837
4410,3957,15837,15841
3959,4422,15838,15839
3959,4424,15839,15840
3959,4411,15840,15843
4411,3957,15841,15842
4411,3958,15842,15843
3148,3503,15844,15845
3282,3397,15847,15848
3575,3397,15848,15855
3282,3575,15848,15849
3282,3574,15849,15850
3282,3573,15850,15860
3395,3781,15851,15852
3395,3675,15852,15853
3395,3671,15853,15857
3671,3575,15854,15858
3575,3398,15855,15856
3575,3396,15856,15858
3396,3671,15857,15858
3285,3283,15859,15870
3283,3573,15860,15870
3573,3577,15861,15862
3573,3724,15862,15863
3573,3565,15863,15864
3573,3564,15864,15871
3564,3494,15865,15872
3493,3554,15866,15867
8344,3554,15867,15874
3493,8344,15867,15868
3155,8344,15868,15874
3493,3155,15868,15869
3493,3285,15869,15873
3285,3573,15870,15871
3285,3564,15871,15872
3285,3494,15872,15873
3155,3554,15874,15875
3155,3450,15875,15876
3155,3451,15876,15877
3155,3157,15877,15878
3155,3158,15878,15879
3155,3156,15879,15880
3149,3459,15881,15882
3149,3458,15882,15883
3149,3505,15883,15884
3131,3160,15886,15893
3160,3020,15887,15888
3160,3011,15888,15889
3160,3013,15889,15890
3132,3013,15890,15901
3160,3132,15890,15891
3160,3129,15891,15892
3160,3130,15892,15893
2862,3077,15894,15895
2862,3132,15895,15896
8345,3132,15896,15901,93
2862,8345,15896,15897
8346,8345,15897,15904,93
2862,8346,15897,15898
8347,8346,15898,15954
2862,8347,15898,15899
2895,8347,15899,15953
2862,2895,15899,15900
8345,3013,15901,15902
8345,3012,15902,15903
8345,3010,15903,15904
8346,3010,15904,15948
2764,2975,15905,15918
2975,3051,15906,15919
3051,3126,15907,15924
2966,8348,15908,-2011
8348,3126,15908,-2010
3126,2966,15908,15909
3126,2967,15909,15925
2968,2831,15910,15920
2831,2776,15911,15912
8349,2776,15912,15957
2831,8349,15912,15913
2825,8349,15913,15956
2831,2825,15913,15914
2831,2767,15914,15915
2764,2767,15915,15977
2831,2764,15915,15916
8350,2764,15916,15918,344
2831,8350,15916,15921
8350,8351,15917,15922,344
8351,8352,15917,15926,344
8352,8350,15917,15923
8350,2975,15918,15919
8350,3051,15919,15923
2967,2831,15920,15921
2967,8350,15921,15922
2967,8351,15922,15925
8352,3051,15923,15924
8352,3126,15924,15926
3126,8351,15925,15926
8353,2339,15927,16064
2684,8353,15927,15939
8354,8355,15928,16063
8355,8353,15928,16064
8353,8354,15928,15929
8356,8354,15929,16063
8353,8356,15929,15930
8357,8356,15930,16062
8353,8357,15930,15945
8358,8359,15931,16060
8359,8357,15931,16061
8357,8358,15931,15932
3435,8358,15932,-1
8357,3435,15932,15933
8357,3437,15933,15940
3437,3440,15934,15935
3437,3439,15935,15940
3422,2788,15936,15942
2788,2787,15937,15943
2785,2684,15938,15939
2785,8353,15939,15944
8357,3439,15940,15941
8357,3422,15941,15942
8357,2788,15942,15943
8357,2787,15943,15945
2787,8353,15944,15945
2643,2893,15946,15952
8346,2894,15947,15954,93
2893,8346,15947,15948
2893,3010,15948,15949
2893,2986,15949,15950
2893,2954,15950,15951
2893,2953,15951,15952
2643,2953,15952,15980
2894,8347,15953,15954
2826,2825,15955,15956
2826,8349,15956,15957
2826,2776,15957,15958
2587,8360,15959,15985
8360,2635,15959,15986
2635,2587,15959,15966
2587,2590,15960,15961
2587,2822,15961,15966
2822,2773,15962,15963
2822,2774,15963,15964
2822,2775,15964,15965
2822,2635,15965,15966
2952,2645,15967,15981
2645,2916,15967,15968
2645,2917,15968,15969
2645,2913,15969,15976
2913,2906,15970,15971
2913,2836,15971,15972
2913,2695,15972,15973
2913,2696,15973,15974
2913,2768,15974,15975
2913,2769,15975,15976
2523,2696,15978,15979
2643,2952,15980,15982
2952,2644,15981,15982
2634,2586,15983,15984
2634,2587,15984,15985
2634,8360,15985,15986
2601,2490,15987,15988
2601,2491,15988,15989
2580,2633,15990,16017
2632,2580,15990,15991
2625,8361,15992,16007
8361,2465,15992,16028
2465,2625,15992,15993
2465,2626,15993,15994
2465,2628,15994,15995
2465,2756,15995,15996
2465,2613,15996,15997
2465,2610,15997,16001
8362,2609,15998,16053
2610,8362,15998,15999
2467,8362,15999,16029
2610,2467,15999,16000
2610,2539,16000,16001
2492,2538,16002,16003
2493,2538,16003,16034
2474,8363,16004,16072
8363,2472,16004,16005
8363,2545,16005,16006
8363,2625,16006,16007
8363,8361,16007,16008
8364,8361,16008,16028
8363,8364,16008,16009
2463,8364,16009,16027
8363,2463,16009,16010
8363,2328,16010,16072
2523,2017,16011,16015
2017,2014,16012,16013
2017,2525,16013,16014
2017,2524,16014,16015
2580,2505,16016,16023,344
2506,2580,16016,16017
2506,2633,16017,16018
2506,2553,16018,16019
2506,2425,16019,16020
2578,2418,16021,16055
2505,2578,16021,16022
2505,2579,16022,16023
2437,2494,16024,16031
2465,2463,16026,16027
2465,8364,16027,16028
2417,8362,16029,16052
2434,2437,16030,16031
2434,2494,16031,16032
2538,2494,16032,16034,46
2434,2538,16032,16033
2434,2537,16033,16078
2429,2383,16035,16056
2422,2429,16035,16036
2422,2428,16036,16039
2428,2485,16037,16038
8365,2485,16038,16044
2428,8365,16038,16039
2422,8365,16039,16044
2386,2388,16040,16041
2423,2359,16042,16043
2422,2485,16044,16045
2422,2479,16045,16049
2479,2372,16046,16050
2169,2373,16047,16131
2372,2169,16047,16048
2372,2421,16048,16050
2421,2479,16049,16050
2418,2417,16051,16052
2418,8362,16052,16053
2418,2609,16053,16054
2418,2581,16054,16055
2430,2383,16056,16057
2430,2384,16057,16058
8358,2340,16060,-1
2340,8359,16060,16061
2340,8357,16061,16062
2340,8356,16062,16068
8356,8355,16063,16069
8355,2339,16064,16065
8355,2342,16065,16066
8355,2343,16066,16067
8355,2341,16067,16069
2341,8356,16068,16069
2328,2326,16070,16071
2328,2474,16071,16072
2297,1973,16073,16074
2297,2323,16074,16075
2297,2324,16075,16076
2297,2434,16076,16077
2301,2434,16077,16080,46
2297,2301,16077,16100
2434,2302,16078,16079
2434,2300,16079,16080
2309,2104,16081,16082
2405,2104,16082,16173
2309,2405,16082,16083
2309,2404,16083,16084
2309,2459,16084,16085
2309,2460,16085,16086
2309,2338,16086,16087
2309,2336,16087,16088
8366,2336,16088,16205
2309,8366,16088,16089
2120,8366,16089,16165
2206,2059,16090,16099,46
2059,8367,16090,16233
8367,2206,16090,16091
8368,2206,16091,16123
8367,8368,16091,16097
2559,8368,16092,16123
8368,2558,16092,16093
8368,2562,16093,16094
8369,2562,16094,16137
8368,8369,16094,16095
2158,8369,16095,16136
8368,2158,16095,16096
8368,2060,16096,16097
8367,2060,16097,16233
2059,1933,16098,16099
8370,8371,16101,16188
8371,2222,16101,16189
2222,8370,16101,16107
2728,8370,16102,16187
8370,2709,16102,16103
8370,2708,16103,16104
8372,2708,16104,16121
8370,8372,16104,16108
2205,8372,16105,16128
8372,2224,16105,16106
8372,2223,16106,16108
2223,8370,16107,16108
8373,2213,16109,16118
2219,8373,16109,16110
8374,8373,16110,16213
2219,8374,16110,16112
2076,8375,16111,16212
8375,2218,16111,16113
2218,8374,16112,16113
8375,8374,16113,16228
8376,8377,16114,16134
8377,2170,16114,16135
2170,8376,16114,16120
2364,8376,16115,16133
8376,2363,16115,16116
8376,2376,16116,16117
8373,2376,16117,16213
8376,8373,16117,16118
8376,2213,16118,16119
8376,2214,16119,16120
8372,2567,16121,16122
8372,2560,16122,16128
2559,2206,16123,16124
2559,2207,16124,16125
2559,2203,16125,16126
2559,2204,16126,16127
2559,2205,16127,16129
2205,2560,16128,16129
2170,2168,16130,16135
2168,2373,16131,16132
2168,2364,16132,16133
2168,8376,16133,16134
2168,8377,16134,16135
2159,8369,16136,16150
8369,2561,16137,16138
8369,2864,16138,16139
8369,2865,16139,16153
2865,2998,16140,16151
2998,2819,16141,16142
2998,2444,16142,16143
2998,2446,16143,16144
2998,2447,16144,16151
2447,2449,16145,16154
2449,2439,16146,16152
2439,2319,16147,16148
2109,2319,16148,16169
2439,2109,16148,16149
2439,2159,16149,16150
2439,8369,16150,16152
2865,2447,16151,16153
2449,8369,16152,16154
8369,2447,16153,16154
1836,2155,16155,16278
2155,1833,16155,16156
2155,1834,16156,16157
2155,1831,16157,16158
2155,1832,16158,16163
1832,1829,16159,16164
1829,2156,16160,16161
1829,2153,16161,16162
1829,2154,16162,16164
2154,1832,16163,16164
2078,8366,16165,16204
2105,2102,16166,16174
2102,2108,16167,16168
2102,2109,16168,16169
2102,2319,16169,16170
2102,2318,16170,16171
2102,2406,16171,16172
2102,2405,16172,16174
2405,2105,16173,16174
2100,2099,16175,16197
2099,2096,16176,16198
2096,2116,16177,16198
2116,2114,16178,16179
2116,2816,16179,16180
2116,2815,16180,16181
2116,2722,16181,16182
2116,2724,16182,16183
8378,2724,16183,-1930
2116,8378,16183,16184
2727,8378,16184,-1930
2116,2727,16184,16185
2116,2726,16185,16186
2116,2729,16186,16199
2729,8370,16187,16188
2729,8371,16188,16189
2729,2222,16189,16190
8379,2222,16190,16202,46
2729,8379,16190,16191
1903,8379,16191,16202,46
2729,1903,16191,16192
8380,1903,16192,16249
2729,8380,16192,16193
8381,8380,16193,16248
2729,8381,16193,16194
8382,8381,16194,16247
2729,8382,16194,16200
1900,8383,16195,16251
8383,8382,16195,16247
8382,1900,16195,16196
8382,2100,16196,16197
8382,2099,16197,16200
2099,2116,16198,16199
2099,2729,16199,16200
2222,1903,16201,16202
2081,2077,16203,16211
2077,8366,16204,16205
2077,2336,16205,16206
2077,2278,16206,16207
2077,2124,16207,16208
2077,1960,16208,16209
2077,1959,16209,16210
2077,1958,16210,16211
1239,8375,16212,16227
8374,2376,16213,16214
8374,2375,16214,16215
8374,2392,16215,16229
8384,2391,16216,-724
2392,8384,16216,16230
2513,8384,16217,-724
8384,2516,16217,16231
2516,2519,16218,16219
2516,2518,16219,16220
2516,2554,16220,16221
2516,2009,16221,16222
2516,2010,16222,16223
2516,2008,16223,16224
2516,2007,16224,16225
2516,2006,16225,16231
2006,1239,16226,16227
2006,8375,16227,16228
2006,8374,16228,16229
2006,2392,16229,16230
2006,8384,16230,16231
2060,2059,16232,16233
1976,1974,16237,16238
1976,2298,16238,16239
1976,2160,16239,16240
1957,1735,16241,16242
1957,1926,16242,16243
8383,8381,16247,16248
8383,8380,16248,16252
8380,1902,16249,16250
8380,1901,16250,16252
1901,8383,16251,16252
1621,1780,16255,16256
1621,1779,16256,16257
1732,1736,16258,16259
1732,1877,16259,16260
1732,1878,16260,16261
1732,1800,16261,16262
8385,1800,16262,-554
1732,8385,16262,16263
1505,8385,16263,16319
1622,1655,16265,16266
1164,1655,16266,16379
1498,1604,16267,16268
1608,8386,16269,16312
8386,8387,16269,16313
8387,1608,16269,16270
8387,1611,16270,16271
8387,1610,16271,16272
8387,1708,16272,16286
1708,1738,16273,16274
1708,1839,16274,16275
1708,1837,16275,16276
1708,1838,16276,16287
1838,1836,16277,16278
1838,2155,16278,16279
8388,2155,16279,16293,46
1838,8388,16279,16280
8389,8388,16280,16292,46
1838,8389,16280,16288
8390,8391,16281,16304,46
8391,8389,16281,16292,46
8389,8390,16281,16282
8392,8390,16282,16291,46
8389,8392,16282,16288
8393,8394,16283,16290,46
8394,8392,16283,16291,46
8392,8393,16283,16289
1508,8393,16284,16290,46
8393,1507,16284,16285
8387,1507,16285,16313
8393,8387,16285,16286
8393,1708,16286,16287
8393,1838,16287,16289
1838,8392,16288,16289
1508,8394,16290,16302
8394,8390,16291,16303
8391,8388,16292,16305
8388,2157,16293,16294
8388,1112,16294,16295
8388,1109,16295,16296
8388,1110,16296,16297
1650,1110,16297,-650
8388,1650,16297,16298
8388,1510,16298,16299
8388,1471,16299,16305
1384,1472,16300,16337
1471,1384,16300,16301
1471,1508,16301,16302
1471,8394,16302,16303
1471,8390,16303,16304
1471,8391,16304,16305
1390,1394,16306,16316,46
1394,1395,16306,16336
1395,1390,16306,16307
8395,1390,16307,16339
1395,8395,16307,16308
1607,8395,16308,16324
1395,1607,16308,16309
1395,1606,16309,16310
1395,1605,16310,16311
1395,1609,16311,16315
1609,8386,16312,16315
8386,1507,16313,16314
8386,1395,16314,16315
1391,1506,16317,16318
1391,1505,16318,16319
1391,8385,16319,16320
1791,8385,16320,-554
1391,1791,16320,16321
1391,1613,16321,16322
1391,1616,16322,16323
1391,1607,16323,16324
1391,8395,16324,16339
1001,1659,16326,16332
1659,1432,16327,16328
1659,1428,16328,16329
1659,1429,16329,16332
1429,1003,16330,16331
1429,1001,16331,16332
1437,1435,16333,16334
1395,1393,16335,16336
1322,1472,16337,16338
1322,1319,16340,16341
1322,1094,16341,16346
1094,1316,16342,16343
1094,1318,16343,16344
1094,1387,16344,16346
1387,1322,16345,16346
8396,8397,16347,16372
8397,1315,16347,16375
1315,8396,16347,16350
1173,8398,16348,16370
8398,8396,16348,16371
8396,1173,16348,16349
8396,1313,16349,16350
1192,1183,16352,16353
1206,1183,16353,16358
1192,1206,16353,16354
1192,1205,16354,16355
1192,1204,16355,16356
1192,1203,16356,16357
1190,1203,16357,-1
1571,1167,16359,16383
1167,1315,16359,16378,46
1315,1571,16359,16360
1315,1572,16360,16361
1315,1486,16361,16362
1315,1487,16362,16373
8,8399,16363,-647
8399,1487,16363,-8839
1487,8,16363,16364
1487,1368,16364,16365
1487,1369,16365,16373
1369,1174,16366,16367
1369,1175,16367,16368
1369,1176,16368,16374
1172,1176,16369,-1
1176,1173,16369,16370
1176,8398,16370,16371
1176,8396,16371,16372
1176,8397,16372,16374
1315,1369,16373,16375
1369,8397,16374,16375
1314,1156,16376,16377
1314,1167,16377,16378
1166,1655,16379,16380
1166,1651,16380,16381
1166,1570,16381,16382
1166,1571,16382,16383
1090,1088,16385,-1
1088,1091,16385,16386
1089,1100,16387,-1
1097,1094,16388,16389
1006,1004,16390,16398
1004,1444,16391,16398
1443,1020,16392,16393
1443,1022,16393,16400
1021,1011,16394,16395
1008,1011,16395,-1
1021,1008,16395,16396
1021,1005,16396,16397
1021,1006,16397,16401
1006,1444,16398,16399
1006,1443,16399,16400
1006,1022,16400,16401